ISO-10303-21;
HEADER;
FILE_DESCRIPTION (( 'STEP AP203' ),
    '1' );
FILE_NAME ('08_peremychka.step',
    '2026-10-01T20:17:32',
    ( '' ),
    ( '' ),
    'SwSTEP 2.0',
    'SolidWorks 2026',
    '' );
FILE_SCHEMA (( 'CONFIG_CONTROL_DESIGN' ));
ENDSEC;

DATA;
#1 = CARTESIAN_POINT ( 'NONE',  ( 32.50000000000000000, 12.00000000000000000, 5.000000000000000000 ) ) ;
#2 = ADVANCED_FACE ( 'NONE', ( #173, #509 ), #1189, .T. ) ;
#3 = ORIENTED_EDGE ( 'NONE', *, *, #1037, .F. ) ;
#4 = CARTESIAN_POINT ( 'NONE',  ( 23.00000000000000000, 5.849999999999999645, 5.000000000000000000 ) ) ;
#5 = LINE ( 'NONE', #1352, #774 ) ;
#6 = EDGE_LOOP ( 'NONE', ( #329, #724, #786, #572, #866, #131, #517, #776, #441, #681, #563, #1315, #166, #839, #707, #1142, #1219, #1190, #125, #694, #551, #503, #197, #1138, #1454, #1127, #799, #1045, #436, #1006, #401, #191, #600, #1294, #1444, #1416 ) ) ;
#7 = DIRECTION ( 'NONE',  ( -1.000000000000000000, 0.000000000000000000, 0.000000000000000000 ) ) ;
#8 = EDGE_LOOP ( 'NONE', ( #1130, #995, #1123, #1034 ) ) ;
#9 = DIRECTION ( 'NONE',  ( 1.000000000000000000, -0.000000000000000000, -0.000000000000000000 ) ) ;
#10 = ADVANCED_FACE ( 'NONE', ( #1435 ), #406, .F. ) ;
#11 = CARTESIAN_POINT ( 'NONE',  ( 23.00000000000000000, 10.40000000000000036, 5.000000000000000000 ) ) ;
#12 = VECTOR ( 'NONE', #863, 1000.000000000000000 ) ;
#13 = CARTESIAN_POINT ( 'NONE',  ( -27.89999999999999858, 4.599999999999999645, 5.000000000000000000 ) ) ;
#14 = EDGE_LOOP ( 'NONE', ( #623, #1197, #1060, #1176 ) ) ;
#15 = VECTOR ( 'NONE', #1245, 1000.000000000000000 ) ;
#16 = DIRECTION ( 'NONE',  ( -1.000000000000000000, 0.000000000000000000, 0.000000000000000000 ) ) ;
#17 = ORIENTED_EDGE ( 'NONE', *, *, #64, .F. ) ;
#18 = CARTESIAN_POINT ( 'NONE',  ( -35.00000000000000000, 2.000000000000000000, 0.000000000000000000 ) ) ;
#19 = DIRECTION ( 'NONE',  ( -0.000000000000000000, 1.000000000000000000, -0.000000000000000000 ) ) ;
#20 = PERSON_AND_ORGANIZATION_ROLE ( 'creator' ) ;
#21 = EDGE_CURVE ( 'NONE', #335, #855, #420, .T. ) ;
#22 = VECTOR ( 'NONE', #993, 1000.000000000000000 ) ;
#23 = ORIENTED_EDGE ( 'NONE', *, *, #1277, .T. ) ;
#24 = EDGE_CURVE ( 'NONE', #57, #954, #537, .T. ) ;
#25 = CARTESIAN_POINT ( 'NONE',  ( 27.50000000000000000, 5.849999999999999645, 5.000000000000000000 ) ) ;
#26 = ORIENTED_EDGE ( 'NONE', *, *, #1322, .T. ) ;
#27 = CARTESIAN_POINT ( 'NONE',  ( 27.50000000000000000, 21.00000000000000000, 5.000000000000000000 ) ) ;
#28 = DIRECTION ( 'NONE',  ( 1.000000000000000000, 0.000000000000000000, 0.000000000000000000 ) ) ;
#29 = PERSON_AND_ORGANIZATION ( #60, #1465 ) ;
#30 = ORIENTED_EDGE ( 'NONE', *, *, #682, .T. ) ;
#31 = EDGE_CURVE ( 'NONE', #1104, #467, #560, .T. ) ;
#32 = DIRECTION ( 'NONE',  ( 1.000000000000000000, 0.000000000000000000, 0.000000000000000000 ) ) ;
#33 = ORIENTED_EDGE ( 'NONE', *, *, #978, .F. ) ;
#34 = DIRECTION ( 'NONE',  ( -1.000000000000000000, -0.000000000000000000, -0.000000000000000000 ) ) ;
#35 = CARTESIAN_POINT ( 'NONE',  ( -35.00000000000000000, 21.00000000000000000, 5.000000000000000000 ) ) ;
#36 = ORIENTED_EDGE ( 'NONE', *, *, #1386, .T. ) ;
#37 = LINE ( 'NONE', #733, #1078 ) ;
#38 = EDGE_CURVE ( 'NONE', #1427, #303, #72, .T. ) ;
#39 = CARTESIAN_POINT ( 'NONE',  ( -40.00000000000000000, 12.00000000000000000, 5.000000000000000000 ) ) ;
#40 = AXIS2_PLACEMENT_3D ( 'NONE', #945, #1044, #351 ) ;
#41 = DIRECTION ( 'NONE',  ( 0.000000000000000000, 1.000000000000000000, -0.000000000000000000 ) ) ;
#42 = DATE_TIME_ROLE ( 'classification_date' ) ;
#43 = EDGE_LOOP ( 'NONE', ( #1401, #924, #1467, #752 ) ) ;
#44 = VECTOR ( 'NONE', #294, 1000.000000000000000 ) ;
#45 = LINE ( 'NONE', #1395, #1337 ) ;
#46 = CARTESIAN_POINT ( 'NONE',  ( -17.75000000000000000, 20.00000000000000000, 5.000000000000000000 ) ) ;
#47 = APPROVAL ( #1039, 'UNSPECIFIED' ) ;
#48 = VECTOR ( 'NONE', #1110, 1000.000000000000000 ) ;
#49 = DIRECTION ( 'NONE',  ( 0.000000000000000000, 1.000000000000000000, -0.000000000000000000 ) ) ;
#50 = ORIENTED_EDGE ( 'NONE', *, *, #31, .T. ) ;
#51 = CARTESIAN_POINT ( 'NONE',  ( -27.89999999999999858, 9.150000000000000355, 5.000000000000000000 ) ) ;
#52 = CARTESIAN_POINT ( 'NONE',  ( -35.00000000000000000, 12.00000000000000000, 5.000000000000000000 ) ) ;
#53 = VERTEX_POINT ( 'NONE', #974 ) ;
#54 = CARTESIAN_POINT ( 'NONE',  ( 17.50000000000000000, 9.150000000000000355, 5.000000000000000000 ) ) ;
#55 = EDGE_CURVE ( 'NONE', #244, #90, #413, .T. ) ;
#56 = VERTEX_POINT ( 'NONE', #878 ) ;
#57 = VERTEX_POINT ( 'NONE', #990 ) ;
#58 = CARTESIAN_POINT ( 'NONE',  ( 27.50000000000000000, 5.849999999999999645, 5.000000000000000000 ) ) ;
#59 = VECTOR ( 'NONE', #1166, 1000.000000000000000 ) ;
#60 = PERSON ( 'UNSPECIFIED', 'UNSPECIFIED', 'UNSPECIFIED', ('UNSPECIFIED'), ('UNSPECIFIED'), ('UNSPECIFIED') ) ;
#61 = CARTESIAN_POINT ( 'NONE',  ( -40.00000000000000000, 21.00000000000000000, 5.000000000000000000 ) ) ;
#62 = DIRECTION ( 'NONE',  ( 0.000000000000000000, -1.000000000000000000, 0.000000000000000000 ) ) ;
#63 = CARTESIAN_POINT ( 'NONE',  ( -35.00000000000000000, 12.00000000000000000, 0.000000000000000000 ) ) ;
#64 = EDGE_CURVE ( 'NONE', #1152, #772, #870, .T. ) ;
#65 = VERTEX_POINT ( 'NONE', #78 ) ;
#66 = CARTESIAN_POINT ( 'NONE',  ( 20.39999999999999858, 9.150000000000000355, 0.000000000000000000 ) ) ;
#67 = LOCAL_TIME ( 23, 17, 32.00000000000000000, #821 ) ;
#68 = CARTESIAN_POINT ( 'NONE',  ( -35.00000000000000000, 12.00000000000000000, 0.000000000000000000 ) ) ;
#69 = EDGE_LOOP ( 'NONE', ( #1383, #1210, #936, #26 ) ) ;
#70 = CARTESIAN_POINT ( 'NONE',  ( 27.50000000000000000, 21.00000000000000000, 5.000000000000000000 ) ) ;
#71 = CIRCLE ( 'NONE', #142, 5.000000000000000888 ) ;
#72 = LINE ( 'NONE', #1293, #132 ) ;
#73 = EDGE_LOOP ( 'NONE', ( #474, #861, #636, #324 ) ) ;
#74 = DIRECTION ( 'NONE',  ( -0.000000000000000000, -0.000000000000000000, -1.000000000000000000 ) ) ;
#75 = EDGE_CURVE ( 'NONE', #1102, #188, #1323, .T. ) ;
#76 = LINE ( 'NONE', #528, #22 ) ;
#77 = CARTESIAN_POINT ( 'NONE',  ( -25.00000000000000000, 9.150000000000000355, 0.000000000000000000 ) ) ;
#78 = CARTESIAN_POINT ( 'NONE',  ( 17.50000000000000000, 5.849999999999999645, 5.000000000000000000 ) ) ;
#79 = ORIENTED_EDGE ( 'NONE', *, *, #1239, .T. ) ;
#80 =( NAMED_UNIT ( * ) PLANE_ANGLE_UNIT ( ) SI_UNIT ( $, .RADIAN. ) );
#81 = CARTESIAN_POINT ( 'NONE',  ( -35.00000000000000000, 2.000000000000000000, 5.000000000000000000 ) ) ;
#82 = EDGE_CURVE ( 'NONE', #56, #1335, #196, .T. ) ;
#83 = ORIENTED_EDGE ( 'NONE', *, *, #1441, .T. ) ;
#84 = CARTESIAN_POINT ( 'NONE',  ( 27.50000000000000000, 24.00000000000000000, 5.000000000000000000 ) ) ;
#85 = ORIENTED_EDGE ( 'NONE', *, *, #1390, .T. ) ;
#86 = VERTEX_POINT ( 'NONE', #1113 ) ;
#87 = LINE ( 'NONE', #124, #556 ) ;
#88 = LINE ( 'NONE', #567, #754 ) ;
#89 = CIRCLE ( 'NONE', #275, 5.000000000000000888 ) ;
#90 = VERTEX_POINT ( 'NONE', #100 ) ;
#91 = CC_DESIGN_PERSON_AND_ORGANIZATION_ASSIGNMENT ( #1148, #360, ( #566 ) ) ;
#92 = PLANE ( 'NONE',  #833 ) ;
#93 = ADVANCED_FACE ( 'NONE', ( #224 ), #435, .F. ) ;
#94 = LINE ( 'NONE', #343, #959 ) ;
#95 = EDGE_LOOP ( 'NONE', ( #229, #883, #411, #158, #421 ) ) ;
#96 = CARTESIAN_POINT ( 'NONE',  ( 23.00000000000000000, 10.40000000000000036, 0.000000000000000000 ) ) ;
#97 = CARTESIAN_POINT ( 'NONE',  ( 23.00000000000000000, 5.849999999999999645, 0.000000000000000000 ) ) ;
#98 = ORIENTED_EDGE ( 'NONE', *, *, #1305, .T. ) ;
#99 = FACE_OUTER_BOUND ( 'NONE', #73, .T. ) ;
#100 = CARTESIAN_POINT ( 'NONE',  ( 20.39999999999999858, 5.849999999999999645, 0.000000000000000000 ) ) ;
#101 = ADVANCED_FACE ( 'NONE', ( #1457 ), #1442, .F. ) ;
#102 = ORIENTED_EDGE ( 'NONE', *, *, #109, .F. ) ;
#103 = CARTESIAN_POINT ( 'NONE',  ( -22.75000000000000000, 15.00000000000000000, 0.000000000000000000 ) ) ;
#104 = ORIENTED_EDGE ( 'NONE', *, *, #800, .F. ) ;
#105 = CARTESIAN_POINT ( 'NONE',  ( 10.25000000000000000, 10.00000000000000000, 5.000000000000000000 ) ) ;
#106 = AXIS2_PLACEMENT_3D ( 'NONE', #228, #356, #1378 ) ;
#107 = CARTESIAN_POINT ( 'NONE',  ( -35.00000000000000000, 9.150000000000000355, 5.000000000000000000 ) ) ;
#108 = VERTEX_POINT ( 'NONE', #1346 ) ;
#109 = EDGE_CURVE ( 'NONE', #353, #1355, #452, .T. ) ;
#110 = VECTOR ( 'NONE', #130, 1000.000000000000000 ) ;
#111 = LINE ( 'NONE', #1318, #662 ) ;
#112 = VERTEX_POINT ( 'NONE', #1125 ) ;
#113 = LINE ( 'NONE', #649, #734 ) ;
#114 = AXIS2_PLACEMENT_3D ( 'NONE', #302, #881, #1461 ) ;
#115 = DIRECTION ( 'NONE',  ( 0.000000000000000000, 0.000000000000000000, -1.000000000000000000 ) ) ;
#116 = EDGE_LOOP ( 'NONE', ( #1420, #1042, #291, #1134 ) ) ;
#117 = VECTOR ( 'NONE', #380, 1000.000000000000000 ) ;
#118 = EDGE_CURVE ( 'NONE', #962, #112, #778, .T. ) ;
#119 = DIRECTION ( 'NONE',  ( 0.000000000000000000, 0.000000000000000000, 1.000000000000000000 ) ) ;
#120 = EDGE_CURVE ( 'NONE', #1152, #575, #1119, .T. ) ;
#121 = EDGE_LOOP ( 'NONE', ( #897, #50, #430, #921, #1145 ) ) ;
#122 = CARTESIAN_POINT ( 'NONE',  ( -27.89999999999999858, 9.150000000000000355, 5.000000000000000000 ) ) ;
#123 = DIRECTION ( 'NONE',  ( -0.000000000000000000, -0.000000000000000000, -1.000000000000000000 ) ) ;
#124 = CARTESIAN_POINT ( 'NONE',  ( -35.00000000000000000, 9.150000000000000355, 5.000000000000000000 ) ) ;
#125 = ORIENTED_EDGE ( 'NONE', *, *, #1351, .F. ) ;
#126 = CARTESIAN_POINT ( 'NONE',  ( -35.00000000000000000, 12.00000000000000000, 5.000000000000000000 ) ) ;
#127 = ORIENTED_EDGE ( 'NONE', *, *, #625, .F. ) ;
#128 = DIRECTION ( 'NONE',  ( 0.000000000000000000, 0.000000000000000000, 1.000000000000000000 ) ) ;
#129 = EDGE_CURVE ( 'NONE', #1462, #1272, #94, .T. ) ;
#130 = DIRECTION ( 'NONE',  ( -0.000000000000000000, -0.000000000000000000, -1.000000000000000000 ) ) ;
#131 = ORIENTED_EDGE ( 'NONE', *, *, #1333, .F. ) ;
#132 = VECTOR ( 'NONE', #763, 1000.000000000000000 ) ;
#133 = VECTOR ( 'NONE', #1057, 1000.000000000000000 ) ;
#134 = DIRECTION ( 'NONE',  ( 0.000000000000000000, 0.000000000000000000, -1.000000000000000000 ) ) ;
#135 = ORIENTED_EDGE ( 'NONE', *, *, #655, .T. ) ;
#136 = DIRECTION ( 'NONE',  ( -0.000000000000000000, -0.000000000000000000, -1.000000000000000000 ) ) ;
#137 = EDGE_CURVE ( 'NONE', #86, #244, #1132, .T. ) ;
#138 = CARTESIAN_POINT ( 'NONE',  ( -35.00000000000000000, 5.849999999999999645, 5.000000000000000000 ) ) ;
#139 = APPROVAL_DATE_TIME ( #152, #665 ) ;
#140 = ORIENTED_EDGE ( 'NONE', *, *, #475, .T. ) ;
#141 = CARTESIAN_POINT ( 'NONE',  ( 17.50000000000000000, 5.849999999999999645, 5.000000000000000000 ) ) ;
#142 = AXIS2_PLACEMENT_3D ( 'NONE', #730, #165, #1097 ) ;
#143 = VERTEX_POINT ( 'NONE', #428 ) ;
#144 = CARTESIAN_POINT ( 'NONE',  ( 27.50000000000000000, 21.00000000000000000, 0.000000000000000000 ) ) ;
#145 = DIRECTION ( 'NONE',  ( -0.000000000000000000, -0.000000000000000000, -1.000000000000000000 ) ) ;
#146 = SHAPE_DEFINITION_REPRESENTATION ( #305, #1051 ) ;
#147 = ORIENTED_EDGE ( 'NONE', *, *, #475, .F. ) ;
#148 = EDGE_CURVE ( 'NONE', #90, #242, #1226, .T. ) ;
#149 = PLANE ( 'NONE',  #842 ) ;
#150 = FACE_OUTER_BOUND ( 'NONE', #892, .T. ) ;
#151 = DIRECTION ( 'NONE',  ( 0.000000000000000000, -0.000000000000000000, -1.000000000000000000 ) ) ;
#152 = DATE_AND_TIME ( #375, #900 ) ;
#153 = ORIENTED_EDGE ( 'NONE', *, *, #263, .T. ) ;
#154 = DIRECTION ( 'NONE',  ( -0.000000000000000000, -0.000000000000000000, -1.000000000000000000 ) ) ;
#155 = CARTESIAN_POINT ( 'NONE',  ( 23.00000000000000000, 5.849999999999999645, 0.000000000000000000 ) ) ;
#156 = CARTESIAN_POINT ( 'NONE',  ( -30.50000000000000000, 4.599999999999999645, 5.000000000000000000 ) ) ;
#157 = APPROVAL_STATUS ( 'not_yet_approved' ) ;
#158 = ORIENTED_EDGE ( 'NONE', *, *, #429, .F. ) ;
#159 = VECTOR ( 'NONE', #654, 1000.000000000000000 ) ;
#160 = DIRECTION ( 'NONE',  ( -0.000000000000000000, 1.000000000000000000, -0.000000000000000000 ) ) ;
#161 = PRODUCT ( '08_peremychka', '08_peremychka', '', ( #952 ) ) ;
#162 = DIRECTION ( 'NONE',  ( -0.000000000000000000, -1.000000000000000000, -0.000000000000000000 ) ) ;
#163 = ADVANCED_FACE ( 'NONE', ( #997 ), #1449, .F. ) ;
#164 = AXIS2_PLACEMENT_3D ( 'NONE', #818, #1363, #128 ) ;
#165 = DIRECTION ( 'NONE',  ( 0.000000000000000000, 0.000000000000000000, 1.000000000000000000 ) ) ;
#166 = ORIENTED_EDGE ( 'NONE', *, *, #546, .F. ) ;
#167 = ORIENTED_EDGE ( 'NONE', *, *, #617, .F. ) ;
#168 = CARTESIAN_POINT ( 'NONE',  ( 27.50000000000000000, 9.150000000000000355, 5.000000000000000000 ) ) ;
#169 = DIRECTION ( 'NONE',  ( 1.000000000000000000, -0.000000000000000000, -0.000000000000000000 ) ) ;
#170 = EDGE_LOOP ( 'NONE', ( #691, #404, #652, #1283 ) ) ;
#171 = EDGE_CURVE ( 'NONE', #1248, #1393, #323, .T. ) ;
#172 = FACE_OUTER_BOUND ( 'NONE', #657, .T. ) ;
#173 = FACE_OUTER_BOUND ( 'NONE', #6, .T. ) ;
#174 = ORIENTED_EDGE ( 'NONE', *, *, #449, .F. ) ;
#175 = DIRECTION ( 'NONE',  ( 1.000000000000000000, -0.000000000000000000, -0.000000000000000000 ) ) ;
#176 = VECTOR ( 'NONE', #154, 1000.000000000000000 ) ;
#177 = LINE ( 'NONE', #972, #447 ) ;
#178 = VECTOR ( 'NONE', #967, 1000.000000000000000 ) ;
#179 = LINE ( 'NONE', #523, #968 ) ;
#180 = VECTOR ( 'NONE', #1262, 1000.000000000000000 ) ;
#181 = EDGE_CURVE ( 'NONE', #1272, #1227, #5, .T. ) ;
#182 = ORIENTED_EDGE ( 'NONE', *, *, #1212, .T. ) ;
#183 = ADVANCED_FACE ( 'NONE', ( #673 ), #459, .F. ) ;
#184 = ORIENTED_EDGE ( 'NONE', *, *, #1386, .F. ) ;
#185 = DIRECTION ( 'NONE',  ( 0.000000000000000000, -0.000000000000000000, -1.000000000000000000 ) ) ;
#186 = CC_DESIGN_APPROVAL ( #665, ( #566 ) ) ;
#187 = DIRECTION ( 'NONE',  ( -0.000000000000000000, -0.000000000000000000, -1.000000000000000000 ) ) ;
#188 = VERTEX_POINT ( 'NONE', #570 ) ;
#189 = DIRECTION ( 'NONE',  ( 0.000000000000000000, -1.000000000000000000, 0.000000000000000000 ) ) ;
#190 = DIRECTION ( 'NONE',  ( -0.000000000000000000, 1.000000000000000000, -0.000000000000000000 ) ) ;
#191 = ORIENTED_EDGE ( 'NONE', *, *, #601, .F. ) ;
#192 = EDGE_CURVE ( 'NONE', #1272, #761, #562, .T. ) ;
#193 = CARTESIAN_POINT ( 'NONE',  ( 20.39999999999999858, 10.40000000000000036, 0.000000000000000000 ) ) ;
#194 = ORIENTED_EDGE ( 'NONE', *, *, #1399, .F. ) ;
#195 = CARTESIAN_POINT ( 'NONE',  ( 23.00000000000000000, 10.40000000000000036, 5.000000000000000000 ) ) ;
#196 = LINE ( 'NONE', #553, #1008 ) ;
#197 = ORIENTED_EDGE ( 'NONE', *, *, #790, .F. ) ;
#198 = CARTESIAN_POINT ( 'NONE',  ( 10.25000000000000000, 20.00000000000000000, 5.000000000000000000 ) ) ;
#199 = ADVANCED_FACE ( 'NONE', ( #791 ), #1238, .F. ) ;
#200 = VECTOR ( 'NONE', #1086, 1000.000000000000000 ) ;
#201 = CARTESIAN_POINT ( 'NONE',  ( -30.50000000000000000, 10.40000000000000036, 5.000000000000000000 ) ) ;
#202 = EDGE_CURVE ( 'NONE', #315, #454, #1358, .T. ) ;
#203 = ORIENTED_EDGE ( 'NONE', *, *, #583, .F. ) ;
#204 = CARTESIAN_POINT ( 'NONE',  ( -27.89999999999999858, 5.849999999999999645, 5.000000000000000000 ) ) ;
#205 = DIRECTION ( 'NONE',  ( -1.000000000000000000, 0.000000000000000000, 0.000000000000000000 ) ) ;
#206 = ORIENTED_EDGE ( 'NONE', *, *, #743, .T. ) ;
#207 = CARTESIAN_POINT ( 'NONE',  ( -27.89999999999999858, 10.40000000000000036, 5.000000000000000000 ) ) ;
#208 = AXIS2_PLACEMENT_3D ( 'NONE', #604, #1275, #492 ) ;
#209 = ORIENTED_EDGE ( 'NONE', *, *, #920, .T. ) ;
#210 = PLANE ( 'NONE',  #1251 ) ;
#211 = ADVANCED_FACE ( 'NONE', ( #688 ), #938, .F. ) ;
#212 = CARTESIAN_POINT ( 'NONE',  ( 20.39999999999999858, 4.599999999999999645, 0.000000000000000000 ) ) ;
#213 = ORIENTED_EDGE ( 'NONE', *, *, #1268, .T. ) ;
#214 = CARTESIAN_POINT ( 'NONE',  ( 27.50000000000000000, 2.000000000000000000, 5.000000000000000000 ) ) ;
#215 = EDGE_LOOP ( 'NONE', ( #675, #740, #3, #531 ) ) ;
#216 = LINE ( 'NONE', #796, #260 ) ;
#217 = EDGE_CURVE ( 'NONE', #1362, #705, #1278, .T. ) ;
#218 = DIRECTION ( 'NONE',  ( -0.000000000000000000, -0.000000000000000000, -1.000000000000000000 ) ) ;
#219 = EDGE_CURVE ( 'NONE', #1074, #1462, #1050, .T. ) ;
#220 = EDGE_LOOP ( 'NONE', ( #469, #960, #1451, #792 ) ) ;
#221 = CARTESIAN_POINT ( 'NONE',  ( 27.50000000000000000, 24.00000000000000000, 0.000000000000000000 ) ) ;
#222 = VERTEX_POINT ( 'NONE', #710 ) ;
#223 = LINE ( 'NONE', #889, #48 ) ;
#224 = FACE_OUTER_BOUND ( 'NONE', #14, .T. ) ;
#225 = ADVANCED_FACE ( 'NONE', ( #590 ), #1364, .F. ) ;
#226 = ORIENTED_EDGE ( 'NONE', *, *, #344, .F. ) ;
#227 = EDGE_CURVE ( 'NONE', #1182, #514, #805, .T. ) ;
#228 = CARTESIAN_POINT ( 'NONE',  ( -25.00000000000000000, 9.150000000000000355, 5.000000000000000000 ) ) ;
#229 = ORIENTED_EDGE ( 'NONE', *, *, #1053, .F. ) ;
#230 = LINE ( 'NONE', #485, #806 ) ;
#231 = VECTOR ( 'NONE', #775, 1000.000000000000000 ) ;
#232 = DIRECTION ( 'NONE',  ( 1.000000000000000000, 0.000000000000000000, 0.000000000000000000 ) ) ;
#233 = LINE ( 'NONE', #198, #1384 ) ;
#234 = ORIENTED_EDGE ( 'NONE', *, *, #743, .F. ) ;
#235 = AXIS2_PLACEMENT_3D ( 'NONE', #295, #1080, #1299 ) ;
#236 = EDGE_CURVE ( 'NONE', #975, #1026, #598, .T. ) ;
#237 = CARTESIAN_POINT ( 'NONE',  ( -30.50000000000000000, 10.40000000000000036, 0.000000000000000000 ) ) ;
#238 = VERTEX_POINT ( 'NONE', #820 ) ;
#239 = DIRECTION ( 'NONE',  ( -1.000000000000000000, 0.000000000000000000, 0.000000000000000000 ) ) ;
#240 = CARTESIAN_POINT ( 'NONE',  ( 20.39999999999999858, 5.849999999999999645, 5.000000000000000000 ) ) ;
#241 = DATE_AND_TIME ( #1169, #376 ) ;
#242 = VERTEX_POINT ( 'NONE', #1147 ) ;
#243 = CARTESIAN_POINT ( 'NONE',  ( 23.00000000000000000, 9.150000000000000355, 5.000000000000000000 ) ) ;
#244 = VERTEX_POINT ( 'NONE', #812 ) ;
#245 = CARTESIAN_POINT ( 'NONE',  ( 23.00000000000000000, 10.40000000000000036, 0.000000000000000000 ) ) ;
#246 = DIRECTION ( 'NONE',  ( -1.000000000000000000, -0.000000000000000000, -0.000000000000000000 ) ) ;
#247 = VECTOR ( 'NONE', #393, 1000.000000000000000 ) ;
#248 = COORDINATED_UNIVERSAL_TIME_OFFSET ( 3, 0, .AHEAD. ) ;
#249 = VERTEX_POINT ( 'NONE', #1381 ) ;
#250 = CARTESIAN_POINT ( 'NONE',  ( 23.00000000000000000, 5.849999999999999645, 5.000000000000000000 ) ) ;
#251 = ORIENTED_EDGE ( 'NONE', *, *, #1178, .T. ) ;
#252 = CARTESIAN_POINT ( 'NONE',  ( -30.50000000000000000, 10.40000000000000036, 5.000000000000000000 ) ) ;
#253 = EDGE_CURVE ( 'NONE', #242, #1355, #382, .T. ) ;
#254 = AXIS2_PLACEMENT_3D ( 'NONE', #663, #1115, #550 ) ;
#255 = CARTESIAN_POINT ( 'NONE',  ( 20.39999999999999858, 9.150000000000000355, 0.000000000000000000 ) ) ;
#256 = PERSON_AND_ORGANIZATION ( #60, #1465 ) ;
#257 = CC_DESIGN_APPROVAL ( #47, ( #1015 ) ) ;
#258 = VERTEX_POINT ( 'NONE', #255 ) ;
#259 = LINE ( 'NONE', #573, #877 ) ;
#260 = VECTOR ( 'NONE', #1231, 1000.000000000000000 ) ;
#261 = DIRECTION ( 'NONE',  ( -0.000000000000000000, 1.000000000000000000, -0.000000000000000000 ) ) ;
#262 = CARTESIAN_POINT ( 'NONE',  ( -30.50000000000000000, 9.150000000000000355, 0.000000000000000000 ) ) ;
#263 = EDGE_CURVE ( 'NONE', #65, #242, #465, .T. ) ;
#264 = ORIENTED_EDGE ( 'NONE', *, *, #1007, .T. ) ;
#265 = LINE ( 'NONE', #1172, #891 ) ;
#266 = LINE ( 'NONE', #61, #44 ) ;
#267 = CARTESIAN_POINT ( 'NONE',  ( 27.50000000000000000, 24.00000000000000000, 5.000000000000000000 ) ) ;
#268 = APPLICATION_PROTOCOL_DEFINITION ( 'international standard', 'config_control_design', 1994, #400 ) ;
#269 = VERTEX_POINT ( 'NONE', #932 ) ;
#270 = EDGE_CURVE ( 'NONE', #1393, #335, #479, .T. ) ;
#271 = DIRECTION ( 'NONE',  ( 1.000000000000000000, 0.000000000000000000, 0.000000000000000000 ) ) ;
#272 = DIRECTION ( 'NONE',  ( -1.000000000000000000, 0.000000000000000000, 0.000000000000000000 ) ) ;
#273 = PLANE ( 'NONE',  #235 ) ;
#274 = EDGE_LOOP ( 'NONE', ( #648, #339, #1263, #530 ) ) ;
#275 = AXIS2_PLACEMENT_3D ( 'NONE', #702, #470, #597 ) ;
#276 = ORIENTED_EDGE ( 'NONE', *, *, #602, .F. ) ;
#277 = PLANE ( 'NONE',  #1431 ) ;
#278 = EDGE_CURVE ( 'NONE', #748, #433, #722, .T. ) ;
#279 = DIRECTION ( 'NONE',  ( -0.000000000000000000, 0.000000000000000000, -1.000000000000000000 ) ) ;
#280 = EDGE_CURVE ( 'NONE', #303, #1252, #366, .T. ) ;
#281 = ORIENTED_EDGE ( 'NONE', *, *, #236, .F. ) ;
#282 = CARTESIAN_POINT ( 'NONE',  ( -40.00000000000000000, 12.00000000000000000, 0.000000000000000000 ) ) ;
#283 = CARTESIAN_POINT ( 'NONE',  ( 27.50000000000000000, 24.00000000000000000, 0.000000000000000000 ) ) ;
#284 = ORIENTED_EDGE ( 'NONE', *, *, #865, .F. ) ;
#285 = DIRECTION ( 'NONE',  ( 1.000000000000000000, -0.000000000000000000, -0.000000000000000000 ) ) ;
#286 = FACE_OUTER_BOUND ( 'NONE', #215, .T. ) ;
#287 = EDGE_CURVE ( 'NONE', #1026, #65, #1270, .T. ) ;
#288 = CARTESIAN_POINT ( 'NONE',  ( -25.00000000000000000, 5.849999999999999645, 5.000000000000000000 ) ) ;
#289 = ADVANCED_FACE ( 'NONE', ( #1162 ), #584, .F. ) ;
#290 = CARTESIAN_POINT ( 'NONE',  ( 10.25000000000000000, 15.00000000000000000, 0.000000000000000000 ) ) ;
#291 = ORIENTED_EDGE ( 'NONE', *, *, #287, .F. ) ;
#292 = CARTESIAN_POINT ( 'NONE',  ( -17.75000000000000000, 10.00000000000000000, 5.000000000000000000 ) ) ;
#293 = AXIS2_PLACEMENT_3D ( 'NONE', #362, #1150, #16 ) ;
#294 = DIRECTION ( 'NONE',  ( -1.000000000000000000, -0.000000000000000000, -0.000000000000000000 ) ) ;
#295 = CARTESIAN_POINT ( 'NONE',  ( 20.39999999999999858, 9.150000000000000355, 5.000000000000000000 ) ) ;
#296 = VECTOR ( 'NONE', #918, 1000.000000000000000 ) ;
#297 = EDGE_CURVE ( 'NONE', #269, #962, #1374, .T. ) ;
#298 = ORIENTED_EDGE ( 'NONE', *, *, #1441, .F. ) ;
#299 = ORIENTED_EDGE ( 'NONE', *, *, #978, .T. ) ;
#300 = LINE ( 'NONE', #1205, #651 ) ;
#301 = VECTOR ( 'NONE', #7, 1000.000000000000000 ) ;
#302 = CARTESIAN_POINT ( 'NONE',  ( 10.25000000000000000, 15.00000000000000000, 5.000000000000000000 ) ) ;
#303 = VERTEX_POINT ( 'NONE', #156 ) ;
#304 = DIRECTION ( 'NONE',  ( -0.000000000000000000, -0.000000000000000000, -1.000000000000000000 ) ) ;
#305 = PRODUCT_DEFINITION_SHAPE ( 'NONE', 'NONE',  #815 ) ;
#306 = AXIS2_PLACEMENT_3D ( 'NONE', #672, #1350, #1003 ) ;
#307 = CARTESIAN_POINT ( 'NONE',  ( 23.00000000000000000, 9.150000000000000355, 5.000000000000000000 ) ) ;
#308 = ADVANCED_FACE ( 'NONE', ( #830 ), #717, .T. ) ;
#309 = EDGE_LOOP ( 'NONE', ( #1024, #345, #281, #30 ) ) ;
#310 = LINE ( 'NONE', #1141, #626 ) ;
#311 = CYLINDRICAL_SURFACE ( 'NONE', #114, 5.000000000000000000 ) ;
#312 = ORIENTED_EDGE ( 'NONE', *, *, #712, .F. ) ;
#313 = CARTESIAN_POINT ( 'NONE',  ( 32.50000000000000000, 21.00000000000000000, 0.000000000000000000 ) ) ;
#314 = DIRECTION ( 'NONE',  ( -0.000000000000000000, -0.000000000000000000, -1.000000000000000000 ) ) ;
#315 = VERTEX_POINT ( 'NONE', #495 ) ;
#316 = LINE ( 'NONE', #1220, #318 ) ;
#317 = ADVANCED_FACE ( 'NONE', ( #836 ), #1029, .F. ) ;
#318 = VECTOR ( 'NONE', #992, 1000.000000000000000 ) ;
#319 = CARTESIAN_POINT ( 'NONE',  ( -27.89999999999999858, 4.599999999999999645, 0.000000000000000000 ) ) ;
#320 = EDGE_LOOP ( 'NONE', ( #368, #558, #1184, #619 ) ) ;
#321 = CARTESIAN_POINT ( 'NONE',  ( -27.89999999999999858, 9.150000000000000355, 5.000000000000000000 ) ) ;
#322 = VECTOR ( 'NONE', #1466, 1000.000000000000000 ) ;
#323 = LINE ( 'NONE', #785, #1218 ) ;
#324 = ORIENTED_EDGE ( 'NONE', *, *, #449, .T. ) ;
#325 = CARTESIAN_POINT ( 'NONE',  ( -30.50000000000000000, 5.849999999999999645, 0.000000000000000000 ) ) ;
#326 = LOCAL_TIME ( 23, 17, 32.00000000000000000, #844 ) ;
#327 = CARTESIAN_POINT ( 'NONE',  ( -30.50000000000000000, 10.40000000000000036, 0.000000000000000000 ) ) ;
#328 = ADVANCED_FACE ( 'NONE', ( #172 ), #1404, .F. ) ;
#329 = ORIENTED_EDGE ( 'NONE', *, *, #1305, .F. ) ;
#330 = DIRECTION ( 'NONE',  ( -1.000000000000000000, -0.000000000000000000, -0.000000000000000000 ) ) ;
#331 = DIRECTION ( 'NONE',  ( 0.000000000000000000, 0.000000000000000000, -1.000000000000000000 ) ) ;
#332 = AXIS2_PLACEMENT_3D ( 'NONE', #898, #442, #996 ) ;
#333 = VERTEX_POINT ( 'NONE', #980 ) ;
#334 = CARTESIAN_POINT ( 'NONE',  ( -25.00000000000000000, 9.150000000000000355, 5.000000000000000000 ) ) ;
#335 = VERTEX_POINT ( 'NONE', #282 ) ;
#336 = PLANE ( 'NONE',  #332 ) ;
#337 = EDGE_CURVE ( 'NONE', #969, #477, #1314, .T. ) ;
#338 = DIRECTION ( 'NONE',  ( 1.000000000000000000, 0.000000000000000000, 0.000000000000000000 ) ) ;
#339 = ORIENTED_EDGE ( 'NONE', *, *, #482, .F. ) ;
#340 = DIRECTION ( 'NONE',  ( 0.000000000000000000, -1.000000000000000000, 0.000000000000000000 ) ) ;
#341 = ORIENTED_EDGE ( 'NONE', *, *, #253, .T. ) ;
#342 = CARTESIAN_POINT ( 'NONE',  ( 20.39999999999999858, 10.40000000000000036, 5.000000000000000000 ) ) ;
#343 = CARTESIAN_POINT ( 'NONE',  ( -35.00000000000000000, 24.00000000000000000, 5.000000000000000000 ) ) ;
#344 = EDGE_CURVE ( 'NONE', #514, #854, #388, .T. ) ;
#345 = ORIENTED_EDGE ( 'NONE', *, *, #1424, .F. ) ;
#346 = LINE ( 'NONE', #1242, #683 ) ;
#347 = EDGE_LOOP ( 'NONE', ( #1326, #979, #33, #1436 ) ) ;
#348 = UNCERTAINTY_MEASURE_WITH_UNIT (LENGTH_MEASURE( 1.000000000000000082E-05 ), #1365, 'distance_accuracy_value', 'NONE');
#349 = LINE ( 'NONE', #18, #1183 ) ;
#350 = AXIS2_PLACEMENT_3D ( 'NONE', #500, #505, #1403 ) ;
#351 = DIRECTION ( 'NONE',  ( 0.000000000000000000, 0.000000000000000000, 1.000000000000000000 ) ) ;
#352 = CARTESIAN_POINT ( 'NONE',  ( 20.39999999999999858, 9.150000000000000355, 5.000000000000000000 ) ) ;
#353 = VERTEX_POINT ( 'NONE', #54 ) ;
#354 = AXIS2_PLACEMENT_3D ( 'NONE', #1410, #189, #419 ) ;
#355 = ADVANCED_FACE ( 'NONE', ( #738 ), #1073, .F. ) ;
#356 = DIRECTION ( 'NONE',  ( 0.000000000000000000, 1.000000000000000000, -0.000000000000000000 ) ) ;
#357 = ORIENTED_EDGE ( 'NONE', *, *, #912, .F. ) ;
#358 = DIRECTION ( 'NONE',  ( -0.000000000000000000, -1.000000000000000000, -0.000000000000000000 ) ) ;
#359 = CARTESIAN_POINT ( 'NONE',  ( 10.25000000000000000, 20.00000000000000000, 5.000000000000000000 ) ) ;
#360 = PERSON_AND_ORGANIZATION_ROLE ( 'design_supplier' ) ;
#361 = ORIENTED_EDGE ( 'NONE', *, *, #971, .F. ) ;
#362 = CARTESIAN_POINT ( 'NONE',  ( -17.75000000000000000, 15.00000000000000000, 5.000000000000000000 ) ) ;
#363 = EDGE_CURVE ( 'NONE', #1353, #879, #853, .T. ) ;
#364 = EDGE_LOOP ( 'NONE', ( #1236, #914, #298, #1002 ) ) ;
#365 = DIRECTION ( 'NONE',  ( 1.000000000000000000, 0.000000000000000000, 0.000000000000000000 ) ) ;
#366 = LINE ( 'NONE', #1174, #110 ) ;
#367 = PERSON_AND_ORGANIZATION_ROLE ( 'classification_officer' ) ;
#368 = ORIENTED_EDGE ( 'NONE', *, *, #1028, .T. ) ;
#369 = VECTOR ( 'NONE', #1391, 1000.000000000000000 ) ;
#370 = CARTESIAN_POINT ( 'NONE',  ( -27.89999999999999858, 9.150000000000000355, 0.000000000000000000 ) ) ;
#371 = FACE_OUTER_BOUND ( 'NONE', #701, .T. ) ;
#372 = ADVANCED_FACE ( 'NONE', ( #1090 ), #273, .F. ) ;
#373 = AXIS2_PLACEMENT_3D ( 'NONE', #677, #887, #1001 ) ;
#374 = CARTESIAN_POINT ( 'NONE',  ( -25.00000000000000000, 9.150000000000000355, 5.000000000000000000 ) ) ;
#375 = CALENDAR_DATE ( 2026, 1, 10 ) ;
#376 = LOCAL_TIME ( 23, 17, 32.00000000000000000, #1163 ) ;
#377 = EDGE_LOOP ( 'NONE', ( #341, #102, #1388, #153 ) ) ;
#378 = CARTESIAN_POINT ( 'NONE',  ( -35.00000000000000000, 9.150000000000000355, 5.000000000000000000 ) ) ;
#379 = VECTOR ( 'NONE', #777, 1000.000000000000000 ) ;
#380 = DIRECTION ( 'NONE',  ( -0.000000000000000000, -0.000000000000000000, -1.000000000000000000 ) ) ;
#381 = ADVANCED_FACE ( 'NONE', ( #1433 ), #1181, .F. ) ;
#382 = LINE ( 'NONE', #1255, #1010 ) ;
#383 = DATE_AND_TIME ( #1375, #827 ) ;
#384 = ADVANCED_FACE ( 'NONE', ( #1201 ), #632, .F. ) ;
#385 = ORIENTED_EDGE ( 'NONE', *, *, #118, .T. ) ;
#386 = LINE ( 'NONE', #168, #1216 ) ;
#387 = DIRECTION ( 'NONE',  ( 1.000000000000000000, -0.000000000000000000, -0.000000000000000000 ) ) ;
#388 = LINE ( 'NONE', #762, #781 ) ;
#389 = APPROVAL_ROLE ( '' ) ;
#390 = ORIENTED_EDGE ( 'NONE', *, *, #765, .T. ) ;
#391 = EDGE_CURVE ( 'NONE', #510, #335, #1425, .T. ) ;
#392 = ORIENTED_EDGE ( 'NONE', *, *, #998, .T. ) ;
#393 = DIRECTION ( 'NONE',  ( -0.000000000000000000, -1.000000000000000000, -0.000000000000000000 ) ) ;
#394 = CARTESIAN_POINT ( 'NONE',  ( 0.000000000000000000, 0.000000000000000000, 5.000000000000000000 ) ) ;
#395 = ORIENTED_EDGE ( 'NONE', *, *, #646, .T. ) ;
#396 = DIRECTION ( 'NONE',  ( 0.000000000000000000, -1.000000000000000000, 0.000000000000000000 ) ) ;
#397 = CC_DESIGN_SECURITY_CLASSIFICATION ( #1015, ( #566 ) ) ;
#398 = EDGE_LOOP ( 'NONE', ( #79, #1439, #1048, #1316 ) ) ;
#399 = VECTOR ( 'NONE', #1077, 1000.000000000000000 ) ;
#400 = APPLICATION_CONTEXT ( 'configuration controlled 3d designs of mechanical parts and assemblies' ) ;
#401 = ORIENTED_EDGE ( 'NONE', *, *, #391, .F. ) ;
#402 = CARTESIAN_POINT ( 'NONE',  ( 20.39999999999999858, 9.150000000000000355, 5.000000000000000000 ) ) ;
#403 = DIRECTION ( 'NONE',  ( -0.000000000000000000, -1.000000000000000000, -0.000000000000000000 ) ) ;
#404 = ORIENTED_EDGE ( 'NONE', *, *, #1390, .F. ) ;
#405 = DIRECTION ( 'NONE',  ( -0.000000000000000000, -1.000000000000000000, -0.000000000000000000 ) ) ;
#406 = PLANE ( 'NONE',  #443 ) ;
#407 = ORIENTED_EDGE ( 'NONE', *, *, #1225, .F. ) ;
#408 = LINE ( 'NONE', #378, #247 ) ;
#409 = CARTESIAN_POINT ( 'NONE',  ( -17.75000000000000000, 20.00000000000000000, 5.000000000000000000 ) ) ;
#410 = EDGE_CURVE ( 'NONE', #586, #1104, #612, .T. ) ;
#411 = ORIENTED_EDGE ( 'NONE', *, *, #1369, .F. ) ;
#412 = CARTESIAN_POINT ( 'NONE',  ( -35.00000000000000000, 24.00000000000000000, 5.000000000000000000 ) ) ;
#413 = LINE ( 'NONE', #1202, #1151 ) ;
#414 = ORIENTED_EDGE ( 'NONE', *, *, #1422, .T. ) ;
#415 = CARTESIAN_POINT ( 'NONE',  ( -40.00000000000000000, 12.00000000000000000, 5.000000000000000000 ) ) ;
#416 = VECTOR ( 'NONE', #160, 1000.000000000000000 ) ;
#417 = CARTESIAN_POINT ( 'NONE',  ( -27.89999999999999858, 10.40000000000000036, 5.000000000000000000 ) ) ;
#418 = ORIENTED_EDGE ( 'NONE', *, *, #501, .T. ) ;
#419 = DIRECTION ( 'NONE',  ( 0.000000000000000000, -0.000000000000000000, -1.000000000000000000 ) ) ;
#420 = LINE ( 'NONE', #63, #1360 ) ;
#421 = ORIENTED_EDGE ( 'NONE', *, *, #719, .F. ) ;
#422 = LINE ( 'NONE', #1428, #1456 ) ;
#423 = AXIS2_PLACEMENT_3D ( 'NONE', #1250, #340, #1143 ) ;
#424 = DIRECTION ( 'NONE',  ( -0.000000000000000000, -0.000000000000000000, -1.000000000000000000 ) ) ;
#425 = ORIENTED_EDGE ( 'NONE', *, *, #736, .F. ) ;
#426 = CARTESIAN_POINT ( 'NONE',  ( 27.50000000000000000, 2.000000000000000000, 5.000000000000000000 ) ) ;
#427 = VECTOR ( 'NONE', #34, 1000.000000000000000 ) ;
#428 = CARTESIAN_POINT ( 'NONE',  ( -35.00000000000000000, 9.150000000000000355, 5.000000000000000000 ) ) ;
#429 = EDGE_CURVE ( 'NONE', #874, #53, #71, .T. ) ;
#430 = ORIENTED_EDGE ( 'NONE', *, *, #1065, .T. ) ;
#431 = CARTESIAN_POINT ( 'NONE',  ( -27.89999999999999858, 9.150000000000000355, 0.000000000000000000 ) ) ;
#432 = CARTESIAN_POINT ( 'NONE',  ( 20.39999999999999858, 5.849999999999999645, 5.000000000000000000 ) ) ;
#433 = VERTEX_POINT ( 'NONE', #77 ) ;
#434 = CARTESIAN_POINT ( 'NONE',  ( -27.89999999999999858, 4.599999999999999645, 5.000000000000000000 ) ) ;
#435 = PLANE ( 'NONE',  #489 ) ;
#436 = ORIENTED_EDGE ( 'NONE', *, *, #829, .F. ) ;
#437 = ADVANCED_FACE ( 'NONE', ( #618 ), #1066, .F. ) ;
#438 = LINE ( 'NONE', #578, #1126 ) ;
#439 = VECTOR ( 'NONE', #285, 1000.000000000000000 ) ;
#440 = CARTESIAN_POINT ( 'NONE',  ( 27.50000000000000000, 5.849999999999999645, 5.000000000000000000 ) ) ;
#441 = ORIENTED_EDGE ( 'NONE', *, *, #253, .F. ) ;
#442 = DIRECTION ( 'NONE',  ( 0.000000000000000000, 1.000000000000000000, -0.000000000000000000 ) ) ;
#443 = AXIS2_PLACEMENT_3D ( 'NONE', #747, #1196, #627 ) ;
#444 = DIRECTION ( 'NONE',  ( -1.000000000000000000, -0.000000000000000000, -0.000000000000000000 ) ) ;
#445 = ORIENTED_EDGE ( 'NONE', *, *, #625, .T. ) ;
#446 = EDGE_CURVE ( 'NONE', #1248, #510, #529, .T. ) ;
#447 = VECTOR ( 'NONE', #1096, 1000.000000000000000 ) ;
#448 = LINE ( 'NONE', #873, #1200 ) ;
#449 = EDGE_CURVE ( 'NONE', #1021, #315, #860, .T. ) ;
#450 = ORIENTED_EDGE ( 'NONE', *, *, #171, .T. ) ;
#451 = LINE ( 'NONE', #434, #640 ) ;
#452 = LINE ( 'NONE', #659, #940 ) ;
#453 = AXIS2_PLACEMENT_3D ( 'NONE', #70, #62, #875 ) ;
#454 = VERTEX_POINT ( 'NONE', #1194 ) ;
#455 = CARTESIAN_POINT ( 'NONE',  ( -35.00000000000000000, 5.849999999999999645, 5.000000000000000000 ) ) ;
#456 = ORIENTED_EDGE ( 'NONE', *, *, #493, .T. ) ;
#457 = CARTESIAN_POINT ( 'NONE',  ( 10.25000000000000000, 20.00000000000000000, 0.000000000000000000 ) ) ;
#458 = EDGE_CURVE ( 'NONE', #188, #269, #179, .T. ) ;
#459 = PLANE ( 'NONE',  #1084 ) ;
#460 = ORIENTED_EDGE ( 'NONE', *, *, #1342, .T. ) ;
#461 = FACE_OUTER_BOUND ( 'NONE', #347, .T. ) ;
#462 = ORIENTED_EDGE ( 'NONE', *, *, #1046, .T. ) ;
#463 = CARTESIAN_POINT ( 'NONE',  ( 20.39999999999999858, 10.40000000000000036, 5.000000000000000000 ) ) ;
#464 = EDGE_CURVE ( 'NONE', #1165, #1152, #1448, .T. ) ;
#465 = LINE ( 'NONE', #1284, #369 ) ;
#466 = DIRECTION ( 'NONE',  ( 0.000000000000000000, 1.000000000000000000, -0.000000000000000000 ) ) ;
#467 = VERTEX_POINT ( 'NONE', #457 ) ;
#468 = LINE ( 'NONE', #934, #301 ) ;
#469 = ORIENTED_EDGE ( 'NONE', *, *, #21, .T. ) ;
#470 = DIRECTION ( 'NONE',  ( 0.000000000000000000, 0.000000000000000000, 1.000000000000000000 ) ) ;
#471 = VECTOR ( 'NONE', #162, 1000.000000000000000 ) ;
#472 = DIRECTION ( 'NONE',  ( 0.000000000000000000, 0.000000000000000000, -1.000000000000000000 ) ) ;
#473 = APPROVAL_DATE_TIME ( #1285, #709 ) ;
#474 = ORIENTED_EDGE ( 'NONE', *, *, #202, .T. ) ;
#475 = EDGE_CURVE ( 'NONE', #1204, #947, #911, .T. ) ;
#476 = LINE ( 'NONE', #1136, #59 ) ;
#477 = VERTEX_POINT ( 'NONE', #1103 ) ;
#478 = DIRECTION ( 'NONE',  ( -1.000000000000000000, 0.000000000000000000, 0.000000000000000000 ) ) ;
#479 = LINE ( 'NONE', #1400, #561 ) ;
#480 = PERSON_AND_ORGANIZATION ( #60, #1465 ) ;
#481 = ORIENTED_EDGE ( 'NONE', *, *, #1413, .T. ) ;
#482 = EDGE_CURVE ( 'NONE', #333, #686, #1022, .T. ) ;
#483 = DIRECTION ( 'NONE',  ( 0.000000000000000000, 1.000000000000000000, -0.000000000000000000 ) ) ;
#484 = ORIENTED_EDGE ( 'NONE', *, *, #1195, .F. ) ;
#485 = CARTESIAN_POINT ( 'NONE',  ( 32.50000000000000000, 12.00000000000000000, 5.000000000000000000 ) ) ;
#486 = CARTESIAN_POINT ( 'NONE',  ( -30.50000000000000000, 9.150000000000000355, 5.000000000000000000 ) ) ;
#487 = VECTOR ( 'NONE', #773, 1000.000000000000000 ) ;
#488 = ORIENTED_EDGE ( 'NONE', *, *, #667, .T. ) ;
#489 = AXIS2_PLACEMENT_3D ( 'NONE', #1004, #668, #547 ) ;
#490 = CARTESIAN_POINT ( 'NONE',  ( -30.50000000000000000, 4.599999999999999645, 0.000000000000000000 ) ) ;
#491 = ADVANCED_FACE ( 'NONE', ( #99 ), #552, .F. ) ;
#492 = DIRECTION ( 'NONE',  ( 1.000000000000000000, 0.000000000000000000, 0.000000000000000000 ) ) ;
#493 = EDGE_CURVE ( 'NONE', #846, #1427, #451, .T. ) ;
#494 = VECTOR ( 'NONE', #403, 1000.000000000000000 ) ;
#495 = CARTESIAN_POINT ( 'NONE',  ( -25.00000000000000000, 5.849999999999999645, 0.000000000000000000 ) ) ;
#496 = PERSON_AND_ORGANIZATION_ROLE ( 'design_owner' ) ;
#497 = EDGE_LOOP ( 'NONE', ( #579, #284, #933, #481 ) ) ;
#498 = DIRECTION ( 'NONE',  ( -1.000000000000000000, 0.000000000000000000, 0.000000000000000000 ) ) ;
#499 = AXIS2_PLACEMENT_3D ( 'NONE', #463, #239, #917 ) ;
#500 = CARTESIAN_POINT ( 'NONE',  ( -40.00000000000000000, 21.00000000000000000, 5.000000000000000000 ) ) ;
#501 = EDGE_CURVE ( 'NONE', #854, #969, #1012, .T. ) ;
#502 = CARTESIAN_POINT ( 'NONE',  ( -40.00000000000000000, 21.00000000000000000, 5.000000000000000000 ) ) ;
#503 = ORIENTED_EDGE ( 'NONE', *, *, #202, .F. ) ;
#504 = DIRECTION ( 'NONE',  ( -0.000000000000000000, -0.000000000000000000, -1.000000000000000000 ) ) ;
#505 = DIRECTION ( 'NONE',  ( 0.000000000000000000, -1.000000000000000000, 0.000000000000000000 ) ) ;
#506 = ORIENTED_EDGE ( 'NONE', *, *, #278, .T. ) ;
#507 = CARTESIAN_POINT ( 'NONE',  ( -35.00000000000000000, 5.849999999999999645, 0.000000000000000000 ) ) ;
#508 = AXIS2_PLACEMENT_3D ( 'NONE', #141, #840, #185 ) ;
#509 = FACE_BOUND ( 'NONE', #121, .T. ) ;
#510 = VERTEX_POINT ( 'NONE', #569 ) ;
#511 = LINE ( 'NONE', #629, #416 ) ;
#512 = AXIS2_PLACEMENT_3D ( 'NONE', #1023, #123, #913 ) ;
#513 = FACE_BOUND ( 'NONE', #95, .T. ) ;
#514 = VERTEX_POINT ( 'NONE', #535 ) ;
#515 = CARTESIAN_POINT ( 'NONE',  ( -35.00000000000000000, 2.000000000000000000, 5.000000000000000000 ) ) ;
#516 = DIRECTION ( 'NONE',  ( 1.000000000000000000, -0.000000000000000000, -0.000000000000000000 ) ) ;
#517 = ORIENTED_EDGE ( 'NONE', *, *, #847, .F. ) ;
#518 = ADVANCED_FACE ( 'NONE', ( #1463 ), #92, .F. ) ;
#519 = LINE ( 'NONE', #970, #12 ) ;
#520 = CARTESIAN_POINT ( 'NONE',  ( 23.00000000000000000, 9.150000000000000355, 0.000000000000000000 ) ) ;
#521 = VECTOR ( 'NONE', #1330, 1000.000000000000000 ) ;
#522 = VERTEX_POINT ( 'NONE', #313 ) ;
#523 = CARTESIAN_POINT ( 'NONE',  ( 27.50000000000000000, 9.150000000000000355, 0.000000000000000000 ) ) ;
#524 = ORIENTED_EDGE ( 'NONE', *, *, #912, .T. ) ;
#525 = VERTEX_POINT ( 'NONE', #906 ) ;
#526 = DIRECTION ( 'NONE',  ( -0.000000000000000000, -0.000000000000000000, -1.000000000000000000 ) ) ;
#527 = ADVANCED_FACE ( 'NONE', ( #544 ), #336, .F. ) ;
#528 = CARTESIAN_POINT ( 'NONE',  ( -25.00000000000000000, 9.150000000000000355, 0.000000000000000000 ) ) ;
#529 = LINE ( 'NONE', #502, #714 ) ;
#530 = ORIENTED_EDGE ( 'NONE', *, *, #564, .T. ) ;
#531 = ORIENTED_EDGE ( 'NONE', *, *, #482, .T. ) ;
#532 = DIRECTION ( 'NONE',  ( -0.000000000000000000, 1.000000000000000000, -0.000000000000000000 ) ) ;
#533 = CARTESIAN_POINT ( 'NONE',  ( 27.50000000000000000, 12.00000000000000000, 0.000000000000000000 ) ) ;
#534 = ORIENTED_EDGE ( 'NONE', *, *, #192, .F. ) ;
#535 = CARTESIAN_POINT ( 'NONE',  ( -35.00000000000000000, 5.849999999999999645, 5.000000000000000000 ) ) ;
#536 = EDGE_CURVE ( 'NONE', #1021, #846, #884, .T. ) ;
#537 = LINE ( 'NONE', #283, #178 ) ;
#538 = APPROVAL_PERSON_ORGANIZATION ( #480, #709, #389 ) ;
#539 = ORIENTED_EDGE ( 'NONE', *, *, #1195, .T. ) ;
#540 = FACE_OUTER_BOUND ( 'NONE', #220, .T. ) ;
#541 = AXIS2_PLACEMENT_3D ( 'NONE', #394, #279, #272 ) ;
#542 = DIRECTION ( 'NONE',  ( -1.000000000000000000, 0.000000000000000000, 0.000000000000000000 ) ) ;
#543 = ORIENTED_EDGE ( 'NONE', *, *, #638, .T. ) ;
#544 = FACE_OUTER_BOUND ( 'NONE', #832, .T. ) ;
#545 = AXIS2_PLACEMENT_3D ( 'NONE', #412, #396, #1208 ) ;
#546 = EDGE_CURVE ( 'NONE', #772, #86, #1215, .T. ) ;
#547 = DIRECTION ( 'NONE',  ( 0.000000000000000000, 0.000000000000000000, 1.000000000000000000 ) ) ;
#548 = EDGE_LOOP ( 'NONE', ( #593, #807, #425, #104 ) ) ;
#549 = CARTESIAN_POINT ( 'NONE',  ( -35.00000000000000000, 12.00000000000000000, 5.000000000000000000 ) ) ;
#550 = DIRECTION ( 'NONE',  ( 1.000000000000000000, 0.000000000000000000, 0.000000000000000000 ) ) ;
#551 = ORIENTED_EDGE ( 'NONE', *, *, #1028, .F. ) ;
#552 = PLANE ( 'NONE',  #306 ) ;
#553 = CARTESIAN_POINT ( 'NONE',  ( -17.75000000000000000, 9.999999999999998224, 5.000000000000000000 ) ) ;
#554 = ORIENTED_EDGE ( 'NONE', *, *, #280, .F. ) ;
#555 = EDGE_CURVE ( 'NONE', #1227, #941, #223, .T. ) ;
#556 = VECTOR ( 'NONE', #645, 1000.000000000000000 ) ;
#557 = LINE ( 'NONE', #1108, #943 ) ;
#558 = ORIENTED_EDGE ( 'NONE', *, *, #1377, .F. ) ;
#559 = DIRECTION ( 'NONE',  ( -1.000000000000000000, 0.000000000000000000, 0.000000000000000000 ) ) ;
#560 = CIRCLE ( 'NONE', #1107, 4.999999999999999112 ) ;
#561 = VECTOR ( 'NONE', #696, 1000.000000000000000 ) ;
#562 = LINE ( 'NONE', #1013, #322 ) ;
#563 = ORIENTED_EDGE ( 'NONE', *, *, #55, .F. ) ;
#564 = EDGE_CURVE ( 'NONE', #782, #928, #1344, .T. ) ;
#565 = VECTOR ( 'NONE', #1328, 1000.000000000000000 ) ;
#566 = PRODUCT_DEFINITION_FORMATION_WITH_SPECIFIED_SOURCE ( 'ANY', '', #161, .NOT_KNOWN. ) ;
#567 = CARTESIAN_POINT ( 'NONE',  ( 17.50000000000000000, 9.150000000000000355, 5.000000000000000000 ) ) ;
#568 = EDGE_LOOP ( 'NONE', ( #1243, #1234, #669, #414 ) ) ;
#569 = CARTESIAN_POINT ( 'NONE',  ( -40.00000000000000000, 21.00000000000000000, 0.000000000000000000 ) ) ;
#570 = CARTESIAN_POINT ( 'NONE',  ( 23.00000000000000000, 9.150000000000000355, 0.000000000000000000 ) ) ;
#571 = VECTOR ( 'NONE', #1455, 1000.000000000000000 ) ;
#572 = ORIENTED_EDGE ( 'NONE', *, *, #458, .F. ) ;
#573 = CARTESIAN_POINT ( 'NONE',  ( 27.50000000000000000, 9.150000000000000355, 5.000000000000000000 ) ) ;
#574 = CC_DESIGN_PERSON_AND_ORGANIZATION_ASSIGNMENT ( #723, #367, ( #1015 ) ) ;
#575 = VERTEX_POINT ( 'NONE', #679 ) ;
#576 = LINE ( 'NONE', #27, #729 ) ;
#577 = DIRECTION ( 'NONE',  ( -1.000000000000000000, -0.000000000000000000, -0.000000000000000000 ) ) ;
#578 = CARTESIAN_POINT ( 'NONE',  ( 32.50000000000000000, 21.00000000000000000, 5.000000000000000000 ) ) ;
#579 = ORIENTED_EDGE ( 'NONE', *, *, #635, .T. ) ;
#580 = CARTESIAN_POINT ( 'NONE',  ( 27.50000000000000000, 2.000000000000000000, 5.000000000000000000 ) ) ;
#581 = VERTEX_POINT ( 'NONE', #1124 ) ;
#582 = CARTESIAN_POINT ( 'NONE',  ( -27.89999999999999858, 4.599999999999999645, 0.000000000000000000 ) ) ;
#583 = EDGE_CURVE ( 'NONE', #991, #1114, #1336, .T. ) ;
#584 = PLANE ( 'NONE',  #1468 ) ;
#585 = DATE_AND_TIME ( #1271, #326 ) ;
#586 = VERTEX_POINT ( 'NONE', #105 ) ;
#587 = FACE_OUTER_BOUND ( 'NONE', #1339, .T. ) ;
#588 = ORIENTED_EDGE ( 'NONE', *, *, #171, .F. ) ;
#589 = CARTESIAN_POINT ( 'NONE',  ( -27.89999999999999858, 10.40000000000000036, 0.000000000000000000 ) ) ;
#590 = FACE_OUTER_BOUND ( 'NONE', #309, .T. ) ;
#591 = PERSON_AND_ORGANIZATION ( #60, #1465 ) ;
#592 = ADVANCED_FACE ( 'NONE', ( #1224 ), #210, .F. ) ;
#593 = ORIENTED_EDGE ( 'NONE', *, *, #429, .T. ) ;
#594 = AXIS2_PLACEMENT_3D ( 'NONE', #359, #1168, #151 ) ;
#595 = FACE_OUTER_BOUND ( 'NONE', #1157, .T. ) ;
#596 = ORIENTED_EDGE ( 'NONE', *, *, #344, .T. ) ;
#597 = DIRECTION ( 'NONE',  ( 1.000000000000000000, 0.000000000000000000, 0.000000000000000000 ) ) ;
#598 = LINE ( 'NONE', #240, #296 ) ;
#599 = APPROVAL_ROLE ( '' ) ;
#600 = ORIENTED_EDGE ( 'NONE', *, *, #555, .F. ) ;
#601 = EDGE_CURVE ( 'NONE', #941, #510, #216, .T. ) ;
#602 = EDGE_CURVE ( 'NONE', #761, #941, #113, .T. ) ;
#603 = DIRECTION ( 'NONE',  ( 0.000000000000000000, 1.000000000000000000, -0.000000000000000000 ) ) ;
#604 = CARTESIAN_POINT ( 'NONE',  ( -17.75000000000000000, 15.00000000000000000, 0.000000000000000000 ) ) ;
#605 = DIRECTION ( 'NONE',  ( 1.000000000000000000, -0.000000000000000000, -0.000000000000000000 ) ) ;
#606 = VECTOR ( 'NONE', #1327, 1000.000000000000000 ) ;
#607 = EDGE_LOOP ( 'NONE', ( #1406, #203, #167, #901 ) ) ;
#608 = CARTESIAN_POINT ( 'NONE',  ( -35.00000000000000000, 24.00000000000000000, 0.000000000000000000 ) ) ;
#609 = ADVANCED_FACE ( 'NONE', ( #371 ), #716, .F. ) ;
#610 = CARTESIAN_POINT ( 'NONE',  ( 23.00000000000000000, 9.150000000000000355, 5.000000000000000000 ) ) ;
#611 = VECTOR ( 'NONE', #1348, 1000.000000000000000 ) ;
#612 = LINE ( 'NONE', #642, #760 ) ;
#613 = ORIENTED_EDGE ( 'NONE', *, *, #1287, .T. ) ;
#614 = LINE ( 'NONE', #1302, #176 ) ;
#615 = VECTOR ( 'NONE', #624, 1000.000000000000000 ) ;
#616 = LINE ( 'NONE', #956, #1273 ) ;
#617 = EDGE_CURVE ( 'NONE', #1052, #991, #708, .T. ) ;
#618 = FACE_OUTER_BOUND ( 'NONE', #1085, .T. ) ;
#619 = ORIENTED_EDGE ( 'NONE', *, *, #819, .T. ) ;
#620 = ORIENTED_EDGE ( 'NONE', *, *, #120, .T. ) ;
#621 = LINE ( 'NONE', #848, #816 ) ;
#622 = CARTESIAN_POINT ( 'NONE',  ( 27.50000000000000000, 21.00000000000000000, 5.000000000000000000 ) ) ;
#623 = ORIENTED_EDGE ( 'NONE', *, *, #458, .T. ) ;
#624 = DIRECTION ( 'NONE',  ( -1.000000000000000000, -0.000000000000000000, -0.000000000000000000 ) ) ;
#625 = EDGE_CURVE ( 'NONE', #1159, #112, #1373, .T. ) ;
#626 = VECTOR ( 'NONE', #526, 1000.000000000000000 ) ;
#627 = DIRECTION ( 'NONE',  ( 0.000000000000000000, -0.000000000000000000, -1.000000000000000000 ) ) ;
#628 = EDGE_LOOP ( 'NONE', ( #1040, #174, #908, #506 ) ) ;
#629 = CARTESIAN_POINT ( 'NONE',  ( 27.50000000000000000, 5.849999999999999645, 0.000000000000000000 ) ) ;
#630 = DIRECTION ( 'NONE',  ( 1.000000000000000000, 0.000000000000000000, 0.000000000000000000 ) ) ;
#631 = ORIENTED_EDGE ( 'NONE', *, *, #64, .T. ) ;
#632 = PLANE ( 'NONE',  #354 ) ;
#633 = VECTOR ( 'NONE', #1290, 1000.000000000000000 ) ;
#634 = DIRECTION ( 'NONE',  ( 0.000000000000000000, 0.000000000000000000, 1.000000000000000000 ) ) ;
#635 = EDGE_CURVE ( 'NONE', #522, #57, #1254, .T. ) ;
#636 = ORIENTED_EDGE ( 'NONE', *, *, #536, .F. ) ;
#637 = LINE ( 'NONE', #798, #771 ) ;
#638 = EDGE_CURVE ( 'NONE', #879, #1093, #349, .T. ) ;
#639 = LINE ( 'NONE', #727, #471 ) ;
#640 = VECTOR ( 'NONE', #1356, 1000.000000000000000 ) ;
#641 = VERTEX_POINT ( 'NONE', #582 ) ;
#642 = CARTESIAN_POINT ( 'NONE',  ( 10.25000000000000000, 10.00000000000000000, 5.000000000000000000 ) ) ;
#643 = CARTESIAN_POINT ( 'NONE',  ( 23.00000000000000000, 5.849999999999999645, 5.000000000000000000 ) ) ;
#644 = ORIENTED_EDGE ( 'NONE', *, *, #446, .T. ) ;
#645 = DIRECTION ( 'NONE',  ( -0.000000000000000000, -0.000000000000000000, -1.000000000000000000 ) ) ;
#646 = EDGE_CURVE ( 'NONE', #947, #249, #1160, .T. ) ;
#647 = LINE ( 'NONE', #319, #1367 ) ;
#648 = ORIENTED_EDGE ( 'NONE', *, *, #1333, .T. ) ;
#649 = CARTESIAN_POINT ( 'NONE',  ( -35.00000000000000000, 21.00000000000000000, 5.000000000000000000 ) ) ;
#650 = ORIENTED_EDGE ( 'NONE', *, *, #847, .T. ) ;
#651 = VECTOR ( 'NONE', #532, 1000.000000000000000 ) ;
#652 = ORIENTED_EDGE ( 'NONE', *, *, #1212, .F. ) ;
#653 = PLANE ( 'NONE',  #746 ) ;
#654 = DIRECTION ( 'NONE',  ( 1.000000000000000000, -0.000000000000000000, -0.000000000000000000 ) ) ;
#655 = EDGE_CURVE ( 'NONE', #1266, #1159, #230, .T. ) ;
#656 = VECTOR ( 'NONE', #1209, 1000.000000000000000 ) ;
#657 = EDGE_LOOP ( 'NONE', ( #264, #905, #1301, #1419 ) ) ;
#658 = DIRECTION ( 'NONE',  ( -1.000000000000000000, 0.000000000000000000, 0.000000000000000000 ) ) ;
#659 = CARTESIAN_POINT ( 'NONE',  ( 17.50000000000000000, 9.150000000000000355, 5.000000000000000000 ) ) ;
#660 = VERTEX_POINT ( 'NONE', #811 ) ;
#661 = CARTESIAN_POINT ( 'NONE',  ( 17.50000000000000000, 9.150000000000000355, 0.000000000000000000 ) ) ;
#662 = VECTOR ( 'NONE', #1221, 1000.000000000000000 ) ;
#663 = CARTESIAN_POINT ( 'NONE',  ( 10.25000000000000000, 15.00000000000000000, 5.000000000000000000 ) ) ;
#664 = ORIENTED_EDGE ( 'NONE', *, *, #410, .T. ) ;
#665 = APPROVAL ( #157, 'UNSPECIFIED' ) ;
#666 = CARTESIAN_POINT ( 'NONE',  ( -30.50000000000000000, 10.40000000000000036, 5.000000000000000000 ) ) ;
#667 = EDGE_CURVE ( 'NONE', #660, #705, #1049, .T. ) ;
#668 = DIRECTION ( 'NONE',  ( 0.000000000000000000, 1.000000000000000000, -0.000000000000000000 ) ) ;
#669 = ORIENTED_EDGE ( 'NONE', *, *, #1053, .T. ) ;
#670 = DIRECTION ( 'NONE',  ( -0.000000000000000000, 1.000000000000000000, -0.000000000000000000 ) ) ;
#671 = ORIENTED_EDGE ( 'NONE', *, *, #1322, .F. ) ;
#672 = CARTESIAN_POINT ( 'NONE',  ( -27.89999999999999858, 5.849999999999999645, 5.000000000000000000 ) ) ;
#673 = FACE_OUTER_BOUND ( 'NONE', #930, .T. ) ;
#674 = ADVANCED_FACE ( 'NONE', ( #1396 ), #1056, .F. ) ;
#675 = ORIENTED_EDGE ( 'NONE', *, *, #876, .T. ) ;
#676 = VECTOR ( 'NONE', #1095, 1000.000000000000000 ) ;
#677 = CARTESIAN_POINT ( 'NONE',  ( -30.50000000000000000, 5.849999999999999645, 5.000000000000000000 ) ) ;
#678 = EDGE_LOOP ( 'NONE', ( #1312, #147, #234, #488 ) ) ;
#679 = CARTESIAN_POINT ( 'NONE',  ( 23.00000000000000000, 4.599999999999999645, 5.000000000000000000 ) ) ;
#680 = DIRECTION ( 'NONE',  ( -0.000000000000000000, -0.000000000000000000, -1.000000000000000000 ) ) ;
#681 = ORIENTED_EDGE ( 'NONE', *, *, #148, .F. ) ;
#682 = EDGE_CURVE ( 'NONE', #975, #244, #828, .T. ) ;
#683 = VECTOR ( 'NONE', #929, 1000.000000000000000 ) ;
#684 = DIRECTION ( 'NONE',  ( 0.000000000000000000, -0.000000000000000000, -1.000000000000000000 ) ) ;
#685 = APPLICATION_CONTEXT ( 'configuration controlled 3d designs of mechanical parts and assemblies' ) ;
#686 = VERTEX_POINT ( 'NONE', #245 ) ;
#687 = DIRECTION ( 'NONE',  ( -0.000000000000000000, -1.000000000000000000, -0.000000000000000000 ) ) ;
#688 = FACE_OUTER_BOUND ( 'NONE', #1089, .T. ) ;
#689 = DIRECTION ( 'NONE',  ( -0.000000000000000000, -0.000000000000000000, -1.000000000000000000 ) ) ;
#690 = VECTOR ( 'NONE', #1440, 1000.000000000000000 ) ;
#691 = ORIENTED_EDGE ( 'NONE', *, *, #297, .T. ) ;
#692 = LINE ( 'NONE', #126, #869 ) ;
#693 = EDGE_CURVE ( 'NONE', #1335, #1104, #931, .T. ) ;
#694 = ORIENTED_EDGE ( 'NONE', *, *, #1279, .F. ) ;
#695 = CARTESIAN_POINT ( 'NONE',  ( 32.50000000000000000, 12.00000000000000000, 5.000000000000000000 ) ) ;
#696 = DIRECTION ( 'NONE',  ( -0.000000000000000000, -0.000000000000000000, -1.000000000000000000 ) ) ;
#697 = PERSON_AND_ORGANIZATION ( #60, #1465 ) ;
#698 = ORIENTED_EDGE ( 'NONE', *, *, #546, .T. ) ;
#699 = FACE_OUTER_BOUND ( 'NONE', #628, .T. ) ;
#700 = AXIS2_PLACEMENT_3D ( 'NONE', #58, #498, #1402 ) ;
#701 = EDGE_LOOP ( 'NONE', ( #650, #851, #732, #460 ) ) ;
#702 = CARTESIAN_POINT ( 'NONE',  ( -17.75000000000000000, 15.00000000000000000, 0.000000000000000000 ) ) ;
#703 = EDGE_CURVE ( 'NONE', #581, #1074, #576, .T. ) ;
#704 = CARTESIAN_POINT ( 'NONE',  ( 27.50000000000000000, 12.00000000000000000, 0.000000000000000000 ) ) ;
#705 = VERTEX_POINT ( 'NONE', #1035 ) ;
#706 = PLANE ( 'NONE',  #508 ) ;
#707 = ORIENTED_EDGE ( 'NONE', *, *, #1268, .F. ) ;
#708 = LINE ( 'NONE', #122, #882 ) ;
#709 = APPROVAL ( #946, 'UNSPECIFIED' ) ;
#710 = CARTESIAN_POINT ( 'NONE',  ( 27.50000000000000000, 5.849999999999999645, 0.000000000000000000 ) ) ;
#711 = APPROVAL_ROLE ( '' ) ;
#712 = EDGE_CURVE ( 'NONE', #999, #1335, #89, .T. ) ;
#713 = ORIENTED_EDGE ( 'NONE', *, *, #464, .F. ) ;
#714 = VECTOR ( 'NONE', #304, 1000.000000000000000 ) ;
#715 = CARTESIAN_POINT ( 'NONE',  ( -27.89999999999999858, 10.40000000000000036, 5.000000000000000000 ) ) ;
#716 = PLANE ( 'NONE',  #499 ) ;
#717 = PLANE ( 'NONE',  #594 ) ;
#718 = ORIENTED_EDGE ( 'NONE', *, *, #227, .T. ) ;
#719 = EDGE_CURVE ( 'NONE', #108, #874, #1153, .T. ) ;
#720 = CARTESIAN_POINT ( 'NONE',  ( -30.50000000000000000, 5.849999999999999645, 5.000000000000000000 ) ) ;
#721 = LINE ( 'NONE', #46, #633 ) ;
#722 = LINE ( 'NONE', #374, #750 ) ;
#723 = PERSON_AND_ORGANIZATION ( #60, #1465 ) ;
#724 = ORIENTED_EDGE ( 'NONE', *, *, #118, .F. ) ;
#725 = ADVANCED_FACE ( 'NONE', ( #1380 ), #1167, .F. ) ;
#726 = CARTESIAN_POINT ( 'NONE',  ( -30.50000000000000000, 5.849999999999999645, 5.000000000000000000 ) ) ;
#727 = CARTESIAN_POINT ( 'NONE',  ( -35.00000000000000000, 9.150000000000000355, 0.000000000000000000 ) ) ;
#728 = APPROVAL_PERSON_ORGANIZATION ( #256, #47, #711 ) ;
#729 = VECTOR ( 'NONE', #1146, 1000.000000000000000 ) ;
#730 = CARTESIAN_POINT ( 'NONE',  ( -17.75000000000000000, 15.00000000000000000, 5.000000000000000000 ) ) ;
#731 = ORIENTED_EDGE ( 'NONE', *, *, #219, .T. ) ;
#732 = ORIENTED_EDGE ( 'NONE', *, *, #1450, .F. ) ;
#733 = CARTESIAN_POINT ( 'NONE',  ( -30.50000000000000000, 4.599999999999999645, 0.000000000000000000 ) ) ;
#734 = VECTOR ( 'NONE', #136, 1000.000000000000000 ) ;
#735 = DIRECTION ( 'NONE',  ( -0.000000000000000000, -0.000000000000000000, -1.000000000000000000 ) ) ;
#736 = EDGE_CURVE ( 'NONE', #525, #999, #1088, .T. ) ;
#737 = ORIENTED_EDGE ( 'NONE', *, *, #192, .T. ) ;
#738 = FACE_OUTER_BOUND ( 'NONE', #320, .T. ) ;
#739 = ORIENTED_EDGE ( 'NONE', *, *, #953, .F. ) ;
#740 = ORIENTED_EDGE ( 'NONE', *, *, #75, .F. ) ;
#741 = CARTESIAN_POINT ( 'NONE',  ( 32.50000000000000000, 21.00000000000000000, 0.000000000000000000 ) ) ;
#742 = LINE ( 'NONE', #977, #494 ) ;
#743 = EDGE_CURVE ( 'NONE', #660, #1204, #944, .T. ) ;
#744 = DIRECTION ( 'NONE',  ( -0.000000000000000000, -0.000000000000000000, -1.000000000000000000 ) ) ;
#745 = ADVANCED_FACE ( 'NONE', ( #150 ), #1244, .F. ) ;
#746 = AXIS2_PLACEMENT_3D ( 'NONE', #549, #466, #919 ) ;
#747 = CARTESIAN_POINT ( 'NONE',  ( 23.00000000000000000, 5.849999999999999645, 5.000000000000000000 ) ) ;
#748 = VERTEX_POINT ( 'NONE', #864 ) ;
#749 = DIRECTION ( 'NONE',  ( 0.000000000000000000, 1.000000000000000000, 0.000000000000000000 ) ) ;
#750 = VECTOR ( 'NONE', #145, 1000.000000000000000 ) ;
#751 = LINE ( 'NONE', #1087, #826 ) ;
#752 = ORIENTED_EDGE ( 'NONE', *, *, #865, .T. ) ;
#753 = DIRECTION ( 'NONE',  ( -0.000000000000000000, -0.000000000000000000, -1.000000000000000000 ) ) ;
#754 = VECTOR ( 'NONE', #670, 1000.000000000000000 ) ;
#755 = ORIENTED_EDGE ( 'NONE', *, *, #38, .F. ) ;
#756 = EDGE_CURVE ( 'NONE', #782, #333, #1173, .T. ) ;
#757 = ORIENTED_EDGE ( 'NONE', *, *, #703, .T. ) ;
#758 = DIRECTION ( 'NONE',  ( -0.000000000000000000, -0.000000000000000000, -1.000000000000000000 ) ) ;
#759 = LINE ( 'NONE', #81, #565 ) ;
#760 = VECTOR ( 'NONE', #1321, 1000.000000000000000 ) ;
#761 = VERTEX_POINT ( 'NONE', #1180 ) ;
#762 = CARTESIAN_POINT ( 'NONE',  ( -35.00000000000000000, 2.000000000000000000, 5.000000000000000000 ) ) ;
#763 = DIRECTION ( 'NONE',  ( -1.000000000000000000, -0.000000000000000000, -0.000000000000000000 ) ) ;
#764 = ORIENTED_EDGE ( 'NONE', *, *, #391, .T. ) ;
#765 = EDGE_CURVE ( 'NONE', #56, #586, #751, .T. ) ;
#766 = DIRECTION ( 'NONE',  ( -0.000000000000000000, -0.000000000000000000, -1.000000000000000000 ) ) ;
#767 = DIRECTION ( 'NONE',  ( -1.000000000000000000, -0.000000000000000000, -0.000000000000000000 ) ) ;
#768 = EDGE_LOOP ( 'NONE', ( #1116, #554, #755, #1241 ) ) ;
#769 = DIRECTION ( 'NONE',  ( -0.000000000000000000, -1.000000000000000000, -0.000000000000000000 ) ) ;
#770 = DIRECTION ( 'NONE',  ( 1.000000000000000000, -0.000000000000000000, -0.000000000000000000 ) ) ;
#771 = VECTOR ( 'NONE', #758, 1000.000000000000000 ) ;
#772 = VERTEX_POINT ( 'NONE', #155 ) ;
#773 = DIRECTION ( 'NONE',  ( -0.000000000000000000, -1.000000000000000000, -0.000000000000000000 ) ) ;
#774 = VECTOR ( 'NONE', #218, 1000.000000000000000 ) ;
#775 = DIRECTION ( 'NONE',  ( -0.000000000000000000, -1.000000000000000000, -0.000000000000000000 ) ) ;
#776 = ORIENTED_EDGE ( 'NONE', *, *, #1313, .F. ) ;
#777 = DIRECTION ( 'NONE',  ( -0.000000000000000000, -0.000000000000000000, -1.000000000000000000 ) ) ;
#778 = LINE ( 'NONE', #1331, #1081 ) ;
#779 = EDGE_LOOP ( 'NONE', ( #392, #17, #713, #539 ) ) ;
#780 = LINE ( 'NONE', #97, #1394 ) ;
#781 = VECTOR ( 'NONE', #1306, 1000.000000000000000 ) ;
#782 = VERTEX_POINT ( 'NONE', #1409 ) ;
#783 = CARTESIAN_POINT ( 'NONE',  ( 17.50000000000000000, 9.150000000000000355, 5.000000000000000000 ) ) ;
#784 = ADVANCED_FACE ( 'NONE', ( #286 ), #1429, .F. ) ;
#785 = CARTESIAN_POINT ( 'NONE',  ( -40.00000000000000000, 12.00000000000000000, 5.000000000000000000 ) ) ;
#786 = ORIENTED_EDGE ( 'NONE', *, *, #297, .F. ) ;
#787 = FACE_OUTER_BOUND ( 'NONE', #678, .T. ) ;
#788 = ORIENTED_EDGE ( 'NONE', *, *, #181, .T. ) ;
#789 = DIRECTION ( 'NONE',  ( -0.000000000000000000, -0.000000000000000000, -1.000000000000000000 ) ) ;
#790 = EDGE_CURVE ( 'NONE', #433, #315, #742, .T. ) ;
#791 = FACE_OUTER_BOUND ( 'NONE', #548, .T. ) ;
#792 = ORIENTED_EDGE ( 'NONE', *, *, #270, .T. ) ;
#793 = VECTOR ( 'NONE', #504, 1000.000000000000000 ) ;
#794 = FACE_OUTER_BOUND ( 'NONE', #116, .T. ) ;
#795 = ORIENTED_EDGE ( 'NONE', *, *, #38, .T. ) ;
#796 = CARTESIAN_POINT ( 'NONE',  ( -40.00000000000000000, 21.00000000000000000, 0.000000000000000000 ) ) ;
#797 = CARTESIAN_POINT ( 'NONE',  ( -27.89999999999999858, 5.849999999999999645, 0.000000000000000000 ) ) ;
#798 = CARTESIAN_POINT ( 'NONE',  ( 27.50000000000000000, 12.00000000000000000, 5.000000000000000000 ) ) ;
#799 = ORIENTED_EDGE ( 'NONE', *, *, #1135, .F. ) ;
#800 = EDGE_CURVE ( 'NONE', #874, #525, #721, .T. ) ;
#801 = VECTOR ( 'NONE', #169, 1000.000000000000000 ) ;
#802 = PLANE ( 'NONE',  #423 ) ;
#803 = ORIENTED_EDGE ( 'NONE', *, *, #1277, .F. ) ;
#804 = CARTESIAN_POINT ( 'NONE',  ( 20.39999999999999858, 4.599999999999999645, 5.000000000000000000 ) ) ;
#805 = LINE ( 'NONE', #138, #133 ) ;
#806 = VECTOR ( 'NONE', #9, 1000.000000000000000 ) ;
#807 = ORIENTED_EDGE ( 'NONE', *, *, #971, .T. ) ;
#808 = ADVANCED_FACE ( 'NONE', ( #841, #513 ), #1297, .F. ) ;
#809 = CARTESIAN_POINT ( 'NONE',  ( -25.00000000000000000, 5.849999999999999645, 5.000000000000000000 ) ) ;
#810 = ORIENTED_EDGE ( 'NONE', *, *, #602, .T. ) ;
#811 = CARTESIAN_POINT ( 'NONE',  ( -30.50000000000000000, 9.150000000000000355, 5.000000000000000000 ) ) ;
#812 = CARTESIAN_POINT ( 'NONE',  ( 20.39999999999999858, 4.599999999999999645, 0.000000000000000000 ) ) ;
#813 = ORIENTED_EDGE ( 'NONE', *, *, #756, .T. ) ;
#814 = DIRECTION ( 'NONE',  ( 0.000000000000000000, -1.000000000000000000, 0.000000000000000000 ) ) ;
#815 = PRODUCT_DEFINITION ( 'UNKNOWN', '', #566, #1253 ) ;
#816 = VECTOR ( 'NONE', #949, 1000.000000000000000 ) ;
#817 = ORIENTED_EDGE ( 'NONE', *, *, #270, .F. ) ;
#818 = CARTESIAN_POINT ( 'NONE',  ( 32.50000000000000000, 21.00000000000000000, 5.000000000000000000 ) ) ;
#819 = EDGE_CURVE ( 'NONE', #846, #454, #1282, .T. ) ;
#820 = CARTESIAN_POINT ( 'NONE',  ( -35.00000000000000000, 12.00000000000000000, 5.000000000000000000 ) ) ;
#821 = COORDINATED_UNIVERSAL_TIME_OFFSET ( 3, 0, .AHEAD. ) ;
#822 = CLOSED_SHELL ( 'NONE', ( #199, #808, #2, #674, #381, #518, #328, #211, #745, #725, #1434, #183, #289, #1019, #1062, #1222, #1111, #1120, #491, #355, #384, #935, #1164, #437, #1154, #1259, #10, #163, #1083, #225, #1171, #592, #372, #609, #317, #784, #93, #101, #527, #961, #308, #1118, #1324 ) ) ;
#823 = VECTOR ( 'NONE', #605, 1000.000000000000000 ) ;
#824 = ORIENTED_EDGE ( 'NONE', *, *, #227, .F. ) ;
#825 = FACE_OUTER_BOUND ( 'NONE', #1426, .T. ) ;
#826 = VECTOR ( 'NONE', #630, 1000.000000000000000 ) ;
#827 = LOCAL_TIME ( 23, 17, 32.00000000000000000, #248 ) ;
#828 = LINE ( 'NONE', #804, #1371 ) ;
#829 = EDGE_CURVE ( 'NONE', #855, #1362, #639, .T. ) ;
#830 = FACE_OUTER_BOUND ( 'NONE', #8, .T. ) ;
#831 = CARTESIAN_POINT ( 'NONE',  ( 0.000000000000000000, 0.000000000000000000, 0.000000000000000000 ) ) ;
#832 = EDGE_LOOP ( 'NONE', ( #385, #127, #1068, #85 ) ) ;
#833 = AXIS2_PLACEMENT_3D ( 'NONE', #84, #658, #1237 ) ;
#834 = DIRECTION ( 'NONE',  ( -0.000000000000000000, 1.000000000000000000, -0.000000000000000000 ) ) ;
#835 = CARTESIAN_POINT ( 'NONE',  ( -35.00000000000000000, 5.849999999999999645, 0.000000000000000000 ) ) ;
#836 = FACE_OUTER_BOUND ( 'NONE', #274, .T. ) ;
#837 = DATE_TIME_ROLE ( 'creation_date' ) ;
#838 = CC_DESIGN_PERSON_AND_ORGANIZATION_ASSIGNMENT ( #29, #20, ( #566 ) ) ;
#839 = ORIENTED_EDGE ( 'NONE', *, *, #998, .F. ) ;
#840 = DIRECTION ( 'NONE',  ( 0.000000000000000000, -1.000000000000000000, 0.000000000000000000 ) ) ;
#841 = FACE_OUTER_BOUND ( 'NONE', #1368, .T. ) ;
#842 = AXIS2_PLACEMENT_3D ( 'NONE', #580, #603, #119 ) ;
#843 = DIRECTION ( 'NONE',  ( 0.000000000000000000, 0.000000000000000000, -1.000000000000000000 ) ) ;
#844 = COORDINATED_UNIVERSAL_TIME_OFFSET ( 3, 0, .AHEAD. ) ;
#845 = CARTESIAN_POINT ( 'NONE',  ( 0.000000000000000000, 0.000000000000000000, 0.000000000000000000 ) ) ;
#846 = VERTEX_POINT ( 'NONE', #1310 ) ;
#847 = EDGE_CURVE ( 'NONE', #258, #928, #616, .T. ) ;
#848 = CARTESIAN_POINT ( 'NONE',  ( 27.50000000000000000, 12.00000000000000000, 5.000000000000000000 ) ) ;
#849 = CARTESIAN_POINT ( 'NONE',  ( -27.89999999999999858, 5.849999999999999645, 5.000000000000000000 ) ) ;
#850 = APPROVAL_PERSON_ORGANIZATION ( #591, #665, #599 ) ;
#851 = ORIENTED_EDGE ( 'NONE', *, *, #564, .F. ) ;
#852 = AXIS2_PLACEMENT_3D ( 'NONE', #715, #483, #923 ) ;
#853 = LINE ( 'NONE', #507, #615 ) ;
#854 = VERTEX_POINT ( 'NONE', #1071 ) ;
#855 = VERTEX_POINT ( 'NONE', #68 ) ;
#856 = LINE ( 'NONE', #741, #200 ) ;
#857 = EDGE_CURVE ( 'NONE', #761, #1248, #266, .T. ) ;
#858 = LINE ( 'NONE', #520, #1247 ) ;
#859 = EDGE_CURVE ( 'NONE', #1393, #238, #1192, .T. ) ;
#860 = LINE ( 'NONE', #288, #1325 ) ;
#861 = ORIENTED_EDGE ( 'NONE', *, *, #819, .F. ) ;
#862 = ORIENTED_EDGE ( 'NONE', *, *, #1144, .T. ) ;
#863 = DIRECTION ( 'NONE',  ( -0.000000000000000000, -0.000000000000000000, -1.000000000000000000 ) ) ;
#864 = CARTESIAN_POINT ( 'NONE',  ( -25.00000000000000000, 9.150000000000000355, 5.000000000000000000 ) ) ;
#865 = EDGE_CURVE ( 'NONE', #1074, #57, #1199, .T. ) ;
#866 = ORIENTED_EDGE ( 'NONE', *, *, #876, .F. ) ;
#867 = DIRECTION ( 'NONE',  ( 1.000000000000000000, 0.000000000000000000, 0.000000000000000000 ) ) ;
#868 = EDGE_CURVE ( 'NONE', #1462, #954, #964, .T. ) ;
#869 = VECTOR ( 'NONE', #1370, 1000.000000000000000 ) ;
#870 = LINE ( 'NONE', #643, #1292 ) ;
#871 = EDGE_LOOP ( 'NONE', ( #1412, #1149, #390, #664 ) ) ;
#872 = LINE ( 'NONE', #1246, #1264 ) ;
#873 = CARTESIAN_POINT ( 'NONE',  ( -22.75000000000000000, 15.00000000000000000, 5.000000000000000000 ) ) ;
#874 = VERTEX_POINT ( 'NONE', #409 ) ;
#875 = DIRECTION ( 'NONE',  ( 0.000000000000000000, -0.000000000000000000, -1.000000000000000000 ) ) ;
#876 = EDGE_CURVE ( 'NONE', #686, #188, #858, .T. ) ;
#877 = VECTOR ( 'NONE', #915, 1000.000000000000000 ) ;
#878 = CARTESIAN_POINT ( 'NONE',  ( -17.75000000000000000, 10.00000000000000000, 5.000000000000000000 ) ) ;
#879 = VERTEX_POINT ( 'NONE', #835 ) ;
#880 = LINE ( 'NONE', #1030, #606 ) ;
#881 = DIRECTION ( 'NONE',  ( -0.000000000000000000, -0.000000000000000000, -1.000000000000000000 ) ) ;
#882 = VECTOR ( 'NONE', #687, 1000.000000000000000 ) ;
#883 = ORIENTED_EDGE ( 'NONE', *, *, #765, .F. ) ;
#884 = LINE ( 'NONE', #204, #521 ) ;
#885 = CARTESIAN_POINT ( 'NONE',  ( 23.00000000000000000, 4.599999999999999645, 5.000000000000000000 ) ) ;
#886 = ORIENTED_EDGE ( 'NONE', *, *, #129, .T. ) ;
#887 = DIRECTION ( 'NONE',  ( -1.000000000000000000, 0.000000000000000000, 0.000000000000000000 ) ) ;
#888 = ORIENTED_EDGE ( 'NONE', *, *, #82, .T. ) ;
#889 = CARTESIAN_POINT ( 'NONE',  ( -35.00000000000000000, 21.00000000000000000, 0.000000000000000000 ) ) ;
#890 = DIRECTION ( 'NONE',  ( -0.000000000000000000, -1.000000000000000000, -0.000000000000000000 ) ) ;
#891 = VECTOR ( 'NONE', #1177, 1000.000000000000000 ) ;
#892 = EDGE_LOOP ( 'NONE', ( #1099, #1359, #1257, #810 ) ) ;
#893 = CARTESIAN_POINT ( 'NONE',  ( -17.75000000000000000, 9.999999999999998224, 0.000000000000000000 ) ) ;
#894 = EDGE_CURVE ( 'NONE', #575, #975, #177, .T. ) ;
#895 = AXIS2_PLACEMENT_3D ( 'NONE', #1338, #232, #331 ) ;
#896 = CARTESIAN_POINT ( 'NONE',  ( -25.00000000000000000, 5.849999999999999645, 5.000000000000000000 ) ) ;
#897 = ORIENTED_EDGE ( 'NONE', *, *, #693, .T. ) ;
#898 = CARTESIAN_POINT ( 'NONE',  ( 32.50000000000000000, 12.00000000000000000, 5.000000000000000000 ) ) ;
#899 = CARTESIAN_POINT ( 'NONE',  ( 17.50000000000000000, 5.849999999999999645, 0.000000000000000000 ) ) ;
#900 = LOCAL_TIME ( 23, 17, 32.00000000000000000, #927 ) ;
#901 = ORIENTED_EDGE ( 'NONE', *, *, #953, .T. ) ;
#902 = CARTESIAN_POINT ( 'NONE',  ( 20.39999999999999858, 4.599999999999999645, 5.000000000000000000 ) ) ;
#903 = EDGE_CURVE ( 'NONE', #1114, #433, #76, .T. ) ;
#904 = VECTOR ( 'NONE', #769, 1000.000000000000000 ) ;
#905 = ORIENTED_EDGE ( 'NONE', *, *, #181, .F. ) ;
#906 = CARTESIAN_POINT ( 'NONE',  ( -17.75000000000000000, 20.00000000000000000, 0.000000000000000000 ) ) ;
#907 = CARTESIAN_POINT ( 'NONE',  ( 27.50000000000000000, 12.00000000000000000, 5.000000000000000000 ) ) ;
#908 = ORIENTED_EDGE ( 'NONE', *, *, #1144, .F. ) ;
#909 = PLANE ( 'NONE',  #852 ) ;
#910 = ORIENTED_EDGE ( 'NONE', *, *, #1351, .T. ) ;
#911 = LINE ( 'NONE', #666, #1092 ) ;
#912 = EDGE_CURVE ( 'NONE', #969, #1165, #1009, .T. ) ;
#913 = DIRECTION ( 'NONE',  ( -1.000000000000000000, 0.000000000000000000, 0.000000000000000000 ) ) ;
#914 = ORIENTED_EDGE ( 'NONE', *, *, #667, .F. ) ;
#915 = DIRECTION ( 'NONE',  ( -0.000000000000000000, -0.000000000000000000, -1.000000000000000000 ) ) ;
#916 = ORIENTED_EDGE ( 'NONE', *, *, #120, .F. ) ;
#917 = DIRECTION ( 'NONE',  ( 0.000000000000000000, 0.000000000000000000, 1.000000000000000000 ) ) ;
#918 = DIRECTION ( 'NONE',  ( -0.000000000000000000, 1.000000000000000000, -0.000000000000000000 ) ) ;
#919 = DIRECTION ( 'NONE',  ( 0.000000000000000000, 0.000000000000000000, 1.000000000000000000 ) ) ;
#920 = EDGE_CURVE ( 'NONE', #65, #353, #88, .T. ) ;
#921 = ORIENTED_EDGE ( 'NONE', *, *, #736, .T. ) ;
#922 = VECTOR ( 'NONE', #478, 1000.000000000000000 ) ;
#923 = DIRECTION ( 'NONE',  ( 0.000000000000000000, 0.000000000000000000, 1.000000000000000000 ) ) ;
#924 = ORIENTED_EDGE ( 'NONE', *, *, #868, .F. ) ;
#925 = CARTESIAN_POINT ( 'NONE',  ( 10.25000000000000000, 20.00000000000000000, 5.000000000000000000 ) ) ;
#926 = CARTESIAN_POINT ( 'NONE',  ( 17.50000000000000000, 5.849999999999999645, 5.000000000000000000 ) ) ;
#927 = COORDINATED_UNIVERSAL_TIME_OFFSET ( 3, 0, .AHEAD. ) ;
#928 = VERTEX_POINT ( 'NONE', #193 ) ;
#929 = DIRECTION ( 'NONE',  ( 1.000000000000000000, -0.000000000000000000, -0.000000000000000000 ) ) ;
#930 = EDGE_LOOP ( 'NONE', ( #1286, #194, #803, #986 ) ) ;
#931 = LINE ( 'NONE', #937, #1228 ) ;
#932 = CARTESIAN_POINT ( 'NONE',  ( 27.50000000000000000, 9.150000000000000355, 0.000000000000000000 ) ) ;
#933 = ORIENTED_EDGE ( 'NONE', *, *, #703, .F. ) ;
#934 = CARTESIAN_POINT ( 'NONE',  ( 10.25000000000000000, 20.00000000000000000, 0.000000000000000000 ) ) ;
#935 = ADVANCED_FACE ( 'NONE', ( #985 ), #1438, .F. ) ;
#936 = ORIENTED_EDGE ( 'NONE', *, *, #894, .F. ) ;
#937 = CARTESIAN_POINT ( 'NONE',  ( -17.75000000000000000, 10.00000000000000000, 0.000000000000000000 ) ) ;
#938 = PLANE ( 'NONE',  #1459 ) ;
#939 = PERSON_AND_ORGANIZATION ( #60, #1465 ) ;
#940 = VECTOR ( 'NONE', #314, 1000.000000000000000 ) ;
#941 = VERTEX_POINT ( 'NONE', #1101 ) ;
#942 = FACE_OUTER_BOUND ( 'NONE', #607, .T. ) ;
#943 = VECTOR ( 'NONE', #1129, 1000.000000000000000 ) ;
#944 = LINE ( 'NONE', #252, #989 ) ;
#945 = CARTESIAN_POINT ( 'NONE',  ( 20.39999999999999858, 5.849999999999999645, 5.000000000000000000 ) ) ;
#946 = APPROVAL_STATUS ( 'not_yet_approved' ) ;
#947 = VERTEX_POINT ( 'NONE', #327 ) ;
#948 = VECTOR ( 'NONE', #405, 1000.000000000000000 ) ;
#949 = DIRECTION ( 'NONE',  ( -0.000000000000000000, 1.000000000000000000, -0.000000000000000000 ) ) ;
#950 = DIRECTION ( 'NONE',  ( 1.000000000000000000, 0.000000000000000000, 0.000000000000000000 ) ) ;
#951 = DIRECTION ( 'NONE',  ( 0.000000000000000000, 0.000000000000000000, 1.000000000000000000 ) ) ;
#952 = MECHANICAL_CONTEXT ( 'NONE', #685, 'mechanical' ) ;
#953 = EDGE_CURVE ( 'NONE', #1052, #249, #1453, .T. ) ;
#954 = VERTEX_POINT ( 'NONE', #221 ) ;
#955 = CARTESIAN_POINT ( 'NONE',  ( 27.50000000000000000, 12.00000000000000000, 5.000000000000000000 ) ) ;
#956 = CARTESIAN_POINT ( 'NONE',  ( 20.39999999999999858, 10.40000000000000036, 0.000000000000000000 ) ) ;
#957 = VECTOR ( 'NONE', #1106, 1000.000000000000000 ) ;
#958 = CARTESIAN_POINT ( 'NONE',  ( 27.50000000000000000, 2.000000000000000000, 5.000000000000000000 ) ) ;
#959 = VECTOR ( 'NONE', #1140, 1000.000000000000000 ) ;
#960 = ORIENTED_EDGE ( 'NONE', *, *, #1128, .F. ) ;
#961 = ADVANCED_FACE ( 'NONE', ( #1229 ), #311, .F. ) ;
#962 = VERTEX_POINT ( 'NONE', #533 ) ;
#963 = LINE ( 'NONE', #402, #439 ) ;
#964 = LINE ( 'NONE', #1415, #1464 ) ;
#965 = ORIENTED_EDGE ( 'NONE', *, *, #1450, .T. ) ;
#966 = DIRECTION ( 'NONE',  ( 1.000000000000000000, 0.000000000000000000, 0.000000000000000000 ) ) ;
#967 = DIRECTION ( 'NONE',  ( -0.000000000000000000, 1.000000000000000000, -0.000000000000000000 ) ) ;
#968 = VECTOR ( 'NONE', #973, 1000.000000000000000 ) ;
#969 = VERTEX_POINT ( 'NONE', #214 ) ;
#970 = CARTESIAN_POINT ( 'NONE',  ( 23.00000000000000000, 4.599999999999999645, 5.000000000000000000 ) ) ;
#971 = EDGE_CURVE ( 'NONE', #53, #999, #448, .T. ) ;
#972 = CARTESIAN_POINT ( 'NONE',  ( 20.39999999999999858, 4.599999999999999645, 5.000000000000000000 ) ) ;
#973 = DIRECTION ( 'NONE',  ( 1.000000000000000000, -0.000000000000000000, -0.000000000000000000 ) ) ;
#974 = CARTESIAN_POINT ( 'NONE',  ( -22.75000000000000000, 15.00000000000000000, 5.000000000000000000 ) ) ;
#975 = VERTEX_POINT ( 'NONE', #902 ) ;
#976 = LINE ( 'NONE', #325, #957 ) ;
#977 = CARTESIAN_POINT ( 'NONE',  ( -25.00000000000000000, 5.849999999999999645, 0.000000000000000000 ) ) ;
#978 = EDGE_CURVE ( 'NONE', #991, #748, #1341, .T. ) ;
#979 = ORIENTED_EDGE ( 'NONE', *, *, #278, .F. ) ;
#980 = CARTESIAN_POINT ( 'NONE',  ( 23.00000000000000000, 10.40000000000000036, 5.000000000000000000 ) ) ;
#981 = ORIENTED_EDGE ( 'NONE', *, *, #1046, .F. ) ;
#982 = ORIENTED_EDGE ( 'NONE', *, *, #1225, .T. ) ;
#983 = LINE ( 'NONE', #96, #676 ) ;
#984 = AXIS2_PLACEMENT_3D ( 'NONE', #907, #205, #1217 ) ;
#985 = FACE_OUTER_BOUND ( 'NONE', #1280, .T. ) ;
#986 = ORIENTED_EDGE ( 'NONE', *, *, #1128, .T. ) ;
#987 = EDGE_CURVE ( 'NONE', #854, #1093, #759, .T. ) ;
#988 = CARTESIAN_POINT ( 'NONE',  ( 23.00000000000000000, 4.599999999999999645, 0.000000000000000000 ) ) ;
#989 = VECTOR ( 'NONE', #261, 1000.000000000000000 ) ;
#990 = CARTESIAN_POINT ( 'NONE',  ( 27.50000000000000000, 21.00000000000000000, 0.000000000000000000 ) ) ;
#991 = VERTEX_POINT ( 'NONE', #1213 ) ;
#992 = DIRECTION ( 'NONE',  ( 1.000000000000000000, -0.000000000000000000, -0.000000000000000000 ) ) ;
#993 = DIRECTION ( 'NONE',  ( 1.000000000000000000, -0.000000000000000000, -0.000000000000000000 ) ) ;
#994 = AXIS2_PLACEMENT_3D ( 'NONE', #1188, #867, #843 ) ;
#995 = ORIENTED_EDGE ( 'NONE', *, *, #1422, .F. ) ;
#996 = DIRECTION ( 'NONE',  ( 0.000000000000000000, 0.000000000000000000, 1.000000000000000000 ) ) ;
#997 = FACE_OUTER_BOUND ( 'NONE', #1082, .T. ) ;
#998 = EDGE_CURVE ( 'NONE', #222, #772, #780, .T. ) ;
#999 = VERTEX_POINT ( 'NONE', #103 ) ;
#1000 =( NAMED_UNIT ( * ) SI_UNIT ( $, .STERADIAN. ) SOLID_ANGLE_UNIT ( ) );
#1001 = DIRECTION ( 'NONE',  ( 0.000000000000000000, 0.000000000000000000, 1.000000000000000000 ) ) ;
#1002 = ORIENTED_EDGE ( 'NONE', *, *, #1399, .T. ) ;
#1003 = DIRECTION ( 'NONE',  ( 0.000000000000000000, -0.000000000000000000, -1.000000000000000000 ) ) ;
#1004 = CARTESIAN_POINT ( 'NONE',  ( 27.50000000000000000, 9.150000000000000355, 5.000000000000000000 ) ) ;
#1005 = VECTOR ( 'NONE', #175, 1000.000000000000000 ) ;
#1006 = ORIENTED_EDGE ( 'NONE', *, *, #21, .F. ) ;
#1007 = EDGE_CURVE ( 'NONE', #954, #1227, #557, .T. ) ;
#1008 = VECTOR ( 'NONE', #680, 1000.000000000000000 ) ;
#1009 = LINE ( 'NONE', #440, #611 ) ;
#1010 = VECTOR ( 'NONE', #19, 1000.000000000000000 ) ;
#1011 = EDGE_LOOP ( 'NONE', ( #1170, #1458, #1109, #1343 ) ) ;
#1012 = LINE ( 'NONE', #426, #571 ) ;
#1013 = CARTESIAN_POINT ( 'NONE',  ( -35.00000000000000000, 21.00000000000000000, 5.000000000000000000 ) ) ;
#1014 = VECTOR ( 'NONE', #387, 1000.000000000000000 ) ;
#1015 = SECURITY_CLASSIFICATION ( '', '', #1067 ) ;
#1016 = EDGE_LOOP ( 'NONE', ( #98, #1031, #981, #445 ) ) ;
#1017 = CC_DESIGN_DATE_AND_TIME_ASSIGNMENT ( #383, #837, ( #815 ) ) ;
#1018 = DIRECTION ( 'NONE',  ( -0.000000000000000000, -1.000000000000000000, -0.000000000000000000 ) ) ;
#1019 = ADVANCED_FACE ( 'NONE', ( #787 ), #1334, .F. ) ;
#1020 = VECTOR ( 'NONE', #789, 1000.000000000000000 ) ;
#1021 = VERTEX_POINT ( 'NONE', #896 ) ;
#1022 = LINE ( 'NONE', #195, #690 ) ;
#1023 = CARTESIAN_POINT ( 'NONE',  ( -17.75000000000000000, 15.00000000000000000, 5.000000000000000000 ) ) ;
#1024 = ORIENTED_EDGE ( 'NONE', *, *, #55, .T. ) ;
#1025 = PLANE ( 'NONE',  #106 ) ;
#1026 = VERTEX_POINT ( 'NONE', #432 ) ;
#1027 = DIRECTION ( 'NONE',  ( 1.000000000000000000, -0.000000000000000000, -0.000000000000000000 ) ) ;
#1028 = EDGE_CURVE ( 'NONE', #454, #641, #647, .T. ) ;
#1029 = PLANE ( 'NONE',  #1203 ) ;
#1030 = CARTESIAN_POINT ( 'NONE',  ( 20.39999999999999858, 5.849999999999999645, 5.000000000000000000 ) ) ;
#1031 = ORIENTED_EDGE ( 'NONE', *, *, #1413, .F. ) ;
#1032 = AXIS2_PLACEMENT_3D ( 'NONE', #1340, #1452, #1256 ) ;
#1033 = FACE_OUTER_BOUND ( 'NONE', #69, .T. ) ;
#1034 = ORIENTED_EDGE ( 'NONE', *, *, #800, .T. ) ;
#1035 = CARTESIAN_POINT ( 'NONE',  ( -30.50000000000000000, 9.150000000000000355, 0.000000000000000000 ) ) ;
#1036 = VECTOR ( 'NONE', #444, 1000.000000000000000 ) ;
#1037 = EDGE_CURVE ( 'NONE', #333, #1102, #1206, .T. ) ;
#1038 = DIRECTION ( 'NONE',  ( 0.000000000000000000, 0.000000000000000000, 1.000000000000000000 ) ) ;
#1039 = APPROVAL_STATUS ( 'not_yet_approved' ) ;
#1040 = ORIENTED_EDGE ( 'NONE', *, *, #790, .T. ) ;
#1041 = PLANE ( 'NONE',  #1311 ) ;
#1042 = ORIENTED_EDGE ( 'NONE', *, *, #263, .F. ) ;
#1043 = DIRECTION ( 'NONE',  ( 1.000000000000000000, 0.000000000000000000, 0.000000000000000000 ) ) ;
#1044 = DIRECTION ( 'NONE',  ( -1.000000000000000000, 0.000000000000000000, 0.000000000000000000 ) ) ;
#1045 = ORIENTED_EDGE ( 'NONE', *, *, #217, .F. ) ;
#1046 = EDGE_CURVE ( 'NONE', #1159, #581, #111, .T. ) ;
#1047 = CARTESIAN_POINT ( 'NONE',  ( 10.25000000000000000, 10.00000000000000000, 0.000000000000000000 ) ) ;
#1048 = ORIENTED_EDGE ( 'NONE', *, *, #501, .F. ) ;
#1049 = LINE ( 'NONE', #1261, #1397 ) ;
#1050 = LINE ( 'NONE', #267, #180 ) ;
#1051 = ADVANCED_BREP_SHAPE_REPRESENTATION ( '08_peremychka', ( #1303, #1345 ), #1408 ) ;
#1052 = VERTEX_POINT ( 'NONE', #207 ) ;
#1053 = EDGE_CURVE ( 'NONE', #586, #108, #1063, .T. ) ;
#1054 = FACE_OUTER_BOUND ( 'NONE', #871, .T. ) ;
#1055 = AXIS2_PLACEMENT_3D ( 'NONE', #809, #32, #134 ) ;
#1056 = PLANE ( 'NONE',  #164 ) ;
#1057 = DIRECTION ( 'NONE',  ( -1.000000000000000000, -0.000000000000000000, -0.000000000000000000 ) ) ;
#1058 = APPLICATION_PROTOCOL_DEFINITION ( 'international standard', 'config_control_design', 1994, #685 ) ;
#1059 = AXIS2_PLACEMENT_3D ( 'NONE', #845, #1411, #1300 ) ;
#1060 = ORIENTED_EDGE ( 'NONE', *, *, #1178, .F. ) ;
#1061 = DIRECTION ( 'NONE',  ( 0.000000000000000000, 0.000000000000000000, -1.000000000000000000 ) ) ;
#1062 = ADVANCED_FACE ( 'NONE', ( #825 ), #909, .F. ) ;
#1063 = CIRCLE ( 'NONE', #254, 4.999999999999999112 ) ;
#1064 = DIRECTION ( 'NONE',  ( 0.000000000000000000, 0.000000000000000000, -1.000000000000000000 ) ) ;
#1065 = EDGE_CURVE ( 'NONE', #467, #525, #468, .T. ) ;
#1066 = PLANE ( 'NONE',  #1069 ) ;
#1067 = SECURITY_CLASSIFICATION_LEVEL ( 'unclassified' ) ;
#1068 = ORIENTED_EDGE ( 'NONE', *, *, #655, .F. ) ;
#1069 = AXIS2_PLACEMENT_3D ( 'NONE', #515, #966, #1417 ) ;
#1070 = CARTESIAN_POINT ( 'NONE',  ( 27.50000000000000000, 9.150000000000000355, 5.000000000000000000 ) ) ;
#1071 = CARTESIAN_POINT ( 'NONE',  ( -35.00000000000000000, 2.000000000000000000, 5.000000000000000000 ) ) ;
#1072 = EDGE_CURVE ( 'NONE', #1204, #1052, #346, .T. ) ;
#1073 = PLANE ( 'NONE',  #994 ) ;
#1074 = VERTEX_POINT ( 'NONE', #1385 ) ;
#1075 = ORIENTED_EDGE ( 'NONE', *, *, #1369, .T. ) ;
#1076 = CARTESIAN_POINT ( 'NONE',  ( -40.00000000000000000, 21.00000000000000000, 5.000000000000000000 ) ) ;
#1077 = DIRECTION ( 'NONE',  ( -0.000000000000000000, -0.000000000000000000, -1.000000000000000000 ) ) ;
#1078 = VECTOR ( 'NONE', #1185, 1000.000000000000000 ) ;
#1079 = ORIENTED_EDGE ( 'NONE', *, *, #236, .T. ) ;
#1080 = DIRECTION ( 'NONE',  ( 0.000000000000000000, 1.000000000000000000, -0.000000000000000000 ) ) ;
#1081 = VECTOR ( 'NONE', #770, 1000.000000000000000 ) ;
#1082 = EDGE_LOOP ( 'NONE', ( #698, #671, #916, #631 ) ) ;
#1083 = ADVANCED_FACE ( 'NONE', ( #1033 ), #802, .F. ) ;
#1084 = AXIS2_PLACEMENT_3D ( 'NONE', #107, #338, #115 ) ;
#1085 = EDGE_LOOP ( 'NONE', ( #543, #1260, #226, #36 ) ) ;
#1086 = DIRECTION ( 'NONE',  ( -0.000000000000000000, 1.000000000000000000, -0.000000000000000000 ) ) ;
#1087 = CARTESIAN_POINT ( 'NONE',  ( -17.75000000000000000, 10.00000000000000000, 5.000000000000000000 ) ) ;
#1088 = CIRCLE ( 'NONE', #208, 5.000000000000000888 ) ;
#1089 = EDGE_LOOP ( 'NONE', ( #1398, #276, #534, #788 ) ) ;
#1090 = FACE_OUTER_BOUND ( 'NONE', #1011, .T. ) ;
#1091 = DIRECTION ( 'NONE',  ( 1.000000000000000000, 0.000000000000000000, 0.000000000000000000 ) ) ;
#1092 = VECTOR ( 'NONE', #1117, 1000.000000000000000 ) ;
#1093 = VERTEX_POINT ( 'NONE', #1265 ) ;
#1094 = EDGE_CURVE ( 'NONE', #1214, #269, #259, .T. ) ;
#1095 = DIRECTION ( 'NONE',  ( 1.000000000000000000, -0.000000000000000000, -0.000000000000000000 ) ) ;
#1096 = DIRECTION ( 'NONE',  ( -1.000000000000000000, -0.000000000000000000, -0.000000000000000000 ) ) ;
#1097 = DIRECTION ( 'NONE',  ( 1.000000000000000000, 0.000000000000000000, 0.000000000000000000 ) ) ;
#1098 = DIRECTION ( 'NONE',  ( -0.000000000000000000, -0.000000000000000000, -1.000000000000000000 ) ) ;
#1099 = ORIENTED_EDGE ( 'NONE', *, *, #601, .T. ) ;
#1100 = CARTESIAN_POINT ( 'NONE',  ( 27.50000000000000000, 24.00000000000000000, 5.000000000000000000 ) ) ;
#1101 = CARTESIAN_POINT ( 'NONE',  ( -35.00000000000000000, 21.00000000000000000, 0.000000000000000000 ) ) ;
#1102 = VERTEX_POINT ( 'NONE', #243 ) ;
#1103 = CARTESIAN_POINT ( 'NONE',  ( 27.50000000000000000, 2.000000000000000000, 0.000000000000000000 ) ) ;
#1104 = VERTEX_POINT ( 'NONE', #1047 ) ;
#1105 = ORIENTED_EDGE ( 'NONE', *, *, #464, .T. ) ;
#1106 = DIRECTION ( 'NONE',  ( -0.000000000000000000, 1.000000000000000000, -0.000000000000000000 ) ) ;
#1107 = AXIS2_PLACEMENT_3D ( 'NONE', #290, #634, #1091 ) ;
#1108 = CARTESIAN_POINT ( 'NONE',  ( -35.00000000000000000, 24.00000000000000000, 0.000000000000000000 ) ) ;
#1109 = ORIENTED_EDGE ( 'NONE', *, *, #1287, .F. ) ;
#1110 = DIRECTION ( 'NONE',  ( -0.000000000000000000, -1.000000000000000000, -0.000000000000000000 ) ) ;
#1111 = ADVANCED_FACE ( 'NONE', ( #461 ), #1025, .F. ) ;
#1112 = AXIS2_PLACEMENT_3D ( 'NONE', #610, #950, #1064 ) ;
#1113 = CARTESIAN_POINT ( 'NONE',  ( 23.00000000000000000, 4.599999999999999645, 0.000000000000000000 ) ) ;
#1114 = VERTEX_POINT ( 'NONE', #370 ) ;
#1115 = DIRECTION ( 'NONE',  ( 0.000000000000000000, 0.000000000000000000, 1.000000000000000000 ) ) ;
#1116 = ORIENTED_EDGE ( 'NONE', *, *, #1279, .T. ) ;
#1117 = DIRECTION ( 'NONE',  ( -0.000000000000000000, -0.000000000000000000, -1.000000000000000000 ) ) ;
#1118 = ADVANCED_FACE ( 'NONE', ( #595 ), #1361, .F. ) ;
#1119 = LINE ( 'NONE', #885, #1387 ) ;
#1120 = ADVANCED_FACE ( 'NONE', ( #699 ), #1158, .F. ) ;
#1121 = ORIENTED_EDGE ( 'NONE', *, *, #536, .T. ) ;
#1122 = DIRECTION ( 'NONE',  ( -0.000000000000000000, -0.000000000000000000, -1.000000000000000000 ) ) ;
#1123 = ORIENTED_EDGE ( 'NONE', *, *, #719, .T. ) ;
#1124 = CARTESIAN_POINT ( 'NONE',  ( 32.50000000000000000, 21.00000000000000000, 5.000000000000000000 ) ) ;
#1125 = CARTESIAN_POINT ( 'NONE',  ( 32.50000000000000000, 12.00000000000000000, 0.000000000000000000 ) ) ;
#1126 = VECTOR ( 'NONE', #1317, 1000.000000000000000 ) ;
#1127 = ORIENTED_EDGE ( 'NONE', *, *, #646, .F. ) ;
#1128 = EDGE_CURVE ( 'NONE', #238, #855, #692, .T. ) ;
#1129 = DIRECTION ( 'NONE',  ( -1.000000000000000000, -0.000000000000000000, -0.000000000000000000 ) ) ;
#1130 = ORIENTED_EDGE ( 'NONE', *, *, #1065, .F. ) ;
#1131 = DIRECTION ( 'NONE',  ( 0.000000000000000000, 0.000000000000000000, 1.000000000000000000 ) ) ;
#1132 = LINE ( 'NONE', #212, #15 ) ;
#1133 = AXIS2_PLACEMENT_3D ( 'NONE', #39, #365, #1267 ) ;
#1134 = ORIENTED_EDGE ( 'NONE', *, *, #1424, .T. ) ;
#1135 = EDGE_CURVE ( 'NONE', #705, #947, #1354, .T. ) ;
#1136 = CARTESIAN_POINT ( 'NONE',  ( -25.00000000000000000, 5.849999999999999645, 5.000000000000000000 ) ) ;
#1137 = VECTOR ( 'NONE', #330, 1000.000000000000000 ) ;
#1138 = ORIENTED_EDGE ( 'NONE', *, *, #903, .F. ) ;
#1139 = DIRECTION ( 'NONE',  ( -0.000000000000000000, -0.000000000000000000, -1.000000000000000000 ) ) ;
#1140 = DIRECTION ( 'NONE',  ( -1.000000000000000000, -0.000000000000000000, -0.000000000000000000 ) ) ;
#1141 = CARTESIAN_POINT ( 'NONE',  ( -27.89999999999999858, 4.599999999999999645, 5.000000000000000000 ) ) ;
#1142 = ORIENTED_EDGE ( 'NONE', *, *, #1239, .F. ) ;
#1143 = DIRECTION ( 'NONE',  ( 0.000000000000000000, -0.000000000000000000, -1.000000000000000000 ) ) ;
#1144 = EDGE_CURVE ( 'NONE', #748, #1021, #476, .T. ) ;
#1145 = ORIENTED_EDGE ( 'NONE', *, *, #712, .T. ) ;
#1146 = DIRECTION ( 'NONE',  ( -1.000000000000000000, -0.000000000000000000, -0.000000000000000000 ) ) ;
#1147 = CARTESIAN_POINT ( 'NONE',  ( 17.50000000000000000, 5.849999999999999645, 0.000000000000000000 ) ) ;
#1148 = PERSON_AND_ORGANIZATION ( #60, #1465 ) ;
#1149 = ORIENTED_EDGE ( 'NONE', *, *, #82, .F. ) ;
#1150 = DIRECTION ( 'NONE',  ( -0.000000000000000000, -0.000000000000000000, -1.000000000000000000 ) ) ;
#1151 = VECTOR ( 'NONE', #190, 1000.000000000000000 ) ;
#1152 = VERTEX_POINT ( 'NONE', #250 ) ;
#1153 = LINE ( 'NONE', #925, #922 ) ;
#1154 = ADVANCED_FACE ( 'NONE', ( #1274 ), #149, .F. ) ;
#1155 = DIRECTION ( 'NONE',  ( -0.000000000000000000, 1.000000000000000000, -0.000000000000000000 ) ) ;
#1156 = DIRECTION ( 'NONE',  ( 0.000000000000000000, 0.000000000000000000, 1.000000000000000000 ) ) ;
#1157 = EDGE_LOOP ( 'NONE', ( #361, #1075, #888, #312 ) ) ;
#1158 = PLANE ( 'NONE',  #1055 ) ;
#1159 = VERTEX_POINT ( 'NONE', #1 ) ;
#1160 = LINE ( 'NONE', #589, #1443 ) ;
#1161 = VECTOR ( 'NONE', #1155, 1000.000000000000000 ) ;
#1162 = FACE_OUTER_BOUND ( 'NONE', #364, .T. ) ;
#1163 = COORDINATED_UNIVERSAL_TIME_OFFSET ( 3, 0, .AHEAD. ) ;
#1164 = ADVANCED_FACE ( 'NONE', ( #587 ), #1041, .F. ) ;
#1165 = VERTEX_POINT ( 'NONE', #25 ) ;
#1166 = DIRECTION ( 'NONE',  ( -0.000000000000000000, -1.000000000000000000, -0.000000000000000000 ) ) ;
#1167 = PLANE ( 'NONE',  #1133 ) ;
#1168 = DIRECTION ( 'NONE',  ( 0.000000000000000000, -1.000000000000000000, 0.000000000000000000 ) ) ;
#1169 = CALENDAR_DATE ( 2026, 1, 10 ) ;
#1170 = ORIENTED_EDGE ( 'NONE', *, *, #1313, .T. ) ;
#1171 = ADVANCED_FACE ( 'NONE', ( #794 ), #706, .F. ) ;
#1172 = CARTESIAN_POINT ( 'NONE',  ( 27.50000000000000000, 2.000000000000000000, 0.000000000000000000 ) ) ;
#1173 = LINE ( 'NONE', #1423, #1014 ) ;
#1174 = CARTESIAN_POINT ( 'NONE',  ( -30.50000000000000000, 4.599999999999999645, 5.000000000000000000 ) ) ;
#1175 = CALENDAR_DATE ( 2026, 1, 10 ) ;
#1176 = ORIENTED_EDGE ( 'NONE', *, *, #75, .T. ) ;
#1177 = DIRECTION ( 'NONE',  ( 1.000000000000000000, -0.000000000000000000, -0.000000000000000000 ) ) ;
#1178 = EDGE_CURVE ( 'NONE', #1102, #1214, #386, .T. ) ;
#1179 = VECTOR ( 'NONE', #424, 1000.000000000000000 ) ;
#1180 = CARTESIAN_POINT ( 'NONE',  ( -35.00000000000000000, 21.00000000000000000, 5.000000000000000000 ) ) ;
#1181 = PLANE ( 'NONE',  #453 ) ;
#1182 = VERTEX_POINT ( 'NONE', #720 ) ;
#1183 = VECTOR ( 'NONE', #358, 1000.000000000000000 ) ;
#1184 = ORIENTED_EDGE ( 'NONE', *, *, #493, .F. ) ;
#1185 = DIRECTION ( 'NONE',  ( -1.000000000000000000, -0.000000000000000000, -0.000000000000000000 ) ) ;
#1186 = DIRECTION ( 'NONE',  ( -0.000000000000000000, 1.000000000000000000, -0.000000000000000000 ) ) ;
#1187 = CC_DESIGN_PERSON_AND_ORGANIZATION_ASSIGNMENT ( #939, #1405, ( #815 ) ) ;
#1188 = CARTESIAN_POINT ( 'NONE',  ( -27.89999999999999858, 4.599999999999999645, 5.000000000000000000 ) ) ;
#1189 = PLANE ( 'NONE',  #1059 ) ;
#1190 = ORIENTED_EDGE ( 'NONE', *, *, #363, .F. ) ;
#1191 = LINE ( 'NONE', #66, #1005 ) ;
#1192 = LINE ( 'NONE', #52, #801 ) ;
#1193 = AXIS2_PLACEMENT_3D ( 'NONE', #292, #749, #1198 ) ;
#1194 = CARTESIAN_POINT ( 'NONE',  ( -27.89999999999999858, 5.849999999999999645, 0.000000000000000000 ) ) ;
#1195 = EDGE_CURVE ( 'NONE', #1165, #222, #614, .T. ) ;
#1196 = DIRECTION ( 'NONE',  ( 0.000000000000000000, -1.000000000000000000, 0.000000000000000000 ) ) ;
#1197 = ORIENTED_EDGE ( 'NONE', *, *, #1094, .F. ) ;
#1198 = DIRECTION ( 'NONE',  ( 0.000000000000000000, -0.000000000000000000, 1.000000000000000000 ) ) ;
#1199 = LINE ( 'NONE', #622, #399 ) ;
#1200 = VECTOR ( 'NONE', #1122, 1000.000000000000000 ) ;
#1201 = FACE_OUTER_BOUND ( 'NONE', #768, .T. ) ;
#1202 = CARTESIAN_POINT ( 'NONE',  ( 20.39999999999999858, 5.849999999999999645, 0.000000000000000000 ) ) ;
#1203 = AXIS2_PLACEMENT_3D ( 'NONE', #11, #49, #951 ) ;
#1204 = VERTEX_POINT ( 'NONE', #1288 ) ;
#1205 = CARTESIAN_POINT ( 'NONE',  ( 20.39999999999999858, 10.40000000000000036, 5.000000000000000000 ) ) ;
#1206 = LINE ( 'NONE', #1235, #231 ) ;
#1207 = ORIENTED_EDGE ( 'NONE', *, *, #1037, .T. ) ;
#1208 = DIRECTION ( 'NONE',  ( 0.000000000000000000, -0.000000000000000000, -1.000000000000000000 ) ) ;
#1209 = DIRECTION ( 'NONE',  ( -0.000000000000000000, -0.000000000000000000, -1.000000000000000000 ) ) ;
#1210 = ORIENTED_EDGE ( 'NONE', *, *, #682, .F. ) ;
#1211 = CARTESIAN_POINT ( 'NONE',  ( -35.00000000000000000, 9.150000000000000355, 0.000000000000000000 ) ) ;
#1212 = EDGE_CURVE ( 'NONE', #1214, #1266, #621, .T. ) ;
#1213 = CARTESIAN_POINT ( 'NONE',  ( -27.89999999999999858, 9.150000000000000355, 5.000000000000000000 ) ) ;
#1214 = VERTEX_POINT ( 'NONE', #1070 ) ;
#1215 = LINE ( 'NONE', #988, #904 ) ;
#1216 = VECTOR ( 'NONE', #1295, 1000.000000000000000 ) ;
#1217 = DIRECTION ( 'NONE',  ( 0.000000000000000000, 0.000000000000000000, 1.000000000000000000 ) ) ;
#1218 = VECTOR ( 'NONE', #1233, 1000.000000000000000 ) ;
#1219 = ORIENTED_EDGE ( 'NONE', *, *, #638, .F. ) ;
#1220 = CARTESIAN_POINT ( 'NONE',  ( -30.50000000000000000, 9.150000000000000355, 5.000000000000000000 ) ) ;
#1221 = DIRECTION ( 'NONE',  ( -0.000000000000000000, 1.000000000000000000, -0.000000000000000000 ) ) ;
#1222 = ADVANCED_FACE ( 'NONE', ( #942 ), #277, .F. ) ;
#1223 = ORIENTED_EDGE ( 'NONE', *, *, #1232, .T. ) ;
#1224 = FACE_OUTER_BOUND ( 'NONE', #377, .T. ) ;
#1225 = EDGE_CURVE ( 'NONE', #303, #1182, #45, .T. ) ;
#1226 = LINE ( 'NONE', #899, #1036 ) ;
#1227 = VERTEX_POINT ( 'NONE', #608 ) ;
#1228 = VECTOR ( 'NONE', #1043, 1000.000000000000000 ) ;
#1229 = FACE_OUTER_BOUND ( 'NONE', #568, .T. ) ;
#1230 = EDGE_LOOP ( 'NONE', ( #764, #817, #588, #644 ) ) ;
#1231 = DIRECTION ( 'NONE',  ( -1.000000000000000000, -0.000000000000000000, -0.000000000000000000 ) ) ;
#1232 = EDGE_CURVE ( 'NONE', #1182, #1353, #1421, .T. ) ;
#1233 = DIRECTION ( 'NONE',  ( -0.000000000000000000, -1.000000000000000000, -0.000000000000000000 ) ) ;
#1234 = ORIENTED_EDGE ( 'NONE', *, *, #410, .F. ) ;
#1235 = CARTESIAN_POINT ( 'NONE',  ( 23.00000000000000000, 9.150000000000000355, 5.000000000000000000 ) ) ;
#1236 = ORIENTED_EDGE ( 'NONE', *, *, #217, .T. ) ;
#1237 = DIRECTION ( 'NONE',  ( 0.000000000000000000, 0.000000000000000000, 1.000000000000000000 ) ) ;
#1238 = CYLINDRICAL_SURFACE ( 'NONE', #512, 5.000000000000000888 ) ;
#1239 = EDGE_CURVE ( 'NONE', #1093, #477, #265, .T. ) ;
#1240 = CIRCLE ( 'NONE', #1032, 5.000000000000000888 ) ;
#1241 = ORIENTED_EDGE ( 'NONE', *, *, #1377, .T. ) ;
#1242 = CARTESIAN_POINT ( 'NONE',  ( -27.89999999999999858, 10.40000000000000036, 5.000000000000000000 ) ) ;
#1243 = ORIENTED_EDGE ( 'NONE', *, *, #31, .F. ) ;
#1244 = PLANE ( 'NONE',  #350 ) ;
#1245 = DIRECTION ( 'NONE',  ( -1.000000000000000000, -0.000000000000000000, -0.000000000000000000 ) ) ;
#1246 = CARTESIAN_POINT ( 'NONE',  ( 20.39999999999999858, 9.150000000000000355, 5.000000000000000000 ) ) ;
#1247 = VECTOR ( 'NONE', #1304, 1000.000000000000000 ) ;
#1248 = VERTEX_POINT ( 'NONE', #1076 ) ;
#1249 = CC_DESIGN_PERSON_AND_ORGANIZATION_ASSIGNMENT ( #697, #496, ( #161 ) ) ;
#1250 = CARTESIAN_POINT ( 'NONE',  ( 20.39999999999999858, 4.599999999999999645, 5.000000000000000000 ) ) ;
#1251 = AXIS2_PLACEMENT_3D ( 'NONE', #783, #559, #1131 ) ;
#1252 = VERTEX_POINT ( 'NONE', #490 ) ;
#1253 = DESIGN_CONTEXT ( 'detailed design', #400, 'design' ) ;
#1254 = LINE ( 'NONE', #144, #427 ) ;
#1255 = CARTESIAN_POINT ( 'NONE',  ( 17.50000000000000000, 9.150000000000000355, 0.000000000000000000 ) ) ;
#1256 = DIRECTION ( 'NONE',  ( 1.000000000000000000, 0.000000000000000000, 0.000000000000000000 ) ) ;
#1257 = ORIENTED_EDGE ( 'NONE', *, *, #857, .F. ) ;
#1258 = DIRECTION ( 'NONE',  ( -0.000000000000000000, 1.000000000000000000, -0.000000000000000000 ) ) ;
#1259 = ADVANCED_FACE ( 'NONE', ( #1414 ), #1281, .F. ) ;
#1260 = ORIENTED_EDGE ( 'NONE', *, *, #987, .F. ) ;
#1261 = CARTESIAN_POINT ( 'NONE',  ( -30.50000000000000000, 9.150000000000000355, 5.000000000000000000 ) ) ;
#1262 = DIRECTION ( 'NONE',  ( -0.000000000000000000, 1.000000000000000000, -0.000000000000000000 ) ) ;
#1263 = ORIENTED_EDGE ( 'NONE', *, *, #756, .F. ) ;
#1264 = VECTOR ( 'NONE', #74, 1000.000000000000000 ) ;
#1265 = CARTESIAN_POINT ( 'NONE',  ( -35.00000000000000000, 2.000000000000000000, 0.000000000000000000 ) ) ;
#1266 = VERTEX_POINT ( 'NONE', #955 ) ;
#1267 = DIRECTION ( 'NONE',  ( 0.000000000000000000, 0.000000000000000000, -1.000000000000000000 ) ) ;
#1268 = EDGE_CURVE ( 'NONE', #477, #222, #511, .T. ) ;
#1269 = VECTOR ( 'NONE', #577, 1000.000000000000000 ) ;
#1270 = LINE ( 'NONE', #926, #1418 ) ;
#1271 = CALENDAR_DATE ( 2026, 1, 10 ) ;
#1272 = VERTEX_POINT ( 'NONE', #1407 ) ;
#1273 = VECTOR ( 'NONE', #1186, 1000.000000000000000 ) ;
#1274 = FACE_OUTER_BOUND ( 'NONE', #398, .T. ) ;
#1275 = DIRECTION ( 'NONE',  ( 0.000000000000000000, 0.000000000000000000, 1.000000000000000000 ) ) ;
#1276 = VECTOR ( 'NONE', #753, 1000.000000000000000 ) ;
#1277 = EDGE_CURVE ( 'NONE', #238, #143, #408, .T. ) ;
#1278 = LINE ( 'NONE', #262, #823 ) ;
#1279 = EDGE_CURVE ( 'NONE', #641, #1252, #37, .T. ) ;
#1280 = EDGE_LOOP ( 'NONE', ( #910, #1332, #407, #1447 ) ) ;
#1281 = PLANE ( 'NONE',  #700 ) ;
#1282 = LINE ( 'NONE', #849, #1319 ) ;
#1283 = ORIENTED_EDGE ( 'NONE', *, *, #1094, .T. ) ;
#1284 = CARTESIAN_POINT ( 'NONE',  ( 17.50000000000000000, 5.849999999999999645, 5.000000000000000000 ) ) ;
#1285 = DATE_AND_TIME ( #1175, #67 ) ;
#1286 = ORIENTED_EDGE ( 'NONE', *, *, #829, .T. ) ;
#1287 = EDGE_CURVE ( 'NONE', #353, #1329, #963, .T. ) ;
#1288 = CARTESIAN_POINT ( 'NONE',  ( -30.50000000000000000, 10.40000000000000036, 5.000000000000000000 ) ) ;
#1289 = VECTOR ( 'NONE', #1258, 1000.000000000000000 ) ;
#1290 = DIRECTION ( 'NONE',  ( -0.000000000000000000, -0.000000000000000000, -1.000000000000000000 ) ) ;
#1291 = CARTESIAN_POINT ( 'NONE',  ( -40.00000000000000000, 12.00000000000000000, 0.000000000000000000 ) ) ;
#1292 = VECTOR ( 'NONE', #1098, 1000.000000000000000 ) ;
#1293 = CARTESIAN_POINT ( 'NONE',  ( -30.50000000000000000, 4.599999999999999645, 5.000000000000000000 ) ) ;
#1294 = ORIENTED_EDGE ( 'NONE', *, *, #1007, .F. ) ;
#1295 = DIRECTION ( 'NONE',  ( 1.000000000000000000, -0.000000000000000000, -0.000000000000000000 ) ) ;
#1296 = AXIS2_PLACEMENT_3D ( 'NONE', #201, #542, #1446 ) ;
#1297 = PLANE ( 'NONE',  #541 ) ;
#1298 = ORIENTED_EDGE ( 'NONE', *, *, #337, .T. ) ;
#1299 = DIRECTION ( 'NONE',  ( 0.000000000000000000, 0.000000000000000000, 1.000000000000000000 ) ) ;
#1300 = DIRECTION ( 'NONE',  ( -1.000000000000000000, 0.000000000000000000, 0.000000000000000000 ) ) ;
#1301 = ORIENTED_EDGE ( 'NONE', *, *, #129, .F. ) ;
#1302 = CARTESIAN_POINT ( 'NONE',  ( 27.50000000000000000, 5.849999999999999645, 5.000000000000000000 ) ) ;
#1303 = MANIFOLD_SOLID_BREP ( 'Plastina', #822 ) ;
#1304 = DIRECTION ( 'NONE',  ( -0.000000000000000000, -1.000000000000000000, -0.000000000000000000 ) ) ;
#1305 = EDGE_CURVE ( 'NONE', #112, #522, #856, .T. ) ;
#1306 = DIRECTION ( 'NONE',  ( -0.000000000000000000, -1.000000000000000000, -0.000000000000000000 ) ) ;
#1307 = ORIENTED_EDGE ( 'NONE', *, *, #287, .T. ) ;
#1308 = EDGE_LOOP ( 'NONE', ( #213, #484, #357, #1298 ) ) ;
#1309 = PLANE ( 'NONE',  #1193 ) ;
#1310 = CARTESIAN_POINT ( 'NONE',  ( -27.89999999999999858, 5.849999999999999645, 5.000000000000000000 ) ) ;
#1311 = AXIS2_PLACEMENT_3D ( 'NONE', #455, #814, #684 ) ;
#1312 = ORIENTED_EDGE ( 'NONE', *, *, #1135, .T. ) ;
#1313 = EDGE_CURVE ( 'NONE', #1355, #258, #1191, .T. ) ;
#1314 = LINE ( 'NONE', #958, #1276 ) ;
#1315 = ORIENTED_EDGE ( 'NONE', *, *, #137, .F. ) ;
#1316 = ORIENTED_EDGE ( 'NONE', *, *, #987, .T. ) ;
#1317 = DIRECTION ( 'NONE',  ( -0.000000000000000000, -0.000000000000000000, -1.000000000000000000 ) ) ;
#1318 = CARTESIAN_POINT ( 'NONE',  ( 32.50000000000000000, 21.00000000000000000, 5.000000000000000000 ) ) ;
#1319 = VECTOR ( 'NONE', #735, 1000.000000000000000 ) ;
#1320 = ORIENTED_EDGE ( 'NONE', *, *, #617, .T. ) ;
#1321 = DIRECTION ( 'NONE',  ( -0.000000000000000000, -0.000000000000000000, -1.000000000000000000 ) ) ;
#1322 = EDGE_CURVE ( 'NONE', #575, #86, #519, .T. ) ;
#1323 = LINE ( 'NONE', #307, #656 ) ;
#1324 = ADVANCED_FACE ( 'NONE', ( #1054 ), #1309, .T. ) ;
#1325 = VECTOR ( 'NONE', #744, 1000.000000000000000 ) ;
#1326 = ORIENTED_EDGE ( 'NONE', *, *, #903, .T. ) ;
#1327 = DIRECTION ( 'NONE',  ( -0.000000000000000000, -0.000000000000000000, -1.000000000000000000 ) ) ;
#1328 = DIRECTION ( 'NONE',  ( -0.000000000000000000, -0.000000000000000000, -1.000000000000000000 ) ) ;
#1329 = VERTEX_POINT ( 'NONE', #352 ) ;
#1330 = DIRECTION ( 'NONE',  ( -1.000000000000000000, -0.000000000000000000, -0.000000000000000000 ) ) ;
#1331 = CARTESIAN_POINT ( 'NONE',  ( 32.50000000000000000, 12.00000000000000000, 0.000000000000000000 ) ) ;
#1332 = ORIENTED_EDGE ( 'NONE', *, *, #1232, .F. ) ;
#1333 = EDGE_CURVE ( 'NONE', #928, #686, #983, .T. ) ;
#1334 = PLANE ( 'NONE',  #1296 ) ;
#1335 = VERTEX_POINT ( 'NONE', #893 ) ;
#1336 = LINE ( 'NONE', #321, #379 ) ;
#1337 = VECTOR ( 'NONE', #834, 1000.000000000000000 ) ;
#1338 = CARTESIAN_POINT ( 'NONE',  ( 23.00000000000000000, 4.599999999999999645, 5.000000000000000000 ) ) ;
#1339 = EDGE_LOOP ( 'NONE', ( #1432, #184, #824, #1223 ) ) ;
#1340 = CARTESIAN_POINT ( 'NONE',  ( -17.75000000000000000, 15.00000000000000000, 5.000000000000000000 ) ) ;
#1341 = LINE ( 'NONE', #334, #159 ) ;
#1342 = EDGE_CURVE ( 'NONE', #1329, #258, #872, .T. ) ;
#1343 = ORIENTED_EDGE ( 'NONE', *, *, #109, .T. ) ;
#1344 = LINE ( 'NONE', #342, #1020 ) ;
#1345 = AXIS2_PLACEMENT_3D ( 'NONE', #831, #1156, #1382 ) ;
#1346 = CARTESIAN_POINT ( 'NONE',  ( 10.25000000000000000, 20.00000000000000000, 5.000000000000000000 ) ) ;
#1347 = ORIENTED_EDGE ( 'NONE', *, *, #859, .T. ) ;
#1348 = DIRECTION ( 'NONE',  ( -0.000000000000000000, 1.000000000000000000, -0.000000000000000000 ) ) ;
#1349 = ORIENTED_EDGE ( 'NONE', *, *, #894, .T. ) ;
#1350 = DIRECTION ( 'NONE',  ( 0.000000000000000000, -1.000000000000000000, 0.000000000000000000 ) ) ;
#1351 = EDGE_CURVE ( 'NONE', #1252, #1353, #976, .T. ) ;
#1352 = CARTESIAN_POINT ( 'NONE',  ( -35.00000000000000000, 24.00000000000000000, 5.000000000000000000 ) ) ;
#1353 = VERTEX_POINT ( 'NONE', #1437 ) ;
#1354 = LINE ( 'NONE', #237, #1289 ) ;
#1355 = VERTEX_POINT ( 'NONE', #661 ) ;
#1356 = DIRECTION ( 'NONE',  ( -0.000000000000000000, -1.000000000000000000, -0.000000000000000000 ) ) ;
#1357 = PRODUCT_RELATED_PRODUCT_CATEGORY ( 'detail', '', ( #161 ) ) ;
#1358 = LINE ( 'NONE', #797, #1269 ) ;
#1359 = ORIENTED_EDGE ( 'NONE', *, *, #446, .F. ) ;
#1360 = VECTOR ( 'NONE', #516, 1000.000000000000000 ) ;
#1361 = CYLINDRICAL_SURFACE ( 'NONE', #293, 5.000000000000000888 ) ;
#1362 = VERTEX_POINT ( 'NONE', #1211 ) ;
#1363 = DIRECTION ( 'NONE',  ( -1.000000000000000000, 0.000000000000000000, 0.000000000000000000 ) ) ;
#1364 = PLANE ( 'NONE',  #40 ) ;
#1365 =( LENGTH_UNIT ( ) NAMED_UNIT ( * ) SI_UNIT ( .MILLI., .METRE. ) );
#1366 = CC_DESIGN_APPROVAL ( #709, ( #815 ) ) ;
#1367 = VECTOR ( 'NONE', #1018, 1000.000000000000000 ) ;
#1368 = EDGE_LOOP ( 'NONE', ( #462, #757, #731, #886, #737, #1376, #450, #1347, #23, #83, #206, #1379, #1320, #299, #862, #1121, #456, #795, #982, #718, #596, #418, #524, #1105, #620, #1349, #1079, #1307, #209, #613, #965, #813, #1207, #251, #182, #135 ) ) ;
#1369 = EDGE_CURVE ( 'NONE', #53, #56, #1240, .T. ) ;
#1370 = DIRECTION ( 'NONE',  ( -0.000000000000000000, -0.000000000000000000, -1.000000000000000000 ) ) ;
#1371 = VECTOR ( 'NONE', #1139, 1000.000000000000000 ) ;
#1372 = ORIENTED_EDGE ( 'NONE', *, *, #1072, .F. ) ;
#1373 = LINE ( 'NONE', #695, #117 ) ;
#1374 = LINE ( 'NONE', #704, #1161 ) ;
#1375 = CALENDAR_DATE ( 2026, 1, 10 ) ;
#1376 = ORIENTED_EDGE ( 'NONE', *, *, #857, .T. ) ;
#1377 = EDGE_CURVE ( 'NONE', #1427, #641, #310, .T. ) ;
#1378 = DIRECTION ( 'NONE',  ( 0.000000000000000000, 0.000000000000000000, 1.000000000000000000 ) ) ;
#1379 = ORIENTED_EDGE ( 'NONE', *, *, #1072, .T. ) ;
#1380 = FACE_OUTER_BOUND ( 'NONE', #1230, .T. ) ;
#1381 = CARTESIAN_POINT ( 'NONE',  ( -27.89999999999999858, 10.40000000000000036, 0.000000000000000000 ) ) ;
#1382 = DIRECTION ( 'NONE',  ( 1.000000000000000000, 0.000000000000000000, 0.000000000000000000 ) ) ;
#1383 = ORIENTED_EDGE ( 'NONE', *, *, #137, .T. ) ;
#1384 = VECTOR ( 'NONE', #689, 1000.000000000000000 ) ;
#1385 = CARTESIAN_POINT ( 'NONE',  ( 27.50000000000000000, 21.00000000000000000, 5.000000000000000000 ) ) ;
#1386 = EDGE_CURVE ( 'NONE', #514, #879, #422, .T. ) ;
#1387 = VECTOR ( 'NONE', #890, 1000.000000000000000 ) ;
#1388 = ORIENTED_EDGE ( 'NONE', *, *, #920, .F. ) ;
#1389 = DIRECTION ( 'NONE',  ( -0.000000000000000000, -0.000000000000000000, -1.000000000000000000 ) ) ;
#1390 = EDGE_CURVE ( 'NONE', #1266, #962, #637, .T. ) ;
#1391 = DIRECTION ( 'NONE',  ( -0.000000000000000000, -0.000000000000000000, -1.000000000000000000 ) ) ;
#1392 = APPROVAL_DATE_TIME ( #241, #47 ) ;
#1393 = VERTEX_POINT ( 'NONE', #415 ) ;
#1394 = VECTOR ( 'NONE', #767, 1000.000000000000000 ) ;
#1395 = CARTESIAN_POINT ( 'NONE',  ( -30.50000000000000000, 5.849999999999999645, 5.000000000000000000 ) ) ;
#1396 = FACE_OUTER_BOUND ( 'NONE', #1016, .T. ) ;
#1397 = VECTOR ( 'NONE', #1389, 1000.000000000000000 ) ;
#1398 = ORIENTED_EDGE ( 'NONE', *, *, #555, .T. ) ;
#1399 = EDGE_CURVE ( 'NONE', #143, #1362, #87, .T. ) ;
#1400 = CARTESIAN_POINT ( 'NONE',  ( -40.00000000000000000, 12.00000000000000000, 5.000000000000000000 ) ) ;
#1401 = ORIENTED_EDGE ( 'NONE', *, *, #24, .T. ) ;
#1402 = DIRECTION ( 'NONE',  ( 0.000000000000000000, 0.000000000000000000, 1.000000000000000000 ) ) ;
#1403 = DIRECTION ( 'NONE',  ( 0.000000000000000000, -0.000000000000000000, -1.000000000000000000 ) ) ;
#1404 = PLANE ( 'NONE',  #545 ) ;
#1405 = PERSON_AND_ORGANIZATION_ROLE ( 'creator' ) ;
#1406 = ORIENTED_EDGE ( 'NONE', *, *, #1460, .T. ) ;
#1407 = CARTESIAN_POINT ( 'NONE',  ( -35.00000000000000000, 24.00000000000000000, 5.000000000000000000 ) ) ;
#1408 =( GEOMETRIC_REPRESENTATION_CONTEXT ( 3 ) GLOBAL_UNCERTAINTY_ASSIGNED_CONTEXT ( ( #348 ) ) GLOBAL_UNIT_ASSIGNED_CONTEXT ( ( #1365, #80, #1000 ) ) REPRESENTATION_CONTEXT ( 'NONE', 'WORKASPACE' ) );
#1409 = CARTESIAN_POINT ( 'NONE',  ( 20.39999999999999858, 10.40000000000000036, 5.000000000000000000 ) ) ;
#1410 = CARTESIAN_POINT ( 'NONE',  ( -30.50000000000000000, 4.599999999999999645, 5.000000000000000000 ) ) ;
#1411 = DIRECTION ( 'NONE',  ( -0.000000000000000000, 0.000000000000000000, -1.000000000000000000 ) ) ;
#1412 = ORIENTED_EDGE ( 'NONE', *, *, #693, .F. ) ;
#1413 = EDGE_CURVE ( 'NONE', #581, #522, #438, .T. ) ;
#1414 = FACE_OUTER_BOUND ( 'NONE', #1308, .T. ) ;
#1415 = CARTESIAN_POINT ( 'NONE',  ( 27.50000000000000000, 24.00000000000000000, 5.000000000000000000 ) ) ;
#1416 = ORIENTED_EDGE ( 'NONE', *, *, #635, .F. ) ;
#1417 = DIRECTION ( 'NONE',  ( 0.000000000000000000, 0.000000000000000000, -1.000000000000000000 ) ) ;
#1418 = VECTOR ( 'NONE', #246, 1000.000000000000000 ) ;
#1419 = ORIENTED_EDGE ( 'NONE', *, *, #868, .T. ) ;
#1420 = ORIENTED_EDGE ( 'NONE', *, *, #148, .T. ) ;
#1421 = LINE ( 'NONE', #726, #793 ) ;
#1422 = EDGE_CURVE ( 'NONE', #108, #467, #233, .T. ) ;
#1423 = CARTESIAN_POINT ( 'NONE',  ( 23.00000000000000000, 10.40000000000000036, 5.000000000000000000 ) ) ;
#1424 = EDGE_CURVE ( 'NONE', #1026, #90, #880, .T. ) ;
#1425 = LINE ( 'NONE', #1291, #948 ) ;
#1426 = EDGE_LOOP ( 'NONE', ( #395, #739, #1372, #140 ) ) ;
#1427 = VERTEX_POINT ( 'NONE', #13 ) ;
#1428 = CARTESIAN_POINT ( 'NONE',  ( -35.00000000000000000, 5.849999999999999645, 5.000000000000000000 ) ) ;
#1429 = PLANE ( 'NONE',  #1112 ) ;
#1430 = CC_DESIGN_DATE_AND_TIME_ASSIGNMENT ( #585, #42, ( #1015 ) ) ;
#1431 = AXIS2_PLACEMENT_3D ( 'NONE', #51, #271, #1061 ) ;
#1432 = ORIENTED_EDGE ( 'NONE', *, *, #363, .T. ) ;
#1433 = FACE_OUTER_BOUND ( 'NONE', #497, .T. ) ;
#1434 = ADVANCED_FACE ( 'NONE', ( #540 ), #653, .F. ) ;
#1435 = FACE_OUTER_BOUND ( 'NONE', #779, .T. ) ;
#1436 = ORIENTED_EDGE ( 'NONE', *, *, #583, .T. ) ;
#1437 = CARTESIAN_POINT ( 'NONE',  ( -30.50000000000000000, 5.849999999999999645, 0.000000000000000000 ) ) ;
#1438 = PLANE ( 'NONE',  #373 ) ;
#1439 = ORIENTED_EDGE ( 'NONE', *, *, #337, .F. ) ;
#1440 = DIRECTION ( 'NONE',  ( -0.000000000000000000, -0.000000000000000000, -1.000000000000000000 ) ) ;
#1441 = EDGE_CURVE ( 'NONE', #143, #660, #316, .T. ) ;
#1442 = PLANE ( 'NONE',  #984 ) ;
#1443 = VECTOR ( 'NONE', #1027, 1000.000000000000000 ) ;
#1444 = ORIENTED_EDGE ( 'NONE', *, *, #24, .F. ) ;
#1445 = LINE ( 'NONE', #431, #487 ) ;
#1446 = DIRECTION ( 'NONE',  ( 0.000000000000000000, 0.000000000000000000, 1.000000000000000000 ) ) ;
#1447 = ORIENTED_EDGE ( 'NONE', *, *, #280, .T. ) ;
#1448 = LINE ( 'NONE', #4, #1137 ) ;
#1449 = PLANE ( 'NONE',  #895 ) ;
#1450 = EDGE_CURVE ( 'NONE', #1329, #782, #300, .T. ) ;
#1451 = ORIENTED_EDGE ( 'NONE', *, *, #859, .F. ) ;
#1452 = DIRECTION ( 'NONE',  ( 0.000000000000000000, 0.000000000000000000, 1.000000000000000000 ) ) ;
#1453 = LINE ( 'NONE', #417, #1179 ) ;
#1454 = ORIENTED_EDGE ( 'NONE', *, *, #1460, .F. ) ;
#1455 = DIRECTION ( 'NONE',  ( 1.000000000000000000, -0.000000000000000000, -0.000000000000000000 ) ) ;
#1456 = VECTOR ( 'NONE', #766, 1000.000000000000000 ) ;
#1457 = FACE_OUTER_BOUND ( 'NONE', #170, .T. ) ;
#1458 = ORIENTED_EDGE ( 'NONE', *, *, #1342, .F. ) ;
#1459 = AXIS2_PLACEMENT_3D ( 'NONE', #35, #28, #472 ) ;
#1460 = EDGE_CURVE ( 'NONE', #249, #1114, #1445, .T. ) ;
#1461 = DIRECTION ( 'NONE',  ( -1.000000000000000000, 0.000000000000000000, 0.000000000000000000 ) ) ;
#1462 = VERTEX_POINT ( 'NONE', #1100 ) ;
#1463 = FACE_OUTER_BOUND ( 'NONE', #43, .T. ) ;
#1464 = VECTOR ( 'NONE', #187, 1000.000000000000000 ) ;
#1465 = ORGANIZATION ( 'UNSPECIFIED', 'UNSPECIFIED', '' ) ;
#1466 = DIRECTION ( 'NONE',  ( -0.000000000000000000, -1.000000000000000000, -0.000000000000000000 ) ) ;
#1467 = ORIENTED_EDGE ( 'NONE', *, *, #219, .F. ) ;
#1468 = AXIS2_PLACEMENT_3D ( 'NONE', #486, #41, #1038 ) ;
ENDSEC;
END-ISO-10303-21;
