ISO-10303-21;
HEADER;
FILE_DESCRIPTION (( 'STEP AP203' ),
    '1' );
FILE_NAME ('10_plecho_pravoe.step',
    '2026-10-01T20:18:09',
    ( '' ),
    ( '' ),
    'SwSTEP 2.0',
    'SolidWorks 2026',
    '' );
FILE_SCHEMA (( 'CONFIG_CONTROL_DESIGN' ));
ENDSEC;

DATA;
#1 = DIRECTION ( 'NONE',  ( -0.000000000000000000, -0.000000000000000000, 1.000000000000000000 ) ) ;
#2 = EDGE_CURVE ( 'NONE', #300, #276, #103, .T. ) ;
#3 = ORIENTED_EDGE ( 'NONE', *, *, #528, .T. ) ;
#4 = CARTESIAN_POINT ( 'NONE',  ( 0.5596609505197245316, -2.095248811685222368, 0.000000000000000000 ) ) ;
#5 = B_SPLINE_CURVE_WITH_KNOTS ( 'NONE', 3,
 ( #67, #54, #623, #628, #141, #525, #1049, #1069, #855, #1146, #173, #184, #753, #870, #959, #168, #562, #774 ),
 .UNSPECIFIED., .F., .F.,
 ( 4, 2, 2, 2, 2, 2, 2, 2, 4 ),
 ( 2.220446049250313081E-16, 0.06250000000000022204, 0.1250000000000002220, 0.1875000000000001110, 0.2500000000000000000, 0.3125000000000000000, 0.3749999999999998335, 0.4374999999999998335, 0.4999999999999998335 ),
 .UNSPECIFIED. ) ;
#6 = DIRECTION ( 'NONE',  ( 0.000000000000000000, 0.000000000000000000, 1.000000000000000000 ) ) ;
#7 = ORIENTED_EDGE ( 'NONE', *, *, #320, .T. ) ;
#8 = CARTESIAN_POINT ( 'NONE',  ( 113.7667741429389707, 3.559261554901512525, 0.000000000000000000 ) ) ;
#9 = EDGE_LOOP ( 'NONE', ( #688, #751 ) ) ;
#10 = CARTESIAN_POINT ( 'NONE',  ( 115.4332258570610179, 6.440738445092723197, 0.000000000000000000 ) ) ;
#11 = EDGE_CURVE ( 'NONE', #31, #1244, #325, .T. ) ;
#12 = DIRECTION ( 'NONE',  ( -0.000000000000000000, -0.000000000000000000, 1.000000000000000000 ) ) ;
#13 = VECTOR ( 'NONE', #987, 1000.000000000000000 ) ;
#14 = EDGE_LOOP ( 'NONE', ( #759, #1252, #98, #566 ) ) ;
#15 = VECTOR ( 'NONE', #176, 1000.000000000000000 ) ;
#16 = FACE_OUTER_BOUND ( 'NONE', #746, .T. ) ;
#17 = ORIENTED_EDGE ( 'NONE', *, *, #290, .T. ) ;
#18 = FACE_BOUND ( 'NONE', #462, .T. ) ;
#19 = CARTESIAN_POINT ( 'NONE',  ( 65.93322585706103212, 6.440738445092723197, 0.000000000000000000 ) ) ;
#20 = ADVANCED_FACE ( 'NONE', ( #673 ), #680, .F. ) ;
#21 = AXIS2_PLACEMENT_3D ( 'NONE', #84, #358, #578 ) ;
#22 = CARTESIAN_POINT ( 'NONE',  ( 114.1703705302562497, -6.608064012194511783, -0.000000000000000000 ) ) ;
#23 = EDGE_CURVE ( 'NONE', #216, #1192, #970, .T. ) ;
#24 = CARTESIAN_POINT ( 'NONE',  ( 115.0295762706375768, 3.392064421757064796, 0.000000000000000000 ) ) ;
#25 = ORIENTED_EDGE ( 'NONE', *, *, #149, .T. ) ;
#26 = FACE_OUTER_BOUND ( 'NONE', #520, .T. ) ;
#27 = FACE_OUTER_BOUND ( 'NONE', #165, .T. ) ;
#28 = CARTESIAN_POINT ( 'NONE',  ( 113.5876946706950008, -6.321245347707560747, -0.000000000000000000 ) ) ;
#29 = EDGE_CURVE ( 'NONE', #557, #786, #597, .T. ) ;
#30 = CYLINDRICAL_SURFACE ( 'NONE', #153, 5.999997573149007835 ) ;
#31 = VERTEX_POINT ( 'NONE', #384 ) ;
#32 = DIRECTION ( 'NONE',  ( 1.000000000000000000, 0.000000000000000000, 0.000000000000000000 ) ) ;
#33 = CARTESIAN_POINT ( 'NONE',  ( 52.00000000000000000, 0.000000000000000000, 5.000000000000000000 ) ) ;
#34 = DIRECTION ( 'NONE',  ( -0.000000000000000000, -0.000000000000000000, -1.000000000000000000 ) ) ;
#35 = AXIS2_PLACEMENT_3D ( 'NONE', #660, #344, #69 ) ;
#36 = CARTESIAN_POINT ( 'NONE',  ( 116.2079355782249195, 5.429576270661447879, -0.000000000000000000 ) ) ;
#37 = AXIS2_PLACEMENT_3D ( 'NONE', #886, #12, #394 ) ;
#38 = DIRECTION ( 'NONE',  ( 1.000000000000000000, 0.000000000000000000, 0.000000000000000000 ) ) ;
#39 = CYLINDRICAL_SURFACE ( 'NONE', #938, 2.149999999999999911 ) ;
#40 = CIRCLE ( 'NONE', #757, 5.999997573149007835 ) ;
#41 = APPROVAL_STATUS ( 'not_yet_approved' ) ;
#42 = CARTESIAN_POINT ( 'NONE',  ( 63.49206442177305121, 4.570423729343484176, -0.000000000000000000 ) ) ;
#43 = CARTESIAN_POINT ( 'NONE',  ( 31.44086687905832278, 0.8332790561495309056, -0.000000000000000000 ) ) ;
#44 = UNCERTAINTY_MEASURE_WITH_UNIT (LENGTH_MEASURE( 1.000000000000000082E-05 ), #441, 'distance_accuracy_value', 'NONE');
#45 = CARTESIAN_POINT ( 'NONE',  ( 114.3815464180071615, -6.649930492040564189, 0.000000000000000000 ) ) ;
#46 = PERSON_AND_ORGANIZATION_ROLE ( 'creator' ) ;
#47 = CARTESIAN_POINT ( 'NONE',  ( 66.54066871440603848, 4.166605949561511757, 0.000000000000000000 ) ) ;
#48 = CARTESIAN_POINT ( 'NONE',  ( 31.64999999999999858, 0.000000000000000000, -6.000000000000000152E-06 ) ) ;
#49 = EDGE_CURVE ( 'NONE', #451, #538, #285, .T. ) ;
#50 = LINE ( 'NONE', #742, #235 ) ;
#51 = VERTEX_POINT ( 'NONE', #991 ) ;
#52 = CYLINDRICAL_SURFACE ( 'NONE', #907, 20.00000525194180767 ) ;
#53 = ORGANIZATION ( 'UNSPECIFIED', 'UNSPECIFIED', '' ) ;
#54 = CARTESIAN_POINT ( 'NONE',  ( 66.74999999999995737, -4.781378459819833004, 0.000000000000000000 ) ) ;
#55 = AXIS2_PLACEMENT_3D ( 'NONE', #553, #1130, #259 ) ;
#56 = CARTESIAN_POINT ( 'NONE',  ( 66.74999999999998579, 5.000000000000002665, -6.000000000000000152E-06 ) ) ;
#57 = DIRECTION ( 'NONE',  ( 0.000000000000000000, 1.000000000000000000, 0.000000000000000000 ) ) ;
#58 = APPROVAL ( #737, 'UNSPECIFIED' ) ;
#59 = VERTEX_POINT ( 'NONE', #626 ) ;
#60 = DIRECTION ( 'NONE',  ( -0.000000000000000000, 1.000000000000000000, -0.000000000000000000 ) ) ;
#61 = CARTESIAN_POINT ( 'NONE',  ( 66.74999999999998579, 4.781014611434486916, 0.000000000000000000 ) ) ;
#62 = ORIENTED_EDGE ( 'NONE', *, *, #273, .F. ) ;
#63 = CARTESIAN_POINT ( 'NONE',  ( 30.21845358200251752, 1.649930492040559749, 0.000000000000000000 ) ) ;
#64 = CARTESIAN_POINT ( 'NONE',  ( -4.891710115548633553, 19.39255548923690498, 0.000000000000000000 ) ) ;
#65 = ORIENTED_EDGE ( 'NONE', *, *, #954, .F. ) ;
#66 = ADVANCED_FACE ( 'NONE', ( #610, #415, #1101, #1113, #115, #138, #329, #409, #916 ), #698, .T. ) ;
#67 = CARTESIAN_POINT ( 'NONE',  ( 66.74999999999998579, -5.000000000000002665, -6.000000000000000152E-06 ) ) ;
#68 = DIRECTION ( 'NONE',  ( -0.000000000000000000, -0.000000000000000000, 1.000000000000000000 ) ) ;
#69 = DIRECTION ( 'NONE',  ( 1.000000000000000000, 0.000000000000000000, 0.000000000000000000 ) ) ;
#70 = ORIENTED_EDGE ( 'NONE', *, *, #971, .T. ) ;
#71 = LINE ( 'NONE', #454, #1102 ) ;
#72 = CC_DESIGN_PERSON_AND_ORGANIZATION_ASSIGNMENT ( #1132, #46, ( #518 ) ) ;
#73 = ORIENTED_EDGE ( 'NONE', *, *, #166, .T. ) ;
#74 = CARTESIAN_POINT ( 'NONE',  ( 115.9211470486105640, -3.987792969797751219, 0.000000000000000000 ) ) ;
#75 = DIRECTION ( 'NONE',  ( 0.000000000000000000, 0.000000000000000000, 1.000000000000000000 ) ) ;
#76 = ORIENTED_EDGE ( 'NONE', *, *, #202, .F. ) ;
#77 = DIRECTION ( 'NONE',  ( -0.000000000000000000, 1.000000000000000000, -0.000000000000000000 ) ) ;
#78 = AXIS2_PLACEMENT_3D ( 'NONE', #587, #86, #277 ) ;
#79 = VERTEX_POINT ( 'NONE', #1202 ) ;
#80 = CARTESIAN_POINT ( 'NONE',  ( 63.44999999999999574, -5.000000000000000000, 5.000000000000000000 ) ) ;
#81 = CARTESIAN_POINT ( 'NONE',  ( 50.34993049203912818, -0.2184535819870955797, 0.000000000000000000 ) ) ;
#82 = ORIENTED_EDGE ( 'NONE', *, *, #811, .T. ) ;
#83 = APPROVAL_STATUS ( 'not_yet_approved' ) ;
#84 = CARTESIAN_POINT ( 'NONE',  ( 114.5999999999999943, -5.000000000000000000, 5.000000000000000000 ) ) ;
#85 = ORIENTED_EDGE ( 'NONE', *, *, #440, .F. ) ;
#86 = DIRECTION ( 'NONE',  ( -0.000000000000000000, -0.000000000000000000, -1.000000000000000000 ) ) ;
#87 = FACE_OUTER_BOUND ( 'NONE', #177, .T. ) ;
#88 = ADVANCED_FACE ( 'NONE', ( #1212 ), #309, .F. ) ;
#89 = EDGE_LOOP ( 'NONE', ( #844, #1147 ) ) ;
#90 = CARTESIAN_POINT ( 'NONE',  ( 112.9499999999999886, 5.000000000000000000, 5.000000000000000000 ) ) ;
#91 = ORIENTED_EDGE ( 'NONE', *, *, #242, .F. ) ;
#92 = CARTESIAN_POINT ( 'NONE',  ( 78.04349000000000558, 17.26807000000000158, 0.000000000000000000 ) ) ;
#93 = CIRCLE ( 'NONE', #1155, 1.649999999999998579 ) ;
#94 = CARTESIAN_POINT ( 'NONE',  ( 114.5999999999999943, -5.000000000000000000, 5.000000000000000000 ) ) ;
#95 = DIRECTION ( 'NONE',  ( 1.000000000000000000, 0.000000000000000000, 0.000000000000000000 ) ) ;
#96 = EDGE_CURVE ( 'NONE', #191, #254, #361, .T. ) ;
#97 = CARTESIAN_POINT ( 'NONE',  ( 110.4500000000000171, 10.09999999999999787, 0.000000000000000000 ) ) ;
#98 = ORIENTED_EDGE ( 'NONE', *, *, #142, .T. ) ;
#99 = CARTESIAN_POINT ( 'NONE',  ( 2.149999999999999467, 0.000000000000000000, -6.000000000000000152E-06 ) ) ;
#100 = CIRCLE ( 'NONE', #420, 1.649999999999998579 ) ;
#101 = CARTESIAN_POINT ( 'NONE',  ( 31.64999999999999858, 0.000000000000000000, -6.000000000000000152E-06 ) ) ;
#102 = ORIENTED_EDGE ( 'NONE', *, *, #885, .T. ) ;
#103 = CIRCLE ( 'NONE', #1224, 1.649999999999998579 ) ;
#104 = CARTESIAN_POINT ( 'NONE',  ( 112.9499999999999886, 5.000000000000004441, -6.000000000000000152E-06 ) ) ;
#105 = ADVANCED_FACE ( 'NONE', ( #703 ), #39, .F. ) ;
#106 = ORIENTED_EDGE ( 'NONE', *, *, #233, .F. ) ;
#107 = DIRECTION ( 'NONE',  ( -0.03514205744837659712, 0.9993823271392661134, 0.000000000000000000 ) ) ;
#108 = CARTESIAN_POINT ( 'NONE',  ( 53.64999999999999858, 0.000000000000000000, -6.000000000000000152E-06 ) ) ;
#109 = DIRECTION ( 'NONE',  ( -0.000000000000000000, -0.000000000000000000, 1.000000000000000000 ) ) ;
#110 = CARTESIAN_POINT ( 'NONE',  ( 112.9499304920405649, 4.781546418012907473, 0.000000000000000000 ) ) ;
#111 = ORIENTED_EDGE ( 'NONE', *, *, #979, .F. ) ;
#112 = DIRECTION ( 'NONE',  ( -0.000000000000000000, -0.000000000000000000, -1.000000000000000000 ) ) ;
#113 = EDGE_CURVE ( 'NONE', #1020, #841, #563, .T. ) ;
#114 = CYLINDRICAL_SURFACE ( 'NONE', #37, 1.649999999999998579 ) ;
#115 = FACE_BOUND ( 'NONE', #9, .T. ) ;
#116 = AXIS2_PLACEMENT_3D ( 'NONE', #858, #6, #368 ) ;
#117 = VECTOR ( 'NONE', #625, 1000.000000000000000 ) ;
#118 = DIRECTION ( 'NONE',  ( 1.000000000000000000, 0.000000000000000000, 0.000000000000000000 ) ) ;
#119 = ORIENTED_EDGE ( 'NONE', *, *, #971, .F. ) ;
#120 = FACE_BOUND ( 'NONE', #767, .T. ) ;
#121 = LINE ( 'NONE', #314, #1197 ) ;
#122 = CARTESIAN_POINT ( 'NONE',  ( 1.318974639976477459, 1.721682854854208022, -0.000000000000000000 ) ) ;
#123 = CARTESIAN_POINT ( 'NONE',  ( 40.00000064190008686, 151.9999977266954545, 5.000000000000000000 ) ) ;
#124 = EDGE_LOOP ( 'NONE', ( #994, #357, #111, #82 ) ) ;
#125 = CARTESIAN_POINT ( 'NONE',  ( -1.155486609172307055E-07, -4.510763096376990688E-06, 0.000000000000000000 ) ) ;
#126 = LINE ( 'NONE', #716, #829 ) ;
#127 = MANIFOLD_SOLID_BREP ( 'Otverstiya', #596 ) ;
#128 = CARTESIAN_POINT ( 'NONE',  ( 0.000000000000000000, 0.000000000000000000, 5.000000000000000000 ) ) ;
#129 = EDGE_CURVE ( 'NONE', #554, #1068, #615, .T. ) ;
#130 = CARTESIAN_POINT ( 'NONE',  ( 113.9999999153028369, -10.00000659615363219, 5.000000000000000000 ) ) ;
#131 = PLANE ( 'NONE',  #798 ) ;
#132 = DIRECTION ( 'NONE',  ( -1.000000000000000000, 0.000000000000000000, 0.000000000000000000 ) ) ;
#133 = CARTESIAN_POINT ( 'NONE',  ( 0.5597141694411885693, 2.095377293507292737, -0.000000000000000000 ) ) ;
#134 = DATE_TIME_ROLE ( 'creation_date' ) ;
#135 = AXIS2_PLACEMENT_3D ( 'NONE', #350, #1138, #928 ) ;
#136 = CARTESIAN_POINT ( 'NONE',  ( 65.31845358198997076, 3.349930492034793428, -0.000000000000000000 ) ) ;
#137 = CARTESIAN_POINT ( 'NONE',  ( -4.891710115548655757, -19.39256451076309773, 5.000000000000000000 ) ) ;
#138 = FACE_BOUND ( 'NONE', #204, .T. ) ;
#139 = AXIS2_PLACEMENT_3D ( 'NONE', #125, #607, #793 ) ;
#140 = PRODUCT ( '10_plecho_pravoe', '10_plecho_pravoe', '', ( #324 ) ) ;
#141 = CARTESIAN_POINT ( 'NONE',  ( 66.42114704861549512, -3.987792969799805132, 0.000000000000000000 ) ) ;
#142 = EDGE_CURVE ( 'NONE', #656, #300, #1010, .T. ) ;
#143 = LINE ( 'NONE', #257, #1099 ) ;
#144 = DIRECTION ( 'NONE',  ( 1.000000000000000000, 0.000000000000000000, 0.000000000000000000 ) ) ;
#145 = ORIENTED_EDGE ( 'NONE', *, *, #113, .F. ) ;
#146 = COORDINATED_UNIVERSAL_TIME_OFFSET ( 3, 0, .AHEAD. ) ;
#147 = CARTESIAN_POINT ( 'NONE',  ( 65.52957627065936208, -6.607935578226957318, 0.000000000000000000 ) ) ;
#148 = EDGE_LOOP ( 'NONE', ( #1044, #530, #743, #871 ) ) ;
#149 = EDGE_CURVE ( 'NONE', #1001, #292, #1189, .T. ) ;
#150 = PLANE ( 'NONE',  #1200 ) ;
#151 = CARTESIAN_POINT ( 'NONE',  ( 110.4500000000000028, 10.09999999999999964, 0.000000000000000000 ) ) ;
#152 = VERTEX_POINT ( 'NONE', #333 ) ;
#153 = AXIS2_PLACEMENT_3D ( 'NONE', #398, #1177, #1088 ) ;
#154 = CARTESIAN_POINT ( 'NONE',  ( 66.74999999999998579, 5.000000000000002665, -6.000000000000000152E-06 ) ) ;
#155 = VECTOR ( 'NONE', #376, 1000.000000000000000 ) ;
#156 = DIRECTION ( 'NONE',  ( -1.000000000000000000, 0.000000000000000000, 0.000000000000000000 ) ) ;
#157 = VECTOR ( 'NONE', #1032, 1000.000000000000000 ) ;
#158 = CARTESIAN_POINT ( 'NONE',  ( 78.04349000000000558, 17.26807000000000158, 5.000000000000000000 ) ) ;
#159 = ADVANCED_FACE ( 'NONE', ( #458 ), #1230, .F. ) ;
#160 = EDGE_LOOP ( 'NONE', ( #466, #304, #1050, #351 ) ) ;
#161 = CARTESIAN_POINT ( 'NONE',  ( 66.74999999999998579, -5.000000000000002665, -6.000000000000000152E-06 ) ) ;
#162 = CARTESIAN_POINT ( 'NONE',  ( 63.77875465230063412, 6.012305329318993863, -0.000000000000000000 ) ) ;
#163 = DIRECTION ( 'NONE',  ( 0.000000000000000000, 0.000000000000000000, 1.000000000000000000 ) ) ;
#164 = B_SPLINE_CURVE_WITH_KNOTS ( 'NONE', 3,
 ( #313, #307, #36, #496, #418, #1186, #10, #489, #217, #801, #701, #903, #1079, #818, #1205, #813, #1199, #210 ),
 .UNSPECIFIED., .F., .F.,
 ( 4, 2, 2, 2, 2, 2, 2, 2, 4 ),
 ( -1.110223024625156540E-16, 0.06249999999999991673, 0.1249999999999999445, 0.1874999999999999722, 0.2500000000000000000, 0.3125000000000000000, 0.3750000000000000555, 0.4375000000000001110, 0.5000000000000001110 ),
 .UNSPECIFIED. ) ;
#165 = EDGE_LOOP ( 'NONE', ( #1070, #294, #474, #736 ) ) ;
#166 = EDGE_CURVE ( 'NONE', #554, #1216, #910, .T. ) ;
#167 = SHAPE_DEFINITION_REPRESENTATION ( #1022, #1087 ) ;
#168 = CARTESIAN_POINT ( 'NONE',  ( 63.49193598780546210, -4.570370530250444041, -0.000000000000000000 ) ) ;
#169 = ORIENTED_EDGE ( 'NONE', *, *, #348, .F. ) ;
#170 = DIRECTION ( 'NONE',  ( 1.000000000000000000, 0.000000000000000000, 0.000000000000000000 ) ) ;
#171 = CARTESIAN_POINT ( 'NONE',  ( 63.44999999999999574, 5.000000000000000000, 5.000000000000000000 ) ) ;
#172 = ORIENTED_EDGE ( 'NONE', *, *, #11, .T. ) ;
#173 = CARTESIAN_POINT ( 'NONE',  ( 64.67042372936036543, -3.392064421759100501, 0.000000000000000000 ) ) ;
#174 = ORIENTED_EDGE ( 'NONE', *, *, #1135, .F. ) ;
#175 = CARTESIAN_POINT ( 'NONE',  ( 112.9919359878054763, -4.570370530250444929, -0.000000000000000000 ) ) ;
#176 = DIRECTION ( 'NONE',  ( -0.000000000000000000, -0.000000000000000000, -1.000000000000000000 ) ) ;
#177 = EDGE_LOOP ( 'NONE', ( #931, #359, #629, #486 ) ) ;
#178 = CARTESIAN_POINT ( 'NONE',  ( 114.2094000000000023, 15.99634000000000178, 5.000000000000000000 ) ) ;
#179 = ORIENTED_EDGE ( 'NONE', *, *, #404, .T. ) ;
#180 = CARTESIAN_POINT ( 'NONE',  ( -0.5597141694411885693, -2.095377293507292737, -0.000000000000000000 ) ) ;
#181 = EDGE_CURVE ( 'NONE', #692, #492, #609, .T. ) ;
#182 = DIRECTION ( 'NONE',  ( -0.9993823271392661134, 0.03514205744837660406, -0.000000000000000000 ) ) ;
#183 = EDGE_LOOP ( 'NONE', ( #172, #1198, #1153, #386 ) ) ;
#184 = CARTESIAN_POINT ( 'NONE',  ( 64.26672094383481237, -3.559133120953683616, -0.000000000000000000 ) ) ;
#185 = ORIENTED_EDGE ( 'NONE', *, *, #511, .T. ) ;
#186 = LINE ( 'NONE', #283, #653 ) ;
#187 = ADVANCED_FACE ( 'NONE', ( #830 ), #937, .F. ) ;
#188 = CARTESIAN_POINT ( 'NONE',  ( 78.04349000000000558, 17.26807000000000158, 0.000000000000000000 ) ) ;
#189 = EDGE_LOOP ( 'NONE', ( #676, #392, #725, #1030 ) ) ;
#190 = FACE_OUTER_BOUND ( 'NONE', #921, .T. ) ;
#191 = VERTEX_POINT ( 'NONE', #64 ) ;
#192 = CARTESIAN_POINT ( 'NONE',  ( 1.721682854857193412, -1.318974639979134666, -0.000000000000000000 ) ) ;
#193 = CARTESIAN_POINT ( 'NONE',  ( 31.65000000000000568, -0.2189853885585420767, -0.000000000000000000 ) ) ;
#194 = AXIS2_PLACEMENT_3D ( 'NONE', #948, #75, #1156 ) ;
#195 = EDGE_LOOP ( 'NONE', ( #340, #850 ) ) ;
#196 = EDGE_CURVE ( 'NONE', #79, #31, #1046, .T. ) ;
#197 = CARTESIAN_POINT ( 'NONE',  ( 114.8184535819928982, 3.349930492034793428, -0.000000000000000000 ) ) ;
#198 = ORIENTED_EDGE ( 'NONE', *, *, #404, .F. ) ;
#199 = CARTESIAN_POINT ( 'NONE',  ( 53.44086687905780764, 0.8332790561507706917, -0.000000000000000000 ) ) ;
#200 = CARTESIAN_POINT ( 'NONE',  ( 50.98769467069783445, -1.321245347713347229, -0.000000000000000000 ) ) ;
#201 = ORIENTED_EDGE ( 'NONE', *, *, #49, .F. ) ;
#202 = EDGE_CURVE ( 'NONE', #695, #1172, #416, .T. ) ;
#203 = CARTESIAN_POINT ( 'NONE',  ( 116.2500000000000142, 4.781014611434486916, 0.000000000000000000 ) ) ;
#204 = EDGE_LOOP ( 'NONE', ( #364, #667 ) ) ;
#205 = CYLINDRICAL_SURFACE ( 'NONE', #521, 2.149999999999999911 ) ;
#206 = CARTESIAN_POINT ( 'NONE',  ( 66.54086687906027464, 5.833279056148294117, -0.000000000000000000 ) ) ;
#207 = CARTESIAN_POINT ( 'NONE',  ( 116.2500000000000000, -5.218985388565522854, -0.000000000000000000 ) ) ;
#208 = CARTESIAN_POINT ( 'NONE',  ( 53.64999999999999858, 0.000000000000000000, -1.200000000000000030E-05 ) ) ;
#209 = ORIENTED_EDGE ( 'NONE', *, *, #363, .T. ) ;
#210 = CARTESIAN_POINT ( 'NONE',  ( 112.9499999999999886, 5.000000000000004441, -6.000000000000000152E-06 ) ) ;
#211 = FACE_OUTER_BOUND ( 'NONE', #862, .T. ) ;
#212 = APPROVAL_PERSON_ORGANIZATION ( #491, #1005, #561 ) ;
#213 = CARTESIAN_POINT ( 'NONE',  ( 115.0295762706573299, -6.607935578228993023, 0.000000000000000000 ) ) ;
#214 = VECTOR ( 'NONE', #57, 1000.000000000000000 ) ;
#215 = CARTESIAN_POINT ( 'NONE',  ( 113.9999999153042864, 9.999997574627391472, 0.000000000000000000 ) ) ;
#216 = VERTEX_POINT ( 'NONE', #529 ) ;
#217 = CARTESIAN_POINT ( 'NONE',  ( 114.8184535819871002, 6.649930492040564189, 0.000000000000000000 ) ) ;
#218 = EDGE_CURVE ( 'NONE', #292, #538, #50, .T. ) ;
#219 = VECTOR ( 'NONE', #1253, 1000.000000000000000 ) ;
#220 = LINE ( 'NONE', #909, #927 ) ;
#221 = CARTESIAN_POINT ( 'NONE',  ( 112.9499999999999886, -5.000000000000004441, -6.000000000000000152E-06 ) ) ;
#222 = DIRECTION ( 'NONE',  ( -0.000000000000000000, -0.000000000000000000, 1.000000000000000000 ) ) ;
#223 = VECTOR ( 'NONE', #34, 1000.000000000000000 ) ;
#224 = B_SPLINE_CURVE_WITH_KNOTS ( 'NONE', 3,
 ( #851, #671, #1065, #1059, #1241, #558, #863, #180, #1261, #574, #4, #1071, #381, #192, #879, #953, #857, #99 ),
 .UNSPECIFIED., .F., .F.,
 ( 4, 2, 2, 2, 2, 2, 2, 2, 4 ),
 ( 0.5000000000000000000, 0.5625000000000000000, 0.6250000000000000000, 0.6875000000000000000, 0.7500000000000000000, 0.8125000000000000000, 0.8750000000000000000, 0.9375000000000000000, 1.000000000000000000 ),
 .UNSPECIFIED. ) ;
#225 = CARTESIAN_POINT ( 'NONE',  ( -1.155486609172307055E-07, -4.510763096376990688E-06, 5.000000000000000000 ) ) ;
#226 = DIRECTION ( 'NONE',  ( -0.000000000000000000, -0.000000000000000000, 1.000000000000000000 ) ) ;
#227 = EDGE_CURVE ( 'NONE', #695, #812, #338, .T. ) ;
#228 = DIRECTION ( 'NONE',  ( 0.000000000000000000, 0.000000000000000000, 1.000000000000000000 ) ) ;
#229 = CARTESIAN_POINT ( 'NONE',  ( 0.000000000000000000, 0.000000000000000000, 0.000000000000000000 ) ) ;
#230 = CARTESIAN_POINT ( 'NONE',  ( 63.65913312093967846, -5.833279056148294117, -0.000000000000000000 ) ) ;
#231 = LINE ( 'NONE', #1180, #117 ) ;
#232 = DIRECTION ( 'NONE',  ( 1.000000000000000000, 0.000000000000000000, -0.000000000000000000 ) ) ;
#233 = EDGE_CURVE ( 'NONE', #216, #700, #735, .T. ) ;
#234 = DIRECTION ( 'NONE',  ( 0.000000000000000000, 0.000000000000000000, 1.000000000000000000 ) ) ;
#235 = VECTOR ( 'NONE', #1237, 1000.000000000000000 ) ;
#236 = CARTESIAN_POINT ( 'NONE',  ( 31.64999999999999858, 0.000000000000000000, 5.000000000000000000 ) ) ;
#237 = FACE_OUTER_BOUND ( 'NONE', #148, .T. ) ;
#238 = CARTESIAN_POINT ( 'NONE',  ( 40.00000064190008686, -152.0000067482216366, 5.000000000000000000 ) ) ;
#239 = VECTOR ( 'NONE', #1084, 1000.000000000000000 ) ;
#240 = VERTEX_POINT ( 'NONE', #247 ) ;
#241 = COORDINATED_UNIVERSAL_TIME_OFFSET ( 3, 0, .AHEAD. ) ;
#242 = EDGE_CURVE ( 'NONE', #1068, #1240, #434, .T. ) ;
#243 = FACE_OUTER_BOUND ( 'NONE', #160, .T. ) ;
#244 = EDGE_CURVE ( 'NONE', #1150, #670, #891, .T. ) ;
#245 = ORIENTED_EDGE ( 'NONE', *, *, #511, .F. ) ;
#246 = CARTESIAN_POINT ( 'NONE',  ( 29.16672094384451341, 1.440866879050928473, -0.000000000000000000 ) ) ;
#247 = CARTESIAN_POINT ( 'NONE',  ( 112.9499999999999886, -5.000000000000000000, 5.000000000000000000 ) ) ;
#248 = ORIENTED_EDGE ( 'NONE', *, *, #535, .T. ) ;
#249 = CARTESIAN_POINT ( 'NONE',  ( 119.9999974884518394, 9.999993403846367812, 0.000000000000000000 ) ) ;
#250 = CARTESIAN_POINT ( 'NONE',  ( 64.08769467068998438, -6.321245347705507278, -0.000000000000000000 ) ) ;
#251 = DIRECTION ( 'NONE',  ( -0.000000000000000000, -0.000000000000000000, -1.000000000000000000 ) ) ;
#252 = ADVANCED_FACE ( 'NONE', ( #646 ), #450, .F. ) ;
#253 = CARTESIAN_POINT ( 'NONE',  ( 0.2847577095899065380, 2.149930466137770946, 0.000000000000000000 ) ) ;
#254 = VERTEX_POINT ( 'NONE', #1029 ) ;
#255 = COORDINATED_UNIVERSAL_TIME_OFFSET ( 3, 0, .AHEAD. ) ;
#256 = CARTESIAN_POINT ( 'NONE',  ( 64.26677414293897073, -6.440738445092723197, 0.000000000000000000 ) ) ;
#257 = CARTESIAN_POINT ( 'NONE',  ( 69.25000000000000000, 10.09999999999999964, 5.000000000000000000 ) ) ;
#258 = PRODUCT_RELATED_PRODUCT_CATEGORY ( 'detail', '', ( #140 ) ) ;
#259 = DIRECTION ( 'NONE',  ( 1.000000000000000000, 0.000000000000000000, 0.000000000000000000 ) ) ;
#260 = VERTEX_POINT ( 'NONE', #758 ) ;
#261 = AXIS2_PLACEMENT_3D ( 'NONE', #785, #493, #901 ) ;
#262 = CARTESIAN_POINT ( 'NONE',  ( 112.9499999999999886, -5.000000000000004441, -6.000000000000000152E-06 ) ) ;
#263 = ORIENTED_EDGE ( 'NONE', *, *, #772, .F. ) ;
#264 = CARTESIAN_POINT ( 'NONE',  ( 65.09999999999999432, -5.000000000000000000, 5.000000000000000000 ) ) ;
#265 = DIRECTION ( 'NONE',  ( -1.000000000000000000, 0.000000000000000000, 0.000000000000000000 ) ) ;
#266 = EDGE_LOOP ( 'NONE', ( #201, #806 ) ) ;
#267 = COORDINATED_UNIVERSAL_TIME_OFFSET ( 3, 0, .AHEAD. ) ;
#268 = LINE ( 'NONE', #1158, #339 ) ;
#269 = EDGE_LOOP ( 'NONE', ( #560, #838 ) ) ;
#270 = CARTESIAN_POINT ( 'NONE',  ( 113.5877929697878983, -3.678852951393531079, 0.000000000000000000 ) ) ;
#271 = CARTESIAN_POINT ( 'NONE',  ( 53.44066871440602284, -0.8333940504454684373, 0.000000000000000000 ) ) ;
#272 = EDGE_LOOP ( 'NONE', ( #1228, #883 ) ) ;
#273 = EDGE_CURVE ( 'NONE', #1062, #658, #1144, .T. ) ;
#274 = AXIS2_PLACEMENT_3D ( 'NONE', #506, #895, #704 ) ;
#275 = PLANE ( 'NONE',  #852 ) ;
#276 = VERTEX_POINT ( 'NONE', #171 ) ;
#277 = DIRECTION ( 'NONE',  ( -1.000000000000000000, 0.000000000000000000, 0.000000000000000000 ) ) ;
#278 = CARTESIAN_POINT ( 'NONE',  ( 28.34993049203986004, -0.2184535819888348274, 0.000000000000000000 ) ) ;
#279 = DIRECTION ( 'NONE',  ( -1.000000000000000000, 0.000000000000000000, 0.000000000000000000 ) ) ;
#280 = DIRECTION ( 'NONE',  ( -0.000000000000000000, -0.000000000000000000, 1.000000000000000000 ) ) ;
#281 = EDGE_CURVE ( 'NONE', #276, #300, #668, .T. ) ;
#282 = ORIENTED_EDGE ( 'NONE', *, *, #227, .T. ) ;
#283 = CARTESIAN_POINT ( 'NONE',  ( 66.74999999999998579, -5.000000000000000000, -1.200000000000000030E-05 ) ) ;
#284 = FACE_OUTER_BOUND ( 'NONE', #189, .T. ) ;
#285 = CIRCLE ( 'NONE', #982, 2.149999999999999911 ) ;
#286 = DIRECTION ( 'NONE',  ( 0.000000000000000000, 0.000000000000000000, 1.000000000000000000 ) ) ;
#287 = LINE ( 'NONE', #178, #733 ) ;
#288 = ORIENTED_EDGE ( 'NONE', *, *, #218, .T. ) ;
#289 = CARTESIAN_POINT ( 'NONE',  ( 114.8184535819870717, -3.350069507965189430, 0.000000000000000000 ) ) ;
#290 = EDGE_CURVE ( 'NONE', #533, #240, #848, .T. ) ;
#291 = CARTESIAN_POINT ( 'NONE',  ( 29.57037053026799711, -1.608064012194506232, -0.000000000000000000 ) ) ;
#292 = VERTEX_POINT ( 'NONE', #769 ) ;
#293 = CARTESIAN_POINT ( 'NONE',  ( 53.64999999999999858, 0.000000000000000000, -6.000000000000000152E-06 ) ) ;
#294 = ORIENTED_EDGE ( 'NONE', *, *, #1190, .T. ) ;
#295 = DIRECTION ( 'NONE',  ( 1.000000000000000000, 0.000000000000000000, 0.000000000000000000 ) ) ;
#296 = DIRECTION ( 'NONE',  ( 0.000000000000000000, 0.000000000000000000, 1.000000000000000000 ) ) ;
#297 = EDGE_CURVE ( 'NONE', #1178, #946, #950, .T. ) ;
#298 = DIRECTION ( 'NONE',  ( 1.000000000000000000, 0.000000000000000000, 0.000000000000000000 ) ) ;
#299 = CARTESIAN_POINT ( 'NONE',  ( 65.09999999999999432, -5.000000000000000000, 5.000000000000000000 ) ) ;
#300 = VERTEX_POINT ( 'NONE', #1169 ) ;
#301 = PLANE ( 'NONE',  #1121 ) ;
#302 = VECTOR ( 'NONE', #1, 1000.000000000000000 ) ;
#303 = CARTESIAN_POINT ( 'NONE',  ( 66.74999999999998579, 5.000000000000002665, -6.000000000000000152E-06 ) ) ;
#304 = ORIENTED_EDGE ( 'NONE', *, *, #1073, .T. ) ;
#305 = CARTESIAN_POINT ( 'NONE',  ( 113.1591331209417461, 4.166720943846771164, -0.000000000000000000 ) ) ;
#306 = ORIENTED_EDGE ( 'NONE', *, *, #334, .T. ) ;
#307 = CARTESIAN_POINT ( 'NONE',  ( 116.2499999999999716, 5.218621540180175877, 0.000000000000000000 ) ) ;
#308 = CARTESIAN_POINT ( 'NONE',  ( 0.000000000000000000, 0.000000000000000000, 5.000000000000000000 ) ) ;
#309 = CYLINDRICAL_SURFACE ( 'NONE', #1003, 1.649999999999998579 ) ;
#310 = CARTESIAN_POINT ( 'NONE',  ( 114.3815464180071615, 3.350069507965190319, 0.000000000000000000 ) ) ;
#311 = ADVANCED_FACE ( 'NONE', ( #87 ), #873, .T. ) ;
#312 = ORIENTED_EDGE ( 'NONE', *, *, #1089, .F. ) ;
#313 = CARTESIAN_POINT ( 'NONE',  ( 116.2499999999999858, 5.000000000000002665, -6.000000000000000152E-06 ) ) ;
#314 = CARTESIAN_POINT ( 'NONE',  ( 114.2094000000000023, -15.99634902152619453, 0.000000000000000000 ) ) ;
#315 = LOCAL_TIME ( 23, 18, 9.000000000000000000, #241 ) ;
#316 = CARTESIAN_POINT ( 'NONE',  ( 115.9212453476993829, -6.012305329319012515, -0.000000000000000000 ) ) ;
#317 = AXIS2_PLACEMENT_3D ( 'NONE', #1028, #68, #1123 ) ;
#318 = CARTESIAN_POINT ( 'NONE',  ( 28.35000000000000142, 2.020667218593130783E-16, 5.000000000000000000 ) ) ;
#319 = CARTESIAN_POINT ( 'NONE',  ( 53.32114704861344023, 1.012207030202253666, 0.000000000000000000 ) ) ;
#320 = EDGE_CURVE ( 'NONE', #51, #754, #783, .T. ) ;
#321 = CIRCLE ( 'NONE', #21, 1.649999999999998579 ) ;
#322 = LINE ( 'NONE', #898, #728 ) ;
#323 = CARTESIAN_POINT ( 'NONE',  ( 2.149999999999999023, 0.2849256951871216859, 0.000000000000000000 ) ) ;
#324 = MECHANICAL_CONTEXT ( 'NONE', #396, 'mechanical' ) ;
#325 = CIRCLE ( 'NONE', #675, 5.999997573149007835 ) ;
#326 = DIRECTION ( 'NONE',  ( 1.000000000000000000, 0.000000000000000000, -0.000000000000000000 ) ) ;
#327 = DIRECTION ( 'NONE',  ( 0.000000000000000000, 0.000000000000000000, 1.000000000000000000 ) ) ;
#328 = ADVANCED_FACE ( 'NONE', ( #284 ), #1162, .T. ) ;
#329 = FACE_BOUND ( 'NONE', #89, .T. ) ;
#330 = APPROVAL_DATE_TIME ( #531, #1098 ) ;
#331 = CARTESIAN_POINT ( 'NONE',  ( 66.42124534769938293, -6.012305329318993863, -0.000000000000000000 ) ) ;
#332 = CARTESIAN_POINT ( 'NONE',  ( 63.45006950795943368, 5.218453581987100520, -0.000000000000000000 ) ) ;
#333 = CARTESIAN_POINT ( 'NONE',  ( 66.74999999999998579, -5.000000000000000000, 5.000000000000000000 ) ) ;
#334 = EDGE_CURVE ( 'NONE', #1216, #1240, #589, .T. ) ;
#335 = EDGE_LOOP ( 'NONE', ( #854, #586 ) ) ;
#336 = CARTESIAN_POINT ( 'NONE',  ( 66.11220703021211875, 3.678852951393530191, 0.000000000000000000 ) ) ;
#337 = CARTESIAN_POINT ( 'NONE',  ( 31.64999999999999858, 0.2186215401836500150, 0.000000000000000000 ) ) ;
#338 = LINE ( 'NONE', #432, #1053 ) ;
#339 = VECTOR ( 'NONE', #280, 1000.000000000000000 ) ;
#340 = ORIENTED_EDGE ( 'NONE', *, *, #954, .T. ) ;
#341 = APPROVAL_ROLE ( '' ) ;
#342 = CARTESIAN_POINT ( 'NONE',  ( 65.93327905616516205, 3.559133120953684060, -0.000000000000000000 ) ) ;
#343 = CARTESIAN_POINT ( 'NONE',  ( 119.9999974884518394, 9.999993403846367812, 5.000000000000000000 ) ) ;
#344 = DIRECTION ( 'NONE',  ( -0.000000000000000000, -0.000000000000000000, 1.000000000000000000 ) ) ;
#345 = EDGE_LOOP ( 'NONE', ( #889, #664, #1036, #526 ) ) ;
#346 = APPLICATION_PROTOCOL_DEFINITION ( 'international standard', 'config_control_design', 1994, #396 ) ;
#347 = CARTESIAN_POINT ( 'NONE',  ( 50.35006950796088177, 0.2184535819870954965, -0.000000000000000000 ) ) ;
#348 = EDGE_CURVE ( 'NONE', #1064, #966, #388, .T. ) ;
#349 = CARTESIAN_POINT ( 'NONE',  ( 31.60793557822890421, 0.4295762706552816446, -0.000000000000000000 ) ) ;
#350 = CARTESIAN_POINT ( 'NONE',  ( 65.09999999999999432, -5.000000000000000000, -1.200000000000000030E-05 ) ) ;
#351 = ORIENTED_EDGE ( 'NONE', *, *, #142, .F. ) ;
#352 = CC_DESIGN_APPROVAL ( #1098, ( #865 ) ) ;
#353 = DIRECTION ( 'NONE',  ( -0.000000000000000000, -0.000000000000000000, 1.000000000000000000 ) ) ;
#354 = ORIENTED_EDGE ( 'NONE', *, *, #297, .T. ) ;
#355 = CARTESIAN_POINT ( 'NONE',  ( 30.00000000000000000, 0.000000000000000000, 5.000000000000000000 ) ) ;
#356 = DIRECTION ( 'NONE',  ( 0.9993823271392661134, -0.03514205744837659712, 0.000000000000000000 ) ) ;
#357 = ORIENTED_EDGE ( 'NONE', *, *, #227, .F. ) ;
#358 = DIRECTION ( 'NONE',  ( 0.000000000000000000, 0.000000000000000000, 1.000000000000000000 ) ) ;
#359 = ORIENTED_EDGE ( 'NONE', *, *, #1057, .F. ) ;
#360 = CARTESIAN_POINT ( 'NONE',  ( 115.4332258570610037, -3.559261554901511637, 0.000000000000000000 ) ) ;
#361 = CIRCLE ( 'NONE', #443, 20.00000525194180767 ) ;
#362 = DIRECTION ( 'NONE',  ( 0.000000000000000000, -0.000000000000000000, 1.000000000000000000 ) ) ;
#363 = EDGE_CURVE ( 'NONE', #551, #1219, #494, .T. ) ;
#364 = ORIENTED_EDGE ( 'NONE', *, *, #181, .F. ) ;
#365 = CARTESIAN_POINT ( 'NONE',  ( 110.4500000000000028, 10.09999999999999964, 5.000000000000000000 ) ) ;
#366 = ORIENTED_EDGE ( 'NONE', *, *, #1220, .F. ) ;
#367 = CARTESIAN_POINT ( 'NONE',  ( 119.9999974884518394, 9.999993403846367812, 5.000000000000000000 ) ) ;
#368 = DIRECTION ( 'NONE',  ( 1.000000000000000000, 0.000000000000000000, 0.000000000000000000 ) ) ;
#369 = ORIENTED_EDGE ( 'NONE', *, *, #962, .T. ) ;
#370 = EDGE_CURVE ( 'NONE', #966, #946, #963, .T. ) ;
#371 = LOCAL_TIME ( 23, 18, 9.000000000000000000, #146 ) ;
#372 = CARTESIAN_POINT ( 'NONE',  ( 28.35000000000000142, 1.010333609296565391E-16, -6.000000000000000152E-06 ) ) ;
#373 = ORIENTED_EDGE ( 'NONE', *, *, #419, .F. ) ;
#374 = LINE ( 'NONE', #967, #401 ) ;
#375 = CIRCLE ( 'NONE', #972, 1.649999999999998579 ) ;
#376 = DIRECTION ( 'NONE',  ( -0.000000000000000000, -0.000000000000000000, 1.000000000000000000 ) ) ;
#377 = EDGE_LOOP ( 'NONE', ( #263, #488, #1249, #685 ) ) ;
#378 = DIRECTION ( 'NONE',  ( 0.000000000000000000, 0.000000000000000000, 1.000000000000000000 ) ) ;
#379 = EDGE_CURVE ( 'NONE', #1240, #31, #121, .T. ) ;
#380 = ORIENTED_EDGE ( 'NONE', *, *, #868, .T. ) ;
#381 = CARTESIAN_POINT ( 'NONE',  ( 1.318876304244965825, -1.721584519123038559, 0.000000000000000000 ) ) ;
#382 = CARTESIAN_POINT ( 'NONE',  ( 110.4500000000000028, -10.09999999999999964, 5.000000000000000000 ) ) ;
#383 = VECTOR ( 'NONE', #875, 1000.000000000000000 ) ;
#384 = CARTESIAN_POINT ( 'NONE',  ( 114.2094000000000023, -15.99634902152619453, 0.000000000000000000 ) ) ;
#385 = CARTESIAN_POINT ( 'NONE',  ( 69.25000000000000000, -10.09999999999999964, 5.000000000000000000 ) ) ;
#386 = ORIENTED_EDGE ( 'NONE', *, *, #196, .T. ) ;
#387 = CARTESIAN_POINT ( 'NONE',  ( 110.4500000000000028, 10.09999999999999964, 5.000000000000000000 ) ) ;
#388 = B_SPLINE_CURVE_WITH_KNOTS ( 'NONE', 3,
 ( #389, #278, #976, #1263, #679, #1067, #880, #291, #581, #1248, #789, #672, #1174, #1061, #485, #1072, #193, #101 ),
 .UNSPECIFIED., .F., .F.,
 ( 4, 2, 2, 2, 2, 2, 2, 2, 4 ),
 ( 0.5000000000000000000, 0.5625000000000000000, 0.6250000000000000000, 0.6875000000000000000, 0.7500000000000000000, 0.8125000000000000000, 0.8750000000000000000, 0.9375000000000000000, 1.000000000000000000 ),
 .UNSPECIFIED. ) ;
#389 = CARTESIAN_POINT ( 'NONE',  ( 28.35000000000000142, 1.010333609296565391E-16, -6.000000000000000152E-06 ) ) ;
#390 = ORIENTED_EDGE ( 'NONE', *, *, #379, .F. ) ;
#391 = PLANE ( 'NONE',  #274 ) ;
#392 = ORIENTED_EDGE ( 'NONE', *, *, #23, .F. ) ;
#393 = LINE ( 'NONE', #714, #239 ) ;
#394 = DIRECTION ( 'NONE',  ( 1.000000000000000000, 0.000000000000000000, 0.000000000000000000 ) ) ;
#395 = DATE_TIME_ROLE ( 'classification_date' ) ;
#396 = APPLICATION_CONTEXT ( 'configuration controlled 3d designs of mechanical parts and assemblies' ) ;
#397 = ORIENTED_EDGE ( 'NONE', *, *, #575, .T. ) ;
#398 = CARTESIAN_POINT ( 'NONE',  ( 113.9999999153042864, 9.999997574627391472, 5.000000000000000000 ) ) ;
#399 = EDGE_LOOP ( 'NONE', ( #245, #974, #1257, #1238 ) ) ;
#400 = FACE_BOUND ( 'NONE', #964, .T. ) ;
#401 = VECTOR ( 'NONE', #768, 1000.000000000000000 ) ;
#402 = LINE ( 'NONE', #421, #709 ) ;
#403 = CARTESIAN_POINT ( 'NONE',  ( 1.721584519125682444, 1.318876304247966535, 0.000000000000000000 ) ) ;
#404 = EDGE_CURVE ( 'NONE', #1216, #79, #802, .T. ) ;
#405 = CARTESIAN_POINT ( 'NONE',  ( 115.6122070302121614, 3.678852951393547954, 0.000000000000000000 ) ) ;
#406 = ORIENTED_EDGE ( 'NONE', *, *, #440, .T. ) ;
#407 = FACE_OUTER_BOUND ( 'NONE', #547, .T. ) ;
#408 = CARTESIAN_POINT ( 'NONE',  ( 69.25000000000000000, 10.09999999999999964, 5.000000000000000000 ) ) ;
#409 = FACE_OUTER_BOUND ( 'NONE', #661, .T. ) ;
#410 = CYLINDRICAL_SURFACE ( 'NONE', #1254, 139.9999979696119397 ) ;
#411 = ORIENTED_EDGE ( 'NONE', *, *, #599, .T. ) ;
#412 = FACE_OUTER_BOUND ( 'NONE', #399, .T. ) ;
#413 = DIRECTION ( 'NONE',  ( 1.000000000000000000, 0.000000000000000000, 0.000000000000000000 ) ) ;
#414 = AXIS2_PLACEMENT_3D ( 'NONE', #130, #882, #1082 ) ;
#415 = FACE_BOUND ( 'NONE', #1145, .T. ) ;
#416 = CIRCLE ( 'NONE', #476, 5.999997573149007835 ) ;
#417 = CARTESIAN_POINT ( 'NONE',  ( 119.9999974884518394, -10.00000659615363219, 0.000000000000000000 ) ) ;
#418 = CARTESIAN_POINT ( 'NONE',  ( 115.9211470486007016, 6.012207030212158188, 0.000000000000000000 ) ) ;
#419 = EDGE_CURVE ( 'NONE', #841, #533, #322, .T. ) ;
#420 = AXIS2_PLACEMENT_3D ( 'NONE', #779, #378, #663 ) ;
#421 = CARTESIAN_POINT ( 'NONE',  ( 112.9499999999999886, -5.000000000000000000, -1.200000000000000030E-05 ) ) ;
#422 = CARTESIAN_POINT ( 'NONE',  ( 40.00000064190008686, -152.0000067482216366, 5.000000000000000000 ) ) ;
#423 = APPROVAL_ROLE ( '' ) ;
#424 = CARTESIAN_POINT ( 'NONE',  ( 65.09999999999999432, 5.000000000000000000, -1.200000000000000030E-05 ) ) ;
#425 = EDGE_CURVE ( 'NONE', #700, #1062, #126, .T. ) ;
#426 = CARTESIAN_POINT ( 'NONE',  ( 28.35006950796014991, 0.2184535819888348829, -0.000000000000000000 ) ) ;
#427 = CARTESIAN_POINT ( 'NONE',  ( 116.0406687144060669, -5.833394050438497125, 0.000000000000000000 ) ) ;
#428 = PERSON_AND_ORGANIZATION ( #569, #53 ) ;
#429 = CARTESIAN_POINT ( 'NONE',  ( 63.44993049204057911, 4.781546418012909250, 0.000000000000000000 ) ) ;
#430 = CARTESIAN_POINT ( 'NONE',  ( 28.98779296978677067, 1.321147048600313401, 0.000000000000000000 ) ) ;
#431 = AXIS2_PLACEMENT_3D ( 'NONE', #229, #234, #932 ) ;
#432 = CARTESIAN_POINT ( 'NONE',  ( 119.9999974884518394, 9.999993403846367812, 5.000000000000000000 ) ) ;
#433 = ORIENTED_EDGE ( 'NONE', *, *, #564, .T. ) ;
#434 = CIRCLE ( 'NONE', #55, 139.9999979696119397 ) ;
#435 = AXIS2_PLACEMENT_3D ( 'NONE', #264, #1045, #823 ) ;
#436 = CARTESIAN_POINT ( 'NONE',  ( 63.65913312093969267, 4.166720943851712100, -0.000000000000000000 ) ) ;
#437 = CARTESIAN_POINT ( 'NONE',  ( 69.25000000000000000, 10.09999999999999964, 0.000000000000000000 ) ) ;
#438 = DIRECTION ( 'NONE',  ( 0.000000000000000000, 0.000000000000000000, 1.000000000000000000 ) ) ;
#439 = ORIENTED_EDGE ( 'NONE', *, *, #1066, .F. ) ;
#440 = EDGE_CURVE ( 'NONE', #1182, #1058, #1187, .T. ) ;
#441 =( LENGTH_UNIT ( ) NAMED_UNIT ( * ) SI_UNIT ( .MILLI., .METRE. ) );
#442 = CARTESIAN_POINT ( 'NONE',  ( 51.78154641799892488, 1.650069507959410320, -0.000000000000000000 ) ) ;
#443 = AXIS2_PLACEMENT_3D ( 'NONE', #905, #809, #911 ) ;
#444 = CARTESIAN_POINT ( 'NONE',  ( 29.78154641799747893, 1.650069507959410098, -0.000000000000000000 ) ) ;
#445 = CARTESIAN_POINT ( 'NONE',  ( -2.095377293509171235, 0.5597141694267856460, -0.000000000000000000 ) ) ;
#446 = ORIENTED_EDGE ( 'NONE', *, *, #242, .T. ) ;
#447 = ADVANCED_FACE ( 'NONE', ( #27 ), #904, .F. ) ;
#448 = CYLINDRICAL_SURFACE ( 'NONE', #481, 1.649999999999998579 ) ;
#449 = CARTESIAN_POINT ( 'NONE',  ( 28.55926155490654850, 0.8332258570569923695, 0.000000000000000000 ) ) ;
#450 = PLANE ( 'NONE',  #690 ) ;
#451 = VERTEX_POINT ( 'NONE', #1004 ) ;
#452 = CALENDAR_DATE ( 2026, 1, 10 ) ;
#453 = B_SPLINE_CURVE_WITH_KNOTS ( 'NONE', 3,
 ( #890, #613, #995, #199, #319, #984, #502, #1002, #1026, #442, #1019, #1127, #832, #719, #843, #826, #347, #1111 ),
 .UNSPECIFIED., .F., .F.,
 ( 4, 2, 2, 2, 2, 2, 2, 2, 4 ),
 ( 0.000000000000000000, 0.06250000000000000000, 0.1250000000000000000, 0.1875000000000000000, 0.2500000000000000000, 0.3125000000000000000, 0.3750000000000000000, 0.4375000000000000000, 0.5000000000000000000 ),
 .UNSPECIFIED. ) ;
#454 = CARTESIAN_POINT ( 'NONE',  ( 78.04349000000000558, 17.26807000000000158, 5.000000000000000000 ) ) ;
#455 = ORIENTED_EDGE ( 'NONE', *, *, #202, .T. ) ;
#456 = CARTESIAN_POINT ( 'NONE',  ( 115.6123053293050305, -3.678754652286657212, -0.000000000000000000 ) ) ;
#457 = EDGE_CURVE ( 'NONE', #670, #944, #993, .T. ) ;
#458 = FACE_OUTER_BOUND ( 'NONE', #1165, .T. ) ;
#459 = ORIENTED_EDGE ( 'NONE', *, *, #1183, .F. ) ;
#460 = VECTOR ( 'NONE', #353, 1000.000000000000000 ) ;
#461 = DIRECTION ( 'NONE',  ( -0.000000000000000000, -0.000000000000000000, 1.000000000000000000 ) ) ;
#462 = EDGE_LOOP ( 'NONE', ( #433, #960 ) ) ;
#463 = CYLINDRICAL_SURFACE ( 'NONE', #630, 1.649999999999998579 ) ;
#464 = EDGE_CURVE ( 'NONE', #670, #191, #220, .T. ) ;
#465 = CARTESIAN_POINT ( 'NONE',  ( 31.64999999999999858, 0.000000000000000000, -1.200000000000000030E-05 ) ) ;
#466 = ORIENTED_EDGE ( 'NONE', *, *, #913, .F. ) ;
#467 = DIRECTION ( 'NONE',  ( -0.000000000000000000, -0.000000000000000000, -1.000000000000000000 ) ) ;
#468 = ORIENTED_EDGE ( 'NONE', *, *, #868, .F. ) ;
#469 = FACE_OUTER_BOUND ( 'NONE', #14, .T. ) ;
#470 = CARTESIAN_POINT ( 'NONE',  ( 69.25000000000000000, -10.09999999999999964, 5.000000000000000000 ) ) ;
#471 = ORIENTED_EDGE ( 'NONE', *, *, #218, .F. ) ;
#472 = EDGE_CURVE ( 'NONE', #786, #1058, #375, .T. ) ;
#473 = CARTESIAN_POINT ( 'NONE',  ( 2.149999999999999911, 0.000000000000000000, -1.200000000000000030E-05 ) ) ;
#474 = ORIENTED_EDGE ( 'NONE', *, *, #497, .T. ) ;
#475 = CARTESIAN_POINT ( 'NONE',  ( 116.2500000000000000, -4.781378459819833893, -0.000000000000000000 ) ) ;
#476 = AXIS2_PLACEMENT_3D ( 'NONE', #834, #163, #1023 ) ;
#477 = CIRCLE ( 'NONE', #435, 1.649999999999998579 ) ;
#478 = CARTESIAN_POINT ( 'NONE',  ( 52.21845358200106091, -1.650069507959410320, -0.000000000000000000 ) ) ;
#479 = CARTESIAN_POINT ( 'NONE',  ( 110.4500000000000028, -10.09999999999999964, 5.000000000000000000 ) ) ;
#480 = CC_DESIGN_PERSON_AND_ORGANIZATION_ASSIGNMENT ( #1221, #524, ( #140 ) ) ;
#481 = AXIS2_PLACEMENT_3D ( 'NONE', #424, #1232, #918 ) ;
#482 = LINE ( 'NONE', #1043, #934 ) ;
#483 = ORIENTED_EDGE ( 'NONE', *, *, #877, .F. ) ;
#484 = LINE ( 'NONE', #947, #219 ) ;
#485 = CARTESIAN_POINT ( 'NONE',  ( 31.44066871440603350, -0.8333940504454685483, 0.000000000000000000 ) ) ;
#486 = ORIENTED_EDGE ( 'NONE', *, *, #23, .T. ) ;
#487 = DIRECTION ( 'NONE',  ( -0.000000000000000000, -0.000000000000000000, -1.000000000000000000 ) ) ;
#488 = ORIENTED_EDGE ( 'NONE', *, *, #575, .F. ) ;
#489 = CARTESIAN_POINT ( 'NONE',  ( 115.0296294697437531, 6.608064012194511783, -0.000000000000000000 ) ) ;
#490 = CARTESIAN_POINT ( 'NONE',  ( 50.67885295138655977, -1.012207030202253666, 0.000000000000000000 ) ) ;
#491 = PERSON_AND_ORGANIZATION ( #569, #53 ) ;
#492 = VERTEX_POINT ( 'NONE', #509 ) ;
#493 = DIRECTION ( 'NONE',  ( 0.000000000000000000, 0.000000000000000000, 1.000000000000000000 ) ) ;
#494 = B_SPLINE_CURVE_WITH_KNOTS ( 'NONE', 3,
 ( #691, #81, #968, #1080, #490, #200, #864, #576, #1243, #478, #1149, #595, #568, #985, #271, #666, #956, #108 ),
 .UNSPECIFIED., .F., .F.,
 ( 4, 2, 2, 2, 2, 2, 2, 2, 4 ),
 ( 0.5000000000000000000, 0.5625000000000000000, 0.6250000000000000000, 0.6875000000000000000, 0.7500000000000000000, 0.8125000000000000000, 0.8750000000000000000, 0.9375000000000000000, 1.000000000000000000 ),
 .UNSPECIFIED. ) ;
#495 = ORIENTED_EDGE ( 'NONE', *, *, #472, .T. ) ;
#496 = CARTESIAN_POINT ( 'NONE',  ( 116.0408668790623068, 5.833279056143371832, -0.000000000000000000 ) ) ;
#497 = EDGE_CURVE ( 'NONE', #492, #692, #1095, .T. ) ;
#498 = CARTESIAN_POINT ( 'NONE',  ( 112.9499999999999886, 5.000000000000000000, -1.200000000000000030E-05 ) ) ;
#499 = DIRECTION ( 'NONE',  ( -0.000000000000000000, -0.000000000000000000, 1.000000000000000000 ) ) ;
#500 = CARTESIAN_POINT ( 'NONE',  ( 113.5876946707048489, 3.678754652282548498, -0.000000000000000000 ) ) ;
#501 = VERTEX_POINT ( 'NONE', #408 ) ;
#502 = CARTESIAN_POINT ( 'NONE',  ( 52.83322585707208674, 1.440738445092719200, 0.000000000000000000 ) ) ;
#503 = DIRECTION ( 'NONE',  ( 0.000000000000000000, 0.000000000000000000, 1.000000000000000000 ) ) ;
#504 = CC_DESIGN_DATE_AND_TIME_ASSIGNMENT ( #1012, #134, ( #518 ) ) ;
#505 = DIRECTION ( 'NONE',  ( 1.000000000000000000, 0.000000000000000000, 0.000000000000000000 ) ) ;
#506 = CARTESIAN_POINT ( 'NONE',  ( 69.25000000000000000, 10.09999999999999964, 5.000000000000000000 ) ) ;
#507 = ORIENTED_EDGE ( 'NONE', *, *, #149, .F. ) ;
#508 = FACE_OUTER_BOUND ( 'NONE', #902, .T. ) ;
#509 = CARTESIAN_POINT ( 'NONE',  ( 50.35000000000000142, 2.020667218593130783E-16, 5.000000000000000000 ) ) ;
#510 = CARTESIAN_POINT ( 'NONE',  ( 116.2081337428812304, -5.429461276366324363, -0.000000000000000000 ) ) ;
#511 = EDGE_CURVE ( 'NONE', #944, #254, #808, .T. ) ;
#512 = CARTESIAN_POINT ( 'NONE',  ( 40.00000064190008686, 151.9999977266954545, 0.000000000000000000 ) ) ;
#513 = DIRECTION ( 'NONE',  ( -0.000000000000000000, -0.000000000000000000, 1.000000000000000000 ) ) ;
#514 = DIRECTION ( 'NONE',  ( 1.000000000000000000, 0.000000000000000000, 0.000000000000000000 ) ) ;
#515 = CC_DESIGN_SECURITY_CLASSIFICATION ( #724, ( #865 ) ) ;
#516 = DIRECTION ( 'NONE',  ( 1.000000000000000000, 0.000000000000000000, 0.000000000000000000 ) ) ;
#517 = PERSON_AND_ORGANIZATION ( #569, #53 ) ;
#518 = PRODUCT_DEFINITION ( 'UNKNOWN', '', #865, #1168 ) ;
#519 = CARTESIAN_POINT ( 'NONE',  ( 64.67037053025624971, 3.391935987811271147, -0.000000000000000000 ) ) ;
#520 = EDGE_LOOP ( 'NONE', ( #1246, #797, #198, #306 ) ) ;
#521 = AXIS2_PLACEMENT_3D ( 'NONE', #1097, #513, #32 ) ;
#522 = CARTESIAN_POINT ( 'NONE',  ( 64.67042372934064076, 6.607935578226957318, 0.000000000000000000 ) ) ;
#523 = CARTESIAN_POINT ( 'NONE',  ( 113.1591331209417177, -5.833279056153235942, -0.000000000000000000 ) ) ;
#524 = PERSON_AND_ORGANIZATION_ROLE ( 'design_owner' ) ;
#525 = CARTESIAN_POINT ( 'NONE',  ( 66.11230532930009929, -3.678754652284602411, -0.000000000000000000 ) ) ;
#526 = ORIENTED_EDGE ( 'NONE', *, *, #730, .F. ) ;
#527 = CARTESIAN_POINT ( 'NONE',  ( 28.39193598780620675, 0.4296294697478201807, -0.000000000000000000 ) ) ;
#528 = EDGE_CURVE ( 'NONE', #1020, #240, #402, .T. ) ;
#529 = CARTESIAN_POINT ( 'NONE',  ( 110.4500000000000171, -10.09999999999999787, 5.000000000000000000 ) ) ;
#530 = ORIENTED_EDGE ( 'NONE', *, *, #885, .F. ) ;
#531 = DATE_AND_TIME ( #1209, #371 ) ;
#532 = CARTESIAN_POINT ( 'NONE',  ( 114.5999999999999943, 5.000000000000000000, -1.200000000000000030E-05 ) ) ;
#533 = VERTEX_POINT ( 'NONE', #1207 ) ;
#534 = CARTESIAN_POINT ( 'NONE',  ( 29.57042372935069352, 1.607935578236297181, 0.000000000000000000 ) ) ;
#535 = EDGE_CURVE ( 'NONE', #538, #451, #869, .T. ) ;
#536 = CC_DESIGN_APPROVAL ( #1005, ( #724 ) ) ;
#537 = CARTESIAN_POINT ( 'NONE',  ( -2.149930466139648555, 0.2847577095842491191, -0.000000000000000000 ) ) ;
#538 = VERTEX_POINT ( 'NONE', #1112 ) ;
#539 = LINE ( 'NONE', #249, #1134 ) ;
#540 = VECTOR ( 'NONE', #1107, 999.9999999999998863 ) ;
#541 = CARTESIAN_POINT ( 'NONE',  ( 63.44999999999999574, 5.000000000000004441, -6.000000000000000152E-06 ) ) ;
#542 = CARTESIAN_POINT ( 'NONE',  ( 28.67875465229764487, 1.012305329315288160, -0.000000000000000000 ) ) ;
#543 = AXIS2_PLACEMENT_3D ( 'NONE', #532, #941, #1114 ) ;
#544 = CARTESIAN_POINT ( 'NONE',  ( -1.721682854857194078, 1.318974639979135111, -0.000000000000000000 ) ) ;
#545 = CC_DESIGN_PERSON_AND_ORGANIZATION_ASSIGNMENT ( #722, #627, ( #865 ) ) ;
#546 = APPLICATION_CONTEXT ( 'configuration controlled 3d designs of mechanical parts and assemblies' ) ;
#547 = EDGE_LOOP ( 'NONE', ( #91, #483, #640, #174, #1160, #781, #775, #593, #390 ) ) ;
#548 = EDGE_CURVE ( 'NONE', #778, #1192, #231, .T. ) ;
#549 = FACE_OUTER_BOUND ( 'NONE', #647, .T. ) ;
#550 = AXIS2_PLACEMENT_3D ( 'NONE', #583, #1081, #95 ) ;
#551 = VERTEX_POINT ( 'NONE', #702 ) ;
#552 = CARTESIAN_POINT ( 'NONE',  ( 63.44999999999999574, 5.000000000000004441, -6.000000000000000152E-06 ) ) ;
#553 = CARTESIAN_POINT ( 'NONE',  ( 40.00000064190008686, -152.0000067482216366, 0.000000000000000000 ) ) ;
#554 = VERTEX_POINT ( 'NONE', #137 ) ;
#555 = ADVANCED_FACE ( 'NONE', ( #211 ), #114, .F. ) ;
#556 = DIRECTION ( 'NONE',  ( -0.000000000000000000, -0.000000000000000000, 1.000000000000000000 ) ) ;
#557 = VERTEX_POINT ( 'NONE', #795 ) ;
#558 = CARTESIAN_POINT ( 'NONE',  ( -1.318974639976477903, -1.721682854854208689, -0.000000000000000000 ) ) ;
#559 = CARTESIAN_POINT ( 'NONE',  ( 52.00000000000000000, 0.000000000000000000, 5.000000000000000000 ) ) ;
#560 = ORIENTED_EDGE ( 'NONE', *, *, #788, .T. ) ;
#561 = APPROVAL_ROLE ( '' ) ;
#562 = CARTESIAN_POINT ( 'NONE',  ( 63.45006950795940526, -4.781546418012908362, 0.000000000000000000 ) ) ;
#563 = B_SPLINE_CURVE_WITH_KNOTS ( 'NONE', 3,
 ( #221, #1016, #1208, #523, #893, #28, #1006, #22, #45, #620, #213, #1086, #824, #316, #427, #510, #207, #1093 ),
 .UNSPECIFIED., .F., .F.,
 ( 4, 2, 2, 2, 2, 2, 2, 2, 4 ),
 ( 0.4999999999999998335, 0.5624999999999998890, 0.6249999999999998890, 0.6874999999999998890, 0.7500000000000000000, 0.8125000000000000000, 0.8750000000000000000, 0.9375000000000000000, 1.000000000000000000 ),
 .UNSPECIFIED. ) ;
#564 = EDGE_CURVE ( 'NONE', #656, #1163, #622, .T. ) ;
#565 = AXIS2_PLACEMENT_3D ( 'NONE', #382, #684, #764 ) ;
#566 = ORIENTED_EDGE ( 'NONE', *, *, #2, .T. ) ;
#567 = CARTESIAN_POINT ( 'NONE',  ( 112.9500695079594124, -4.781546418012909250, -0.000000000000000000 ) ) ;
#568 = CARTESIAN_POINT ( 'NONE',  ( 53.01220703021026281, -1.321147048604013774, 0.000000000000000000 ) ) ;
#569 = PERSON ( 'UNSPECIFIED', 'UNSPECIFIED', 'UNSPECIFIED', ('UNSPECIFIED'), ('UNSPECIFIED'), ('UNSPECIFIED') ) ;
#570 = ORIENTED_EDGE ( 'NONE', *, *, #528, .F. ) ;
#571 = DATE_AND_TIME ( #452, #1074 ) ;
#572 = FACE_OUTER_BOUND ( 'NONE', #881, .T. ) ;
#573 = EDGE_LOOP ( 'NONE', ( #439, #65, #983, #1027 ) ) ;
#574 = CARTESIAN_POINT ( 'NONE',  ( 0.2847577095899063160, -2.150069533862255078, -0.000000000000000000 ) ) ;
#575 = EDGE_CURVE ( 'NONE', #501, #658, #143, .T. ) ;
#576 = CARTESIAN_POINT ( 'NONE',  ( 51.57037053026727591, -1.608064012194506232, -0.000000000000000000 ) ) ;
#577 = ORIENTED_EDGE ( 'NONE', *, *, #457, .T. ) ;
#578 = DIRECTION ( 'NONE',  ( 1.000000000000000000, 0.000000000000000000, 0.000000000000000000 ) ) ;
#579 = EDGE_LOOP ( 'NONE', ( #878, #765, #1014, #1042 ) ) ;
#580 = CARTESIAN_POINT ( 'NONE',  ( 65.09999999999999432, 5.000000000000000000, -1.200000000000000030E-05 ) ) ;
#581 = CARTESIAN_POINT ( 'NONE',  ( 29.78154641799820368, -1.649930492040559749, 0.000000000000000000 ) ) ;
#582 = EDGE_CURVE ( 'NONE', #966, #1064, #1262, .T. ) ;
#583 = CARTESIAN_POINT ( 'NONE',  ( 30.00000000000000000, 0.000000000000000000, -1.200000000000000030E-05 ) ) ;
#584 = APPROVAL_PERSON_ORGANIZATION ( #917, #58, #341 ) ;
#585 = DIRECTION ( 'NONE',  ( 1.000000000000000000, 0.000000000000000000, 0.000000000000000000 ) ) ;
#586 = ORIENTED_EDGE ( 'NONE', *, *, #348, .T. ) ;
#587 = CARTESIAN_POINT ( 'NONE',  ( 113.9999999153028369, -10.00000659615363219, 5.000000000000000000 ) ) ;
#588 = AXIS2_PLACEMENT_3D ( 'NONE', #33, #1092, #413 ) ;
#589 = LINE ( 'NONE', #777, #15 ) ;
#590 = ORIENTED_EDGE ( 'NONE', *, *, #290, .F. ) ;
#591 = VECTOR ( 'NONE', #973, 1000.000000000000000 ) ;
#592 = CARTESIAN_POINT ( 'NONE',  ( 113.2788529513795766, 3.987792969801859044, 0.000000000000000000 ) ) ;
#593 = ORIENTED_EDGE ( 'NONE', *, *, #11, .F. ) ;
#594 = CARTESIAN_POINT ( 'NONE',  ( 112.9499999999999886, -5.000000000000004441, -6.000000000000000152E-06 ) ) ;
#595 = CARTESIAN_POINT ( 'NONE',  ( 52.83327905615569620, -1.440866879051446281, -0.000000000000000000 ) ) ;
#596 = CLOSED_SHELL ( 'NONE', ( #88, #900, #555, #836, #20, #447, #187, #1258, #66, #796, #662, #804, #707, #655, #1159, #252, #1206, #859, #1033, #1167, #311, #328, #693, #645, #1017, #105, #159, #740, #940 ) ) ;
#597 = LINE ( 'NONE', #1264, #780 ) ;
#598 = DIRECTION ( 'NONE',  ( 0.000000000000000000, 0.000000000000000000, 1.000000000000000000 ) ) ;
#599 = EDGE_CURVE ( 'NONE', #946, #1178, #710, .T. ) ;
#600 = ORIENTED_EDGE ( 'NONE', *, *, #1220, .T. ) ;
#601 = CYLINDRICAL_SURFACE ( 'NONE', #874, 20.00000525194180767 ) ;
#602 = CARTESIAN_POINT ( 'NONE',  ( 66.42114704860560437, 6.012207030210103831, 0.000000000000000000 ) ) ;
#603 = CARTESIAN_POINT ( 'NONE',  ( -4.891710115548655757, -19.39256451076309773, 5.000000000000000000 ) ) ;
#604 = CARTESIAN_POINT ( 'NONE',  ( 110.4500000000000028, -10.09999999999999964, 0.000000000000000000 ) ) ;
#605 = CC_DESIGN_APPROVAL ( #58, ( #518 ) ) ;
#606 = EDGE_LOOP ( 'NONE', ( #1096, #866, #106, #459 ) ) ;
#607 = DIRECTION ( 'NONE',  ( 0.000000000000000000, 0.000000000000000000, 1.000000000000000000 ) ) ;
#608 = DIRECTION ( 'NONE',  ( 0.000000000000000000, 0.000000000000000000, 1.000000000000000000 ) ) ;
#609 = CIRCLE ( 'NONE', #815, 1.649999999999998579 ) ;
#610 = FACE_BOUND ( 'NONE', #272, .T. ) ;
#611 = LINE ( 'NONE', #385, #13 ) ;
#612 = EDGE_LOOP ( 'NONE', ( #446, #682, #1185, #847 ) ) ;
#613 = CARTESIAN_POINT ( 'NONE',  ( 53.64999999999999147, 0.2186215401836499872, 0.000000000000000000 ) ) ;
#614 = DIRECTION ( 'NONE',  ( -0.000000000000000000, -0.000000000000000000, -1.000000000000000000 ) ) ;
#615 = LINE ( 'NONE', #603, #223 ) ;
#616 = AXIS2_PLACEMENT_3D ( 'NONE', #422, #228, #232 ) ;
#617 = CARTESIAN_POINT ( 'NONE',  ( 114.1703705302562497, 3.391935987811270703, -0.000000000000000000 ) ) ;
#618 = CARTESIAN_POINT ( 'NONE',  ( 119.9999974884518394, 9.999993403846367812, 0.000000000000000000 ) ) ;
#619 = DIRECTION ( 'NONE',  ( 0.9993823271392661134, 0.03514205744837660406, -0.000000000000000000 ) ) ;
#620 = CARTESIAN_POINT ( 'NONE',  ( 114.8184535819928840, -6.650069507959415205, -0.000000000000000000 ) ) ;
#621 = APPROVAL_DATE_TIME ( #1025, #58 ) ;
#622 = B_SPLINE_CURVE_WITH_KNOTS ( 'NONE', 3,
 ( #303, #697, #1085, #206, #602, #892, #19, #828, #936, #644, #522, #659, #638, #162, #915, #631, #332, #552 ),
 .UNSPECIFIED., .F., .F.,
 ( 4, 2, 2, 2, 2, 2, 2, 2, 4 ),
 ( -1.110223024625156540E-16, 0.06249999999999991673, 0.1249999999999999445, 0.1874999999999999722, 0.2500000000000000000, 0.3125000000000000000, 0.3750000000000000555, 0.4375000000000001110, 0.5000000000000001110 ),
 .UNSPECIFIED. ) ;
#623 = CARTESIAN_POINT ( 'NONE',  ( 66.70793557822693742, -4.570423729343483288, -0.000000000000000000 ) ) ;
#624 = ORIENTED_EDGE ( 'NONE', *, *, #281, .F. ) ;
#625 = DIRECTION ( 'NONE',  ( 1.000000000000000000, 0.000000000000000000, 0.000000000000000000 ) ) ;
#626 = CARTESIAN_POINT ( 'NONE',  ( 119.9999974884518394, -10.00000659615363219, 5.000000000000000000 ) ) ;
#627 = PERSON_AND_ORGANIZATION_ROLE ( 'creator' ) ;
#628 = CARTESIAN_POINT ( 'NONE',  ( 66.54086687906028885, -4.166720943851712100, -0.000000000000000000 ) ) ;
#629 = ORIENTED_EDGE ( 'NONE', *, *, #1183, .T. ) ;
#630 = AXIS2_PLACEMENT_3D ( 'NONE', #580, #677, #170 ) ;
#631 = CARTESIAN_POINT ( 'NONE',  ( 63.49193598780549053, 5.429629469749563953, -0.000000000000000000 ) ) ;
#632 = CARTESIAN_POINT ( 'NONE',  ( 114.2094000000000023, -15.99634902152619453, 5.000000000000000000 ) ) ;
#633 = ORIENTED_EDGE ( 'NONE', *, *, #1235, .T. ) ;
#634 = APPLICATION_PROTOCOL_DEFINITION ( 'international standard', 'config_control_design', 1994, #546 ) ;
#635 = CARTESIAN_POINT ( 'NONE',  ( 64.88154641801003208, -6.649930492040564189, 0.000000000000000000 ) ) ;
#636 = EDGE_CURVE ( 'NONE', #1192, #1062, #1217, .T. ) ;
#637 = ORIENTED_EDGE ( 'NONE', *, *, #419, .T. ) ;
#638 = CARTESIAN_POINT ( 'NONE',  ( 64.08779296978377715, 6.321147048596617246, 0.000000000000000000 ) ) ;
#639 = CARTESIAN_POINT ( 'NONE',  ( 40.00000064190008686, 151.9999977266954545, 5.000000000000000000 ) ) ;
#640 = ORIENTED_EDGE ( 'NONE', *, *, #96, .F. ) ;
#641 = DIRECTION ( 'NONE',  ( -0.000000000000000000, -0.000000000000000000, -1.000000000000000000 ) ) ;
#642 = CYLINDRICAL_SURFACE ( 'NONE', #543, 1.649999999999998579 ) ;
#643 = CC_DESIGN_DATE_AND_TIME_ASSIGNMENT ( #760, #395, ( #724 ) ) ;
#644 = CARTESIAN_POINT ( 'NONE',  ( 64.88154641801001787, 6.650069507959414317, -0.000000000000000000 ) ) ;
#645 = ADVANCED_FACE ( 'NONE', ( #237 ), #1223, .F. ) ;
#646 = FACE_OUTER_BOUND ( 'NONE', #887, .T. ) ;
#647 = EDGE_LOOP ( 'NONE', ( #85, #468, #792, #495 ) ) ;
#648 = DIRECTION ( 'NONE',  ( 1.000000000000000000, 0.000000000000000000, 0.000000000000000000 ) ) ;
#649 = AXIS2_PLACEMENT_3D ( 'NONE', #94, #296, #1255 ) ;
#650 = AXIS2_PLACEMENT_3D ( 'NONE', #355, #942, #1136 ) ;
#651 = CARTESIAN_POINT ( 'NONE',  ( 65.31845358198998497, -6.650069507959414317, -0.000000000000000000 ) ) ;
#652 = CARTESIAN_POINT ( 'NONE',  ( 110.4500000000000028, -10.09999999999999964, 0.000000000000000000 ) ) ;
#653 = VECTOR ( 'NONE', #1154, 1000.000000000000000 ) ;
#654 = CARTESIAN_POINT ( 'NONE',  ( -2.149999999999999467, 1.316495309083404371E-16, -6.000000000000000152E-06 ) ) ;
#655 = ADVANCED_FACE ( 'NONE', ( #845 ), #150, .F. ) ;
#656 = VERTEX_POINT ( 'NONE', #56 ) ;
#657 = DIRECTION ( 'NONE',  ( -1.000000000000000000, 0.000000000000000000, 0.000000000000000000 ) ) ;
#658 = VERTEX_POINT ( 'NONE', #437 ) ;
#659 = CARTESIAN_POINT ( 'NONE',  ( 64.26672094385457967, 6.440866879060276773, -0.000000000000000000 ) ) ;
#660 = CARTESIAN_POINT ( 'NONE',  ( 114.5999999999999943, -5.000000000000000000, -1.200000000000000030E-05 ) ) ;
#661 = EDGE_LOOP ( 'NONE', ( #73, #179, #633, #1231, #455, #1175, #1054, #577, #1119 ) ) ;
#662 = ADVANCED_FACE ( 'NONE', ( #755 ), #833, .F. ) ;
#663 = DIRECTION ( 'NONE',  ( 1.000000000000000000, 0.000000000000000000, 0.000000000000000000 ) ) ;
#664 = ORIENTED_EDGE ( 'NONE', *, *, #1066, .T. ) ;
#665 = CARTESIAN_POINT ( 'NONE',  ( 113.2787546522964846, -3.987694670690876908, -0.000000000000000000 ) ) ;
#666 = CARTESIAN_POINT ( 'NONE',  ( 53.60813374288120770, -0.4294612763593441684, -0.000000000000000000 ) ) ;
#667 = ORIENTED_EDGE ( 'NONE', *, *, #497, .F. ) ;
#668 = CIRCLE ( 'NONE', #194, 1.649999999999998579 ) ;
#669 = CYLINDRICAL_SURFACE ( 'NONE', #817, 1.649999999999998579 ) ;
#670 = VERTEX_POINT ( 'NONE', #839 ) ;
#671 = CARTESIAN_POINT ( 'NONE',  ( -2.150069533860349047, -0.2847577095842490635, -0.000000000000000000 ) ) ;
#672 = CARTESIAN_POINT ( 'NONE',  ( 30.83327905615497144, -1.440866879051446725, -0.000000000000000000 ) ) ;
#673 = FACE_OUTER_BOUND ( 'NONE', #1260, .T. ) ;
#674 = CARTESIAN_POINT ( 'NONE',  ( -4.891710115548655757, -19.39256451076309773, 0.000000000000000000 ) ) ;
#675 = AXIS2_PLACEMENT_3D ( 'NONE', #1075, #286, #279 ) ;
#676 = ORIENTED_EDGE ( 'NONE', *, *, #636, .F. ) ;
#677 = DIRECTION ( 'NONE',  ( -0.000000000000000000, -0.000000000000000000, 1.000000000000000000 ) ) ;
#678 = EDGE_CURVE ( 'NONE', #705, #152, #477, .T. ) ;
#679 = CARTESIAN_POINT ( 'NONE',  ( 28.67885295138726320, -1.012207030202253888, 0.000000000000000000 ) ) ;
#680 = CYLINDRICAL_SURFACE ( 'NONE', #550, 1.649999999999998579 ) ;
#681 = CARTESIAN_POINT ( 'NONE',  ( 2.149999999999999467, 0.000000000000000000, -6.000000000000000152E-06 ) ) ;
#682 = ORIENTED_EDGE ( 'NONE', *, *, #334, .F. ) ;
#683 = CARTESIAN_POINT ( 'NONE',  ( 114.3815464180129311, -3.349930492034794316, -0.000000000000000000 ) ) ;
#684 = DIRECTION ( 'NONE',  ( -1.000000000000000000, 0.000000000000000000, 0.000000000000000000 ) ) ;
#685 = ORIENTED_EDGE ( 'NONE', *, *, #1057, .T. ) ;
#686 = LOCAL_TIME ( 23, 18, 9.000000000000000000, #1110 ) ;
#687 = CARTESIAN_POINT ( 'NONE',  ( 115.4332790561672368, 3.559133120955718876, -0.000000000000000000 ) ) ;
#688 = ORIENTED_EDGE ( 'NONE', *, *, #599, .F. ) ;
#689 = CARTESIAN_POINT ( 'NONE',  ( 116.2079355782249195, -4.570423729338561891, 0.000000000000000000 ) ) ;
#690 = AXIS2_PLACEMENT_3D ( 'NONE', #158, #846, #356 ) ;
#691 = CARTESIAN_POINT ( 'NONE',  ( 50.35000000000000142, 1.010333609296565391E-16, -6.000000000000000152E-06 ) ) ;
#692 = VERTEX_POINT ( 'NONE', #1211 ) ;
#693 = ADVANCED_FACE ( 'NONE', ( #1229 ), #1116, .F. ) ;
#694 = DIRECTION ( 'NONE',  ( -1.000000000000000000, 0.000000000000000000, 0.000000000000000000 ) ) ;
#695 = VERTEX_POINT ( 'NONE', #367 ) ;
#696 = CARTESIAN_POINT ( 'NONE',  ( 114.2094000000000023, -15.99634902152619453, 5.000000000000000000 ) ) ;
#697 = CARTESIAN_POINT ( 'NONE',  ( 66.74999999999997158, 5.218621540180175877, 0.000000000000000000 ) ) ;
#698 = PLANE ( 'NONE',  #616 ) ;
#699 = LINE ( 'NONE', #1000, #969 ) ;
#700 = VERTEX_POINT ( 'NONE', #387 ) ;
#701 = CARTESIAN_POINT ( 'NONE',  ( 114.1704237293385660, 6.607935578224902962, 0.000000000000000000 ) ) ;
#702 = CARTESIAN_POINT ( 'NONE',  ( 50.35000000000000142, 1.010333609296565391E-16, -6.000000000000000152E-06 ) ) ;
#703 = FACE_OUTER_BOUND ( 'NONE', #800, .T. ) ;
#704 = DIRECTION ( 'NONE',  ( -0.000000000000000000, 0.000000000000000000, -1.000000000000000000 ) ) ;
#705 = VERTEX_POINT ( 'NONE', #80 ) ;
#706 = FACE_BOUND ( 'NONE', #195, .T. ) ;
#707 = ADVANCED_FACE ( 'NONE', ( #975 ), #961, .T. ) ;
#708 = DIRECTION ( 'NONE',  ( -0.000000000000000000, -0.000000000000000000, -1.000000000000000000 ) ) ;
#709 = VECTOR ( 'NONE', #819, 1000.000000000000000 ) ;
#710 = CIRCLE ( 'NONE', #650, 1.649999999999998579 ) ;
#711 = CARTESIAN_POINT ( 'NONE',  ( 66.74999999999998579, 5.000000000000000000, -1.200000000000000030E-05 ) ) ;
#712 = CARTESIAN_POINT ( 'NONE',  ( 63.44999999999999574, 5.000000000000004441, -6.000000000000000152E-06 ) ) ;
#713 = VECTOR ( 'NONE', #77, 1000.000000000000000 ) ;
#714 = CARTESIAN_POINT ( 'NONE',  ( 119.9999974884518394, -10.00000659615363219, 5.000000000000000000 ) ) ;
#715 = EDGE_CURVE ( 'NONE', #501, #831, #374, .T. ) ;
#716 = CARTESIAN_POINT ( 'NONE',  ( 110.4500000000000028, 10.09999999999999964, 5.000000000000000000 ) ) ;
#717 = CARTESIAN_POINT ( 'NONE',  ( 1.877433178113299572, 1.085877808655849597, -0.000000000000000000 ) ) ;
#718 =( NAMED_UNIT ( * ) PLANE_ANGLE_UNIT ( ) SI_UNIT ( $, .RADIAN. ) );
#719 = CARTESIAN_POINT ( 'NONE',  ( 50.67875465229466414, 1.012305329311587565, -0.000000000000000000 ) ) ;
#720 = DIRECTION ( 'NONE',  ( 1.000000000000000000, 0.000000000000000000, 0.000000000000000000 ) ) ;
#721 = CARTESIAN_POINT ( 'NONE',  ( 114.5999999999999943, 5.000000000000000000, -1.200000000000000030E-05 ) ) ;
#722 = PERSON_AND_ORGANIZATION ( #569, #53 ) ;
#723 = CARTESIAN_POINT ( 'NONE',  ( 63.77885295138450772, 3.987792969799806020, 0.000000000000000000 ) ) ;
#724 = SECURITY_CLASSIFICATION ( '', '', #1213 ) ;
#725 = ORIENTED_EDGE ( 'NONE', *, *, #233, .T. ) ;
#726 = CARTESIAN_POINT ( 'NONE',  ( 30.83322585707280439, 1.440738445092719200, 0.000000000000000000 ) ) ;
#727 = CARTESIAN_POINT ( 'NONE',  ( -1.318876304244966269, 1.721584519123038781, 0.000000000000000000 ) ) ;
#728 = VECTOR ( 'NONE', #997, 1000.000000000000000 ) ;
#729 = ORIENTED_EDGE ( 'NONE', *, *, #2, .F. ) ;
#730 = EDGE_CURVE ( 'NONE', #260, #152, #186, .T. ) ;
#731 = PERSON_AND_ORGANIZATION ( #569, #53 ) ;
#732 = CARTESIAN_POINT ( 'NONE',  ( 63.49206442177305121, -5.429576270656525594, -0.000000000000000000 ) ) ;
#733 = VECTOR ( 'NONE', #1140, 1000.000000000000000 ) ;
#734 = CARTESIAN_POINT ( 'NONE',  ( 30.42962946973199934, 1.608064012194506232, -0.000000000000000000 ) ) ;
#735 = LINE ( 'NONE', #1225, #214 ) ;
#736 = ORIENTED_EDGE ( 'NONE', *, *, #1108, .F. ) ;
#737 = APPROVAL_STATUS ( 'not_yet_approved' ) ;
#738 = CC_DESIGN_PERSON_AND_ORGANIZATION_ASSIGNMENT ( #731, #1120, ( #724 ) ) ;
#739 = CARTESIAN_POINT ( 'NONE',  ( 64.88154641801003208, 3.350069507965189874, 0.000000000000000000 ) ) ;
#740 = ADVANCED_FACE ( 'NONE', ( #469 ), #463, .F. ) ;
#741 = DIRECTION ( 'NONE',  ( -0.000000000000000000, -0.000000000000000000, -1.000000000000000000 ) ) ;
#742 = CARTESIAN_POINT ( 'NONE',  ( -2.149999999999999911, 2.632990618166808742E-16, -1.200000000000000030E-05 ) ) ;
#743 = ORIENTED_EDGE ( 'NONE', *, *, #1108, .T. ) ;
#744 = CALENDAR_DATE ( 2026, 1, 10 ) ;
#745 = CARTESIAN_POINT ( 'NONE',  ( 66.70813374288123043, 4.570538723633684519, -0.000000000000000000 ) ) ;
#746 = EDGE_LOOP ( 'NONE', ( #935, #1078, #76, #282 ) ) ;
#747 = CARTESIAN_POINT ( 'NONE',  ( 28.35000000000000142, 1.010333609296565391E-16, -6.000000000000000152E-06 ) ) ;
#748 = EDGE_CURVE ( 'NONE', #292, #1001, #224, .T. ) ;
#749 = LOCAL_TIME ( 23, 18, 9.000000000000000000, #255 ) ;
#750 = CARTESIAN_POINT ( 'NONE',  ( -0.2847577095899064825, 2.150069533862255078, -0.000000000000000000 ) ) ;
#751 = ORIENTED_EDGE ( 'NONE', *, *, #297, .F. ) ;
#752 = AXIS2_PLACEMENT_3D ( 'NONE', #308, #327, #720 ) ;
#753 = CARTESIAN_POINT ( 'NONE',  ( 64.08779296978786988, -3.678852951393530191, 0.000000000000000000 ) ) ;
#754 = VERTEX_POINT ( 'NONE', #92 ) ;
#755 = FACE_OUTER_BOUND ( 'NONE', #612, .T. ) ;
#756 = EDGE_CURVE ( 'NONE', #1150, #754, #1247, .T. ) ;
#757 = AXIS2_PLACEMENT_3D ( 'NONE', #215, #888, #1094 ) ;
#758 = CARTESIAN_POINT ( 'NONE',  ( 66.74999999999998579, -5.000000000000002665, -6.000000000000000152E-06 ) ) ;
#759 = ORIENTED_EDGE ( 'NONE', *, *, #1073, .F. ) ;
#760 = DATE_AND_TIME ( #842, #315 ) ;
#761 = LINE ( 'NONE', #208, #302 ) ;
#762 = ORIENTED_EDGE ( 'NONE', *, *, #996, .T. ) ;
#763 = CARTESIAN_POINT ( 'NONE',  ( 114.1704237293583191, -3.392064421761154414, 0.000000000000000000 ) ) ;
#764 = DIRECTION ( 'NONE',  ( 0.000000000000000000, 0.000000000000000000, 1.000000000000000000 ) ) ;
#765 = ORIENTED_EDGE ( 'NONE', *, *, #464, .F. ) ;
#766 = CARTESIAN_POINT ( 'NONE',  ( 69.25000000000000000, -10.09999999999999964, 5.000000000000000000 ) ) ;
#767 = EDGE_LOOP ( 'NONE', ( #1047, #860, #949, #978 ) ) ;
#768 = DIRECTION ( 'NONE',  ( 0.000000000000000000, -1.000000000000000000, 0.000000000000000000 ) ) ;
#769 = CARTESIAN_POINT ( 'NONE',  ( -2.149999999999999467, 1.316495309083404371E-16, -6.000000000000000152E-06 ) ) ;
#770 = APPROVAL_PERSON_ORGANIZATION ( #517, #1098, #423 ) ;
#771 = CARTESIAN_POINT ( 'NONE',  ( 65.09999999999999432, 5.000000000000000000, 5.000000000000000000 ) ) ;
#772 = EDGE_CURVE ( 'NONE', #658, #778, #484, .T. ) ;
#773 = AXIS2_PLACEMENT_3D ( 'NONE', #990, #608, #132 ) ;
#774 = CARTESIAN_POINT ( 'NONE',  ( 63.44999999999999574, -5.000000000000004441, -6.000000000000000152E-06 ) ) ;
#775 = ORIENTED_EDGE ( 'NONE', *, *, #1250, .F. ) ;
#776 = CARTESIAN_POINT ( 'NONE',  ( 116.2499999999999858, 5.000000000000000000, 5.000000000000000000 ) ) ;
#777 = CARTESIAN_POINT ( 'NONE',  ( 78.04349000000000558, -17.26807902152619434, 5.000000000000000000 ) ) ;
#778 = VERTEX_POINT ( 'NONE', #787 ) ;
#779 = CARTESIAN_POINT ( 'NONE',  ( 114.5999999999999943, 5.000000000000000000, 5.000000000000000000 ) ) ;
#780 = VECTOR ( 'NONE', #109, 1000.000000000000000 ) ;
#781 = ORIENTED_EDGE ( 'NONE', *, *, #1151, .F. ) ;
#782 = CARTESIAN_POINT ( 'NONE',  ( 78.04349000000000558, 17.26807000000000158, 5.000000000000000000 ) ) ;
#783 = LINE ( 'NONE', #188, #1076 ) ;
#784 = ORIENTED_EDGE ( 'NONE', *, *, #1011, .T. ) ;
#785 = CARTESIAN_POINT ( 'NONE',  ( -1.155486609172307055E-07, -4.510763096376990688E-06, 5.000000000000000000 ) ) ;
#786 = VERTEX_POINT ( 'NONE', #776 ) ;
#787 = CARTESIAN_POINT ( 'NONE',  ( 69.25000000000000000, -10.09999999999999964, 0.000000000000000000 ) ) ;
#788 = EDGE_CURVE ( 'NONE', #841, #1020, #1035, .T. ) ;
#789 = CARTESIAN_POINT ( 'NONE',  ( 30.42957627064981807, -1.607935578235779150, 0.000000000000000000 ) ) ;
#790 = ORIENTED_EDGE ( 'NONE', *, *, #962, .F. ) ;
#791 = CARTESIAN_POINT ( 'NONE',  ( 78.04349000000000558, -17.26807902152619434, 0.000000000000000000 ) ) ;
#792 = ORIENTED_EDGE ( 'NONE', *, *, #29, .T. ) ;
#793 = DIRECTION ( 'NONE',  ( -1.000000000000000000, 0.000000000000000000, 0.000000000000000000 ) ) ;
#794 = AXIS2_PLACEMENT_3D ( 'NONE', #470, #1052, #362 ) ;
#795 = CARTESIAN_POINT ( 'NONE',  ( 116.2499999999999858, 5.000000000000002665, -6.000000000000000152E-06 ) ) ;
#796 = ADVANCED_FACE ( 'NONE', ( #1179, #18, #989, #1008, #897, #400, #706, #407, #120 ), #301, .F. ) ;
#797 = ORIENTED_EDGE ( 'NONE', *, *, #196, .F. ) ;
#798 = AXIS2_PLACEMENT_3D ( 'NONE', #696, #107, #807 ) ;
#799 = FACE_OUTER_BOUND ( 'NONE', #377, .T. ) ;
#800 = EDGE_LOOP ( 'NONE', ( #471, #507, #1142, #896 ) ) ;
#801 = CARTESIAN_POINT ( 'NONE',  ( 114.3815464180129453, 6.650069507959415205, -0.000000000000000000 ) ) ;
#802 = LINE ( 'NONE', #1009, #540 ) ;
#803 = DIRECTION ( 'NONE',  ( -0.000000000000000000, -0.000000000000000000, 1.000000000000000000 ) ) ;
#804 = ADVANCED_FACE ( 'NONE', ( #26 ), #131, .F. ) ;
#805 = CARTESIAN_POINT ( 'NONE',  ( 115.9212453477034330, 3.987694670690857812, -0.000000000000000000 ) ) ;
#806 = ORIENTED_EDGE ( 'NONE', *, *, #535, .F. ) ;
#807 = DIRECTION ( 'NONE',  ( -0.9993823271392661134, -0.03514205744837659712, 0.000000000000000000 ) ) ;
#808 = LINE ( 'NONE', #814, #1256 ) ;
#809 = DIRECTION ( 'NONE',  ( 0.000000000000000000, 0.000000000000000000, 1.000000000000000000 ) ) ;
#810 = DIRECTION ( 'NONE',  ( -0.000000000000000000, -0.000000000000000000, -1.000000000000000000 ) ) ;
#811 = EDGE_CURVE ( 'NONE', #59, #1244, #393, .T. ) ;
#812 = VERTEX_POINT ( 'NONE', #618 ) ;
#813 = CARTESIAN_POINT ( 'NONE',  ( 112.9919359878054479, 5.429629469749563953, -0.000000000000000000 ) ) ;
#814 = CARTESIAN_POINT ( 'NONE',  ( -20.00000536749046987, -4.510763096376990688E-06, 5.000000000000000000 ) ) ;
#815 = AXIS2_PLACEMENT_3D ( 'NONE', #559, #438, #144 ) ;
#816 = CARTESIAN_POINT ( 'NONE',  ( 2.149999999999999467, 0.000000000000000000, -6.000000000000000152E-06 ) ) ;
#817 = AXIS2_PLACEMENT_3D ( 'NONE', #965, #461, #585 ) ;
#818 = CARTESIAN_POINT ( 'NONE',  ( 113.2787546523006199, 6.012305329318975211, -0.000000000000000000 ) ) ;
#819 = DIRECTION ( 'NONE',  ( -0.000000000000000000, -0.000000000000000000, 1.000000000000000000 ) ) ;
#820 = CARTESIAN_POINT ( 'NONE',  ( 0.000000000000000000, 0.000000000000000000, -1.200000000000000030E-05 ) ) ;
#821 = DIRECTION ( 'NONE',  ( -1.000000000000000000, 0.000000000000000000, 0.000000000000000000 ) ) ;
#822 = CARTESIAN_POINT ( 'NONE',  ( 64.67037053025623550, -6.608064012194511783, -0.000000000000000000 ) ) ;
#823 = DIRECTION ( 'NONE',  ( 1.000000000000000000, 0.000000000000000000, 0.000000000000000000 ) ) ;
#824 = CARTESIAN_POINT ( 'NONE',  ( 115.6122070302162541, -6.321147048596598594, 0.000000000000000000 ) ) ;
#825 = PERSON_AND_ORGANIZATION_ROLE ( 'design_supplier' ) ;
#826 = CARTESIAN_POINT ( 'NONE',  ( 50.39193598780692440, 0.4296294697460623091, -0.000000000000000000 ) ) ;
#827 = CIRCLE ( 'NONE', #414, 5.999997573149007835 ) ;
#828 = CARTESIAN_POINT ( 'NONE',  ( 65.52962946974372471, 6.608064012194511783, -0.000000000000000000 ) ) ;
#829 = VECTOR ( 'NONE', #708, 1000.000000000000000 ) ;
#830 = FACE_OUTER_BOUND ( 'NONE', #345, .T. ) ;
#831 = VERTEX_POINT ( 'NONE', #1091 ) ;
#832 = CARTESIAN_POINT ( 'NONE',  ( 50.98779296978974429, 1.321147048604013774, 0.000000000000000000 ) ) ;
#833 = CYLINDRICAL_SURFACE ( 'NONE', #930, 139.9999979696119397 ) ;
#834 = CARTESIAN_POINT ( 'NONE',  ( 113.9999999153042864, 9.999997574627391472, 5.000000000000000000 ) ) ;
#835 = ORIENTED_EDGE ( 'NONE', *, *, #748, .T. ) ;
#836 = ADVANCED_FACE ( 'NONE', ( #508 ), #205, .F. ) ;
#837 = CARTESIAN_POINT ( 'NONE',  ( 63.44999999999999574, -5.000000000000004441, -6.000000000000000152E-06 ) ) ;
#838 = ORIENTED_EDGE ( 'NONE', *, *, #113, .T. ) ;
#839 = CARTESIAN_POINT ( 'NONE',  ( -4.891710115548633553, 19.39255548923690498, 5.000000000000000000 ) ) ;
#840 = CARTESIAN_POINT ( 'NONE',  ( -1.877304696289356034, 1.085824589743110025, 0.000000000000000000 ) ) ;
#841 = VERTEX_POINT ( 'NONE', #1193 ) ;
#842 = CALENDAR_DATE ( 2026, 1, 10 ) ;
#843 = CARTESIAN_POINT ( 'NONE',  ( 50.55926155490583085, 0.8332258570587502966, 0.000000000000000000 ) ) ;
#844 = ORIENTED_EDGE ( 'NONE', *, *, #1242, .F. ) ;
#845 = FACE_OUTER_BOUND ( 'NONE', #124, .T. ) ;
#846 = DIRECTION ( 'NONE',  ( -0.03514205744837659712, -0.9993823271392661134, 0.000000000000000000 ) ) ;
#847 = ORIENTED_EDGE ( 'NONE', *, *, #129, .T. ) ;
#848 = CIRCLE ( 'NONE', #649, 1.649999999999998579 ) ;
#849 = DIRECTION ( 'NONE',  ( -0.9993823271392661134, 0.03514205744837660406, -0.000000000000000000 ) ) ;
#850 = ORIENTED_EDGE ( 'NONE', *, *, #929, .T. ) ;
#851 = CARTESIAN_POINT ( 'NONE',  ( -2.149999999999999467, 1.316495309083404371E-16, -6.000000000000000152E-06 ) ) ;
#852 = AXIS2_PLACEMENT_3D ( 'NONE', #1063, #1152, #945 ) ;
#853 = DIRECTION ( 'NONE',  ( -0.000000000000000000, -0.000000000000000000, -1.000000000000000000 ) ) ;
#854 = ORIENTED_EDGE ( 'NONE', *, *, #582, .T. ) ;
#855 = CARTESIAN_POINT ( 'NONE',  ( 65.31845358198995655, -3.350069507965190319, 0.000000000000000000 ) ) ;
#856 = ORIENTED_EDGE ( 'NONE', *, *, #756, .F. ) ;
#857 = CARTESIAN_POINT ( 'NONE',  ( 2.149999999999999023, -0.2852895434721040568, -0.000000000000000000 ) ) ;
#858 = CARTESIAN_POINT ( 'NONE',  ( 30.00000000000000000, 0.000000000000000000, 5.000000000000000000 ) ) ;
#859 = ADVANCED_FACE ( 'NONE', ( #412 ), #601, .T. ) ;
#860 = ORIENTED_EDGE ( 'NONE', *, *, #772, .T. ) ;
#861 = LINE ( 'NONE', #951, #713 ) ;
#862 = EDGE_LOOP ( 'NONE', ( #145, #3, #70, #373 ) ) ;
#863 = CARTESIAN_POINT ( 'NONE',  ( -1.085824589728693335, -1.877304696291262065, 0.000000000000000000 ) ) ;
#864 = CARTESIAN_POINT ( 'NONE',  ( 51.16677414292792747, -1.440738445092719200, 0.000000000000000000 ) ) ;
#865 = PRODUCT_DEFINITION_FORMATION_WITH_SPECIFIED_SOURCE ( 'ANY', '', #140, .NOT_KNOWN. ) ;
#866 = ORIENTED_EDGE ( 'NONE', *, *, #1048, .F. ) ;
#867 = CC_DESIGN_PERSON_AND_ORGANIZATION_ASSIGNMENT ( #428, #825, ( #865 ) ) ;
#868 = EDGE_CURVE ( 'NONE', #557, #1182, #164, .T. ) ;
#869 = CIRCLE ( 'NONE', #752, 2.149999999999999911 ) ;
#870 = CARTESIAN_POINT ( 'NONE',  ( 63.77875465229652718, -3.987694670690878684, -0.000000000000000000 ) ) ;
#871 = ORIENTED_EDGE ( 'NONE', *, *, #181, .T. ) ;
#872 = CARTESIAN_POINT ( 'NONE',  ( 115.0296294697437389, -3.391935987811270703, -0.000000000000000000 ) ) ;
#873 = PLANE ( 'NONE',  #794 ) ;
#874 = AXIS2_PLACEMENT_3D ( 'NONE', #225, #112, #908 ) ;
#875 = DIRECTION ( 'NONE',  ( -0.000000000000000000, -0.000000000000000000, -1.000000000000000000 ) ) ;
#876 = CARTESIAN_POINT ( 'NONE',  ( 31.64999999999999858, 0.000000000000000000, -6.000000000000000152E-06 ) ) ;
#877 = EDGE_CURVE ( 'NONE', #254, #1068, #1018, .T. ) ;
#878 = ORIENTED_EDGE ( 'NONE', *, *, #1135, .T. ) ;
#879 = CARTESIAN_POINT ( 'NONE',  ( 1.877234991498772709, -1.085992755836142409, 0.000000000000000000 ) ) ;
#880 = CARTESIAN_POINT ( 'NONE',  ( 29.16677414292719561, -1.440738445092719200, 0.000000000000000000 ) ) ;
#881 = EDGE_LOOP ( 'NONE', ( #62, #988, #952, #397 ) ) ;
#882 = DIRECTION ( 'NONE',  ( 0.000000000000000000, 0.000000000000000000, 1.000000000000000000 ) ) ;
#883 = ORIENTED_EDGE ( 'NONE', *, *, #1011, .F. ) ;
#884 = CARTESIAN_POINT ( 'NONE',  ( 40.00000064190008686, -152.0000067482216366, 0.000000000000000000 ) ) ;
#885 = EDGE_CURVE ( 'NONE', #1219, #551, #453, .T. ) ;
#886 = CARTESIAN_POINT ( 'NONE',  ( 114.5999999999999943, -5.000000000000000000, -1.200000000000000030E-05 ) ) ;
#887 = EDGE_LOOP ( 'NONE', ( #7, #856, #312, #762 ) ) ;
#888 = DIRECTION ( 'NONE',  ( 0.000000000000000000, 0.000000000000000000, 1.000000000000000000 ) ) ;
#889 = ORIENTED_EDGE ( 'NONE', *, *, #929, .F. ) ;
#890 = CARTESIAN_POINT ( 'NONE',  ( 53.64999999999999858, 0.000000000000000000, -6.000000000000000152E-06 ) ) ;
#891 = CIRCLE ( 'NONE', #1117, 139.9999979696119397 ) ;
#892 = CARTESIAN_POINT ( 'NONE',  ( 66.11230532930997583, 6.321245347705507278, -0.000000000000000000 ) ) ;
#893 = CARTESIAN_POINT ( 'NONE',  ( 113.2788529513894531, -6.012207030208049474, 0.000000000000000000 ) ) ;
#894 = VECTOR ( 'NONE', #657, 1000.000000000000000 ) ;
#895 = DIRECTION ( 'NONE',  ( 1.000000000000000000, 0.000000000000000000, -0.000000000000000000 ) ) ;
#896 = ORIENTED_EDGE ( 'NONE', *, *, #49, .T. ) ;
#897 = FACE_BOUND ( 'NONE', #335, .T. ) ;
#898 = CARTESIAN_POINT ( 'NONE',  ( 116.2499999999999858, -5.000000000000000000, -1.200000000000000030E-05 ) ) ;
#899 = DIRECTION ( 'NONE',  ( 1.000000000000000000, 0.000000000000000000, 0.000000000000000000 ) ) ;
#900 = ADVANCED_FACE ( 'NONE', ( #243 ), #448, .F. ) ;
#901 = DIRECTION ( 'NONE',  ( -1.000000000000000000, 0.000000000000000000, 0.000000000000000000 ) ) ;
#902 = EDGE_LOOP ( 'NONE', ( #1170, #288, #248, #1115 ) ) ;
#903 = CARTESIAN_POINT ( 'NONE',  ( 113.7667209438566118, 6.440866879062331130, -0.000000000000000000 ) ) ;
#904 = CYLINDRICAL_SURFACE ( 'NONE', #1236, 1.649999999999998579 ) ;
#905 = CARTESIAN_POINT ( 'NONE',  ( -1.155486609172307055E-07, -4.510763096376990688E-06, 0.000000000000000000 ) ) ;
#906 =( NAMED_UNIT ( * ) SI_UNIT ( $, .STERADIAN. ) SOLID_ANGLE_UNIT ( ) );
#907 = AXIS2_PLACEMENT_3D ( 'NONE', #1126, #641, #821 ) ;
#908 = DIRECTION ( 'NONE',  ( -1.000000000000000000, 0.000000000000000000, 0.000000000000000000 ) ) ;
#909 = CARTESIAN_POINT ( 'NONE',  ( -4.891710115548633553, 19.39255548923690498, 5.000000000000000000 ) ) ;
#910 = CIRCLE ( 'NONE', #1176, 139.9999979696119397 ) ;
#911 = DIRECTION ( 'NONE',  ( -1.000000000000000000, 0.000000000000000000, 0.000000000000000000 ) ) ;
#912 = CARTESIAN_POINT ( 'NONE',  ( 66.42124534770344724, 3.987694670690876908, -0.000000000000000000 ) ) ;
#913 = EDGE_CURVE ( 'NONE', #1163, #656, #998, .T. ) ;
#914 = EDGE_LOOP ( 'NONE', ( #25, #835 ) ) ;
#915 = CARTESIAN_POINT ( 'NONE',  ( 63.65926155490725336, 5.833225857055258423, 0.000000000000000000 ) ) ;
#916 = FACE_BOUND ( 'NONE', #606, .T. ) ;
#917 = PERSON_AND_ORGANIZATION ( #569, #53 ) ;
#918 = DIRECTION ( 'NONE',  ( 1.000000000000000000, 0.000000000000000000, 0.000000000000000000 ) ) ;
#919 = DIRECTION ( 'NONE',  ( -0.000000000000000000, -0.000000000000000000, 1.000000000000000000 ) ) ;
#920 = DIRECTION ( 'NONE',  ( 1.000000000000000000, 0.000000000000000000, 0.000000000000000000 ) ) ;
#921 = EDGE_LOOP ( 'NONE', ( #790, #957, #1233, #411 ) ) ;
#922 = FACE_OUTER_BOUND ( 'NONE', #1139, .T. ) ;
#923 = CARTESIAN_POINT ( 'NONE',  ( -20.00000536749046987, -4.510763096376990688E-06, 5.000000000000000000 ) ) ;
#924 =( GEOMETRIC_REPRESENTATION_CONTEXT ( 3 ) GLOBAL_UNCERTAINTY_ASSIGNED_CONTEXT ( ( #44 ) ) GLOBAL_UNIT_ASSIGNED_CONTEXT ( ( #441, #718, #906 ) ) REPRESENTATION_CONTEXT ( 'NONE', 'WORKASPACE' ) );
#925 = EDGE_LOOP ( 'NONE', ( #380, #600 ) ) ;
#926 = DIRECTION ( 'NONE',  ( -1.000000000000000000, 0.000000000000000000, 0.000000000000000000 ) ) ;
#927 = VECTOR ( 'NONE', #614, 1000.000000000000000 ) ;
#928 = DIRECTION ( 'NONE',  ( 1.000000000000000000, 0.000000000000000000, 0.000000000000000000 ) ) ;
#929 = EDGE_CURVE ( 'NONE', #1090, #260, #981, .T. ) ;
#930 = AXIS2_PLACEMENT_3D ( 'NONE', #1143, #741, #156 ) ;
#931 = ORIENTED_EDGE ( 'NONE', *, *, #548, .F. ) ;
#932 = DIRECTION ( 'NONE',  ( 1.000000000000000000, 0.000000000000000000, 0.000000000000000000 ) ) ;
#933 = CARTESIAN_POINT ( 'NONE',  ( 64.08769467069987513, 3.678754652284601967, -0.000000000000000000 ) ) ;
#934 = VECTOR ( 'NONE', #556, 1000.000000000000000 ) ;
#935 = ORIENTED_EDGE ( 'NONE', *, *, #1151, .T. ) ;
#936 = CARTESIAN_POINT ( 'NONE',  ( 65.31845358198995655, 6.649930492040564189, 0.000000000000000000 ) ) ;
#937 = CYLINDRICAL_SURFACE ( 'NONE', #135, 1.649999999999998579 ) ;
#938 = AXIS2_PLACEMENT_3D ( 'NONE', #820, #499, #899 ) ;
#939 = ORIENTED_EDGE ( 'NONE', *, *, #788, .F. ) ;
#940 = ADVANCED_FACE ( 'NONE', ( #549 ), #642, .F. ) ;
#941 = DIRECTION ( 'NONE',  ( -0.000000000000000000, -0.000000000000000000, 1.000000000000000000 ) ) ;
#942 = DIRECTION ( 'NONE',  ( 0.000000000000000000, 0.000000000000000000, 1.000000000000000000 ) ) ;
#943 = DIRECTION ( 'NONE',  ( 1.000000000000000000, 0.000000000000000000, 0.000000000000000000 ) ) ;
#944 = VERTEX_POINT ( 'NONE', #923 ) ;
#945 = DIRECTION ( 'NONE',  ( 0.000000000000000000, -0.000000000000000000, -1.000000000000000000 ) ) ;
#946 = VERTEX_POINT ( 'NONE', #236 ) ;
#947 = CARTESIAN_POINT ( 'NONE',  ( 69.25000000000000000, 10.09999999999999964, 0.000000000000000000 ) ) ;
#948 = CARTESIAN_POINT ( 'NONE',  ( 65.09999999999999432, 5.000000000000000000, 5.000000000000000000 ) ) ;
#949 = ORIENTED_EDGE ( 'NONE', *, *, #548, .T. ) ;
#950 = CIRCLE ( 'NONE', #116, 1.649999999999998579 ) ;
#951 = CARTESIAN_POINT ( 'NONE',  ( 119.9999974884518394, 9.999993403846367812, 5.000000000000000000 ) ) ;
#952 = ORIENTED_EDGE ( 'NONE', *, *, #1048, .T. ) ;
#953 = CARTESIAN_POINT ( 'NONE',  ( 2.095446998299753893, -0.5595460033337534833, -0.000000000000000000 ) ) ;
#954 = EDGE_CURVE ( 'NONE', #260, #1090, #5, .T. ) ;
#955 = VECTOR ( 'NONE', #1161, 1000.000000000000000 ) ;
#956 = CARTESIAN_POINT ( 'NONE',  ( 53.64999999999999858, -0.2189853885585420767, -0.000000000000000000 ) ) ;
#957 = ORIENTED_EDGE ( 'NONE', *, *, #582, .F. ) ;
#958 = APPROVAL_DATE_TIME ( #571, #1005 ) ;
#959 = CARTESIAN_POINT ( 'NONE',  ( 63.65926155490725336, -4.166774142944750459, 0.000000000000000000 ) ) ;
#960 = ORIENTED_EDGE ( 'NONE', *, *, #913, .T. ) ;
#961 = CYLINDRICAL_SURFACE ( 'NONE', #78, 5.999997573149007835 ) ;
#962 = EDGE_CURVE ( 'NONE', #1064, #1178, #1056, .T. ) ;
#963 = LINE ( 'NONE', #465, #155 ) ;
#964 = EDGE_LOOP ( 'NONE', ( #102, #209 ) ) ;
#965 = CARTESIAN_POINT ( 'NONE',  ( 30.00000000000000000, 0.000000000000000000, -1.200000000000000030E-05 ) ) ;
#966 = VERTEX_POINT ( 'NONE', #876 ) ;
#967 = CARTESIAN_POINT ( 'NONE',  ( 69.25000000000000000, 10.09999999999999964, 5.000000000000000000 ) ) ;
#968 = CARTESIAN_POINT ( 'NONE',  ( 50.39206442177060552, -0.4295762706540418585, -0.000000000000000000 ) ) ;
#969 = VECTOR ( 'NONE', #222, 1000.000000000000000 ) ;
#970 = LINE ( 'NONE', #479, #383 ) ;
#971 = EDGE_CURVE ( 'NONE', #240, #533, #321, .T. ) ;
#972 = AXIS2_PLACEMENT_3D ( 'NONE', #1015, #503, #38 ) ;
#973 = DIRECTION ( 'NONE',  ( -0.000000000000000000, -0.000000000000000000, 1.000000000000000000 ) ) ;
#974 = ORIENTED_EDGE ( 'NONE', *, *, #457, .F. ) ;
#975 = FACE_OUTER_BOUND ( 'NONE', #183, .T. ) ;
#976 = CARTESIAN_POINT ( 'NONE',  ( 28.39206442177109935, -0.4295762706552816446, -0.000000000000000000 ) ) ;
#977 = CIRCLE ( 'NONE', #1141, 139.9999979696119397 ) ;
#978 = ORIENTED_EDGE ( 'NONE', *, *, #636, .T. ) ;
#979 = EDGE_CURVE ( 'NONE', #59, #695, #861, .T. ) ;
#980 = CARTESIAN_POINT ( 'NONE',  ( 116.2081337428812162, 4.570538723633684519, -0.000000000000000000 ) ) ;
#981 = B_SPLINE_CURVE_WITH_KNOTS ( 'NONE', 3,
 ( #837, #1227, #732, #230, #1133, #250, #256, #822, #635, #651, #147, #1210, #1037, #331, #1013, #1222, #1122, #161 ),
 .UNSPECIFIED., .F., .F.,
 ( 4, 2, 2, 2, 2, 2, 2, 2, 4 ),
 ( 0.4999999999999998335, 0.5624999999999998890, 0.6249999999999998890, 0.6874999999999998890, 0.7500000000000000000, 0.8125000000000000000, 0.8750000000000000000, 0.9375000000000000000, 1.000000000000000000 ),
 .UNSPECIFIED. ) ;
#982 = AXIS2_PLACEMENT_3D ( 'NONE', #128, #1195, #516 ) ;
#983 = ORIENTED_EDGE ( 'NONE', *, *, #730, .T. ) ;
#984 = CARTESIAN_POINT ( 'NONE',  ( 53.01230532930214423, 1.321245347713347229, -0.000000000000000000 ) ) ;
#985 = CARTESIAN_POINT ( 'NONE',  ( 53.32124534770535007, -1.012305329311587565, -0.000000000000000000 ) ) ;
#986 = ORIENTED_EDGE ( 'NONE', *, *, #1128, .F. ) ;
#987 = DIRECTION ( 'NONE',  ( 1.000000000000000000, 0.000000000000000000, 0.000000000000000000 ) ) ;
#988 = ORIENTED_EDGE ( 'NONE', *, *, #425, .F. ) ;
#989 = FACE_BOUND ( 'NONE', #269, .T. ) ;
#990 = CARTESIAN_POINT ( 'NONE',  ( -1.155486609172307055E-07, -4.510763096376990688E-06, 5.000000000000000000 ) ) ;
#991 = CARTESIAN_POINT ( 'NONE',  ( 114.2094000000000023, 15.99634000000000178, 0.000000000000000000 ) ) ;
#992 = CARTESIAN_POINT ( 'NONE',  ( 112.9499999999999886, 5.000000000000004441, -6.000000000000000152E-06 ) ) ;
#993 = CIRCLE ( 'NONE', #773, 20.00000525194180767 ) ;
#994 = ORIENTED_EDGE ( 'NONE', *, *, #1250, .T. ) ;
#995 = CARTESIAN_POINT ( 'NONE',  ( 53.60793557822940869, 0.4295762706540418585, -0.000000000000000000 ) ) ;
#996 = EDGE_CURVE ( 'NONE', #1172, #51, #287, .T. ) ;
#997 = DIRECTION ( 'NONE',  ( -0.000000000000000000, -0.000000000000000000, 1.000000000000000000 ) ) ;
#998 = B_SPLINE_CURVE_WITH_KNOTS ( 'NONE', 3,
 ( #541, #429, #42, #436, #723, #933, #1031, #519, #739, #136, #1214, #342, #336, #912, #47, #745, #61, #154 ),
 .UNSPECIFIED., .F., .F.,
 ( 4, 2, 2, 2, 2, 2, 2, 2, 4 ),
 ( 0.5000000000000001110, 0.5625000000000002220, 0.6250000000000002220, 0.6875000000000002220, 0.7500000000000002220, 0.8125000000000002220, 0.8750000000000000000, 0.9375000000000000000, 1.000000000000000000 ),
 .UNSPECIFIED. ) ;
#999 = CARTESIAN_POINT ( 'NONE',  ( 2.095248811685226809, 0.5596609505140460739, -0.000000000000000000 ) ) ;
#1000 = CARTESIAN_POINT ( 'NONE',  ( 50.35000000000000142, 2.020667218593130783E-16, -1.200000000000000030E-05 ) ) ;
#1001 = VERTEX_POINT ( 'NONE', #681 ) ;
#1002 = CARTESIAN_POINT ( 'NONE',  ( 52.42962946973273120, 1.608064012194506232, -0.000000000000000000 ) ) ;
#1003 = AXIS2_PLACEMENT_3D ( 'NONE', #721, #1188, #505 ) ;
#1004 = CARTESIAN_POINT ( 'NONE',  ( 2.149999999999999911, 0.000000000000000000, 5.000000000000000000 ) ) ;
#1005 = APPROVAL ( #83, 'UNSPECIFIED' ) ;
#1006 = CARTESIAN_POINT ( 'NONE',  ( 113.7667741429389707, -6.440738445092723197, 0.000000000000000000 ) ) ;
#1007 = CARTESIAN_POINT ( 'NONE',  ( 116.2499999999999858, 5.000000000000002665, -6.000000000000000152E-06 ) ) ;
#1008 = FACE_BOUND ( 'NONE', #914, .T. ) ;
#1009 = CARTESIAN_POINT ( 'NONE',  ( 114.2094000000000023, -15.99634902152619453, 5.000000000000000000 ) ) ;
#1010 = LINE ( 'NONE', #711, #1106 ) ;
#1011 = EDGE_CURVE ( 'NONE', #1058, #786, #100, .T. ) ;
#1012 = DATE_AND_TIME ( #1204, #749 ) ;
#1013 = CARTESIAN_POINT ( 'NONE',  ( 66.54066871440603848, -5.833394050438497125, 0.000000000000000000 ) ) ;
#1014 = ORIENTED_EDGE ( 'NONE', *, *, #244, .F. ) ;
#1015 = CARTESIAN_POINT ( 'NONE',  ( 114.5999999999999943, 5.000000000000000000, 5.000000000000000000 ) ) ;
#1016 = CARTESIAN_POINT ( 'NONE',  ( 112.9499304920405649, -5.218453581987100520, 0.000000000000000000 ) ) ;
#1017 = ADVANCED_FACE ( 'NONE', ( #190 ), #669, .F. ) ;
#1018 = CIRCLE ( 'NONE', #139, 20.00000525194180767 ) ;
#1019 = CARTESIAN_POINT ( 'NONE',  ( 51.57042372935090668, 1.607935578235779150, 0.000000000000000000 ) ) ;
#1020 = VERTEX_POINT ( 'NONE', #262 ) ;
#1021 = CARTESIAN_POINT ( 'NONE',  ( 65.09999999999999432, -5.000000000000000000, -1.200000000000000030E-05 ) ) ;
#1022 = PRODUCT_DEFINITION_SHAPE ( 'NONE', 'NONE',  #518 ) ;
#1023 = DIRECTION ( 'NONE',  ( -1.000000000000000000, 0.000000000000000000, 0.000000000000000000 ) ) ;
#1024 = EDGE_LOOP ( 'NONE', ( #590, #119 ) ) ;
#1025 = DATE_AND_TIME ( #744, #686 ) ;
#1026 = CARTESIAN_POINT ( 'NONE',  ( 52.21845358200107512, 1.649930492040559749, 0.000000000000000000 ) ) ;
#1027 = ORIENTED_EDGE ( 'NONE', *, *, #1242, .T. ) ;
#1028 = CARTESIAN_POINT ( 'NONE',  ( 52.00000000000000000, 0.000000000000000000, -1.200000000000000030E-05 ) ) ;
#1029 = CARTESIAN_POINT ( 'NONE',  ( -20.00000536749046987, -4.510763096376990688E-06, 0.000000000000000000 ) ) ;
#1030 = ORIENTED_EDGE ( 'NONE', *, *, #425, .T. ) ;
#1031 = CARTESIAN_POINT ( 'NONE',  ( 64.26677414293897073, 3.559261554901512969, 0.000000000000000000 ) ) ;
#1032 = DIRECTION ( 'NONE',  ( 0.000000000000000000, 1.000000000000000000, 0.000000000000000000 ) ) ;
#1033 = ADVANCED_FACE ( 'NONE', ( #572 ), #275, .T. ) ;
#1034 = DIRECTION ( 'NONE',  ( -0.000000000000000000, -0.000000000000000000, -1.000000000000000000 ) ) ;
#1035 = B_SPLINE_CURVE_WITH_KNOTS ( 'NONE', 3,
 ( #1173, #475, #689, #1166, #74, #456, #360, #872, #289, #683, #763, #1148, #270, #665, #1051, #175, #567, #594 ),
 .UNSPECIFIED., .F., .F.,
 ( 4, 2, 2, 2, 2, 2, 2, 2, 4 ),
 ( 2.220446049250313081E-16, 0.06250000000000022204, 0.1250000000000002220, 0.1875000000000001665, 0.2500000000000001110, 0.3125000000000000000, 0.3749999999999998890, 0.4374999999999998890, 0.4999999999999998335 ),
 .UNSPECIFIED. ) ;
#1036 = ORIENTED_EDGE ( 'NONE', *, *, #678, .T. ) ;
#1037 = CARTESIAN_POINT ( 'NONE',  ( 66.11220703021621148, -6.321147048596617246, 0.000000000000000000 ) ) ;
#1038 = CIRCLE ( 'NONE', #261, 20.00000525194180767 ) ;
#1039 = EDGE_LOOP ( 'NONE', ( #366, #406, #784, #1131 ) ) ;
#1040 = CARTESIAN_POINT ( 'NONE',  ( 31.32114704861272614, 1.012207030202253888, 0.000000000000000000 ) ) ;
#1041 = CARTESIAN_POINT ( 'NONE',  ( -0.5596609505197243095, 2.095248811685222368, 0.000000000000000000 ) ) ;
#1042 = ORIENTED_EDGE ( 'NONE', *, *, #756, .T. ) ;
#1043 = CARTESIAN_POINT ( 'NONE',  ( 63.44999999999999574, 5.000000000000000000, -1.200000000000000030E-05 ) ) ;
#1044 = ORIENTED_EDGE ( 'NONE', *, *, #1190, .F. ) ;
#1045 = DIRECTION ( 'NONE',  ( 0.000000000000000000, 0.000000000000000000, 1.000000000000000000 ) ) ;
#1046 = LINE ( 'NONE', #632, #1055 ) ;
#1047 = ORIENTED_EDGE ( 'NONE', *, *, #273, .T. ) ;
#1048 = EDGE_CURVE ( 'NONE', #700, #501, #1245, .T. ) ;
#1049 = CARTESIAN_POINT ( 'NONE',  ( 65.93322585706103212, -3.559261554901512525, 0.000000000000000000 ) ) ;
#1050 = ORIENTED_EDGE ( 'NONE', *, *, #281, .T. ) ;
#1051 = CARTESIAN_POINT ( 'NONE',  ( 113.1592615549072462, -4.166774142944750459, 0.000000000000000000 ) ) ;
#1052 = DIRECTION ( 'NONE',  ( 0.000000000000000000, 1.000000000000000000, 0.000000000000000000 ) ) ;
#1053 = VECTOR ( 'NONE', #1218, 1000.000000000000000 ) ;
#1054 = ORIENTED_EDGE ( 'NONE', *, *, #244, .T. ) ;
#1055 = VECTOR ( 'NONE', #1124, 1000.000000000000000 ) ;
#1056 = LINE ( 'NONE', #1259, #460 ) ;
#1057 = EDGE_CURVE ( 'NONE', #831, #778, #1164, .T. ) ;
#1058 = VERTEX_POINT ( 'NONE', #90 ) ;
#1059 = CARTESIAN_POINT ( 'NONE',  ( -1.877433178116521217, -1.085877808652630172, -0.000000000000000000 ) ) ;
#1060 = EDGE_CURVE ( 'NONE', #1001, #451, #1251, .T. ) ;
#1061 = CARTESIAN_POINT ( 'NONE',  ( 31.32124534770483493, -1.012305329312827462, -0.000000000000000000 ) ) ;
#1062 = VERTEX_POINT ( 'NONE', #97 ) ;
#1063 = CARTESIAN_POINT ( 'NONE',  ( 110.4500000000000028, 10.09999999999999964, 5.000000000000000000 ) ) ;
#1064 = VERTEX_POINT ( 'NONE', #372 ) ;
#1065 = CARTESIAN_POINT ( 'NONE',  ( -2.095248811682019596, -0.5596609505172656096, 0.000000000000000000 ) ) ;
#1066 = EDGE_CURVE ( 'NONE', #1090, #705, #268, .T. ) ;
#1067 = CARTESIAN_POINT ( 'NONE',  ( 28.98769467069712746, -1.321245347713347229, -0.000000000000000000 ) ) ;
#1068 = VERTEX_POINT ( 'NONE', #674 ) ;
#1069 = CARTESIAN_POINT ( 'NONE',  ( 65.52962946974372471, -3.391935987811269371, -0.000000000000000000 ) ) ;
#1070 = ORIENTED_EDGE ( 'NONE', *, *, #363, .F. ) ;
#1071 = CARTESIAN_POINT ( 'NONE',  ( 1.085877808650157039, -1.877433178113331991, -0.000000000000000000 ) ) ;
#1072 = CARTESIAN_POINT ( 'NONE',  ( 31.60813374288121125, -0.4294612763593441684, -0.000000000000000000 ) ) ;
#1073 = EDGE_CURVE ( 'NONE', #1163, #276, #482, .T. ) ;
#1074 = LOCAL_TIME ( 23, 18, 9.000000000000000000, #267 ) ;
#1075 = CARTESIAN_POINT ( 'NONE',  ( 113.9999999153028369, -10.00000659615363219, 0.000000000000000000 ) ) ;
#1076 = VECTOR ( 'NONE', #182, 999.9999999999998863 ) ;
#1077 = CARTESIAN_POINT ( 'NONE',  ( 78.04349000000000558, 17.26807000000000158, 5.000000000000000000 ) ) ;
#1078 = ORIENTED_EDGE ( 'NONE', *, *, #996, .F. ) ;
#1079 = CARTESIAN_POINT ( 'NONE',  ( 113.5877929697837914, 6.321147048596635010, 0.000000000000000000 ) ) ;
#1080 = CARTESIAN_POINT ( 'NONE',  ( 50.55913312094217105, -0.8332790561507706917, -0.000000000000000000 ) ) ;
#1081 = DIRECTION ( 'NONE',  ( -0.000000000000000000, -0.000000000000000000, 1.000000000000000000 ) ) ;
#1082 = DIRECTION ( 'NONE',  ( -1.000000000000000000, 0.000000000000000000, 0.000000000000000000 ) ) ;
#1083 = ORIENTED_EDGE ( 'NONE', *, *, #129, .F. ) ;
#1084 = DIRECTION ( 'NONE',  ( -0.000000000000000000, -0.000000000000000000, -1.000000000000000000 ) ) ;
#1085 = CARTESIAN_POINT ( 'NONE',  ( 66.70793557822696584, 5.429576270656525594, -0.000000000000000000 ) ) ;
#1086 = CARTESIAN_POINT ( 'NONE',  ( 115.4332790561474553, -6.440866879058242844, -0.000000000000000000 ) ) ;
#1087 = ADVANCED_BREP_SHAPE_REPRESENTATION ( '10_plecho_pravoe', ( #127, #431 ), #924 ) ;
#1088 = DIRECTION ( 'NONE',  ( -1.000000000000000000, 0.000000000000000000, 0.000000000000000000 ) ) ;
#1089 = EDGE_CURVE ( 'NONE', #1172, #1150, #71, .T. ) ;
#1090 = VERTEX_POINT ( 'NONE', #1239 ) ;
#1091 = CARTESIAN_POINT ( 'NONE',  ( 69.25000000000000000, -10.09999999999999964, 5.000000000000000000 ) ) ;
#1092 = DIRECTION ( 'NONE',  ( 0.000000000000000000, 0.000000000000000000, 1.000000000000000000 ) ) ;
#1093 = CARTESIAN_POINT ( 'NONE',  ( 116.2499999999999858, -5.000000000000002665, -6.000000000000000152E-06 ) ) ;
#1094 = DIRECTION ( 'NONE',  ( -1.000000000000000000, 0.000000000000000000, 0.000000000000000000 ) ) ;
#1095 = CIRCLE ( 'NONE', #588, 1.649999999999998579 ) ;
#1096 = ORIENTED_EDGE ( 'NONE', *, *, #715, .F. ) ;
#1097 = CARTESIAN_POINT ( 'NONE',  ( 0.000000000000000000, 0.000000000000000000, -1.200000000000000030E-05 ) ) ;
#1098 = APPROVAL ( #41, 'UNSPECIFIED' ) ;
#1099 = VECTOR ( 'NONE', #251, 1000.000000000000000 ) ;
#1100 = DIRECTION ( 'NONE',  ( -0.000000000000000000, -0.000000000000000000, 1.000000000000000000 ) ) ;
#1101 = FACE_BOUND ( 'NONE', #1024, .T. ) ;
#1102 = VECTOR ( 'NONE', #849, 999.9999999999998863 ) ;
#1103 = CARTESIAN_POINT ( 'NONE',  ( 112.9920644217709764, 4.570423729348424224, -0.000000000000000000 ) ) ;
#1104 = DIRECTION ( 'NONE',  ( 0.000000000000000000, 0.000000000000000000, 1.000000000000000000 ) ) ;
#1105 = B_SPLINE_CURVE_WITH_KNOTS ( 'NONE', 3,
 ( #992, #110, #1103, #305, #592, #500, #8, #617, #310, #197, #24, #687, #405, #805, #1191, #980, #203, #1007 ),
 .UNSPECIFIED., .F., .F.,
 ( 4, 2, 2, 2, 2, 2, 2, 2, 4 ),
 ( 0.5000000000000001110, 0.5625000000000002220, 0.6250000000000002220, 0.6875000000000002220, 0.7500000000000002220, 0.8125000000000002220, 0.8750000000000002220, 0.9375000000000000000, 1.000000000000000000 ),
 .UNSPECIFIED. ) ;
#1106 = VECTOR ( 'NONE', #803, 1000.000000000000000 ) ;
#1107 = DIRECTION ( 'NONE',  ( 0.9993823271392661134, 0.03514205744837660406, -0.000000000000000000 ) ) ;
#1108 = EDGE_CURVE ( 'NONE', #1219, #692, #761, .T. ) ;
#1109 = CARTESIAN_POINT ( 'NONE',  ( 1.085824589728693335, 1.877304696291261621, 0.000000000000000000 ) ) ;
#1110 = COORDINATED_UNIVERSAL_TIME_OFFSET ( 3, 0, .AHEAD. ) ;
#1111 = CARTESIAN_POINT ( 'NONE',  ( 50.35000000000000142, 1.010333609296565391E-16, -6.000000000000000152E-06 ) ) ;
#1112 = CARTESIAN_POINT ( 'NONE',  ( -2.149999999999999911, 2.632990618166808742E-16, 5.000000000000000000 ) ) ;
#1113 = FACE_BOUND ( 'NONE', #266, .T. ) ;
#1114 = DIRECTION ( 'NONE',  ( 1.000000000000000000, 0.000000000000000000, 0.000000000000000000 ) ) ;
#1115 = ORIENTED_EDGE ( 'NONE', *, *, #1060, .F. ) ;
#1116 = CYLINDRICAL_SURFACE ( 'NONE', #1181, 1.649999999999998579 ) ;
#1117 = AXIS2_PLACEMENT_3D ( 'NONE', #639, #853, #943 ) ;
#1118 = CARTESIAN_POINT ( 'NONE',  ( -1.085877808650157039, 1.877433178113331991, -0.000000000000000000 ) ) ;
#1119 = ORIENTED_EDGE ( 'NONE', *, *, #1128, .T. ) ;
#1120 = PERSON_AND_ORGANIZATION_ROLE ( 'classification_officer' ) ;
#1121 = AXIS2_PLACEMENT_3D ( 'NONE', #884, #1104, #326 ) ;
#1122 = CARTESIAN_POINT ( 'NONE',  ( 66.74999999999998579, -5.218985388565522854, -0.000000000000000000 ) ) ;
#1123 = DIRECTION ( 'NONE',  ( 1.000000000000000000, 0.000000000000000000, 0.000000000000000000 ) ) ;
#1124 = DIRECTION ( 'NONE',  ( -0.000000000000000000, -0.000000000000000000, -1.000000000000000000 ) ) ;
#1125 = ORIENTED_EDGE ( 'NONE', *, *, #877, .T. ) ;
#1126 = CARTESIAN_POINT ( 'NONE',  ( -1.155486609172307055E-07, -4.510763096376990688E-06, 5.000000000000000000 ) ) ;
#1127 = CARTESIAN_POINT ( 'NONE',  ( 51.16672094384429670, 1.440866879051446281, -0.000000000000000000 ) ) ;
#1128 = EDGE_CURVE ( 'NONE', #944, #554, #1038, .T. ) ;
#1129 = CARTESIAN_POINT ( 'NONE',  ( 31.01230532930286543, 1.321245347713347229, -0.000000000000000000 ) ) ;
#1130 = DIRECTION ( 'NONE',  ( -0.000000000000000000, -0.000000000000000000, -1.000000000000000000 ) ) ;
#1131 = ORIENTED_EDGE ( 'NONE', *, *, #29, .F. ) ;
#1132 = PERSON_AND_ORGANIZATION ( #569, #53 ) ;
#1133 = CARTESIAN_POINT ( 'NONE',  ( 63.77885295139439137, -6.012207030210103831, 0.000000000000000000 ) ) ;
#1134 = VECTOR ( 'NONE', #60, 1000.000000000000000 ) ;
#1135 = EDGE_CURVE ( 'NONE', #754, #191, #977, .T. ) ;
#1136 = DIRECTION ( 'NONE',  ( 1.000000000000000000, 0.000000000000000000, 0.000000000000000000 ) ) ;
#1137 = VECTOR ( 'NONE', #226, 1000.000000000000000 ) ;
#1138 = DIRECTION ( 'NONE',  ( -0.000000000000000000, -0.000000000000000000, 1.000000000000000000 ) ) ;
#1139 = EDGE_LOOP ( 'NONE', ( #986, #185, #1125, #1083 ) ) ;
#1140 = DIRECTION ( 'NONE',  ( -0.000000000000000000, -0.000000000000000000, -1.000000000000000000 ) ) ;
#1141 = AXIS2_PLACEMENT_3D ( 'NONE', #512, #487, #118 ) ;
#1142 = ORIENTED_EDGE ( 'NONE', *, *, #1060, .T. ) ;
#1143 = CARTESIAN_POINT ( 'NONE',  ( 40.00000064190008686, -152.0000067482216366, 5.000000000000000000 ) ) ;
#1144 = LINE ( 'NONE', #151, #1215 ) ;
#1145 = EDGE_LOOP ( 'NONE', ( #729, #624 ) ) ;
#1146 = CARTESIAN_POINT ( 'NONE',  ( 64.88154641801001787, -3.349930492034793428, -0.000000000000000000 ) ) ;
#1147 = ORIENTED_EDGE ( 'NONE', *, *, #678, .F. ) ;
#1148 = CARTESIAN_POINT ( 'NONE',  ( 113.7667209438369014, -3.559133120951631479, -0.000000000000000000 ) ) ;
#1149 = CARTESIAN_POINT ( 'NONE',  ( 52.42957627064909332, -1.607935578235779150, 0.000000000000000000 ) ) ;
#1150 = VERTEX_POINT ( 'NONE', #1077 ) ;
#1151 = EDGE_CURVE ( 'NONE', #812, #51, #40, .T. ) ;
#1152 = DIRECTION ( 'NONE',  ( 0.000000000000000000, -1.000000000000000000, 0.000000000000000000 ) ) ;
#1153 = ORIENTED_EDGE ( 'NONE', *, *, #1235, .F. ) ;
#1154 = DIRECTION ( 'NONE',  ( -0.000000000000000000, -0.000000000000000000, 1.000000000000000000 ) ) ;
#1155 = AXIS2_PLACEMENT_3D ( 'NONE', #299, #598, #648 ) ;
#1156 = DIRECTION ( 'NONE',  ( 1.000000000000000000, 0.000000000000000000, 0.000000000000000000 ) ) ;
#1157 = DIRECTION ( 'NONE',  ( 0.000000000000000000, 0.000000000000000000, 1.000000000000000000 ) ) ;
#1158 = CARTESIAN_POINT ( 'NONE',  ( 63.44999999999999574, -5.000000000000000000, -1.200000000000000030E-05 ) ) ;
#1159 = ADVANCED_FACE ( 'NONE', ( #16 ), #30, .T. ) ;
#1160 = ORIENTED_EDGE ( 'NONE', *, *, #320, .F. ) ;
#1161 = DIRECTION ( 'NONE',  ( -0.000000000000000000, -0.000000000000000000, -1.000000000000000000 ) ) ;
#1162 = PLANE ( 'NONE',  #565 ) ;
#1163 = VERTEX_POINT ( 'NONE', #712 ) ;
#1164 = LINE ( 'NONE', #766, #1203 ) ;
#1165 = EDGE_LOOP ( 'NONE', ( #570, #939, #637, #17 ) ) ;
#1166 = CARTESIAN_POINT ( 'NONE',  ( 116.0408668790623352, -4.166720943856635273, -0.000000000000000000 ) ) ;
#1167 = ADVANCED_FACE ( 'NONE', ( #799 ), #391, .T. ) ;
#1168 = DESIGN_CONTEXT ( 'detailed design', #546, 'design' ) ;
#1169 = CARTESIAN_POINT ( 'NONE',  ( 66.74999999999998579, 5.000000000000000000, 5.000000000000000000 ) ) ;
#1170 = ORIENTED_EDGE ( 'NONE', *, *, #748, .F. ) ;
#1171 = FACE_OUTER_BOUND ( 'NONE', #579, .T. ) ;
#1172 = VERTEX_POINT ( 'NONE', #1184 ) ;
#1173 = CARTESIAN_POINT ( 'NONE',  ( 116.2499999999999858, -5.000000000000002665, -6.000000000000000152E-06 ) ) ;
#1174 = CARTESIAN_POINT ( 'NONE',  ( 31.01220703021076375, -1.321147048602774321, 0.000000000000000000 ) ) ;
#1175 = ORIENTED_EDGE ( 'NONE', *, *, #1089, .T. ) ;
#1176 = AXIS2_PLACEMENT_3D ( 'NONE', #238, #1034, #920 ) ;
#1177 = DIRECTION ( 'NONE',  ( -0.000000000000000000, -0.000000000000000000, -1.000000000000000000 ) ) ;
#1178 = VERTEX_POINT ( 'NONE', #318 ) ;
#1179 = FACE_BOUND ( 'NONE', #925, .T. ) ;
#1180 = CARTESIAN_POINT ( 'NONE',  ( 69.25000000000000000, -10.09999999999999964, 0.000000000000000000 ) ) ;
#1181 = AXIS2_PLACEMENT_3D ( 'NONE', #1021, #919, #295 ) ;
#1182 = VERTEX_POINT ( 'NONE', #104 ) ;
#1183 = EDGE_CURVE ( 'NONE', #831, #216, #611, .T. ) ;
#1184 = CARTESIAN_POINT ( 'NONE',  ( 114.2094000000000023, 15.99634000000000178, 5.000000000000000000 ) ) ;
#1185 = ORIENTED_EDGE ( 'NONE', *, *, #166, .F. ) ;
#1186 = CARTESIAN_POINT ( 'NONE',  ( 115.6123053293149496, 6.321245347703452921, -0.000000000000000000 ) ) ;
#1187 = LINE ( 'NONE', #498, #1137 ) ;
#1188 = DIRECTION ( 'NONE',  ( -0.000000000000000000, -0.000000000000000000, 1.000000000000000000 ) ) ;
#1189 = B_SPLINE_CURVE_WITH_KNOTS ( 'NONE', 3,
 ( #816, #323, #999, #717, #403, #122, #1109, #133, #253, #750, #1041, #1118, #727, #544, #840, #445, #537, #654 ),
 .UNSPECIFIED., .F., .F.,
 ( 4, 2, 2, 2, 2, 2, 2, 2, 4 ),
 ( 0.000000000000000000, 0.06250000000000000000, 0.1250000000000000000, 0.1875000000000000000, 0.2500000000000000000, 0.3125000000000000000, 0.3750000000000000000, 0.4375000000000000000, 0.5000000000000000000 ),
 .UNSPECIFIED. ) ;
#1190 = EDGE_CURVE ( 'NONE', #551, #492, #699, .T. ) ;
#1191 = CARTESIAN_POINT ( 'NONE',  ( 116.0406687144060385, 4.166605949561510869, 0.000000000000000000 ) ) ;
#1192 = VERTEX_POINT ( 'NONE', #604 ) ;
#1193 = CARTESIAN_POINT ( 'NONE',  ( 116.2499999999999858, -5.000000000000002665, -6.000000000000000152E-06 ) ) ;
#1194 = CARTESIAN_POINT ( 'NONE',  ( 52.00000000000000000, 0.000000000000000000, -1.200000000000000030E-05 ) ) ;
#1195 = DIRECTION ( 'NONE',  ( 0.000000000000000000, 0.000000000000000000, 1.000000000000000000 ) ) ;
#1196 = CARTESIAN_POINT ( 'NONE',  ( 78.04349000000000558, -17.26807902152619434, 5.000000000000000000 ) ) ;
#1197 = VECTOR ( 'NONE', #619, 999.9999999999998863 ) ;
#1198 = ORIENTED_EDGE ( 'NONE', *, *, #811, .F. ) ;
#1199 = CARTESIAN_POINT ( 'NONE',  ( 112.9500695079594408, 5.218453581987100520, -0.000000000000000000 ) ) ;
#1200 = AXIS2_PLACEMENT_3D ( 'NONE', #343, #926, #1234 ) ;
#1201 = DIRECTION ( 'NONE',  ( -0.000000000000000000, -0.000000000000000000, -1.000000000000000000 ) ) ;
#1202 = CARTESIAN_POINT ( 'NONE',  ( 114.2094000000000023, -15.99634902152619453, 5.000000000000000000 ) ) ;
#1203 = VECTOR ( 'NONE', #467, 1000.000000000000000 ) ;
#1204 = CALENDAR_DATE ( 2026, 1, 10 ) ;
#1205 = CARTESIAN_POINT ( 'NONE',  ( 113.1592615549072747, 5.833225857055259311, 0.000000000000000000 ) ) ;
#1206 = ADVANCED_FACE ( 'NONE', ( #1171 ), #410, .F. ) ;
#1207 = CARTESIAN_POINT ( 'NONE',  ( 116.2499999999999858, -5.000000000000000000, 5.000000000000000000 ) ) ;
#1208 = CARTESIAN_POINT ( 'NONE',  ( 112.9920644217709906, -5.429576270651586434, -0.000000000000000000 ) ) ;
#1209 = CALENDAR_DATE ( 2026, 1, 10 ) ;
#1210 = CARTESIAN_POINT ( 'NONE',  ( 65.93327905614540896, -6.440866879060276773, -0.000000000000000000 ) ) ;
#1211 = CARTESIAN_POINT ( 'NONE',  ( 53.64999999999999858, 0.000000000000000000, 5.000000000000000000 ) ) ;
#1212 = FACE_OUTER_BOUND ( 'NONE', #1039, .T. ) ;
#1213 = SECURITY_CLASSIFICATION_LEVEL ( 'unclassified' ) ;
#1214 = CARTESIAN_POINT ( 'NONE',  ( 65.52957627063960899, 3.392064421759099613, 0.000000000000000000 ) ) ;
#1215 = VECTOR ( 'NONE', #265, 1000.000000000000000 ) ;
#1216 = VERTEX_POINT ( 'NONE', #1196 ) ;
#1217 = LINE ( 'NONE', #652, #157 ) ;
#1218 = DIRECTION ( 'NONE',  ( -0.000000000000000000, -0.000000000000000000, -1.000000000000000000 ) ) ;
#1219 = VERTEX_POINT ( 'NONE', #293 ) ;
#1220 = EDGE_CURVE ( 'NONE', #1182, #557, #1105, .T. ) ;
#1221 = PERSON_AND_ORGANIZATION ( #569, #53 ) ;
#1222 = CARTESIAN_POINT ( 'NONE',  ( 66.70813374288120201, -5.429461276366324363, -0.000000000000000000 ) ) ;
#1223 = CYLINDRICAL_SURFACE ( 'NONE', #317, 1.649999999999998579 ) ;
#1224 = AXIS2_PLACEMENT_3D ( 'NONE', #771, #1157, #298 ) ;
#1225 = CARTESIAN_POINT ( 'NONE',  ( 110.4500000000000028, -10.09999999999999964, 5.000000000000000000 ) ) ;
#1226 = ORIENTED_EDGE ( 'NONE', *, *, #370, .F. ) ;
#1227 = CARTESIAN_POINT ( 'NONE',  ( 63.44993049204056490, -5.218453581987100520, 0.000000000000000000 ) ) ;
#1228 = ORIENTED_EDGE ( 'NONE', *, *, #472, .F. ) ;
#1229 = FACE_OUTER_BOUND ( 'NONE', #573, .T. ) ;
#1230 = CYLINDRICAL_SURFACE ( 'NONE', #35, 1.649999999999998579 ) ;
#1231 = ORIENTED_EDGE ( 'NONE', *, *, #979, .T. ) ;
#1232 = DIRECTION ( 'NONE',  ( -0.000000000000000000, -0.000000000000000000, 1.000000000000000000 ) ) ;
#1233 = ORIENTED_EDGE ( 'NONE', *, *, #370, .T. ) ;
#1234 = DIRECTION ( 'NONE',  ( 0.000000000000000000, 0.000000000000000000, 1.000000000000000000 ) ) ;
#1235 = EDGE_CURVE ( 'NONE', #79, #59, #827, .T. ) ;
#1236 = AXIS2_PLACEMENT_3D ( 'NONE', #1194, #1100, #514 ) ;
#1237 = DIRECTION ( 'NONE',  ( -0.000000000000000000, -0.000000000000000000, 1.000000000000000000 ) ) ;
#1238 = ORIENTED_EDGE ( 'NONE', *, *, #96, .T. ) ;
#1239 = CARTESIAN_POINT ( 'NONE',  ( 63.44999999999999574, -5.000000000000004441, -6.000000000000000152E-06 ) ) ;
#1240 = VERTEX_POINT ( 'NONE', #791 ) ;
#1241 = CARTESIAN_POINT ( 'NONE',  ( -1.721584519125682888, -1.318876304247966091, 0.000000000000000000 ) ) ;
#1242 = EDGE_CURVE ( 'NONE', #152, #705, #93, .T. ) ;
#1243 = CARTESIAN_POINT ( 'NONE',  ( 51.78154641799893199, -1.649930492040559749, 0.000000000000000000 ) ) ;
#1244 = VERTEX_POINT ( 'NONE', #417 ) ;
#1245 = LINE ( 'NONE', #365, #894 ) ;
#1246 = ORIENTED_EDGE ( 'NONE', *, *, #379, .T. ) ;
#1247 = LINE ( 'NONE', #782, #955 ) ;
#1248 = CARTESIAN_POINT ( 'NONE',  ( 30.21845358200179632, -1.650069507959410320, -0.000000000000000000 ) ) ;
#1249 = ORIENTED_EDGE ( 'NONE', *, *, #715, .T. ) ;
#1250 = EDGE_CURVE ( 'NONE', #1244, #812, #539, .T. ) ;
#1251 = LINE ( 'NONE', #473, #591 ) ;
#1252 = ORIENTED_EDGE ( 'NONE', *, *, #564, .F. ) ;
#1253 = DIRECTION ( 'NONE',  ( 0.000000000000000000, -1.000000000000000000, 0.000000000000000000 ) ) ;
#1254 = AXIS2_PLACEMENT_3D ( 'NONE', #123, #810, #694 ) ;
#1255 = DIRECTION ( 'NONE',  ( 1.000000000000000000, 0.000000000000000000, 0.000000000000000000 ) ) ;
#1256 = VECTOR ( 'NONE', #1201, 1000.000000000000000 ) ;
#1257 = ORIENTED_EDGE ( 'NONE', *, *, #464, .T. ) ;
#1258 = ADVANCED_FACE ( 'NONE', ( #922 ), #52, .T. ) ;
#1259 = CARTESIAN_POINT ( 'NONE',  ( 28.35000000000000142, 2.020667218593130783E-16, -1.200000000000000030E-05 ) ) ;
#1260 = EDGE_LOOP ( 'NONE', ( #169, #369, #354, #1226 ) ) ;
#1261 = CARTESIAN_POINT ( 'NONE',  ( -0.2847577095899064825, -2.149930466137770946, 0.000000000000000000 ) ) ;
#1262 = B_SPLINE_CURVE_WITH_KNOTS ( 'NONE', 3,
 ( #48, #337, #349, #43, #1040, #1129, #726, #734, #63, #444, #534, #246, #430, #542, #449, #527, #426, #747 ),
 .UNSPECIFIED., .F., .F.,
 ( 4, 2, 2, 2, 2, 2, 2, 2, 4 ),
 ( 0.000000000000000000, 0.06250000000000000000, 0.1250000000000000000, 0.1875000000000000000, 0.2500000000000000000, 0.3125000000000000000, 0.3750000000000000000, 0.4375000000000000000, 0.5000000000000000000 ),
 .UNSPECIFIED. ) ;
#1263 = CARTESIAN_POINT ( 'NONE',  ( 28.55913312094165946, -0.8332790561495309056, -0.000000000000000000 ) ) ;
#1264 = CARTESIAN_POINT ( 'NONE',  ( 116.2499999999999858, 5.000000000000000000, -1.200000000000000030E-05 ) ) ;
ENDSEC;
END-ISO-10303-21;
