ISO-10303-21;
HEADER;
FILE_DESCRIPTION (( 'STEP AP203' ),
    '1' );
FILE_NAME ('17_ladon.step',
    '2026-10-01T20:20:34',
    ( '' ),
    ( '' ),
    'SwSTEP 2.0',
    'SolidWorks 2026',
    '' );
FILE_SCHEMA (( 'CONFIG_CONTROL_DESIGN' ));
ENDSEC;

DATA;
#1 = VECTOR ( 'NONE', #1555, 1000.000000000000000 ) ;
#2 = ORIENTED_EDGE ( 'NONE', *, *, #1520, .T. ) ;
#3 = DIRECTION ( 'NONE',  ( 0.000000000000000000, -1.000000000000000000, 0.000000000000000000 ) ) ;
#4 = LINE ( 'NONE', #694, #97 ) ;
#5 = DIRECTION ( 'NONE',  ( -0.000000000000000000, -0.000000000000000000, -1.000000000000000000 ) ) ;
#6 = ORIENTED_EDGE ( 'NONE', *, *, #1552, .T. ) ;
#7 = EDGE_CURVE ( 'NONE', #1321, #72, #1053, .T. ) ;
#8 = EDGE_LOOP ( 'NONE', ( #359, #1078, #491, #1410 ) ) ;
#9 = PLANE ( 'NONE',  #997 ) ;
#10 = ORIENTED_EDGE ( 'NONE', *, *, #429, .T. ) ;
#11 = FACE_OUTER_BOUND ( 'NONE', #1752, .T. ) ;
#12 = CARTESIAN_POINT ( 'NONE',  ( 5.999994271500765919, 29.00000380276842549, 3.000000000000000000 ) ) ;
#13 = CARTESIAN_POINT ( 'NONE',  ( 7.608133742881208583, 21.57053872364253166, -0.000000000000000000 ) ) ;
#14 = CARTESIAN_POINT ( 'NONE',  ( 10.90000000000000036, 8.500000000000000000, -6.000000000000000152E-06 ) ) ;
#15 = VERTEX_POINT ( 'NONE', #357 ) ;
#16 = ORIENTED_EDGE ( 'NONE', *, *, #1412, .F. ) ;
#17 = CARTESIAN_POINT ( 'NONE',  ( 1.649999999999999911, -22.00000000000000000, 3.000000000000000000 ) ) ;
#18 = EDGE_CURVE ( 'NONE', #754, #314, #470, .T. ) ;
#19 = DIRECTION ( 'NONE',  ( 1.000000000000000000, -0.000000000000000000, -0.000000000000000000 ) ) ;
#20 = CARTESIAN_POINT ( 'NONE',  ( -6.000005728499234081, 29.00000380276842549, 3.000000000000000000 ) ) ;
#21 = PLANE ( 'NONE',  #1659 ) ;
#22 = LINE ( 'NONE', #407, #622 ) ;
#23 = VERTEX_POINT ( 'NONE', #217 ) ;
#24 = VECTOR ( 'NONE', #1427, 1000.000000000000000 ) ;
#25 = FACE_OUTER_BOUND ( 'NONE', #8, .T. ) ;
#26 = VECTOR ( 'NONE', #978, 1000.000000000000000 ) ;
#27 = EDGE_CURVE ( 'NONE', #720, #1603, #235, .T. ) ;
#28 = DIRECTION ( 'NONE',  ( 0.000000000000000000, 0.000000000000000000, 1.000000000000000000 ) ) ;
#29 = CARTESIAN_POINT ( 'NONE',  ( -16.00000000000000000, -22.00000000000000000, 0.000000000000000000 ) ) ;
#30 = EDGE_CURVE ( 'NONE', #1450, #986, #479, .T. ) ;
#31 = VECTOR ( 'NONE', #947, 1000.000000000000000 ) ;
#32 = LINE ( 'NONE', #192, #122 ) ;
#33 = LINE ( 'NONE', #1386, #1464 ) ;
#34 = ORIENTED_EDGE ( 'NONE', *, *, #1725, .F. ) ;
#35 = ORIENTED_EDGE ( 'NONE', *, *, #1491, .T. ) ;
#36 = DIRECTION ( 'NONE',  ( 1.000000000000000000, 0.000000000000000000, 0.000000000000000000 ) ) ;
#37 = ORIENTED_EDGE ( 'NONE', *, *, #596, .T. ) ;
#38 = CARTESIAN_POINT ( 'NONE',  ( 18.30000000000000071, 6.200000000000000178, 3.000000000000000000 ) ) ;
#39 = DIRECTION ( 'NONE',  ( 1.000000000000000000, -0.000000000000000000, -0.000000000000000000 ) ) ;
#40 = B_SPLINE_CURVE_WITH_KNOTS ( 'NONE', 3,
 ( #1189, #108, #907, #1213, #662, #1477, #1774, #1761, #915, #670 ),
 .UNSPECIFIED., .F., .F.,
 ( 4, 2, 2, 2, 4 ),
 ( 0.000000000000000000, 0.1250000000000000000, 0.2500000000000000000, 0.3750000000000000000, 0.5000000000000000000 ),
 .UNSPECIFIED. ) ;
#41 = FACE_BOUND ( 'NONE', #45, .T. ) ;
#42 = LINE ( 'NONE', #741, #1610 ) ;
#43 = ADVANCED_FACE ( 'NONE', ( #1023 ), #1293, .F. ) ;
#44 = VECTOR ( 'NONE', #1612, 1000.000000000000000 ) ;
#45 = EDGE_LOOP ( 'NONE', ( #942, #1064 ) ) ;
#46 = DIRECTION ( 'NONE',  ( 0.000000000000000000, -0.000000000000000000, -1.000000000000000000 ) ) ;
#47 = ORIENTED_EDGE ( 'NONE', *, *, #95, .F. ) ;
#48 = CARTESIAN_POINT ( 'NONE',  ( -19.90150999999999826, 1.251479999999999926, 3.000000000000000000 ) ) ;
#49 = CARTESIAN_POINT ( 'NONE',  ( -6.429629469742454972, 20.39193598780619965, -0.000000000000000000 ) ) ;
#50 = CARTESIAN_POINT ( 'NONE',  ( -1.649999999999999911, -12.00000000000000000, 0.000000000000000000 ) ) ;
#51 = EDGE_CURVE ( 'NONE', #1169, #1614, #926, .T. ) ;
#52 = ORIENTED_EDGE ( 'NONE', *, *, #226, .T. ) ;
#53 = VERTEX_POINT ( 'NONE', #1435 ) ;
#54 = VERTEX_POINT ( 'NONE', #74 ) ;
#55 = CARTESIAN_POINT ( 'NONE',  ( -4.349999999999999645, 22.00000000000000000, -1.200000000000000030E-05 ) ) ;
#56 = LINE ( 'NONE', #174, #1673 ) ;
#57 = FACE_OUTER_BOUND ( 'NONE', #251, .T. ) ;
#58 = DIRECTION ( 'NONE',  ( -0.000000000000000000, -0.000000000000000000, 1.000000000000000000 ) ) ;
#59 = CARTESIAN_POINT ( 'NONE',  ( -6.833279056150487030, 23.44086687905756250, -0.000000000000000000 ) ) ;
#60 = ADVANCED_FACE ( 'NONE', ( #618 ), #1166, .F. ) ;
#61 = VERTEX_POINT ( 'NONE', #1775 ) ;
#62 = DIRECTION ( 'NONE',  ( 0.000000000000000000, 0.000000000000000000, 1.000000000000000000 ) ) ;
#63 = LINE ( 'NONE', #324, #1257 ) ;
#64 = B_SPLINE_CURVE_WITH_KNOTS ( 'NONE', 3,
 ( #564, #1674, #1253, #184, #317, #427, #443, #1570, #1119, #435, #857, #1690, #601, #993, #1708, #972, #724, #1578 ),
 .UNSPECIFIED., .F., .F.,
 ( 4, 2, 2, 2, 2, 2, 2, 2, 4 ),
 ( 0.000000000000000000, 0.06250000000000000000, 0.1250000000000000000, 0.1875000000000000000, 0.2500000000000000000, 0.3125000000000000000, 0.3750000000000000000, 0.4375000000000000000, 0.5000000000000000000 ),
 .UNSPECIFIED. ) ;
#65 = VERTEX_POINT ( 'NONE', #372 ) ;
#66 = ORIENTED_EDGE ( 'NONE', *, *, #1609, .T. ) ;
#67 = CARTESIAN_POINT ( 'NONE',  ( -1.649999999999999911, -12.00000000000000000, 0.000000000000000000 ) ) ;
#68 = ORIENTED_EDGE ( 'NONE', *, *, #504, .F. ) ;
#69 = EDGE_CURVE ( 'NONE', #586, #533, #121, .T. ) ;
#70 = CARTESIAN_POINT ( 'NONE',  ( 2.899999999999999911, -17.50000000000000000, 0.000000000000000000 ) ) ;
#71 = CARTESIAN_POINT ( 'NONE',  ( 16.00000000000000000, -22.00000000000000000, 3.000000000000000000 ) ) ;
#72 = VERTEX_POINT ( 'NONE', #664 ) ;
#73 = EDGE_CURVE ( 'NONE', #1174, #1175, #385, .T. ) ;
#74 = CARTESIAN_POINT ( 'NONE',  ( -1.649999999999999911, -22.00000000000000000, 0.000000000000000000 ) ) ;
#75 = AXIS2_PLACEMENT_3D ( 'NONE', #1778, #581, #1245 ) ;
#76 = ORIENTED_EDGE ( 'NONE', *, *, #354, .F. ) ;
#77 = LINE ( 'NONE', #620, #1157 ) ;
#78 = LINE ( 'NONE', #727, #1199 ) ;
#79 = VERTEX_POINT ( 'NONE', #917 ) ;
#80 = AXIS2_PLACEMENT_3D ( 'NONE', #1016, #1446, #218 ) ;
#81 = EDGE_CURVE ( 'NONE', #911, #1367, #130, .T. ) ;
#82 = VECTOR ( 'NONE', #730, 1000.000000000000000 ) ;
#83 = CARTESIAN_POINT ( 'NONE',  ( 11.96847467923025476, 25.65749453082188580, 3.000000000000000000 ) ) ;
#84 = DATE_AND_TIME ( #1054, #653 ) ;
#85 = EDGE_CURVE ( 'NONE', #1258, #171, #535, .T. ) ;
#86 = VERTEX_POINT ( 'NONE', #545 ) ;
#87 = CARTESIAN_POINT ( 'NONE',  ( -22.00000000000000000, -22.00000000000000000, 3.000000000000000000 ) ) ;
#88 = CARTESIAN_POINT ( 'NONE',  ( -4.987694670691084298, 23.32124534770730051, -0.000000000000000000 ) ) ;
#89 = VECTOR ( 'NONE', #816, 1000.000000000000000 ) ;
#90 = ORIENTED_EDGE ( 'NONE', *, *, #1108, .T. ) ;
#91 = EDGE_LOOP ( 'NONE', ( #1628, #1183, #456, #559 ) ) ;
#92 = DIRECTION ( 'NONE',  ( 0.000000000000000000, 0.000000000000000000, 1.000000000000000000 ) ) ;
#93 = ORIENTED_EDGE ( 'NONE', *, *, #1693, .T. ) ;
#94 = DIRECTION ( 'NONE',  ( 0.000000000000000000, -1.000000000000000000, 0.000000000000000000 ) ) ;
#95 = EDGE_CURVE ( 'NONE', #72, #1727, #774, .T. ) ;
#96 = DIRECTION ( 'NONE',  ( -1.000000000000000000, 0.000000000000000000, 0.000000000000000000 ) ) ;
#97 = VECTOR ( 'NONE', #1522, 1000.000000000000000 ) ;
#98 = ORIENTED_EDGE ( 'NONE', *, *, #1684, .F. ) ;
#99 = CARTESIAN_POINT ( 'NONE',  ( -11.78154641801054936, -1.650069507960235438, -0.000000000000000000 ) ) ;
#100 = DIRECTION ( 'NONE',  ( -0.000000000000000000, 1.000000000000000000, -0.000000000000000000 ) ) ;
#101 = DIRECTION ( 'NONE',  ( -0.3051714165172573767, -0.9522974359625518970, -0.000000000000000000 ) ) ;
#102 = EDGE_LOOP ( 'NONE', ( #1616, #598, #543, #906 ) ) ;
#103 = CARTESIAN_POINT ( 'NONE',  ( 6.000000000000000000, 22.00000000000000000, -1.200000000000000030E-05 ) ) ;
#104 = VECTOR ( 'NONE', #1403, 1000.000000000000000 ) ;
#105 = DIRECTION ( 'NONE',  ( 0.000000000000000000, 0.000000000000000000, 1.000000000000000000 ) ) ;
#106 = ADVANCED_FACE ( 'NONE', ( #1478 ), #1646, .F. ) ;
#107 = ORIENTED_EDGE ( 'NONE', *, *, #1098, .T. ) ;
#108 = CARTESIAN_POINT ( 'NONE',  ( 13.09999999999999609, 8.803551489238770955, 0.000000000000000000 ) ) ;
#109 = ORIENTED_EDGE ( 'NONE', *, *, #1653, .T. ) ;
#110 = LINE ( 'NONE', #927, #1274 ) ;
#111 = DATE_TIME_ROLE ( 'creation_date' ) ;
#112 = VECTOR ( 'NONE', #688, 1000.000000000000000 ) ;
#113 = ORIENTED_EDGE ( 'NONE', *, *, #1609, .F. ) ;
#114 = CARTESIAN_POINT ( 'NONE',  ( 7.650000000000001243, 22.00000000000000000, -6.000000000000000152E-06 ) ) ;
#115 = CARTESIAN_POINT ( 'NONE',  ( -12.65740359220956535, 24.16312086241810420, 3.000000000000000000 ) ) ;
#116 = ORIENTED_EDGE ( 'NONE', *, *, #1241, .T. ) ;
#117 = ORIENTED_EDGE ( 'NONE', *, *, #1577, .T. ) ;
#118 = VECTOR ( 'NONE', #1383, 1000.000000000000000 ) ;
#119 = LINE ( 'NONE', #933, #759 ) ;
#120 = ADVANCED_FACE ( 'NONE', ( #783 ), #1337, .T. ) ;
#121 = LINE ( 'NONE', #1511, #1773 ) ;
#122 = VECTOR ( 'NONE', #826, 1000.000000000000000 ) ;
#123 = ORIENTED_EDGE ( 'NONE', *, *, #841, .F. ) ;
#124 = CARTESIAN_POINT ( 'NONE',  ( 4.392064421770578875, 21.57042372934525432, -0.000000000000000000 ) ) ;
#125 = CARTESIAN_POINT ( 'NONE',  ( 5.700000000000000178, 6.200000000000000178, 3.000000000000000000 ) ) ;
#126 = CARTESIAN_POINT ( 'NONE',  ( 21.99998993401964142, -11.99999698813306814, 3.000000000000000000 ) ) ;
#127 = AXIS2_PLACEMENT_3D ( 'NONE', #1728, #352, #1184 ) ;
#128 = EDGE_CURVE ( 'NONE', #206, #1209, #936, .T. ) ;
#129 = ORIENTED_EDGE ( 'NONE', *, *, #469, .T. ) ;
#130 = LINE ( 'NONE', #515, #1308 ) ;
#131 = DIRECTION ( 'NONE',  ( 0.000000000000000000, -1.000000000000000000, 0.000000000000000000 ) ) ;
#132 = ORIENTED_EDGE ( 'NONE', *, *, #1263, .F. ) ;
#133 = DIRECTION ( 'NONE',  ( -0.1564098711556069221, -0.9876922355699099265, -0.000000000000000000 ) ) ;
#134 = CARTESIAN_POINT ( 'NONE',  ( -22.00000000000000000, -22.00000000000000000, 3.000000000000000000 ) ) ;
#135 = AXIS2_PLACEMENT_3D ( 'NONE', #1417, #1282, #1007 ) ;
#136 = ORIENTED_EDGE ( 'NONE', *, *, #821, .F. ) ;
#137 = CARTESIAN_POINT ( 'NONE',  ( -11.99986183004107332, -3.971014496918074782E-05, 3.000000000000000000 ) ) ;
#138 = FACE_OUTER_BOUND ( 'NONE', #1339, .T. ) ;
#139 = EDGE_CURVE ( 'NONE', #1554, #1174, #110, .T. ) ;
#140 = ORIENTED_EDGE ( 'NONE', *, *, #374, .F. ) ;
#141 = CARTESIAN_POINT ( 'NONE',  ( 7.440668714406037054, 21.16660594955266816, 0.000000000000000000 ) ) ;
#142 = FACE_OUTER_BOUND ( 'NONE', #1397, .T. ) ;
#143 = EDGE_CURVE ( 'NONE', #1330, #660, #1334, .T. ) ;
#144 = VECTOR ( 'NONE', #812, 1000.000000000000114 ) ;
#145 = AXIS2_PLACEMENT_3D ( 'NONE', #1526, #1518, #279 ) ;
#146 = ORIENTED_EDGE ( 'NONE', *, *, #514, .F. ) ;
#147 = CARTESIAN_POINT ( 'NONE',  ( -6.000000000000000000, -25.00000000000000000, 3.000000000000000000 ) ) ;
#148 = DIRECTION ( 'NONE',  ( -0.000000000000000000, -0.000000000000000000, 1.000000000000000000 ) ) ;
#149 = DIRECTION ( 'NONE',  ( 0.000000000000000000, 1.000000000000000000, -0.000000000000000000 ) ) ;
#150 = FACE_OUTER_BOUND ( 'NONE', #862, .T. ) ;
#151 = LINE ( 'NONE', #974, #112 ) ;
#152 = ADVANCED_FACE ( 'NONE', ( #1228 ), #262, .T. ) ;
#153 = CARTESIAN_POINT ( 'NONE',  ( -2.899999999999999911, -17.50000000000000000, 3.000000000000000000 ) ) ;
#154 = CIRCLE ( 'NONE', #1102, 1.650000000000000355 ) ;
#155 = DIRECTION ( 'NONE',  ( -0.000000000000000000, -0.000000000000000000, -1.000000000000000000 ) ) ;
#156 = CARTESIAN_POINT ( 'NONE',  ( 6.000000000000000000, -22.00000000000000000, 3.000000000000000000 ) ) ;
#157 = CARTESIAN_POINT ( 'NONE',  ( -19.60845359220956752, 2.472140862418106710, 3.000000000000000000 ) ) ;
#158 = LINE ( 'NONE', #1665, #1434 ) ;
#159 = AXIS2_PLACEMENT_3D ( 'NONE', #455, #326, #1126 ) ;
#160 = EDGE_CURVE ( 'NONE', #1000, #65, #644, .T. ) ;
#161 = CARTESIAN_POINT ( 'NONE',  ( 4.349999999999998757, 22.00000000000000000, -6.000000000000000152E-06 ) ) ;
#162 = EDGE_CURVE ( 'NONE', #1614, #1169, #1048, .T. ) ;
#163 = DIRECTION ( 'NONE',  ( 0.000000000000000000, 0.000000000000000000, 1.000000000000000000 ) ) ;
#164 = PLANE ( 'NONE',  #883 ) ;
#165 = CARTESIAN_POINT ( 'NONE',  ( -12.00000000000000000, 0.000000000000000000, 3.000000000000000000 ) ) ;
#166 = FACE_OUTER_BOUND ( 'NONE', #102, .T. ) ;
#167 = VERTEX_POINT ( 'NONE', #843 ) ;
#168 = PERSON ( 'UNSPECIFIED', 'UNSPECIFIED', 'UNSPECIFIED', ('UNSPECIFIED'), ('UNSPECIFIED'), ('UNSPECIFIED') ) ;
#169 = AXIS2_PLACEMENT_3D ( 'NONE', #1560, #875, #733 ) ;
#170 = FACE_OUTER_BOUND ( 'NONE', #1419, .T. ) ;
#171 = VERTEX_POINT ( 'NONE', #701 ) ;
#172 = EDGE_CURVE ( 'NONE', #1431, #692, #571, .T. ) ;
#173 = FACE_BOUND ( 'NONE', #1055, .T. ) ;
#174 = CARTESIAN_POINT ( 'NONE',  ( -1.649999999999999911, -12.00000000000000000, 3.000000000000000000 ) ) ;
#175 = AXIS2_PLACEMENT_3D ( 'NONE', #1444, #62, #460 ) ;
#176 = CARTESIAN_POINT ( 'NONE',  ( -7.650000000000000355, 22.00000000000000000, 3.000000000000000000 ) ) ;
#177 = CARTESIAN_POINT ( 'NONE',  ( -19.60845359220956752, 2.472140862418106710, 0.000000000000000000 ) ) ;
#178 = ORIENTED_EDGE ( 'NONE', *, *, #1276, .T. ) ;
#179 = CARTESIAN_POINT ( 'NONE',  ( 4.678754652292821170, 23.01230532930905071, -0.000000000000000000 ) ) ;
#180 = EDGE_LOOP ( 'NONE', ( #842, #402, #1718, #1129 ) ) ;
#181 = DIRECTION ( 'NONE',  ( 1.000000000000000000, 0.000000000000000000, 0.000000000000000000 ) ) ;
#182 = DIRECTION ( 'NONE',  ( -0.000000000000000000, -0.000000000000000000, -1.000000000000000000 ) ) ;
#183 = ADVANCED_FACE ( 'NONE', ( #1124, #855, #1670, #173, #562, #1544, #1678 ), #1270, .F. ) ;
#184 = CARTESIAN_POINT ( 'NONE',  ( -10.55913312094258849, 0.8332790561507821270, -0.000000000000000000 ) ) ;
#185 = CARTESIAN_POINT ( 'NONE',  ( 13.10000000000000142, -19.30000000000000071, -1.200000000000000030E-05 ) ) ;
#186 = VERTEX_POINT ( 'NONE', #48 ) ;
#187 = CARTESIAN_POINT ( 'NONE',  ( 12.30340654326749394, 7.399855192320504926, -0.000000000000000000 ) ) ;
#188 = CARTESIAN_POINT ( 'NONE',  ( 1.649999999999999911, -14.90000000000000036, 3.000000000000000000 ) ) ;
#189 = ORIENTED_EDGE ( 'NONE', *, *, #943, .F. ) ;
#190 = CARTESIAN_POINT ( 'NONE',  ( 1.649999999999999911, -12.00000000000000000, 3.000000000000000000 ) ) ;
#191 = CARTESIAN_POINT ( 'NONE',  ( -4.391866257118792305, 21.57053872364210179, -0.000000000000000000 ) ) ;
#192 = CARTESIAN_POINT ( 'NONE',  ( 20.48415993401964030, 10.45342301186693135, 3.000000000000000000 ) ) ;
#193 = LINE ( 'NONE', #1579, #594 ) ;
#194 = EDGE_CURVE ( 'NONE', #803, #417, #693, .T. ) ;
#195 = CARTESIAN_POINT ( 'NONE',  ( -5.570370530257728880, 23.60806401219378969, -0.000000000000000000 ) ) ;
#196 = AXIS2_PLACEMENT_3D ( 'NONE', #904, #647, #1068 ) ;
#197 = VERTEX_POINT ( 'NONE', #990 ) ;
#198 = CC_DESIGN_SECURITY_CLASSIFICATION ( #1527, ( #365 ) ) ;
#199 = CARTESIAN_POINT ( 'NONE',  ( 10.90000000000000036, 8.500000000000000000, 3.000000000000000000 ) ) ;
#200 = DIRECTION ( 'NONE',  ( 1.000000000000000000, -0.000000000000000000, -0.000000000000000000 ) ) ;
#201 = DIRECTION ( 'NONE',  ( -0.000000000000000000, -0.000000000000000000, -1.000000000000000000 ) ) ;
#202 = ORIENTED_EDGE ( 'NONE', *, *, #976, .T. ) ;
#203 = CARTESIAN_POINT ( 'NONE',  ( 2.899999999999999911, -17.50000000000000000, 3.000000000000000000 ) ) ;
#204 = ADVANCED_FACE ( 'NONE', ( #1698 ), #1250, .F. ) ;
#205 = ORIENTED_EDGE ( 'NONE', *, *, #1412, .T. ) ;
#206 = VERTEX_POINT ( 'NONE', #1536 ) ;
#207 = LINE ( 'NONE', #55, #316 ) ;
#208 = LINE ( 'NONE', #1013, #342 ) ;
#209 = LINE ( 'NONE', #185, #1492 ) ;
#210 = EDGE_LOOP ( 'NONE', ( #619, #1703, #673, #1326 ) ) ;
#211 = CARTESIAN_POINT ( 'NONE',  ( -4.559133120942482797, 22.83327905615035647, -0.000000000000000000 ) ) ;
#212 = EDGE_CURVE ( 'NONE', #669, #1614, #962, .T. ) ;
#213 = VERTEX_POINT ( 'NONE', #425 ) ;
#214 = FACE_OUTER_BOUND ( 'NONE', #1190, .T. ) ;
#215 = EDGE_CURVE ( 'NONE', #245, #1413, #305, .T. ) ;
#216 = LINE ( 'NONE', #1452, #482 ) ;
#217 = CARTESIAN_POINT ( 'NONE',  ( 13.10000000000000142, 8.500000000000000000, -6.000000000000000152E-06 ) ) ;
#218 = DIRECTION ( 'NONE',  ( 1.000000000000000000, 0.000000000000000000, 0.000000000000000000 ) ) ;
#219 = VECTOR ( 'NONE', #807, 1000.000000000000000 ) ;
#220 = ORIENTED_EDGE ( 'NONE', *, *, #292, .F. ) ;
#221 = FACE_OUTER_BOUND ( 'NONE', #1737, .T. ) ;
#222 = DIRECTION ( 'NONE',  ( -0.000000000000000000, 1.000000000000000000, -0.000000000000000000 ) ) ;
#223 = ORIENTED_EDGE ( 'NONE', *, *, #259, .F. ) ;
#224 = DIRECTION ( 'NONE',  ( 0.000000000000000000, 1.000000000000000000, -0.000000000000000000 ) ) ;
#225 = VECTOR ( 'NONE', #1630, 1000.000000000000000 ) ;
#226 = EDGE_CURVE ( 'NONE', #1011, #1379, #1117, .T. ) ;
#227 = CIRCLE ( 'NONE', #1317, 1.100000000000000311 ) ;
#228 = CARTESIAN_POINT ( 'NONE',  ( 5.700000000000000178, -17.00000000000000000, 3.000000000000000000 ) ) ;
#229 = ORIENTED_EDGE ( 'NONE', *, *, #386, .F. ) ;
#230 = FACE_OUTER_BOUND ( 'NONE', #1090, .T. ) ;
#231 = CARTESIAN_POINT ( 'NONE',  ( 2.899999999999999911, -17.50000000000000000, 3.000000000000000000 ) ) ;
#232 = ORIENTED_EDGE ( 'NONE', *, *, #877, .F. ) ;
#233 = CARTESIAN_POINT ( 'NONE',  ( -4.349999999999999645, 22.00000000000000000, -6.000000000000000152E-06 ) ) ;
#234 = EDGE_LOOP ( 'NONE', ( #344, #1687, #1348, #205 ) ) ;
#235 = LINE ( 'NONE', #83, #302 ) ;
#236 = COORDINATED_UNIVERSAL_TIME_OFFSET ( 3, 0, .AHEAD. ) ;
#237 = CC_DESIGN_DATE_AND_TIME_ASSIGNMENT ( #654, #524, ( #1527 ) ) ;
#238 = ORIENTED_EDGE ( 'NONE', *, *, #1300, .T. ) ;
#239 = CARTESIAN_POINT ( 'NONE',  ( 21.99998993401964142, -22.00000000000000000, 3.000000000000000000 ) ) ;
#240 = CARTESIAN_POINT ( 'NONE',  ( 13.10000000000000142, -19.30000000000000071, -6.000000000000000152E-06 ) ) ;
#241 = ORIENTED_EDGE ( 'NONE', *, *, #1233, .F. ) ;
#242 = CARTESIAN_POINT ( 'NONE',  ( -13.65006950796014884, -0.2184535819899359466, -0.000000000000000000 ) ) ;
#243 = CARTESIAN_POINT ( 'NONE',  ( -22.00000000000000000, -22.00000000000000000, 3.000000000000000000 ) ) ;
#244 = PERSON_AND_ORGANIZATION ( #168, #1087 ) ;
#245 = VERTEX_POINT ( 'NONE', #1132 ) ;
#246 = PLANE ( 'NONE',  #1181 ) ;
#247 = AXIS2_PLACEMENT_3D ( 'NONE', #1486, #946, #1100 ) ;
#248 = CARTESIAN_POINT ( 'NONE',  ( -1.649999999999999911, -12.00000000000000000, 3.000000000000000000 ) ) ;
#249 = EDGE_CURVE ( 'NONE', #65, #893, #1688, .T. ) ;
#250 = ORIENTED_EDGE ( 'NONE', *, *, #976, .F. ) ;
#251 = EDGE_LOOP ( 'NONE', ( #979, #788, #1354, #93 ) ) ;
#252 = DIRECTION ( 'NONE',  ( -0.000000000000000000, -0.000000000000000000, -1.000000000000000000 ) ) ;
#253 = PERSON_AND_ORGANIZATION ( #168, #1087 ) ;
#254 = VECTOR ( 'NONE', #565, 1000.000000000000000 ) ;
#255 = ORIENTED_EDGE ( 'NONE', *, *, #27, .T. ) ;
#256 = CARTESIAN_POINT ( 'NONE',  ( 11.43682575938736434, -18.30774411098657239, 0.000000000000000000 ) ) ;
#257 = DIRECTION ( 'NONE',  ( -1.000000000000000000, 0.000000000000000000, 0.000000000000000000 ) ) ;
#258 = ORIENTED_EDGE ( 'NONE', *, *, #325, .T. ) ;
#259 = EDGE_CURVE ( 'NONE', #1011, #331, #280, .T. ) ;
#260 = AXIS2_PLACEMENT_3D ( 'NONE', #1280, #1592, #890 ) ;
#261 = CARTESIAN_POINT ( 'NONE',  ( -2.899999999999999911, -17.50000000000000000, 0.000000000000000000 ) ) ;
#262 = PLANE ( 'NONE',  #1214 ) ;
#263 = LINE ( 'NONE', #1238, #31 ) ;
#264 = ORIENTED_EDGE ( 'NONE', *, *, #541, .F. ) ;
#265 = CARTESIAN_POINT ( 'NONE',  ( 13.10000000000000142, -19.30000000000000071, -6.000000000000000152E-06 ) ) ;
#266 = LINE ( 'NONE', #1764, #1695 ) ;
#267 = ADVANCED_FACE ( 'NONE', ( #11 ), #1141, .F. ) ;
#268 = CARTESIAN_POINT ( 'NONE',  ( -2.899999999999999911, -17.50000000000000000, 3.000000000000000000 ) ) ;
#269 = VECTOR ( 'NONE', #1738, 1000.000000000000000 ) ;
#270 = EDGE_CURVE ( 'NONE', #1321, #588, #1662, .T. ) ;
#271 = CARTESIAN_POINT ( 'NONE',  ( 18.30000000000000071, 6.200000000000000178, 3.000000000000000000 ) ) ;
#272 = DIRECTION ( 'NONE',  ( -1.000000000000000000, 0.000000000000000000, 0.000000000000000000 ) ) ;
#273 = EDGE_LOOP ( 'NONE', ( #1392, #1701, #223, #52 ) ) ;
#274 = CARTESIAN_POINT ( 'NONE',  ( 7.321245347707180606, 20.98769467069095995, -0.000000000000000000 ) ) ;
#275 = CARTESIAN_POINT ( 'NONE',  ( 2.899999999999999911, -17.50000000000000000, 3.000000000000000000 ) ) ;
#276 = VECTOR ( 'NONE', #101, 1000.000000000000114 ) ;
#277 = VERTEX_POINT ( 'NONE', #1374 ) ;
#278 = VERTEX_POINT ( 'NONE', #289 ) ;
#279 = DIRECTION ( 'NONE',  ( -1.000000000000000000, 0.000000000000000000, 0.000000000000000000 ) ) ;
#280 = LINE ( 'NONE', #1414, #1092 ) ;
#281 = CARTESIAN_POINT ( 'NONE',  ( -6.000000000000000000, -22.00000000000000000, 3.000000000000000000 ) ) ;
#282 = EDGE_CURVE ( 'NONE', #1727, #911, #824, .T. ) ;
#283 = CARTESIAN_POINT ( 'NONE',  ( 4.987694670690954624, 20.67875465229281318, -0.000000000000000000 ) ) ;
#284 = CARTESIAN_POINT ( 'NONE',  ( 2.899999999999999911, -14.90000000000000036, 3.000000000000000000 ) ) ;
#285 = AXIS2_PLACEMENT_3D ( 'NONE', #387, #1749, #257 ) ;
#286 = LOCAL_TIME ( 23, 20, 34.00000000000000000, #1044 ) ;
#287 = ORIENTED_EDGE ( 'NONE', *, *, #1115, .T. ) ;
#288 = CARTESIAN_POINT ( 'NONE',  ( 21.99998993401964142, -11.99999698813306814, 3.000000000000000000 ) ) ;
#289 = CARTESIAN_POINT ( 'NONE',  ( 20.48415993401964030, 10.45342301186693135, 0.000000000000000000 ) ) ;
#290 = CARTESIAN_POINT ( 'NONE',  ( -1.649999999999999911, -17.50000000000000000, 3.000000000000000000 ) ) ;
#291 = CARTESIAN_POINT ( 'NONE',  ( 11.69659345673201223, -20.39985519232025268, 0.000000000000000000 ) ) ;
#292 = EDGE_CURVE ( 'NONE', #1443, #1137, #1243, .T. ) ;
#293 = DIRECTION ( 'NONE',  ( -0.000000000000000000, -0.000000000000000000, -1.000000000000000000 ) ) ;
#294 = CARTESIAN_POINT ( 'NONE',  ( 10.90000000000000036, -19.30000000000000071, -6.000000000000000152E-06 ) ) ;
#295 = CARTESIAN_POINT ( 'NONE',  ( 12.00000000000000000, -19.30000000000000071, 3.000000000000000000 ) ) ;
#296 = LINE ( 'NONE', #281, #1441 ) ;
#297 = FACE_BOUND ( 'NONE', #520, .T. ) ;
#298 = DIRECTION ( 'NONE',  ( 0.000000000000000000, 0.000000000000000000, 1.000000000000000000 ) ) ;
#299 = B_SPLINE_CURVE_WITH_KNOTS ( 'NONE', 3,
 ( #265, #1359, #1239, #556, #1489, #539, #256, #667, #1629, #1531 ),
 .UNSPECIFIED., .F., .F.,
 ( 4, 2, 2, 2, 4 ),
 ( 0.000000000000000000, 0.1250000000000000000, 0.2500000000000000000, 0.3750000000000000000, 0.5000000000000000000 ),
 .UNSPECIFIED. ) ;
#300 = EDGE_CURVE ( 'NONE', #171, #977, #1042, .T. ) ;
#301 = DIRECTION ( 'NONE',  ( -0.000000000000000000, -0.000000000000000000, 1.000000000000000000 ) ) ;
#302 = VECTOR ( 'NONE', #635, 999.9999999999998863 ) ;
#303 = CIRCLE ( 'NONE', #836, 6.500001303403208475 ) ;
#304 = ORIENTED_EDGE ( 'NONE', *, *, #1061, .T. ) ;
#305 = LINE ( 'NONE', #38, #398 ) ;
#306 = DIRECTION ( 'NONE',  ( -0.5255207563350763333, 0.8507807794379286248, -0.000000000000000000 ) ) ;
#307 = CARTESIAN_POINT ( 'NONE',  ( -22.00000000000000000, -12.00000000000000000, 3.000000000000000000 ) ) ;
#308 = DIRECTION ( 'NONE',  ( 1.000000000000000000, 0.000000000000000000, 0.000000000000000000 ) ) ;
#309 = AXIS2_PLACEMENT_3D ( 'NONE', #1277, #886, #1146 ) ;
#310 = CIRCLE ( 'NONE', #1642, 8.000146585325584425 ) ;
#311 = ORIENTED_EDGE ( 'NONE', *, *, #596, .F. ) ;
#312 = CARTESIAN_POINT ( 'NONE',  ( 12.00000000000000000, 8.500000000000000000, 3.000000000000000000 ) ) ;
#313 = ADVANCED_FACE ( 'NONE', ( #1600 ), #1180, .F. ) ;
#314 = VERTEX_POINT ( 'NONE', #1291 ) ;
#315 = CARTESIAN_POINT ( 'NONE',  ( -6.833225857062346087, 20.55926155490655205, 0.000000000000000000 ) ) ;
#316 = VECTOR ( 'NONE', #1743, 1000.000000000000000 ) ;
#317 = CARTESIAN_POINT ( 'NONE',  ( -10.67885295139310742, 1.012207030208411407, 0.000000000000000000 ) ) ;
#318 = CARTESIAN_POINT ( 'NONE',  ( -11.99986183004107332, -3.971014496918074782E-05, 3.000000000000000000 ) ) ;
#319 = EDGE_LOOP ( 'NONE', ( #734, #116 ) ) ;
#320 = CARTESIAN_POINT ( 'NONE',  ( -7.440738445093448838, 22.83322585706191177, 0.000000000000000000 ) ) ;
#321 = DIRECTION ( 'NONE',  ( -0.000000000000000000, -0.000000000000000000, 1.000000000000000000 ) ) ;
#322 = VERTEX_POINT ( 'NONE', #1713 ) ;
#323 = DIRECTION ( 'NONE',  ( -0.000000000000000000, -1.000000000000000000, -0.000000000000000000 ) ) ;
#324 = CARTESIAN_POINT ( 'NONE',  ( 2.899999999999999911, -14.90000000000000036, 0.000000000000000000 ) ) ;
#325 = EDGE_CURVE ( 'NONE', #448, #197, #207, .T. ) ;
#326 = DIRECTION ( 'NONE',  ( 1.000000000000000000, 0.000000000000000000, 0.000000000000000000 ) ) ;
#327 = CARTESIAN_POINT ( 'NONE',  ( 1.649999999999999911, -17.50000000000000000, 3.000000000000000000 ) ) ;
#328 = ORIENTED_EDGE ( 'NONE', *, *, #663, .F. ) ;
#329 = CARTESIAN_POINT ( 'NONE',  ( -1.649999999999999911, -22.00000000000000000, 3.000000000000000000 ) ) ;
#330 = ORIENTED_EDGE ( 'NONE', *, *, #1165, .F. ) ;
#331 = VERTEX_POINT ( 'NONE', #1155 ) ;
#332 = DIRECTION ( 'NONE',  ( -0.000000000000000000, -1.000000000000000000, -0.000000000000000000 ) ) ;
#333 = PLANE ( 'NONE',  #1122 ) ;
#334 = CARTESIAN_POINT ( 'NONE',  ( 12.00000000000000000, -19.30000000000000071, 3.000000000000000000 ) ) ;
#335 = DIRECTION ( 'NONE',  ( -1.000000000000000000, 0.000000000000000000, 0.000000000000000000 ) ) ;
#336 = EDGE_CURVE ( 'NONE', #322, #660, #863, .T. ) ;
#337 = ORIENTED_EDGE ( 'NONE', *, *, #1653, .F. ) ;
#338 = LINE ( 'NONE', #203, #1027 ) ;
#339 = ORIENTED_EDGE ( 'NONE', *, *, #363, .T. ) ;
#340 = DIRECTION ( 'NONE',  ( -1.000000000000000000, 0.000000000000000000, 0.000000000000000000 ) ) ;
#341 = DIRECTION ( 'NONE',  ( -1.000000000000000000, 0.000000000000000000, 0.000000000000000000 ) ) ;
#342 = VECTOR ( 'NONE', #200, 1000.000000000000000 ) ;
#343 = ADVANCED_FACE ( 'NONE', ( #356 ), #1591, .F. ) ;
#344 = ORIENTED_EDGE ( 'NONE', *, *, #1481, .T. ) ;
#345 = DIRECTION ( 'NONE',  ( 1.000000000000000000, -0.000000000000000000, -0.000000000000000000 ) ) ;
#346 = EDGE_CURVE ( 'NONE', #586, #749, #467, .T. ) ;
#347 = ORIENTED_EDGE ( 'NONE', *, *, #437, .T. ) ;
#348 = LINE ( 'NONE', #889, #935 ) ;
#349 = CARTESIAN_POINT ( 'NONE',  ( 5.700000000000000178, 6.200000000000000178, 0.000000000000000000 ) ) ;
#350 = CARTESIAN_POINT ( 'NONE',  ( -2.899999999999999911, -14.90000000000000036, 3.000000000000000000 ) ) ;
#351 = ORIENTED_EDGE ( 'NONE', *, *, #1577, .F. ) ;
#352 = DIRECTION ( 'NONE',  ( 0.000000000000000000, 0.000000000000000000, 1.000000000000000000 ) ) ;
#353 = PLANE ( 'NONE',  #1312 ) ;
#354 = EDGE_CURVE ( 'NONE', #893, #1590, #1173, .T. ) ;
#355 = ORIENTED_EDGE ( 'NONE', *, *, #1333, .T. ) ;
#356 = FACE_OUTER_BOUND ( 'NONE', #1131, .T. ) ;
#357 = CARTESIAN_POINT ( 'NONE',  ( -1.649999999999999911, -14.90000000000000036, 3.000000000000000000 ) ) ;
#358 = CALENDAR_DATE ( 2026, 1, 10 ) ;
#359 = ORIENTED_EDGE ( 'NONE', *, *, #809, .F. ) ;
#360 = CARTESIAN_POINT ( 'NONE',  ( 18.30000000000000071, -17.00000000000000000, 3.000000000000000000 ) ) ;
#361 = CARTESIAN_POINT ( 'NONE',  ( -2.899999999999999911, -14.90000000000000036, 3.000000000000000000 ) ) ;
#362 = EDGE_LOOP ( 'NONE', ( #1043, #1484, #430, #914 ) ) ;
#363 = EDGE_CURVE ( 'NONE', #417, #800, #454, .T. ) ;
#364 = DIRECTION ( 'NONE',  ( 1.000000000000000000, -0.000000000000000000, -0.000000000000000000 ) ) ;
#365 = PRODUCT_DEFINITION_FORMATION_WITH_SPECIFIED_SOURCE ( 'ANY', '', #1364, .NOT_KNOWN. ) ;
#366 = ORIENTED_EDGE ( 'NONE', *, *, #689, .F. ) ;
#367 = CARTESIAN_POINT ( 'NONE',  ( -22.00000000000000000, -22.00000000000000000, 0.000000000000000000 ) ) ;
#368 = CARTESIAN_POINT ( 'NONE',  ( 5.999994271500765919, 29.00000380276842549, 3.000000000000000000 ) ) ;
#369 = ORIENTED_EDGE ( 'NONE', *, *, #397, .F. ) ;
#370 = CARTESIAN_POINT ( 'NONE',  ( 7.650000000000001243, 22.21862154018437963, 0.000000000000000000 ) ) ;
#371 = ORIENTED_EDGE ( 'NONE', *, *, #605, .F. ) ;
#372 = CARTESIAN_POINT ( 'NONE',  ( 1.649999999999999911, -14.90000000000000036, 3.000000000000000000 ) ) ;
#373 = PERSON_AND_ORGANIZATION_ROLE ( 'classification_officer' ) ;
#374 = EDGE_CURVE ( 'NONE', #977, #633, #1299, .T. ) ;
#375 = ORIENTED_EDGE ( 'NONE', *, *, #1177, .T. ) ;
#376 = CARTESIAN_POINT ( 'NONE',  ( 19.54215467923025429, 13.39624453082188893, 3.000000000000000000 ) ) ;
#377 = FACE_OUTER_BOUND ( 'NONE', #180, .T. ) ;
#378 = EDGE_LOOP ( 'NONE', ( #1200, #745 ) ) ;
#379 = DIRECTION ( 'NONE',  ( -1.000000000000000000, 0.000000000000000000, 0.000000000000000000 ) ) ;
#380 = B_SPLINE_CURVE_WITH_KNOTS ( 'NONE', 3,
 ( #406, #420, #1075, #1094, #291, #794, #1657, #940, #1523, #1103 ),
 .UNSPECIFIED., .F., .F.,
 ( 4, 2, 2, 2, 4 ),
 ( 0.5000000000000000000, 0.6250000000000000000, 0.7500000000000000000, 0.8750000000000000000, 1.000000000000000000 ),
 .UNSPECIFIED. ) ;
#381 = DIRECTION ( 'NONE',  ( 1.000000000000000000, 0.000000000000000000, 0.000000000000000000 ) ) ;
#382 = SHAPE_DEFINITION_REPRESENTATION ( #1384, #658 ) ;
#383 = ORIENTED_EDGE ( 'NONE', *, *, #73, .T. ) ;
#384 = CARTESIAN_POINT ( 'NONE',  ( -16.00000000000000000, -22.00000000000000000, 3.000000000000000000 ) ) ;
#385 = CIRCLE ( 'NONE', #835, 1.650000000000000355 ) ;
#386 = EDGE_CURVE ( 'NONE', #1175, #1174, #1498, .T. ) ;
#387 = CARTESIAN_POINT ( 'NONE',  ( 13.99999249246774013, 10.00000319077210342, 3.000000000000000000 ) ) ;
#388 = ORIENTED_EDGE ( 'NONE', *, *, #69, .T. ) ;
#389 = VERTEX_POINT ( 'NONE', #1719 ) ;
#390 = CARTESIAN_POINT ( 'NONE',  ( -11.16672094384933445, -1.440866879057524530, -0.000000000000000000 ) ) ;
#391 = DIRECTION ( 'NONE',  ( -0.000000000000000000, -0.000000000000000000, -1.000000000000000000 ) ) ;
#392 = COORDINATED_UNIVERSAL_TIME_OFFSET ( 3, 0, .AHEAD. ) ;
#393 = AXIS2_PLACEMENT_3D ( 'NONE', #1104, #298, #308 ) ;
#394 = ORIENTED_EDGE ( 'NONE', *, *, #1049, .F. ) ;
#395 = CARTESIAN_POINT ( 'NONE',  ( -1.649999999999999911, -17.50000000000000000, 0.000000000000000000 ) ) ;
#396 = DIRECTION ( 'NONE',  ( -0.000000000000000000, 1.000000000000000000, -0.000000000000000000 ) ) ;
#397 = EDGE_CURVE ( 'NONE', #1453, #483, #1575, .T. ) ;
#398 = VECTOR ( 'NONE', #685, 1000.000000000000000 ) ;
#399 = EDGE_CURVE ( 'NONE', #1409, #1330, #348, .T. ) ;
#400 = VERTEX_POINT ( 'NONE', #199 ) ;
#401 = DIRECTION ( 'NONE',  ( -0.000000000000000000, 1.000000000000000000, -0.000000000000000000 ) ) ;
#402 = ORIENTED_EDGE ( 'NONE', *, *, #931, .F. ) ;
#403 = DIRECTION ( 'NONE',  ( -0.000000000000000000, -0.000000000000000000, 1.000000000000000000 ) ) ;
#404 = LINE ( 'NONE', #1529, #118 ) ;
#405 = ORIENTED_EDGE ( 'NONE', *, *, #1063, .T. ) ;
#406 = CARTESIAN_POINT ( 'NONE',  ( 10.90000000000000036, -19.30000000000000071, -6.000000000000000152E-06 ) ) ;
#407 = CARTESIAN_POINT ( 'NONE',  ( 1.649999999999999911, -14.90000000000000036, 3.000000000000000000 ) ) ;
#408 = CARTESIAN_POINT ( 'NONE',  ( 7.440866879057823624, 22.83327905615004028, -0.000000000000000000 ) ) ;
#409 = ADVANCED_FACE ( 'NONE', ( #214 ), #897, .F. ) ;
#410 = CARTESIAN_POINT ( 'NONE',  ( 6.000000000000000000, 22.00000000000000000, 3.000000000000000000 ) ) ;
#411 = CARTESIAN_POINT ( 'NONE',  ( 6.000000000000000000, -22.00000000000000000, 3.000000000000000000 ) ) ;
#412 = CARTESIAN_POINT ( 'NONE',  ( 4.559133120942175488, 21.16672094384994196, -0.000000000000000000 ) ) ;
#413 = LINE ( 'NONE', #1246, #678 ) ;
#414 = AXIS2_PLACEMENT_3D ( 'NONE', #1329, #1585, #884 ) ;
#415 = CARTESIAN_POINT ( 'NONE',  ( 7.321147048606563956, 23.01220703020842606, 0.000000000000000000 ) ) ;
#416 = EDGE_CURVE ( 'NONE', #483, #1571, #872, .T. ) ;
#417 = VERTEX_POINT ( 'NONE', #496 ) ;
#418 = CARTESIAN_POINT ( 'NONE',  ( 10.90000000000000036, -19.30000000000000071, -1.200000000000000030E-05 ) ) ;
#419 = DIRECTION ( 'NONE',  ( 0.3051714165172574322, 0.9522974359625520080, 0.000000000000000000 ) ) ;
#420 = CARTESIAN_POINT ( 'NONE',  ( 10.89985519232025091, -19.60340654326699550, 0.000000000000000000 ) ) ;
#421 = DIRECTION ( 'NONE',  ( -0.000000000000000000, -0.000000000000000000, 1.000000000000000000 ) ) ;
#422 = VECTOR ( 'NONE', #1202, 1000.000000000000000 ) ;
#423 = ORIENTED_EDGE ( 'NONE', *, *, #1333, .F. ) ;
#424 = LINE ( 'NONE', #1107, #937 ) ;
#425 = CARTESIAN_POINT ( 'NONE',  ( 1.649999999999999911, -14.90000000000000036, 0.000000000000000000 ) ) ;
#426 = FACE_OUTER_BOUND ( 'NONE', #1179, .T. ) ;
#427 = CARTESIAN_POINT ( 'NONE',  ( -10.98769467069128680, 1.321245347707195705, -0.000000000000000000 ) ) ;
#428 = CARTESIAN_POINT ( 'NONE',  ( 10.90000000000000036, -19.30000000000000071, 3.000000000000000000 ) ) ;
#429 = EDGE_CURVE ( 'NONE', #533, #1160, #1568, .T. ) ;
#430 = ORIENTED_EDGE ( 'NONE', *, *, #7, .F. ) ;
#431 = CARTESIAN_POINT ( 'NONE',  ( 7.012305329309046265, 23.32124534770717617, -0.000000000000000000 ) ) ;
#432 = ORIENTED_EDGE ( 'NONE', *, *, #1661, .T. ) ;
#433 = DIRECTION ( 'NONE',  ( 0.000000000000000000, -1.000000000000000000, 0.000000000000000000 ) ) ;
#434 = CARTESIAN_POINT ( 'NONE',  ( 16.00000000000000000, -22.00000000000000000, 0.000000000000000000 ) ) ;
#435 = CARTESIAN_POINT ( 'NONE',  ( -12.21845358198991427, 1.650069507960236104, -0.000000000000000000 ) ) ;
#436 = DIRECTION ( 'NONE',  ( -0.000000000000000000, -0.000000000000000000, 1.000000000000000000 ) ) ;
#437 = EDGE_CURVE ( 'NONE', #1463, #920, #1279, .T. ) ;
#438 = B_SPLINE_CURVE_WITH_KNOTS ( 'NONE', 3,
 ( #790, #242, #1362, #1509, #782, #1634, #1624, #1469, #1327, #99, #1336, #390, #1497, #642, #1205, #532, #1753, #650 ),
 .UNSPECIFIED., .F., .F.,
 ( 4, 2, 2, 2, 2, 2, 2, 2, 4 ),
 ( 0.5000000000000000000, 0.5625000000000000000, 0.6250000000000000000, 0.6875000000000000000, 0.7500000000000000000, 0.8125000000000000000, 0.8750000000000000000, 0.9375000000000000000, 1.000000000000000000 ),
 .UNSPECIFIED. ) ;
#439 = DIRECTION ( 'NONE',  ( 1.000000000000000000, -0.000000000000000000, -0.000000000000000000 ) ) ;
#440 = ORIENTED_EDGE ( 'NONE', *, *, #1177, .F. ) ;
#441 = CARTESIAN_POINT ( 'NONE',  ( -11.99986183004107332, -3.971014496918074782E-05, 3.000000000000000000 ) ) ;
#442 = CARTESIAN_POINT ( 'NONE',  ( -7.650000000000000355, 22.00000000000000000, -6.000000000000000152E-06 ) ) ;
#443 = CARTESIAN_POINT ( 'NONE',  ( -11.16677414293816284, 1.440738445093540099, 0.000000000000000000 ) ) ;
#444 = CARTESIAN_POINT ( 'NONE',  ( -16.00000000000000000, -25.00000000000000000, 3.000000000000000000 ) ) ;
#445 = ORIENTED_EDGE ( 'NONE', *, *, #854, .T. ) ;
#446 = EDGE_CURVE ( 'NONE', #23, #1562, #40, .T. ) ;
#447 = B_SPLINE_CURVE_WITH_KNOTS ( 'NONE', 3,
 ( #442, #714, #747, #722, #991, #1557, #315, #49, #856, #1415, #1699, #1425, #453, #1142, #1006, #191, #873, #1433 ),
 .UNSPECIFIED., .F., .F.,
 ( 4, 2, 2, 2, 2, 2, 2, 2, 4 ),
 ( 0.5000000000000000000, 0.5625000000000000000, 0.6250000000000000000, 0.6875000000000000000, 0.7500000000000000000, 0.8125000000000000000, 0.8750000000000000000, 0.9375000000000000000, 1.000000000000000000 ),
 .UNSPECIFIED. ) ;
#448 = VERTEX_POINT ( 'NONE', #233 ) ;
#449 = CARTESIAN_POINT ( 'NONE',  ( 5.999994271500765919, 29.00000380276842549, 0.000000000000000000 ) ) ;
#450 = ADVANCED_FACE ( 'NONE', ( #1079 ), #503, .F. ) ;
#451 = ORIENTED_EDGE ( 'NONE', *, *, #573, .F. ) ;
#452 = CARTESIAN_POINT ( 'NONE',  ( 16.00000000000000000, -25.00000000000000000, 3.000000000000000000 ) ) ;
#453 = CARTESIAN_POINT ( 'NONE',  ( -4.987792969791648545, 20.67885295139281965, 0.000000000000000000 ) ) ;
#454 = CIRCLE ( 'NONE', #1255, 7.000002246227852609 ) ;
#455 = CARTESIAN_POINT ( 'NONE',  ( 6.000000000000000000, -25.00000000000000000, 3.000000000000000000 ) ) ;
#456 = ORIENTED_EDGE ( 'NONE', *, *, #1233, .T. ) ;
#457 = CARTESIAN_POINT ( 'NONE',  ( -13.65000000000000036, 2.020667218593132755E-16, 3.000000000000000000 ) ) ;
#458 = ORIENTED_EDGE ( 'NONE', *, *, #30, .T. ) ;
#459 = EDGE_CURVE ( 'NONE', #23, #1504, #119, .T. ) ;
#460 = DIRECTION ( 'NONE',  ( 1.000000000000000000, 0.000000000000000000, 0.000000000000000000 ) ) ;
#461 = LINE ( 'NONE', #865, #1589 ) ;
#462 = DIRECTION ( 'NONE',  ( 0.000000000000000000, 0.000000000000000000, 1.000000000000000000 ) ) ;
#463 = ORIENTED_EDGE ( 'NONE', *, *, #1428, .F. ) ;
#464 = CARTESIAN_POINT ( 'NONE',  ( 13.09999999999999964, 8.196038460130642633, -0.000000000000000000 ) ) ;
#465 = ORIENTED_EDGE ( 'NONE', *, *, #270, .F. ) ;
#466 = ORIENTED_EDGE ( 'NONE', *, *, #1481, .F. ) ;
#467 = LINE ( 'NONE', #746, #1230 ) ;
#468 = CARTESIAN_POINT ( 'NONE',  ( -1.649999999999999911, -22.00000000000000000, 3.000000000000000000 ) ) ;
#469 = EDGE_CURVE ( 'NONE', #1463, #61, #513, .T. ) ;
#470 = LINE ( 'NONE', #228, #752 ) ;
#471 = DIRECTION ( 'NONE',  ( -0.000000000000000000, -0.000000000000000000, -1.000000000000000000 ) ) ;
#472 = ORIENTED_EDGE ( 'NONE', *, *, #1769, .T. ) ;
#473 = CARTESIAN_POINT ( 'NONE',  ( -2.899999999999999911, -17.50000000000000000, 0.000000000000000000 ) ) ;
#474 = VECTOR ( 'NONE', #58, 1000.000000000000000 ) ;
#475 = ORIENTED_EDGE ( 'NONE', *, *, #1540, .T. ) ;
#476 = DIRECTION ( 'NONE',  ( 1.000000000000000000, 0.000000000000000000, 0.000000000000000000 ) ) ;
#477 = DIRECTION ( 'NONE',  ( -1.000000000000000000, 0.000000000000000000, 0.000000000000000000 ) ) ;
#478 = VECTOR ( 'NONE', #1381, 1000.000000000000000 ) ;
#479 = LINE ( 'NONE', #775, #276 ) ;
#480 = VECTOR ( 'NONE', #1032, 1000.000000000000000 ) ;
#481 = DIRECTION ( 'NONE',  ( -0.000000000000000000, -1.000000000000000000, -0.000000000000000000 ) ) ;
#482 = VECTOR ( 'NONE', #1033, 1000.000000000000000 ) ;
#483 = VERTEX_POINT ( 'NONE', #521 ) ;
#484 = LINE ( 'NONE', #1056, #1656 ) ;
#485 = EDGE_CURVE ( 'NONE', #1409, #322, #438, .T. ) ;
#486 = CARTESIAN_POINT ( 'NONE',  ( 11.00774411098631589, 7.936825759387616586, -0.000000000000000000 ) ) ;
#487 = ORIENTED_EDGE ( 'NONE', *, *, #1750, .F. ) ;
#488 = CARTESIAN_POINT ( 'NONE',  ( -1.649999999999999911, -22.00000000000000000, 3.000000000000000000 ) ) ;
#489 = VERTEX_POINT ( 'NONE', #261 ) ;
#490 = CALENDAR_DATE ( 2026, 1, 10 ) ;
#491 = ORIENTED_EDGE ( 'NONE', *, *, #162, .T. ) ;
#492 = CARTESIAN_POINT ( 'NONE',  ( -22.00000000000000000, -22.00000000000000000, 0.000000000000000000 ) ) ;
#493 = FACE_OUTER_BOUND ( 'NONE', #1758, .T. ) ;
#494 = EDGE_CURVE ( 'NONE', #167, #277, #1766, .T. ) ;
#495 = ORIENTED_EDGE ( 'NONE', *, *, #866, .T. ) ;
#496 = CARTESIAN_POINT ( 'NONE',  ( -6.000005728499234081, 29.00000380276842549, 0.000000000000000000 ) ) ;
#497 = AXIS2_PLACEMENT_3D ( 'NONE', #295, #28, #181 ) ;
#498 = CALENDAR_DATE ( 2026, 1, 10 ) ;
#499 = ORIENTED_EDGE ( 'NONE', *, *, #1736, .T. ) ;
#500 = LINE ( 'NONE', #921, #760 ) ;
#501 = LINE ( 'NONE', #361, #905 ) ;
#502 = ORIENTED_EDGE ( 'NONE', *, *, #841, .T. ) ;
#503 = PLANE ( 'NONE',  #707 ) ;
#504 = EDGE_CURVE ( 'NONE', #986, #186, #310, .T. ) ;
#505 = VECTOR ( 'NONE', #1302, 1000.000000000000000 ) ;
#506 = VECTOR ( 'NONE', #201, 1000.000000000000000 ) ;
#507 = APPROVAL_DATE_TIME ( #1768, #1627 ) ;
#508 = ORIENTED_EDGE ( 'NONE', *, *, #805, .F. ) ;
#509 = FACE_OUTER_BOUND ( 'NONE', #91, .T. ) ;
#510 = DIRECTION ( 'NONE',  ( 0.000000000000000000, 1.000000000000000000, 0.000000000000000000 ) ) ;
#511 = VECTOR ( 'NONE', #1110, 1000.000000000000000 ) ;
#512 = ORIENTED_EDGE ( 'NONE', *, *, #1036, .F. ) ;
#513 = LINE ( 'NONE', #1062, #1089 ) ;
#514 = EDGE_CURVE ( 'NONE', #876, #911, #1485, .T. ) ;
#515 = CARTESIAN_POINT ( 'NONE',  ( 21.99998993401964142, -11.99999698813306814, 0.000000000000000000 ) ) ;
#516 = PERSON_AND_ORGANIZATION_ROLE ( 'design_supplier' ) ;
#517 = EDGE_LOOP ( 'NONE', ( #355, #1534, #1323, #1260 ) ) ;
#518 = DIRECTION ( 'NONE',  ( 0.000000000000000000, 0.000000000000000000, 1.000000000000000000 ) ) ;
#519 = CARTESIAN_POINT ( 'NONE',  ( 6.000000000000000000, -25.00000000000000000, 0.000000000000000000 ) ) ;
#520 = EDGE_LOOP ( 'NONE', ( #495, #1632 ) ) ;
#521 = CARTESIAN_POINT ( 'NONE',  ( 2.899999999999999911, -17.50000000000000000, 0.000000000000000000 ) ) ;
#522 = UNCERTAINTY_MEASURE_WITH_UNIT (LENGTH_MEASURE( 1.000000000000000082E-05 ), #1709, 'distance_accuracy_value', 'NONE');
#523 = DIRECTION ( 'NONE',  ( 1.000000000000000000, -0.000000000000000000, -0.000000000000000000 ) ) ;
#524 = DATE_TIME_ROLE ( 'classification_date' ) ;
#525 = EDGE_CURVE ( 'NONE', #1727, #578, #1345, .T. ) ;
#526 = ORIENTED_EDGE ( 'NONE', *, *, #459, .T. ) ;
#527 = LINE ( 'NONE', #1664, #1389 ) ;
#528 = VECTOR ( 'NONE', #1091, 1000.000000000000000 ) ;
#529 = CARTESIAN_POINT ( 'NONE',  ( 2.899999999999999911, -14.90000000000000036, 0.000000000000000000 ) ) ;
#530 = EDGE_CURVE ( 'NONE', #389, #803, #1722, .T. ) ;
#531 = ORIENTED_EDGE ( 'NONE', *, *, #399, .F. ) ;
#532 = CARTESIAN_POINT ( 'NONE',  ( -10.39186625711879230, -0.4294612763575157977, -0.000000000000000000 ) ) ;
#533 = VERTEX_POINT ( 'NONE', #268 ) ;
#534 = VECTOR ( 'NONE', #930, 1000.000000000000000 ) ;
#535 = LINE ( 'NONE', #1767, #528 ) ;
#536 = DIRECTION ( 'NONE',  ( -0.000000000000000000, -0.000000000000000000, -1.000000000000000000 ) ) ;
#537 = VECTOR ( 'NONE', #1235, 1000.000000000000000 ) ;
#538 = ORIENTED_EDGE ( 'NONE', *, *, #1029, .F. ) ;
#539 = CARTESIAN_POINT ( 'NONE',  ( 11.69659345673301054, -18.19985519232025339, -0.000000000000000000 ) ) ;
#540 = CARTESIAN_POINT ( 'NONE',  ( 19.54215467923025429, 13.39624453082188893, 0.000000000000000000 ) ) ;
#541 = EDGE_CURVE ( 'NONE', #1603, #389, #804, .T. ) ;
#542 = AXIS2_PLACEMENT_3D ( 'NONE', #1109, #433, #1237 ) ;
#543 = ORIENTED_EDGE ( 'NONE', *, *, #1606, .T. ) ;
#544 = DIRECTION ( 'NONE',  ( 0.000000000000000000, 0.000000000000000000, 1.000000000000000000 ) ) ;
#545 = CARTESIAN_POINT ( 'NONE',  ( -16.00000000000000000, -22.00000000000000000, 3.000000000000000000 ) ) ;
#546 = LINE ( 'NONE', #434, #1759 ) ;
#547 = DIRECTION ( 'NONE',  ( -0.9977289610251871554, -0.06735666508669095609, 0.000000000000000000 ) ) ;
#548 = CARTESIAN_POINT ( 'NONE',  ( 7.650000000000001243, 22.00000000000000000, -6.000000000000000152E-06 ) ) ;
#549 = ORIENTED_EDGE ( 'NONE', *, *, #1061, .F. ) ;
#550 = CC_DESIGN_PERSON_AND_ORGANIZATION_ASSIGNMENT ( #792, #373, ( #1527 ) ) ;
#551 = DIRECTION ( 'NONE',  ( 0.000000000000000000, 1.000000000000000000, -0.000000000000000000 ) ) ;
#552 = ORIENTED_EDGE ( 'NONE', *, *, #753, .F. ) ;
#553 = DIRECTION ( 'NONE',  ( -1.000000000000000000, -0.000000000000000000, -0.000000000000000000 ) ) ;
#554 = AXIS2_PLACEMENT_3D ( 'NONE', #307, #845, #1700 ) ;
#555 = DIRECTION ( 'NONE',  ( -0.000000000000000000, 0.000000000000000000, -1.000000000000000000 ) ) ;
#556 = CARTESIAN_POINT ( 'NONE',  ( 12.56337902959697139, -18.30753932200223133, -0.000000000000000000 ) ) ;
#557 = DIRECTION ( 'NONE',  ( -0.000000000000000000, -0.000000000000000000, 1.000000000000000000 ) ) ;
#558 = ORIENTED_EDGE ( 'NONE', *, *, #85, .T. ) ;
#559 = ORIENTED_EDGE ( 'NONE', *, *, #931, .T. ) ;
#560 = LINE ( 'NONE', #1123, #1030 ) ;
#561 = EDGE_CURVE ( 'NONE', #1554, #998, #1285, .T. ) ;
#562 = FACE_BOUND ( 'NONE', #1499, .T. ) ;
#563 = DIRECTION ( 'NONE',  ( -1.000000000000000000, 0.000000000000000000, 0.000000000000000000 ) ) ;
#564 = CARTESIAN_POINT ( 'NONE',  ( -10.34999999999999964, 0.000000000000000000, -6.000000000000000152E-06 ) ) ;
#565 = DIRECTION ( 'NONE',  ( 1.000000000000000000, -0.000000000000000000, -0.000000000000000000 ) ) ;
#566 = VECTOR ( 'NONE', #860, 1000.000000000000000 ) ;
#567 = AXIS2_PLACEMENT_3D ( 'NONE', #569, #301, #1399 ) ;
#568 = ORIENTED_EDGE ( 'NONE', *, *, #1567, .T. ) ;
#569 = CARTESIAN_POINT ( 'NONE',  ( 12.00000000000000000, -19.30000000000000071, -1.200000000000000030E-05 ) ) ;
#570 = VECTOR ( 'NONE', #306, 999.9999999999998863 ) ;
#571 = LINE ( 'NONE', #579, #1519 ) ;
#572 = CARTESIAN_POINT ( 'NONE',  ( -11.99986183004107332, -3.971014496918074782E-05, 0.000000000000000000 ) ) ;
#573 = EDGE_CURVE ( 'NONE', #1504, #400, #227, .T. ) ;
#574 = DIRECTION ( 'NONE',  ( -0.000000000000000000, -0.000000000000000000, -1.000000000000000000 ) ) ;
#575 = CARTESIAN_POINT ( 'NONE',  ( -6.000005728499234081, 29.00000380276842549, 3.000000000000000000 ) ) ;
#576 = ORIENTED_EDGE ( 'NONE', *, *, #909, .T. ) ;
#577 = CARTESIAN_POINT ( 'NONE',  ( 16.00000000000000000, -25.00000000000000000, 0.000000000000000000 ) ) ;
#578 = VERTEX_POINT ( 'NONE', #288 ) ;
#579 = CARTESIAN_POINT ( 'NONE',  ( -6.000005728499234081, 29.00000380276842549, 3.000000000000000000 ) ) ;
#580 = DIRECTION ( 'NONE',  ( 0.000000000000000000, 0.000000000000000000, 1.000000000000000000 ) ) ;
#581 = DIRECTION ( 'NONE',  ( 1.000000000000000000, 0.000000000000000000, 0.000000000000000000 ) ) ;
#582 = EDGE_CURVE ( 'NONE', #986, #1637, #683, .T. ) ;
#583 =( NAMED_UNIT ( * ) SI_UNIT ( $, .STERADIAN. ) SOLID_ANGLE_UNIT ( ) );
#584 = ORIENTED_EDGE ( 'NONE', *, *, #763, .T. ) ;
#585 = ADVANCED_FACE ( 'NONE', ( #25 ), #1372, .F. ) ;
#586 = VERTEX_POINT ( 'NONE', #1242 ) ;
#587 = CARTESIAN_POINT ( 'NONE',  ( -12.65740359220956535, 24.16312086241810420, 0.000000000000000000 ) ) ;
#588 = VERTEX_POINT ( 'NONE', #577 ) ;
#589 = DIRECTION ( 'NONE',  ( -0.000000000000000000, -1.000000000000000000, -0.000000000000000000 ) ) ;
#590 = DIRECTION ( 'NONE',  ( -0.000000000000000000, -0.000000000000000000, -1.000000000000000000 ) ) ;
#591 = CARTESIAN_POINT ( 'NONE',  ( -6.000000000000000000, -25.00000000000000000, 3.000000000000000000 ) ) ;
#592 =( NAMED_UNIT ( * ) PLANE_ANGLE_UNIT ( ) SI_UNIT ( $, .RADIAN. ) );
#593 = ORIENTED_EDGE ( 'NONE', *, *, #429, .F. ) ;
#594 = VECTOR ( 'NONE', #1273, 1000.000000000000000 ) ;
#595 = CARTESIAN_POINT ( 'NONE',  ( 10.89985519232025091, 8.196593456733008765, 0.000000000000000000 ) ) ;
#596 = EDGE_CURVE ( 'NONE', #1209, #54, #560, .T. ) ;
#597 = APPROVAL_PERSON_ORGANIZATION ( #1735, #1136, #1745 ) ;
#598 = ORIENTED_EDGE ( 'NONE', *, *, #1750, .T. ) ;
#599 = DIRECTION ( 'NONE',  ( -0.000000000000000000, -0.000000000000000000, 1.000000000000000000 ) ) ;
#600 = PLANE ( 'NONE',  #1347 ) ;
#601 = CARTESIAN_POINT ( 'NONE',  ( -13.01220703020851843, 1.321147048606968522, 0.000000000000000000 ) ) ;
#602 = DIRECTION ( 'NONE',  ( -1.000000000000000000, -0.000000000000000000, -0.000000000000000000 ) ) ;
#603 = ORIENTED_EDGE ( 'NONE', *, *, #504, .T. ) ;
#604 = CARTESIAN_POINT ( 'NONE',  ( -7.608064012193796799, 22.42962946974288485, -0.000000000000000000 ) ) ;
#605 = EDGE_CURVE ( 'NONE', #626, #79, #1551, .T. ) ;
#606 = VERTEX_POINT ( 'NONE', #1542 ) ;
#607 = CARTESIAN_POINT ( 'NONE',  ( -6.000000000000000000, -25.00000000000000000, 3.000000000000000000 ) ) ;
#608 = CARTESIAN_POINT ( 'NONE',  ( 1.649999999999999911, -12.00000000000000000, 3.000000000000000000 ) ) ;
#609 = EDGE_LOOP ( 'NONE', ( #1082, #549, #761, #1460 ) ) ;
#610 = FACE_OUTER_BOUND ( 'NONE', #736, .T. ) ;
#611 = ORIENTED_EDGE ( 'NONE', *, *, #909, .F. ) ;
#612 = DIRECTION ( 'NONE',  ( 0.000000000000000000, 1.000000000000000000, -0.000000000000000000 ) ) ;
#613 = ORIENTED_EDGE ( 'NONE', *, *, #1098, .F. ) ;
#614 = VECTOR ( 'NONE', #1083, 1000.000000000000000 ) ;
#615 = CARTESIAN_POINT ( 'NONE',  ( 2.899999999999999911, -17.50000000000000000, 3.000000000000000000 ) ) ;
#616 = LINE ( 'NONE', #1720, #967 ) ;
#617 = EDGE_CURVE ( 'NONE', #692, #1450, #1252, .T. ) ;
#618 = FACE_OUTER_BOUND ( 'NONE', #1601, .T. ) ;
#619 = ORIENTED_EDGE ( 'NONE', *, *, #530, .T. ) ;
#620 = CARTESIAN_POINT ( 'NONE',  ( -6.000000000000000000, -22.00000000000000000, 3.000000000000000000 ) ) ;
#621 = CARTESIAN_POINT ( 'NONE',  ( -6.429576270654309589, 23.60793557822967159, 0.000000000000000000 ) ) ;
#622 = VECTOR ( 'NONE', #293, 1000.000000000000000 ) ;
#623 = VECTOR ( 'NONE', #925, 1000.000000000000000 ) ;
#624 = ORIENTED_EDGE ( 'NONE', *, *, #821, .T. ) ;
#625 = DIRECTION ( 'NONE',  ( -0.000000000000000000, -0.000000000000000000, -1.000000000000000000 ) ) ;
#626 = VERTEX_POINT ( 'NONE', #17 ) ;
#627 = VECTOR ( 'NONE', #599, 1000.000000000000000 ) ;
#628 = COORDINATED_UNIVERSAL_TIME_OFFSET ( 3, 0, .AHEAD. ) ;
#629 = EDGE_CURVE ( 'NONE', #1450, #800, #840, .T. ) ;
#630 = ORIENTED_EDGE ( 'NONE', *, *, #300, .T. ) ;
#631 = DIRECTION ( 'NONE',  ( -0.000000000000000000, -0.000000000000000000, -1.000000000000000000 ) ) ;
#632 = CARTESIAN_POINT ( 'NONE',  ( -7.012207030208610803, 23.32114704860656218, 0.000000000000000000 ) ) ;
#633 = VERTEX_POINT ( 'NONE', #814 ) ;
#634 = CARTESIAN_POINT ( 'NONE',  ( 1.649999999999999911, -17.50000000000000000, 0.000000000000000000 ) ) ;
#635 = DIRECTION ( 'NONE',  ( -0.5255207563350763333, 0.8507807794379286248, -0.000000000000000000 ) ) ;
#636 = APPROVAL_DATE_TIME ( #84, #1136 ) ;
#637 = ORIENTED_EDGE ( 'NONE', *, *, #282, .F. ) ;
#638 = CARTESIAN_POINT ( 'NONE',  ( 5.700000000000001954, -17.00000000000000000, 3.000000000000000000 ) ) ;
#639 = LINE ( 'NONE', #922, #534 ) ;
#640 = EDGE_CURVE ( 'NONE', #533, #489, #1114, .T. ) ;
#641 = EDGE_LOOP ( 'NONE', ( #140, #1236, #1429, #888 ) ) ;
#642 = CARTESIAN_POINT ( 'NONE',  ( -10.67875465229262666, -1.012305329308536894, -0.000000000000000000 ) ) ;
#643 = AXIS2_PLACEMENT_3D ( 'NONE', #350, #1521, #1215 ) ;
#644 = LINE ( 'NONE', #721, #104 ) ;
#645 = ORIENTED_EDGE ( 'NONE', *, *, #1029, .T. ) ;
#646 = LINE ( 'NONE', #367, #1267 ) ;
#647 = DIRECTION ( 'NONE',  ( -0.000000000000000000, -0.000000000000000000, 1.000000000000000000 ) ) ;
#648 = ADVANCED_FACE ( 'NONE', ( #170 ), #1130, .F. ) ;
#649 = ORIENTED_EDGE ( 'NONE', *, *, #128, .F. ) ;
#650 = CARTESIAN_POINT ( 'NONE',  ( -10.34999999999999964, 0.000000000000000000, -6.000000000000000152E-06 ) ) ;
#651 = VECTOR ( 'NONE', #1135, 1000.000000000000000 ) ;
#652 = ORIENTED_EDGE ( 'NONE', *, *, #1366, .F. ) ;
#653 = LOCAL_TIME ( 23, 20, 34.00000000000000000, #628 ) ;
#654 = DATE_AND_TIME ( #498, #286 ) ;
#655 = ORIENTED_EDGE ( 'NONE', *, *, #172, .F. ) ;
#656 = LINE ( 'NONE', #1368, #1573 ) ;
#657 = LINE ( 'NONE', #675, #422 ) ;
#658 = ADVANCED_BREP_SHAPE_REPRESENTATION ( '17_ladon', ( #723, #80 ), #847 ) ;
#659 = VECTOR ( 'NONE', #1689, 1000.000000000000000 ) ;
#660 = VERTEX_POINT ( 'NONE', #1268 ) ;
#661 = ADVANCED_FACE ( 'NONE', ( #1669 ), #9, .F. ) ;
#662 = CARTESIAN_POINT ( 'NONE',  ( 12.30340654326749572, 9.599855192320752906, 0.000000000000000000 ) ) ;
#663 = EDGE_CURVE ( 'NONE', #1367, #278, #424, .T. ) ;
#664 = CARTESIAN_POINT ( 'NONE',  ( 16.00000000000000000, -22.00000000000000000, 3.000000000000000000 ) ) ;
#665 = APPROVAL_STATUS ( 'not_yet_approved' ) ;
#666 = ORIENTED_EDGE ( 'NONE', *, *, #249, .T. ) ;
#667 = CARTESIAN_POINT ( 'NONE',  ( 11.00753932200223240, -18.73662097040303109, -0.000000000000000000 ) ) ;
#668 = CARTESIAN_POINT ( 'NONE',  ( 21.99998993401964142, -11.99999698813306814, 0.000000000000000000 ) ) ;
#669 = VERTEX_POINT ( 'NONE', #294 ) ;
#670 = CARTESIAN_POINT ( 'NONE',  ( 10.90000000000000036, 8.500000000000000000, -6.000000000000000152E-06 ) ) ;
#671 = DESIGN_CONTEXT ( 'detailed design', #1503, 'design' ) ;
#672 = EDGE_CURVE ( 'NONE', #314, #245, #830, .T. ) ;
#673 = ORIENTED_EDGE ( 'NONE', *, *, #919, .F. ) ;
#674 = DIRECTION ( 'NONE',  ( -0.000000000000000000, 1.000000000000000000, -0.000000000000000000 ) ) ;
#675 = CARTESIAN_POINT ( 'NONE',  ( -16.00000000000000000, -25.00000000000000000, 0.000000000000000000 ) ) ;
#676 = ORIENTED_EDGE ( 'NONE', *, *, #399, .T. ) ;
#677 = DIRECTION ( 'NONE',  ( -1.000000000000000000, 0.000000000000000000, 0.000000000000000000 ) ) ;
#678 = VECTOR ( 'NONE', #557, 1000.000000000000000 ) ;
#679 = DIRECTION ( 'NONE',  ( 0.000000000000000000, -0.000000000000000000, -1.000000000000000000 ) ) ;
#680 = CARTESIAN_POINT ( 'NONE',  ( 20.48415993401964030, 10.45342301186693312, 3.000000000000000000 ) ) ;
#681 = EDGE_CURVE ( 'NONE', #72, #876, #756, .T. ) ;
#682 = DIRECTION ( 'NONE',  ( 1.000000000000000000, 0.000000000000000000, 0.000000000000000000 ) ) ;
#683 = LINE ( 'NONE', #1660, #537 ) ;
#684 = APPLICATION_CONTEXT ( 'configuration controlled 3d designs of mechanical parts and assemblies' ) ;
#685 = DIRECTION ( 'NONE',  ( -1.000000000000000000, 0.000000000000000000, 0.000000000000000000 ) ) ;
#686 = LINE ( 'NONE', #1357, #739 ) ;
#687 = LINE ( 'NONE', #395, #923 ) ;
#688 = DIRECTION ( 'NONE',  ( -0.000000000000000000, -1.000000000000000000, -0.000000000000000000 ) ) ;
#689 = EDGE_CURVE ( 'NONE', #1744, #588, #500, .T. ) ;
#690 = ORIENTED_EDGE ( 'NONE', *, *, #346, .F. ) ;
#691 = CARTESIAN_POINT ( 'NONE',  ( 1.649999999999999911, -22.00000000000000000, 3.000000000000000000 ) ) ;
#692 = VERTEX_POINT ( 'NONE', #1331 ) ;
#693 = LINE ( 'NONE', #980, #1748 ) ;
#694 = CARTESIAN_POINT ( 'NONE',  ( -6.000000000000000000, -25.00000000000000000, 3.000000000000000000 ) ) ;
#695 = FACE_OUTER_BOUND ( 'NONE', #1543, .T. ) ;
#696 = DIRECTION ( 'NONE',  ( -0.000000000000000000, -0.000000000000000000, -1.000000000000000000 ) ) ;
#697 = VERTEX_POINT ( 'NONE', #903 ) ;
#698 = ORIENTED_EDGE ( 'NONE', *, *, #1343, .F. ) ;
#699 = CARTESIAN_POINT ( 'NONE',  ( 7.607935578229421125, 22.42957627065474568, -0.000000000000000000 ) ) ;
#700 = ADVANCED_FACE ( 'NONE', ( #1747 ), #861, .F. ) ;
#701 = CARTESIAN_POINT ( 'NONE',  ( 5.700000000000000178, -17.00000000000000000, 0.000000000000000000 ) ) ;
#702 = EDGE_CURVE ( 'NONE', #245, #633, #484, .T. ) ;
#703 = LINE ( 'NONE', #963, #1140 ) ;
#704 = PLANE ( 'NONE',  #159 ) ;
#705 = CARTESIAN_POINT ( 'NONE',  ( -6.000000000000000000, 22.00000000000000000, -1.200000000000000030E-05 ) ) ;
#706 = VECTOR ( 'NONE', #222, 1000.000000000000000 ) ;
#707 = AXIS2_PLACEMENT_3D ( 'NONE', #1197, #797, #1070 ) ;
#708 = ORIENTED_EDGE ( 'NONE', *, *, #259, .T. ) ;
#709 = CARTESIAN_POINT ( 'NONE',  ( 6.833225857062346975, 23.44073844509344795, 0.000000000000000000 ) ) ;
#710 = AXIS2_PLACEMENT_3D ( 'NONE', #1528, #1393, #163 ) ;
#711 = ADVANCED_FACE ( 'NONE', ( #1604 ), #1067, .F. ) ;
#712 = ORIENTED_EDGE ( 'NONE', *, *, #1049, .T. ) ;
#713 = DIRECTION ( 'NONE',  ( -1.000000000000000000, 0.000000000000000000, 0.000000000000000000 ) ) ;
#714 = CARTESIAN_POINT ( 'NONE',  ( -7.650069507960147064, 21.78154641801044278, 0.000000000000000000 ) ) ;
#715 = ADVANCED_FACE ( 'NONE', ( #230 ), #1756, .F. ) ;
#716 = CARTESIAN_POINT ( 'NONE',  ( 5.700000000000000178, -17.00000000000000000, 3.000000000000000000 ) ) ;
#717 = FACE_OUTER_BOUND ( 'NONE', #1514, .T. ) ;
#718 = ORIENTED_EDGE ( 'NONE', *, *, #1108, .F. ) ;
#719 = DIRECTION ( 'NONE',  ( 0.000000000000000000, 0.000000000000000000, -1.000000000000000000 ) ) ;
#720 = VERTEX_POINT ( 'NONE', #376 ) ;
#721 = CARTESIAN_POINT ( 'NONE',  ( 1.649999999999999911, -14.90000000000000036, 3.000000000000000000 ) ) ;
#722 = CARTESIAN_POINT ( 'NONE',  ( -7.440866879057824512, 21.16672094384994196, -0.000000000000000000 ) ) ;
#723 = MANIFOLD_SOLID_BREP ( 'Otverstiya', #1223 ) ;
#724 = CARTESIAN_POINT ( 'NONE',  ( -13.64993049203985542, 0.2184535819899364184, -0.000000000000000000 ) ) ;
#725 = EDGE_CURVE ( 'NONE', #278, #1641, #1598, .T. ) ;
#726 = ORIENTED_EDGE ( 'NONE', *, *, #919, .T. ) ;
#727 = CARTESIAN_POINT ( 'NONE',  ( -1.649999999999999911, -14.90000000000000036, 3.000000000000000000 ) ) ;
#728 = DIRECTION ( 'NONE',  ( 0.000000000000000000, 0.000000000000000000, -1.000000000000000000 ) ) ;
#729 = ORIENTED_EDGE ( 'NONE', *, *, #1168, .F. ) ;
#730 = DIRECTION ( 'NONE',  ( -0.000000000000000000, 1.000000000000000000, -0.000000000000000000 ) ) ;
#731 = PLANE ( 'NONE',  #260 ) ;
#732 = CARTESIAN_POINT ( 'NONE',  ( 21.99998993401964142, -11.99999698813306814, 3.000000000000000000 ) ) ;
#733 = DIRECTION ( 'NONE',  ( 0.000000000000000000, 0.000000000000000000, 1.000000000000000000 ) ) ;
#734 = ORIENTED_EDGE ( 'NONE', *, *, #1355, .T. ) ;
#735 = CARTESIAN_POINT ( 'NONE',  ( 12.56302909884199970, 7.507599107694021612, 0.000000000000000000 ) ) ;
#736 = EDGE_LOOP ( 'NONE', ( #1683, #465, #394, #35 ) ) ;
#737 = CARTESIAN_POINT ( 'NONE',  ( -2.899999999999999911, -14.90000000000000036, 3.000000000000000000 ) ) ;
#738 = DIRECTION ( 'NONE',  ( -0.000000000000000000, 1.000000000000000000, -0.000000000000000000 ) ) ;
#739 = VECTOR ( 'NONE', #1512, 1000.000000000000000 ) ;
#740 = ORIENTED_EDGE ( 'NONE', *, *, #1438, .F. ) ;
#741 = CARTESIAN_POINT ( 'NONE',  ( 6.000000000000000000, -22.00000000000000000, 3.000000000000000000 ) ) ;
#742 = ORIENTED_EDGE ( 'NONE', *, *, #725, .F. ) ;
#743 = CARTESIAN_POINT ( 'NONE',  ( -12.00000000000000000, 0.000000000000000000, -1.200000000000000030E-05 ) ) ;
#744 = ADVANCED_FACE ( 'NONE', ( #221 ), #1038, .F. ) ;
#745 = ORIENTED_EDGE ( 'NONE', *, *, #1288, .T. ) ;
#746 = CARTESIAN_POINT ( 'NONE',  ( -1.649999999999999911, -17.50000000000000000, 3.000000000000000000 ) ) ;
#747 = CARTESIAN_POINT ( 'NONE',  ( -7.607935578229421125, 21.57042372934525076, -0.000000000000000000 ) ) ;
#748 = DIRECTION ( 'NONE',  ( -1.000000000000000000, 0.000000000000000000, 0.000000000000000000 ) ) ;
#749 = VERTEX_POINT ( 'NONE', #1422 ) ;
#750 = CARTESIAN_POINT ( 'NONE',  ( -7.321245347707000306, 23.01230532930904715, -0.000000000000000000 ) ) ;
#751 = EDGE_LOOP ( 'NONE', ( #351, #1344, #1755, #383 ) ) ;
#752 = VECTOR ( 'NONE', #900, 1000.000000000000000 ) ;
#753 = EDGE_CURVE ( 'NONE', #1000, #1607, #1480, .T. ) ;
#754 = VERTEX_POINT ( 'NONE', #638 ) ;
#755 = VERTEX_POINT ( 'NONE', #492 ) ;
#756 = LINE ( 'NONE', #1176, #1227 ) ;
#757 = VECTOR ( 'NONE', #1127, 1000.000000000000000 ) ;
#758 = EDGE_LOOP ( 'NONE', ( #1204, #676, #1643, #1148 ) ) ;
#759 = VECTOR ( 'NONE', #773, 1000.000000000000000 ) ;
#760 = VECTOR ( 'NONE', #1565, 1000.000000000000000 ) ;
#761 = ORIENTED_EDGE ( 'NONE', *, *, #1740, .F. ) ;
#762 = DIRECTION ( 'NONE',  ( 0.000000000000000000, 0.000000000000000000, 1.000000000000000000 ) ) ;
#763 = EDGE_CURVE ( 'NONE', #277, #755, #646, .T. ) ;
#764 = ORIENTED_EDGE ( 'NONE', *, *, #663, .T. ) ;
#765 = VECTOR ( 'NONE', #148, 1000.000000000000000 ) ;
#766 = CALENDAR_DATE ( 2026, 1, 10 ) ;
#767 = EDGE_CURVE ( 'NONE', #1398, #755, #1193, .T. ) ;
#768 = ORIENTED_EDGE ( 'NONE', *, *, #1693, .F. ) ;
#769 = CARTESIAN_POINT ( 'NONE',  ( 1.649999999999999911, -12.00000000000000000, 3.000000000000000000 ) ) ;
#770 = CARTESIAN_POINT ( 'NONE',  ( 1.649999999999999911, -22.00000000000000000, 0.000000000000000000 ) ) ;
#771 = B_SPLINE_CURVE_WITH_KNOTS ( 'NONE', 3,
 ( #1307, #595, #486, #1729, #1440, #187, #735, #1459, #464, #1420 ),
 .UNSPECIFIED., .F., .F.,
 ( 4, 2, 2, 2, 4 ),
 ( 0.5000000000000000000, 0.6250000000000000000, 0.7500000000000001110, 0.8750000000000002220, 1.000000000000000000 ),
 .UNSPECIFIED. ) ;
#772 = ORIENTED_EDGE ( 'NONE', *, *, #1520, .F. ) ;
#773 = DIRECTION ( 'NONE',  ( -0.000000000000000000, -0.000000000000000000, 1.000000000000000000 ) ) ;
#774 = LINE ( 'NONE', #1356, #1546 ) ;
#775 = CARTESIAN_POINT ( 'NONE',  ( -19.60845359220956752, 2.472140862418106710, 3.000000000000000000 ) ) ;
#776 = APPROVAL_STATUS ( 'not_yet_approved' ) ;
#777 = EDGE_LOOP ( 'NONE', ( #531, #189, #1188, #944 ) ) ;
#778 = DIRECTION ( 'NONE',  ( -0.000000000000000000, -0.000000000000000000, 1.000000000000000000 ) ) ;
#779 = ADVANCED_FACE ( 'NONE', ( #509 ), #246, .T. ) ;
#780 = FACE_OUTER_BOUND ( 'NONE', #1712, .T. ) ;
#781 = ORIENTED_EDGE ( 'NONE', *, *, #1198, .F. ) ;
#782 = CARTESIAN_POINT ( 'NONE',  ( -13.32114704860702759, -1.012207030208416514, 0.000000000000000000 ) ) ;
#783 = FACE_OUTER_BOUND ( 'NONE', #1309, .T. ) ;
#784 = ORIENTED_EDGE ( 'NONE', *, *, #494, .T. ) ;
#785 = CARTESIAN_POINT ( 'NONE',  ( 5.700000000000000178, 6.200000000000000178, 3.000000000000000000 ) ) ;
#786 = FACE_OUTER_BOUND ( 'NONE', #210, .T. ) ;
#787 = CC_DESIGN_DATE_AND_TIME_ASSIGNMENT ( #910, #111, ( #1297 ) ) ;
#788 = ORIENTED_EDGE ( 'NONE', *, *, #494, .F. ) ;
#789 = ORIENTED_EDGE ( 'NONE', *, *, #1606, .F. ) ;
#790 = CARTESIAN_POINT ( 'NONE',  ( -13.65000000000000036, 2.020652009468834256E-16, -6.000000000000000152E-06 ) ) ;
#791 = AXIS2_PLACEMENT_3D ( 'NONE', #1085, #510, #1360 ) ;
#792 = PERSON_AND_ORGANIZATION ( #168, #1087 ) ;
#793 = ORIENTED_EDGE ( 'NONE', *, *, #292, .T. ) ;
#794 = CARTESIAN_POINT ( 'NONE',  ( 12.30340654326799843, -20.40014480767975158, -0.000000000000000000 ) ) ;
#795 = CARTESIAN_POINT ( 'NONE',  ( 12.00000000000000000, 8.500000000000000000, 3.000000000000000000 ) ) ;
#796 = AXIS2_PLACEMENT_3D ( 'NONE', #1229, #832, #419 ) ;
#797 = DIRECTION ( 'NONE',  ( -0.8507807794379286248, -0.5255207563350763333, 0.000000000000000000 ) ) ;
#798 = ADVANCED_FACE ( 'NONE', ( #1306 ), #1694, .F. ) ;
#799 = PLANE ( 'NONE',  #1733 ) ;
#800 = VERTEX_POINT ( 'NONE', #587 ) ;
#801 = FACE_OUTER_BOUND ( 'NONE', #234, .T. ) ;
#802 = CARTESIAN_POINT ( 'NONE',  ( -2.899999999999999911, -14.90000000000000036, 0.000000000000000000 ) ) ;
#803 = VERTEX_POINT ( 'NONE', #449 ) ;
#804 = LINE ( 'NONE', #1225, #1556 ) ;
#805 = EDGE_CURVE ( 'NONE', #920, #1443, #77, .T. ) ;
#806 = ORIENTED_EDGE ( 'NONE', *, *, #397, .T. ) ;
#807 = DIRECTION ( 'NONE',  ( -0.000000000000000000, 1.000000000000000000, -0.000000000000000000 ) ) ;
#808 = PLANE ( 'NONE',  #1618 ) ;
#809 = EDGE_CURVE ( 'NONE', #669, #1508, #380, .T. ) ;
#810 = ORIENTED_EDGE ( 'NONE', *, *, #81, .F. ) ;
#811 = PLANE ( 'NONE',  #1633 ) ;
#812 = DIRECTION ( 'NONE',  ( -0.1564098711556069221, -0.9876922355699099265, -0.000000000000000000 ) ) ;
#813 = ORIENTED_EDGE ( 'NONE', *, *, #866, .F. ) ;
#814 = CARTESIAN_POINT ( 'NONE',  ( 18.30000000000000071, 6.200000000000000178, 0.000000000000000000 ) ) ;
#815 = AXIS2_PLACEMENT_3D ( 'NONE', #318, #471, #748 ) ;
#816 = DIRECTION ( 'NONE',  ( -0.000000000000000000, -0.000000000000000000, -1.000000000000000000 ) ) ;
#817 = LINE ( 'NONE', #1216, #823 ) ;
#818 = LOCAL_TIME ( 23, 20, 34.00000000000000000, #392 ) ;
#819 = CARTESIAN_POINT ( 'NONE',  ( 6.218453581989555445, 20.34993049203986004, -0.000000000000000000 ) ) ;
#820 = CARTESIAN_POINT ( 'NONE',  ( 1.649999999999999911, -12.00000000000000000, 0.000000000000000000 ) ) ;
#821 = EDGE_CURVE ( 'NONE', #998, #1554, #1442, .T. ) ;
#822 = CARTESIAN_POINT ( 'NONE',  ( 5.781546418010445443, 23.65006950796014351, -0.000000000000000000 ) ) ;
#823 = VECTOR ( 'NONE', #1776, 1000.000000000000114 ) ;
#824 = LINE ( 'NONE', #1382, #938 ) ;
#825 = CARTESIAN_POINT ( 'NONE',  ( -6.000000000000000000, 22.00000000000000000, 3.000000000000000000 ) ) ;
#826 = DIRECTION ( 'NONE',  ( -0.000000000000000000, -0.000000000000000000, -1.000000000000000000 ) ) ;
#827 = CYLINDRICAL_SURFACE ( 'NONE', #1116, 1.100000000000000311 ) ;
#828 = ADVANCED_FACE ( 'NONE', ( #150 ), #811, .F. ) ;
#829 = ORIENTED_EDGE ( 'NONE', *, *, #1550, .T. ) ;
#830 = LINE ( 'NONE', #360, #1558 ) ;
#831 = CARTESIAN_POINT ( 'NONE',  ( 2.899999999999999911, -14.90000000000000036, 3.000000000000000000 ) ) ;
#832 = DIRECTION ( 'NONE',  ( 0.9522974359625520080, -0.3051714165172574322, 0.000000000000000000 ) ) ;
#833 = CARTESIAN_POINT ( 'NONE',  ( 21.99998993401964142, -11.99999698813306814, 3.000000000000000000 ) ) ;
#834 = CARTESIAN_POINT ( 'NONE',  ( -6.000000000000000000, 22.00000000000000000, -1.200000000000000030E-05 ) ) ;
#835 = AXIS2_PLACEMENT_3D ( 'NONE', #410, #1207, #381 ) ;
#836 = AXIS2_PLACEMENT_3D ( 'NONE', #929, #518, #965 ) ;
#837 = ORIENTED_EDGE ( 'NONE', *, *, #1221, .F. ) ;
#838 = EDGE_CURVE ( 'NONE', #1413, #1258, #656, .T. ) ;
#839 = ORIENTED_EDGE ( 'NONE', *, *, #226, .F. ) ;
#840 = LINE ( 'NONE', #851, #478 ) ;
#841 = EDGE_CURVE ( 'NONE', #54, #749, #687, .T. ) ;
#842 = ORIENTED_EDGE ( 'NONE', *, *, #300, .F. ) ;
#843 = CARTESIAN_POINT ( 'NONE',  ( -22.00000000000000000, -12.00000000000000000, 3.000000000000000000 ) ) ;
#844 = CARTESIAN_POINT ( 'NONE',  ( 4.349999999999999645, 22.00000000000000000, 3.000000000000000000 ) ) ;
#845 = DIRECTION ( 'NONE',  ( 0.9876922355699099265, -0.1564098711556069221, 0.000000000000000000 ) ) ;
#846 = CARTESIAN_POINT ( 'NONE',  ( 12.00000000000000000, -19.30000000000000071, -1.200000000000000030E-05 ) ) ;
#847 =( GEOMETRIC_REPRESENTATION_CONTEXT ( 3 ) GLOBAL_UNCERTAINTY_ASSIGNED_CONTEXT ( ( #522 ) ) GLOBAL_UNIT_ASSIGNED_CONTEXT ( ( #1709, #592, #583 ) ) REPRESENTATION_CONTEXT ( 'NONE', 'WORKASPACE' ) );
#848 = AXIS2_PLACEMENT_3D ( 'NONE', #1783, #945, #677 ) ;
#849 = ORIENTED_EDGE ( 'NONE', *, *, #1533, .T. ) ;
#850 = EDGE_LOOP ( 'NONE', ( #806, #652, #76, #109 ) ) ;
#851 = CARTESIAN_POINT ( 'NONE',  ( -12.65740359220956535, 24.16312086241810420, 3.000000000000000000 ) ) ;
#852 = VECTOR ( 'NONE', #332, 1000.000000000000000 ) ;
#853 = ORIENTED_EDGE ( 'NONE', *, *, #1186, .T. ) ;
#854 = EDGE_CURVE ( 'NONE', #606, #720, #303, .T. ) ;
#855 = FACE_BOUND ( 'NONE', #1004, .T. ) ;
#856 = CARTESIAN_POINT ( 'NONE',  ( -6.218453581989916046, 20.35006950796014991, 0.000000000000000000 ) ) ;
#857 = CARTESIAN_POINT ( 'NONE',  ( -12.42957627065348802, 1.607935578230182738, 0.000000000000000000 ) ) ;
#858 = CARTESIAN_POINT ( 'NONE',  ( 21.99998993401964142, -22.00000000000000000, 3.000000000000000000 ) ) ;
#859 = ORIENTED_EDGE ( 'NONE', *, *, #95, .T. ) ;
#860 = DIRECTION ( 'NONE',  ( -1.000000000000000000, -0.000000000000000000, -0.000000000000000000 ) ) ;
#861 = CYLINDRICAL_SURFACE ( 'NONE', #1421, 1.650000000000000355 ) ;
#862 = EDGE_LOOP ( 'NONE', ( #764, #250, #113, #576 ) ) ;
#863 = LINE ( 'NONE', #1432, #627 ) ;
#864 = AXIS2_PLACEMENT_3D ( 'NONE', #239, #1314, #1595 ) ;
#865 = CARTESIAN_POINT ( 'NONE',  ( -1.649999999999999911, -14.90000000000000036, 3.000000000000000000 ) ) ;
#866 = EDGE_CURVE ( 'NONE', #1508, #669, #299, .T. ) ;
#867 = DIRECTION ( 'NONE',  ( 0.000000000000000000, 0.000000000000000000, 1.000000000000000000 ) ) ;
#868 = LINE ( 'NONE', #327, #878 ) ;
#869 = ORIENTED_EDGE ( 'NONE', *, *, #1165, .T. ) ;
#870 = CARTESIAN_POINT ( 'NONE',  ( -4.349999999999999645, 22.21862154018481306, 0.000000000000000000 ) ) ;
#871 = ORIENTED_EDGE ( 'NONE', *, *, #139, .F. ) ;
#872 = LINE ( 'NONE', #634, #1171 ) ;
#873 = CARTESIAN_POINT ( 'NONE',  ( -4.350000000000000533, 21.78101461144289175, -0.000000000000000000 ) ) ;
#874 = DIRECTION ( 'NONE',  ( 1.000000000000000000, 0.000000000000000000, 0.000000000000000000 ) ) ;
#875 = DIRECTION ( 'NONE',  ( 0.000000000000000000, 1.000000000000000000, -0.000000000000000000 ) ) ;
#876 = VERTEX_POINT ( 'NONE', #1112 ) ;
#877 = EDGE_CURVE ( 'NONE', #975, #277, #527, .T. ) ;
#878 = VECTOR ( 'NONE', #602, 1000.000000000000000 ) ;
#879 = CARTESIAN_POINT ( 'NONE',  ( -1.649999999999999911, -17.50000000000000000, 3.000000000000000000 ) ) ;
#880 = ORIENTED_EDGE ( 'NONE', *, *, #1300, .F. ) ;
#881 = DIRECTION ( 'NONE',  ( 0.000000000000000000, 0.000000000000000000, 1.000000000000000000 ) ) ;
#882 = DIRECTION ( 'NONE',  ( -0.000000000000000000, -1.000000000000000000, -0.000000000000000000 ) ) ;
#883 = AXIS2_PLACEMENT_3D ( 'NONE', #411, #149, #1251 ) ;
#884 = DIRECTION ( 'NONE',  ( 0.000000000000000000, 0.000000000000000000, 1.000000000000000000 ) ) ;
#885 = EDGE_LOOP ( 'NONE', ( #37, #718, #220, #405 ) ) ;
#886 = DIRECTION ( 'NONE',  ( -0.000000000000000000, -0.000000000000000000, 1.000000000000000000 ) ) ;
#887 = EDGE_CURVE ( 'NONE', #1398, #86, #1210, .T. ) ;
#888 = ORIENTED_EDGE ( 'NONE', *, *, #702, .T. ) ;
#889 = CARTESIAN_POINT ( 'NONE',  ( -13.65000000000000036, 2.020667218593132755E-16, -1.200000000000000030E-05 ) ) ;
#890 = DIRECTION ( 'NONE',  ( 0.000000000000000000, 0.000000000000000000, 1.000000000000000000 ) ) ;
#891 = ORIENTED_EDGE ( 'NONE', *, *, #1597, .F. ) ;
#892 = LINE ( 'NONE', #1035, #474 ) ;
#893 = VERTEX_POINT ( 'NONE', #1638 ) ;
#894 = DIRECTION ( 'NONE',  ( -0.000000000000000000, 1.000000000000000000, -0.000000000000000000 ) ) ;
#895 = ADVANCED_FACE ( 'NONE', ( #801 ), #1219, .F. ) ;
#896 = ORIENTED_EDGE ( 'NONE', *, *, #617, .T. ) ;
#897 = PLANE ( 'NONE',  #1494 ) ;
#898 = ADVANCED_FACE ( 'NONE', ( #57 ), #1559, .F. ) ;
#899 = ORIENTED_EDGE ( 'NONE', *, *, #640, .T. ) ;
#900 = DIRECTION ( 'NONE',  ( 1.000000000000000000, 0.000000000000000000, 0.000000000000000000 ) ) ;
#901 = PERSON_AND_ORGANIZATION_ROLE ( 'design_owner' ) ;
#902 = ORIENTED_EDGE ( 'NONE', *, *, #582, .T. ) ;
#903 = CARTESIAN_POINT ( 'NONE',  ( -1.649999999999999911, -14.90000000000000036, 0.000000000000000000 ) ) ;
#904 = CARTESIAN_POINT ( 'NONE',  ( 6.000000000000000000, 22.00000000000000000, -1.200000000000000030E-05 ) ) ;
#905 = VECTOR ( 'NONE', #1057, 1000.000000000000000 ) ;
#906 = ORIENTED_EDGE ( 'NONE', *, *, #325, .F. ) ;
#907 = CARTESIAN_POINT ( 'NONE',  ( 12.99225588901443906, 9.063174240612132948, -0.000000000000000000 ) ) ;
#908 = ORIENTED_EDGE ( 'NONE', *, *, #1380, .F. ) ;
#909 = EDGE_CURVE ( 'NONE', #578, #1367, #1134, .T. ) ;
#910 = DATE_AND_TIME ( #766, #1437 ) ;
#911 = VERTEX_POINT ( 'NONE', #1151 ) ;
#912 = DIRECTION ( 'NONE',  ( -0.000000000000000000, -1.000000000000000000, -0.000000000000000000 ) ) ;
#913 = DIRECTION ( 'NONE',  ( -0.000000000000000000, -0.000000000000000000, -1.000000000000000000 ) ) ;
#914 = ORIENTED_EDGE ( 'NONE', *, *, #270, .T. ) ;
#915 = CARTESIAN_POINT ( 'NONE',  ( 10.90014480767974803, 8.803406543266991235, 0.000000000000000000 ) ) ;
#916 = ORIENTED_EDGE ( 'NONE', *, *, #1040, .F. ) ;
#917 = CARTESIAN_POINT ( 'NONE',  ( 1.649999999999999911, -22.00000000000000000, 0.000000000000000000 ) ) ;
#918 = PERSON_AND_ORGANIZATION ( #168, #1087 ) ;
#919 = EDGE_CURVE ( 'NONE', #1603, #1431, #1304, .T. ) ;
#920 = VERTEX_POINT ( 'NONE', #591 ) ;
#921 = CARTESIAN_POINT ( 'NONE',  ( 16.00000000000000000, -25.00000000000000000, 0.000000000000000000 ) ) ;
#922 = CARTESIAN_POINT ( 'NONE',  ( -16.00000000000000000, -22.00000000000000000, 3.000000000000000000 ) ) ;
#923 = VECTOR ( 'NONE', #674, 1000.000000000000000 ) ;
#924 = VERTEX_POINT ( 'NONE', #176 ) ;
#925 = DIRECTION ( 'NONE',  ( -0.000000000000000000, -0.000000000000000000, -1.000000000000000000 ) ) ;
#926 = CIRCLE ( 'NONE', #1019, 1.100000000000000311 ) ;
#927 = CARTESIAN_POINT ( 'NONE',  ( 7.650000000000000355, 22.00000000000000000, -1.200000000000000030E-05 ) ) ;
#928 = ORIENTED_EDGE ( 'NONE', *, *, #363, .F. ) ;
#929 = CARTESIAN_POINT ( 'NONE',  ( 13.99999249246774013, 10.00000319077210342, 3.000000000000000000 ) ) ;
#930 = DIRECTION ( 'NONE',  ( -0.000000000000000000, -0.000000000000000000, -1.000000000000000000 ) ) ;
#931 = EDGE_CURVE ( 'NONE', #754, #171, #1272, .T. ) ;
#932 = ORIENTED_EDGE ( 'NONE', *, *, #18, .F. ) ;
#933 = CARTESIAN_POINT ( 'NONE',  ( 13.10000000000000142, 8.500000000000000000, -1.200000000000000030E-05 ) ) ;
#934 = VECTOR ( 'NONE', #696, 1000.000000000000000 ) ;
#935 = VECTOR ( 'NONE', #1451, 1000.000000000000000 ) ;
#936 = LINE ( 'NONE', #1363, #219 ) ;
#937 = VECTOR ( 'NONE', #1535, 1000.000000000000114 ) ;
#938 = VECTOR ( 'NONE', #155, 1000.000000000000000 ) ;
#939 = ORIENTED_EDGE ( 'NONE', *, *, #1597, .T. ) ;
#940 = CARTESIAN_POINT ( 'NONE',  ( 12.99260581976840179, -19.86323402630367241, -0.000000000000000000 ) ) ;
#941 = CARTESIAN_POINT ( 'NONE',  ( -13.65000000000000036, 2.020652009468834256E-16, -6.000000000000000152E-06 ) ) ;
#942 = ORIENTED_EDGE ( 'NONE', *, *, #943, .T. ) ;
#943 = EDGE_CURVE ( 'NONE', #322, #1409, #64, .T. ) ;
#944 = ORIENTED_EDGE ( 'NONE', *, *, #964, .T. ) ;
#945 = DIRECTION ( 'NONE',  ( 0.000000000000000000, 0.000000000000000000, 1.000000000000000000 ) ) ;
#946 = DIRECTION ( 'NONE',  ( 0.000000000000000000, 0.000000000000000000, 1.000000000000000000 ) ) ;
#947 = DIRECTION ( 'NONE',  ( -0.000000000000000000, -0.000000000000000000, -1.000000000000000000 ) ) ;
#948 = ORIENTED_EDGE ( 'NONE', *, *, #753, .T. ) ;
#949 = CARTESIAN_POINT ( 'NONE',  ( 6.429576270654748349, 20.39206442177057710, 0.000000000000000000 ) ) ;
#950 = CARTESIAN_POINT ( 'NONE',  ( 1.649999999999999911, -12.00000000000000000, 0.000000000000000000 ) ) ;
#951 = EDGE_LOOP ( 'NONE', ( #1234, #1507, #526, #1488 ) ) ;
#952 = CARTESIAN_POINT ( 'NONE',  ( 6.429629469742451420, 23.60806401219380035, -0.000000000000000000 ) ) ;
#953 = ADVANCED_FACE ( 'NONE', ( #1680 ), #704, .F. ) ;
#954 = DIRECTION ( 'NONE',  ( 0.000000000000000000, -0.000000000000000000, -1.000000000000000000 ) ) ;
#955 = LINE ( 'NONE', #12, #511 ) ;
#956 = AXIS2_PLACEMENT_3D ( 'NONE', #243, #1625, #1635 ) ;
#957 = CARTESIAN_POINT ( 'NONE',  ( 5.166774142937653025, 20.55926155490655205, 0.000000000000000000 ) ) ;
#958 = CARTESIAN_POINT ( 'NONE',  ( -16.00000000000000000, -22.00000000000000000, 3.000000000000000000 ) ) ;
#959 = VERTEX_POINT ( 'NONE', #50 ) ;
#960 = CARTESIAN_POINT ( 'NONE',  ( 6.218453581989554557, 23.64993049203985720, 0.000000000000000000 ) ) ;
#961 = AXIS2_PLACEMENT_3D ( 'NONE', #795, #105, #1211 ) ;
#962 = LINE ( 'NONE', #418, #765 ) ;
#963 = CARTESIAN_POINT ( 'NONE',  ( 16.00000000000000000, -25.00000000000000000, 3.000000000000000000 ) ) ;
#964 = EDGE_CURVE ( 'NONE', #660, #1330, #982, .T. ) ;
#965 = DIRECTION ( 'NONE',  ( -1.000000000000000000, 0.000000000000000000, 0.000000000000000000 ) ) ;
#966 = CARTESIAN_POINT ( 'NONE',  ( 11.96847467923025476, 25.65749453082188580, 3.000000000000000000 ) ) ;
#967 = VECTOR ( 'NONE', #882, 1000.000000000000000 ) ;
#968 = CARTESIAN_POINT ( 'NONE',  ( 4.391935987806926178, 22.42962946974419580, -0.000000000000000000 ) ) ;
#969 = ORIENTED_EDGE ( 'NONE', *, *, #172, .T. ) ;
#970 = DIRECTION ( 'NONE',  ( -1.000000000000000000, -0.000000000000000000, -0.000000000000000000 ) ) ;
#971 = PLANE ( 'NONE',  #1651 ) ;
#972 = CARTESIAN_POINT ( 'NONE',  ( -13.60806401219379680, 0.4296294697430716458, -0.000000000000000000 ) ) ;
#973 = ADVANCED_FACE ( 'NONE', ( #1144 ), #21, .F. ) ;
#974 = CARTESIAN_POINT ( 'NONE',  ( 1.649999999999999911, -14.90000000000000036, 0.000000000000000000 ) ) ;
#975 = VERTEX_POINT ( 'NONE', #1015 ) ;
#976 = EDGE_CURVE ( 'NONE', #606, #278, #32, .T. ) ;
#977 = VERTEX_POINT ( 'NONE', #1385 ) ;
#978 = DIRECTION ( 'NONE',  ( -0.000000000000000000, -0.000000000000000000, -1.000000000000000000 ) ) ;
#979 = ORIENTED_EDGE ( 'NONE', *, *, #877, .T. ) ;
#980 = CARTESIAN_POINT ( 'NONE',  ( -6.000005728499234081, 29.00000380276842549, 0.000000000000000000 ) ) ;
#981 = CARTESIAN_POINT ( 'NONE',  ( 1.649999999999999911, -12.00000000000000000, 3.000000000000000000 ) ) ;
#982 = CIRCLE ( 'NONE', #1456, 1.650000000000000355 ) ;
#983 = FACE_BOUND ( 'NONE', #319, .T. ) ;
#984 = CARTESIAN_POINT ( 'NONE',  ( 1.649999999999999911, -17.50000000000000000, 0.000000000000000000 ) ) ;
#985 = AXIS2_PLACEMENT_3D ( 'NONE', #1328, #391, #1071 ) ;
#986 = VERTEX_POINT ( 'NONE', #157 ) ;
#987 = ADVANCED_FACE ( 'NONE', ( #1538, #983, #1547, #695, #297, #1395, #41 ), #799, .T. ) ;
#988 = CARTESIAN_POINT ( 'NONE',  ( 5.166720943849948178, 23.44086687905782185, -0.000000000000000000 ) ) ;
#989 = ORIENTED_EDGE ( 'NONE', *, *, #416, .F. ) ;
#990 = CARTESIAN_POINT ( 'NONE',  ( -4.349999999999999645, 22.00000000000000000, 3.000000000000000000 ) ) ;
#991 = CARTESIAN_POINT ( 'NONE',  ( -7.321147048606563068, 20.98779296979157394, 0.000000000000000000 ) ) ;
#992 = AXIS2_PLACEMENT_3D ( 'NONE', #1220, #1349, #96 ) ;
#993 = CARTESIAN_POINT ( 'NONE',  ( -13.32124534770709268, 1.012305329308639035, -0.000000000000000000 ) ) ;
#994 = DIRECTION ( 'NONE',  ( -0.000000000000000000, -0.000000000000000000, 1.000000000000000000 ) ) ;
#995 = LOCAL_TIME ( 23, 20, 34.00000000000000000, #1502 ) ;
#996 = VECTOR ( 'NONE', #1353, 1000.000000000000000 ) ;
#997 = AXIS2_PLACEMENT_3D ( 'NONE', #147, #551, #544 ) ;
#998 = VERTEX_POINT ( 'NONE', #1679 ) ;
#999 = DIRECTION ( 'NONE',  ( -0.000000000000000000, -0.000000000000000000, 1.000000000000000000 ) ) ;
#1000 = VERTEX_POINT ( 'NONE', #981 ) ;
#1001 = CARTESIAN_POINT ( 'NONE',  ( -2.899999999999999911, -17.50000000000000000, 3.000000000000000000 ) ) ;
#1002 = AXIS2_PLACEMENT_3D ( 'NONE', #1320, #1012, #476 ) ;
#1003 = CC_DESIGN_PERSON_AND_ORGANIZATION_ASSIGNMENT ( #1487, #516, ( #365 ) ) ;
#1004 = EDGE_LOOP ( 'NONE', ( #1648, #229 ) ) ;
#1005 = DIRECTION ( 'NONE',  ( -0.000000000000000000, 0.000000000000000000, -1.000000000000000000 ) ) ;
#1006 = CARTESIAN_POINT ( 'NONE',  ( -4.559331285593962058, 21.16660594955310870, 0.000000000000000000 ) ) ;
#1007 = DIRECTION ( 'NONE',  ( -1.000000000000000000, 0.000000000000000000, 0.000000000000000000 ) ) ;
#1008 = DIRECTION ( 'NONE',  ( 0.000000000000000000, 0.000000000000000000, 1.000000000000000000 ) ) ;
#1009 = ORIENTED_EDGE ( 'NONE', *, *, #1168, .T. ) ;
#1010 = CYLINDRICAL_SURFACE ( 'NONE', #1721, 1.650000000000000355 ) ;
#1011 = VERTEX_POINT ( 'NONE', #156 ) ;
#1012 = DIRECTION ( 'NONE',  ( -0.000000000000000000, -0.000000000000000000, 1.000000000000000000 ) ) ;
#1013 = CARTESIAN_POINT ( 'NONE',  ( 6.000000000000000000, -22.00000000000000000, 0.000000000000000000 ) ) ;
#1014 = ADVANCED_FACE ( 'NONE', ( #426 ), #971, .F. ) ;
#1015 = CARTESIAN_POINT ( 'NONE',  ( -19.90150999999999826, 1.251479999999999926, 0.000000000000000000 ) ) ;
#1016 = CARTESIAN_POINT ( 'NONE',  ( 0.000000000000000000, 0.000000000000000000, 0.000000000000000000 ) ) ;
#1017 = VERTEX_POINT ( 'NONE', #29 ) ;
#1018 = LINE ( 'NONE', #67, #706 ) ;
#1019 = AXIS2_PLACEMENT_3D ( 'NONE', #334, #1723, #874 ) ;
#1020 = ORIENTED_EDGE ( 'NONE', *, *, #374, .T. ) ;
#1021 = CARTESIAN_POINT ( 'NONE',  ( -6.000005728499234081, 22.00000155654057110, 0.000000000000000000 ) ) ;
#1022 = LINE ( 'NONE', #1271, #570 ) ;
#1023 = FACE_OUTER_BOUND ( 'NONE', #1026, .T. ) ;
#1024 = LINE ( 'NONE', #444, #1667 ) ;
#1025 = ADVANCED_FACE ( 'NONE', ( #1655 ), #808, .F. ) ;
#1026 = EDGE_LOOP ( 'NONE', ( #1050, #1305, #880, #1564 ) ) ;
#1027 = VECTOR ( 'NONE', #1076, 1000.000000000000000 ) ;
#1028 = FACE_OUTER_BOUND ( 'NONE', #885, .T. ) ;
#1029 = EDGE_CURVE ( 'NONE', #800, #1637, #817, .T. ) ;
#1030 = VECTOR ( 'NONE', #439, 1000.000000000000000 ) ;
#1031 = ORIENTED_EDGE ( 'NONE', *, *, #160, .F. ) ;
#1032 = DIRECTION ( 'NONE',  ( 0.000000000000000000, 1.000000000000000000, 0.000000000000000000 ) ) ;
#1033 = DIRECTION ( 'NONE',  ( 1.000000000000000000, -0.000000000000000000, -0.000000000000000000 ) ) ;
#1034 = VECTOR ( 'NONE', #182, 1000.000000000000000 ) ;
#1035 = CARTESIAN_POINT ( 'NONE',  ( -7.650000000000000355, 22.00000000000000000, -1.200000000000000030E-05 ) ) ;
#1036 = EDGE_CURVE ( 'NONE', #920, #206, #4, .T. ) ;
#1037 = ORIENTED_EDGE ( 'NONE', *, *, #887, .T. ) ;
#1038 = PLANE ( 'NONE',  #864 ) ;
#1039 = CYLINDRICAL_SURFACE ( 'NONE', #309, 1.100000000000000311 ) ;
#1040 = EDGE_CURVE ( 'NONE', #197, #924, #154, .T. ) ;
#1041 = ORIENTED_EDGE ( 'NONE', *, *, #525, .T. ) ;
#1042 = LINE ( 'NONE', #1310, #1645 ) ;
#1043 = ORIENTED_EDGE ( 'NONE', *, *, #1096, .T. ) ;
#1044 = COORDINATED_UNIVERSAL_TIME_OFFSET ( 3, 0, .AHEAD. ) ;
#1045 = ORIENTED_EDGE ( 'NONE', *, *, #1186, .F. ) ;
#1046 = DIRECTION ( 'NONE',  ( 1.000000000000000000, 0.000000000000000000, 0.000000000000000000 ) ) ;
#1047 = DIRECTION ( 'NONE',  ( 1.000000000000000000, 0.000000000000000000, 0.000000000000000000 ) ) ;
#1048 = CIRCLE ( 'NONE', #497, 1.100000000000000311 ) ;
#1049 = EDGE_CURVE ( 'NONE', #331, #1321, #703, .T. ) ;
#1050 = ORIENTED_EDGE ( 'NONE', *, *, #1263, .T. ) ;
#1051 = DIRECTION ( 'NONE',  ( -0.000000000000000000, -0.000000000000000000, -1.000000000000000000 ) ) ;
#1052 = EDGE_LOOP ( 'NONE', ( #584, #1468, #837, #784 ) ) ;
#1053 = LINE ( 'NONE', #1454, #505 ) ;
#1054 = CALENDAR_DATE ( 2026, 1, 10 ) ;
#1055 = EDGE_LOOP ( 'NONE', ( #916, #789 ) ) ;
#1056 = CARTESIAN_POINT ( 'NONE',  ( 18.30000000000000071, 6.200000000000000178, 3.000000000000000000 ) ) ;
#1057 = DIRECTION ( 'NONE',  ( -0.000000000000000000, -0.000000000000000000, -1.000000000000000000 ) ) ;
#1058 = VECTOR ( 'NONE', #1254, 1000.000000000000000 ) ;
#1059 = APPROVAL_PERSON_ORGANIZATION ( #244, #1627, #1619 ) ;
#1060 = ORIENTED_EDGE ( 'NONE', *, *, #1276, .F. ) ;
#1061 = EDGE_CURVE ( 'NONE', #1754, #1571, #1671, .T. ) ;
#1062 = CARTESIAN_POINT ( 'NONE',  ( -16.00000000000000000, -25.00000000000000000, 3.000000000000000000 ) ) ;
#1063 = EDGE_CURVE ( 'NONE', #1443, #1209, #296, .T. ) ;
#1064 = ORIENTED_EDGE ( 'NONE', *, *, #485, .T. ) ;
#1065 = PERSON_AND_ORGANIZATION ( #168, #1087 ) ;
#1066 = EDGE_LOOP ( 'NONE', ( #1093, #1574, #1203, #202 ) ) ;
#1067 = CYLINDRICAL_SURFACE ( 'NONE', #1513, 1.100000000000000311 ) ;
#1068 = DIRECTION ( 'NONE',  ( 1.000000000000000000, 0.000000000000000000, 0.000000000000000000 ) ) ;
#1069 = EDGE_LOOP ( 'NONE', ( #451, #908 ) ) ;
#1070 = DIRECTION ( 'NONE',  ( 0.5255207563350763333, -0.8507807794379286248, 0.000000000000000000 ) ) ;
#1071 = DIRECTION ( 'NONE',  ( -1.000000000000000000, 0.000000000000000000, 0.000000000000000000 ) ) ;
#1072 = PERSON_AND_ORGANIZATION_ROLE ( 'creator' ) ;
#1073 = ADVANCED_FACE ( 'NONE', ( #138 ), #1647, .F. ) ;
#1074 = ORIENTED_EDGE ( 'NONE', *, *, #1725, .T. ) ;
#1075 = CARTESIAN_POINT ( 'NONE',  ( 11.00774411098656813, -19.86317424061263637, -0.000000000000000000 ) ) ;
#1076 = DIRECTION ( 'NONE',  ( -0.000000000000000000, -0.000000000000000000, -1.000000000000000000 ) ) ;
#1077 = ORIENTED_EDGE ( 'NONE', *, *, #1471, .F. ) ;
#1078 = ORIENTED_EDGE ( 'NONE', *, *, #212, .T. ) ;
#1079 = FACE_OUTER_BOUND ( 'NONE', #1668, .T. ) ;
#1080 = AXIS2_PLACEMENT_3D ( 'NONE', #1001, #94, #46 ) ;
#1081 = APPROVAL_ROLE ( '' ) ;
#1082 = ORIENTED_EDGE ( 'NONE', *, *, #416, .T. ) ;
#1083 = DIRECTION ( 'NONE',  ( 1.000000000000000000, -0.000000000000000000, -0.000000000000000000 ) ) ;
#1084 = ADVANCED_FACE ( 'NONE', ( #1394 ), #164, .F. ) ;
#1085 = CARTESIAN_POINT ( 'NONE',  ( 5.700000000000000178, -17.00000000000000000, 3.000000000000000000 ) ) ;
#1086 = ORIENTED_EDGE ( 'NONE', *, *, #1684, .T. ) ;
#1087 = ORGANIZATION ( 'UNSPECIFIED', 'UNSPECIFIED', '' ) ;
#1088 = CARTESIAN_POINT ( 'NONE',  ( -22.00000000000000000, -12.00000000000000000, 3.000000000000000000 ) ) ;
#1089 = VECTOR ( 'NONE', #252, 1000.000000000000000 ) ;
#1090 = EDGE_LOOP ( 'NONE', ( #849, #1742, #1031, #948 ) ) ;
#1091 = DIRECTION ( 'NONE',  ( 0.000000000000000000, -1.000000000000000000, 0.000000000000000000 ) ) ;
#1092 = VECTOR ( 'NONE', #589, 1000.000000000000000 ) ;
#1093 = ORIENTED_EDGE ( 'NONE', *, *, #725, .T. ) ;
#1094 = CARTESIAN_POINT ( 'NONE',  ( 11.43662097040302505, -20.29246067799777009, -0.000000000000000000 ) ) ;
#1095 = LINE ( 'NONE', #284, #24 ) ;
#1096 = EDGE_CURVE ( 'NONE', #588, #876, #546, .T. ) ;
#1097 = ORIENTED_EDGE ( 'NONE', *, *, #386, .T. ) ;
#1098 = EDGE_CURVE ( 'NONE', #633, #1258, #404, .T. ) ;
#1099 = CARTESIAN_POINT ( 'NONE',  ( 1.649999999999999911, -22.00000000000000000, 3.000000000000000000 ) ) ;
#1100 = DIRECTION ( 'NONE',  ( 1.000000000000000000, 0.000000000000000000, 0.000000000000000000 ) ) ;
#1101 = CARTESIAN_POINT ( 'NONE',  ( -7.650000000000000355, 22.00000000000000000, -6.000000000000000152E-06 ) ) ;
#1102 = AXIS2_PLACEMENT_3D ( 'NONE', #825, #1125, #1244 ) ;
#1103 = CARTESIAN_POINT ( 'NONE',  ( 13.10000000000000142, -19.30000000000000071, -6.000000000000000152E-06 ) ) ;
#1104 = CARTESIAN_POINT ( 'NONE',  ( -6.000000000000000000, 22.00000000000000000, 3.000000000000000000 ) ) ;
#1105 = VERTEX_POINT ( 'NONE', #1101 ) ;
#1106 = ORIENTED_EDGE ( 'NONE', *, *, #1040, .T. ) ;
#1107 = CARTESIAN_POINT ( 'NONE',  ( 20.48415993401964030, 10.45342301186693312, 0.000000000000000000 ) ) ;
#1108 = EDGE_CURVE ( 'NONE', #1137, #54, #263, .T. ) ;
#1109 = CARTESIAN_POINT ( 'NONE',  ( 1.649999999999999911, -17.50000000000000000, 3.000000000000000000 ) ) ;
#1110 = DIRECTION ( 'NONE',  ( -0.000000000000000000, -0.000000000000000000, -1.000000000000000000 ) ) ;
#1111 = AXIS2_PLACEMENT_3D ( 'NONE', #441, #1005, #713 ) ;
#1112 = CARTESIAN_POINT ( 'NONE',  ( 16.00000000000000000, -22.00000000000000000, 0.000000000000000000 ) ) ;
#1113 = LINE ( 'NONE', #575, #757 ) ;
#1114 = LINE ( 'NONE', #153, #1726 ) ;
#1115 = EDGE_CURVE ( 'NONE', #1754, #626, #686, .T. ) ;
#1116 = AXIS2_PLACEMENT_3D ( 'NONE', #846, #1516, #1532 ) ;
#1117 = LINE ( 'NONE', #1261, #1 ) ;
#1118 = DIRECTION ( 'NONE',  ( 1.000000000000000000, -0.000000000000000000, -0.000000000000000000 ) ) ;
#1119 = CARTESIAN_POINT ( 'NONE',  ( -11.78154641801008751, 1.649930492039764385, 0.000000000000000000 ) ) ;
#1120 = CYLINDRICAL_SURFACE ( 'NONE', #1402, 1.650000000000000355 ) ;
#1121 = ORIENTED_EDGE ( 'NONE', *, *, #1540, .F. ) ;
#1122 = AXIS2_PLACEMENT_3D ( 'NONE', #71, #477, #580 ) ;
#1123 = CARTESIAN_POINT ( 'NONE',  ( -1.649999999999999911, -22.00000000000000000, 0.000000000000000000 ) ) ;
#1124 = FACE_BOUND ( 'NONE', #1350, .T. ) ;
#1125 = DIRECTION ( 'NONE',  ( 0.000000000000000000, 0.000000000000000000, 1.000000000000000000 ) ) ;
#1126 = DIRECTION ( 'NONE',  ( 0.000000000000000000, 0.000000000000000000, -1.000000000000000000 ) ) ;
#1127 = DIRECTION ( 'NONE',  ( -0.000000000000000000, -0.000000000000000000, -1.000000000000000000 ) ) ;
#1128 = EDGE_CURVE ( 'NONE', #1431, #803, #955, .T. ) ;
#1129 = ORIENTED_EDGE ( 'NONE', *, *, #1672, .T. ) ;
#1130 = PLANE ( 'NONE',  #1496 ) ;
#1131 = EDGE_LOOP ( 'NONE', ( #1762, #1256, #508, #1162 ) ) ;
#1132 = CARTESIAN_POINT ( 'NONE',  ( 18.30000000000000071, 6.200000000000000178, 3.000000000000000000 ) ) ;
#1133 = CARTESIAN_POINT ( 'NONE',  ( 19.54215467923025429, 13.39624453082188893, 3.000000000000000000 ) ) ;
#1134 = LINE ( 'NONE', #732, #1483 ) ;
#1135 = DIRECTION ( 'NONE',  ( 1.000000000000000000, -0.000000000000000000, -0.000000000000000000 ) ) ;
#1136 = APPROVAL ( #776, 'UNSPECIFIED' ) ;
#1137 = VERTEX_POINT ( 'NONE', #468 ) ;
#1138 = DIRECTION ( 'NONE',  ( 1.000000000000000000, 0.000000000000000000, -0.000000000000000000 ) ) ;
#1139 = EDGE_LOOP ( 'NONE', ( #375, #839, #34, #1580 ) ) ;
#1140 = VECTOR ( 'NONE', #1118, 1000.000000000000000 ) ;
#1141 = PLANE ( 'NONE',  #710 ) ;
#1142 = CARTESIAN_POINT ( 'NONE',  ( -4.678754652292746563, 20.98769467069157457, -0.000000000000000000 ) ) ;
#1143 = CIRCLE ( 'NONE', #393, 1.650000000000000355 ) ;
#1144 = FACE_OUTER_BOUND ( 'NONE', #1266, .T. ) ;
#1145 = ORIENTED_EDGE ( 'NONE', *, *, #1288, .F. ) ;
#1146 = DIRECTION ( 'NONE',  ( 1.000000000000000000, 0.000000000000000000, 0.000000000000000000 ) ) ;
#1147 = EDGE_CURVE ( 'NONE', #15, #697, #461, .T. ) ;
#1148 = ORIENTED_EDGE ( 'NONE', *, *, #336, .F. ) ;
#1149 = CARTESIAN_POINT ( 'NONE',  ( -6.000000000000000000, -22.00000000000000000, 3.000000000000000000 ) ) ;
#1150 = LINE ( 'NONE', #1445, #659 ) ;
#1151 = CARTESIAN_POINT ( 'NONE',  ( 21.99998993401964142, -22.00000000000000000, 0.000000000000000000 ) ) ;
#1152 = CARTESIAN_POINT ( 'NONE',  ( -7.649930492039856311, 22.21845358198955367, -0.000000000000000000 ) ) ;
#1153 = ORIENTED_EDGE ( 'NONE', *, *, #160, .T. ) ;
#1154 = ADVANCED_FACE ( 'NONE', ( #1301 ), #333, .F. ) ;
#1155 = CARTESIAN_POINT ( 'NONE',  ( 6.000000000000000000, -25.00000000000000000, 3.000000000000000000 ) ) ;
#1156 = LINE ( 'NONE', #1133, #1034 ) ;
#1157 = VECTOR ( 'NONE', #894, 1000.000000000000000 ) ;
#1158 = ORIENTED_EDGE ( 'NONE', *, *, #1533, .F. ) ;
#1159 = LINE ( 'NONE', #1167, #506 ) ;
#1160 = VERTEX_POINT ( 'NONE', #1292 ) ;
#1161 = CARTESIAN_POINT ( 'NONE',  ( -4.392064421770269789, 22.42957627065444015, -0.000000000000000000 ) ) ;
#1162 = ORIENTED_EDGE ( 'NONE', *, *, #1036, .T. ) ;
#1163 = CARTESIAN_POINT ( 'NONE',  ( 18.30000000000000071, -17.00000000000000000, 0.000000000000000000 ) ) ;
#1164 = DIRECTION ( 'NONE',  ( 1.000000000000000000, -0.000000000000000000, -0.000000000000000000 ) ) ;
#1165 = EDGE_CURVE ( 'NONE', #1641, #389, #1022, .T. ) ;
#1166 = PLANE ( 'NONE',  #643 ) ;
#1167 = CARTESIAN_POINT ( 'NONE',  ( -19.90150999999999826, 1.251479999999999926, 3.000000000000000000 ) ) ;
#1168 = EDGE_CURVE ( 'NONE', #213, #1453, #63, .T. ) ;
#1169 = VERTEX_POINT ( 'NONE', #1707 ) ;
#1170 = DIRECTION ( 'NONE',  ( 1.000000000000000000, 0.000000000000000000, 0.000000000000000000 ) ) ;
#1171 = VECTOR ( 'NONE', #1424, 1000.000000000000000 ) ;
#1172 = ORIENTED_EDGE ( 'NONE', *, *, #7, .T. ) ;
#1173 = LINE ( 'NONE', #615, #1561 ) ;
#1174 = VERTEX_POINT ( 'NONE', #1262 ) ;
#1175 = VERTEX_POINT ( 'NONE', #844 ) ;
#1176 = CARTESIAN_POINT ( 'NONE',  ( 16.00000000000000000, -22.00000000000000000, 3.000000000000000000 ) ) ;
#1177 = EDGE_CURVE ( 'NONE', #79, #1379, #208, .T. ) ;
#1178 = FACE_OUTER_BOUND ( 'NONE', #1717, .T. ) ;
#1179 = EDGE_LOOP ( 'NONE', ( #1746, #891, #655, #1295 ) ) ;
#1180 = CYLINDRICAL_SURFACE ( 'NONE', #1002, 1.650000000000000355 ) ;
#1181 = AXIS2_PLACEMENT_3D ( 'NONE', #785, #1138, #1324 ) ;
#1182 = PERSON_AND_ORGANIZATION ( #168, #1087 ) ;
#1183 = ORIENTED_EDGE ( 'NONE', *, *, #838, .F. ) ;
#1184 = DIRECTION ( 'NONE',  ( -1.000000000000000000, 0.000000000000000000, 0.000000000000000000 ) ) ;
#1185 = FACE_OUTER_BOUND ( 'NONE', #850, .T. ) ;
#1186 = EDGE_CURVE ( 'NONE', #15, #1465, #56, .T. ) ;
#1187 = ORIENTED_EDGE ( 'NONE', *, *, #1661, .F. ) ;
#1188 = ORIENTED_EDGE ( 'NONE', *, *, #336, .T. ) ;
#1189 = CARTESIAN_POINT ( 'NONE',  ( 13.10000000000000142, 8.500000000000000000, -6.000000000000000152E-06 ) ) ;
#1190 = EDGE_LOOP ( 'NONE', ( #6, #552, #781, #2 ) ) ;
#1191 = EDGE_LOOP ( 'NONE', ( #630, #1020, #107, #558 ) ) ;
#1192 = ORIENTED_EDGE ( 'NONE', *, *, #1740, .T. ) ;
#1193 = LINE ( 'NONE', #87, #269 ) ;
#1194 = PLANE ( 'NONE',  #1553 ) ;
#1195 = VECTOR ( 'NONE', #396, 1000.000000000000000 ) ;
#1196 = ORIENTED_EDGE ( 'NONE', *, *, #672, .F. ) ;
#1197 = CARTESIAN_POINT ( 'NONE',  ( 11.96847467923025476, 25.65749453082188580, 3.000000000000000000 ) ) ;
#1198 = EDGE_CURVE ( 'NONE', #1465, #1000, #1405, .T. ) ;
#1199 = VECTOR ( 'NONE', #345, 1000.000000000000000 ) ;
#1200 = ORIENTED_EDGE ( 'NONE', *, *, #446, .T. ) ;
#1201 = CARTESIAN_POINT ( 'NONE',  ( 5.570370530257548580, 20.39193598780619965, -0.000000000000000000 ) ) ;
#1202 = DIRECTION ( 'NONE',  ( -0.000000000000000000, -1.000000000000000000, -0.000000000000000000 ) ) ;
#1203 = ORIENTED_EDGE ( 'NONE', *, *, #854, .F. ) ;
#1204 = ORIENTED_EDGE ( 'NONE', *, *, #485, .F. ) ;
#1205 = CARTESIAN_POINT ( 'NONE',  ( -10.55933128559396117, -0.8333940504472830968, 0.000000000000000000 ) ) ;
#1206 = EDGE_CURVE ( 'NONE', #720, #1641, #1156, .T. ) ;
#1207 = DIRECTION ( 'NONE',  ( 0.000000000000000000, 0.000000000000000000, 1.000000000000000000 ) ) ;
#1208 = PERSON_AND_ORGANIZATION_ROLE ( 'creator' ) ;
#1209 = VERTEX_POINT ( 'NONE', #1545 ) ;
#1210 = LINE ( 'NONE', #384, #614 ) ;
#1211 = DIRECTION ( 'NONE',  ( 1.000000000000000000, 0.000000000000000000, 0.000000000000000000 ) ) ;
#1212 = EDGE_LOOP ( 'NONE', ( #613, #1599, #1439, #1475 ) ) ;
#1213 = CARTESIAN_POINT ( 'NONE',  ( 12.56337902959596953, 9.492460677998272089, -0.000000000000000000 ) ) ;
#1214 = AXIS2_PLACEMENT_3D ( 'NONE', #271, #3, #954 ) ;
#1215 = DIRECTION ( 'NONE',  ( 0.000000000000000000, 0.000000000000000000, 1.000000000000000000 ) ) ;
#1216 = CARTESIAN_POINT ( 'NONE',  ( -19.60845359220956752, 2.472140862418106710, 0.000000000000000000 ) ) ;
#1217 = ADVANCED_FACE ( 'NONE', ( #1714 ), #600, .T. ) ;
#1218 = ORIENTED_EDGE ( 'NONE', *, *, #1495, .F. ) ;
#1219 = PLANE ( 'NONE',  #75 ) ;
#1220 = CARTESIAN_POINT ( 'NONE',  ( 5.999994271500765919, 22.00000428096488392, 3.000000000000000000 ) ) ;
#1221 = EDGE_CURVE ( 'NONE', #167, #1398, #616, .T. ) ;
#1222 = ORIENTED_EDGE ( 'NONE', *, *, #1198, .T. ) ;
#1223 = CLOSED_SHELL ( 'NONE', ( #1346, #1388, #1311, #1617, #585, #987, #183, #1715, #898, #106, #1640, #895, #661, #343, #1352, #1025, #798, #60, #43, #1248, #409, #715, #267, #1416, #204, #648, #1084, #953, #1681, #1154, #744, #973, #828, #1449, #450, #1400, #1014, #120, #1073, #1217, #152, #779, #1461, #1510, #1631, #711, #700, #313 ) ) ;
#1224 = CIRCLE ( 'NONE', #961, 1.100000000000000311 ) ;
#1225 = CARTESIAN_POINT ( 'NONE',  ( 11.96847467923025476, 25.65749453082188580, 3.000000000000000000 ) ) ;
#1226 = VECTOR ( 'NONE', #401, 1000.000000000000000 ) ;
#1227 = VECTOR ( 'NONE', #1473, 1000.000000000000000 ) ;
#1228 = FACE_OUTER_BOUND ( 'NONE', #1212, .T. ) ;
#1229 = CARTESIAN_POINT ( 'NONE',  ( -19.60845359220956752, 2.472140862418106710, 3.000000000000000000 ) ) ;
#1230 = VECTOR ( 'NONE', #625, 1000.000000000000000 ) ;
#1231 = DIRECTION ( 'NONE',  ( 0.06735666508669094221, -0.9977289610251870444, 0.000000000000000000 ) ) ;
#1232 = PLANE ( 'NONE',  #1584 ) ;
#1233 = EDGE_CURVE ( 'NONE', #1413, #754, #1150, .T. ) ;
#1234 = ORIENTED_EDGE ( 'NONE', *, *, #1567, .F. ) ;
#1235 = DIRECTION ( 'NONE',  ( -0.000000000000000000, -0.000000000000000000, -1.000000000000000000 ) ) ;
#1236 = ORIENTED_EDGE ( 'NONE', *, *, #1672, .F. ) ;
#1237 = DIRECTION ( 'NONE',  ( 0.000000000000000000, -0.000000000000000000, -1.000000000000000000 ) ) ;
#1238 = CARTESIAN_POINT ( 'NONE',  ( -1.649999999999999911, -22.00000000000000000, 3.000000000000000000 ) ) ;
#1239 = CARTESIAN_POINT ( 'NONE',  ( 12.99225588901343365, -18.73682575938736861, -0.000000000000000000 ) ) ;
#1240 = LINE ( 'NONE', #1539, #254 ) ;
#1241 = EDGE_CURVE ( 'NONE', #1105, #448, #447, .T. ) ;
#1242 = CARTESIAN_POINT ( 'NONE',  ( -1.649999999999999911, -17.50000000000000000, 3.000000000000000000 ) ) ;
#1243 = LINE ( 'NONE', #488, #1730 ) ;
#1244 = DIRECTION ( 'NONE',  ( 1.000000000000000000, 0.000000000000000000, 0.000000000000000000 ) ) ;
#1245 = DIRECTION ( 'NONE',  ( 0.000000000000000000, 0.000000000000000000, -1.000000000000000000 ) ) ;
#1246 = CARTESIAN_POINT ( 'NONE',  ( 4.349999999999999645, 22.00000000000000000, -1.200000000000000030E-05 ) ) ;
#1247 = CARTESIAN_POINT ( 'NONE',  ( 4.559261554905827296, 22.83322585706060082, 0.000000000000000000 ) ) ;
#1248 = ADVANCED_FACE ( 'NONE', ( #1569 ), #731, .F. ) ;
#1249 = CIRCLE ( 'NONE', #1281, 8.000146585325584425 ) ;
#1250 = PLANE ( 'NONE',  #542 ) ;
#1251 = DIRECTION ( 'NONE',  ( 0.000000000000000000, 0.000000000000000000, 1.000000000000000000 ) ) ;
#1252 = CIRCLE ( 'NONE', #145, 7.000002246227852609 ) ;
#1253 = CARTESIAN_POINT ( 'NONE',  ( -10.39206442177016321, 0.4295762706540143805, -0.000000000000000000 ) ) ;
#1254 = DIRECTION ( 'NONE',  ( 1.000000000000000000, -0.000000000000000000, -0.000000000000000000 ) ) ;
#1255 = AXIS2_PLACEMENT_3D ( 'NONE', #1021, #881, #1462 ) ;
#1256 = ORIENTED_EDGE ( 'NONE', *, *, #1063, .F. ) ;
#1257 = VECTOR ( 'NONE', #39, 1000.000000000000000 ) ;
#1258 = VERTEX_POINT ( 'NONE', #349 ) ;
#1259 = DIRECTION ( 'NONE',  ( 0.000000000000000000, 0.000000000000000000, 1.000000000000000000 ) ) ;
#1260 = ORIENTED_EDGE ( 'NONE', *, *, #346, .T. ) ;
#1261 = CARTESIAN_POINT ( 'NONE',  ( 6.000000000000000000, -22.00000000000000000, 3.000000000000000000 ) ) ;
#1262 = CARTESIAN_POINT ( 'NONE',  ( 7.650000000000000355, 22.00000000000000000, 3.000000000000000000 ) ) ;
#1263 = EDGE_CURVE ( 'NONE', #53, #697, #216, .T. ) ;
#1264 = DIRECTION ( 'NONE',  ( 1.000000000000000000, 0.000000000000000000, 0.000000000000000000 ) ) ;
#1265 = APPLICATION_PROTOCOL_DEFINITION ( 'international standard', 'config_control_design', 1994, #684 ) ;
#1266 = EDGE_LOOP ( 'NONE', ( #1289, #611, #1666, #1586 ) ) ;
#1267 = VECTOR ( 'NONE', #912, 1000.000000000000000 ) ;
#1268 = CARTESIAN_POINT ( 'NONE',  ( -10.34999999999999964, 0.000000000000000000, 3.000000000000000000 ) ) ;
#1269 = ORIENTED_EDGE ( 'NONE', *, *, #681, .T. ) ;
#1270 = PLANE ( 'NONE',  #1111 ) ;
#1271 = CARTESIAN_POINT ( 'NONE',  ( 11.96847467923025476, 25.65749453082188580, 0.000000000000000000 ) ) ;
#1272 = LINE ( 'NONE', #716, #1391 ) ;
#1273 = DIRECTION ( 'NONE',  ( -0.000000000000000000, -0.000000000000000000, -1.000000000000000000 ) ) ;
#1274 = VECTOR ( 'NONE', #403, 1000.000000000000000 ) ;
#1275 = ORIENTED_EDGE ( 'NONE', *, *, #215, .F. ) ;
#1276 = EDGE_CURVE ( 'NONE', #1137, #586, #1588, .T. ) ;
#1277 = CARTESIAN_POINT ( 'NONE',  ( 12.00000000000000000, 8.500000000000000000, -1.200000000000000030E-05 ) ) ;
#1278 = ORIENTED_EDGE ( 'NONE', *, *, #1206, .T. ) ;
#1279 = LINE ( 'NONE', #607, #1404 ) ;
#1280 = CARTESIAN_POINT ( 'NONE',  ( -1.649999999999999911, -12.00000000000000000, 3.000000000000000000 ) ) ;
#1281 = AXIS2_PLACEMENT_3D ( 'NONE', #1303, #1008, #335 ) ;
#1282 = DIRECTION ( 'NONE',  ( 0.000000000000000000, 0.000000000000000000, 1.000000000000000000 ) ) ;
#1283 = LINE ( 'NONE', #1724, #651 ) ;
#1284 = CC_DESIGN_APPROVAL ( #1704, ( #1527 ) ) ;
#1285 = B_SPLINE_CURVE_WITH_KNOTS ( 'NONE', 3,
 ( #1608, #370, #699, #408, #415, #431, #709, #952, #960, #822, #1677, #988, #1654, #179, #1247, #968, #1390, #161 ),
 .UNSPECIFIED., .F., .F.,
 ( 4, 2, 2, 2, 2, 2, 2, 2, 4 ),
 ( 0.000000000000000000, 0.06250000000000000000, 0.1250000000000000000, 0.1875000000000000000, 0.2500000000000000000, 0.3125000000000000000, 0.3750000000000000000, 0.4375000000000000000, 0.5000000000000000000 ),
 .UNSPECIFIED. ) ;
#1286 = ORIENTED_EDGE ( 'NONE', *, *, #582, .F. ) ;
#1287 = CARTESIAN_POINT ( 'NONE',  ( -5.781546418010265143, 23.64993049203985720, 0.000000000000000000 ) ) ;
#1288 = EDGE_CURVE ( 'NONE', #1562, #23, #771, .T. ) ;
#1289 = ORIENTED_EDGE ( 'NONE', *, *, #81, .T. ) ;
#1290 = ORIENTED_EDGE ( 'NONE', *, *, #1552, .F. ) ;
#1291 = CARTESIAN_POINT ( 'NONE',  ( 18.30000000000000071, -17.00000000000000000, 3.000000000000000000 ) ) ;
#1292 = CARTESIAN_POINT ( 'NONE',  ( -2.899999999999999911, -14.90000000000000036, 3.000000000000000000 ) ) ;
#1293 = PLANE ( 'NONE',  #414 ) ;
#1294 = DIRECTION ( 'NONE',  ( 1.000000000000000000, -0.000000000000000000, -0.000000000000000000 ) ) ;
#1295 = ORIENTED_EDGE ( 'NONE', *, *, #1128, .T. ) ;
#1296 = FACE_OUTER_BOUND ( 'NONE', #758, .T. ) ;
#1297 = PRODUCT_DEFINITION ( 'UNKNOWN', '', #365, #671 ) ;
#1298 = ORIENTED_EDGE ( 'NONE', *, *, #1355, .F. ) ;
#1299 = LINE ( 'NONE', #1163, #480 ) ;
#1300 = EDGE_CURVE ( 'NONE', #1160, #15, #78, .T. ) ;
#1301 = FACE_OUTER_BOUND ( 'NONE', #362, .T. ) ;
#1302 = DIRECTION ( 'NONE',  ( -0.000000000000000000, 1.000000000000000000, -0.000000000000000000 ) ) ;
#1303 = CARTESIAN_POINT ( 'NONE',  ( -11.99986183004107332, -3.971014496918074782E-05, 0.000000000000000000 ) ) ;
#1304 = CIRCLE ( 'NONE', #135, 6.999999521803541569 ) ;
#1305 = ORIENTED_EDGE ( 'NONE', *, *, #1147, .F. ) ;
#1306 = FACE_OUTER_BOUND ( 'NONE', #517, .T. ) ;
#1307 = CARTESIAN_POINT ( 'NONE',  ( 10.90000000000000036, 8.500000000000000000, -6.000000000000000152E-06 ) ) ;
#1308 = VECTOR ( 'NONE', #100, 1000.000000000000000 ) ;
#1309 = EDGE_LOOP ( 'NONE', ( #339, #1777, #1566, #939 ) ) ;
#1310 = CARTESIAN_POINT ( 'NONE',  ( 5.700000000000000178, -17.00000000000000000, 0.000000000000000000 ) ) ;
#1311 = ADVANCED_FACE ( 'NONE', ( #1178 ), #1039, .F. ) ;
#1312 = AXIS2_PLACEMENT_3D ( 'NONE', #329, #612, #1448 ) ;
#1313 = ORIENTED_EDGE ( 'NONE', *, *, #437, .F. ) ;
#1314 = DIRECTION ( 'NONE',  ( 0.000000000000000000, 1.000000000000000000, -0.000000000000000000 ) ) ;
#1315 = CC_DESIGN_APPROVAL ( #1136, ( #1297 ) ) ;
#1316 = CARTESIAN_POINT ( 'NONE',  ( -4.349999999999999645, 22.00000000000000000, -6.000000000000000152E-06 ) ) ;
#1317 = AXIS2_PLACEMENT_3D ( 'NONE', #312, #1259, #36 ) ;
#1318 = AXIS2_PLACEMENT_3D ( 'NONE', #1149, #340, #92 ) ;
#1319 = ORIENTED_EDGE ( 'NONE', *, *, #1380, .T. ) ;
#1320 = CARTESIAN_POINT ( 'NONE',  ( -12.00000000000000000, 0.000000000000000000, -1.200000000000000030E-05 ) ) ;
#1321 = VERTEX_POINT ( 'NONE', #1702 ) ;
#1322 = CC_DESIGN_PERSON_AND_ORGANIZATION_ASSIGNMENT ( #1065, #1072, ( #365 ) ) ;
#1323 = ORIENTED_EDGE ( 'NONE', *, *, #69, .F. ) ;
#1324 = DIRECTION ( 'NONE',  ( -0.000000000000000000, 0.000000000000000000, -1.000000000000000000 ) ) ;
#1325 = CARTESIAN_POINT ( 'NONE',  ( 6.000000000000000000, -22.00000000000000000, 0.000000000000000000 ) ) ;
#1326 = ORIENTED_EDGE ( 'NONE', *, *, #541, .T. ) ;
#1327 = CARTESIAN_POINT ( 'NONE',  ( -12.21845358198944531, -1.649930492039764607, 0.000000000000000000 ) ) ;
#1328 = CARTESIAN_POINT ( 'NONE',  ( -6.000005728499234081, 22.00000155654057110, 3.000000000000000000 ) ) ;
#1329 = CARTESIAN_POINT ( 'NONE',  ( -1.649999999999999911, -14.90000000000000036, 3.000000000000000000 ) ) ;
#1330 = VERTEX_POINT ( 'NONE', #457 ) ;
#1331 = CARTESIAN_POINT ( 'NONE',  ( -6.000005728499234081, 29.00000380276842549, 3.000000000000000000 ) ) ;
#1332 = CARTESIAN_POINT ( 'NONE',  ( -6.000000000000000000, -22.00000000000000000, 3.000000000000000000 ) ) ;
#1333 = EDGE_CURVE ( 'NONE', #749, #489, #1596, .T. ) ;
#1334 = CIRCLE ( 'NONE', #247, 1.650000000000000355 ) ;
#1335 = EDGE_LOOP ( 'NONE', ( #502, #690, #1060, #90 ) ) ;
#1336 = CARTESIAN_POINT ( 'NONE',  ( -11.57042372934586716, -1.607935578229721774, 0.000000000000000000 ) ) ;
#1337 = CYLINDRICAL_SURFACE ( 'NONE', #985, 7.000002246227852609 ) ;
#1338 = APPROVAL_STATUS ( 'not_yet_approved' ) ;
#1339 = EDGE_LOOP ( 'NONE', ( #645, #1286, #1705, #1351 ) ) ;
#1340 = CARTESIAN_POINT ( 'NONE',  ( 4.349930492039132623, 21.78154641801219071, 0.000000000000000000 ) ) ;
#1341 = LINE ( 'NONE', #802, #1195 ) ;
#1342 = ORIENTED_EDGE ( 'NONE', *, *, #530, .F. ) ;
#1343 = EDGE_CURVE ( 'NONE', #697, #959, #1018, .T. ) ;
#1344 = ORIENTED_EDGE ( 'NONE', *, *, #561, .F. ) ;
#1345 = LINE ( 'NONE', #126, #1226 ) ;
#1346 = ADVANCED_FACE ( 'NONE', ( #1296 ), #1010, .F. ) ;
#1347 = AXIS2_PLACEMENT_3D ( 'NONE', #1583, #341, #1576 ) ;
#1348 = ORIENTED_EDGE ( 'NONE', *, *, #1736, .F. ) ;
#1349 = DIRECTION ( 'NONE',  ( -0.000000000000000000, -0.000000000000000000, -1.000000000000000000 ) ) ;
#1350 = EDGE_LOOP ( 'NONE', ( #1611, #1676 ) ) ;
#1351 = ORIENTED_EDGE ( 'NONE', *, *, #629, .T. ) ;
#1352 = ADVANCED_FACE ( 'NONE', ( #1028 ), #353, .F. ) ;
#1353 = DIRECTION ( 'NONE',  ( 1.000000000000000000, -0.000000000000000000, -0.000000000000000000 ) ) ;
#1354 = ORIENTED_EDGE ( 'NONE', *, *, #1587, .F. ) ;
#1355 = EDGE_CURVE ( 'NONE', #448, #1105, #1751, .T. ) ;
#1356 = CARTESIAN_POINT ( 'NONE',  ( 21.99998993401964142, -22.00000000000000000, 3.000000000000000000 ) ) ;
#1357 = CARTESIAN_POINT ( 'NONE',  ( 1.649999999999999911, -22.00000000000000000, 3.000000000000000000 ) ) ;
#1358 = ORIENTED_EDGE ( 'NONE', *, *, #162, .F. ) ;
#1359 = CARTESIAN_POINT ( 'NONE',  ( 13.09999999999999964, -18.99644851076173069, 0.000000000000000000 ) ) ;
#1360 = DIRECTION ( 'NONE',  ( 0.000000000000000000, -0.000000000000000000, 1.000000000000000000 ) ) ;
#1361 = ORIENTED_EDGE ( 'NONE', *, *, #354, .T. ) ;
#1362 = CARTESIAN_POINT ( 'NONE',  ( -13.60793557823001620, -0.4295762706537029074, 0.000000000000000000 ) ) ;
#1363 = CARTESIAN_POINT ( 'NONE',  ( -6.000000000000000000, -22.00000000000000000, 0.000000000000000000 ) ) ;
#1364 = PRODUCT ( '17_ladon', '17_ladon', '', ( #1691 ) ) ;
#1365 = DIRECTION ( 'NONE',  ( -0.000000000000000000, 1.000000000000000000, -0.000000000000000000 ) ) ;
#1366 = EDGE_CURVE ( 'NONE', #1590, #483, #338, .T. ) ;
#1367 = VERTEX_POINT ( 'NONE', #668 ) ;
#1368 = CARTESIAN_POINT ( 'NONE',  ( 5.700000000000000178, 6.200000000000000178, 3.000000000000000000 ) ) ;
#1369 = LINE ( 'NONE', #1650, #144 ) ;
#1370 = VECTOR ( 'NONE', #536, 1000.000000000000000 ) ;
#1371 = AXIS2_PLACEMENT_3D ( 'NONE', #705, #1407, #682 ) ;
#1372 = CYLINDRICAL_SURFACE ( 'NONE', #567, 1.100000000000000311 ) ;
#1373 = CC_DESIGN_APPROVAL ( #1627, ( #365 ) ) ;
#1374 = CARTESIAN_POINT ( 'NONE',  ( -22.00000000000000000, -12.00000000000000000, 0.000000000000000000 ) ) ;
#1375 = CARTESIAN_POINT ( 'NONE',  ( 1.649999999999999911, -17.50000000000000000, 3.000000000000000000 ) ) ;
#1376 = CARTESIAN_POINT ( 'NONE',  ( 7.650000000000003020, 21.78101461144332518, -0.000000000000000000 ) ) ;
#1377 = PRODUCT_RELATED_PRODUCT_CATEGORY ( 'detail', '', ( #1364 ) ) ;
#1378 = CARTESIAN_POINT ( 'NONE',  ( -1.649999999999999911, -12.00000000000000000, 3.000000000000000000 ) ) ;
#1379 = VERTEX_POINT ( 'NONE', #1325 ) ;
#1380 = EDGE_CURVE ( 'NONE', #400, #1504, #1224, .T. ) ;
#1381 = DIRECTION ( 'NONE',  ( -0.000000000000000000, -0.000000000000000000, -1.000000000000000000 ) ) ;
#1382 = CARTESIAN_POINT ( 'NONE',  ( 21.99998993401964142, -22.00000000000000000, 3.000000000000000000 ) ) ;
#1383 = DIRECTION ( 'NONE',  ( -1.000000000000000000, 0.000000000000000000, 0.000000000000000000 ) ) ;
#1384 = PRODUCT_DEFINITION_SHAPE ( 'NONE', 'NONE',  #1297 ) ;
#1385 = CARTESIAN_POINT ( 'NONE',  ( 18.30000000000000426, -17.00000000000000000, 0.000000000000000000 ) ) ;
#1386 = CARTESIAN_POINT ( 'NONE',  ( 10.90000000000000036, 8.500000000000000000, -1.200000000000000030E-05 ) ) ;
#1387 = ORIENTED_EDGE ( 'NONE', *, *, #459, .F. ) ;
#1388 = ADVANCED_FACE ( 'NONE', ( #493 ), #1467, .F. ) ;
#1389 = VECTOR ( 'NONE', #133, 1000.000000000000114 ) ;
#1390 = CARTESIAN_POINT ( 'NONE',  ( 4.350069507960863113, 22.21845358198780573, -0.000000000000000000 ) ) ;
#1391 = VECTOR ( 'NONE', #574, 1000.000000000000000 ) ;
#1392 = ORIENTED_EDGE ( 'NONE', *, *, #1495, .T. ) ;
#1393 = DIRECTION ( 'NONE',  ( 0.000000000000000000, 1.000000000000000000, -0.000000000000000000 ) ) ;
#1394 = FACE_OUTER_BOUND ( 'NONE', #1139, .T. ) ;
#1395 = FACE_BOUND ( 'NONE', #378, .T. ) ;
#1396 = CYLINDRICAL_SURFACE ( 'NONE', #1371, 1.650000000000000355 ) ;
#1397 = EDGE_LOOP ( 'NONE', ( #487, #1298, #258, #1106 ) ) ;
#1398 = VERTEX_POINT ( 'NONE', #134 ) ;
#1399 = DIRECTION ( 'NONE',  ( 1.000000000000000000, 0.000000000000000000, 0.000000000000000000 ) ) ;
#1400 = ADVANCED_FACE ( 'NONE', ( #786 ), #1772, .T. ) ;
#1401 = ORIENTED_EDGE ( 'NONE', *, *, #805, .T. ) ;
#1402 = AXIS2_PLACEMENT_3D ( 'NONE', #834, #436, #1658 ) ;
#1403 = DIRECTION ( 'NONE',  ( -0.000000000000000000, -1.000000000000000000, -0.000000000000000000 ) ) ;
#1404 = VECTOR ( 'NONE', #364, 1000.000000000000000 ) ;
#1405 = LINE ( 'NONE', #608, #1501 ) ;
#1406 = DIRECTION ( 'NONE',  ( -0.000000000000000000, -0.000000000000000000, -1.000000000000000000 ) ) ;
#1407 = DIRECTION ( 'NONE',  ( -0.000000000000000000, -0.000000000000000000, 1.000000000000000000 ) ) ;
#1408 = VECTOR ( 'NONE', #19, 1000.000000000000000 ) ;
#1409 = VERTEX_POINT ( 'NONE', #941 ) ;
#1410 = ORIENTED_EDGE ( 'NONE', *, *, #1769, .F. ) ;
#1411 = DIRECTION ( 'NONE',  ( 1.000000000000000000, 0.000000000000000000, 0.000000000000000000 ) ) ;
#1412 = EDGE_CURVE ( 'NONE', #86, #1017, #639, .T. ) ;
#1413 = VERTEX_POINT ( 'NONE', #125 ) ;
#1414 = CARTESIAN_POINT ( 'NONE',  ( 6.000000000000000000, -25.00000000000000000, 3.000000000000000000 ) ) ;
#1415 = CARTESIAN_POINT ( 'NONE',  ( -5.781546418010083954, 20.34993049203985294, -0.000000000000000000 ) ) ;
#1416 = ADVANCED_FACE ( 'NONE', ( #1185 ), #1194, .F. ) ;
#1417 = CARTESIAN_POINT ( 'NONE',  ( 5.999994271500765919, 22.00000428096488392, 3.000000000000000000 ) ) ;
#1418 = CARTESIAN_POINT ( 'NONE',  ( 6.000000000000000000, -25.00000000000000000, 0.000000000000000000 ) ) ;
#1419 = EDGE_LOOP ( 'NONE', ( #1447, #371, #1423, #304 ) ) ;
#1420 = CARTESIAN_POINT ( 'NONE',  ( 13.10000000000000142, 8.500000000000000000, -6.000000000000000152E-06 ) ) ;
#1421 = AXIS2_PLACEMENT_3D ( 'NONE', #103, #778, #1170 ) ;
#1422 = CARTESIAN_POINT ( 'NONE',  ( -1.649999999999999911, -17.50000000000000000, 0.000000000000000000 ) ) ;
#1423 = ORIENTED_EDGE ( 'NONE', *, *, #1115, .F. ) ;
#1424 = DIRECTION ( 'NONE',  ( -1.000000000000000000, -0.000000000000000000, -0.000000000000000000 ) ) ;
#1425 = CARTESIAN_POINT ( 'NONE',  ( -5.166720943848768677, 20.55913312094280698, -0.000000000000000000 ) ) ;
#1426 = DIRECTION ( 'NONE',  ( -1.000000000000000000, 0.000000000000000000, 0.000000000000000000 ) ) ;
#1427 = DIRECTION ( 'NONE',  ( -0.000000000000000000, -0.000000000000000000, -1.000000000000000000 ) ) ;
#1428 = EDGE_CURVE ( 'NONE', #489, #53, #1341, .T. ) ;
#1429 = ORIENTED_EDGE ( 'NONE', *, *, #672, .T. ) ;
#1430 = CARTESIAN_POINT ( 'NONE',  ( -4.678852951393309034, 23.01220703020830527, 0.000000000000000000 ) ) ;
#1431 = VERTEX_POINT ( 'NONE', #368 ) ;
#1432 = CARTESIAN_POINT ( 'NONE',  ( -10.34999999999999964, 0.000000000000000000, -1.200000000000000030E-05 ) ) ;
#1433 = CARTESIAN_POINT ( 'NONE',  ( -4.349999999999999645, 22.00000000000000000, -6.000000000000000152E-06 ) ) ;
#1434 = VECTOR ( 'NONE', #1548, 1000.000000000000114 ) ;
#1435 = CARTESIAN_POINT ( 'NONE',  ( -2.899999999999999911, -14.90000000000000036, 0.000000000000000000 ) ) ;
#1436 = FACE_OUTER_BOUND ( 'NONE', #1457, .T. ) ;
#1437 = LOCAL_TIME ( 23, 20, 34.00000000000000000, #236 ) ;
#1438 = EDGE_CURVE ( 'NONE', #1571, #79, #1757, .T. ) ;
#1439 = ORIENTED_EDGE ( 'NONE', *, *, #215, .T. ) ;
#1440 = CARTESIAN_POINT ( 'NONE',  ( 11.69659345673250961, 7.400144807679497561, 0.000000000000000000 ) ) ;
#1441 = VECTOR ( 'NONE', #1663, 1000.000000000000000 ) ;
#1442 = B_SPLINE_CURVE_WITH_KNOTS ( 'NONE', 3,
 ( #1649, #1340, #124, #412, #1505, #283, #957, #1201, #1771, #819, #949, #1763, #1515, #274, #141, #13, #1376, #114 ),
 .UNSPECIFIED., .F., .F.,
 ( 4, 2, 2, 2, 2, 2, 2, 2, 4 ),
 ( 0.5000000000000000000, 0.5625000000000000000, 0.6250000000000000000, 0.6875000000000000000, 0.7500000000000000000, 0.8125000000000000000, 0.8750000000000000000, 0.9375000000000000000, 1.000000000000000000 ),
 .UNSPECIFIED. ) ;
#1443 = VERTEX_POINT ( 'NONE', #1332 ) ;
#1444 = CARTESIAN_POINT ( 'NONE',  ( 6.000000000000000000, 22.00000000000000000, 3.000000000000000000 ) ) ;
#1445 = CARTESIAN_POINT ( 'NONE',  ( 5.700000000000000178, 6.200000000000000178, 3.000000000000000000 ) ) ;
#1446 = DIRECTION ( 'NONE',  ( 0.000000000000000000, 0.000000000000000000, 1.000000000000000000 ) ) ;
#1447 = ORIENTED_EDGE ( 'NONE', *, *, #1438, .T. ) ;
#1448 = DIRECTION ( 'NONE',  ( 0.000000000000000000, 0.000000000000000000, 1.000000000000000000 ) ) ;
#1449 = ADVANCED_FACE ( 'NONE', ( #1622 ), #1490, .T. ) ;
#1450 = VERTEX_POINT ( 'NONE', #115 ) ;
#1451 = DIRECTION ( 'NONE',  ( -0.000000000000000000, -0.000000000000000000, 1.000000000000000000 ) ) ;
#1452 = CARTESIAN_POINT ( 'NONE',  ( -1.649999999999999911, -14.90000000000000036, 0.000000000000000000 ) ) ;
#1453 = VERTEX_POINT ( 'NONE', #529 ) ;
#1454 = CARTESIAN_POINT ( 'NONE',  ( 16.00000000000000000, -22.00000000000000000, 3.000000000000000000 ) ) ;
#1455 = CARTESIAN_POINT ( 'NONE',  ( 1.649999999999999911, -17.50000000000000000, 3.000000000000000000 ) ) ;
#1456 = AXIS2_PLACEMENT_3D ( 'NONE', #165, #867, #1264 ) ;
#1457 = EDGE_LOOP ( 'NONE', ( #432, #768, #68, #902 ) ) ;
#1458 = DIRECTION ( 'NONE',  ( 0.000000000000000000, 1.000000000000000000, 0.000000000000000000 ) ) ;
#1459 = CARTESIAN_POINT ( 'NONE',  ( 12.99260581976840356, 7.936765973695576015, -0.000000000000000000 ) ) ;
#1460 = ORIENTED_EDGE ( 'NONE', *, *, #1366, .T. ) ;
#1461 = ADVANCED_FACE ( 'NONE', ( #377 ), #1506, .T. ) ;
#1462 = DIRECTION ( 'NONE',  ( -1.000000000000000000, 0.000000000000000000, 0.000000000000000000 ) ) ;
#1463 = VERTEX_POINT ( 'NONE', #1639 ) ;
#1464 = VECTOR ( 'NONE', #421, 1000.000000000000000 ) ;
#1465 = VERTEX_POINT ( 'NONE', #248 ) ;
#1466 = CARTESIAN_POINT ( 'NONE',  ( 12.00000000000000000, 8.500000000000000000, -1.200000000000000030E-05 ) ) ;
#1467 = CYLINDRICAL_SURFACE ( 'NONE', #196, 1.650000000000000355 ) ;
#1468 = ORIENTED_EDGE ( 'NONE', *, *, #767, .F. ) ;
#1469 = CARTESIAN_POINT ( 'NONE',  ( -12.42962946974310867, -1.608064012193706427, -0.000000000000000000 ) ) ;
#1470 = APPROVAL_DATE_TIME ( #1626, #1704 ) ;
#1471 = EDGE_CURVE ( 'NONE', #1160, #53, #501, .T. ) ;
#1472 = ORIENTED_EDGE ( 'NONE', *, *, #1343, .T. ) ;
#1473 = DIRECTION ( 'NONE',  ( -0.000000000000000000, -0.000000000000000000, -1.000000000000000000 ) ) ;
#1474 = CARTESIAN_POINT ( 'NONE',  ( 13.10000000000000142, 8.500000000000000000, 3.000000000000000000 ) ) ;
#1475 = ORIENTED_EDGE ( 'NONE', *, *, #838, .T. ) ;
#1476 = EDGE_LOOP ( 'NONE', ( #475, #512, #1313, #129 ) ) ;
#1477 = CARTESIAN_POINT ( 'NONE',  ( 11.69659345673250961, 9.600144807679249936, -0.000000000000000000 ) ) ;
#1478 = FACE_OUTER_BOUND ( 'NONE', #1052, .T. ) ;
#1479 = ORIENTED_EDGE ( 'NONE', *, *, #887, .F. ) ;
#1480 = LINE ( 'NONE', #769, #44 ) ;
#1481 = EDGE_CURVE ( 'NONE', #1017, #61, #657, .T. ) ;
#1482 = DIRECTION ( 'NONE',  ( 0.000000000000000000, 0.000000000000000000, -1.000000000000000000 ) ) ;
#1483 = VECTOR ( 'NONE', #1406, 1000.000000000000000 ) ;
#1484 = ORIENTED_EDGE ( 'NONE', *, *, #681, .F. ) ;
#1485 = LINE ( 'NONE', #1615, #996 ) ;
#1486 = CARTESIAN_POINT ( 'NONE',  ( -12.00000000000000000, 0.000000000000000000, 3.000000000000000000 ) ) ;
#1487 = PERSON_AND_ORGANIZATION ( #168, #1087 ) ;
#1488 = ORIENTED_EDGE ( 'NONE', *, *, #573, .T. ) ;
#1489 = CARTESIAN_POINT ( 'NONE',  ( 12.30340654326699301, -18.20014480767975229, 0.000000000000000000 ) ) ;
#1490 = CYLINDRICAL_SURFACE ( 'NONE', #285, 6.500001303403208475 ) ;
#1491 = EDGE_CURVE ( 'NONE', #331, #1744, #266, .T. ) ;
#1492 = VECTOR ( 'NONE', #994, 1000.000000000000000 ) ;
#1493 = ORIENTED_EDGE ( 'NONE', *, *, #194, .F. ) ;
#1494 = AXIS2_PLACEMENT_3D ( 'NONE', #190, #224, #762 ) ;
#1495 = EDGE_CURVE ( 'NONE', #1379, #1744, #1605, .T. ) ;
#1496 = AXIS2_PLACEMENT_3D ( 'NONE', #691, #1411, #719 ) ;
#1497 = CARTESIAN_POINT ( 'NONE',  ( -10.98779296979176401, -1.321147048607069996, 0.000000000000000000 ) ) ;
#1498 = CIRCLE ( 'NONE', #175, 1.650000000000000355 ) ;
#1499 = EDGE_LOOP ( 'NONE', ( #1710, #1358 ) ) ;
#1500 = DIRECTION ( 'NONE',  ( -1.000000000000000000, -0.000000000000000000, -0.000000000000000000 ) ) ;
#1501 = VECTOR ( 'NONE', #1164, 1000.000000000000000 ) ;
#1502 = COORDINATED_UNIVERSAL_TIME_OFFSET ( 3, 0, .AHEAD. ) ;
#1503 = APPLICATION_CONTEXT ( 'configuration controlled 3d designs of mechanical parts and assemblies' ) ;
#1504 = VERTEX_POINT ( 'NONE', #1474 ) ;
#1505 = CARTESIAN_POINT ( 'NONE',  ( 4.678852951393436932, 20.98779296979157394, 0.000000000000000000 ) ) ;
#1506 = PLANE ( 'NONE',  #791 ) ;
#1507 = ORIENTED_EDGE ( 'NONE', *, *, #446, .F. ) ;
#1508 = VERTEX_POINT ( 'NONE', #240 ) ;
#1509 = CARTESIAN_POINT ( 'NONE',  ( -13.44086687905723743, -0.8332790561510933225, -0.000000000000000000 ) ) ;
#1510 = ADVANCED_FACE ( 'NONE', ( #780 ), #827, .F. ) ;
#1511 = CARTESIAN_POINT ( 'NONE',  ( -2.899999999999999911, -17.50000000000000000, 3.000000000000000000 ) ) ;
#1512 = DIRECTION ( 'NONE',  ( -0.000000000000000000, -1.000000000000000000, -0.000000000000000000 ) ) ;
#1513 = AXIS2_PLACEMENT_3D ( 'NONE', #1466, #321, #1621 ) ;
#1514 = EDGE_LOOP ( 'NONE', ( #1086, #16, #1479, #1765 ) ) ;
#1515 = CARTESIAN_POINT ( 'NONE',  ( 7.012207030208429615, 20.67885295139343427, 0.000000000000000000 ) ) ;
#1516 = DIRECTION ( 'NONE',  ( -0.000000000000000000, -0.000000000000000000, 1.000000000000000000 ) ) ;
#1517 = ORIENTED_EDGE ( 'NONE', *, *, #249, .F. ) ;
#1518 = DIRECTION ( 'NONE',  ( 0.000000000000000000, 0.000000000000000000, 1.000000000000000000 ) ) ;
#1519 = VECTOR ( 'NONE', #553, 1000.000000000000000 ) ;
#1520 = EDGE_CURVE ( 'NONE', #1465, #959, #1675, .T. ) ;
#1521 = DIRECTION ( 'NONE',  ( -1.000000000000000000, 0.000000000000000000, 0.000000000000000000 ) ) ;
#1522 = DIRECTION ( 'NONE',  ( -0.000000000000000000, -0.000000000000000000, -1.000000000000000000 ) ) ;
#1523 = CARTESIAN_POINT ( 'NONE',  ( 13.10000000000000142, -19.60396153986860313, 0.000000000000000000 ) ) ;
#1524 = DIRECTION ( 'NONE',  ( 0.000000000000000000, 0.000000000000000000, 1.000000000000000000 ) ) ;
#1525 = ORIENTED_EDGE ( 'NONE', *, *, #1587, .T. ) ;
#1526 = CARTESIAN_POINT ( 'NONE',  ( -6.000005728499234081, 22.00000155654057110, 3.000000000000000000 ) ) ;
#1527 = SECURITY_CLASSIFICATION ( '', '', #1602 ) ;
#1528 = CARTESIAN_POINT ( 'NONE',  ( 2.899999999999999911, -14.90000000000000036, 3.000000000000000000 ) ) ;
#1529 = CARTESIAN_POINT ( 'NONE',  ( 18.30000000000000071, 6.200000000000000178, 0.000000000000000000 ) ) ;
#1530 = VECTOR ( 'NONE', #1739, 1000.000000000000000 ) ;
#1531 = CARTESIAN_POINT ( 'NONE',  ( 10.90000000000000036, -19.30000000000000071, -6.000000000000000152E-06 ) ) ;
#1532 = DIRECTION ( 'NONE',  ( 1.000000000000000000, 0.000000000000000000, 0.000000000000000000 ) ) ;
#1533 = EDGE_CURVE ( 'NONE', #1607, #213, #151, .T. ) ;
#1534 = ORIENTED_EDGE ( 'NONE', *, *, #640, .F. ) ;
#1535 = DIRECTION ( 'NONE',  ( -0.06735666508669094221, 0.9977289610251870444, -0.000000000000000000 ) ) ;
#1536 = CARTESIAN_POINT ( 'NONE',  ( -6.000000000000000000, -25.00000000000000000, 0.000000000000000000 ) ) ;
#1537 = DIRECTION ( 'NONE',  ( 0.000000000000000000, 0.000000000000000000, 1.000000000000000000 ) ) ;
#1538 = FACE_BOUND ( 'NONE', #1623, .T. ) ;
#1539 = CARTESIAN_POINT ( 'NONE',  ( -6.000000000000000000, -25.00000000000000000, 0.000000000000000000 ) ) ;
#1540 = EDGE_CURVE ( 'NONE', #61, #206, #1240, .T. ) ;
#1541 = ORIENTED_EDGE ( 'NONE', *, *, #212, .F. ) ;
#1542 = CARTESIAN_POINT ( 'NONE',  ( 20.48415993401964030, 10.45342301186693135, 3.000000000000000000 ) ) ;
#1543 = EDGE_LOOP ( 'NONE', ( #1187, #538, #928, #1493, #1342, #330, #742, #328, #810, #146, #1770, #366, #1218, #440, #740, #989, #369, #729, #1158, #1290, #698, #132, #463, #423, #123, #311, #649, #1121, #466, #98, #1582, #232 ) ) ;
#1544 = FACE_OUTER_BOUND ( 'NONE', #1594, .T. ) ;
#1545 = CARTESIAN_POINT ( 'NONE',  ( -6.000000000000000000, -22.00000000000000000, 0.000000000000000000 ) ) ;
#1546 = VECTOR ( 'NONE', #523, 1000.000000000000000 ) ;
#1547 = FACE_BOUND ( 'NONE', #1191, .T. ) ;
#1548 = DIRECTION ( 'NONE',  ( -0.06735666508669094221, 0.9977289610251870444, -0.000000000000000000 ) ) ;
#1549 = ORIENTED_EDGE ( 'NONE', *, *, #1147, .T. ) ;
#1550 = EDGE_CURVE ( 'NONE', #65, #213, #22, .T. ) ;
#1551 = LINE ( 'NONE', #1099, #26 ) ;
#1552 = EDGE_CURVE ( 'NONE', #959, #1607, #1682, .T. ) ;
#1553 = AXIS2_PLACEMENT_3D ( 'NONE', #231, #1047, #1482 ) ;
#1554 = VERTEX_POINT ( 'NONE', #548 ) ;
#1555 = DIRECTION ( 'NONE',  ( -0.000000000000000000, -0.000000000000000000, -1.000000000000000000 ) ) ;
#1556 = VECTOR ( 'NONE', #1051, 1000.000000000000000 ) ;
#1557 = CARTESIAN_POINT ( 'NONE',  ( -7.012305329309046265, 20.67875465229281318, -0.000000000000000000 ) ) ;
#1558 = VECTOR ( 'NONE', #1458, 1000.000000000000000 ) ;
#1559 = PLANE ( 'NONE',  #554 ) ;
#1560 = CARTESIAN_POINT ( 'NONE',  ( 16.00000000000000000, -25.00000000000000000, 3.000000000000000000 ) ) ;
#1561 = VECTOR ( 'NONE', #323, 1000.000000000000000 ) ;
#1562 = VERTEX_POINT ( 'NONE', #14 ) ;
#1563 = CARTESIAN_POINT ( 'NONE',  ( -6.218453581989736634, 23.65006950796014351, -0.000000000000000000 ) ) ;
#1564 = ORIENTED_EDGE ( 'NONE', *, *, #1471, .T. ) ;
#1565 = DIRECTION ( 'NONE',  ( 1.000000000000000000, -0.000000000000000000, -0.000000000000000000 ) ) ;
#1566 = ORIENTED_EDGE ( 'NONE', *, *, #617, .F. ) ;
#1567 = EDGE_CURVE ( 'NONE', #1562, #400, #33, .T. ) ;
#1568 = LINE ( 'NONE', #737, #82 ) ;
#1569 = FACE_OUTER_BOUND ( 'NONE', #1782, .T. ) ;
#1570 = CARTESIAN_POINT ( 'NONE',  ( -11.57037053025704232, 1.608064012193706871, -0.000000000000000000 ) ) ;
#1571 = VERTEX_POINT ( 'NONE', #984 ) ;
#1572 = DIRECTION ( 'NONE',  ( 1.000000000000000000, 0.000000000000000000, 0.000000000000000000 ) ) ;
#1573 = VECTOR ( 'NONE', #5, 1000.000000000000000 ) ;
#1574 = ORIENTED_EDGE ( 'NONE', *, *, #1206, .F. ) ;
#1575 = LINE ( 'NONE', #70, #852 ) ;
#1576 = DIRECTION ( 'NONE',  ( 0.000000000000000000, 0.000000000000000000, 1.000000000000000000 ) ) ;
#1577 = EDGE_CURVE ( 'NONE', #998, #1175, #413, .T. ) ;
#1578 = CARTESIAN_POINT ( 'NONE',  ( -13.65000000000000036, 2.020652009468834256E-16, -6.000000000000000152E-06 ) ) ;
#1579 = CARTESIAN_POINT ( 'NONE',  ( 18.30000000000000071, -17.00000000000000000, 3.000000000000000000 ) ) ;
#1580 = ORIENTED_EDGE ( 'NONE', *, *, #605, .T. ) ;
#1581 = CARTESIAN_POINT ( 'NONE',  ( -7.650000000000000355, 22.00000000000000000, -6.000000000000000152E-06 ) ) ;
#1582 = ORIENTED_EDGE ( 'NONE', *, *, #763, .F. ) ;
#1583 = CARTESIAN_POINT ( 'NONE',  ( 18.30000000000000071, -17.00000000000000000, 3.000000000000000000 ) ) ;
#1584 = AXIS2_PLACEMENT_3D ( 'NONE', #958, #1780, #1524 ) ;
#1585 = DIRECTION ( 'NONE',  ( 0.000000000000000000, 1.000000000000000000, -0.000000000000000000 ) ) ;
#1586 = ORIENTED_EDGE ( 'NONE', *, *, #282, .T. ) ;
#1587 = EDGE_CURVE ( 'NONE', #186, #167, #1369, .T. ) ;
#1588 = LINE ( 'NONE', #879, #1530 ) ;
#1589 = VECTOR ( 'NONE', #590, 1000.000000000000000 ) ;
#1590 = VERTEX_POINT ( 'NONE', #275 ) ;
#1591 = PLANE ( 'NONE',  #1318 ) ;
#1592 = DIRECTION ( 'NONE',  ( -1.000000000000000000, 0.000000000000000000, 0.000000000000000000 ) ) ;
#1593 = PLANE ( 'NONE',  #169 ) ;
#1594 = EDGE_LOOP ( 'NONE', ( #603, #1525, #1731, #1037, #499, #347, #1401, #793, #178, #388, #10, #238, #853, #1222, #1153, #666, #1361, #1192, #287, #1074, #708, #712, #1172, #859, #1041, #66, #445, #255, #726, #969, #896, #458 ) ) ;
#1595 = DIRECTION ( 'NONE',  ( 0.000000000000000000, 0.000000000000000000, 1.000000000000000000 ) ) ;
#1596 = LINE ( 'NONE', #473, #566 ) ;
#1597 = EDGE_CURVE ( 'NONE', #692, #417, #1113, .T. ) ;
#1598 = CIRCLE ( 'NONE', #127, 6.500001303403208475 ) ;
#1599 = ORIENTED_EDGE ( 'NONE', *, *, #702, .F. ) ;
#1600 = FACE_OUTER_BOUND ( 'NONE', #777, .T. ) ;
#1601 = EDGE_LOOP ( 'NONE', ( #1734, #1077, #593, #899 ) ) ;
#1602 = SECURITY_CLASSIFICATION_LEVEL ( 'unclassified' ) ;
#1603 = VERTEX_POINT ( 'NONE', #966 ) ;
#1604 = FACE_OUTER_BOUND ( 'NONE', #951, .T. ) ;
#1605 = LINE ( 'NONE', #519, #1781 ) ;
#1606 = EDGE_CURVE ( 'NONE', #924, #197, #1143, .T. ) ;
#1607 = VERTEX_POINT ( 'NONE', #820 ) ;
#1608 = CARTESIAN_POINT ( 'NONE',  ( 7.650000000000001243, 22.00000000000000000, -6.000000000000000152E-06 ) ) ;
#1609 = EDGE_CURVE ( 'NONE', #578, #606, #158, .T. ) ;
#1610 = VECTOR ( 'NONE', #1294, 1000.000000000000000 ) ;
#1611 = ORIENTED_EDGE ( 'NONE', *, *, #964, .F. ) ;
#1612 = DIRECTION ( 'NONE',  ( -0.000000000000000000, -0.000000000000000000, -1.000000000000000000 ) ) ;
#1613 = DIRECTION ( 'NONE',  ( -0.000000000000000000, -1.000000000000000000, -0.000000000000000000 ) ) ;
#1614 = VERTEX_POINT ( 'NONE', #428 ) ;
#1615 = CARTESIAN_POINT ( 'NONE',  ( 21.99998993401964142, -22.00000000000000000, 0.000000000000000000 ) ) ;
#1616 = ORIENTED_EDGE ( 'NONE', *, *, #1241, .F. ) ;
#1617 = ADVANCED_FACE ( 'NONE', ( #166 ), #1120, .F. ) ;
#1618 = AXIS2_PLACEMENT_3D ( 'NONE', #290, #563, #1537 ) ;
#1619 = APPROVAL_ROLE ( '' ) ;
#1620 = ORIENTED_EDGE ( 'NONE', *, *, #514, .T. ) ;
#1621 = DIRECTION ( 'NONE',  ( 1.000000000000000000, 0.000000000000000000, 0.000000000000000000 ) ) ;
#1622 = FACE_OUTER_BOUND ( 'NONE', #1066, .T. ) ;
#1623 = EDGE_LOOP ( 'NONE', ( #1692, #624 ) ) ;
#1624 = CARTESIAN_POINT ( 'NONE',  ( -12.83322585706169328, -1.440738445093538989, 0.000000000000000000 ) ) ;
#1625 = DIRECTION ( 'NONE',  ( 1.000000000000000000, 0.000000000000000000, 0.000000000000000000 ) ) ;
#1626 = DATE_AND_TIME ( #358, #995 ) ;
#1627 = APPROVAL ( #665, 'UNSPECIFIED' ) ;
#1628 = ORIENTED_EDGE ( 'NONE', *, *, #85, .F. ) ;
#1629 = CARTESIAN_POINT ( 'NONE',  ( 10.90014480767974803, -18.99659345673300948, 0.000000000000000000 ) ) ;
#1630 = DIRECTION ( 'NONE',  ( -0.000000000000000000, -1.000000000000000000, -0.000000000000000000 ) ) ;
#1631 = ADVANCED_FACE ( 'NONE', ( #142 ), #1396, .F. ) ;
#1632 = ORIENTED_EDGE ( 'NONE', *, *, #809, .T. ) ;
#1633 = AXIS2_PLACEMENT_3D ( 'NONE', #680, #547, #1231 ) ;
#1634 = CARTESIAN_POINT ( 'NONE',  ( -13.01230532930857997, -1.321245347707190154, -0.000000000000000000 ) ) ;
#1635 = DIRECTION ( 'NONE',  ( 0.000000000000000000, 0.000000000000000000, -1.000000000000000000 ) ) ;
#1636 = APPLICATION_PROTOCOL_DEFINITION ( 'international standard', 'config_control_design', 1994, #1503 ) ;
#1637 = VERTEX_POINT ( 'NONE', #177 ) ;
#1638 = CARTESIAN_POINT ( 'NONE',  ( 2.899999999999999911, -14.90000000000000036, 3.000000000000000000 ) ) ;
#1639 = CARTESIAN_POINT ( 'NONE',  ( -16.00000000000000000, -25.00000000000000000, 3.000000000000000000 ) ) ;
#1640 = ADVANCED_FACE ( 'NONE', ( #717 ), #1232, .F. ) ;
#1641 = VERTEX_POINT ( 'NONE', #540 ) ;
#1642 = AXIS2_PLACEMENT_3D ( 'NONE', #137, #1644, #379 ) ;
#1643 = ORIENTED_EDGE ( 'NONE', *, *, #143, .T. ) ;
#1644 = DIRECTION ( 'NONE',  ( 0.000000000000000000, 0.000000000000000000, 1.000000000000000000 ) ) ;
#1645 = VECTOR ( 'NONE', #1732, 1000.000000000000000 ) ;
#1646 = PLANE ( 'NONE',  #956 ) ;
#1647 = PLANE ( 'NONE',  #796 ) ;
#1648 = ORIENTED_EDGE ( 'NONE', *, *, #73, .F. ) ;
#1649 = CARTESIAN_POINT ( 'NONE',  ( 4.349999999999998757, 22.00000000000000000, -6.000000000000000152E-06 ) ) ;
#1650 = CARTESIAN_POINT ( 'NONE',  ( -22.00000000000000000, -12.00000000000000000, 3.000000000000000000 ) ) ;
#1651 = AXIS2_PLACEMENT_3D ( 'NONE', #20, #131, #679 ) ;
#1652 = ORIENTED_EDGE ( 'NONE', *, *, #27, .F. ) ;
#1653 = EDGE_CURVE ( 'NONE', #893, #1453, #1095, .T. ) ;
#1654 = CARTESIAN_POINT ( 'NONE',  ( 4.987792969791572162, 23.32114704860656218, 0.000000000000000000 ) ) ;
#1655 = FACE_OUTER_BOUND ( 'NONE', #1335, .T. ) ;
#1656 = VECTOR ( 'NONE', #631, 1000.000000000000000 ) ;
#1657 = CARTESIAN_POINT ( 'NONE',  ( 12.56302909884199970, -20.29240089230674116, 0.000000000000000000 ) ) ;
#1658 = DIRECTION ( 'NONE',  ( 1.000000000000000000, 0.000000000000000000, 0.000000000000000000 ) ) ;
#1659 = AXIS2_PLACEMENT_3D ( 'NONE', #833, #1426, #462 ) ;
#1660 = CARTESIAN_POINT ( 'NONE',  ( -19.60845359220956752, 2.472140862418106710, 3.000000000000000000 ) ) ;
#1661 = EDGE_CURVE ( 'NONE', #1637, #975, #1249, .T. ) ;
#1662 = LINE ( 'NONE', #452, #89 ) ;
#1663 = DIRECTION ( 'NONE',  ( -0.000000000000000000, -0.000000000000000000, -1.000000000000000000 ) ) ;
#1664 = CARTESIAN_POINT ( 'NONE',  ( -22.00000000000000000, -12.00000000000000000, 0.000000000000000000 ) ) ;
#1665 = CARTESIAN_POINT ( 'NONE',  ( 20.48415993401964030, 10.45342301186693312, 3.000000000000000000 ) ) ;
#1666 = ORIENTED_EDGE ( 'NONE', *, *, #525, .F. ) ;
#1667 = VECTOR ( 'NONE', #481, 1000.000000000000000 ) ;
#1668 = EDGE_LOOP ( 'NONE', ( #869, #264, #1652, #1278 ) ) ;
#1669 = FACE_OUTER_BOUND ( 'NONE', #1476, .T. ) ;
#1670 = FACE_BOUND ( 'NONE', #1069, .T. ) ;
#1671 = LINE ( 'NONE', #1375, #1370 ) ;
#1672 = EDGE_CURVE ( 'NONE', #314, #977, #193, .T. ) ;
#1673 = VECTOR ( 'NONE', #738, 1000.000000000000000 ) ;
#1674 = CARTESIAN_POINT ( 'NONE',  ( -10.34999999999999787, 0.2186215401846496875, 0.000000000000000000 ) ) ;
#1675 = LINE ( 'NONE', #1378, #934 ) ;
#1676 = ORIENTED_EDGE ( 'NONE', *, *, #143, .F. ) ;
#1677 = CARTESIAN_POINT ( 'NONE',  ( 5.570423729345253427, 23.60793557822942290, 0.000000000000000000 ) ) ;
#1678 = FACE_BOUND ( 'NONE', #1685, .T. ) ;
#1679 = CARTESIAN_POINT ( 'NONE',  ( 4.349999999999998757, 22.00000000000000000, -6.000000000000000152E-06 ) ) ;
#1680 = FACE_OUTER_BOUND ( 'NONE', #273, .T. ) ;
#1681 = ADVANCED_FACE ( 'NONE', ( #610 ), #1593, .F. ) ;
#1682 = LINE ( 'NONE', #950, #1058 ) ;
#1683 = ORIENTED_EDGE ( 'NONE', *, *, #689, .T. ) ;
#1684 = EDGE_CURVE ( 'NONE', #755, #1017, #1283, .T. ) ;
#1685 = EDGE_LOOP ( 'NONE', ( #1196, #932, #241, #1275 ) ) ;
#1686 = DIRECTION ( 'NONE',  ( -0.000000000000000000, -0.000000000000000000, -1.000000000000000000 ) ) ;
#1687 = ORIENTED_EDGE ( 'NONE', *, *, #469, .F. ) ;
#1688 = LINE ( 'NONE', #831, #1408 ) ;
#1689 = DIRECTION ( 'NONE',  ( 0.000000000000000000, -1.000000000000000000, 0.000000000000000000 ) ) ;
#1690 = CARTESIAN_POINT ( 'NONE',  ( -12.83327905615130859, 1.440866879057063787, -0.000000000000000000 ) ) ;
#1691 = MECHANICAL_CONTEXT ( 'NONE', #684, 'mechanical' ) ;
#1692 = ORIENTED_EDGE ( 'NONE', *, *, #561, .T. ) ;
#1693 = EDGE_CURVE ( 'NONE', #186, #975, #1159, .T. ) ;
#1694 = PLANE ( 'NONE',  #1080 ) ;
#1695 = VECTOR ( 'NONE', #913, 1000.000000000000000 ) ;
#1696 = ORIENTED_EDGE ( 'NONE', *, *, #51, .T. ) ;
#1697 = APPROVAL_PERSON_ORGANIZATION ( #918, #1704, #1081 ) ;
#1698 = FACE_OUTER_BOUND ( 'NONE', #609, .T. ) ;
#1699 = CARTESIAN_POINT ( 'NONE',  ( -5.570423729346434705, 20.39206442176994472, 0.000000000000000000 ) ) ;
#1700 = DIRECTION ( 'NONE',  ( 0.1564098711556069221, 0.9876922355699099265, 0.000000000000000000 ) ) ;
#1701 = ORIENTED_EDGE ( 'NONE', *, *, #1491, .F. ) ;
#1702 = CARTESIAN_POINT ( 'NONE',  ( 16.00000000000000000, -25.00000000000000000, 3.000000000000000000 ) ) ;
#1703 = ORIENTED_EDGE ( 'NONE', *, *, #1128, .F. ) ;
#1704 = APPROVAL ( #1338, 'UNSPECIFIED' ) ;
#1705 = ORIENTED_EDGE ( 'NONE', *, *, #30, .F. ) ;
#1706 = DIRECTION ( 'NONE',  ( 1.000000000000000000, -0.000000000000000000, -0.000000000000000000 ) ) ;
#1707 = CARTESIAN_POINT ( 'NONE',  ( 13.10000000000000142, -19.30000000000000071, 3.000000000000000000 ) ) ;
#1708 = CARTESIAN_POINT ( 'NONE',  ( -13.44073844509344973, 0.8332258570617252502, 0.000000000000000000 ) ) ;
#1709 =( LENGTH_UNIT ( ) NAMED_UNIT ( * ) SI_UNIT ( .MILLI., .METRE. ) );
#1710 = ORIENTED_EDGE ( 'NONE', *, *, #51, .F. ) ;
#1711 = CARTESIAN_POINT ( 'NONE',  ( -5.166774142937474501, 23.44073844509345150, 0.000000000000000000 ) ) ;
#1712 = EDGE_LOOP ( 'NONE', ( #1541, #813, #472, #1696 ) ) ;
#1713 = CARTESIAN_POINT ( 'NONE',  ( -10.34999999999999964, 0.000000000000000000, -6.000000000000000152E-06 ) ) ;
#1714 = FACE_OUTER_BOUND ( 'NONE', #641, .T. ) ;
#1715 = ADVANCED_FACE ( 'NONE', ( #1436 ), #1716, .T. ) ;
#1716 = CYLINDRICAL_SURFACE ( 'NONE', #815, 8.000146585325584425 ) ;
#1717 = EDGE_LOOP ( 'NONE', ( #1145, #568, #1319, #1387 ) ) ;
#1718 = ORIENTED_EDGE ( 'NONE', *, *, #18, .T. ) ;
#1719 = CARTESIAN_POINT ( 'NONE',  ( 11.96847467923025476, 25.65749453082188580, 0.000000000000000000 ) ) ;
#1720 = CARTESIAN_POINT ( 'NONE',  ( -22.00000000000000000, -22.00000000000000000, 3.000000000000000000 ) ) ;
#1721 = AXIS2_PLACEMENT_3D ( 'NONE', #743, #999, #1572 ) ;
#1722 = CIRCLE ( 'NONE', #848, 6.999999521803541569 ) ;
#1723 = DIRECTION ( 'NONE',  ( 0.000000000000000000, 0.000000000000000000, 1.000000000000000000 ) ) ;
#1724 = CARTESIAN_POINT ( 'NONE',  ( -16.00000000000000000, -22.00000000000000000, 0.000000000000000000 ) ) ;
#1725 = EDGE_CURVE ( 'NONE', #626, #1011, #42, .T. ) ;
#1726 = VECTOR ( 'NONE', #1686, 1000.000000000000000 ) ;
#1727 = VERTEX_POINT ( 'NONE', #858 ) ;
#1728 = CARTESIAN_POINT ( 'NONE',  ( 13.99999249246774013, 10.00000319077210342, 0.000000000000000000 ) ) ;
#1729 = CARTESIAN_POINT ( 'NONE',  ( 11.43662097040328263, 7.507539322001979265, -0.000000000000000000 ) ) ;
#1730 = VECTOR ( 'NONE', #1706, 1000.000000000000000 ) ;
#1731 = ORIENTED_EDGE ( 'NONE', *, *, #1221, .T. ) ;
#1732 = DIRECTION ( 'NONE',  ( 1.000000000000000000, 0.000000000000000000, 0.000000000000000000 ) ) ;
#1733 = AXIS2_PLACEMENT_3D ( 'NONE', #572, #555, #272 ) ;
#1734 = ORIENTED_EDGE ( 'NONE', *, *, #1428, .T. ) ;
#1735 = PERSON_AND_ORGANIZATION ( #168, #1087 ) ;
#1736 = EDGE_CURVE ( 'NONE', #86, #1463, #1024, .T. ) ;
#1737 = EDGE_LOOP ( 'NONE', ( #1620, #637, #47, #1269 ) ) ;
#1738 = DIRECTION ( 'NONE',  ( -0.000000000000000000, -0.000000000000000000, -1.000000000000000000 ) ) ;
#1739 = DIRECTION ( 'NONE',  ( -0.000000000000000000, 1.000000000000000000, -0.000000000000000000 ) ) ;
#1740 = EDGE_CURVE ( 'NONE', #1590, #1754, #868, .T. ) ;
#1741 = AXIS2_PLACEMENT_3D ( 'NONE', #188, #1046, #728 ) ;
#1742 = ORIENTED_EDGE ( 'NONE', *, *, #1550, .F. ) ;
#1743 = DIRECTION ( 'NONE',  ( -0.000000000000000000, -0.000000000000000000, 1.000000000000000000 ) ) ;
#1744 = VERTEX_POINT ( 'NONE', #1418 ) ;
#1745 = APPROVAL_ROLE ( '' ) ;
#1746 = ORIENTED_EDGE ( 'NONE', *, *, #194, .T. ) ;
#1747 = FACE_OUTER_BOUND ( 'NONE', #751, .T. ) ;
#1748 = VECTOR ( 'NONE', #970, 1000.000000000000000 ) ;
#1749 = DIRECTION ( 'NONE',  ( -0.000000000000000000, -0.000000000000000000, -1.000000000000000000 ) ) ;
#1750 = EDGE_CURVE ( 'NONE', #1105, #924, #892, .T. ) ;
#1751 = B_SPLINE_CURVE_WITH_KNOTS ( 'NONE', 3,
 ( #1316, #870, #1161, #211, #1430, #88, #1711, #195, #1287, #1563, #621, #59, #632, #750, #320, #604, #1152, #1581 ),
 .UNSPECIFIED., .F., .F.,
 ( 4, 2, 2, 2, 2, 2, 2, 2, 4 ),
 ( 0.000000000000000000, 0.06250000000000000000, 0.1250000000000000000, 0.1875000000000000000, 0.2500000000000000000, 0.3125000000000000000, 0.3750000000000000000, 0.4375000000000000000, 0.5000000000000000000 ),
 .UNSPECIFIED. ) ;
#1752 = EDGE_LOOP ( 'NONE', ( #1009, #337, #1517, #829 ) ) ;
#1753 = CARTESIAN_POINT ( 'NONE',  ( -10.34999999999999964, -0.2189853885567159819, -0.000000000000000000 ) ) ;
#1754 = VERTEX_POINT ( 'NONE', #1455 ) ;
#1755 = ORIENTED_EDGE ( 'NONE', *, *, #139, .T. ) ;
#1756 = PLANE ( 'NONE',  #1741 ) ;
#1757 = LINE ( 'NONE', #770, #225 ) ;
#1758 = EDGE_LOOP ( 'NONE', ( #136, #117, #1097, #871 ) ) ;
#1759 = VECTOR ( 'NONE', #1365, 1000.000000000000000 ) ;
#1760 = CC_DESIGN_PERSON_AND_ORGANIZATION_ASSIGNMENT ( #1182, #1208, ( #1297 ) ) ;
#1761 = CARTESIAN_POINT ( 'NONE',  ( 11.00753932200223240, 9.063379029596973169, -0.000000000000000000 ) ) ;
#1762 = ORIENTED_EDGE ( 'NONE', *, *, #128, .T. ) ;
#1763 = CARTESIAN_POINT ( 'NONE',  ( 6.833279056150053599, 20.55913312094218171, -0.000000000000000000 ) ) ;
#1764 = CARTESIAN_POINT ( 'NONE',  ( 6.000000000000000000, -25.00000000000000000, 3.000000000000000000 ) ) ;
#1765 = ORIENTED_EDGE ( 'NONE', *, *, #767, .T. ) ;
#1766 = LINE ( 'NONE', #1088, #623 ) ;
#1767 = CARTESIAN_POINT ( 'NONE',  ( 5.700000000000000178, 6.200000000000000178, 0.000000000000000000 ) ) ;
#1768 = DATE_AND_TIME ( #490, #818 ) ;
#1769 = EDGE_CURVE ( 'NONE', #1508, #1169, #209, .T. ) ;
#1770 = ORIENTED_EDGE ( 'NONE', *, *, #1096, .F. ) ;
#1771 = CARTESIAN_POINT ( 'NONE',  ( 5.781546418010447219, 20.35006950796014280, 0.000000000000000000 ) ) ;
#1772 = CYLINDRICAL_SURFACE ( 'NONE', #992, 6.999999521803541569 ) ;
#1773 = VECTOR ( 'NONE', #1500, 1000.000000000000000 ) ;
#1774 = CARTESIAN_POINT ( 'NONE',  ( 11.43682575938736434, 9.492255889013433645, 0.000000000000000000 ) ) ;
#1775 = CARTESIAN_POINT ( 'NONE',  ( -16.00000000000000000, -25.00000000000000000, 0.000000000000000000 ) ) ;
#1776 = DIRECTION ( 'NONE',  ( -0.3051714165172573767, -0.9522974359625518970, -0.000000000000000000 ) ) ;
#1777 = ORIENTED_EDGE ( 'NONE', *, *, #629, .F. ) ;
#1778 = CARTESIAN_POINT ( 'NONE',  ( -16.00000000000000000, -25.00000000000000000, 3.000000000000000000 ) ) ;
#1779 = CC_DESIGN_PERSON_AND_ORGANIZATION_ASSIGNMENT ( #253, #901, ( #1364 ) ) ;
#1780 = DIRECTION ( 'NONE',  ( 0.000000000000000000, 1.000000000000000000, -0.000000000000000000 ) ) ;
#1781 = VECTOR ( 'NONE', #1613, 1000.000000000000000 ) ;
#1782 = EDGE_LOOP ( 'NONE', ( #1472, #772, #1045, #1549 ) ) ;
#1783 = CARTESIAN_POINT ( 'NONE',  ( 5.999994271500765919, 22.00000428096488392, 0.000000000000000000 ) ) ;
ENDSEC;
END-ISO-10303-21;
