ISO-10303-21;
HEADER;
FILE_DESCRIPTION (( 'STEP AP203' ),
    '1' );
FILE_NAME ('21_palec.step',
    '2026-10-01T20:22:22',
    ( '' ),
    ( '' ),
    'SwSTEP 2.0',
    'SolidWorks 2026',
    '' );
FILE_SCHEMA (( 'CONFIG_CONTROL_DESIGN' ));
ENDSEC;

DATA;
#1 = VERTEX_POINT ( 'NONE', #547 ) ;
#2 = AXIS2_PLACEMENT_3D ( 'NONE', #5099, #6902, #3583 ) ;
#3 = CARTESIAN_POINT ( 'NONE',  ( 0.2999999999999999889, 80.26761000000000479, 3.000000000000000000 ) ) ;
#4 = EDGE_LOOP ( 'NONE', ( #3570, #166, #6794, #4663 ) ) ;
#5 = ORIENTED_EDGE ( 'NONE', *, *, #3325, .F. ) ;
#6 = VERTEX_POINT ( 'NONE', #4540 ) ;
#7 = FACE_OUTER_BOUND ( 'NONE', #6419, .T. ) ;
#8 = AXIS2_PLACEMENT_3D ( 'NONE', #1410, #4236, #1988 ) ;
#9 = EDGE_CURVE ( 'NONE', #2496, #1559, #1131, .T. ) ;
#10 = VERTEX_POINT ( 'NONE', #4474 ) ;
#11 = CARTESIAN_POINT ( 'NONE',  ( 18.03018019526724203, 30.83717489312846283, 0.000000000000000000 ) ) ;
#12 = DIRECTION ( 'NONE',  ( -0.7619018687967836767, 0.6476924751176045270, -0.000000000000000000 ) ) ;
#13 = VECTOR ( 'NONE', #1518, 1000.000000000000000 ) ;
#14 = FACE_OUTER_BOUND ( 'NONE', #5028, .T. ) ;
#15 = DIRECTION ( 'NONE',  ( 0.2027477372156434587, 0.9792310018856308362, -0.000000000000000000 ) ) ;
#16 = EDGE_CURVE ( 'NONE', #3807, #3123, #452, .T. ) ;
#17 = ORIENTED_EDGE ( 'NONE', *, *, #2095, .F. ) ;
#18 = EDGE_CURVE ( 'NONE', #6109, #4354, #2222, .T. ) ;
#19 = VECTOR ( 'NONE', #4235, 1000.000000000000114 ) ;
#20 = EDGE_CURVE ( 'NONE', #2950, #1380, #3353, .T. ) ;
#21 = CARTESIAN_POINT ( 'NONE',  ( 11.47608145048375583, 41.52750088092108172, 3.000000000000000000 ) ) ;
#22 = DIRECTION ( 'NONE',  ( 0.1289829342355166553, 0.9916468134754411468, 0.000000000000000000 ) ) ;
#23 = CARTESIAN_POINT ( 'NONE',  ( 13.69005145048375383, 33.97336088092107786, 3.000000000000000000 ) ) ;
#24 = LINE ( 'NONE', #607, #5407 ) ;
#25 = DIRECTION ( 'NONE',  ( 0.1495651599361924877, 0.9887518712666293341, -0.000000000000000000 ) ) ;
#26 = LINE ( 'NONE', #4959, #6432 ) ;
#27 = VECTOR ( 'NONE', #6229, 1000.000000000000227 ) ;
#28 = VECTOR ( 'NONE', #518, 1000.000000000000000 ) ;
#29 = FACE_OUTER_BOUND ( 'NONE', #6256, .T. ) ;
#30 = ORIENTED_EDGE ( 'NONE', *, *, #4970, .T. ) ;
#31 = B_SPLINE_CURVE_WITH_KNOTS ( 'NONE', 3,
 ( #1746, #3951, #678, #6184, #5089, #98, #4538, #3989, #3453, #5669, #2901, #5797, #298, #3649, #5752, #3533, #1395, #2944 ),
 .UNSPECIFIED., .F., .F.,
 ( 4, 2, 2, 2, 2, 2, 2, 2, 4 ),
 ( 0.5000000000000000000, 0.5625000000000000000, 0.6250000000000000000, 0.6875000000000000000, 0.7500000000000000000, 0.8125000000000000000, 0.8750000000000000000, 0.9375000000000000000, 1.000000000000000000 ),
 .UNSPECIFIED. ) ;
#32 = EDGE_CURVE ( 'NONE', #4118, #319, #5504, .T. ) ;
#33 = DIRECTION ( 'NONE',  ( 0.2985473900664912805, -0.9543948113252116450, -0.000000000000000000 ) ) ;
#34 = ORIENTED_EDGE ( 'NONE', *, *, #149, .T. ) ;
#35 = DIRECTION ( 'NONE',  ( -0.3619853076023841210, 0.9321838000523327006, -0.000000000000000000 ) ) ;
#36 = CARTESIAN_POINT ( 'NONE',  ( 6.799999999999999822, 69.52917999999999665, 0.000000000000000000 ) ) ;
#37 = VECTOR ( 'NONE', #6271, 1000.000000000000000 ) ;
#38 = CARTESIAN_POINT ( 'NONE',  ( 16.67915999999999954, 68.84505000000000052, 3.000000000000000000 ) ) ;
#39 = VECTOR ( 'NONE', #1289, 1000.000000000000114 ) ;
#40 = VERTEX_POINT ( 'NONE', #576 ) ;
#41 = VECTOR ( 'NONE', #1262, 1000.000000000000000 ) ;
#42 = ORIENTED_EDGE ( 'NONE', *, *, #4734, .F. ) ;
#43 = DIRECTION ( 'NONE',  ( -0.3300863001509135031, 0.9439507584893828129, 0.000000000000000000 ) ) ;
#44 = ORIENTED_EDGE ( 'NONE', *, *, #323, .F. ) ;
#45 = ORIENTED_EDGE ( 'NONE', *, *, #1651, .T. ) ;
#46 = AXIS2_PLACEMENT_3D ( 'NONE', #2243, #633, #1710 ) ;
#47 = ORIENTED_EDGE ( 'NONE', *, *, #6539, .F. ) ;
#48 = DIRECTION ( 'NONE',  ( -0.7896007761563469396, 0.6136209043809494057, -0.000000000000000000 ) ) ;
#49 = ORIENTED_EDGE ( 'NONE', *, *, #3237, .F. ) ;
#50 = DIRECTION ( 'NONE',  ( -0.9420243608641736266, 0.3355444881657945744, -0.000000000000000000 ) ) ;
#51 = AXIS2_PLACEMENT_3D ( 'NONE', #1502, #6044, #4912 ) ;
#52 = LINE ( 'NONE', #5118, #530 ) ;
#53 = LINE ( 'NONE', #6736, #2511 ) ;
#54 = EDGE_CURVE ( 'NONE', #285, #7078, #5568, .T. ) ;
#55 = ORIENTED_EDGE ( 'NONE', *, *, #4764, .F. ) ;
#56 = CARTESIAN_POINT ( 'NONE',  ( 16.06050000000000111, 70.52648999999999546, 0.000000000000000000 ) ) ;
#57 = VECTOR ( 'NONE', #5317, 1000.000000000000000 ) ;
#58 = AXIS2_PLACEMENT_3D ( 'NONE', #3744, #6592, #3814 ) ;
#59 = VECTOR ( 'NONE', #7111, 1000.000000000000341 ) ;
#60 = CARTESIAN_POINT ( 'NONE',  ( 11.89142999999999972, 81.54774000000000456, 0.000000000000000000 ) ) ;
#61 = CARTESIAN_POINT ( 'NONE',  ( 14.18046339388087951, 55.29284718529580545, 0.000000000000000000 ) ) ;
#62 = DIRECTION ( 'NONE',  ( 0.3466242988673169378, -0.9380040487304630581, 0.000000000000000000 ) ) ;
#63 = EDGE_CURVE ( 'NONE', #6876, #4146, #3990, .T. ) ;
#64 = LINE ( 'NONE', #6297, #7162 ) ;
#65 = DIRECTION ( 'NONE',  ( -0.9443457502182641683, 0.3289545622798137336, 0.000000000000000000 ) ) ;
#66 = EDGE_CURVE ( 'NONE', #6469, #3807, #6154, .T. ) ;
#67 = CARTESIAN_POINT ( 'NONE',  ( 6.401110000000000078, 89.88324000000000069, 0.000000000000000000 ) ) ;
#68 = ORIENTED_EDGE ( 'NONE', *, *, #2756, .T. ) ;
#69 = LINE ( 'NONE', #648, #4690 ) ;
#70 = DIRECTION ( 'NONE',  ( -0.1495651599361924877, -0.9887518712666293341, 0.000000000000000000 ) ) ;
#71 = DIRECTION ( 'NONE',  ( 0.000000000000000000, 0.000000000000000000, 1.000000000000000000 ) ) ;
#72 = LINE ( 'NONE', #5609, #1911 ) ;
#73 = EDGE_CURVE ( 'NONE', #5791, #3837, #7202, .T. ) ;
#74 = ORIENTED_EDGE ( 'NONE', *, *, #6510, .T. ) ;
#75 = CARTESIAN_POINT ( 'NONE',  ( 9.427569999999999339, 61.41680999999999813, 3.000000000000000000 ) ) ;
#76 = EDGE_LOOP ( 'NONE', ( #682, #394, #3595, #1200 ) ) ;
#77 = EDGE_CURVE ( 'NONE', #6915, #2820, #6743, .T. ) ;
#78 = PLANE ( 'NONE',  #6548 ) ;
#79 = ORIENTED_EDGE ( 'NONE', *, *, #7165, .F. ) ;
#80 = ORIENTED_EDGE ( 'NONE', *, *, #5735, .F. ) ;
#81 = ORIENTED_EDGE ( 'NONE', *, *, #7210, .F. ) ;
#82 = ORIENTED_EDGE ( 'NONE', *, *, #3895, .F. ) ;
#83 = ORIENTED_EDGE ( 'NONE', *, *, #1280, .F. ) ;
#84 = LINE ( 'NONE', #1805, #1485 ) ;
#85 = ORIENTED_EDGE ( 'NONE', *, *, #1927, .F. ) ;
#86 = LINE ( 'NONE', #1737, #3638 ) ;
#87 = CARTESIAN_POINT ( 'NONE',  ( 18.13876000000000133, 63.89996000000000720, 3.000000000000000000 ) ) ;
#88 = CARTESIAN_POINT ( 'NONE',  ( 12.16361999999999988, 80.84214000000000055, 3.000000000000000000 ) ) ;
#89 = ORIENTED_EDGE ( 'NONE', *, *, #5106, .F. ) ;
#90 = VECTOR ( 'NONE', #1782, 1000.000000000000114 ) ;
#91 = ORIENTED_EDGE ( 'NONE', *, *, #2062, .T. ) ;
#92 = VECTOR ( 'NONE', #1331, 1000.000000000000000 ) ;
#93 = AXIS2_PLACEMENT_3D ( 'NONE', #4018, #6209, #2792 ) ;
#94 = LINE ( 'NONE', #5016, #2065 ) ;
#95 = LINE ( 'NONE', #4988, #5865 ) ;
#96 = CARTESIAN_POINT ( 'NONE',  ( 18.76534232759892262, 48.87102030372894035, 3.000000000000000000 ) ) ;
#97 = DIRECTION ( 'NONE',  ( -0.000000000000000000, -0.000000000000000000, -1.000000000000000000 ) ) ;
#98 = CARTESIAN_POINT ( 'NONE',  ( 11.84701101596355954, 52.95939480738157812, -0.000000000000000000 ) ) ;
#99 = EDGE_LOOP ( 'NONE', ( #260, #691, #4563, #3403 ) ) ;
#100 = ORIENTED_EDGE ( 'NONE', *, *, #1327, .T. ) ;
#101 = EDGE_LOOP ( 'NONE', ( #3586, #747, #1629, #4687 ) ) ;
#102 = LINE ( 'NONE', #5642, #2026 ) ;
#103 = CARTESIAN_POINT ( 'NONE',  ( 9.427569999999999339, 61.41680999999999813, 0.000000000000000000 ) ) ;
#104 = PLANE ( 'NONE',  #7047 ) ;
#105 = EDGE_CURVE ( 'NONE', #1461, #7152, #6185, .T. ) ;
#106 = FACE_OUTER_BOUND ( 'NONE', #3699, .T. ) ;
#107 = ORIENTED_EDGE ( 'NONE', *, *, #2666, .F. ) ;
#108 = EDGE_CURVE ( 'NONE', #3476, #5205, #5058, .T. ) ;
#109 = EDGE_CURVE ( 'NONE', #4763, #5198, #6643, .T. ) ;
#110 = DIRECTION ( 'NONE',  ( -0.3582564665734863651, 0.9336232131637903775, -0.000000000000000000 ) ) ;
#111 = ADVANCED_FACE ( 'NONE', ( #29 ), #6714, .T. ) ;
#112 = CARTESIAN_POINT ( 'NONE',  ( 17.95197999999999894, 64.72745999999999356, 3.000000000000000000 ) ) ;
#113 = EDGE_CURVE ( 'NONE', #6213, #5143, #3385, .T. ) ;
#114 = ORIENTED_EDGE ( 'NONE', *, *, #2295, .T. ) ;
#115 = DIRECTION ( 'NONE',  ( 0.7477395987620228945, 0.6639920876359967084, -0.000000000000000000 ) ) ;
#116 = LINE ( 'NONE', #5548, #4331 ) ;
#117 = ORIENTED_EDGE ( 'NONE', *, *, #6059, .T. ) ;
#118 = ORIENTED_EDGE ( 'NONE', *, *, #3665, .F. ) ;
#119 = VECTOR ( 'NONE', #5394, 1000.000000000000000 ) ;
#120 = ORIENTED_EDGE ( 'NONE', *, *, #474, .F. ) ;
#121 = VERTEX_POINT ( 'NONE', #2194 ) ;
#122 = EDGE_CURVE ( 'NONE', #2057, #1457, #2257, .T. ) ;
#123 = CARTESIAN_POINT ( 'NONE',  ( 17.84701101595943484, 30.95939480738502780, -0.000000000000000000 ) ) ;
#124 = AXIS2_PLACEMENT_3D ( 'NONE', #4817, #4256, #4743 ) ;
#125 = VECTOR ( 'NONE', #5454, 1000.000000000000000 ) ;
#126 = CARTESIAN_POINT ( 'NONE',  ( 10.52929145048375581, 44.87212088092108075, 3.000000000000000000 ) ) ;
#127 = CARTESIAN_POINT ( 'NONE',  ( 11.90103000000000044, 81.52304999999999779, 3.000000000000000000 ) ) ;
#128 = ORIENTED_EDGE ( 'NONE', *, *, #5923, .F. ) ;
#129 = ORIENTED_EDGE ( 'NONE', *, *, #3050, .F. ) ;
#130 = FACE_OUTER_BOUND ( 'NONE', #2189, .T. ) ;
#131 = DIRECTION ( 'NONE',  ( -0.000000000000000000, -0.000000000000000000, -1.000000000000000000 ) ) ;
#132 = VECTOR ( 'NONE', #487, 1000.000000000000000 ) ;
#133 = LINE ( 'NONE', #3948, #5732 ) ;
#134 = LINE ( 'NONE', #1270, #955 ) ;
#135 = DIRECTION ( 'NONE',  ( 0.000000000000000000, 0.000000000000000000, -1.000000000000000000 ) ) ;
#136 = LINE ( 'NONE', #6742, #2610 ) ;
#137 = CARTESIAN_POINT ( 'NONE',  ( 18.36489232759891976, 50.37956030372893679, 3.000000000000000000 ) ) ;
#138 = ORIENTED_EDGE ( 'NONE', *, *, #4017, .T. ) ;
#139 = VECTOR ( 'NONE', #2961, 1000.000000000000000 ) ;
#140 = ORIENTED_EDGE ( 'NONE', *, *, #361, .F. ) ;
#141 = CARTESIAN_POINT ( 'NONE',  ( 17.95197999999999894, 64.72745999999999356, 0.000000000000000000 ) ) ;
#142 = LINE ( 'NONE', #4035, #626 ) ;
#143 = DIRECTION ( 'NONE',  ( 0.9611040843960758639, 0.2761864206603588112, -0.000000000000000000 ) ) ;
#144 = PLANE ( 'NONE',  #1653 ) ;
#145 = VECTOR ( 'NONE', #6156, 1000.000000000000114 ) ;
#146 = AXIS2_PLACEMENT_3D ( 'NONE', #2354, #5563, #3891 ) ;
#147 = DIRECTION ( 'NONE',  ( -0.3730531285935371200, -0.9278099822951755282, 0.000000000000000000 ) ) ;
#148 = ORIENTED_EDGE ( 'NONE', *, *, #1860, .T. ) ;
#149 = EDGE_CURVE ( 'NONE', #1835, #1734, #3321, .T. ) ;
#150 = ORIENTED_EDGE ( 'NONE', *, *, #4631, .F. ) ;
#151 = VECTOR ( 'NONE', #1895, 1000.000000000000000 ) ;
#152 = CARTESIAN_POINT ( 'NONE',  ( 11.08099999999999952, 83.56645000000000323, 3.000000000000000000 ) ) ;
#153 = CIRCLE ( 'NONE', #5405, 1.649999999999998579 ) ;
#154 = AXIS2_PLACEMENT_3D ( 'NONE', #4778, #4257, #1394 ) ;
#155 = CARTESIAN_POINT ( 'NONE',  ( 18.33457999999999899, 62.76655000000000229, 3.000000000000000000 ) ) ;
#156 = VERTEX_POINT ( 'NONE', #6678 ) ;
#157 = CARTESIAN_POINT ( 'NONE',  ( 19.65449232759892340, 45.66411030372893975, 0.000000000000000000 ) ) ;
#158 = EDGE_CURVE ( 'NONE', #3633, #1574, #1687, .T. ) ;
#159 = CARTESIAN_POINT ( 'NONE',  ( 8.596059999999999590, 59.28164000000000300, 3.000000000000000000 ) ) ;
#160 = ORIENTED_EDGE ( 'NONE', *, *, #5158, .T. ) ;
#161 = AXIS2_PLACEMENT_3D ( 'NONE', #289, #2509, #4736 ) ;
#162 = EDGE_CURVE ( 'NONE', #2330, #2223, #3025, .T. ) ;
#163 = ORIENTED_EDGE ( 'NONE', *, *, #5993, .F. ) ;
#164 = EDGE_CURVE ( 'NONE', #1144, #3941, #3577, .T. ) ;
#165 = ORIENTED_EDGE ( 'NONE', *, *, #6628, .F. ) ;
#166 = ORIENTED_EDGE ( 'NONE', *, *, #4463, .F. ) ;
#167 = ORIENTED_EDGE ( 'NONE', *, *, #2540, .T. ) ;
#168 = CARTESIAN_POINT ( 'NONE',  ( 6.401110000000000078, 89.88324000000000069, 3.000000000000000000 ) ) ;
#169 = EDGE_CURVE ( 'NONE', #948, #4137, #680, .T. ) ;
#170 = LINE ( 'NONE', #6735, #4836 ) ;
#171 = DIRECTION ( 'NONE',  ( -0.8936411459120938705, -0.4487822437807892362, 0.000000000000000000 ) ) ;
#172 = AXIS2_PLACEMENT_3D ( 'NONE', #3376, #2894, #1187 ) ;
#173 = ORIENTED_EDGE ( 'NONE', *, *, #5910, .F. ) ;
#174 = ORIENTED_EDGE ( 'NONE', *, *, #3149, .T. ) ;
#175 = EDGE_CURVE ( 'NONE', #4630, #6517, #5130, .T. ) ;
#176 = VECTOR ( 'NONE', #4364, 1000.000000000000000 ) ;
#177 = CARTESIAN_POINT ( 'NONE',  ( 6.568950000000000067, 89.79461000000000581, 3.000000000000000000 ) ) ;
#178 = CARTESIAN_POINT ( 'NONE',  ( 9.139319999999999666, 87.42681000000000324, 3.000000000000000000 ) ) ;
#179 = DIRECTION ( 'NONE',  ( -0.000000000000000000, -0.000000000000000000, -1.000000000000000000 ) ) ;
#180 = EDGE_CURVE ( 'NONE', #930, #5860, #4746, .T. ) ;
#181 = DIRECTION ( 'NONE',  ( -0.2827961678469845253, 0.9591800286969387468, -0.000000000000000000 ) ) ;
#182 = FACE_OUTER_BOUND ( 'NONE', #2268, .T. ) ;
#183 = CARTESIAN_POINT ( 'NONE',  ( 12.87826145048375537, 36.72531088092107865, 3.000000000000000000 ) ) ;
#184 = ORIENTED_EDGE ( 'NONE', *, *, #1558, .F. ) ;
#185 = AXIS2_PLACEMENT_3D ( 'NONE', #4025, #2940, #638 ) ;
#186 = VECTOR ( 'NONE', #2089, 1000.000000000000114 ) ;
#187 = VERTEX_POINT ( 'NONE', #5176 ) ;
#188 = ORIENTED_EDGE ( 'NONE', *, *, #5385, .T. ) ;
#189 = FACE_OUTER_BOUND ( 'NONE', #6648, .T. ) ;
#190 = CARTESIAN_POINT ( 'NONE',  ( 0.2999999999999999889, 82.76761000000000479, 0.000000000000000000 ) ) ;
#191 = DIRECTION ( 'NONE',  ( 0.9596635479571025140, 0.2811509820761541878, -0.000000000000000000 ) ) ;
#192 = CARTESIAN_POINT ( 'NONE',  ( 11.95535145048375547, 39.87205088092107985, 0.000000000000000000 ) ) ;
#193 = LINE ( 'NONE', #6390, #4588 ) ;
#194 = VERTEX_POINT ( 'NONE', #4585 ) ;
#195 = CARTESIAN_POINT ( 'NONE',  ( 1.399999999999999911, 86.52886999999999773, 3.000000000000000000 ) ) ;
#196 = CARTESIAN_POINT ( 'NONE',  ( 22.32593232759892388, 36.50744030372894144, 0.000000000000000000 ) ) ;
#197 = DIRECTION ( 'NONE',  ( 0.3817213639829324379, 0.9242774476741330014, -0.000000000000000000 ) ) ;
#198 = ORIENTED_EDGE ( 'NONE', *, *, #4269, .F. ) ;
#199 = CARTESIAN_POINT ( 'NONE',  ( 18.29338999999999871, 59.81893000000000171, 3.000000000000000000 ) ) ;
#200 = EDGE_CURVE ( 'NONE', #1924, #5621, #3535, .T. ) ;
#201 = DIRECTION ( 'NONE',  ( -0.000000000000000000, -0.000000000000000000, -1.000000000000000000 ) ) ;
#202 = ORIENTED_EDGE ( 'NONE', *, *, #1998, .F. ) ;
#203 = EDGE_LOOP ( 'NONE', ( #3221, #2583, #1174, #5833 ) ) ;
#204 = ORIENTED_EDGE ( 'NONE', *, *, #6631, .T. ) ;
#205 = ORIENTED_EDGE ( 'NONE', *, *, #3977, .T. ) ;
#206 = DIRECTION ( 'NONE',  ( -0.3439484305270015252, 0.9389885394071710856, -0.000000000000000000 ) ) ;
#207 = EDGE_CURVE ( 'NONE', #6058, #2425, #5798, .T. ) ;
#208 = LINE ( 'NONE', #1967, #5991 ) ;
#209 = ORIENTED_EDGE ( 'NONE', *, *, #2657, .T. ) ;
#210 = ORIENTED_EDGE ( 'NONE', *, *, #1281, .F. ) ;
#211 = ORIENTED_EDGE ( 'NONE', *, *, #4757, .T. ) ;
#212 = PLANE ( 'NONE',  #4148 ) ;
#213 = ADVANCED_FACE ( 'NONE', ( #5753 ), #2404, .F. ) ;
#214 = VERTEX_POINT ( 'NONE', #5289 ) ;
#216 = EDGE_CURVE ( 'NONE', #6024, #2330, #6858, .T. ) ;
#215 = FACE_OUTER_BOUND ( 'NONE', #3181, .T. ) ;
#217 = LINE ( 'NONE', #252, #1556 ) ;
#218 = EDGE_CURVE ( 'NONE', #4925, #6362, #1979, .T. ) ;
#219 = CARTESIAN_POINT ( 'NONE',  ( 10.99760145048375470, 43.20276088092107614, 0.000000000000000000 ) ) ;
#220 = CARTESIAN_POINT ( 'NONE',  ( 6.799999999999999822, 63.77887000000000484, 3.000000000000000000 ) ) ;
#221 = CARTESIAN_POINT ( 'NONE',  ( 16.95397000000000176, 68.05916000000000565, 3.000000000000000000 ) ) ;
#222 = EDGE_LOOP ( 'NONE', ( #4174, #760, #4575, #7196 ) ) ;
#223 = ORIENTED_EDGE ( 'NONE', *, *, #1896, .F. ) ;
#224 = ADVANCED_FACE ( 'NONE', ( #2480 ), #720, .F. ) ;
#225 = CARTESIAN_POINT ( 'NONE',  ( 13.69005145048375383, 33.97336088092107786, 3.000000000000000000 ) ) ;
#226 = CARTESIAN_POINT ( 'NONE',  ( 8.952289999999999637, 87.68605999999999767, 3.000000000000000000 ) ) ;
#227 = DIRECTION ( 'NONE',  ( 0.9399715893512261555, 0.3412527087255571856, -0.000000000000000000 ) ) ;
#228 = CARTESIAN_POINT ( 'NONE',  ( 12.70767000000000024, 79.40269999999999584, 3.000000000000000000 ) ) ;
#229 = LINE ( 'NONE', #5140, #5997 ) ;
#230 = EDGE_LOOP ( 'NONE', ( #788, #1840, #3087, #5059 ) ) ;
#231 = VERTEX_POINT ( 'NONE', #1237 ) ;
#232 = DIRECTION ( 'NONE',  ( 0.6639920876359967084, -0.7477395987620227835, -0.000000000000000000 ) ) ;
#233 = EDGE_LOOP ( 'NONE', ( #5672, #3492, #5355, #2715 ) ) ;
#234 = PLANE ( 'NONE',  #4171 ) ;
#235 = DIRECTION ( 'NONE',  ( 0.1083772457572821368, -0.9941098393045235682, -0.000000000000000000 ) ) ;
#236 = ORIENTED_EDGE ( 'NONE', *, *, #2214, .F. ) ;
#237 = CARTESIAN_POINT ( 'NONE',  ( 13.77060999999999957, 76.52236000000000615, 3.000000000000000000 ) ) ;
#238 = LINE ( 'NONE', #4683, #1880 ) ;
#239 = ORIENTED_EDGE ( 'NONE', *, *, #3740, .F. ) ;
#240 = ORIENTED_EDGE ( 'NONE', *, *, #6368, .F. ) ;
#241 = VERTEX_POINT ( 'NONE', #5671 ) ;
#242 = DIRECTION ( 'NONE',  ( 0.9496869740953640671, -0.3132006565024907374, 0.000000000000000000 ) ) ;
#243 = ORIENTED_EDGE ( 'NONE', *, *, #1071, .T. ) ;
#244 = LINE ( 'NONE', #3674, #7027 ) ;
#245 = CARTESIAN_POINT ( 'NONE',  ( 9.262261450483755709, 49.65821088092107516, 0.000000000000000000 ) ) ;
#246 = ORIENTED_EDGE ( 'NONE', *, *, #522, .T. ) ;
#247 = ORIENTED_EDGE ( 'NONE', *, *, #3365, .F. ) ;
#248 = ADVANCED_FACE ( 'NONE', ( #2902 ), #1940, .F. ) ;
#249 = ORIENTED_EDGE ( 'NONE', *, *, #1510, .T. ) ;
#250 = VECTOR ( 'NONE', #784, 1000.000000000000341 ) ;
#251 = FACE_OUTER_BOUND ( 'NONE', #4645, .T. ) ;
#252 = CARTESIAN_POINT ( 'NONE',  ( 8.073380000000000223, 88.68542999999999665, 0.000000000000000000 ) ) ;
#253 = DIRECTION ( 'NONE',  ( -0.6134809334850161999, 0.7897095315686351036, -0.000000000000000000 ) ) ;
#254 = CARTESIAN_POINT ( 'NONE',  ( 15.74558999999999997, 71.35272999999999399, 3.000000000000000000 ) ) ;
#255 =( LENGTH_UNIT ( ) NAMED_UNIT ( * ) SI_UNIT ( .MILLI., .METRE. ) );
#256 = FACE_OUTER_BOUND ( 'NONE', #1132, .T. ) ;
#257 = EDGE_CURVE ( 'NONE', #5650, #5463, #4145, .T. ) ;
#258 = CARTESIAN_POINT ( 'NONE',  ( 18.36489232759891976, 50.37956030372893679, 0.000000000000000000 ) ) ;
#259 = ORIENTED_EDGE ( 'NONE', *, *, #1231, .F. ) ;
#260 = ORIENTED_EDGE ( 'NONE', *, *, #6550, .T. ) ;
#261 = EDGE_CURVE ( 'NONE', #4137, #4294, #5248, .T. ) ;
#262 = ORIENTED_EDGE ( 'NONE', *, *, #928, .F. ) ;
#263 = CARTESIAN_POINT ( 'NONE',  ( 0.2999999999999999889, 72.76761000000000479, 0.000000000000000000 ) ) ;
#264 = DIRECTION ( 'NONE',  ( -0.3357784481669989773, 0.9419409927095019341, -0.000000000000000000 ) ) ;
#265 = VECTOR ( 'NONE', #893, 1000.000000000000114 ) ;
#266 = DIRECTION ( 'NONE',  ( 0.3289393991955830709, 0.9443510320092041166, 0.000000000000000000 ) ) ;
#267 = DIRECTION ( 'NONE',  ( 0.1083772457572821368, -0.9941098393045235682, -0.000000000000000000 ) ) ;
#268 = DIRECTION ( 'NONE',  ( 0.3160179304256822697, -0.9487532174646199357, 0.000000000000000000 ) ) ;
#269 = DIRECTION ( 'NONE',  ( -0.2171757114640949227, 0.9761325270423397704, -0.000000000000000000 ) ) ;
#270 = PLANE ( 'NONE',  #3673 ) ;
#271 = VECTOR ( 'NONE', #4232, 1000.000000000000227 ) ;
#272 = EDGE_CURVE ( 'NONE', #6771, #771, #1274, .T. ) ;
#273 = ORIENTED_EDGE ( 'NONE', *, *, #3416, .T. ) ;
#274 = ORIENTED_EDGE ( 'NONE', *, *, #3965, .T. ) ;
#275 = CARTESIAN_POINT ( 'NONE',  ( 18.13876000000000133, 63.89996000000000720, 3.000000000000000000 ) ) ;
#276 = CARTESIAN_POINT ( 'NONE',  ( 8.304759999999999920, 57.94451000000000107, 0.000000000000000000 ) ) ;
#277 = VECTOR ( 'NONE', #4120, 1000.000000000000000 ) ;
#278 = CARTESIAN_POINT ( 'NONE',  ( 10.81339000000000006, 84.19744000000000028, 0.000000000000000000 ) ) ;
#279 = ORIENTED_EDGE ( 'NONE', *, *, #2326, .T. ) ;
#280 = LINE ( 'NONE', #5776, #250 ) ;
#281 = ORIENTED_EDGE ( 'NONE', *, *, #750, .F. ) ;
#282 = AXIS2_PLACEMENT_3D ( 'NONE', #225, #2905, #1981 ) ;
#283 = VECTOR ( 'NONE', #7166, 1000.000000000000000 ) ;
#284 = ORIENTED_EDGE ( 'NONE', *, *, #3105, .F. ) ;
#285 = VERTEX_POINT ( 'NONE', #6342 ) ;
#286 = PLANE ( 'NONE',  #3688 ) ;
#287 = DIRECTION ( 'NONE',  ( -0.3626623328495923171, 0.9319206148230071429, 0.000000000000000000 ) ) ;
#288 = AXIS2_PLACEMENT_3D ( 'NONE', #2765, #3002, #4008 ) ;
#289 = CARTESIAN_POINT ( 'NONE',  ( 9.219260000000000232, 62.54903000000000191, 3.000000000000000000 ) ) ;
#290 = VERTEX_POINT ( 'NONE', #4107 ) ;
#291 = EDGE_LOOP ( 'NONE', ( #2505, #5032, #3044, #1557 ) ) ;
#292 = VERTEX_POINT ( 'NONE', #258 ) ;
#293 = DIRECTION ( 'NONE',  ( -0.2780806769799514799, 0.9605577218940940520, -0.000000000000000000 ) ) ;
#294 = DIRECTION ( 'NONE',  ( 0.2498119453138262780, 0.9682943725843510263, -0.000000000000000000 ) ) ;
#295 = LINE ( 'NONE', #5974, #5373 ) ;
#296 = VECTOR ( 'NONE', #4054, 1000.000000000000227 ) ;
#297 = DIRECTION ( 'NONE',  ( 0.3606293342749523068, -0.9327092168840215303, 0.000000000000000000 ) ) ;
#299 = EDGE_CURVE ( 'NONE', #6758, #540, #4705, .T. ) ;
#298 = CARTESIAN_POINT ( 'NONE',  ( 13.87506718529855476, 52.95949660612185994, 0.000000000000000000 ) ) ;
#300 = CARTESIAN_POINT ( 'NONE',  ( 11.61999999999999922, 82.23909000000000447, 3.000000000000000000 ) ) ;
#301 = DIRECTION ( 'NONE',  ( 0.5016616038346334294, -0.8650639486408291390, 0.000000000000000000 ) ) ;
#302 = ORIENTED_EDGE ( 'NONE', *, *, #4303, .T. ) ;
#303 = VECTOR ( 'NONE', #2947, 1000.000000000000000 ) ;
#304 = PLANE ( 'NONE',  #282 ) ;
#305 = DIRECTION ( 'NONE',  ( -0.000000000000000000, -0.000000000000000000, -1.000000000000000000 ) ) ;
#306 = LINE ( 'NONE', #4671, #4237 ) ;
#307 = ADVANCED_FACE ( 'NONE', ( #3615 ), #4260, .F. ) ;
#308 = DIRECTION ( 'NONE',  ( 0.2830560816765381182, -0.9591033597198609373, -0.000000000000000000 ) ) ;
#309 = CARTESIAN_POINT ( 'NONE',  ( 12.86109110324589366, 54.27887061591118822, 3.000000000000000000 ) ) ;
#310 = VECTOR ( 'NONE', #1775, 1000.000000000000000 ) ;
#311 = VECTOR ( 'NONE', #5561, 1000.000000000000227 ) ;
#312 = EDGE_LOOP ( 'NONE', ( #2623, #6831, #3392, #5121 ) ) ;
#313 = ORIENTED_EDGE ( 'NONE', *, *, #6053, .T. ) ;
#314 = PLANE ( 'NONE',  #2482 ) ;
#315 = CARTESIAN_POINT ( 'NONE',  ( 7.886489999999999334, 88.85902000000000100, 0.000000000000000000 ) ) ;
#316 = VECTOR ( 'NONE', #4043, 1000.000000000000114 ) ;
#317 = EDGE_CURVE ( 'NONE', #2203, #2067, #947, .T. ) ;
#318 = PLANE ( 'NONE',  #2274 ) ;
#319 = VERTEX_POINT ( 'NONE', #4820 ) ;
#320 = DIRECTION ( 'NONE',  ( 0.3553245445531419411, -0.9347429957149195889, 0.000000000000000000 ) ) ;
#321 = ORIENTED_EDGE ( 'NONE', *, *, #6161, .F. ) ;
#322 = LINE ( 'NONE', #3118, #1623 ) ;
#323 = EDGE_CURVE ( 'NONE', #1835, #918, #3235, .T. ) ;
#324 = FACE_OUTER_BOUND ( 'NONE', #3364, .T. ) ;
#325 = CARTESIAN_POINT ( 'NONE',  ( 8.187659999999999272, 56.60114999999999696, 0.000000000000000000 ) ) ;
#326 = VECTOR ( 'NONE', #427, 1000.000000000000114 ) ;
#327 = ORIENTED_EDGE ( 'NONE', *, *, #7172, .T. ) ;
#328 = ORIENTED_EDGE ( 'NONE', *, *, #1517, .F. ) ;
#329 = CARTESIAN_POINT ( 'NONE',  ( 18.20943000000000112, 59.41342000000000212, 3.000000000000000000 ) ) ;
#330 = VERTEX_POINT ( 'NONE', #6526 ) ;
#331 = DIRECTION ( 'NONE',  ( -0.04253410548969474569, -0.9990950154365657587, 0.000000000000000000 ) ) ;
#332 = LINE ( 'NONE', #2554, #2352 ) ;
#333 = CARTESIAN_POINT ( 'NONE',  ( 6.568950000000000067, 89.79461000000000581, 3.000000000000000000 ) ) ;
#334 = DIRECTION ( 'NONE',  ( -0.000000000000000000, -0.000000000000000000, -1.000000000000000000 ) ) ;
#335 = DIRECTION ( 'NONE',  ( -0.6639920876360008162, 0.7477395987620191198, 0.000000000000000000 ) ) ;
#336 = DIRECTION ( 'NONE',  ( 0.9844406756510513112, 0.1757172618831222000, -0.000000000000000000 ) ) ;
#337 = ORIENTED_EDGE ( 'NONE', *, *, #975, .T. ) ;
#338 = EDGE_LOOP ( 'NONE', ( #2510, #4275, #1078, #4138 ) ) ;
#339 = CARTESIAN_POINT ( 'NONE',  ( 0.2999999999999999889, 72.79013000000000488, 3.000000000000000000 ) ) ;
#340 = DIRECTION ( 'NONE',  ( 0.01169510654849728257, -0.9999316099028069393, -0.000000000000000000 ) ) ;
#341 = CARTESIAN_POINT ( 'NONE',  ( 18.40963999999999956, 60.75124999999999886, 3.000000000000000000 ) ) ;
#342 = DIRECTION ( 'NONE',  ( -0.5016616038346334294, 0.8650639486408292500, -0.000000000000000000 ) ) ;
#343 = LINE ( 'NONE', #6389, #962 ) ;
#344 = ORIENTED_EDGE ( 'NONE', *, *, #643, .F. ) ;
#345 = EDGE_CURVE ( 'NONE', #1495, #2134, #3205, .T. ) ;
#346 = VECTOR ( 'NONE', #1359, 1000.000000000000000 ) ;
#347 = CARTESIAN_POINT ( 'NONE',  ( 8.304759999999999920, 57.94451000000000107, 3.000000000000000000 ) ) ;
#348 = VECTOR ( 'NONE', #5769, 1000.000000000000000 ) ;
#349 = DIRECTION ( 'NONE',  ( -0.000000000000000000, -1.000000000000000000, -0.000000000000000000 ) ) ;
#350 = VECTOR ( 'NONE', #630, 1000.000000000000000 ) ;
#351 = ORIENTED_EDGE ( 'NONE', *, *, #3601, .F. ) ;
#352 = CARTESIAN_POINT ( 'NONE',  ( 6.902720000000000411, 89.59960999999999842, 0.000000000000000000 ) ) ;
#353 = EDGE_LOOP ( 'NONE', ( #4665, #515, #5814, #7033 ) ) ;
#354 = EDGE_CURVE ( 'NONE', #4890, #4763, #7069, .T. ) ;
#355 = VERTEX_POINT ( 'NONE', #7056 ) ;
#356 = EDGE_CURVE ( 'NONE', #3804, #5197, #3166, .T. ) ;
#357 = EDGE_CURVE ( 'NONE', #900, #6922, #4781, .T. ) ;
#358 = DIRECTION ( 'NONE',  ( -0.2027477372156434032, -0.9792310018856308362, 0.000000000000000000 ) ) ;
#359 = CARTESIAN_POINT ( 'NONE',  ( 8.756370000000000431, 87.93825999999999965, 3.000000000000000000 ) ) ;
#360 = FACE_OUTER_BOUND ( 'NONE', #453, .T. ) ;
#361 = EDGE_CURVE ( 'NONE', #5702, #3345, #5872, .T. ) ;
#362 = ORIENTED_EDGE ( 'NONE', *, *, #876, .T. ) ;
#363 = DIRECTION ( 'NONE',  ( 0.7477395987620191198, -0.6639920876360008162, 0.000000000000000000 ) ) ;
#364 = VERTEX_POINT ( 'NONE', #7015 ) ;
#365 = CARTESIAN_POINT ( 'NONE',  ( 9.080659999999999954, 60.62163000000000324, 3.000000000000000000 ) ) ;
#366 = CARTESIAN_POINT ( 'NONE',  ( 20.12335232759891923, 44.02245030372893808, 3.000000000000000000 ) ) ;
#367 = CARTESIAN_POINT ( 'NONE',  ( 9.070800000000000196, 63.12331999999999965, 3.000000000000000000 ) ) ;
#368 = DIRECTION ( 'NONE',  ( -0.2830600369807589334, 0.9591021923989390130, -0.000000000000000000 ) ) ;
#369 = DIRECTION ( 'NONE',  ( -0.000000000000000000, -0.000000000000000000, -1.000000000000000000 ) ) ;
#370 = CARTESIAN_POINT ( 'NONE',  ( 5.129159999999999719, 90.38315000000000055, 3.000000000000000000 ) ) ;
#371 = EDGE_LOOP ( 'NONE', ( #1594, #4528, #163, #3691 ) ) ;
#372 = VECTOR ( 'NONE', #6836, 1000.000000000000000 ) ;
#373 = LINE ( 'NONE', #3169, #4254 ) ;
#374 = CARTESIAN_POINT ( 'NONE',  ( 10.99760145048375470, 43.20276088092107614, 0.000000000000000000 ) ) ;
#375 = PLANE ( 'NONE',  #7058 ) ;
#376 = AXIS2_PLACEMENT_3D ( 'NONE', #4434, #3922, #2702 ) ;
#377 = CARTESIAN_POINT ( 'NONE',  ( 0.2999999999999999889, 87.76761000000000479, 0.000000000000000000 ) ) ;
#378 = VERTEX_POINT ( 'NONE', #405 ) ;
#379 = CARTESIAN_POINT ( 'NONE',  ( 5.649799999999999933, 90.21210999999999558, 3.000000000000000000 ) ) ;
#380 = CARTESIAN_POINT ( 'NONE',  ( 5.129159999999999719, 90.38315000000000055, 0.000000000000000000 ) ) ;
#381 = AXIS2_PLACEMENT_3D ( 'NONE', #4268, #956, #5337 ) ;
#382 = DIRECTION ( 'NONE',  ( -0.5558708404050709539, 0.8312686742488015756, -0.000000000000000000 ) ) ;
#383 = EDGE_CURVE ( 'NONE', #6653, #5485, #2560, .T. ) ;
#384 = EDGE_LOOP ( 'NONE', ( #4889, #2948, #3808, #538 ) ) ;
#385 = EDGE_LOOP ( 'NONE', ( #828, #424, #1382, #3167 ) ) ;
#386 = VERTEX_POINT ( 'NONE', #5977 ) ;
#387 = VECTOR ( 'NONE', #1000, 1000.000000000000000 ) ;
#388 = LINE ( 'NONE', #3634, #3095 ) ;
#389 = ORIENTED_EDGE ( 'NONE', *, *, #2143, .T. ) ;
#390 = EDGE_CURVE ( 'NONE', #6281, #1065, #5433, .T. ) ;
#391 = EDGE_CURVE ( 'NONE', #4136, #521, #1025, .T. ) ;
#392 = AXIS2_PLACEMENT_3D ( 'NONE', #1157, #3380, #5125 ) ;
#393 = ORIENTED_EDGE ( 'NONE', *, *, #2299, .F. ) ;
#394 = ORIENTED_EDGE ( 'NONE', *, *, #725, .F. ) ;
#395 = PLANE ( 'NONE',  #6023 ) ;
#396 = ORIENTED_EDGE ( 'NONE', *, *, #2494, .F. ) ;
#397 = CARTESIAN_POINT ( 'NONE',  ( 10.54606000000000066, 84.80473000000000638, 0.000000000000000000 ) ) ;
#398 = VECTOR ( 'NONE', #5182, 1000.000000000000000 ) ;
#399 = VECTOR ( 'NONE', #6936, 1000.000000000000114 ) ;
#400 = DIRECTION ( 'NONE',  ( -0.000000000000000000, -1.000000000000000000, -0.000000000000000000 ) ) ;
#401 = ADVANCED_FACE ( 'NONE', ( #6014 ), #4888, .F. ) ;
#402 = DIRECTION ( 'NONE',  ( 0.2793859668271826413, -0.9601788799697900112, -0.000000000000000000 ) ) ;
#403 = LINE ( 'NONE', #7053, #119 ) ;
#404 = DIRECTION ( 'NONE',  ( -0.000000000000000000, -0.000000000000000000, -1.000000000000000000 ) ) ;
#405 = CARTESIAN_POINT ( 'NONE',  ( 8.696220000000000283, 59.60871000000000208, 0.000000000000000000 ) ) ;
#406 = ORIENTED_EDGE ( 'NONE', *, *, #2883, .F. ) ;
#407 = VECTOR ( 'NONE', #5804, 1000.000000000000000 ) ;
#408 = FACE_OUTER_BOUND ( 'NONE', #6994, .T. ) ;
#409 = CARTESIAN_POINT ( 'NONE',  ( 10.99760145048375470, 43.20276088092107614, 3.000000000000000000 ) ) ;
#410 = EDGE_CURVE ( 'NONE', #6362, #3448, #6562, .T. ) ;
#411 = DIRECTION ( 'NONE',  ( -0.9591021923989390130, -0.2830600369807588779, 0.000000000000000000 ) ) ;
#412 = CARTESIAN_POINT ( 'NONE',  ( 15.74558999999999997, 71.35272999999999399, 3.000000000000000000 ) ) ;
#413 = ORIENTED_EDGE ( 'NONE', *, *, #5042, .T. ) ;
#414 = VECTOR ( 'NONE', #6769, 1000.000000000000114 ) ;
#415 = DIRECTION ( 'NONE',  ( -0.2636206232483409018, 0.9646264390934742305, -0.000000000000000000 ) ) ;
#416 = CARTESIAN_POINT ( 'NONE',  ( 15.42811999999999983, 72.17426000000000386, 3.000000000000000000 ) ) ;
#417 = AXIS2_PLACEMENT_3D ( 'NONE', #3232, #5528, #5457 ) ;
#418 = LINE ( 'NONE', #3801, #3395 ) ;
#419 = ORIENTED_EDGE ( 'NONE', *, *, #3818, .F. ) ;
#420 = ORIENTED_EDGE ( 'NONE', *, *, #3929, .F. ) ;
#421 = VECTOR ( 'NONE', #3346, 1000.000000000000227 ) ;
#422 = CYLINDRICAL_SURFACE ( 'NONE', #2394, 5.000003579956787014 ) ;
#423 = ADVANCED_FACE ( 'NONE', ( #4220 ), #4914, .F. ) ;
#424 = ORIENTED_EDGE ( 'NONE', *, *, #6140, .F. ) ;
#425 = VERTEX_POINT ( 'NONE', #3690 ) ;
#426 = VERTEX_POINT ( 'NONE', #5912 ) ;
#427 = DIRECTION ( 'NONE',  ( -0.2337603362738597812, 0.9722942482526223396, -0.000000000000000000 ) ) ;
#428 = EDGE_CURVE ( 'NONE', #2736, #5583, #5890, .T. ) ;
#429 = ORIENTED_EDGE ( 'NONE', *, *, #5862, .F. ) ;
#430 = DIRECTION ( 'NONE',  ( -0.000000000000000000, -0.000000000000000000, -1.000000000000000000 ) ) ;
#431 = DIRECTION ( 'NONE',  ( 0.9198509206542632155, 0.3922681273969433891, 0.000000000000000000 ) ) ;
#432 = FACE_OUTER_BOUND ( 'NONE', #101, .T. ) ;
#433 = VECTOR ( 'NONE', #673, 1000.000000000000000 ) ;
#434 = CARTESIAN_POINT ( 'NONE',  ( 8.940851450483753737, 51.00050088092108069, 0.000000000000000000 ) ) ;
#435 = FACE_OUTER_BOUND ( 'NONE', #5967, .T. ) ;
#436 = CARTESIAN_POINT ( 'NONE',  ( 8.073380000000000223, 88.68542999999999665, 3.000000000000000000 ) ) ;
#437 = DIRECTION ( 'NONE',  ( -0.3948245942539114206, -0.9187565182202704905, -0.000000000000000000 ) ) ;
#438 = ORIENTED_EDGE ( 'NONE', *, *, #4715, .F. ) ;
#439 = EDGE_CURVE ( 'NONE', #1453, #2017, #2695, .T. ) ;
#440 = LINE ( 'NONE', #2672, #2066 ) ;
#441 = ADVANCED_FACE ( 'NONE', ( #916 ), #5362, .F. ) ;
#442 = CARTESIAN_POINT ( 'NONE',  ( 10.00177000000000049, 85.95217999999999847, 0.000000000000000000 ) ) ;
#443 = ADVANCED_FACE ( 'NONE', ( #1608 ), #3823, .F. ) ;
#444 = DIRECTION ( 'NONE',  ( 0.000000000000000000, 0.000000000000000000, -1.000000000000000000 ) ) ;
#445 = DIRECTION ( 'NONE',  ( -0.2700763468701716241, 0.9628389101304862807, -0.000000000000000000 ) ) ;
#446 = ORIENTED_EDGE ( 'NONE', *, *, #2009, .T. ) ;
#447 = EDGE_CURVE ( 'NONE', #5280, #1620, #1054, .T. ) ;
#448 = DIRECTION ( 'NONE',  ( -0.3604932832406905208, 0.9327618092194529531, -0.000000000000000000 ) ) ;
#449 = CARTESIAN_POINT ( 'NONE',  ( 22.32376232759892432, 36.51483030372894234, 3.000000000000000000 ) ) ;
#450 = ORIENTED_EDGE ( 'NONE', *, *, #5042, .F. ) ;
#451 = ORIENTED_EDGE ( 'NONE', *, *, #6851, .T. ) ;
#452 = CIRCLE ( 'NONE', #1621, 4.999995816523091996 ) ;
#453 = EDGE_LOOP ( 'NONE', ( #5168, #4648, #2652, #1882 ) ) ;
#454 = CARTESIAN_POINT ( 'NONE',  ( 17.22682999999999964, 56.71614000000000289, 3.000000000000000000 ) ) ;
#455 = EDGE_LOOP ( 'NONE', ( #3360, #2417, #2683, #4725 ) ) ;
#456 = ORIENTED_EDGE ( 'NONE', *, *, #5681, .T. ) ;
#457 = DIRECTION ( 'NONE',  ( -0.000000000000000000, -0.000000000000000000, -1.000000000000000000 ) ) ;
#458 = CARTESIAN_POINT ( 'NONE',  ( 17.98780999999999963, 64.57842999999999734, 3.000000000000000000 ) ) ;
#459 = CARTESIAN_POINT ( 'NONE',  ( 1.399999999999999911, 84.02886999999999773, 0.000000000000000000 ) ) ;
#460 = CARTESIAN_POINT ( 'NONE',  ( 12.16361999999999988, 80.84214000000000055, 0.000000000000000000 ) ) ;
#461 = CARTESIAN_POINT ( 'NONE',  ( 8.338839999999999364, 88.41728999999999417, 3.000000000000000000 ) ) ;
#462 = DIRECTION ( 'NONE',  ( -0.9927503154724742762, 0.1201948881163528993, -0.000000000000000000 ) ) ;
#463 = DIRECTION ( 'NONE',  ( -0.8764470144232502369, -0.4814983186975537177, 0.000000000000000000 ) ) ;
#464 = LINE ( 'NONE', #3344, #1695 ) ;
#465 = EDGE_CURVE ( 'NONE', #2407, #4137, #3270, .T. ) ;
#466 = DIRECTION ( 'NONE',  ( -0.1757172618831222000, 0.9844406756510513112, 0.000000000000000000 ) ) ;
#467 = VERTEX_POINT ( 'NONE', #2450 ) ;
#468 = ORIENTED_EDGE ( 'NONE', *, *, #3812, .F. ) ;
#469 = DIRECTION ( 'NONE',  ( -0.000000000000000000, -0.000000000000000000, -1.000000000000000000 ) ) ;
#470 = CARTESIAN_POINT ( 'NONE',  ( 9.070800000000000196, 63.12331999999999965, 3.000000000000000000 ) ) ;
#471 = CARTESIAN_POINT ( 'NONE',  ( 10.07116145048375699, 46.54473088092107957, 0.000000000000000000 ) ) ;
#472 = LINE ( 'NONE', #2701, #2717 ) ;
#473 = DIRECTION ( 'NONE',  ( -0.000000000000000000, -0.000000000000000000, -1.000000000000000000 ) ) ;
#474 = EDGE_CURVE ( 'NONE', #3606, #3982, #193, .T. ) ;
#475 = CARTESIAN_POINT ( 'NONE',  ( 4.702079999999999593, 90.55486999999999398, 0.000000000000000000 ) ) ;
#476 = CARTESIAN_POINT ( 'NONE',  ( 20.51109000000000648, 32.38817643174443361, -0.000000000000000000 ) ) ;
#477 = ADVANCED_FACE ( 'NONE', ( #4038 ), #5805, .F. ) ;
#478 = EDGE_CURVE ( 'NONE', #3941, #4612, #1406, .T. ) ;
#479 = VERTEX_POINT ( 'NONE', #4636 ) ;
#480 = CARTESIAN_POINT ( 'NONE',  ( 15.43191000000000024, 72.16450000000000387, 0.000000000000000000 ) ) ;
#481 = VECTOR ( 'NONE', #1635, 1000.000000000000000 ) ;
#482 = EDGE_CURVE ( 'NONE', #625, #2736, #1912, .T. ) ;
#483 = CARTESIAN_POINT ( 'NONE',  ( 9.139319999999999666, 87.42681000000000324, 3.000000000000000000 ) ) ;
#484 = ORIENTED_EDGE ( 'NONE', *, *, #175, .F. ) ;
#485 = AXIS2_PLACEMENT_3D ( 'NONE', #2426, #752, #1416 ) ;
#486 = VERTEX_POINT ( 'NONE', #1370 ) ;
#487 = DIRECTION ( 'NONE',  ( -0.000000000000000000, -0.000000000000000000, -1.000000000000000000 ) ) ;
#488 = EDGE_LOOP ( 'NONE', ( #5756, #5531, #5813, #6940 ) ) ;
#489 = VERTEX_POINT ( 'NONE', #3623 ) ;
#490 = VECTOR ( 'NONE', #308, 1000.000000000000000 ) ;
#491 = EDGE_LOOP ( 'NONE', ( #3168, #3538, #6048, #1801 ) ) ;
#492 = CARTESIAN_POINT ( 'NONE',  ( 7.077650000000000219, 89.48705999999999960, 3.000000000000000000 ) ) ;
#493 = ORIENTED_EDGE ( 'NONE', *, *, #5026, .F. ) ;
#494 = LINE ( 'NONE', #1632, #2976 ) ;
#495 = CARTESIAN_POINT ( 'NONE',  ( 0.2999999999999999889, 67.76761000000000479, 3.000000000000000000 ) ) ;
#496 = VECTOR ( 'NONE', #2685, 1000.000000000000000 ) ;
#497 = CARTESIAN_POINT ( 'NONE',  ( 18.43014000000000152, 61.23277999999999821, 3.000000000000000000 ) ) ;
#498 = VECTOR ( 'NONE', #7112, 1000.000000000000000 ) ;
#499 = LINE ( 'NONE', #5812, #6293 ) ;
#500 = CARTESIAN_POINT ( 'NONE',  ( 9.692830000000000723, 86.53628000000000497, 3.000000000000000000 ) ) ;
#501 = PERSON_AND_ORGANIZATION_ROLE ( 'classification_officer' ) ;
#502 = DIRECTION ( 'NONE',  ( 0.4053675956482820641, 0.9141537684647649264, -0.000000000000000000 ) ) ;
#503 = CARTESIAN_POINT ( 'NONE',  ( 8.927300000000000679, 60.25028999999999968, 3.000000000000000000 ) ) ;
#504 = ORIENTED_EDGE ( 'NONE', *, *, #4517, .F. ) ;
#505 = AXIS2_PLACEMENT_3D ( 'NONE', #2526, #6944, #4150 ) ;
#506 = VECTOR ( 'NONE', #2907, 1000.000000000000114 ) ;
#507 = ORIENTED_EDGE ( 'NONE', *, *, #3317, .T. ) ;
#508 = CARTESIAN_POINT ( 'NONE',  ( 0.2999999999999999889, 85.29013000000000488, 3.000000000000000000 ) ) ;
#509 = EDGE_CURVE ( 'NONE', #241, #4618, #2413, .T. ) ;
#510 = CARTESIAN_POINT ( 'NONE',  ( 3.547600000000000087, 90.77204999999999302, 3.000000000000000000 ) ) ;
#511 = CARTESIAN_POINT ( 'NONE',  ( 18.33457999999999899, 62.76655000000000229, 0.000000000000000000 ) ) ;
#512 = CARTESIAN_POINT ( 'NONE',  ( 8.681279999999999220, 64.41770999999999958, 3.000000000000000000 ) ) ;
#513 = VECTOR ( 'NONE', #6741, 1000.000000000000000 ) ;
#514 = DIRECTION ( 'NONE',  ( -0.2328688620750863081, 0.9725081455061723723, -0.000000000000000000 ) ) ;
#515 = ORIENTED_EDGE ( 'NONE', *, *, #5474, .F. ) ;
#516 = CARTESIAN_POINT ( 'NONE',  ( 7.038929999999999687, 68.91521000000000186, 3.000000000000000000 ) ) ;
#517 = EDGE_CURVE ( 'NONE', #5232, #3155, #4753, .T. ) ;
#518 = DIRECTION ( 'NONE',  ( -0.3529492995695710511, 0.9356424487662737821, -0.000000000000000000 ) ) ;
#519 = AXIS2_PLACEMENT_3D ( 'NONE', #309, #6986, #3999 ) ;
#520 = VERTEX_POINT ( 'NONE', #6310 ) ;
#521 = VERTEX_POINT ( 'NONE', #4117 ) ;
#522 = EDGE_CURVE ( 'NONE', #187, #3606, #4673, .T. ) ;
#523 = AXIS2_PLACEMENT_3D ( 'NONE', #5214, #767, #2440 ) ;
#524 = EDGE_CURVE ( 'NONE', #723, #1139, #3070, .T. ) ;
#525 = ADVANCED_FACE ( 'NONE', ( #5718 ), #270, .F. ) ;
#526 = ORIENTED_EDGE ( 'NONE', *, *, #2171, .T. ) ;
#527 = DIRECTION ( 'NONE',  ( 0.4267272519445348133, -0.9043803693401717414, 0.000000000000000000 ) ) ;
#528 = ORIENTED_EDGE ( 'NONE', *, *, #323, .T. ) ;
#529 = EDGE_LOOP ( 'NONE', ( #1583, #3099, #2569, #4789 ) ) ;
#530 = VECTOR ( 'NONE', #1122, 1000.000000000000227 ) ;
#531 = VERTEX_POINT ( 'NONE', #4594 ) ;
#532 = EDGE_CURVE ( 'NONE', #2820, #4240, #6829, .T. ) ;
#533 = LINE ( 'NONE', #4252, #2276 ) ;
#534 = CARTESIAN_POINT ( 'NONE',  ( 17.25848999999999833, 67.14406999999999925, 3.000000000000000000 ) ) ;
#535 = DIRECTION ( 'NONE',  ( -0.000000000000000000, -1.000000000000000000, -0.000000000000000000 ) ) ;
#536 = DIRECTION ( 'NONE',  ( -0.000000000000000000, -0.000000000000000000, -1.000000000000000000 ) ) ;
#537 = CARTESIAN_POINT ( 'NONE',  ( 8.186080000000002244, 56.05208999999999975, 3.000000000000000000 ) ) ;
#538 = ORIENTED_EDGE ( 'NONE', *, *, #5344, .T. ) ;
#539 = VERTEX_POINT ( 'NONE', #777 ) ;
#540 = VERTEX_POINT ( 'NONE', #6352 ) ;
#541 = PLANE ( 'NONE',  #4735 ) ;
#542 = PLANE ( 'NONE',  #3528 ) ;
#543 = CARTESIAN_POINT ( 'NONE',  ( 20.12335232759891923, 44.02245030372893808, 3.000000000000000000 ) ) ;
#544 = CARTESIAN_POINT ( 'NONE',  ( 12.44214000000000020, 80.10948999999999387, 3.000000000000000000 ) ) ;
#545 = CARTESIAN_POINT ( 'NONE',  ( 17.21109000000000222, 32.27886999999999773, -6.000000000000000152E-06 ) ) ;
#546 = AXIS2_PLACEMENT_3D ( 'NONE', #1561, #3195, #4318 ) ;
#547 = CARTESIAN_POINT ( 'NONE',  ( 1.399999999999999911, 71.52886999999999773, 0.000000000000000000 ) ) ;
#548 = ORIENTED_EDGE ( 'NONE', *, *, #7052, .F. ) ;
#549 = CARTESIAN_POINT ( 'NONE',  ( 10.81339000000000006, 84.19744000000000028, 3.000000000000000000 ) ) ;
#550 = CARTESIAN_POINT ( 'NONE',  ( 8.681279999999999220, 64.41770999999999958, 3.000000000000000000 ) ) ;
#551 = ADVANCED_FACE ( 'NONE', ( #1247 ), #1282, .F. ) ;
#552 = ORIENTED_EDGE ( 'NONE', *, *, #4804, .F. ) ;
#553 = EDGE_LOOP ( 'NONE', ( #1275, #1772, #17, #2198 ) ) ;
#554 = EDGE_CURVE ( 'NONE', #1139, #1, #229, .T. ) ;
#555 = CARTESIAN_POINT ( 'NONE',  ( 1.399999999999999911, 81.52886999999999773, 3.000000000000000000 ) ) ;
#556 = VERTEX_POINT ( 'NONE', #5298 ) ;
#557 = ADVANCED_FACE ( 'NONE', ( #690 ), #5222, .T. ) ;
#558 = ORIENTED_EDGE ( 'NONE', *, *, #3397, .T. ) ;
#559 = EDGE_CURVE ( 'NONE', #5766, #1441, #6235, .T. ) ;
#560 = ORIENTED_EDGE ( 'NONE', *, *, #1104, .F. ) ;
#561 = PLANE ( 'NONE',  #6825 ) ;
#562 = ORIENTED_EDGE ( 'NONE', *, *, #5387, .T. ) ;
#563 = DIRECTION ( 'NONE',  ( -0.9496869740953640671, 0.3132006565024907374, -0.000000000000000000 ) ) ;
#564 = LINE ( 'NONE', #3308, #5841 ) ;
#565 = ADVANCED_FACE ( 'NONE', ( #731 ), #2911, .F. ) ;
#566 = CARTESIAN_POINT ( 'NONE',  ( 17.29430999999999941, 56.93227000000000260, 0.000000000000000000 ) ) ;
#567 = VECTOR ( 'NONE', #5737, 1000.000000000000114 ) ;
#568 = DIRECTION ( 'NONE',  ( -0.2641978453979445529, 0.9644685056999444672, -0.000000000000000000 ) ) ;
#569 = EDGE_LOOP ( 'NONE', ( #3934, #6695, #2452, #3271 ) ) ;
#570 = LINE ( 'NONE', #6118, #2749 ) ;
#571 = DIRECTION ( 'NONE',  ( 0.9761299205851975413, 0.2171874262896820451, -0.000000000000000000 ) ) ;
#572 = DIRECTION ( 'NONE',  ( -0.3160179304256822697, 0.9487532174646200467, -0.000000000000000000 ) ) ;
#573 = DIRECTION ( 'NONE',  ( -0.5290202846542534365, 0.8486091788475614850, -0.000000000000000000 ) ) ;
#574 = DIRECTION ( 'NONE',  ( -0.000000000000000000, -0.000000000000000000, -1.000000000000000000 ) ) ;
#575 = DIRECTION ( 'NONE',  ( 0.7477395987620154560, -0.6639920876360051460, 0.000000000000000000 ) ) ;
#576 = CARTESIAN_POINT ( 'NONE',  ( 16.66123999999999938, 68.89531999999999812, 3.000000000000000000 ) ) ;
#577 = VERTEX_POINT ( 'NONE', #2768 ) ;
#578 = CARTESIAN_POINT ( 'NONE',  ( 8.890330000000000510, 63.74942000000000064, 0.000000000000000000 ) ) ;
#579 = VERTEX_POINT ( 'NONE', #436 ) ;
#580 = FACE_OUTER_BOUND ( 'NONE', #2343, .T. ) ;
#581 = FACE_OUTER_BOUND ( 'NONE', #2855, .T. ) ;
#582 = ORIENTED_EDGE ( 'NONE', *, *, #3901, .T. ) ;
#583 = APPLICATION_CONTEXT ( 'configuration controlled 3d designs of mechanical parts and assemblies' ) ;
#584 = VECTOR ( 'NONE', #462, 1000.000000000000114 ) ;
#585 = VERTEX_POINT ( 'NONE', #7193 ) ;
#586 = EDGE_CURVE ( 'NONE', #2162, #4096, #6561, .T. ) ;
#587 = VECTOR ( 'NONE', #6308, 1000.000000000000000 ) ;
#588 = DIRECTION ( 'NONE',  ( -0.9043803693401717414, -0.4267272519445348133, 0.000000000000000000 ) ) ;
#589 = ORIENTED_EDGE ( 'NONE', *, *, #4394, .T. ) ;
#590 = ORIENTED_EDGE ( 'NONE', *, *, #4074, .F. ) ;
#591 = ORIENTED_EDGE ( 'NONE', *, *, #2021, .F. ) ;
#592 = VECTOR ( 'NONE', #5410, 1000.000000000000227 ) ;
#593 = ADVANCED_FACE ( 'NONE', ( #3204 ), #6635, .F. ) ;
#594 = CARTESIAN_POINT ( 'NONE',  ( 20.51108999999999583, 32.06181930843839467, 0.000000000000000000 ) ) ;
#595 = EDGE_CURVE ( 'NONE', #4799, #3919, #3234, .T. ) ;
#596 = DIRECTION ( 'NONE',  ( -0.3531893947133602496, 0.9355518432786128491, -0.000000000000000000 ) ) ;
#597 = AXIS2_PLACEMENT_3D ( 'NONE', #1010, #7175, #5479 ) ;
#598 = CARTESIAN_POINT ( 'NONE',  ( 13.51037999999999961, 77.23219000000000278, 0.000000000000000000 ) ) ;
#599 = DIRECTION ( 'NONE',  ( -0.9309164827025789846, 0.3652321210308027699, 0.000000000000000000 ) ) ;
#600 = VERTEX_POINT ( 'NONE', #6427 ) ;
#601 = CARTESIAN_POINT ( 'NONE',  ( 18.40963999999999956, 60.75124999999999886, 3.000000000000000000 ) ) ;
#602 = AXIS2_PLACEMENT_3D ( 'NONE', #2097, #2130, #6612 ) ;
#603 = EDGE_CURVE ( 'NONE', #1784, #3345, #4401, .T. ) ;
#604 = LINE ( 'NONE', #3890, #6478 ) ;
#605 = CARTESIAN_POINT ( 'NONE',  ( 14.45875717860150544, 54.70592450736891976, -0.000000000000000000 ) ) ;
#606 = FACE_OUTER_BOUND ( 'NONE', #6236, .T. ) ;
#607 = CARTESIAN_POINT ( 'NONE',  ( 18.43014000000000152, 61.23277999999999821, 3.000000000000000000 ) ) ;
#608 = CARTESIAN_POINT ( 'NONE',  ( 0.2999999999999999889, 65.26761000000000479, 3.000000000000000000 ) ) ;
#609 = VECTOR ( 'NONE', #4266, 1000.000000000000000 ) ;
#610 = VECTOR ( 'NONE', #2847, 1000.000000000000000 ) ;
#611 = DIRECTION ( 'NONE',  ( -0.000000000000000000, -0.000000000000000000, -1.000000000000000000 ) ) ;
#612 = ORIENTED_EDGE ( 'NONE', *, *, #4055, .T. ) ;
#613 = EDGE_CURVE ( 'NONE', #1461, #1736, #464, .T. ) ;
#614 = CARTESIAN_POINT ( 'NONE',  ( 17.73826999999999998, 57.95756000000000085, 3.000000000000000000 ) ) ;
#615 = DIRECTION ( 'NONE',  ( 0.8409706681326368782, -0.5410807105603990808, 0.000000000000000000 ) ) ;
#616 = LINE ( 'NONE', #1105, #28 ) ;
#617 = VECTOR ( 'NONE', #1369, 1000.000000000000000 ) ;
#618 = ORIENTED_EDGE ( 'NONE', *, *, #164, .F. ) ;
#619 = VECTOR ( 'NONE', #5741, 1000.000000000000000 ) ;
#620 = CARTESIAN_POINT ( 'NONE',  ( 10.07116145048375699, 46.54473088092107957, 0.000000000000000000 ) ) ;
#621 = DIRECTION ( 'NONE',  ( -0.2907225105923542108, -0.9568074110472172267, 0.000000000000000000 ) ) ;
#622 = EDGE_LOOP ( 'NONE', ( #7213, #4077, #5111, #3882 ) ) ;
#623 = CARTESIAN_POINT ( 'NONE',  ( 1.399999999999999911, 79.02886999999999773, 3.000000000000000000 ) ) ;
#624 = ORIENTED_EDGE ( 'NONE', *, *, #3050, .T. ) ;
#625 = VERTEX_POINT ( 'NONE', #6664 ) ;
#626 = VECTOR ( 'NONE', #5136, 1000.000000000000000 ) ;
#627 = EDGE_LOOP ( 'NONE', ( #6692, #1800, #6327, #2886 ) ) ;
#628 = ORIENTED_EDGE ( 'NONE', *, *, #6309, .F. ) ;
#629 = ORIENTED_EDGE ( 'NONE', *, *, #7127, .F. ) ;
#630 = DIRECTION ( 'NONE',  ( -0.000000000000000000, -1.000000000000000000, -0.000000000000000000 ) ) ;
#631 = VECTOR ( 'NONE', #6179, 1000.000000000000114 ) ;
#632 = DIRECTION ( 'NONE',  ( -1.000000000000000000, 0.000000000000000000, 0.000000000000000000 ) ) ;
#633 = DIRECTION ( 'NONE',  ( 0.000000000000000000, 0.000000000000000000, 1.000000000000000000 ) ) ;
#634 = ORIENTED_EDGE ( 'NONE', *, *, #595, .T. ) ;
#635 = EDGE_CURVE ( 'NONE', #3791, #698, #2212, .T. ) ;
#636 = AXIS2_PLACEMENT_3D ( 'NONE', #4987, #3856, #6605 ) ;
#637 = VECTOR ( 'NONE', #1049, 1000.000000000000000 ) ;
#638 = DIRECTION ( 'NONE',  ( 0.3623916103224207319, -0.9320259227982463646, 0.000000000000000000 ) ) ;
#639 = FACE_OUTER_BOUND ( 'NONE', #4414, .T. ) ;
#640 = LINE ( 'NONE', #4061, #5013 ) ;
#641 = DIRECTION ( 'NONE',  ( 1.000000000000000000, 0.000000000000000000, 0.000000000000000000 ) ) ;
#642 = DIRECTION ( 'NONE',  ( -0.4078478829875642475, -0.9130498914859813686, -0.000000000000000000 ) ) ;
#643 = EDGE_CURVE ( 'NONE', #194, #5077, #1087, .T. ) ;
#644 = CARTESIAN_POINT ( 'NONE',  ( 17.29430999999999941, 56.93227000000000260, 3.000000000000000000 ) ) ;
#645 = ORIENTED_EDGE ( 'NONE', *, *, #3774, .T. ) ;
#646 = EDGE_CURVE ( 'NONE', #425, #378, #3822, .T. ) ;
#647 = EDGE_CURVE ( 'NONE', #4976, #1720, #1607, .T. ) ;
#648 = CARTESIAN_POINT ( 'NONE',  ( 11.09951000000000043, 83.52206999999999937, 3.000000000000000000 ) ) ;
#649 = PLANE ( 'NONE',  #4353 ) ;
#650 = CARTESIAN_POINT ( 'NONE',  ( 0.2999999999999999889, 82.76761000000000479, 0.000000000000000000 ) ) ;
#651 = DIRECTION ( 'NONE',  ( -0.000000000000000000, -1.000000000000000000, -0.000000000000000000 ) ) ;
#652 = VECTOR ( 'NONE', #6973, 1000.000000000000000 ) ;
#653 = EDGE_CURVE ( 'NONE', #2087, #878, #4427, .T. ) ;
#654 = ORIENTED_EDGE ( 'NONE', *, *, #3740, .T. ) ;
#655 = CARTESIAN_POINT ( 'NONE',  ( 15.73827999999999960, 71.37178000000000111, 0.000000000000000000 ) ) ;
#656 = CARTESIAN_POINT ( 'NONE',  ( 10.31756999999999991, 85.30253000000000441, 3.000000000000000000 ) ) ;
#657 = ORIENTED_EDGE ( 'NONE', *, *, #5811, .F. ) ;
#658 = CARTESIAN_POINT ( 'NONE',  ( 12.98156999999999961, 78.66679999999999495, 0.000000000000000000 ) ) ;
#659 = DIRECTION ( 'NONE',  ( 0.3412450544907666417, -0.9399743681535117634, 0.000000000000000000 ) ) ;
#660 = VERTEX_POINT ( 'NONE', #5432 ) ;
#661 = ORIENTED_EDGE ( 'NONE', *, *, #1219, .T. ) ;
#662 = ORIENTED_EDGE ( 'NONE', *, *, #1283, .F. ) ;
#663 = ORIENTED_EDGE ( 'NONE', *, *, #6550, .F. ) ;
#664 = VERTEX_POINT ( 'NONE', #4913 ) ;
#665 = FACE_OUTER_BOUND ( 'NONE', #1512, .T. ) ;
#666 = ORIENTED_EDGE ( 'NONE', *, *, #1381, .T. ) ;
#667 = CARTESIAN_POINT ( 'NONE',  ( 20.18056519261567416, 31.26479101596014942, -0.000000000000000000 ) ) ;
#668 = DIRECTION ( 'NONE',  ( -0.6639920876360008162, 0.7477395987620191198, 0.000000000000000000 ) ) ;
#669 = CARTESIAN_POINT ( 'NONE',  ( 17.87649000000000044, 58.30986000000000047, 3.000000000000000000 ) ) ;
#670 = VERTEX_POINT ( 'NONE', #537 ) ;
#671 = VECTOR ( 'NONE', #514, 1000.000000000000000 ) ;
#672 = VERTEX_POINT ( 'NONE', #6013 ) ;
#673 = DIRECTION ( 'NONE',  ( 0.6639920876360008162, -0.7477395987620191198, -0.000000000000000000 ) ) ;
#674 = LINE ( 'NONE', #3417, #310 ) ;
#675 = DIRECTION ( 'NONE',  ( 0.9916468134754412578, -0.1289829342355166830, 0.000000000000000000 ) ) ;
#676 = CARTESIAN_POINT ( 'NONE',  ( 9.080659999999999954, 60.62163000000000324, 3.000000000000000000 ) ) ;
#677 = DIRECTION ( 'NONE',  ( 0.2822859313821372007, -0.9593303148257742441, -0.000000000000000000 ) ) ;
#679 = EDGE_CURVE ( 'NONE', #2323, #7177, #1024, .T. ) ;
#678 = CARTESIAN_POINT ( 'NONE',  ( 11.25411565604905917, 53.84697957100398469, -0.000000000000000000 ) ) ;
#680 = LINE ( 'NONE', #2522, #3677 ) ;
#681 = VERTEX_POINT ( 'NONE', #6114 ) ;
#682 = ORIENTED_EDGE ( 'NONE', *, *, #5395, .T. ) ;
#683 = DIRECTION ( 'NONE',  ( -0.000000000000000000, -0.000000000000000000, 1.000000000000000000 ) ) ;
#684 = DIRECTION ( 'NONE',  ( -0.9887518712666293341, 0.1495651599361924877, 0.000000000000000000 ) ) ;
#685 = EDGE_CURVE ( 'NONE', #5560, #330, #7150, .T. ) ;
#686 = CARTESIAN_POINT ( 'NONE',  ( 5.923630000000000173, 90.10437000000000296, 0.000000000000000000 ) ) ;
#687 = DIRECTION ( 'NONE',  ( -0.2811569828011464822, 0.9596617899146323571, -0.000000000000000000 ) ) ;
#688 = ADVANCED_FACE ( 'NONE', ( #2798 ), #6600, .F. ) ;
#689 = ADVANCED_FACE ( 'NONE', ( #5558 ), #4190, .F. ) ;
#690 = FACE_OUTER_BOUND ( 'NONE', #3446, .T. ) ;
#691 = ORIENTED_EDGE ( 'NONE', *, *, #1905, .F. ) ;
#692 = DIRECTION ( 'NONE',  ( -0.000000000000000000, -0.000000000000000000, -1.000000000000000000 ) ) ;
#693 = EDGE_CURVE ( 'NONE', #5177, #156, #1053, .T. ) ;
#694 = CARTESIAN_POINT ( 'NONE',  ( 18.20943000000000112, 59.41342000000000212, 0.000000000000000000 ) ) ;
#695 = VERTEX_POINT ( 'NONE', #2734 ) ;
#696 = FACE_OUTER_BOUND ( 'NONE', #3207, .T. ) ;
#697 = DIRECTION ( 'NONE',  ( 0.2877459221542098544, -0.9577067840856215986, 0.000000000000000000 ) ) ;
#698 = VERTEX_POINT ( 'NONE', #4616 ) ;
#699 = ORIENTED_EDGE ( 'NONE', *, *, #3269, .F. ) ;
#700 = VECTOR ( 'NONE', #4141, 1000.000000000000114 ) ;
#701 = ADVANCED_FACE ( 'NONE', ( #5082 ), #3980, .F. ) ;
#702 = ORIENTED_EDGE ( 'NONE', *, *, #6867, .F. ) ;
#703 = ORIENTED_EDGE ( 'NONE', *, *, #261, .F. ) ;
#704 = VERTEX_POINT ( 'NONE', #3918 ) ;
#705 = EDGE_CURVE ( 'NONE', #2382, #5004, #2830, .T. ) ;
#706 = CARTESIAN_POINT ( 'NONE',  ( 5.498310000000000031, 90.26606999999999914, 3.000000000000000000 ) ) ;
#707 = VECTOR ( 'NONE', #6121, 1000.000000000000000 ) ;
#708 = FACE_OUTER_BOUND ( 'NONE', #1055, .T. ) ;
#709 = CARTESIAN_POINT ( 'NONE',  ( 0.2999999999999999889, 67.79013000000000488, 0.000000000000000000 ) ) ;
#710 = VERTEX_POINT ( 'NONE', #2314 ) ;
#711 = ORIENTED_EDGE ( 'NONE', *, *, #1548, .T. ) ;
#712 = CARTESIAN_POINT ( 'NONE',  ( 11.09951000000000043, 83.52206999999999937, 3.000000000000000000 ) ) ;
#713 = ORIENTED_EDGE ( 'NONE', *, *, #1182, .T. ) ;
#714 = DIRECTION ( 'NONE',  ( 0.2827999802039092847, -0.9591789046870601299, -0.000000000000000000 ) ) ;
#715 = VECTOR ( 'NONE', #3279, 1000.000000000000000 ) ;
#716 = PLANE ( 'NONE',  #2827 ) ;
#717 = DIRECTION ( 'NONE',  ( 0.3619853076023840655, -0.9321838000523327006, 0.000000000000000000 ) ) ;
#718 = CARTESIAN_POINT ( 'NONE',  ( 17.76875000000000071, 65.43619999999999948, 0.000000000000000000 ) ) ;
#719 = LINE ( 'NONE', #2839, #6920 ) ;
#720 = PLANE ( 'NONE',  #523 ) ;
#721 = ORIENTED_EDGE ( 'NONE', *, *, #6087, .T. ) ;
#722 = VECTOR ( 'NONE', #6166, 1000.000000000000114 ) ;
#723 = VERTEX_POINT ( 'NONE', #6846 ) ;
#724 = DIRECTION ( 'NONE',  ( -0.2822859313821372007, 0.9593303148257742441, 0.000000000000000000 ) ) ;
#725 = EDGE_CURVE ( 'NONE', #1448, #7211, #6176, .T. ) ;
#726 = CARTESIAN_POINT ( 'NONE',  ( 2.376240000000000130, 90.68304000000000542, 0.000000000000000000 ) ) ;
#727 = LINE ( 'NONE', #6827, #737 ) ;
#728 = CARTESIAN_POINT ( 'NONE',  ( 0.2999999999999999889, 80.29013000000000488, 3.000000000000000000 ) ) ;
#729 = AXIS2_PLACEMENT_3D ( 'NONE', #2365, #1241, #724 ) ;
#730 = VECTOR ( 'NONE', #6349, 1000.000000000000114 ) ;
#731 = FACE_OUTER_BOUND ( 'NONE', #3120, .T. ) ;
#732 = EDGE_LOOP ( 'NONE', ( #4974, #80, #3640, #6062 ) ) ;
#733 = VERTEX_POINT ( 'NONE', #6146 ) ;
#734 = APPROVAL_PERSON_ORGANIZATION ( #2635, #5960, #2664 ) ;
#735 = CARTESIAN_POINT ( 'NONE',  ( 0.2999999999999999889, 72.76761000000000479, 3.000000000000000000 ) ) ;
#736 = EDGE_CURVE ( 'NONE', #5177, #1378, #2738, .T. ) ;
#737 = VECTOR ( 'NONE', #3996, 1000.000000000000114 ) ;
#738 = FACE_OUTER_BOUND ( 'NONE', #2428, .T. ) ;
#739 = VECTOR ( 'NONE', #4922, 1000.000000000000000 ) ;
#740 = LINE ( 'NONE', #4552, #1361 ) ;
#741 = ORIENTED_EDGE ( 'NONE', *, *, #3425, .T. ) ;
#742 = DIRECTION ( 'NONE',  ( -0.3466242988673169934, 0.9380040487304630581, -0.000000000000000000 ) ) ;
#743 = DIRECTION ( 'NONE',  ( -0.9232409789868752936, 0.3842214136658136381, 0.000000000000000000 ) ) ;
#744 = VECTOR ( 'NONE', #4691, 1000.000000000000114 ) ;
#745 = ORIENTED_EDGE ( 'NONE', *, *, #4806, .F. ) ;
#746 = ADVANCED_FACE ( 'NONE', ( #5048 ), #2393, .F. ) ;
#747 = ORIENTED_EDGE ( 'NONE', *, *, #1110, .F. ) ;
#748 = EDGE_CURVE ( 'NONE', #1689, #330, #6253, .T. ) ;
#749 = ORIENTED_EDGE ( 'NONE', *, *, #5508, .T. ) ;
#750 = EDGE_CURVE ( 'NONE', #710, #6971, #3481, .T. ) ;
#751 = ORIENTED_EDGE ( 'NONE', *, *, #4502, .T. ) ;
#752 = DIRECTION ( 'NONE',  ( 1.000000000000000000, 0.000000000000000000, 0.000000000000000000 ) ) ;
#753 = CARTESIAN_POINT ( 'NONE',  ( 9.393620000000000303, 61.33030000000000115, 0.000000000000000000 ) ) ;
#754 = LINE ( 'NONE', #2979, #6106 ) ;
#755 = AXIS2_PLACEMENT_3D ( 'NONE', #1153, #171, #3522 ) ;
#756 = EDGE_CURVE ( 'NONE', #5768, #3835, #3445, .T. ) ;
#757 = ORIENTED_EDGE ( 'NONE', *, *, #2756, .F. ) ;
#758 = ORIENTED_EDGE ( 'NONE', *, *, #6955, .T. ) ;
#759 = DIRECTION ( 'NONE',  ( -0.2515257587811454143, 0.9678506045199171126, 0.000000000000000000 ) ) ;
#760 = ORIENTED_EDGE ( 'NONE', *, *, #613, .F. ) ;
#761 = VECTOR ( 'NONE', #2054, 1000.000000000000000 ) ;
#762 = PLANE ( 'NONE',  #3563 ) ;
#763 = DIRECTION ( 'NONE',  ( -0.3817213639829324379, -0.9242774476741330014, 0.000000000000000000 ) ) ;
#764 = FACE_OUTER_BOUND ( 'NONE', #4967, .T. ) ;
#765 = DIRECTION ( 'NONE',  ( -0.000000000000000000, -0.000000000000000000, -1.000000000000000000 ) ) ;
#766 = PLANE ( 'NONE',  #1089 ) ;
#767 = DIRECTION ( 'NONE',  ( -0.6476924751176044159, -0.7619018687967836767, 0.000000000000000000 ) ) ;
#768 = ORIENTED_EDGE ( 'NONE', *, *, #2711, .T. ) ;
#769 = VECTOR ( 'NONE', #5497, 1000.000000000000000 ) ;
#770 = VECTOR ( 'NONE', #3239, 1000.000000000000000 ) ;
#771 = VERTEX_POINT ( 'NONE', #709 ) ;
#772 = CARTESIAN_POINT ( 'NONE',  ( 11.36456000000000088, 82.87654000000000565, 3.000000000000000000 ) ) ;
#773 = DIRECTION ( 'NONE',  ( -0.9338206643623727654, -0.3577414804154207539, 0.000000000000000000 ) ) ;
#774 = CARTESIAN_POINT ( 'NONE',  ( 5.498310000000000031, 90.26606999999999914, 0.000000000000000000 ) ) ;
#775 = CARTESIAN_POINT ( 'NONE',  ( 9.219260000000000232, 62.54903000000000191, 0.000000000000000000 ) ) ;
#776 = PLANE ( 'NONE',  #2 ) ;
#777 = CARTESIAN_POINT ( 'NONE',  ( 11.95535145048375547, 39.87205088092107985, 3.000000000000000000 ) ) ;
#778 = ORIENTED_EDGE ( 'NONE', *, *, #6536, .F. ) ;
#779 = CARTESIAN_POINT ( 'NONE',  ( 10.99181145048375541, 43.22319088092108075, 3.000000000000000000 ) ) ;
#780 = LINE ( 'NONE', #2962, #5679 ) ;
#781 = DIRECTION ( 'NONE',  ( 0.2746185898186149776, -0.9615532383212254119, -0.000000000000000000 ) ) ;
#782 = EDGE_LOOP ( 'NONE', ( #4245, #5699, #1114, #2872 ) ) ;
#783 = DIRECTION ( 'NONE',  ( 0.6639920876359967084, -0.7477395987620227835, -0.000000000000000000 ) ) ;
#784 = DIRECTION ( 'NONE',  ( -0.4096838457035744674, 0.9122275738923537602, -0.000000000000000000 ) ) ;
#785 = EDGE_CURVE ( 'NONE', #579, #2103, #1224, .T. ) ;
#786 = VERTEX_POINT ( 'NONE', #5594 ) ;
#787 = ORIENTED_EDGE ( 'NONE', *, *, #6102, .T. ) ;
#788 = ORIENTED_EDGE ( 'NONE', *, *, #3695, .T. ) ;
#789 = CARTESIAN_POINT ( 'NONE',  ( 1.399999999999999911, 81.52886999999999773, 3.000000000000000000 ) ) ;
#790 = ADVANCED_FACE ( 'NONE', ( #6290 ), #2933, .F. ) ;
#791 = EDGE_CURVE ( 'NONE', #1457, #5187, #1302, .T. ) ;
#792 = CARTESIAN_POINT ( 'NONE',  ( 1.399999999999999911, 81.52886999999999773, 0.000000000000000000 ) ) ;
#793 = EDGE_CURVE ( 'NONE', #5223, #3841, #754, .T. ) ;
#794 = ORIENTED_EDGE ( 'NONE', *, *, #5500, .F. ) ;
#795 = ORIENTED_EDGE ( 'NONE', *, *, #3769, .F. ) ;
#796 = EDGE_LOOP ( 'NONE', ( #6930, #4877, #2926, #6302 ) ) ;
#797 = DIRECTION ( 'NONE',  ( -0.9990950154365657587, 0.04253410548969474569, 0.000000000000000000 ) ) ;
#798 = EDGE_CURVE ( 'NONE', #4177, #4706, #53, .T. ) ;
#799 = PLANE ( 'NONE',  #1668 ) ;
#800 = CARTESIAN_POINT ( 'NONE',  ( 9.427569999999999339, 61.41680999999999813, 3.000000000000000000 ) ) ;
#801 = CARTESIAN_POINT ( 'NONE',  ( 11.36456000000000088, 82.87654000000000565, 0.000000000000000000 ) ) ;
#802 = LINE ( 'NONE', #6298, #4229 ) ;
#803 = DIRECTION ( 'NONE',  ( -0.000000000000000000, -0.000000000000000000, -1.000000000000000000 ) ) ;
#804 = DIRECTION ( 'NONE',  ( -0.9665258012429663870, -0.2565694360824022913, 0.000000000000000000 ) ) ;
#805 = ORIENTED_EDGE ( 'NONE', *, *, #4578, .T. ) ;
#806 = VERTEX_POINT ( 'NONE', #127 ) ;
#807 = EDGE_CURVE ( 'NONE', #577, #5766, #3944, .T. ) ;
#808 = DIRECTION ( 'NONE',  ( -0.9725081455061723723, -0.2328688620750863358, 0.000000000000000000 ) ) ;
#809 = LINE ( 'NONE', #5253, #6675 ) ;
#810 = DIRECTION ( 'NONE',  ( -0.2811509820761541878, 0.9596635479571025140, 0.000000000000000000 ) ) ;
#811 = DIRECTION ( 'NONE',  ( -0.6639920876360008162, -0.7477395987620191198, -0.000000000000000000 ) ) ;
#812 = CARTESIAN_POINT ( 'NONE',  ( 14.82530999999999999, 73.72311000000000547, 3.000000000000000000 ) ) ;
#813 = DIRECTION ( 'NONE',  ( -0.05977058949611285810, 0.9982121400941219580, -0.000000000000000000 ) ) ;
#814 = ORIENTED_EDGE ( 'NONE', *, *, #635, .T. ) ;
#815 = ORIENTED_EDGE ( 'NONE', *, *, #6165, .T. ) ;
#816 = CARTESIAN_POINT ( 'NONE',  ( 16.37292000000000058, 69.68950999999999851, 0.000000000000000000 ) ) ;
#817 = CARTESIAN_POINT ( 'NONE',  ( 9.427569999999999339, 61.41680999999999813, 0.000000000000000000 ) ) ;
#818 = DIRECTION ( 'NONE',  ( 0.6639920876360008162, 0.7477395987620191198, 0.000000000000000000 ) ) ;
#819 = ORIENTED_EDGE ( 'NONE', *, *, #6049, .T. ) ;
#820 = PLANE ( 'NONE',  #3152 ) ;
#821 = ORIENTED_EDGE ( 'NONE', *, *, #524, .F. ) ;
#822 = ORIENTED_EDGE ( 'NONE', *, *, #4064, .F. ) ;
#823 = ORIENTED_EDGE ( 'NONE', *, *, #4966, .F. ) ;
#824 = EDGE_CURVE ( 'NONE', #6016, #2434, #1770, .T. ) ;
#825 = DIRECTION ( 'NONE',  ( 0.9319206148230071429, 0.3626623328495923171, -0.000000000000000000 ) ) ;
#826 = CARTESIAN_POINT ( 'NONE',  ( 0.2999999999999999889, 77.76761000000000479, 3.000000000000000000 ) ) ;
#827 = ORIENTED_EDGE ( 'NONE', *, *, #6753, .T. ) ;
#828 = ORIENTED_EDGE ( 'NONE', *, *, #1063, .T. ) ;
#829 = EDGE_CURVE ( 'NONE', #4365, #2550, #3995, .T. ) ;
#830 = ORIENTED_EDGE ( 'NONE', *, *, #4130, .T. ) ;
#831 = AXIS2_PLACEMENT_3D ( 'NONE', #944, #6976, #4289 ) ;
#832 = EDGE_CURVE ( 'NONE', #3477, #5323, #4069, .T. ) ;
#833 = ORIENTED_EDGE ( 'NONE', *, *, #3730, .F. ) ;
#834 = LINE ( 'NONE', #366, #7073 ) ;
#835 = DIRECTION ( 'NONE',  ( -0.000000000000000000, -0.000000000000000000, -1.000000000000000000 ) ) ;
#836 = CARTESIAN_POINT ( 'NONE',  ( 16.04970000000000141, 70.55512000000000228, 0.000000000000000000 ) ) ;
#837 = DIRECTION ( 'NONE',  ( 0.3289545622798137336, 0.9443457502182641683, -0.000000000000000000 ) ) ;
#838 = DIRECTION ( 'NONE',  ( 0.2700763468701716241, -0.9628389101304862807, 0.000000000000000000 ) ) ;
#839 = DIRECTION ( 'NONE',  ( -0.1083732154274047316, 0.9941102786803510671, -0.000000000000000000 ) ) ;
#840 = ORIENTED_EDGE ( 'NONE', *, *, #2666, .T. ) ;
#841 = EDGE_LOOP ( 'NONE', ( #2655, #2306, #262, #3412 ) ) ;
#842 = ADVANCED_FACE ( 'NONE', ( #6826 ), #6305, .F. ) ;
#843 = CARTESIAN_POINT ( 'NONE',  ( 0.2999999999999999889, 67.76761000000000479, 0.000000000000000000 ) ) ;
#844 = CARTESIAN_POINT ( 'NONE',  ( 8.338839999999999364, 88.41728999999999417, 3.000000000000000000 ) ) ;
#845 = FACE_OUTER_BOUND ( 'NONE', #3423, .T. ) ;
#846 = DIRECTION ( 'NONE',  ( -0.000000000000000000, -0.000000000000000000, -1.000000000000000000 ) ) ;
#847 = LINE ( 'NONE', #923, #3645 ) ;
#848 = CARTESIAN_POINT ( 'NONE',  ( 18.10079999999999956, 58.99235999999999791, 3.000000000000000000 ) ) ;
#849 = AXIS2_PLACEMENT_3D ( 'NONE', #1990, #7031, #4274 ) ;
#850 = ORIENTED_EDGE ( 'NONE', *, *, #428, .F. ) ;
#851 = ORIENTED_EDGE ( 'NONE', *, *, #3609, .F. ) ;
#852 = ADVANCED_FACE ( 'NONE', ( #3956 ), #649, .F. ) ;
#853 = ORIENTED_EDGE ( 'NONE', *, *, #824, .F. ) ;
#854 = DIRECTION ( 'NONE',  ( -0.000000000000000000, -0.000000000000000000, -1.000000000000000000 ) ) ;
#855 = PLANE ( 'NONE',  #7135 ) ;
#856 = VECTOR ( 'NONE', #5846, 1000.000000000000000 ) ;
#857 = DIRECTION ( 'NONE',  ( -0.2928119153001259023, -0.9561700592772562901, -0.000000000000000000 ) ) ;
#858 = ORIENTED_EDGE ( 'NONE', *, *, #5288, .T. ) ;
#859 = DIRECTION ( 'NONE',  ( -0.9577067840856215986, -0.2877459221542098544, 0.000000000000000000 ) ) ;
#860 = ORIENTED_EDGE ( 'NONE', *, *, #2290, .T. ) ;
#861 = VECTOR ( 'NONE', #3687, 1000.000000000000114 ) ;
#862 = AXIS2_PLACEMENT_3D ( 'NONE', #1530, #5937, #4816 ) ;
#863 = EDGE_LOOP ( 'NONE', ( #3799, #3862, #1804, #279 ) ) ;
#864 = CARTESIAN_POINT ( 'NONE',  ( 18.17614000000000019, 63.71345000000000169, 0.000000000000000000 ) ) ;
#865 = DIRECTION ( 'NONE',  ( -0.000000000000000000, -0.000000000000000000, -1.000000000000000000 ) ) ;
#866 = VECTOR ( 'NONE', #1429, 1000.000000000000000 ) ;
#867 = LINE ( 'NONE', #5319, #4713 ) ;
#868 = ORIENTED_EDGE ( 'NONE', *, *, #7173, .F. ) ;
#869 = ORIENTED_EDGE ( 'NONE', *, *, #3723, .T. ) ;
#870 = PLANE ( 'NONE',  #6371 ) ;
#871 = DIRECTION ( 'NONE',  ( -0.000000000000000000, -0.000000000000000000, -1.000000000000000000 ) ) ;
#872 = CARTESIAN_POINT ( 'NONE',  ( 6.799999999999999822, 69.52917999999999665, 3.000000000000000000 ) ) ;
#873 = FACE_OUTER_BOUND ( 'NONE', #1497, .T. ) ;
#874 = VECTOR ( 'NONE', #4075, 1000.000000000000000 ) ;
#875 = CARTESIAN_POINT ( 'NONE',  ( 18.29106000000000165, 63.06965000000000288, 0.000000000000000000 ) ) ;
#876 = EDGE_CURVE ( 'NONE', #4165, #1, #142, .T. ) ;
#877 = CARTESIAN_POINT ( 'NONE',  ( 16.97557000000000116, 67.99586999999999648, 3.000000000000000000 ) ) ;
#878 = VERTEX_POINT ( 'NONE', #1242 ) ;
#879 = ORIENTED_EDGE ( 'NONE', *, *, #3408, .F. ) ;
#880 = VECTOR ( 'NONE', #6418, 1000.000000000000000 ) ;
#881 = DIRECTION ( 'NONE',  ( -0.2822890138630445578, 0.9593294077907910111, -0.000000000000000000 ) ) ;
#882 = CARTESIAN_POINT ( 'NONE',  ( 8.304759999999999920, 57.94451000000000107, 3.000000000000000000 ) ) ;
#883 = ADVANCED_FACE ( 'NONE', ( #3427 ), #2993, .F. ) ;
#884 = FACE_OUTER_BOUND ( 'NONE', #203, .T. ) ;
#885 = DIRECTION ( 'NONE',  ( -0.2985574341678915444, 0.9543916693386866879, -0.000000000000000000 ) ) ;
#886 = EDGE_CURVE ( 'NONE', #3402, #2925, #5095, .T. ) ;
#887 = AXIS2_PLACEMENT_3D ( 'NONE', #3444, #5047, #1738 ) ;
#888 = VECTOR ( 'NONE', #2156, 1000.000000000000114 ) ;
#889 = EDGE_CURVE ( 'NONE', #5820, #4491, #4479, .T. ) ;
#890 = VERTEX_POINT ( 'NONE', #5181 ) ;
#891 = VECTOR ( 'NONE', #2546, 1000.000000000000000 ) ;
#892 = CARTESIAN_POINT ( 'NONE',  ( 12.98156999999999961, 78.66679999999999495, 0.000000000000000000 ) ) ;
#893 = DIRECTION ( 'NONE',  ( 0.01169510654849728257, -0.9999316099028069393, -0.000000000000000000 ) ) ;
#894 = VECTOR ( 'NONE', #6793, 1000.000000000000227 ) ;
#895 = CARTESIAN_POINT ( 'NONE',  ( 9.648381450483755728, 48.13836088092107701, 0.000000000000000000 ) ) ;
#896 = EDGE_CURVE ( 'NONE', #4096, #4088, #1723, .T. ) ;
#897 = LINE ( 'NONE', #3115, #2230 ) ;
#898 = LOCAL_TIME ( 23, 22, 22.00000000000000000, #1606 ) ;
#899 = VERTEX_POINT ( 'NONE', #774 ) ;
#900 = VERTEX_POINT ( 'NONE', #5064 ) ;
#901 = ORIENTED_EDGE ( 'NONE', *, *, #4933, .F. ) ;
#902 = DIRECTION ( 'NONE',  ( -0.1757250131163916040, 0.9844392920669328140, -0.000000000000000000 ) ) ;
#903 = FACE_OUTER_BOUND ( 'NONE', #1622, .T. ) ;
#904 = CARTESIAN_POINT ( 'NONE',  ( 17.98528999999999911, 58.62004999999999910, 0.000000000000000000 ) ) ;
#905 = VECTOR ( 'NONE', #1526, 1000.000000000000114 ) ;
#906 = ORIENTED_EDGE ( 'NONE', *, *, #2123, .T. ) ;
#907 = ORIENTED_EDGE ( 'NONE', *, *, #4064, .T. ) ;
#908 = CARTESIAN_POINT ( 'NONE',  ( 8.596059999999999590, 59.28164000000000300, 3.000000000000000000 ) ) ;
#909 = ORIENTED_EDGE ( 'NONE', *, *, #108, .T. ) ;
#910 = LINE ( 'NONE', #1498, #2168 ) ;
#911 = CARTESIAN_POINT ( 'NONE',  ( 0.2999999999999999889, 77.79013000000000488, 0.000000000000000000 ) ) ;
#912 = DIRECTION ( 'NONE',  ( 0.04253410548969474569, 0.9990950154365657587, -0.000000000000000000 ) ) ;
#913 = DIRECTION ( 'NONE',  ( -0.9516310011985616990, -0.3072432872461547393, 0.000000000000000000 ) ) ;
#914 = CARTESIAN_POINT ( 'NONE',  ( 7.634750000000000369, 67.36311000000000604, 0.000000000000000000 ) ) ;
#915 = CALENDAR_DATE ( 2026, 1, 10 ) ;
#916 = FACE_OUTER_BOUND ( 'NONE', #1799, .T. ) ;
#917 = ORIENTED_EDGE ( 'NONE', *, *, #3734, .F. ) ;
#918 = VERTEX_POINT ( 'NONE', #103 ) ;
#919 = LINE ( 'NONE', #3136, #770 ) ;
#920 = CARTESIAN_POINT ( 'NONE',  ( 14.02144999999999975, 75.83755999999999631, 0.000000000000000000 ) ) ;
#921 = EDGE_CURVE ( 'NONE', #5583, #156, #6211, .T. ) ;
#922 = CARTESIAN_POINT ( 'NONE',  ( 1.399999999999999911, 69.02886999999999773, 3.000000000000000000 ) ) ;
#923 = CARTESIAN_POINT ( 'NONE',  ( 9.648381450483755728, 48.13836088092107701, 3.000000000000000000 ) ) ;
#924 = ORIENTED_EDGE ( 'NONE', *, *, #6905, .T. ) ;
#925 = ADVANCED_FACE ( 'NONE', ( #4590 ), #2906, .F. ) ;
#926 = CARTESIAN_POINT ( 'NONE',  ( 10.83693000000000062, 84.14285999999999888, 3.000000000000000000 ) ) ;
#927 = DIRECTION ( 'NONE',  ( -0.000000000000000000, -0.000000000000000000, -1.000000000000000000 ) ) ;
#928 = EDGE_CURVE ( 'NONE', #6859, #3804, #3461, .T. ) ;
#929 = ADVANCED_FACE ( 'NONE', ( #5760 ), #1786, .F. ) ;
#930 = VERTEX_POINT ( 'NONE', #1166 ) ;
#931 = LINE ( 'NONE', #5992, #3952 ) ;
#932 = ORIENTED_EDGE ( 'NONE', *, *, #2326, .F. ) ;
#933 = ADVANCED_FACE ( 'NONE', ( #2294 ), #6231, .F. ) ;
#934 = CARTESIAN_POINT ( 'NONE',  ( 8.890330000000000510, 63.74942000000000064, 3.000000000000000000 ) ) ;
#935 = EDGE_LOOP ( 'NONE', ( #5186, #3738, #7214, #1765 ) ) ;
#936 = ORIENTED_EDGE ( 'NONE', *, *, #1544, .T. ) ;
#937 = VERTEX_POINT ( 'NONE', #3389 ) ;
#938 = EDGE_CURVE ( 'NONE', #6265, #3473, #4509, .T. ) ;
#939 = LINE ( 'NONE', #2687, #1957 ) ;
#940 = VERTEX_POINT ( 'NONE', #1600 ) ;
#941 = DIRECTION ( 'NONE',  ( -0.000000000000000000, -0.000000000000000000, -1.000000000000000000 ) ) ;
#942 = DIRECTION ( 'NONE',  ( -0.000000000000000000, -0.000000000000000000, -1.000000000000000000 ) ) ;
#943 = DIRECTION ( 'NONE',  ( -0.3457500829701086742, 0.9383266382908261871, -0.000000000000000000 ) ) ;
#944 = CARTESIAN_POINT ( 'NONE',  ( 9.131180000000000518, 60.73919000000000068, 3.000000000000000000 ) ) ;
#945 = LINE ( 'NONE', #2634, #4004 ) ;
#946 = COORDINATED_UNIVERSAL_TIME_OFFSET ( 3, 0, .AHEAD. ) ;
#947 = LINE ( 'NONE', #370, #2639 ) ;
#948 = VERTEX_POINT ( 'NONE', #397 ) ;
#949 = VECTOR ( 'NONE', #3846, 1000.000000000000000 ) ;
#950 = ORIENTED_EDGE ( 'NONE', *, *, #4400, .T. ) ;
#951 = CARTESIAN_POINT ( 'NONE',  ( 18.13876000000000133, 63.89996000000000720, 0.000000000000000000 ) ) ;
#952 = LINE ( 'NONE', #470, #2719 ) ;
#953 = CARTESIAN_POINT ( 'NONE',  ( 7.077650000000000219, 89.48705999999999960, 0.000000000000000000 ) ) ;
#954 = DIRECTION ( 'NONE',  ( -0.8109851479944174546, -0.5850667395541065963, 0.000000000000000000 ) ) ;
#955 = VECTOR ( 'NONE', #4027, 1000.000000000000114 ) ;
#956 = DIRECTION ( 'NONE',  ( -0.9608791694451571663, -0.2769679073943136505, 0.000000000000000000 ) ) ;
#957 = VERTEX_POINT ( 'NONE', #226 ) ;
#958 = EDGE_CURVE ( 'NONE', #2017, #2162, #979, .T. ) ;
#959 = AXIS2_PLACEMENT_3D ( 'NONE', #1375, #3588, #4722 ) ;
#960 = LINE ( 'NONE', #3800, #6787 ) ;
#961 = PLANE ( 'NONE',  #6546 ) ;
#962 = VECTOR ( 'NONE', #269, 1000.000000000000000 ) ;
#963 = CARTESIAN_POINT ( 'NONE',  ( 14.51109000000000115, 54.27886999999999773, -1.200000000000000030E-05 ) ) ;
#964 = VERTEX_POINT ( 'NONE', #4211 ) ;
#965 = ORIENTED_EDGE ( 'NONE', *, *, #105, .T. ) ;
#966 = ADVANCED_FACE ( 'NONE', ( #4880 ), #4812, .F. ) ;
#967 = ORIENTED_EDGE ( 'NONE', *, *, #5062, .T. ) ;
#968 = VECTOR ( 'NONE', #3363, 1000.000000000000000 ) ;
#969 = DIRECTION ( 'NONE',  ( -0.9953823153513881028, 0.09598982386539675615, 0.000000000000000000 ) ) ;
#970 = EDGE_LOOP ( 'NONE', ( #5691, #6101, #4311, #1044 ) ) ;
#971 = VECTOR ( 'NONE', #2673, 1000.000000000000000 ) ;
#972 = EDGE_CURVE ( 'NONE', #3294, #1284, #4668, .T. ) ;
#973 = AXIS2_PLACEMENT_3D ( 'NONE', #4964, #1168, #6061 ) ;
#974 = ORIENTED_EDGE ( 'NONE', *, *, #4703, .T. ) ;
#975 = EDGE_CURVE ( 'NONE', #6636, #1784, #1904, .T. ) ;
#976 = EDGE_CURVE ( 'NONE', #4010, #1495, #2446, .T. ) ;
#977 = ORIENTED_EDGE ( 'NONE', *, *, #6449, .F. ) ;
#978 = CARTESIAN_POINT ( 'NONE',  ( 11.08099999999999952, 83.56645000000000323, 0.000000000000000000 ) ) ;
#979 = LINE ( 'NONE', #459, #3214 ) ;
#980 = VECTOR ( 'NONE', #1787, 1000.000000000000114 ) ;
#981 = AXIS2_PLACEMENT_3D ( 'NONE', #6756, #4980, #5728 ) ;
#982 = LINE ( 'NONE', #4851, #5429 ) ;
#983 = DIRECTION ( 'NONE',  ( -0.8607790319291697134, -0.5089788386476212789, -0.000000000000000000 ) ) ;
#984 = CARTESIAN_POINT ( 'NONE',  ( 8.921011450483755212, 51.08714088092107630, 3.000000000000000000 ) ) ;
#985 = EDGE_CURVE ( 'NONE', #1926, #3042, #3262, .T. ) ;
#986 = CARTESIAN_POINT ( 'NONE',  ( 7.886489999999999334, 88.85902000000000100, 3.000000000000000000 ) ) ;
#987 = CARTESIAN_POINT ( 'NONE',  ( 0.2999999999999999889, 82.79013000000000488, 0.000000000000000000 ) ) ;
#988 = CARTESIAN_POINT ( 'NONE',  ( 22.32376232759892432, 36.51483030372894234, 3.000000000000000000 ) ) ;
#989 = ORIENTED_EDGE ( 'NONE', *, *, #3147, .F. ) ;
#990 = VECTOR ( 'NONE', #2465, 1000.000000000000000 ) ;
#991 = EDGE_LOOP ( 'NONE', ( #5884, #4129, #4381, #1980 ) ) ;
#992 = CARTESIAN_POINT ( 'NONE',  ( 5.923630000000000173, 90.10437000000000296, 0.000000000000000000 ) ) ;
#993 = DIRECTION ( 'NONE',  ( -0.3487975229795879928, 0.9371981049721045398, -0.000000000000000000 ) ) ;
#994 = CARTESIAN_POINT ( 'NONE',  ( 0.2999999999999999889, 75.26761000000000479, 3.000000000000000000 ) ) ;
#995 = CARTESIAN_POINT ( 'NONE',  ( 8.530609999999999360, 88.20659000000000560, 0.000000000000000000 ) ) ;
#996 = FACE_OUTER_BOUND ( 'NONE', #312, .T. ) ;
#997 = ORIENTED_EDGE ( 'NONE', *, *, #6623, .T. ) ;
#998 = VECTOR ( 'NONE', #4531, 1000.000000000000114 ) ;
#999 = EDGE_LOOP ( 'NONE', ( #4858, #5733, #1650, #2863 ) ) ;
#1000 = DIRECTION ( 'NONE',  ( -0.000000000000000000, -0.000000000000000000, -1.000000000000000000 ) ) ;
#1001 = VECTOR ( 'NONE', #4919, 1000.000000000000114 ) ;
#1002 = CARTESIAN_POINT ( 'NONE',  ( 4.131960000000000299, 90.70130000000000337, 0.000000000000000000 ) ) ;
#1003 = ORIENTED_EDGE ( 'NONE', *, *, #317, .T. ) ;
#1004 = ORIENTED_EDGE ( 'NONE', *, *, #1725, .F. ) ;
#1005 = ORIENTED_EDGE ( 'NONE', *, *, #5875, .F. ) ;
#1006 = AXIS2_PLACEMENT_3D ( 'NONE', #1376, #4081, #6240 ) ;
#1007 = AXIS2_PLACEMENT_3D ( 'NONE', #7156, #6017, #1027 ) ;
#1008 = CARTESIAN_POINT ( 'NONE',  ( 8.596059999999999590, 59.28164000000000300, 0.000000000000000000 ) ) ;
#1009 = EDGE_CURVE ( 'NONE', #2964, #467, #6520, .T. ) ;
#1010 = CARTESIAN_POINT ( 'NONE',  ( 18.86108730178907322, 32.27887001539321687, 0.000000000000000000 ) ) ;
#1011 = ORIENTED_EDGE ( 'NONE', *, *, #2710, .T. ) ;
#1012 = ORIENTED_EDGE ( 'NONE', *, *, #5598, .T. ) ;
#1013 = CC_DESIGN_APPROVAL ( #3904, ( #2529 ) ) ;
#1014 = CARTESIAN_POINT ( 'NONE',  ( 13.24582000000000015, 77.95171000000000561, 0.000000000000000000 ) ) ;
#1015 = EDGE_CURVE ( 'NONE', #6024, #7239, #910, .T. ) ;
#1016 = DIRECTION ( 'NONE',  ( 0.2171874262896820451, -0.9761299205851974303, -0.000000000000000000 ) ) ;
#1018 = EDGE_CURVE ( 'NONE', #2820, #2787, #7143, .T. ) ;
#1017 = PLANE ( 'NONE',  #6706 ) ;
#1019 = FACE_OUTER_BOUND ( 'NONE', #1676, .T. ) ;
#1020 = ADVANCED_FACE ( 'NONE', ( #2627 ), #1462, .F. ) ;
#1021 = DIRECTION ( 'NONE',  ( -0.000000000000000000, -1.000000000000000000, -0.000000000000000000 ) ) ;
#1022 = LINE ( 'NONE', #3309, #2167 ) ;
#1023 = PERSON_AND_ORGANIZATION ( #5259, #2945 ) ;
#1024 = LINE ( 'NONE', #1638, #5301 ) ;
#1025 = LINE ( 'NONE', #1471, #4946 ) ;
#1026 = EDGE_LOOP ( 'NONE', ( #6354, #4608, #2561, #3514 ) ) ;
#1027 = DIRECTION ( 'NONE',  ( 0.01102615379891604304, -0.9999392101184965131, 0.000000000000000000 ) ) ;
#1028 = EDGE_CURVE ( 'NONE', #4110, #1826, #3680, .T. ) ;
#1029 = LINE ( 'NONE', #2565, #7038 ) ;
#1030 = CARTESIAN_POINT ( 'NONE',  ( 12.16361999999999988, 80.84214000000000055, 3.000000000000000000 ) ) ;
#1031 = LINE ( 'NONE', #5468, #3157 ) ;
#1032 = DIRECTION ( 'NONE',  ( 0.6639920876360050350, 0.7477395987620153450, 0.000000000000000000 ) ) ;
#1033 = DIRECTION ( 'NONE',  ( 1.000000000000000000, 0.000000000000000000, 0.000000000000000000 ) ) ;
#1034 = ORIENTED_EDGE ( 'NONE', *, *, #647, .T. ) ;
#1035 = CARTESIAN_POINT ( 'NONE',  ( 8.476779999999999760, 58.83167999999999864, 0.000000000000000000 ) ) ;
#1036 = PLANE ( 'NONE',  #2525 ) ;
#1037 = LINE ( 'NONE', #6995, #2697 ) ;
#1038 = ORIENTED_EDGE ( 'NONE', *, *, #2392, .F. ) ;
#1039 = VECTOR ( 'NONE', #6223, 1000.000000000000000 ) ;
#1040 = ORIENTED_EDGE ( 'NONE', *, *, #2913, .F. ) ;
#1041 = DIRECTION ( 'NONE',  ( -0.6639920876360008162, -0.7477395987620191198, -0.000000000000000000 ) ) ;
#1042 = ORIENTED_EDGE ( 'NONE', *, *, #1290, .F. ) ;
#1043 = ORIENTED_EDGE ( 'NONE', *, *, #5308, .F. ) ;
#1044 = ORIENTED_EDGE ( 'NONE', *, *, #6638, .T. ) ;
#1045 = ADVANCED_FACE ( 'NONE', ( #7110 ), #5453, .T. ) ;
#1046 = DIRECTION ( 'NONE',  ( -0.9318884937938421986, -0.3627448623132299987, 0.000000000000000000 ) ) ;
#1047 = EDGE_LOOP ( 'NONE', ( #5580, #3016, #1609, #6541 ) ) ;
#1048 = DIRECTION ( 'NONE',  ( -0.000000000000000000, -0.000000000000000000, -1.000000000000000000 ) ) ;
#1049 = DIRECTION ( 'NONE',  ( -0.000000000000000000, -0.000000000000000000, -1.000000000000000000 ) ) ;
#1050 = PLANE ( 'NONE',  #5503 ) ;
#1051 = CARTESIAN_POINT ( 'NONE',  ( 18.40963999999999956, 60.75124999999999886, 0.000000000000000000 ) ) ;
#1052 = DIRECTION ( 'NONE',  ( 0.2700736831150955530, -0.9628396573099006206, -0.000000000000000000 ) ) ;
#1053 = LINE ( 'NONE', #3268, #1347 ) ;
#1054 = LINE ( 'NONE', #503, #176 ) ;
#1055 = EDGE_LOOP ( 'NONE', ( #5216, #493, #2164, #302 ) ) ;
#1056 = EDGE_CURVE ( 'NONE', #3880, #6107, #6554, .T. ) ;
#1057 = ORIENTED_EDGE ( 'NONE', *, *, #693, .F. ) ;
#1058 = DIRECTION ( 'NONE',  ( -0.3498946810519633632, 0.9367890435800072524, -0.000000000000000000 ) ) ;
#1059 = CARTESIAN_POINT ( 'NONE',  ( 0.2999999999999999889, 77.76761000000000479, 0.000000000000000000 ) ) ;
#1060 = CARTESIAN_POINT ( 'NONE',  ( 0.2999999999999999889, 85.29013000000000488, 0.000000000000000000 ) ) ;
#1061 = LINE ( 'NONE', #544, #6460 ) ;
#1062 = LINE ( 'NONE', #1684, #2473 ) ;
#1063 = EDGE_CURVE ( 'NONE', #4586, #4136, #3159, .T. ) ;
#1064 = AXIS2_PLACEMENT_3D ( 'NONE', #5267, #743, #4164 ) ;
#1065 = VERTEX_POINT ( 'NONE', #4286 ) ;
#1066 = EDGE_CURVE ( 'NONE', #6653, #710, #2590, .T. ) ;
#1067 = ADVANCED_FACE ( 'NONE', ( #4356 ), #1528, .F. ) ;
#1068 = LINE ( 'NONE', #3285, #3179 ) ;
#1069 = VECTOR ( 'NONE', #811, 1000.000000000000000 ) ;
#1070 = CARTESIAN_POINT ( 'NONE',  ( 9.692830000000000723, 86.53628000000000497, 0.000000000000000000 ) ) ;
#1071 = EDGE_CURVE ( 'NONE', #6727, #1826, #6037, .T. ) ;
#1072 = ORIENTED_EDGE ( 'NONE', *, *, #2797, .F. ) ;
#1073 = ORIENTED_EDGE ( 'NONE', *, *, #4039, .T. ) ;
#1074 = VECTOR ( 'NONE', #4867, 1000.000000000000000 ) ;
#1075 = ORIENTED_EDGE ( 'NONE', *, *, #829, .F. ) ;
#1076 = DIRECTION ( 'NONE',  ( -0.000000000000000000, -1.000000000000000000, -0.000000000000000000 ) ) ;
#1077 = ORIENTED_EDGE ( 'NONE', *, *, #6495, .F. ) ;
#1078 = ORIENTED_EDGE ( 'NONE', *, *, #3965, .F. ) ;
#1079 = VECTOR ( 'NONE', #1201, 1000.000000000000114 ) ;
#1080 = EDGE_LOOP ( 'NONE', ( #6015, #1519, #4607, #5810, #6081, #1325, #3705, #5520, #1011, #3117, #5648, #6761, #6244, #6392, #758, #34, #2809, #4938, #4316, #249, #3261, #741, #1265, #965, #3927, #2039, #909, #5654, #1845, #2414, #869, #4207, #4486, #7109, #3792, #3035, #2671, #2458, #2371, #2127, #1260, #3474, #274, #4708, #5949, #3336, #5231, #6030, #2552, #1901, #5249, #5449, #6162, #1363, #4131, #1925, #6445, #7184, #7171, #1627, #2951, #1757, #6772, #5673, #6762, #5408, #2246, #4013, #6142, #6952, #1432, #4783, #6325, #4773, #1179, #3803, #114, #1951, #2027, #6838, #4282, #2199, #2292, #1400, #2924, #3655, #3158, #5902, #3260, #7016, #6212, #6285, #6603, #5043, #1288, #5495, #5041, #815, #3040, #589, #6372, #4915, #6147, #4338, #6071, #5038, #2684, #6193, #3081, #5272, #1792, #5913, #2385, #4755, #6573, #2744, #6878, #5989, #4969, #5799, #6759, #5450, #5852, #1887, #6514, #6841, #91, #1674, #3707, #5851, #6334, #6002, #5653, #5443, #2335, #6941, #451, #3405, #3671, #2035, #5262, #1941, #4641, #5320, #6401, #6476, #3513, #2338, #5629, #2598, #5483, #5132, #4011, #4557, #3702, #6434, #6157, #2204, #721, #1267, #4007, #1534, #1108, #4833, #1259, #3636, #7207, #4169, #1003, #4937, #827, #6847, #6830, #1451, #4264, #2101, #6410, #5663, #2471, #6177, #7212, #6138, #2770, #814, #6577, #5199, #5388, #209, #1238, #6312, #5994, #5215, #3851, #5207, #5780, #4281, #7077, #5747, #558, #5040, #4681, #6618, #1163, #1389, #2783, #6428, #3311, #5686, #6291, #3220 ) ) ;
#1081 = CARTESIAN_POINT ( 'NONE',  ( 12.97793000000000063, 78.67661999999999978, 3.000000000000000000 ) ) ;
#1082 = CARTESIAN_POINT ( 'NONE',  ( 9.648381450483755728, 48.13836088092107701, 0.000000000000000000 ) ) ;
#1083 = DIRECTION ( 'NONE',  ( -0.3229935981466659500, 0.9464011493844827205, -0.000000000000000000 ) ) ;
#1084 = VECTOR ( 'NONE', #651, 1000.000000000000000 ) ;
#1085 = CARTESIAN_POINT ( 'NONE',  ( 7.585289999999999644, 89.11507000000000289, 3.000000000000000000 ) ) ;
#1086 = PLANE ( 'NONE',  #1482 ) ;
#1087 = LINE ( 'NONE', #2153, #4243 ) ;
#1088 = EDGE_LOOP ( 'NONE', ( #6032, #7103, #5193, #3888 ) ) ;
#1089 = AXIS2_PLACEMENT_3D ( 'NONE', #2520, #6978, #6892 ) ;
#1090 = VECTOR ( 'NONE', #3471, 1000.000000000000000 ) ;
#1091 = ORIENTED_EDGE ( 'NONE', *, *, #2675, .F. ) ;
#1092 = VECTOR ( 'NONE', #4866, 1000.000000000000000 ) ;
#1093 = CARTESIAN_POINT ( 'NONE',  ( 8.681279999999999220, 64.41770999999999958, 0.000000000000000000 ) ) ;
#1094 = LINE ( 'NONE', #2318, #7154 ) ;
#1095 = PLANE ( 'NONE',  #376 ) ;
#1096 = CARTESIAN_POINT ( 'NONE',  ( 0.2999999999999999889, 65.26761000000000479, 3.000000000000000000 ) ) ;
#1097 = EDGE_CURVE ( 'NONE', #6563, #3012, #4942, .T. ) ;
#1098 = LINE ( 'NONE', #5537, #2132 ) ;
#1099 = VECTOR ( 'NONE', #5881, 1000.000000000000114 ) ;
#1100 = CARTESIAN_POINT ( 'NONE',  ( 5.154580000000000162, 90.37573999999999330, 0.000000000000000000 ) ) ;
#1101 = ORIENTED_EDGE ( 'NONE', *, *, #1871, .F. ) ;
#1102 = DIRECTION ( 'NONE',  ( -0.3627448623132300543, 0.9318884937938421986, -0.000000000000000000 ) ) ;
#1103 = CARTESIAN_POINT ( 'NONE',  ( 8.530609999999999360, 88.20659000000000560, 3.000000000000000000 ) ) ;
#1104 = EDGE_CURVE ( 'NONE', #4618, #4163, #5487, .T. ) ;
#1105 = CARTESIAN_POINT ( 'NONE',  ( 16.04970000000000141, 70.55512000000000228, 3.000000000000000000 ) ) ;
#1106 = EDGE_CURVE ( 'NONE', #539, #2364, #494, .T. ) ;
#1107 = VECTOR ( 'NONE', #3887, 1000.000000000000000 ) ;
#1108 = ORIENTED_EDGE ( 'NONE', *, *, #1728, .T. ) ;
#1109 = VECTOR ( 'NONE', #4184, 1000.000000000000227 ) ;
#1110 = EDGE_CURVE ( 'NONE', #5351, #5108, #6625, .T. ) ;
#1111 = ORIENTED_EDGE ( 'NONE', *, *, #410, .F. ) ;
#1112 = PLANE ( 'NONE',  #6436 ) ;
#1113 = ORIENTED_EDGE ( 'NONE', *, *, #554, .F. ) ;
#1114 = ORIENTED_EDGE ( 'NONE', *, *, #3776, .F. ) ;
#1115 = VECTOR ( 'NONE', #4496, 1000.000000000000114 ) ;
#1116 = VECTOR ( 'NONE', #469, 1000.000000000000000 ) ;
#1117 = ORIENTED_EDGE ( 'NONE', *, *, #4666, .F. ) ;
#1118 = CARTESIAN_POINT ( 'NONE',  ( 7.404020000000000046, 89.25593999999999539, 3.000000000000000000 ) ) ;
#1119 = ORIENTED_EDGE ( 'NONE', *, *, #77, .F. ) ;
#1120 = CARTESIAN_POINT ( 'NONE',  ( 8.476779999999999760, 58.83167999999999864, 0.000000000000000000 ) ) ;
#1121 = LINE ( 'NONE', #1708, #3845 ) ;
#1122 = DIRECTION ( 'NONE',  ( -0.002877633515779297844, -0.9999958596041029768, -0.000000000000000000 ) ) ;
#1123 = CARTESIAN_POINT ( 'NONE',  ( 14.02144999999999975, 75.83755999999999631, 3.000000000000000000 ) ) ;
#1124 = EDGE_LOOP ( 'NONE', ( #6364, #1844, #5914, #787 ) ) ;
#1125 = DIRECTION ( 'NONE',  ( -0.000000000000000000, -0.000000000000000000, -1.000000000000000000 ) ) ;
#1126 = LINE ( 'NONE', #6739, #5154 ) ;
#1127 = LINE ( 'NONE', #3349, #5378 ) ;
#1128 = CARTESIAN_POINT ( 'NONE',  ( 1.399999999999999911, 79.02886999999999773, 0.000000000000000000 ) ) ;
#1129 = DIRECTION ( 'NONE',  ( 1.000000000000000000, 0.000000000000000000, 0.000000000000000000 ) ) ;
#1130 = CARTESIAN_POINT ( 'NONE',  ( 17.41939489312808220, 33.10977980472953419, 0.000000000000000000 ) ) ;
#1131 = LINE ( 'NONE', #1747, #1266 ) ;
#1132 = EDGE_LOOP ( 'NONE', ( #2007, #393, #2172, #2971 ) ) ;
#1133 = CARTESIAN_POINT ( 'NONE',  ( 8.836959999999999482, 60.01276000000000010, 3.000000000000000000 ) ) ;
#1134 = ADVANCED_FACE ( 'NONE', ( #5757 ), #6345, .F. ) ;
#1135 = DIRECTION ( 'NONE',  ( -0.7651950915157699207, -0.6437984715112118339, 0.000000000000000000 ) ) ;
#1136 = PLANE ( 'NONE',  #2245 ) ;
#1137 = CARTESIAN_POINT ( 'NONE',  ( 0.2999999999999999889, 85.26761000000000479, 3.000000000000000000 ) ) ;
#1138 = ADVANCED_FACE ( 'NONE', ( #3028 ), #1365, .F. ) ;
#1139 = VERTEX_POINT ( 'NONE', #263 ) ;
#1140 = EDGE_CURVE ( 'NONE', #6265, #556, #4149, .T. ) ;
#1141 = ORIENTED_EDGE ( 'NONE', *, *, #5598, .F. ) ;
#1142 = LINE ( 'NONE', #6617, #968 ) ;
#1143 = VERTEX_POINT ( 'NONE', #5332 ) ;
#1144 = VERTEX_POINT ( 'NONE', #2120 ) ;
#1145 = ADVANCED_FACE ( 'NONE', ( #3100 ), #6051, .F. ) ;
#1146 = VERTEX_POINT ( 'NONE', #7019 ) ;
#1147 = ORIENTED_EDGE ( 'NONE', *, *, #958, .T. ) ;
#1148 = DIRECTION ( 'NONE',  ( 0.08549496720477794964, 0.9963386023750429032, 0.000000000000000000 ) ) ;
#1149 = ORIENTED_EDGE ( 'NONE', *, *, #4561, .F. ) ;
#1150 = CARTESIAN_POINT ( 'NONE',  ( 20.46819735041480115, 31.84692447792347636, -0.000000000000000000 ) ) ;
#1151 = DIRECTION ( 'NONE',  ( -0.000000000000000000, -1.000000000000000000, -0.000000000000000000 ) ) ;
#1152 = FACE_OUTER_BOUND ( 'NONE', #6397, .T. ) ;
#1153 = CARTESIAN_POINT ( 'NONE',  ( 10.00177000000000049, 85.95217999999999847, 3.000000000000000000 ) ) ;
#1154 = EDGE_CURVE ( 'NONE', #6909, #1562, #5365, .T. ) ;
#1155 = ORIENTED_EDGE ( 'NONE', *, *, #6966, .T. ) ;
#1156 = CARTESIAN_POINT ( 'NONE',  ( 13.77060999999999957, 76.52236000000000615, 3.000000000000000000 ) ) ;
#1157 = CARTESIAN_POINT ( 'NONE',  ( 18.29106000000000165, 63.06965000000000288, 3.000000000000000000 ) ) ;
#1158 = PLANE ( 'NONE',  #4198 ) ;
#1159 = LINE ( 'NONE', #5601, #1332 ) ;
#1160 = CARTESIAN_POINT ( 'NONE',  ( 11.95203145048375681, 39.88346088092108488, 3.000000000000000000 ) ) ;
#1161 = CARTESIAN_POINT ( 'NONE',  ( 18.42919957101162254, 33.88584434395445300, 0.000000000000000000 ) ) ;
#1162 = DIRECTION ( 'NONE',  ( -0.2985574341678915444, 0.9543916693386866879, -0.000000000000000000 ) ) ;
#1163 = ORIENTED_EDGE ( 'NONE', *, *, #2131, .T. ) ;
#1164 = CARTESIAN_POINT ( 'NONE',  ( 10.00177000000000049, 85.95217999999999847, 3.000000000000000000 ) ) ;
#1165 = ORIENTED_EDGE ( 'NONE', *, *, #6681, .T. ) ;
#1166 = CARTESIAN_POINT ( 'NONE',  ( 12.87826145048375537, 36.72531088092107865, 3.000000000000000000 ) ) ;
#1167 = CARTESIAN_POINT ( 'NONE',  ( 0.2999999999999999889, 62.79012999999999778, 0.000000000000000000 ) ) ;
#1168 = DIRECTION ( 'NONE',  ( 0.7477395987620228945, 0.6639920876359967084, -0.000000000000000000 ) ) ;
#1169 = EDGE_CURVE ( 'NONE', #3345, #786, #5982, .T. ) ;
#1170 = VERTEX_POINT ( 'NONE', #6529 ) ;
#1171 = CARTESIAN_POINT ( 'NONE',  ( 6.401110000000000078, 89.88324000000000069, 3.000000000000000000 ) ) ;
#1172 = VECTOR ( 'NONE', #1151, 1000.000000000000000 ) ;
#1173 = PLANE ( 'NONE',  #2308 ) ;
#1174 = ORIENTED_EDGE ( 'NONE', *, *, #2919, .F. ) ;
#1175 = CARTESIAN_POINT ( 'NONE',  ( 7.339730000000000310, 68.13688000000000500, 3.000000000000000000 ) ) ;
#1176 = EDGE_CURVE ( 'NONE', #2103, #1898, #373, .T. ) ;
#1177 = ORIENTED_EDGE ( 'NONE', *, *, #7005, .F. ) ;
#1178 = EDGE_LOOP ( 'NONE', ( #1952, #2819, #2727, #5155 ) ) ;
#1179 = ORIENTED_EDGE ( 'NONE', *, *, #2174, .T. ) ;
#1180 = VECTOR ( 'NONE', #5372, 1000.000000000000000 ) ;
#1181 = CARTESIAN_POINT ( 'NONE',  ( 5.498310000000000031, 90.26606999999999914, 0.000000000000000000 ) ) ;
#1182 = EDGE_CURVE ( 'NONE', #6058, #4612, #3793, .T. ) ;
#1183 = EDGE_CURVE ( 'NONE', #3624, #1143, #3693, .T. ) ;
#1184 = VECTOR ( 'NONE', #5022, 1000.000000000000000 ) ;
#1185 = CARTESIAN_POINT ( 'NONE',  ( 18.10079999999999956, 58.99235999999999791, 3.000000000000000000 ) ) ;
#1186 = EDGE_CURVE ( 'NONE', #681, #7081, #5944, .T. ) ;
#1187 = DIRECTION ( 'NONE',  ( 0.3562598366157372909, -0.9343869267142643764, 0.000000000000000000 ) ) ;
#1188 = ORIENTED_EDGE ( 'NONE', *, *, #6268, .F. ) ;
#1189 = VECTOR ( 'NONE', #232, 999.9999999999998863 ) ;
#1190 = VECTOR ( 'NONE', #1384, 1000.000000000000000 ) ;
#1191 = CARTESIAN_POINT ( 'NONE',  ( 13.69005145048375383, 33.97336088092107786, 0.000000000000000000 ) ) ;
#1192 = EDGE_CURVE ( 'NONE', #2543, #194, #4366, .T. ) ;
#1193 = CARTESIAN_POINT ( 'NONE',  ( 12.42919957100565576, 55.88584434395046685, 0.000000000000000000 ) ) ;
#1194 = CARTESIAN_POINT ( 'NONE',  ( 8.756370000000000431, 87.93825999999999965, 3.000000000000000000 ) ) ;
#1195 = CARTESIAN_POINT ( 'NONE',  ( 7.634750000000000369, 67.36311000000000604, 0.000000000000000000 ) ) ;
#1196 = LINE ( 'NONE', #6123, #4569 ) ;
#1197 = VECTOR ( 'NONE', #2321, 1000.000000000000000 ) ;
#1198 = VECTOR ( 'NONE', #6096, 1000.000000000000114 ) ;
#1199 = CARTESIAN_POINT ( 'NONE',  ( 8.253989999999999938, 57.55418000000000234, 3.000000000000000000 ) ) ;
#1200 = ORIENTED_EDGE ( 'NONE', *, *, #6367, .T. ) ;
#1201 = DIRECTION ( 'NONE',  ( 0.3842214136658135826, 0.9232409789868752936, -0.000000000000000000 ) ) ;
#1202 = DIRECTION ( 'NONE',  ( 0.3516850965593077971, -0.9361183647691516674, 0.000000000000000000 ) ) ;
#1203 = CARTESIAN_POINT ( 'NONE',  ( 12.70767000000000024, 79.40269999999999584, 3.000000000000000000 ) ) ;
#1204 = LINE ( 'NONE', #5066, #4929 ) ;
#1205 = AXIS2_PLACEMENT_3D ( 'NONE', #7054, #1894, #4104 ) ;
#1206 = ORIENTED_EDGE ( 'NONE', *, *, #3211, .F. ) ;
#1207 = CARTESIAN_POINT ( 'NONE',  ( 16.97557000000000116, 67.99586999999999648, 3.000000000000000000 ) ) ;
#1208 = CARTESIAN_POINT ( 'NONE',  ( 8.890330000000000510, 63.74942000000000064, 0.000000000000000000 ) ) ;
#1209 = ORIENTED_EDGE ( 'NONE', *, *, #603, .T. ) ;
#1210 = LINE ( 'NONE', #1795, #5988 ) ;
#1211 = AXIS2_PLACEMENT_3D ( 'NONE', #2187, #6046, #5012 ) ;
#1212 = FACE_OUTER_BOUND ( 'NONE', #6284, .T. ) ;
#1213 = VERTEX_POINT ( 'NONE', #4916 ) ;
#1214 = VERTEX_POINT ( 'NONE', #992 ) ;
#1215 = VERTEX_POINT ( 'NONE', #2600 ) ;
#1216 = VECTOR ( 'NONE', #1505, 1000.000000000000000 ) ;
#1217 = VERTEX_POINT ( 'NONE', #1507 ) ;
#1218 = FACE_BOUND ( 'NONE', #2973, .T. ) ;
#1219 = EDGE_CURVE ( 'NONE', #5382, #5655, #3208, .T. ) ;
#1220 = CARTESIAN_POINT ( 'NONE',  ( 17.41926188666279884, 31.44790510219120350, -0.000000000000000000 ) ) ;
#1221 = AXIS2_PLACEMENT_3D ( 'NONE', #4775, #7008, #4212 ) ;
#1222 = VECTOR ( 'NONE', #1058, 1000.000000000000114 ) ;
#1223 = FACE_OUTER_BOUND ( 'NONE', #5206, .T. ) ;
#1224 = LINE ( 'NONE', #5626, #6580 ) ;
#1225 = AXIS2_PLACEMENT_3D ( 'NONE', #4874, #3735, #358 ) ;
#1226 = ORIENTED_EDGE ( 'NONE', *, *, #5209, .F. ) ;
#1227 = EDGE_CURVE ( 'NONE', #6590, #285, #2698, .T. ) ;
#1228 = ORIENTED_EDGE ( 'NONE', *, *, #7011, .F. ) ;
#1229 = CARTESIAN_POINT ( 'NONE',  ( 17.23310999999999993, 67.22267999999999688, 0.000000000000000000 ) ) ;
#1230 = AXIS2_PLACEMENT_3D ( 'NONE', #4689, #3008, #2547 ) ;
#1231 = EDGE_CURVE ( 'NONE', #4719, #3616, #6604, .T. ) ;
#1232 = LINE ( 'NONE', #1191, #4852 ) ;
#1233 = CARTESIAN_POINT ( 'NONE',  ( 6.401110000000000078, 89.88324000000000069, 0.000000000000000000 ) ) ;
#1234 = CARTESIAN_POINT ( 'NONE',  ( 13.24835000000000029, 77.94482999999999606, 0.000000000000000000 ) ) ;
#1235 = LINE ( 'NONE', #3923, #2362 ) ;
#1236 = CARTESIAN_POINT ( 'NONE',  ( 17.29430999999999941, 56.93227000000000260, 3.000000000000000000 ) ) ;
#1237 = CARTESIAN_POINT ( 'NONE',  ( 1.399999999999999911, 64.02886999999999773, 0.000000000000000000 ) ) ;
#1238 = ORIENTED_EDGE ( 'NONE', *, *, #6502, .T. ) ;
#1239 = ORIENTED_EDGE ( 'NONE', *, *, #1851, .F. ) ;
#1240 = EDGE_CURVE ( 'NONE', #5878, #2736, #5915, .T. ) ;
#1241 = DIRECTION ( 'NONE',  ( 0.9593303148257743551, 0.2822859313821372562, -0.000000000000000000 ) ) ;
#1242 = CARTESIAN_POINT ( 'NONE',  ( 17.51552999999999827, 57.44236000000000075, 0.000000000000000000 ) ) ;
#1243 = DIRECTION ( 'NONE',  ( 0.9591033597198609373, 0.2830560816765380627, -0.000000000000000000 ) ) ;
#1244 = CARTESIAN_POINT ( 'NONE',  ( 17.25168000000000035, 56.80989000000000289, 0.000000000000000000 ) ) ;
#1245 = APPLICATION_CONTEXT ( 'configuration controlled 3d designs of mechanical parts and assemblies' ) ;
#1246 = AXIS2_PLACEMENT_3D ( 'NONE', #5322, #2005, #7043 ) ;
#1247 = FACE_OUTER_BOUND ( 'NONE', #1993, .T. ) ;
#1248 = EDGE_CURVE ( 'NONE', #539, #1658, #440, .T. ) ;
#1249 = ORIENTED_EDGE ( 'NONE', *, *, #2625, .T. ) ;
#1250 = CARTESIAN_POINT ( 'NONE',  ( 8.530609999999999360, 88.20659000000000560, 3.000000000000000000 ) ) ;
#1251 = DIRECTION ( 'NONE',  ( -0.000000000000000000, -0.000000000000000000, -1.000000000000000000 ) ) ;
#1252 = CARTESIAN_POINT ( 'NONE',  ( 15.74558999999999997, 71.35272999999999399, 0.000000000000000000 ) ) ;
#1253 = ORIENTED_EDGE ( 'NONE', *, *, #4795, .F. ) ;
#1254 = CARTESIAN_POINT ( 'NONE',  ( 5.129159999999999719, 90.38315000000000055, 3.000000000000000000 ) ) ;
#1255 = DIRECTION ( 'NONE',  ( 0.2928119153001259578, 0.9561700592772562901, 0.000000000000000000 ) ) ;
#1256 = EDGE_LOOP ( 'NONE', ( #2990, #1040, #4200, #246 ) ) ;
#1257 = ORIENTED_EDGE ( 'NONE', *, *, #2237, .T. ) ;
#1258 = EDGE_LOOP ( 'NONE', ( #4844, #3536, #3289, #4846 ) ) ;
#1259 = ORIENTED_EDGE ( 'NONE', *, *, #6465, .T. ) ;
#1260 = ORIENTED_EDGE ( 'NONE', *, *, #1753, .T. ) ;
#1261 = CARTESIAN_POINT ( 'NONE',  ( 17.21101801742089066, 32.06292226996509953, 0.000000000000000000 ) ) ;
#1262 = DIRECTION ( 'NONE',  ( 0.6639920876360008162, -0.7477395987620191198, -0.000000000000000000 ) ) ;
#1263 = DIRECTION ( 'NONE',  ( -0.000000000000000000, -0.000000000000000000, -1.000000000000000000 ) ) ;
#1264 = ADVANCED_FACE ( 'NONE', ( #408 ), #1575, .F. ) ;
#1265 = ORIENTED_EDGE ( 'NONE', *, *, #2443, .T. ) ;
#1266 = VECTOR ( 'NONE', #2322, 1000.000000000000114 ) ;
#1267 = ORIENTED_EDGE ( 'NONE', *, *, #976, .T. ) ;
#1268 = CARTESIAN_POINT ( 'NONE',  ( 18.40963999999999956, 60.75124999999999886, 3.000000000000000000 ) ) ;
#1269 = CARTESIAN_POINT ( 'NONE',  ( 11.21116198257945129, 54.49481773003143559, -0.000000000000000000 ) ) ;
#1270 = CARTESIAN_POINT ( 'NONE',  ( 0.2999999999999999889, 89.63273999999999830, 3.000000000000000000 ) ) ;
#1271 = CARTESIAN_POINT ( 'NONE',  ( 0.2999999999999999889, 82.76761000000000479, 3.000000000000000000 ) ) ;
#1272 = DIRECTION ( 'NONE',  ( -0.000000000000000000, -0.000000000000000000, -1.000000000000000000 ) ) ;
#1273 = EDGE_CURVE ( 'NONE', #3049, #5873, #919, .T. ) ;
#1274 = LINE ( 'NONE', #3491, #2163 ) ;
#1275 = ORIENTED_EDGE ( 'NONE', *, *, #1176, .T. ) ;
#1276 = CARTESIAN_POINT ( 'NONE',  ( 18.86109000000000080, 32.27886999999999773, -1.200000000000000030E-05 ) ) ;
#1277 = DIRECTION ( 'NONE',  ( -0.000000000000000000, -0.000000000000000000, 1.000000000000000000 ) ) ;
#1278 = CARTESIAN_POINT ( 'NONE',  ( 1.809279999999999999, 90.52478000000000691, 0.000000000000000000 ) ) ;
#1279 = CARTESIAN_POINT ( 'NONE',  ( 18.29106000000000165, 63.06965000000000288, 3.000000000000000000 ) ) ;
#1280 = EDGE_CURVE ( 'NONE', #1665, #4586, #6500, .T. ) ;
#1281 = EDGE_CURVE ( 'NONE', #4976, #2791, #3721, .T. ) ;
#1282 = PLANE ( 'NONE',  #2157 ) ;
#1283 = EDGE_CURVE ( 'NONE', #3804, #5657, #6082, .T. ) ;
#1284 = VERTEX_POINT ( 'NONE', #2247 ) ;
#1285 = LINE ( 'NONE', #275, #2821 ) ;
#1286 = CARTESIAN_POINT ( 'NONE',  ( 9.338660000000000849, 87.12870999999999810, 3.000000000000000000 ) ) ;
#1287 = DIRECTION ( 'NONE',  ( -0.6805548508092592597, -0.7326971373220908523, 0.000000000000000000 ) ) ;
#1288 = ORIENTED_EDGE ( 'NONE', *, *, #7210, .T. ) ;
#1289 = DIRECTION ( 'NONE',  ( 0.3562594499784251800, -0.9343870741299186156, -0.000000000000000000 ) ) ;
#1290 = EDGE_CURVE ( 'NONE', #7211, #3557, #4499, .T. ) ;
#1291 = DIRECTION ( 'NONE',  ( 0.9561700592772564011, -0.2928119153001260133, 0.000000000000000000 ) ) ;
#1292 = ORIENTED_EDGE ( 'NONE', *, *, #1110, .T. ) ;
#1293 = AXIS2_PLACEMENT_3D ( 'NONE', #1975, #2632, #6455 ) ;
#1294 = ORIENTED_EDGE ( 'NONE', *, *, #5871, .F. ) ;
#1295 = ORIENTED_EDGE ( 'NONE', *, *, #6228, .F. ) ;
#1296 = ORIENTED_EDGE ( 'NONE', *, *, #1523, .F. ) ;
#1297 = LINE ( 'NONE', #3083, #6483 ) ;
#1298 = LINE ( 'NONE', #3045, #7188 ) ;
#1299 = VECTOR ( 'NONE', #2909, 999.9999999999998863 ) ;
#1300 = AXIS2_PLACEMENT_3D ( 'NONE', #6627, #5488, #2148 ) ;
#1301 = PLANE ( 'NONE',  #3305 ) ;
#1302 = LINE ( 'NONE', #2282, #7167 ) ;
#1303 = ORIENTED_EDGE ( 'NONE', *, *, #5836, .F. ) ;
#1304 = ORIENTED_EDGE ( 'NONE', *, *, #2433, .F. ) ;
#1305 = CARTESIAN_POINT ( 'NONE',  ( 17.25848999999999833, 67.14406999999999925, 0.000000000000000000 ) ) ;
#1306 = ORIENTED_EDGE ( 'NONE', *, *, #785, .F. ) ;
#1307 = FACE_OUTER_BOUND ( 'NONE', #3236, .T. ) ;
#1308 = AXIS2_PLACEMENT_3D ( 'NONE', #7124, #6674, #1033 ) ;
#1309 = DIRECTION ( 'NONE',  ( -0.8634399920101586412, 0.5044515637774326100, -0.000000000000000000 ) ) ;
#1310 = CARTESIAN_POINT ( 'NONE',  ( 8.756370000000000431, 87.93825999999999965, 0.000000000000000000 ) ) ;
#1311 = CARTESIAN_POINT ( 'NONE',  ( 17.98780999999999963, 64.57842999999999734, 0.000000000000000000 ) ) ;
#1312 = LINE ( 'NONE', #4183, #3296 ) ;
#1313 = CARTESIAN_POINT ( 'NONE',  ( 18.33457999999999899, 62.76655000000000229, 3.000000000000000000 ) ) ;
#1314 = ORIENTED_EDGE ( 'NONE', *, *, #1106, .F. ) ;
#1315 = VECTOR ( 'NONE', #7164, 1000.000000000000000 ) ;
#1316 = ORIENTED_EDGE ( 'NONE', *, *, #3071, .T. ) ;
#1317 = DIRECTION ( 'NONE',  ( 1.000000000000000000, 0.000000000000000000, 0.000000000000000000 ) ) ;
#1318 = CARTESIAN_POINT ( 'NONE',  ( 12.44214000000000020, 80.10948999999999387, 3.000000000000000000 ) ) ;
#1319 = DIRECTION ( 'NONE',  ( 1.000000000000000000, 0.000000000000000000, 0.000000000000000000 ) ) ;
#1320 = EDGE_CURVE ( 'NONE', #4239, #2170, #5630, .T. ) ;
#1321 = DIRECTION ( 'NONE',  ( -0.4053675956482820641, -0.9141537684647648154, 0.000000000000000000 ) ) ;
#1322 = VECTOR ( 'NONE', #881, 1000.000000000000000 ) ;
#1323 = VECTOR ( 'NONE', #4742, 1000.000000000000000 ) ;
#1324 = DIRECTION ( 'NONE',  ( -0.8998124491467215380, -0.4362769262298645256, 0.000000000000000000 ) ) ;
#1325 = ORIENTED_EDGE ( 'NONE', *, *, #6903, .T. ) ;
#1326 = ORIENTED_EDGE ( 'NONE', *, *, #122, .F. ) ;
#1327 = EDGE_CURVE ( 'NONE', #2550, #1453, #3274, .T. ) ;
#1328 = CARTESIAN_POINT ( 'NONE',  ( 18.29106000000000165, 63.06965000000000288, 3.000000000000000000 ) ) ;
#1329 = AXIS2_PLACEMENT_3D ( 'NONE', #5220, #227, #4711 ) ;
#1330 = ORIENTED_EDGE ( 'NONE', *, *, #3730, .T. ) ;
#1331 = DIRECTION ( 'NONE',  ( -0.000000000000000000, -1.000000000000000000, -0.000000000000000000 ) ) ;
#1332 = VECTOR ( 'NONE', #5020, 1000.000000000000000 ) ;
#1333 = CC_DESIGN_PERSON_AND_ORGANIZATION_ASSIGNMENT ( #4819, #4399, ( #5202 ) ) ;
#1334 = DIRECTION ( 'NONE',  ( 0.4029552329834815705, 0.9152196895889139761, -0.000000000000000000 ) ) ;
#1335 = EDGE_CURVE ( 'NONE', #937, #4191, #2513, .T. ) ;
#1336 = VERTEX_POINT ( 'NONE', #6850 ) ;
#1337 = PLANE ( 'NONE',  #981 ) ;
#1338 = LINE ( 'NONE', #2922, #1755 ) ;
#1339 = VECTOR ( 'NONE', #1404, 1000.000000000000000 ) ;
#1340 = ORIENTED_EDGE ( 'NONE', *, *, #5238, .F. ) ;
#1341 = VERTEX_POINT ( 'NONE', #4619 ) ;
#1342 = ORIENTED_EDGE ( 'NONE', *, *, #3425, .F. ) ;
#1343 = EDGE_CURVE ( 'NONE', #364, #4329, #1853, .T. ) ;
#1344 = CARTESIAN_POINT ( 'NONE',  ( 7.038929999999999687, 68.91521000000000186, 3.000000000000000000 ) ) ;
#1345 = DIRECTION ( 'NONE',  ( 0.9018951281108494866, -0.4319550646651968417, 0.000000000000000000 ) ) ;
#1346 = ORIENTED_EDGE ( 'NONE', *, *, #524, .T. ) ;
#1347 = VECTOR ( 'NONE', #5492, 1000.000000000000000 ) ;
#1348 = ORIENTED_EDGE ( 'NONE', *, *, #2433, .T. ) ;
#1349 = EDGE_LOOP ( 'NONE', ( #45, #3991, #1119, #6765 ) ) ;
#1350 = CARTESIAN_POINT ( 'NONE',  ( 8.681279999999999220, 64.41770999999999958, 3.000000000000000000 ) ) ;
#1351 = ORIENTED_EDGE ( 'NONE', *, *, #4130, .F. ) ;
#1352 = CARTESIAN_POINT ( 'NONE',  ( 5.649799999999999933, 90.21210999999999558, 0.000000000000000000 ) ) ;
#1353 = VECTOR ( 'NONE', #349, 1000.000000000000000 ) ;
#1354 = DIRECTION ( 'NONE',  ( -0.8486091788475615960, -0.5290202846542534365, 0.000000000000000000 ) ) ;
#1355 = CARTESIAN_POINT ( 'NONE',  ( 12.97793000000000063, 78.67661999999999978, 0.000000000000000000 ) ) ;
#1356 = DIRECTION ( 'NONE',  ( -0.3719680574487852498, 0.9282455301469419995, -0.000000000000000000 ) ) ;
#1357 = LINE ( 'NONE', #4143, #861 ) ;
#1358 = LINE ( 'NONE', #3576, #5605 ) ;
#1359 = DIRECTION ( 'NONE',  ( -0.9900352737546975757, -0.1408195892674775351, -0.000000000000000000 ) ) ;
#1360 = ORIENTED_EDGE ( 'NONE', *, *, #2492, .T. ) ;
#1361 = VECTOR ( 'NONE', #781, 1000.000000000000114 ) ;
#1362 = VECTOR ( 'NONE', #5904, 1000.000000000000000 ) ;
#1363 = ORIENTED_EDGE ( 'NONE', *, *, #5512, .T. ) ;
#1364 = ORIENTED_EDGE ( 'NONE', *, *, #2670, .T. ) ;
#1365 = PLANE ( 'NONE',  #3564 ) ;
#1366 = CARTESIAN_POINT ( 'NONE',  ( 11.08099999999999952, 83.56645000000000323, 3.000000000000000000 ) ) ;
#1367 = CARTESIAN_POINT ( 'NONE',  ( 6.083660000000000068, 90.03528000000000020, 0.000000000000000000 ) ) ;
#1368 = LINE ( 'NONE', #192, #1539 ) ;
#1369 = DIRECTION ( 'NONE',  ( -0.000000000000000000, -1.000000000000000000, -0.000000000000000000 ) ) ;
#1370 = CARTESIAN_POINT ( 'NONE',  ( 0.2999999999999999889, 85.26761000000000479, 3.000000000000000000 ) ) ;
#1371 = ORIENTED_EDGE ( 'NONE', *, *, #2068, .F. ) ;
#1372 = EDGE_CURVE ( 'NONE', #5560, #3482, #4740, .T. ) ;
#1373 = ORIENTED_EDGE ( 'NONE', *, *, #4710, .F. ) ;
#1374 = DIRECTION ( 'NONE',  ( -0.3160179304256822697, 0.9487532174646200467, -0.000000000000000000 ) ) ;
#1375 = CARTESIAN_POINT ( 'NONE',  ( 18.10079999999999956, 58.99235999999999791, 3.000000000000000000 ) ) ;
#1376 = CARTESIAN_POINT ( 'NONE',  ( 13.51037999999999961, 77.23219000000000278, 3.000000000000000000 ) ) ;
#1377 = VECTOR ( 'NONE', #4654, 1000.000000000000000 ) ;
#1378 = VERTEX_POINT ( 'NONE', #2432 ) ;
#1379 = EDGE_CURVE ( 'NONE', #6050, #2087, #5700, .T. ) ;
#1380 = VERTEX_POINT ( 'NONE', #1305 ) ;
#1381 = EDGE_CURVE ( 'NONE', #5198, #4146, #4576, .T. ) ;
#1382 = ORIENTED_EDGE ( 'NONE', *, *, #7060, .F. ) ;
#1383 = ORIENTED_EDGE ( 'NONE', *, *, #6867, .T. ) ;
#1384 = DIRECTION ( 'NONE',  ( -0.000000000000000000, -0.000000000000000000, -1.000000000000000000 ) ) ;
#1385 = EDGE_CURVE ( 'NONE', #1380, #1143, #3525, .T. ) ;
#1386 = DIRECTION ( 'NONE',  ( -0.3488137112180155763, 0.9371920800275228558, -0.000000000000000000 ) ) ;
#1387 = ORIENTED_EDGE ( 'NONE', *, *, #1028, .T. ) ;
#1388 = EDGE_LOOP ( 'NONE', ( #5948, #1314, #504, #5364 ) ) ;
#1389 = ORIENTED_EDGE ( 'NONE', *, *, #1343, .T. ) ;
#1390 = VERTEX_POINT ( 'NONE', #5664 ) ;
#1391 = CARTESIAN_POINT ( 'NONE',  ( 0.2999999999999999889, 70.26761000000000479, 3.000000000000000000 ) ) ;
#1392 = FACE_OUTER_BOUND ( 'NONE', #3527, .T. ) ;
#1393 = ADVANCED_FACE ( 'NONE', ( #130 ), #3569, .F. ) ;
#1394 = DIRECTION ( 'NONE',  ( -1.000000000000000000, 0.000000000000000000, 0.000000000000000000 ) ) ;
#1395 = CARTESIAN_POINT ( 'NONE',  ( 14.51109000000000293, 54.06181930843840888, -0.000000000000000000 ) ) ;
#1396 = LINE ( 'NONE', #454, #2712 ) ;
#1397 = DIRECTION ( 'NONE',  ( -0.1289829342355166553, -0.9916468134754411468, -0.000000000000000000 ) ) ;
#1398 = ORIENTED_EDGE ( 'NONE', *, *, #3009, .T. ) ;
#1399 = VECTOR ( 'NONE', #2879, 1000.000000000000227 ) ;
#1400 = ORIENTED_EDGE ( 'NONE', *, *, #7116, .T. ) ;
#1401 = FACE_OUTER_BOUND ( 'NONE', #3706, .T. ) ;
#1402 = DIRECTION ( 'NONE',  ( -0.9496869740953640671, 0.3132006565024907374, -0.000000000000000000 ) ) ;
#1403 = CARTESIAN_POINT ( 'NONE',  ( 12.71250999999999998, 79.38975000000000648, 3.000000000000000000 ) ) ;
#1404 = DIRECTION ( 'NONE',  ( -0.000000000000000000, 1.000000000000000000, -0.000000000000000000 ) ) ;
#1405 = LINE ( 'NONE', #377, #5386 ) ;
#1406 = LINE ( 'NONE', #6274, #1466 ) ;
#1407 = ORIENTED_EDGE ( 'NONE', *, *, #4757, .F. ) ;
#1408 = VERTEX_POINT ( 'NONE', #712 ) ;
#1409 = DIRECTION ( 'NONE',  ( 0.6639920876360008162, 0.7477395987620191198, 0.000000000000000000 ) ) ;
#1410 = CARTESIAN_POINT ( 'NONE',  ( 1.399999999999999911, 74.02886999999999773, 3.000000000000000000 ) ) ;
#1411 = DIRECTION ( 'NONE',  ( 0.6639920876359967084, -0.7477395987620227835, -0.000000000000000000 ) ) ;
#1412 = ORIENTED_EDGE ( 'NONE', *, *, #5716, .T. ) ;
#1413 = LINE ( 'NONE', #6873, #5123 ) ;
#1414 = ORIENTED_EDGE ( 'NONE', *, *, #5201, .F. ) ;
#1415 = CARTESIAN_POINT ( 'NONE',  ( 9.219260000000000232, 62.54903000000000191, 0.000000000000000000 ) ) ;
#1416 = DIRECTION ( 'NONE',  ( 0.000000000000000000, 0.000000000000000000, -1.000000000000000000 ) ) ;
#1417 = ADVANCED_FACE ( 'NONE', ( #5790 ), #2936, .F. ) ;
#1418 = CARTESIAN_POINT ( 'NONE',  ( 21.06101232759892028, 40.79931030372893730, 3.000000000000000000 ) ) ;
#1419 = ORIENTED_EDGE ( 'NONE', *, *, #3269, .T. ) ;
#1420 = ORIENTED_EDGE ( 'NONE', *, *, #3288, .T. ) ;
#1421 = DIRECTION ( 'NONE',  ( 0.9600422883123829187, -0.2798549707472130499, 0.000000000000000000 ) ) ;
#1422 = ADVANCED_FACE ( 'NONE', ( #2982 ), #212, .F. ) ;
#1423 = EDGE_LOOP ( 'NONE', ( #5544, #3780, #3912, #5084 ) ) ;
#1425 = ADVANCED_FACE ( 'NONE', ( #2658 ), #5934, .F. ) ;
#1424 = LINE ( 'NONE', #3644, #1808 ) ;
#1426 = LINE ( 'NONE', #5283, #4823 ) ;
#1427 = EDGE_CURVE ( 'NONE', #3012, #3219, #6411, .T. ) ;
#1428 = LINE ( 'NONE', #333, #4073 ) ;
#1429 = DIRECTION ( 'NONE',  ( 0.1757172618831222000, -0.9844406756510513112, -0.000000000000000000 ) ) ;
#1430 = DIRECTION ( 'NONE',  ( -0.000000000000000000, -0.000000000000000000, -1.000000000000000000 ) ) ;
#1431 = CARTESIAN_POINT ( 'NONE',  ( 9.793079999999999785, 86.35380000000000678, 3.000000000000000000 ) ) ;
#1432 = ORIENTED_EDGE ( 'NONE', *, *, #16, .T. ) ;
#1433 = ORIENTED_EDGE ( 'NONE', *, *, #896, .T. ) ;
#1434 = EDGE_CURVE ( 'NONE', #364, #5230, #5968, .T. ) ;
#1435 = CARTESIAN_POINT ( 'NONE',  ( 0.2999999999999999889, 72.76761000000000479, 3.000000000000000000 ) ) ;
#1436 = CARTESIAN_POINT ( 'NONE',  ( 10.31756999999999991, 85.30253000000000441, 0.000000000000000000 ) ) ;
#1437 = CARTESIAN_POINT ( 'NONE',  ( 8.952289999999999637, 87.68605999999999767, 3.000000000000000000 ) ) ;
#1438 = CARTESIAN_POINT ( 'NONE',  ( 12.87826145048375537, 36.72531088092107865, 0.000000000000000000 ) ) ;
#1439 = DIRECTION ( 'NONE',  ( -0.9371981049721045398, -0.3487975229795879928, 0.000000000000000000 ) ) ;
#1440 = VECTOR ( 'NONE', #1041, 1000.000000000000000 ) ;
#1441 = VERTEX_POINT ( 'NONE', #5903 ) ;
#1442 = CARTESIAN_POINT ( 'NONE',  ( 15.73827999999999960, 71.37178000000000111, 3.000000000000000000 ) ) ;
#1443 = LINE ( 'NONE', #3109, #2128 ) ;
#1444 = VECTOR ( 'NONE', #7236, 1000.000000000000227 ) ;
#1445 = LINE ( 'NONE', #3077, #3794 ) ;
#1446 = AXIS2_PLACEMENT_3D ( 'NONE', #2730, #7084, #4322 ) ;
#1447 = CARTESIAN_POINT ( 'NONE',  ( 14.02144999999999975, 75.83755999999999631, 0.000000000000000000 ) ) ;
#1448 = VERTEX_POINT ( 'NONE', #6552 ) ;
#1449 = AXIS2_PLACEMENT_3D ( 'NONE', #608, #1129, #2357 ) ;
#1450 = VECTOR ( 'NONE', #2367, 1000.000000000000227 ) ;
#1451 = ORIENTED_EDGE ( 'NONE', *, *, #162, .T. ) ;
#1452 = LINE ( 'NONE', #4731, #891 ) ;
#1453 = VERTEX_POINT ( 'NONE', #3226 ) ;
#1454 = FACE_OUTER_BOUND ( 'NONE', #3834, .T. ) ;
#1455 = VECTOR ( 'NONE', #4787, 1000.000000000000114 ) ;
#1456 = CARTESIAN_POINT ( 'NONE',  ( 6.083660000000000068, 90.03528000000000020, 3.000000000000000000 ) ) ;
#1457 = VERTEX_POINT ( 'NONE', #978 ) ;
#1458 = ORIENTED_EDGE ( 'NONE', *, *, #5009, .F. ) ;
#1459 = EDGE_CURVE ( 'NONE', #1559, #1720, #939, .T. ) ;
#1460 = CARTESIAN_POINT ( 'NONE',  ( 8.927300000000000679, 60.25028999999999968, 0.000000000000000000 ) ) ;
#1461 = VERTEX_POINT ( 'NONE', #908 ) ;
#1462 = PLANE ( 'NONE',  #4483 ) ;
#1463 = LINE ( 'NONE', #5792, #2644 ) ;
#1464 = CARTESIAN_POINT ( 'NONE',  ( 0.2999999999999999889, 77.76761000000000479, 3.000000000000000000 ) ) ;
#1465 = CARTESIAN_POINT ( 'NONE',  ( 21.51069232759892103, 39.27112030372894225, 0.000000000000000000 ) ) ;
#1466 = VECTOR ( 'NONE', #813, 1000.000000000000227 ) ;
#1467 = FACE_OUTER_BOUND ( 'NONE', #1726, .T. ) ;
#1468 = LINE ( 'NONE', #4219, #1780 ) ;
#1469 = LINE ( 'NONE', #6938, #4917 ) ;
#1470 = EDGE_CURVE ( 'NONE', #3596, #6802, #4284, .T. ) ;
#1471 = CARTESIAN_POINT ( 'NONE',  ( 9.080659999999999954, 60.62163000000000324, 0.000000000000000000 ) ) ;
#1472 = ORIENTED_EDGE ( 'NONE', *, *, #3499, .T. ) ;
#1473 = CC_DESIGN_PERSON_AND_ORGANIZATION_ASSIGNMENT ( #6525, #3749, ( #6684 ) ) ;
#1474 = EDGE_CURVE ( 'NONE', #6971, #948, #6003, .T. ) ;
#1475 = ORIENTED_EDGE ( 'NONE', *, *, #646, .F. ) ;
#1476 = DIRECTION ( 'NONE',  ( -0.000000000000000000, -0.000000000000000000, -1.000000000000000000 ) ) ;
#1477 = VECTOR ( 'NONE', #4293, 1000.000000000000000 ) ;
#1478 = DIRECTION ( 'NONE',  ( -0.6437984715112118339, 0.7651950915157699207, -0.000000000000000000 ) ) ;
#1479 = LINE ( 'NONE', #7021, #2359 ) ;
#1480 = DIRECTION ( 'NONE',  ( 0.2985574341678915444, -0.9543916693386866879, 0.000000000000000000 ) ) ;
#1481 = CARTESIAN_POINT ( 'NONE',  ( 1.399999999999999911, 69.02886999999999773, 0.000000000000000000 ) ) ;
#1482 = AXIS2_PLACEMENT_3D ( 'NONE', #2767, #2692, #5396 ) ;
#1483 = VECTOR ( 'NONE', #4251, 1000.000000000000000 ) ;
#1484 = ADVANCED_FACE ( 'NONE', ( #3125 ), #3156, .F. ) ;
#1485 = VECTOR ( 'NONE', #2462, 1000.000000000000000 ) ;
#1486 = LINE ( 'NONE', #3700, #19 ) ;
#1487 = LINE ( 'NONE', #6430, #6182 ) ;
#1488 = ADVANCED_FACE ( 'NONE', ( #5354 ), #395, .F. ) ;
#1489 = DIRECTION ( 'NONE',  ( 0.6639920876360008162, -0.7477395987620191198, -0.000000000000000000 ) ) ;
#1490 = ORIENTED_EDGE ( 'NONE', *, *, #1735, .F. ) ;
#1491 = ORIENTED_EDGE ( 'NONE', *, *, #4292, .F. ) ;
#1492 = EDGE_LOOP ( 'NONE', ( #5981, #2236, #5806, #3593 ) ) ;
#1493 = FACE_OUTER_BOUND ( 'NONE', #3386, .T. ) ;
#1494 = ORIENTED_EDGE ( 'NONE', *, *, #586, .F. ) ;
#1495 = VERTEX_POINT ( 'NONE', #2551 ) ;
#1496 = FACE_OUTER_BOUND ( 'NONE', #1088, .T. ) ;
#1497 = EDGE_LOOP ( 'NONE', ( #6135, #6698, #4587, #4388 ) ) ;
#1498 = CARTESIAN_POINT ( 'NONE',  ( 3.547600000000000087, 90.77204999999999302, 3.000000000000000000 ) ) ;
#1499 = CARTESIAN_POINT ( 'NONE',  ( 12.17136999999999958, 80.82191000000000258, 0.000000000000000000 ) ) ;
#1500 = CARTESIAN_POINT ( 'NONE',  ( 9.283419999999999561, 61.08001000000000147, 0.000000000000000000 ) ) ;
#1501 = CARTESIAN_POINT ( 'NONE',  ( 4.131960000000000299, 90.70130000000000337, 3.000000000000000000 ) ) ;
#1502 = CARTESIAN_POINT ( 'NONE',  ( 6.568950000000000067, 89.79461000000000581, 3.000000000000000000 ) ) ;
#1504 = ADVANCED_FACE ( 'NONE', ( #7142 ), #870, .F. ) ;
#1503 = APPLICATION_PROTOCOL_DEFINITION ( 'international standard', 'config_control_design', 1994, #1245 ) ;
#1505 = DIRECTION ( 'NONE',  ( -0.000000000000000000, -0.000000000000000000, -1.000000000000000000 ) ) ;
#1506 = ORIENTED_EDGE ( 'NONE', *, *, #3029, .F. ) ;
#1507 = CARTESIAN_POINT ( 'NONE',  ( 10.99760145048375470, 43.20276088092107614, 3.000000000000000000 ) ) ;
#1508 = CARTESIAN_POINT ( 'NONE',  ( 8.530609999999999360, 88.20659000000000560, 3.000000000000000000 ) ) ;
#1509 = CARTESIAN_POINT ( 'NONE',  ( 17.87649000000000044, 58.30986000000000047, 0.000000000000000000 ) ) ;
#1510 = EDGE_CURVE ( 'NONE', #426, #5280, #3642, .T. ) ;
#1511 = DIRECTION ( 'NONE',  ( 0.6639920876359967084, -0.7477395987620227835, -0.000000000000000000 ) ) ;
#1512 = EDGE_LOOP ( 'NONE', ( #1206, #6366, #150, #2799, #4994, #7133, #5596, #1900, #702, #1141, #1294, #4391, #4147, #1113, #821, #3813, #778, #1296, #2135, #2076, #107, #5710, #3148, #2815, #6206, #2789, #5157, #1494, #5773, #4418, #5266, #3604, #1303, #2669, #4202, #3322, #6375, #7065, #989, #3273, #2895, #6409, #5956, #5932, #2934, #236, #6027, #6337, #6391, #4821, #5856, #6333, #173, #590, #6834, #4655, #4541, #4478, #4801, #3013, #2142, #6655, #6990, #5070, #438, #1992, #1228, #1101, #703, #5849, #5639, #6278, #2854, #5074, #4901, #4675, #3838, #795, #2386, #2680, #5854, #3301, #6028, #6637, #5476, #663, #5250, #699, #1340, #2599, #1722, #1661, #2759, #2686, #6823, #1660, #6988, #2096, #1414, #6840, #2637, #4224, #2850, #2300, #1042, #2277, #6292, #4728, #5823, #5844, #450, #5142, #2852, #4328, #6486, #47, #7042, #6534, #6547, #6821, #4210, #1862, #1730, #2696, #618, #5374, #5744, #4998, #6155, #3678, #3751, #3664, #4811, #6063, #1304, #4838, #2512, #7155, #3752, #5779, #129, #6972, #5, #3992, #344, #3775, #82, #5092, #4283, #5104, #1761, #3371, #2179, #6942, #4185, #4747, #850, #6624, #757, #1005, #3438, #2363, #3146, #745, #4067, #560, #4001, #4685, #1506, #6910, #5290, #6729, #628, #822, #3186, #396, #1239, #4376, #1590, #2822, #3413, #284, #6249, #4450, #1610, #4647, #6611, #6897, #5517, #5727, #4087, #328, #6070, #5505, #83, #49, #4040, #5418, #6343, #165, #2088, #6737, #7163, #1091, #3910, #118, #120, #5002, #5585, #1914 ) ) ;
#1513 = DIRECTION ( 'NONE',  ( -0.3516850965593078526, 0.9361183647691516674, -0.000000000000000000 ) ) ;
#1514 = CARTESIAN_POINT ( 'NONE',  ( 17.70607232759892469, 53.04351030372892950, 3.000000000000000000 ) ) ;
#1515 = ADVANCED_FACE ( 'NONE', ( #1496 ), #4810, .F. ) ;
#1516 = ADVANCED_FACE ( 'NONE', ( #4249 ), #4774, .F. ) ;
#1517 = EDGE_CURVE ( 'NONE', #521, #1620, #6447, .T. ) ;
#1518 = DIRECTION ( 'NONE',  ( -0.6639920876360008162, -0.7477395987620191198, -0.000000000000000000 ) ) ;
#1519 = ORIENTED_EDGE ( 'NONE', *, *, #4084, .T. ) ;
#1520 = ORIENTED_EDGE ( 'NONE', *, *, #2657, .F. ) ;
#1521 = ORIENTED_EDGE ( 'NONE', *, *, #6656, .T. ) ;
#1522 = DIRECTION ( 'NONE',  ( -0.000000000000000000, -0.000000000000000000, -1.000000000000000000 ) ) ;
#1523 = EDGE_CURVE ( 'NONE', #2858, #6420, #2624, .T. ) ;
#1524 = EDGE_LOOP ( 'NONE', ( #3972, #853, #901, #327 ) ) ;
#1525 = ORIENTED_EDGE ( 'NONE', *, *, #5196, .T. ) ;
#1526 = DIRECTION ( 'NONE',  ( -0.3800508707676218956, 0.9249655861861955097, -0.000000000000000000 ) ) ;
#1527 = ORIENTED_EDGE ( 'NONE', *, *, #5924, .T. ) ;
#1528 = PLANE ( 'NONE',  #58 ) ;
#1529 = LINE ( 'NONE', #2764, #59 ) ;
#1530 = CARTESIAN_POINT ( 'NONE',  ( 12.97793000000000063, 78.67661999999999978, 3.000000000000000000 ) ) ;
#1531 = CARTESIAN_POINT ( 'NONE',  ( 2.376240000000000130, 90.68304000000000542, 0.000000000000000000 ) ) ;
#1532 = APPROVAL_STATUS ( 'not_yet_approved' ) ;
#1533 = DIRECTION ( 'NONE',  ( 0.9180912983117399673, -0.3963689795686130557, 0.000000000000000000 ) ) ;
#1534 = ORIENTED_EDGE ( 'NONE', *, *, #2342, .T. ) ;
#1535 = VECTOR ( 'NONE', #382, 1000.000000000000000 ) ;
#1536 = CARTESIAN_POINT ( 'NONE',  ( 17.23310999999999993, 67.22267999999999688, 3.000000000000000000 ) ) ;
#1537 = DIRECTION ( 'NONE',  ( -0.000000000000000000, -0.000000000000000000, -1.000000000000000000 ) ) ;
#1538 = DIRECTION ( 'NONE',  ( -0.2877459221542097989, 0.9577067840856215986, -0.000000000000000000 ) ) ;
#1539 = VECTOR ( 'NONE', #2995, 1000.000000000000000 ) ;
#1540 = CARTESIAN_POINT ( 'NONE',  ( 16.37292000000000058, 69.68950999999999851, 3.000000000000000000 ) ) ;
#1541 = ORIENTED_EDGE ( 'NONE', *, *, #886, .T. ) ;
#1542 = ORIENTED_EDGE ( 'NONE', *, *, #5015, .F. ) ;
#1543 = DIRECTION ( 'NONE',  ( -0.000000000000000000, -0.000000000000000000, -1.000000000000000000 ) ) ;
#1544 = EDGE_CURVE ( 'NONE', #2434, #2481, #2078, .T. ) ;
#1545 = VECTOR ( 'NONE', #6029, 1000.000000000000114 ) ;
#1546 = LINE ( 'NONE', #2714, #3170 ) ;
#1547 = ORIENTED_EDGE ( 'NONE', *, *, #345, .F. ) ;
#1548 = EDGE_CURVE ( 'NONE', #4706, #3919, #3741, .T. ) ;
#1550 = VERTEX_POINT ( 'NONE', #4420 ) ;
#1549 = MANIFOLD_SOLID_BREP ( 'Otverstiya', #3600 ) ;
#1551 = EDGE_CURVE ( 'NONE', #7234, #6763, #6658, .T. ) ;
#1552 = AXIS2_PLACEMENT_3D ( 'NONE', #6066, #588, #527 ) ;
#1553 = ADVANCED_FACE ( 'NONE', ( #1664 ), #3881, .F. ) ;
#1554 = DIRECTION ( 'NONE',  ( -0.6639920876360050350, -0.7477395987620153450, -0.000000000000000000 ) ) ;
#1555 = VECTOR ( 'NONE', #4632, 1000.000000000000227 ) ;
#1556 = VECTOR ( 'NONE', #3646, 1000.000000000000000 ) ;
#1557 = ORIENTED_EDGE ( 'NONE', *, *, #175, .T. ) ;
#1558 = EDGE_CURVE ( 'NONE', #2273, #2613, #3811, .T. ) ;
#1559 = VERTEX_POINT ( 'NONE', #6034 ) ;
#1560 = LINE ( 'NONE', #4002, #2931 ) ;
#1561 = CARTESIAN_POINT ( 'NONE',  ( 4.131960000000000299, 90.70130000000000337, 3.000000000000000000 ) ) ;
#1562 = VERTEX_POINT ( 'NONE', #2278 ) ;
#1563 = CARTESIAN_POINT ( 'NONE',  ( 6.902720000000000411, 89.59960999999999842, 3.000000000000000000 ) ) ;
#1564 = VECTOR ( 'NONE', #6891, 1000.000000000000000 ) ;
#1565 = DIRECTION ( 'NONE',  ( -0.3553245445531419966, 0.9347429957149194779, -0.000000000000000000 ) ) ;
#1566 = DIRECTION ( 'NONE',  ( 1.000000000000000000, 0.000000000000000000, 0.000000000000000000 ) ) ;
#1567 = LINE ( 'NONE', #3784, #6767 ) ;
#1568 = FACE_OUTER_BOUND ( 'NONE', #5522, .T. ) ;
#1569 = APPROVAL_STATUS ( 'not_yet_approved' ) ;
#1570 = DIRECTION ( 'NONE',  ( -0.3653013590601487670, 0.9308893151544969102, -0.000000000000000000 ) ) ;
#1571 = CARTESIAN_POINT ( 'NONE',  ( 10.08043145048375600, 46.51039088092107932, 3.000000000000000000 ) ) ;
#1572 = VERTEX_POINT ( 'NONE', #3340 ) ;
#1573 = VECTOR ( 'NONE', #6388, 1000.000000000000000 ) ;
#1574 = VERTEX_POINT ( 'NONE', #1706 ) ;
#1575 = PLANE ( 'NONE',  #1007 ) ;
#1576 = DIRECTION ( 'NONE',  ( 0.2726679618305552499, -0.9621081969254657862, -0.000000000000000000 ) ) ;
#1577 = LINE ( 'NONE', #7158, #3439 ) ;
#1578 = CARTESIAN_POINT ( 'NONE',  ( 6.083660000000000068, 90.03528000000000020, 0.000000000000000000 ) ) ;
#1579 = DIRECTION ( 'NONE',  ( 0.7477395987620154560, -0.6639920876360051460, 0.000000000000000000 ) ) ;
#1580 = CARTESIAN_POINT ( 'NONE',  ( 19.69199980473023359, 33.72056510687192343, 0.000000000000000000 ) ) ;
#1581 = ORIENTED_EDGE ( 'NONE', *, *, #4380, .T. ) ;
#1582 = AXIS2_PLACEMENT_3D ( 'NONE', #4544, #1277, #3495 ) ;
#1583 = ORIENTED_EDGE ( 'NONE', *, *, #7004, .T. ) ;
#1584 = LINE ( 'NONE', #6574, #1315 ) ;
#1585 = ORIENTED_EDGE ( 'NONE', *, *, #5543, .F. ) ;
#1586 = VECTOR ( 'NONE', #4466, 1000.000000000000114 ) ;
#1587 = CARTESIAN_POINT ( 'NONE',  ( 1.267830000000000013, 90.29388000000000147, 3.000000000000000000 ) ) ;
#1588 = ADVANCED_FACE ( 'NONE', ( #5553 ), #561, .F. ) ;
#1589 = ORIENTED_EDGE ( 'NONE', *, *, #2928, .F. ) ;
#1590 = ORIENTED_EDGE ( 'NONE', *, *, #63, .F. ) ;
#1591 = AXIS2_PLACEMENT_3D ( 'NONE', #1344, #825, #287 ) ;
#1592 = LINE ( 'NONE', #2720, #1657 ) ;
#1593 = ADVANCED_FACE ( 'NONE', ( #7 ), #5584, .F. ) ;
#1594 = ORIENTED_EDGE ( 'NONE', *, *, #2908, .T. ) ;
#1595 = ORIENTED_EDGE ( 'NONE', *, *, #5910, .T. ) ;
#1596 = DIRECTION ( 'NONE',  ( 0.2232158120520923994, -0.9747690502113436350, -0.000000000000000000 ) ) ;
#1597 = VERTEX_POINT ( 'NONE', #6250 ) ;
#1598 = DIRECTION ( 'NONE',  ( 0.000000000000000000, 0.000000000000000000, -1.000000000000000000 ) ) ;
#1599 = ORIENTED_EDGE ( 'NONE', *, *, #4502, .F. ) ;
#1600 = CARTESIAN_POINT ( 'NONE',  ( 1.399999999999999911, 74.02886999999999773, 0.000000000000000000 ) ) ;
#1601 = DIRECTION ( 'NONE',  ( -0.9631793194475408715, -0.2688598121485845094, -0.000000000000000000 ) ) ;
#1602 = EDGE_CURVE ( 'NONE', #5657, #2964, #84, .T. ) ;
#1603 = DIRECTION ( 'NONE',  ( -0.6639920876360008162, -0.7477395987620191198, -0.000000000000000000 ) ) ;
#1604 = LINE ( 'NONE', #1051, #2119 ) ;
#1605 = LINE ( 'NONE', #3820, #1934 ) ;
#1606 = COORDINATED_UNIVERSAL_TIME_OFFSET ( 3, 0, .AHEAD. ) ;
#1607 = LINE ( 'NONE', #4326, #2633 ) ;
#1608 = FACE_OUTER_BOUND ( 'NONE', #5014, .T. ) ;
#1609 = ORIENTED_EDGE ( 'NONE', *, *, #1728, .F. ) ;
#1610 = ORIENTED_EDGE ( 'NONE', *, *, #299, .F. ) ;
#1611 = DIRECTION ( 'NONE',  ( -0.000000000000000000, -0.000000000000000000, -1.000000000000000000 ) ) ;
#1612 = LINE ( 'NONE', #895, #1001 ) ;
#1613 = ADVANCED_FACE ( 'NONE', ( #3442 ), #2311, .F. ) ;
#1614 = CARTESIAN_POINT ( 'NONE',  ( 0.2999999999999999889, 75.29013000000000488, 3.000000000000000000 ) ) ;
#1615 = DIRECTION ( 'NONE',  ( 0.3687689603511474790, -0.9295210884544437002, 0.000000000000000000 ) ) ;
#1616 = LINE ( 'NONE', #2126, #4808 ) ;
#1617 = ORIENTED_EDGE ( 'NONE', *, *, #2967, .F. ) ;
#1618 = LINE ( 'NONE', #3762, #387 ) ;
#1619 = DIRECTION ( 'NONE',  ( 0.6639920876360008162, -0.7477395987620191198, -0.000000000000000000 ) ) ;
#1620 = VERTEX_POINT ( 'NONE', #3478 ) ;
#1621 = AXIS2_PLACEMENT_3D ( 'NONE', #4993, #6779, #3926 ) ;
#1622 = EDGE_LOOP ( 'NONE', ( #967, #629, #6171, #1257 ) ) ;
#1623 = VECTOR ( 'NONE', #1554, 1000.000000000000114 ) ;
#1624 = VECTOR ( 'NONE', #3915, 1000.000000000000114 ) ;
#1625 = VERTEX_POINT ( 'NONE', #3971 ) ;
#1626 = CARTESIAN_POINT ( 'NONE',  ( 17.49502000000000024, 66.38796000000000674, 3.000000000000000000 ) ) ;
#1627 = ORIENTED_EDGE ( 'NONE', *, *, #3558, .T. ) ;
#1628 = VERTEX_POINT ( 'NONE', #4132 ) ;
#1629 = ORIENTED_EDGE ( 'NONE', *, *, #4262, .F. ) ;
#1630 = LINE ( 'NONE', #7107, #496 ) ;
#1631 = ADVANCED_FACE ( 'NONE', ( #1218, #665, #2891 ), #5116, .T. ) ;
#1632 = CARTESIAN_POINT ( 'NONE',  ( 11.95535145048375547, 39.87205088092107985, 3.000000000000000000 ) ) ;
#1633 = CARTESIAN_POINT ( 'NONE',  ( 6.083660000000000068, 90.03528000000000020, 3.000000000000000000 ) ) ;
#1634 = LINE ( 'NONE', #7219, #2034 ) ;
#1635 = DIRECTION ( 'NONE',  ( -0.3487975229795879928, 0.9371981049721045398, -0.000000000000000000 ) ) ;
#1636 = LINE ( 'NONE', #6077, #6822 ) ;
#1637 = DATE_AND_TIME ( #7149, #5162 ) ;
#1638 = CARTESIAN_POINT ( 'NONE',  ( 14.54044000000000025, 74.45987999999999829, 3.000000000000000000 ) ) ;
#1639 = ORIENTED_EDGE ( 'NONE', *, *, #2640, .F. ) ;
#1640 = EDGE_CURVE ( 'NONE', #40, #5834, #4611, .T. ) ;
#1641 = ORIENTED_EDGE ( 'NONE', *, *, #2062, .F. ) ;
#1642 = EDGE_CURVE ( 'NONE', #3155, #6987, #1297, .T. ) ;
#1643 = ADVANCED_FACE ( 'NONE', ( #1493 ), #3772, .F. ) ;
#1644 = DIRECTION ( 'NONE',  ( 0.3652321210308027699, 0.9309164827025789846, -0.000000000000000000 ) ) ;
#1645 = FACE_OUTER_BOUND ( 'NONE', #6621, .T. ) ;
#1646 = CARTESIAN_POINT ( 'NONE',  ( 7.077650000000000219, 89.48705999999999960, 3.000000000000000000 ) ) ;
#1647 = CARTESIAN_POINT ( 'NONE',  ( 18.03012510218359310, 33.72069811333279432, -0.000000000000000000 ) ) ;
#1648 = AXIS2_PLACEMENT_3D ( 'NONE', #5326, #2555, #7010 ) ;
#1649 = DIRECTION ( 'NONE',  ( -0.000000000000000000, -0.000000000000000000, -1.000000000000000000 ) ) ;
#1650 = ORIENTED_EDGE ( 'NONE', *, *, #2060, .F. ) ;
#1651 = EDGE_CURVE ( 'NONE', #6248, #4240, #3708, .T. ) ;
#1652 = CARTESIAN_POINT ( 'NONE',  ( 0.7611499999999999932, 89.99428000000000338, 3.000000000000000000 ) ) ;
#1653 = AXIS2_PLACEMENT_3D ( 'NONE', #2411, #2023, #7062 ) ;
#1654 = VECTOR ( 'NONE', #7217, 1000.000000000000227 ) ;
#1655 = LINE ( 'NONE', #5542, #6921 ) ;
#1656 = ORIENTED_EDGE ( 'NONE', *, *, #4158, .T. ) ;
#1657 = VECTOR ( 'NONE', #3806, 1000.000000000000000 ) ;
#1658 = VERTEX_POINT ( 'NONE', #2618 ) ;
#1659 = CARTESIAN_POINT ( 'NONE',  ( 11.21109000000000044, 54.27886999999999773, -6.000000000000000152E-06 ) ) ;
#1660 = ORIENTED_EDGE ( 'NONE', *, *, #559, .F. ) ;
#1661 = ORIENTED_EDGE ( 'NONE', *, *, #5158, .F. ) ;
#1662 = AXIS2_PLACEMENT_3D ( 'NONE', #926, #6472, #3832 ) ;
#1663 = ORIENTED_EDGE ( 'NONE', *, *, #4348, .T. ) ;
#1664 = FACE_OUTER_BOUND ( 'NONE', #4044, .T. ) ;
#1665 = VERTEX_POINT ( 'NONE', #5271 ) ;
#1666 = DIRECTION ( 'NONE',  ( -0.9420243608641736266, 0.3355444881657945744, -0.000000000000000000 ) ) ;
#1667 = VECTOR ( 'NONE', #7020, 1000.000000000000000 ) ;
#1668 = AXIS2_PLACEMENT_3D ( 'NONE', #2984, #6889, #1974 ) ;
#1669 = CARTESIAN_POINT ( 'NONE',  ( 3.547600000000000087, 90.77204999999999302, 0.000000000000000000 ) ) ;
#1670 = PLANE ( 'NONE',  #3682 ) ;
#1671 = CARTESIAN_POINT ( 'NONE',  ( 0.2999999999999999889, 82.79013000000000488, 3.000000000000000000 ) ) ;
#1672 = ADVANCED_FACE ( 'NONE', ( #3151 ), #286, .F. ) ;
#1673 = APPROVAL_PERSON_ORGANIZATION ( #1023, #6266, #2693 ) ;
#1674 = ORIENTED_EDGE ( 'NONE', *, *, #4939, .T. ) ;
#1675 = VECTOR ( 'NONE', #3390, 999.9999999999998863 ) ;
#1676 = EDGE_LOOP ( 'NONE', ( #1012, #2270, #1490, #4646 ) ) ;
#1677 = VECTOR ( 'NONE', #2556, 1000.000000000000000 ) ;
#1678 = DIRECTION ( 'NONE',  ( 0.7477395987620154560, -0.6639920876360051460, 0.000000000000000000 ) ) ;
#1679 = CARTESIAN_POINT ( 'NONE',  ( 8.253989999999999938, 57.55418000000000234, 3.000000000000000000 ) ) ;
#1680 = LINE ( 'NONE', #2740, #3852 ) ;
#1681 = EDGE_CURVE ( 'NONE', #806, #355, #1452, .T. ) ;
#1682 = PLANE ( 'NONE',  #6688 ) ;
#1683 = DIRECTION ( 'NONE',  ( 0.2498119453138262780, 0.9682943725843510263, -0.000000000000000000 ) ) ;
#1684 = CARTESIAN_POINT ( 'NONE',  ( 19.19854232759892199, 47.28960030372893897, 0.000000000000000000 ) ) ;
#1685 = VECTOR ( 'NONE', #4805, 1000.000000000000114 ) ;
#1686 = ADVANCED_FACE ( 'NONE', ( #1965 ), #5381, .F. ) ;
#1687 = LINE ( 'NONE', #3897, #2559 ) ;
#1688 = ORIENTED_EDGE ( 'NONE', *, *, #5551, .F. ) ;
#1689 = VERTEX_POINT ( 'NONE', #6437 ) ;
#1690 = LINE ( 'NONE', #2780, #5610 ) ;
#1691 = LINE ( 'NONE', #5572, #2646 ) ;
#1692 = CARTESIAN_POINT ( 'NONE',  ( 17.25168000000000035, 56.80989000000000289, 3.000000000000000000 ) ) ;
#1693 = DIRECTION ( 'NONE',  ( 0.3604843573544654900, -0.9327652588420829449, -0.000000000000000000 ) ) ;
#1694 = ADVANCED_FACE ( 'NONE', ( #2654 ), #6545, .F. ) ;
#1695 = VECTOR ( 'NONE', #6078, 1000.000000000000000 ) ;
#1696 = VERTEX_POINT ( 'NONE', #934 ) ;
#1697 = VECTOR ( 'NONE', #6939, 1000.000000000000114 ) ;
#1698 = ORIENTED_EDGE ( 'NONE', *, *, #3945, .F. ) ;
#1699 = ADVANCED_FACE ( 'NONE', ( #6999 ), #422, .T. ) ;
#1700 = FACE_OUTER_BOUND ( 'NONE', #6004, .T. ) ;
#1701 = ORIENTED_EDGE ( 'NONE', *, *, #3599, .T. ) ;
#1702 = ORIENTED_EDGE ( 'NONE', *, *, #4033, .F. ) ;
#1703 = VECTOR ( 'NONE', #2800, 1000.000000000000114 ) ;
#1704 = VECTOR ( 'NONE', #7120, 1000.000000000000000 ) ;
#1705 = ORIENTED_EDGE ( 'NONE', *, *, #5559, .F. ) ;
#1706 = CARTESIAN_POINT ( 'NONE',  ( 1.399999999999999911, 81.52886999999999773, 3.000000000000000000 ) ) ;
#1707 = CARTESIAN_POINT ( 'NONE',  ( 17.21109000000000222, 32.27886999999999773, -6.000000000000000152E-06 ) ) ;
#1708 = CARTESIAN_POINT ( 'NONE',  ( 0.2999999999999999889, 85.26761000000000479, 3.000000000000000000 ) ) ;
#1709 = LINE ( 'NONE', #4019, #3773 ) ;
#1710 = DIRECTION ( 'NONE',  ( -1.000000000000000000, 0.000000000000000000, 0.000000000000000000 ) ) ;
#1711 = VERTEX_POINT ( 'NONE', #4201 ) ;
#1712 = LINE ( 'NONE', #1156, #631 ) ;
#1713 = DIRECTION ( 'NONE',  ( -0.3488137112180155763, 0.9371920800275228558, -0.000000000000000000 ) ) ;
#1714 = EDGE_CURVE ( 'NONE', #4951, #625, #4168, .T. ) ;
#1715 = DIRECTION ( 'NONE',  ( -0.3553245445531419966, 0.9347429957149194779, -0.000000000000000000 ) ) ;
#1716 = CARTESIAN_POINT ( 'NONE',  ( 16.66123999999999938, 68.89531999999999812, 0.000000000000000000 ) ) ;
#1717 = PLANE ( 'NONE',  #5612 ) ;
#1718 = CARTESIAN_POINT ( 'NONE',  ( 10.00177000000000049, 85.95217999999999847, 3.000000000000000000 ) ) ;
#1719 = DIRECTION ( 'NONE',  ( 0.2502828339396513391, -0.9681727650761184911, -0.000000000000000000 ) ) ;
#1720 = VERTEX_POINT ( 'NONE', #3672 ) ;
#1721 = LINE ( 'NONE', #614, #1079 ) ;
#1722 = ORIENTED_EDGE ( 'NONE', *, *, #1427, .F. ) ;
#1723 = LINE ( 'NONE', #190, #2966 ) ;
#1724 = LINE ( 'NONE', #2846, #506 ) ;
#1725 = EDGE_CURVE ( 'NONE', #5369, #3880, #6402, .T. ) ;
#1726 = EDGE_LOOP ( 'NONE', ( #950, #3710, #5035, #2991 ) ) ;
#1727 = EDGE_CURVE ( 'NONE', #3049, #4315, #388, .T. ) ;
#1728 = EDGE_CURVE ( 'NONE', #4542, #1924, #5855, .T. ) ;
#1729 = EDGE_CURVE ( 'NONE', #3377, #6909, #4800, .T. ) ;
#1730 = ORIENTED_EDGE ( 'NONE', *, *, #7001, .F. ) ;
#1731 = DIRECTION ( 'NONE',  ( -0.4362769262298644701, 0.8998124491467215380, -0.000000000000000000 ) ) ;
#1732 = VERTEX_POINT ( 'NONE', #2104 ) ;
#1733 = EDGE_LOOP ( 'NONE', ( #1813, #1491, #4402, #3732 ) ) ;
#1734 = VERTEX_POINT ( 'NONE', #4312 ) ;
#1735 = EDGE_CURVE ( 'NONE', #3388, #6771, #322, .T. ) ;
#1736 = VERTEX_POINT ( 'NONE', #1008 ) ;
#1737 = CARTESIAN_POINT ( 'NONE',  ( 8.952289999999999637, 87.68605999999999767, 3.000000000000000000 ) ) ;
#1738 = DIRECTION ( 'NONE',  ( 0.9420243608641737376, -0.3355444881657946299, 0.000000000000000000 ) ) ;
#1739 = DIRECTION ( 'NONE',  ( -0.3653013590601487670, 0.9308893151544969102, -0.000000000000000000 ) ) ;
#1740 = EDGE_LOOP ( 'NONE', ( #1147, #6750, #4931, #211 ) ) ;
#1741 = CARTESIAN_POINT ( 'NONE',  ( 12.42594145048375509, 38.26249088092107797, 3.000000000000000000 ) ) ;
#1742 = CARTESIAN_POINT ( 'NONE',  ( 13.69199980472548894, 55.72056510687281161, 0.000000000000000000 ) ) ;
#1743 = CARTESIAN_POINT ( 'NONE',  ( 12.17136999999999958, 80.82191000000000258, 3.000000000000000000 ) ) ;
#1744 = CARTESIAN_POINT ( 'NONE',  ( 12.43595999999999968, 80.12586000000000297, 0.000000000000000000 ) ) ;
#1745 = B_SPLINE_CURVE_WITH_KNOTS ( 'NONE', 3,
 ( #2742, #476, #7201, #3797, #4923, #4409, #4336, #6642, #1580, #2220, #4992, #4373, #1161, #1647, #2705, #7161, #1130, #3830, #6089, #545 ),
 .UNSPECIFIED., .F., .F.,
 ( 4, 2, 2, 2, 2, 2, 2, 2, 2, 4 ),
 ( 0.000000000000000000, 0.03125000000000065226, 0.06250000000000130451, 0.1250000000000011380, 0.1875000000000009714, 0.2500000000000007772, 0.3125000000000006106, 0.3750000000000004441, 0.4375000000000002220, 0.5000000000000000000 ),
 .UNSPECIFIED. ) ;
#1746 = CARTESIAN_POINT ( 'NONE',  ( 11.21109000000000044, 54.27886999999999773, -6.000000000000000152E-06 ) ) ;
#1747 = CARTESIAN_POINT ( 'NONE',  ( 18.29338999999999871, 59.81893000000000171, 0.000000000000000000 ) ) ;
#1748 = ORIENTED_EDGE ( 'NONE', *, *, #7218, .T. ) ;
#1749 = CARTESIAN_POINT ( 'NONE',  ( 22.32593232759892388, 36.50744030372894144, 3.000000000000000000 ) ) ;
#1750 = CARTESIAN_POINT ( 'NONE',  ( 18.36606000000000094, 60.29934000000000083, 3.000000000000000000 ) ) ;
#1751 = CARTESIAN_POINT ( 'NONE',  ( 9.660151450483754232, 48.09307088092107563, 0.000000000000000000 ) ) ;
#1752 = CARTESIAN_POINT ( 'NONE',  ( 16.04970000000000141, 70.55512000000000228, 3.000000000000000000 ) ) ;
#1753 = EDGE_CURVE ( 'NONE', #3448, #5369, #5348, .T. ) ;
#1754 = VERTEX_POINT ( 'NONE', #4242 ) ;
#1755 = VECTOR ( 'NONE', #4009, 1000.000000000000000 ) ;
#1756 = LINE ( 'NONE', #3960, #5101 ) ;
#1757 = ORIENTED_EDGE ( 'NONE', *, *, #3192, .T. ) ;
#1758 = CARTESIAN_POINT ( 'NONE',  ( 10.08043145048375600, 46.51039088092107932, 0.000000000000000000 ) ) ;
#1759 = EDGE_CURVE ( 'NONE', #1378, #4610, #780, .T. ) ;
#1760 = CARTESIAN_POINT ( 'NONE',  ( 9.131180000000000518, 60.73919000000000068, 3.000000000000000000 ) ) ;
#1761 = ORIENTED_EDGE ( 'NONE', *, *, #5241, .F. ) ;
#1762 = ORIENTED_EDGE ( 'NONE', *, *, #921, .T. ) ;
#1763 = EDGE_CURVE ( 'NONE', #5230, #6697, #1838, .T. ) ;
#1764 = ORIENTED_EDGE ( 'NONE', *, *, #938, .F. ) ;
#1765 = ORIENTED_EDGE ( 'NONE', *, *, #447, .T. ) ;
#1766 = CARTESIAN_POINT ( 'NONE',  ( 17.37471999999999994, 57.12697000000000003, 0.000000000000000000 ) ) ;
#1767 = VECTOR ( 'NONE', #5412, 1000.000000000000000 ) ;
#1768 = EDGE_CURVE ( 'NONE', #2043, #4047, #4042, .T. ) ;
#1769 = CARTESIAN_POINT ( 'NONE',  ( 17.51552999999999827, 57.44236000000000075, 3.000000000000000000 ) ) ;
#1770 = LINE ( 'NONE', #4573, #6943 ) ;
#1771 = EDGE_LOOP ( 'NONE', ( #6614, #4985, #1117, #243 ) ) ;
#1772 = ORIENTED_EDGE ( 'NONE', *, *, #6461, .F. ) ;
#1773 = VECTOR ( 'NONE', #6127, 1000.000000000000000 ) ;
#1774 = EDGE_CURVE ( 'NONE', #1960, #6374, #2999, .T. ) ;
#1775 = DIRECTION ( 'NONE',  ( 0.2985473900664912805, -0.9543948113252116450, -0.000000000000000000 ) ) ;
#1776 = CARTESIAN_POINT ( 'NONE',  ( 1.399999999999999911, 86.52886999999999773, 3.000000000000000000 ) ) ;
#1777 = CARTESIAN_POINT ( 'NONE',  ( 5.649799999999999933, 90.21210999999999558, 3.000000000000000000 ) ) ;
#1778 = LINE ( 'NONE', #3382, #4707 ) ;
#1779 = DIRECTION ( 'NONE',  ( -0.2780816263162248503, 0.9605574470615088067, 0.000000000000000000 ) ) ;
#1780 = VECTOR ( 'NONE', #6417, 1000.000000000000000 ) ;
#1781 = VECTOR ( 'NONE', #2228, 1000.000000000000227 ) ;
#1782 = DIRECTION ( 'NONE',  ( 0.2397052249676739077, -0.9708457164365493774, -0.000000000000000000 ) ) ;
#1783 = VERTEX_POINT ( 'NONE', #4679 ) ;
#1784 = VERTEX_POINT ( 'NONE', #196 ) ;
#1785 = DIRECTION ( 'NONE',  ( -0.000000000000000000, -0.000000000000000000, -1.000000000000000000 ) ) ;
#1786 = PLANE ( 'NONE',  #3889 ) ;
#1787 = DIRECTION ( 'NONE',  ( 0.3626623328495923171, -0.9319206148230070319, -0.000000000000000000 ) ) ;
#1788 = DIRECTION ( 'NONE',  ( -0.3598163467963131912, 0.9330231490044366138, -0.000000000000000000 ) ) ;
#1789 = VECTOR ( 'NONE', #5687, 1000.000000000000114 ) ;
#1790 = ORIENTED_EDGE ( 'NONE', *, *, #5891, .T. ) ;
#1791 = CARTESIAN_POINT ( 'NONE',  ( 16.67915999999999954, 68.84505000000000052, 0.000000000000000000 ) ) ;
#1792 = ORIENTED_EDGE ( 'NONE', *, *, #2544, .T. ) ;
#1793 = CARTESIAN_POINT ( 'NONE',  ( 21.51069232759892103, 39.27112030372894225, 0.000000000000000000 ) ) ;
#1794 = EDGE_LOOP ( 'NONE', ( #7101, #4157, #7006, #528 ) ) ;
#1795 = CARTESIAN_POINT ( 'NONE',  ( 7.404020000000000046, 89.25593999999999539, 3.000000000000000000 ) ) ;
#1796 = VECTOR ( 'NONE', #2665, 1000.000000000000114 ) ;
#1797 = EDGE_CURVE ( 'NONE', #2964, #4386, #5071, .T. ) ;
#1798 = CARTESIAN_POINT ( 'NONE',  ( 11.61999999999999922, 82.23909000000000447, 3.000000000000000000 ) ) ;
#1799 = EDGE_LOOP ( 'NONE', ( #5616, #5178, #1371, #2751 ) ) ;
#1800 = ORIENTED_EDGE ( 'NONE', *, *, #6356, .F. ) ;
#1801 = ORIENTED_EDGE ( 'NONE', *, *, #5641, .T. ) ;
#1802 = AXIS2_PLACEMENT_3D ( 'NONE', #5460, #336, #466 ) ;
#1803 = ORIENTED_EDGE ( 'NONE', *, *, #2208, .F. ) ;
#1804 = ORIENTED_EDGE ( 'NONE', *, *, #6586, .F. ) ;
#1805 = CARTESIAN_POINT ( 'NONE',  ( 9.490800000000000125, 86.88465999999999667, 3.000000000000000000 ) ) ;
#1806 = LINE ( 'NONE', #5080, #6425 ) ;
#1807 = ADVANCED_FACE ( 'NONE', ( #4639 ), #234, .F. ) ;
#1808 = VECTOR ( 'NONE', #2008, 1000.000000000000000 ) ;
#1809 = VECTOR ( 'NONE', #2180, 1000.000000000000114 ) ;
#1810 = CARTESIAN_POINT ( 'NONE',  ( 17.22682999999999964, 56.71614000000000289, 3.000000000000000000 ) ) ;
#1811 = CARTESIAN_POINT ( 'NONE',  ( 8.447359999999999758, 65.11999000000000137, 0.000000000000000000 ) ) ;
#1812 = VECTOR ( 'NONE', #5929, 1000.000000000000114 ) ;
#1813 = ORIENTED_EDGE ( 'NONE', *, *, #3665, .T. ) ;
#1814 = VERTEX_POINT ( 'NONE', #1874 ) ;
#1815 = DIRECTION ( 'NONE',  ( 0.1408195892674775351, -0.9900352737546975757, 0.000000000000000000 ) ) ;
#1816 = VECTOR ( 'NONE', #4640, 1000.000000000000114 ) ;
#1817 = EDGE_CURVE ( 'NONE', #3223, #2043, #5723, .T. ) ;
#1819 = EDGE_CURVE ( 'NONE', #1390, #2434, #3550, .T. ) ;
#1818 = DIRECTION ( 'NONE',  ( -0.6639920876360050350, -0.7477395987620153450, -0.000000000000000000 ) ) ;
#1820 = DIRECTION ( 'NONE',  ( -0.000000000000000000, -0.000000000000000000, -1.000000000000000000 ) ) ;
#1821 = EDGE_CURVE ( 'NONE', #4095, #1550, #6792, .T. ) ;
#1822 = DIRECTION ( 'NONE',  ( 0.04420809588014344010, 0.9990223442239176688, 0.000000000000000000 ) ) ;
#1823 = DIRECTION ( 'NONE',  ( -0.6731041976874533317, 0.7395476584071710713, -0.000000000000000000 ) ) ;
#1824 = CARTESIAN_POINT ( 'NONE',  ( 18.36606000000000094, 60.29934000000000083, 3.000000000000000000 ) ) ;
#1825 = CARTESIAN_POINT ( 'NONE',  ( 12.42594145048375509, 38.26249088092107797, 0.000000000000000000 ) ) ;
#1826 = VERTEX_POINT ( 'NONE', #6912 ) ;
#1827 = ORIENTED_EDGE ( 'NONE', *, *, #6306, .F. ) ;
#1828 = ADVANCED_FACE ( 'NONE', ( #738 ), #1173, .F. ) ;
#1829 = LINE ( 'NONE', #6269, #27 ) ;
#1830 = DIRECTION ( 'NONE',  ( 0.000000000000000000, 0.000000000000000000, 1.000000000000000000 ) ) ;
#1831 = LINE ( 'NONE', #5097, #1675 ) ;
#1832 = LINE ( 'NONE', #728, #1069 ) ;
#1833 = VECTOR ( 'NONE', #6591, 1000.000000000000000 ) ;
#1834 = DIRECTION ( 'NONE',  ( 0.9543948113252116450, 0.2985473900664913360, -0.000000000000000000 ) ) ;
#1835 = VERTEX_POINT ( 'NONE', #75 ) ;
#1836 = ORIENTED_EDGE ( 'NONE', *, *, #4723, .F. ) ;
#1837 = CARTESIAN_POINT ( 'NONE',  ( 18.13876000000000133, 63.89996000000000720, 3.000000000000000000 ) ) ;
#1838 = LINE ( 'NONE', #6279, #4513 ) ;
#1839 = PLANE ( 'NONE',  #6358 ) ;
#1840 = ORIENTED_EDGE ( 'NONE', *, *, #2332, .F. ) ;
#1841 = DIRECTION ( 'NONE',  ( -0.9122275738923537602, -0.4096838457035745229, 0.000000000000000000 ) ) ;
#1842 = CARTESIAN_POINT ( 'NONE',  ( 8.393760000000000332, 58.45353999999999672, 3.000000000000000000 ) ) ;
#1843 = ORIENTED_EDGE ( 'NONE', *, *, #3339, .F. ) ;
#1844 = ORIENTED_EDGE ( 'NONE', *, *, #1954, .F. ) ;
#1845 = ORIENTED_EDGE ( 'NONE', *, *, #7052, .T. ) ;
#1846 = VERTEX_POINT ( 'NONE', #4003 ) ;
#1847 = CARTESIAN_POINT ( 'NONE',  ( 16.37292000000000058, 69.68950999999999851, 3.000000000000000000 ) ) ;
#1848 = CYLINDRICAL_SURFACE ( 'NONE', #4482, 1.650000000000000355 ) ;
#1849 = DIRECTION ( 'NONE',  ( 0.5558708404050709539, -0.8312686742488015756, 0.000000000000000000 ) ) ;
#1850 = VERTEX_POINT ( 'NONE', #6239 ) ;
#1851 = EDGE_CURVE ( 'NONE', #5734, #3255, #1756, .T. ) ;
#1852 = ORIENTED_EDGE ( 'NONE', *, *, #7127, .T. ) ;
#1853 = LINE ( 'NONE', #2470, #433 ) ;
#1854 = VERTEX_POINT ( 'NONE', #1208 ) ;
#1855 = LINE ( 'NONE', #3571, #5532 ) ;
#1856 = PLANE ( 'NONE',  #2240 ) ;
#1857 = DIRECTION ( 'NONE',  ( -0.9644685056999444672, -0.2641978453979445529, 0.000000000000000000 ) ) ;
#1858 = CARTESIAN_POINT ( 'NONE',  ( 12.70767000000000024, 79.40269999999999584, 3.000000000000000000 ) ) ;
#1859 = DIRECTION ( 'NONE',  ( -0.002877633515779297844, -0.9999958596041029768, -0.000000000000000000 ) ) ;
#1860 = EDGE_CURVE ( 'NONE', #2421, #489, #3431, .T. ) ;
#1861 = CARTESIAN_POINT ( 'NONE',  ( 10.07116145048375699, 46.54473088092107957, 3.000000000000000000 ) ) ;
#1862 = ORIENTED_EDGE ( 'NONE', *, *, #3826, .F. ) ;
#1863 = EDGE_CURVE ( 'NONE', #1696, #1854, #2333, .T. ) ;
#1864 = ORIENTED_EDGE ( 'NONE', *, *, #6666, .F. ) ;
#1865 = ADVANCED_FACE ( 'NONE', ( #3468 ), #961, .F. ) ;
#1866 = PLANE ( 'NONE',  #1908 ) ;
#1867 = DIRECTION ( 'NONE',  ( -0.000000000000000000, -0.000000000000000000, -1.000000000000000000 ) ) ;
#1868 = DIRECTION ( 'NONE',  ( 0.000000000000000000, 0.000000000000000000, 1.000000000000000000 ) ) ;
#1869 = PLANE ( 'NONE',  #2915 ) ;
#1870 = DIRECTION ( 'NONE',  ( -0.000000000000000000, -0.000000000000000000, -1.000000000000000000 ) ) ;
#1871 = EDGE_CURVE ( 'NONE', #4294, #5323, #3038, .T. ) ;
#1872 = ORIENTED_EDGE ( 'NONE', *, *, #2038, .T. ) ;
#1873 = DIRECTION ( 'NONE',  ( 0.3849402266765293845, -0.9229415051270704051, 0.000000000000000000 ) ) ;
#1874 = CARTESIAN_POINT ( 'NONE',  ( 13.51037999999999961, 77.23219000000000278, 3.000000000000000000 ) ) ;
#1875 = LINE ( 'NONE', #3551, #2856 ) ;
#1876 = ORIENTED_EDGE ( 'NONE', *, *, #6753, .F. ) ;
#1877 = LINE ( 'NONE', #1758, #4454 ) ;
#1878 = FACE_OUTER_BOUND ( 'NONE', #4066, .T. ) ;
#1879 = VERTEX_POINT ( 'NONE', #380 ) ;
#1880 = VECTOR ( 'NONE', #6918, 999.9999999999998863 ) ;
#1881 = ORIENTED_EDGE ( 'NONE', *, *, #1474, .T. ) ;
#1882 = ORIENTED_EDGE ( 'NONE', *, *, #3786, .T. ) ;
#1883 = ORIENTED_EDGE ( 'NONE', *, *, #2260, .T. ) ;
#1884 = DIRECTION ( 'NONE',  ( -0.3300812949884028846, 0.9439525087094047251, -0.000000000000000000 ) ) ;
#1885 = VECTOR ( 'NONE', #1788, 1000.000000000000114 ) ;
#1886 = DIRECTION ( 'NONE',  ( -0.000000000000000000, -0.000000000000000000, -1.000000000000000000 ) ) ;
#1887 = ORIENTED_EDGE ( 'NONE', *, *, #4340, .T. ) ;
#1888 = VERTEX_POINT ( 'NONE', #6992 ) ;
#1889 = DIRECTION ( 'NONE',  ( -0.8873545871806669538, -0.4610876669456993593, 0.000000000000000000 ) ) ;
#1890 = CARTESIAN_POINT ( 'NONE',  ( 17.73594999999999899, 65.55621999999999616, 3.000000000000000000 ) ) ;
#1891 = AXIS2_PLACEMENT_3D ( 'NONE', #3758, #3174, #2531 ) ;
#1892 = DIRECTION ( 'NONE',  ( -0.3072432872461547393, 0.9516310011985616990, -0.000000000000000000 ) ) ;
#1893 = PLANE ( 'NONE',  #2813 ) ;
#1894 = DIRECTION ( 'NONE',  ( -0.9598197125963616738, -0.2806173895385634109, 0.000000000000000000 ) ) ;
#1896 = EDGE_CURVE ( 'NONE', #3807, #6446, #5304, .T. ) ;
#1895 = DIRECTION ( 'NONE',  ( -0.000000000000000000, -0.000000000000000000, -1.000000000000000000 ) ) ;
#1897 = DIRECTION ( 'NONE',  ( -0.000000000000000000, -0.000000000000000000, -1.000000000000000000 ) ) ;
#1898 = VERTEX_POINT ( 'NONE', #315 ) ;
#1899 = VECTOR ( 'NONE', #3430, 1000.000000000000227 ) ;
#1900 = ORIENTED_EDGE ( 'NONE', *, *, #1763, .F. ) ;
#1901 = ORIENTED_EDGE ( 'NONE', *, *, #2747, .T. ) ;
#1902 = DIRECTION ( 'NONE',  ( 0.3719680574487851388, -0.9282455301469419995, 0.000000000000000000 ) ) ;
#1903 = DIRECTION ( 'NONE',  ( -0.04420809588014344704, -0.9990223442239176688, -0.000000000000000000 ) ) ;
#1904 = LINE ( 'NONE', #5424, #4005 ) ;
#1905 = EDGE_CURVE ( 'NONE', #6755, #5754, #1487, .T. ) ;
#1906 = CARTESIAN_POINT ( 'NONE',  ( 11.89142999999999972, 81.54774000000000456, 3.000000000000000000 ) ) ;
#1907 = DIRECTION ( 'NONE',  ( -0.1421254160483762796, 0.9898486581862279143, -0.000000000000000000 ) ) ;
#1908 = AXIS2_PLACEMENT_3D ( 'NONE', #3540, #773, #2992 ) ;
#1909 = DIRECTION ( 'NONE',  ( 0.5850667395541065963, -0.8109851479944174546, 0.000000000000000000 ) ) ;
#1910 = EDGE_CURVE ( 'NONE', #1336, #918, #4193, .T. ) ;
#1911 = VECTOR ( 'NONE', #3286, 1000.000000000000000 ) ;
#1912 = LINE ( 'NONE', #3034, #3202 ) ;
#1913 = ORIENTED_EDGE ( 'NONE', *, *, #3901, .F. ) ;
#1914 = ORIENTED_EDGE ( 'NONE', *, *, #1028, .F. ) ;
#1915 = CARTESIAN_POINT ( 'NONE',  ( 17.70607232759892469, 53.04351030372892950, 0.000000000000000000 ) ) ;
#1916 = AXIS2_PLACEMENT_3D ( 'NONE', #2882, #115, #6242 ) ;
#1917 = VECTOR ( 'NONE', #3511, 1000.000000000000114 ) ;
#1918 = EDGE_CURVE ( 'NONE', #3633, #4088, #1443, .T. ) ;
#1919 = LINE ( 'NONE', #4123, #6234 ) ;
#1920 = VERTEX_POINT ( 'NONE', #3143 ) ;
#1921 = LINE ( 'NONE', #237, #5509 ) ;
#1922 = LINE ( 'NONE', #4127, #1535 ) ;
#1923 = CIRCLE ( 'NONE', #2840, 5.000003579956787014 ) ;
#1924 = VERTEX_POINT ( 'NONE', #3178 ) ;
#1925 = ORIENTED_EDGE ( 'NONE', *, *, #3929, .T. ) ;
#1926 = VERTEX_POINT ( 'NONE', #6394 ) ;
#1927 = EDGE_CURVE ( 'NONE', #3503, #4524, #4758, .T. ) ;
#1928 = CARTESIAN_POINT ( 'NONE',  ( 13.77060999999999957, 76.52236000000000615, 0.000000000000000000 ) ) ;
#1929 = LINE ( 'NONE', #2978, #6932 ) ;
#1930 = ORIENTED_EDGE ( 'NONE', *, *, #6174, .T. ) ;
#1931 = VECTOR ( 'NONE', #3546, 1000.000000000000000 ) ;
#1932 = ORIENTED_EDGE ( 'NONE', *, *, #6328, .T. ) ;
#1933 = CARTESIAN_POINT ( 'NONE',  ( 0.2999999999999999889, 75.29013000000000488, 0.000000000000000000 ) ) ;
#1934 = VECTOR ( 'NONE', #1052, 1000.000000000000227 ) ;
#1935 = CARTESIAN_POINT ( 'NONE',  ( 11.89142999999999972, 81.54774000000000456, 3.000000000000000000 ) ) ;
#1936 = FACE_OUTER_BOUND ( 'NONE', #4523, .T. ) ;
#1937 = CARTESIAN_POINT ( 'NONE',  ( 14.54044000000000025, 74.45987999999999829, 3.000000000000000000 ) ) ;
#1938 = CARTESIAN_POINT ( 'NONE',  ( 14.54044000000000025, 74.45987999999999829, 3.000000000000000000 ) ) ;
#1939 = LINE ( 'NONE', #4780, #5496 ) ;
#1940 = PLANE ( 'NONE',  #3899 ) ;
#1941 = ORIENTED_EDGE ( 'NONE', *, *, #6586, .T. ) ;
#1942 = VECTOR ( 'NONE', #3669, 1000.000000000000227 ) ;
#1943 = ORIENTED_EDGE ( 'NONE', *, *, #5622, .F. ) ;
#1944 = LINE ( 'NONE', #2952, #4448 ) ;
#1945 = CARTESIAN_POINT ( 'NONE',  ( 1.399999999999999911, 76.52886999999999773, 3.000000000000000000 ) ) ;
#1946 = CARTESIAN_POINT ( 'NONE',  ( 22.32593232759892388, 36.50744030372894144, 3.000000000000000000 ) ) ;
#1947 = LINE ( 'NONE', #4153, #6097 ) ;
#1948 = LINE ( 'NONE', #3212, #271 ) ;
#1949 = DIRECTION ( 'NONE',  ( 0.9278099822951755282, -0.3730531285935371200, 0.000000000000000000 ) ) ;
#1950 = VERTEX_POINT ( 'NONE', #4272 ) ;
#1951 = ORIENTED_EDGE ( 'NONE', *, *, #6712, .T. ) ;
#1952 = ORIENTED_EDGE ( 'NONE', *, *, #2178, .T. ) ;
#1953 = CARTESIAN_POINT ( 'NONE',  ( 5.923630000000000173, 90.10437000000000296, 3.000000000000000000 ) ) ;
#1954 = EDGE_CURVE ( 'NONE', #698, #4096, #5341, .T. ) ;
#1955 = CARTESIAN_POINT ( 'NONE',  ( 13.86108536689600079, 32.27887001539321687, 3.000000000000000000 ) ) ;
#1956 = CARTESIAN_POINT ( 'NONE',  ( 11.09951000000000043, 83.52206999999999937, 0.000000000000000000 ) ) ;
#1957 = VECTOR ( 'NONE', #4176, 1000.000000000000000 ) ;
#1958 = ORIENTED_EDGE ( 'NONE', *, *, #1372, .F. ) ;
#1959 = FACE_OUTER_BOUND ( 'NONE', #3254, .T. ) ;
#1960 = VERTEX_POINT ( 'NONE', #4835 ) ;
#1961 = ADVANCED_FACE ( 'NONE', ( #7098 ), #855, .F. ) ;
#1962 = ORIENTED_EDGE ( 'NONE', *, *, #3761, .F. ) ;
#1963 = EDGE_CURVE ( 'NONE', #3503, #3590, #3627, .T. ) ;
#1964 = ADVANCED_FACE ( 'NONE', ( #2572 ), #4791, .F. ) ;
#1965 = FACE_OUTER_BOUND ( 'NONE', #2753, .T. ) ;
#1966 = LINE ( 'NONE', #6440, #567 ) ;
#1967 = CARTESIAN_POINT ( 'NONE',  ( 6.799999999999999822, 69.52917999999999665, 0.000000000000000000 ) ) ;
#1968 = EDGE_LOOP ( 'NONE', ( #6499, #6583, #2586, #5647 ) ) ;
#1969 = EDGE_CURVE ( 'NONE', #2824, #5338, #7028, .T. ) ;
#1970 = ORIENTED_EDGE ( 'NONE', *, *, #1327, .F. ) ;
#1971 = DIRECTION ( 'NONE',  ( -0.000000000000000000, -0.000000000000000000, -1.000000000000000000 ) ) ;
#1972 = ORIENTED_EDGE ( 'NONE', *, *, #3499, .F. ) ;
#1973 = PLANE ( 'NONE',  #3432 ) ;
#1974 = DIRECTION ( 'NONE',  ( -0.3498968677669054284, 0.9367882268297935688, 0.000000000000000000 ) ) ;
#1975 = CARTESIAN_POINT ( 'NONE',  ( 6.799999999999999822, 63.77887000000000484, 3.000000000000000000 ) ) ;
#1976 = CARTESIAN_POINT ( 'NONE',  ( 9.404189999999999827, 61.63889999999999958, 3.000000000000000000 ) ) ;
#1977 = CARTESIAN_POINT ( 'NONE',  ( 3.547600000000000087, 90.77204999999999302, 0.000000000000000000 ) ) ;
#1978 = DIRECTION ( 'NONE',  ( -0.000000000000000000, -0.000000000000000000, -1.000000000000000000 ) ) ;
#1979 = LINE ( 'NONE', #1861, #1109 ) ;
#1980 = ORIENTED_EDGE ( 'NONE', *, *, #725, .T. ) ;
#1981 = DIRECTION ( 'NONE',  ( -0.2827999802039092847, 0.9591789046870601299, 0.000000000000000000 ) ) ;
#1982 = CARTESIAN_POINT ( 'NONE',  ( 8.696220000000000283, 59.60871000000000208, 3.000000000000000000 ) ) ;
#1983 = DIRECTION ( 'NONE',  ( 0.000000000000000000, 0.000000000000000000, 1.000000000000000000 ) ) ;
#1984 = PLANE ( 'NONE',  #381 ) ;
#1985 = DIRECTION ( 'NONE',  ( -0.3606293342749523068, 0.9327092168840214192, -0.000000000000000000 ) ) ;
#1986 = VERTEX_POINT ( 'NONE', #1955 ) ;
#1987 = DIRECTION ( 'NONE',  ( 0.3582564665734863651, -0.9336232131637903775, 0.000000000000000000 ) ) ;
#1988 = DIRECTION ( 'NONE',  ( -0.6639920876360008162, 0.7477395987620191198, 0.000000000000000000 ) ) ;
#1989 = CARTESIAN_POINT ( 'NONE',  ( 8.393760000000000332, 58.45353999999999672, 3.000000000000000000 ) ) ;
#1990 = CARTESIAN_POINT ( 'NONE',  ( 8.836959999999999482, 60.01276000000000010, 3.000000000000000000 ) ) ;
#1991 = EDGE_CURVE ( 'NONE', #4156, #6758, #6473, .T. ) ;
#1992 = ORIENTED_EDGE ( 'NONE', *, *, #6405, .F. ) ;
#1993 = EDGE_LOOP ( 'NONE', ( #1165, #5461, #4693, #4839 ) ) ;
#1994 = CARTESIAN_POINT ( 'NONE',  ( 12.86109110324589366, 54.27887061591118822, 3.000000000000000000 ) ) ;
#1995 = EDGE_LOOP ( 'NONE', ( #5315, #4403, #2375, #2549 ) ) ;
#1996 = ADVANCED_FACE ( 'NONE', ( #2499 ), #2098, .F. ) ;
#1997 = DIRECTION ( 'NONE',  ( -0.000000000000000000, -0.000000000000000000, -1.000000000000000000 ) ) ;
#1998 = EDGE_CURVE ( 'NONE', #6590, #5734, #6957, .T. ) ;
#1999 = ADVANCED_FACE ( 'NONE', ( #3701 ), #5922, .F. ) ;
#2000 = LINE ( 'NONE', #6484, #1685 ) ;
#2001 = VECTOR ( 'NONE', #2437, 1000.000000000000114 ) ;
#2002 = ADVANCED_FACE ( 'NONE', ( #2709 ), #1036, .F. ) ;
#2003 = VERTEX_POINT ( 'NONE', #3252 ) ;
#2004 = ORIENTED_EDGE ( 'NONE', *, *, #1320, .F. ) ;
#2005 = DIRECTION ( 'NONE',  ( -0.9130489060447229965, 0.4078500890897716058, 0.000000000000000000 ) ) ;
#2006 = VECTOR ( 'NONE', #473, 1000.000000000000000 ) ;
#2007 = ORIENTED_EDGE ( 'NONE', *, *, #4620, .T. ) ;
#2008 = DIRECTION ( 'NONE',  ( -0.000000000000000000, -0.000000000000000000, -1.000000000000000000 ) ) ;
#2009 = EDGE_CURVE ( 'NONE', #3590, #6068, #1691, .T. ) ;
#2010 = CARTESIAN_POINT ( 'NONE',  ( 0.2999999999999999889, 75.29013000000000488, 3.000000000000000000 ) ) ;
#2011 = CARTESIAN_POINT ( 'NONE',  ( 17.23310999999999993, 67.22267999999999688, 3.000000000000000000 ) ) ;
#2012 = LINE ( 'NONE', #801, #6331 ) ;
#2013 = CARTESIAN_POINT ( 'NONE',  ( 17.25168000000000035, 56.80989000000000289, 3.000000000000000000 ) ) ;
#2014 = CARTESIAN_POINT ( 'NONE',  ( 11.34979000000000049, 82.91294000000000608, 3.000000000000000000 ) ) ;
#2015 = DIRECTION ( 'NONE',  ( 0.2606186848905445719, -0.9654418165202515167, -0.000000000000000000 ) ) ;
#2016 = VERTEX_POINT ( 'NONE', #4302 ) ;
#2017 = VERTEX_POINT ( 'NONE', #2629 ) ;
#2018 = DIRECTION ( 'NONE',  ( -0.2565694360824022358, 0.9665258012429662760, -0.000000000000000000 ) ) ;
#2019 = AXIS2_PLACEMENT_3D ( 'NONE', #4299, #3139, #7024 ) ;
#2020 = LINE ( 'NONE', #2061, #1322 ) ;
#2021 = EDGE_CURVE ( 'NONE', #7081, #6469, #982, .T. ) ;
#2022 = LINE ( 'NONE', #4112, #6451 ) ;
#2023 = DIRECTION ( 'NONE',  ( -0.9666189039463908284, 0.2562184508061003951, 0.000000000000000000 ) ) ;
#2024 = CARTESIAN_POINT ( 'NONE',  ( 10.08043145048375600, 46.51039088092107932, 3.000000000000000000 ) ) ;
#2025 = CARTESIAN_POINT ( 'NONE',  ( 16.67915999999999954, 68.84505000000000052, 3.000000000000000000 ) ) ;
#2026 = VECTOR ( 'NONE', #2325, 1000.000000000000000 ) ;
#2027 = ORIENTED_EDGE ( 'NONE', *, *, #6201, .T. ) ;
#2028 = CARTESIAN_POINT ( 'NONE',  ( 13.77060999999999957, 76.52236000000000615, 0.000000000000000000 ) ) ;
#2029 = CARTESIAN_POINT ( 'NONE',  ( 0.7611499999999999932, 89.99428000000000338, 3.000000000000000000 ) ) ;
#2030 = AXIS2_PLACEMENT_3D ( 'NONE', #1652, #3866, #6093 ) ;
#2031 = VECTOR ( 'NONE', #1309, 1000.000000000000227 ) ;
#2032 = CARTESIAN_POINT ( 'NONE',  ( 1.399999999999999911, 86.52886999999999773, 3.000000000000000000 ) ) ;
#2033 = ORIENTED_EDGE ( 'NONE', *, *, #705, .T. ) ;
#2034 = VECTOR ( 'NONE', #6282, 1000.000000000000227 ) ;
#2035 = ORIENTED_EDGE ( 'NONE', *, *, #1066, .T. ) ;
#2036 = VECTOR ( 'NONE', #765, 1000.000000000000000 ) ;
#2037 = DIRECTION ( 'NONE',  ( 0.2641992351690181651, -0.9644681249974546011, -0.000000000000000000 ) ) ;
#2038 = EDGE_CURVE ( 'NONE', #7081, #292, #6006, .T. ) ;
#2039 = ORIENTED_EDGE ( 'NONE', *, *, #4216, .T. ) ;
#2040 = VECTOR ( 'NONE', #2313, 1000.000000000000114 ) ;
#2041 = DIRECTION ( 'NONE',  ( -0.2464996825437959505, 0.9691428720812054198, -0.000000000000000000 ) ) ;
#2042 = ORIENTED_EDGE ( 'NONE', *, *, #108, .F. ) ;
#2043 = VERTEX_POINT ( 'NONE', #7187 ) ;
#2044 = DIRECTION ( 'NONE',  ( -0.4096838457035744674, 0.9122275738923537602, -0.000000000000000000 ) ) ;
#2045 = EDGE_CURVE ( 'NONE', #3616, #6566, #4881, .T. ) ;
#2046 = ORIENTED_EDGE ( 'NONE', *, *, #439, .T. ) ;
#2047 = CARTESIAN_POINT ( 'NONE',  ( 0.2999999999999999889, 70.29013000000000488, 3.000000000000000000 ) ) ;
#2048 = CARTESIAN_POINT ( 'NONE',  ( 7.886489999999999334, 88.85902000000000100, 3.000000000000000000 ) ) ;
#2049 = LINE ( 'NONE', #5489, #6565 ) ;
#2050 = CARTESIAN_POINT ( 'NONE',  ( 0.2999999999999999889, 67.76761000000000479, 0.000000000000000000 ) ) ;
#2051 = VECTOR ( 'NONE', #5258, 1000.000000000000114 ) ;
#2052 = DIRECTION ( 'NONE',  ( -0.000000000000000000, -0.000000000000000000, -1.000000000000000000 ) ) ;
#2053 = COORDINATED_UNIVERSAL_TIME_OFFSET ( 3, 0, .AHEAD. ) ;
#2054 = DIRECTION ( 'NONE',  ( -0.000000000000000000, -0.000000000000000000, -1.000000000000000000 ) ) ;
#2055 = EDGE_LOOP ( 'NONE', ( #5300, #5236, #6527, #6439 ) ) ;
#2056 = ADVANCED_FACE ( 'NONE', ( #4357 ), #1017, .F. ) ;
#2057 = VERTEX_POINT ( 'NONE', #7049 ) ;
#2058 = CARTESIAN_POINT ( 'NONE',  ( 18.39827000000000012, 62.18231999999999715, 3.000000000000000000 ) ) ;
#2059 = VECTOR ( 'NONE', #1397, 1000.000000000000227 ) ;
#2060 = EDGE_CURVE ( 'NONE', #2057, #1920, #533, .T. ) ;
#2061 = CARTESIAN_POINT ( 'NONE',  ( 21.06101232759892028, 40.79931030372893730, 0.000000000000000000 ) ) ;
#2062 = EDGE_CURVE ( 'NONE', #6755, #4719, #5971, .T. ) ;
#2063 = LINE ( 'NONE', #3660, #617 ) ;
#2064 = DIRECTION ( 'NONE',  ( 0.2830560816765381182, -0.9591033597198609373, -0.000000000000000000 ) ) ;
#2065 = VECTOR ( 'NONE', #2897, 1000.000000000000000 ) ;
#2066 = VECTOR ( 'NONE', #4330, 1000.000000000000000 ) ;
#2067 = VERTEX_POINT ( 'NONE', #2689 ) ;
#2068 = EDGE_CURVE ( 'NONE', #2223, #733, #3713, .T. ) ;
#2069 = DIRECTION ( 'NONE',  ( -0.3300812949884028846, 0.9439525087094047251, -0.000000000000000000 ) ) ;
#2070 = CARTESIAN_POINT ( 'NONE',  ( 8.940851450483753737, 51.00050088092108069, 3.000000000000000000 ) ) ;
#2071 = DIRECTION ( 'NONE',  ( -0.6639920876360050350, -0.7477395987620153450, -0.000000000000000000 ) ) ;
#2072 = ORIENTED_EDGE ( 'NONE', *, *, #6328, .F. ) ;
#2073 = EDGE_LOOP ( 'NONE', ( #7075, #2920, #3770, #1472 ) ) ;
#2074 = DIRECTION ( 'NONE',  ( -0.000000000000000000, -0.000000000000000000, -1.000000000000000000 ) ) ;
#2075 = ORIENTED_EDGE ( 'NONE', *, *, #5096, .T. ) ;
#2076 = ORIENTED_EDGE ( 'NONE', *, *, #5060, .F. ) ;
#2077 = ORIENTED_EDGE ( 'NONE', *, *, #3723, .F. ) ;
#2078 = LINE ( 'NONE', #6518, #905 ) ;
#2079 = DIRECTION ( 'NONE',  ( -0.4078478829875642475, -0.9130498914859813686, -0.000000000000000000 ) ) ;
#2080 = CARTESIAN_POINT ( 'NONE',  ( 12.43595999999999968, 80.12586000000000297, 3.000000000000000000 ) ) ;
#2081 = LINE ( 'NONE', #2010, #498 ) ;
#2082 = DIRECTION ( 'NONE',  ( 0.2232158120520923994, -0.9747690502113436350, -0.000000000000000000 ) ) ;
#2083 = FACE_OUTER_BOUND ( 'NONE', #3073, .T. ) ;
#2084 = DATE_TIME_ROLE ( 'creation_date' ) ;
#2085 = EDGE_CURVE ( 'NONE', #6099, #531, #3160, .T. ) ;
#2086 = DIRECTION ( 'NONE',  ( 0.000000000000000000, 0.000000000000000000, 1.000000000000000000 ) ) ;
#2087 = VERTEX_POINT ( 'NONE', #2660 ) ;
#2088 = ORIENTED_EDGE ( 'NONE', *, *, #1651, .F. ) ;
#2089 = DIRECTION ( 'NONE',  ( -0.1965104017920527857, 0.9805017399207029971, -0.000000000000000000 ) ) ;
#2090 = CARTESIAN_POINT ( 'NONE',  ( 4.702079999999999593, 90.55486999999999398, 0.000000000000000000 ) ) ;
#2091 = EDGE_CURVE ( 'NONE', #7169, #704, #1529, .T. ) ;
#2092 = DIRECTION ( 'NONE',  ( -0.5779195129290392030, -0.8160937670242691677, 0.000000000000000000 ) ) ;
#2093 = CARTESIAN_POINT ( 'NONE',  ( 14.54044000000000025, 74.45987999999999829, 0.000000000000000000 ) ) ;
#2094 = EDGE_CURVE ( 'NONE', #2315, #3399, #3815, .T. ) ;
#2095 = EDGE_CURVE ( 'NONE', #579, #3011, #3229, .T. ) ;
#2096 = ORIENTED_EDGE ( 'NONE', *, *, #6645, .F. ) ;
#2097 = CARTESIAN_POINT ( 'NONE',  ( 16.35858999999999952, 69.72839999999999350, 3.000000000000000000 ) ) ;
#2098 = PLANE ( 'NONE',  #959 ) ;
#2099 = EDGE_CURVE ( 'NONE', #2016, #5083, #3306, .T. ) ;
#2100 = LINE ( 'NONE', #2679, #2347 ) ;
#2101 = ORIENTED_EDGE ( 'NONE', *, *, #5662, .T. ) ;
#2102 = ORIENTED_EDGE ( 'NONE', *, *, #6628, .T. ) ;
#2103 = VERTEX_POINT ( 'NONE', #6521 ) ;
#2104 = CARTESIAN_POINT ( 'NONE',  ( 12.17136999999999958, 80.82191000000000258, 3.000000000000000000 ) ) ;
#2105 = ORIENTED_EDGE ( 'NONE', *, *, #1918, .F. ) ;
#2106 = ORIENTED_EDGE ( 'NONE', *, *, #1681, .T. ) ;
#2107 = PLANE ( 'NONE',  #2606 ) ;
#2108 = DIRECTION ( 'NONE',  ( -0.3817185528670683503, -0.9242786086440988313, -0.000000000000000000 ) ) ;
#2109 = ORIENTED_EDGE ( 'NONE', *, *, #5721, .T. ) ;
#2110 = DIRECTION ( 'NONE',  ( 0.3948245942539114206, 0.9187565182202704905, 0.000000000000000000 ) ) ;
#2111 = DIRECTION ( 'NONE',  ( -0.2830600369807589334, 0.9591021923989390130, -0.000000000000000000 ) ) ;
#2112 = PLANE ( 'NONE',  #862 ) ;
#2113 = CARTESIAN_POINT ( 'NONE',  ( 11.61999999999999922, 82.23909000000000447, 0.000000000000000000 ) ) ;
#2114 = DIRECTION ( 'NONE',  ( 0.3817213639829324379, 0.9242774476741330014, -0.000000000000000000 ) ) ;
#2115 = COORDINATED_UNIVERSAL_TIME_OFFSET ( 3, 0, .AHEAD. ) ;
#2116 = CARTESIAN_POINT ( 'NONE',  ( 11.63189000000000028, 82.20911999999999864, 0.000000000000000000 ) ) ;
#2117 = CARTESIAN_POINT ( 'NONE',  ( 10.99181145048375541, 43.22319088092108075, 3.000000000000000000 ) ) ;
#2118 = ORIENTED_EDGE ( 'NONE', *, *, #2667, .T. ) ;
#2119 = VECTOR ( 'NONE', #2794, 1000.000000000000227 ) ;
#2120 = CARTESIAN_POINT ( 'NONE',  ( 18.43014000000000152, 61.23277999999999821, 0.000000000000000000 ) ) ;
#2121 = LINE ( 'NONE', #4332, #7153 ) ;
#2122 = DIRECTION ( 'NONE',  ( 0.2144409529224648725, 0.9767369542050230447, 0.000000000000000000 ) ) ;
#2123 = EDGE_CURVE ( 'NONE', #6566, #5004, #5391, .T. ) ;
#2124 = LINE ( 'NONE', #4334, #5128 ) ;
#2125 = DIRECTION ( 'NONE',  ( -0.2746185898186150331, 0.9615532383212254119, 0.000000000000000000 ) ) ;
#2126 = CARTESIAN_POINT ( 'NONE',  ( 0.2999999999999999889, 89.63273999999999830, 0.000000000000000000 ) ) ;
#2127 = ORIENTED_EDGE ( 'NONE', *, *, #410, .T. ) ;
#2128 = VECTOR ( 'NONE', #927, 1000.000000000000000 ) ;
#2129 = ADVANCED_FACE ( 'NONE', ( #7144 ), #5524, .F. ) ;
#2130 = DIRECTION ( 'NONE',  ( -0.9383266382908261871, -0.3457500829701087297, 0.000000000000000000 ) ) ;
#2131 = EDGE_CURVE ( 'NONE', #6771, #364, #6593, .T. ) ;
#2132 = VECTOR ( 'NONE', #7232, 1000.000000000000000 ) ;
#2133 = LINE ( 'NONE', #3731, #2459 ) ;
#2134 = VERTEX_POINT ( 'NONE', #2729 ) ;
#2135 = ORIENTED_EDGE ( 'NONE', *, *, #5417, .F. ) ;
#2136 = VECTOR ( 'NONE', #2293, 1000.000000000000000 ) ;
#2137 = EDGE_CURVE ( 'NONE', #3778, #3908, #4943, .T. ) ;
#2138 = VECTOR ( 'NONE', #4702, 1000.000000000000000 ) ;
#2139 = DIRECTION ( 'NONE',  ( -0.000000000000000000, -0.000000000000000000, -1.000000000000000000 ) ) ;
#2140 = AXIS2_PLACEMENT_3D ( 'NONE', #3544, #5803, #1321 ) ;
#2141 = ORIENTED_EDGE ( 'NONE', *, *, #390, .T. ) ;
#2142 = ORIENTED_EDGE ( 'NONE', *, *, #1335, .F. ) ;
#2143 = EDGE_CURVE ( 'NONE', #1924, #4897, #3745, .T. ) ;
#2144 = LINE ( 'NONE', #4355, #3175 ) ;
#2145 = CARTESIAN_POINT ( 'NONE',  ( 11.63189000000000028, 82.20911999999999864, 3.000000000000000000 ) ) ;
#2146 = CARTESIAN_POINT ( 'NONE',  ( 10.52929145048375581, 44.87212088092108075, 3.000000000000000000 ) ) ;
#2147 = VECTOR ( 'NONE', #1538, 1000.000000000000114 ) ;
#2148 = DIRECTION ( 'NONE',  ( 0.05977058949611286504, -0.9982121400941219580, 0.000000000000000000 ) ) ;
#2149 = CARTESIAN_POINT ( 'NONE',  ( 18.39827000000000012, 62.18231999999999715, 0.000000000000000000 ) ) ;
#2150 = LINE ( 'NONE', #1669, #584 ) ;
#2151 = PLANE ( 'NONE',  #4476 ) ;
#2152 = CALENDAR_DATE ( 2026, 1, 10 ) ;
#2153 = CARTESIAN_POINT ( 'NONE',  ( 18.76534232759892262, 48.87102030372894035, 0.000000000000000000 ) ) ;
#2154 = CARTESIAN_POINT ( 'NONE',  ( 0.2999999999999999889, 85.26761000000000479, 0.000000000000000000 ) ) ;
#2155 = ORIENTED_EDGE ( 'NONE', *, *, #5924, .F. ) ;
#2156 = DIRECTION ( 'NONE',  ( -0.2827961678469845253, 0.9591800286969387468, -0.000000000000000000 ) ) ;
#2157 = AXIS2_PLACEMENT_3D ( 'NONE', #2996, #1834, #2532 ) ;
#2158 = CARTESIAN_POINT ( 'NONE',  ( 15.43191000000000024, 72.16450000000000387, 3.000000000000000000 ) ) ;
#2159 = CARTESIAN_POINT ( 'NONE',  ( 1.809279999999999999, 90.52478000000000691, 3.000000000000000000 ) ) ;
#2160 = CARTESIAN_POINT ( 'NONE',  ( 8.304759999999999920, 57.94451000000000107, 3.000000000000000000 ) ) ;
#2161 = LINE ( 'NONE', #512, #1184 ) ;
#2162 = VERTEX_POINT ( 'NONE', #6073 ) ;
#2163 = VECTOR ( 'NONE', #1897, 1000.000000000000000 ) ;
#2164 = ORIENTED_EDGE ( 'NONE', *, *, #218, .F. ) ;
#2165 = DIRECTION ( 'NONE',  ( 0.6639920876360008162, -0.7477395987620191198, -0.000000000000000000 ) ) ;
#2166 = DIRECTION ( 'NONE',  ( -0.3160170081570757294, 0.9487535246603570060, 0.000000000000000000 ) ) ;
#2167 = VECTOR ( 'NONE', #4290, 1000.000000000000000 ) ;
#2168 = VECTOR ( 'NONE', #430, 1000.000000000000000 ) ;
#2169 = CARTESIAN_POINT ( 'NONE',  ( 12.44214000000000020, 80.10948999999999387, 0.000000000000000000 ) ) ;
#2170 = VERTEX_POINT ( 'NONE', #1082 ) ;
#2171 = EDGE_CURVE ( 'NONE', #6137, #4047, #5695, .T. ) ;
#2172 = ORIENTED_EDGE ( 'NONE', *, *, #158, .F. ) ;
#2173 = VECTOR ( 'NONE', #5783, 1000.000000000000114 ) ;
#2174 = EDGE_CURVE ( 'NONE', #3959, #6050, #5555, .T. ) ;
#2175 = EDGE_LOOP ( 'NONE', ( #634, #6587, #3966, #2889 ) ) ;
#2176 = EDGE_CURVE ( 'NONE', #4163, #7035, #6734, .T. ) ;
#2177 = ORIENTED_EDGE ( 'NONE', *, *, #1753, .F. ) ;
#2178 = EDGE_CURVE ( 'NONE', #5077, #292, #1806, .T. ) ;
#2179 = ORIENTED_EDGE ( 'NONE', *, *, #603, .F. ) ;
#2180 = DIRECTION ( 'NONE',  ( 0.2761864206603587557, -0.9611040843960757529, -0.000000000000000000 ) ) ;
#2181 = CARTESIAN_POINT ( 'NONE',  ( 17.73594999999999899, 65.55621999999999616, 3.000000000000000000 ) ) ;
#2182 = LINE ( 'NONE', #157, #1917 ) ;
#2183 = CARTESIAN_POINT ( 'NONE',  ( 12.97793000000000063, 78.67661999999999978, 3.000000000000000000 ) ) ;
#2184 = EDGE_CURVE ( 'NONE', #4653, #5003, #2312, .T. ) ;
#2185 = DIRECTION ( 'NONE',  ( -0.000000000000000000, -1.000000000000000000, -0.000000000000000000 ) ) ;
#2186 = MECHANICAL_CONTEXT ( 'NONE', #1245, 'mechanical' ) ;
#2187 = CARTESIAN_POINT ( 'NONE',  ( 14.27267999999999937, 75.16252000000000066, 3.000000000000000000 ) ) ;
#2188 = VERTEX_POINT ( 'NONE', #1120 ) ;
#2189 = EDGE_LOOP ( 'NONE', ( #1541, #3107, #3954, #645 ) ) ;
#2190 = LINE ( 'NONE', #3275, #769 ) ;
#2191 = CARTESIAN_POINT ( 'NONE',  ( 12.98156999999999961, 78.66679999999999495, 3.000000000000000000 ) ) ;
#2192 = FACE_OUTER_BOUND ( 'NONE', #5311, .T. ) ;
#2193 = PLANE ( 'NONE',  #2927 ) ;
#2194 = CARTESIAN_POINT ( 'NONE',  ( 0.2999999999999999889, 72.76761000000000479, 3.000000000000000000 ) ) ;
#2195 = VERTEX_POINT ( 'NONE', #2238 ) ;
#2196 = PLANE ( 'NONE',  #2030 ) ;
#2197 = VECTOR ( 'NONE', #6092, 1000.000000000000000 ) ;
#2198 = ORIENTED_EDGE ( 'NONE', *, *, #785, .T. ) ;
#2199 = ORIENTED_EDGE ( 'NONE', *, *, #7095, .T. ) ;
#2200 = ADVANCED_FACE ( 'NONE', ( #4423 ), #3406, .F. ) ;
#2201 = LINE ( 'NONE', #4451, #5270 ) ;
#2202 = ORIENTED_EDGE ( 'NONE', *, *, #1640, .F. ) ;
#2203 = VERTEX_POINT ( 'NONE', #6766 ) ;
#2204 = ORIENTED_EDGE ( 'NONE', *, *, #1558, .T. ) ;
#2205 = EDGE_CURVE ( 'NONE', #5131, #4653, #6660, .T. ) ;
#2206 = VERTEX_POINT ( 'NONE', #2825 ) ;
#2208 = EDGE_CURVE ( 'NONE', #241, #2737, #3942, .T. ) ;
#2207 = CARTESIAN_POINT ( 'NONE',  ( 0.2999999999999999889, 80.26761000000000479, 3.000000000000000000 ) ) ;
#2209 = EDGE_CURVE ( 'NONE', #4310, #5115, #6699, .T. ) ;
#2210 = DIRECTION ( 'NONE',  ( -0.3687689603511474790, 0.9295210884544438112, -0.000000000000000000 ) ) ;
#2211 = CARTESIAN_POINT ( 'NONE',  ( 8.836959999999999482, 60.01276000000000010, 3.000000000000000000 ) ) ;
#2212 = LINE ( 'NONE', #1671, #6696 ) ;
#2213 = ORIENTED_EDGE ( 'NONE', *, *, #3280, .T. ) ;
#2214 = EDGE_CURVE ( 'NONE', #2862, #899, #4529, .T. ) ;
#2215 = DIRECTION ( 'NONE',  ( -0.000000000000000000, -0.000000000000000000, -1.000000000000000000 ) ) ;
#2216 = DIRECTION ( 'NONE',  ( -0.7619018687967836767, 0.6476924751176045270, -0.000000000000000000 ) ) ;
#2217 = DIRECTION ( 'NONE',  ( -0.9927503154724742762, 0.1201948881163528993, -0.000000000000000000 ) ) ;
#2218 = LINE ( 'NONE', #475, #5291 ) ;
#2219 = CARTESIAN_POINT ( 'NONE',  ( 8.187659999999999272, 56.60114999999999696, 3.000000000000000000 ) ) ;
#2220 = CARTESIAN_POINT ( 'NONE',  ( 19.29303552207457173, 33.88597735041531678, -0.000000000000000000 ) ) ;
#2221 = VECTOR ( 'NONE', #5526, 1000.000000000000000 ) ;
#2222 = LINE ( 'NONE', #67, #6626 ) ;
#2223 = VERTEX_POINT ( 'NONE', #2859 ) ;
#2224 = EDGE_CURVE ( 'NONE', #6050, #3189, #6251, .T. ) ;
#2225 = CARTESIAN_POINT ( 'NONE',  ( 5.129159999999999719, 90.38315000000000055, 0.000000000000000000 ) ) ;
#2226 = CARTESIAN_POINT ( 'NONE',  ( 9.427469999999999573, 61.42535999999999774, 3.000000000000000000 ) ) ;
#2227 = VECTOR ( 'NONE', #4581, 1000.000000000000000 ) ;
#2228 = DIRECTION ( 'NONE',  ( 0.2780816263162248503, -0.9605574470615088067, -0.000000000000000000 ) ) ;
#2229 = ORIENTED_EDGE ( 'NONE', *, *, #1240, .T. ) ;
#2230 = VECTOR ( 'NONE', #5345, 1000.000000000000114 ) ;
#2231 = ORIENTED_EDGE ( 'NONE', *, *, #6079, .F. ) ;
#2232 = LINE ( 'NONE', #1760, #5853 ) ;
#2233 = VERTEX_POINT ( 'NONE', #1766 ) ;
#2234 = ORIENTED_EDGE ( 'NONE', *, *, #3295, .T. ) ;
#2235 = VECTOR ( 'NONE', #1543, 1000.000000000000000 ) ;
#2236 = ORIENTED_EDGE ( 'NONE', *, *, #4625, .F. ) ;
#2237 = EDGE_CURVE ( 'NONE', #957, #4191, #86, .T. ) ;
#2238 = CARTESIAN_POINT ( 'NONE',  ( 8.192389999999999617, 65.84913000000000238, 3.000000000000000000 ) ) ;
#2239 = VECTOR ( 'NONE', #5801, 999.9999999999998863 ) ;
#2240 = AXIS2_PLACEMENT_3D ( 'NONE', #6295, #6934, #3530 ) ;
#2241 = LINE ( 'NONE', #5456, #6649 ) ;
#2242 = CARTESIAN_POINT ( 'NONE',  ( 20.51108999999999938, 32.27886999999999773, 3.000000000000000000 ) ) ;
#2243 = CARTESIAN_POINT ( 'NONE',  ( 18.86108730178907322, 32.27887001539321687, 3.000000000000000000 ) ) ;
#2244 = EDGE_CURVE ( 'NONE', #4095, #5133, #3850, .T. ) ;
#2245 = AXIS2_PLACEMENT_3D ( 'NONE', #5608, #143, #2812 ) ;
#2246 = ORIENTED_EDGE ( 'NONE', *, *, #7165, .T. ) ;
#2247 = CARTESIAN_POINT ( 'NONE',  ( 13.30276145048375369, 35.28694088092107961, 0.000000000000000000 ) ) ;
#2248 = VECTOR ( 'NONE', #4714, 1000.000000000000000 ) ;
#2249 = DIRECTION ( 'NONE',  ( 0.000000000000000000, 0.000000000000000000, 1.000000000000000000 ) ) ;
#2250 = FACE_OUTER_BOUND ( 'NONE', #732, .T. ) ;
#2251 = DIRECTION ( 'NONE',  ( 0.2562184508061003951, 0.9666189039463909394, -0.000000000000000000 ) ) ;
#2252 = DIRECTION ( 'NONE',  ( -0.000000000000000000, -0.000000000000000000, -1.000000000000000000 ) ) ;
#2253 = DIRECTION ( 'NONE',  ( 0.3842214136658135826, 0.9232409789868752936, -0.000000000000000000 ) ) ;
#2254 = CARTESIAN_POINT ( 'NONE',  ( 22.32593232759892388, 36.50744030372894144, 3.000000000000000000 ) ) ;
#2255 = AXIS2_PLACEMENT_3D ( 'NONE', #5404, #1983, #5918 ) ;
#2256 = EDGE_CURVE ( 'NONE', #2817, #6107, #5117, .T. ) ;
#2257 = LINE ( 'NONE', #5638, #6038 ) ;
#2258 = ORIENTED_EDGE ( 'NONE', *, *, #2045, .T. ) ;
#2259 = ADVANCED_FACE ( 'NONE', ( #324 ), #4203, .F. ) ;
#2260 = EDGE_CURVE ( 'NONE', #5513, #1754, #3519, .T. ) ;
#2261 = PLANE ( 'NONE',  #6441 ) ;
#2262 = ORIENTED_EDGE ( 'NONE', *, *, #3609, .T. ) ;
#2263 = DIRECTION ( 'NONE',  ( -0.9900352737546975757, -0.1408195892674775351, -0.000000000000000000 ) ) ;
#2264 = CARTESIAN_POINT ( 'NONE',  ( 7.077650000000000219, 89.48705999999999960, 3.000000000000000000 ) ) ;
#2265 = DIRECTION ( 'NONE',  ( -0.000000000000000000, -0.000000000000000000, -1.000000000000000000 ) ) ;
#2266 = VECTOR ( 'NONE', #1867, 1000.000000000000000 ) ;
#2267 = EDGE_CURVE ( 'NONE', #3835, #6909, #244, .T. ) ;
#2268 = EDGE_LOOP ( 'NONE', ( #1316, #5148, #2177, #819 ) ) ;
#2269 = AXIS2_PLACEMENT_3D ( 'NONE', #2285, #2249, #2398 ) ;
#2270 = ORIENTED_EDGE ( 'NONE', *, *, #272, .F. ) ;
#2271 = LINE ( 'NONE', #6728, #722 ) ;
#2272 = VERTEX_POINT ( 'NONE', #6404 ) ;
#2273 = VERTEX_POINT ( 'NONE', #3637 ) ;
#2274 = AXIS2_PLACEMENT_3D ( 'NONE', #5466, #2700, #6993 ) ;
#2275 = VECTOR ( 'NONE', #1476, 1000.000000000000000 ) ;
#2276 = VECTOR ( 'NONE', #6555, 1000.000000000000227 ) ;
#2277 = ORIENTED_EDGE ( 'NONE', *, *, #5395, .F. ) ;
#2278 = CARTESIAN_POINT ( 'NONE',  ( 18.13876000000000133, 63.89996000000000720, 0.000000000000000000 ) ) ;
#2279 = ORIENTED_EDGE ( 'NONE', *, *, #6356, .T. ) ;
#2280 = CARTESIAN_POINT ( 'NONE',  ( 17.51552999999999827, 57.44236000000000075, 3.000000000000000000 ) ) ;
#2281 = CARTESIAN_POINT ( 'NONE',  ( 1.399999999999999911, 66.52886999999999773, 3.000000000000000000 ) ) ;
#2282 = CARTESIAN_POINT ( 'NONE',  ( 10.83693000000000062, 84.14285999999999888, 0.000000000000000000 ) ) ;
#2283 = ORIENTED_EDGE ( 'NONE', *, *, #3211, .T. ) ;
#2284 = AXIS2_PLACEMENT_3D ( 'NONE', #3679, #363, #5452 ) ;
#2285 = CARTESIAN_POINT ( 'NONE',  ( 12.86109110324589366, 54.27887061591118822, 0.000000000000000000 ) ) ;
#2286 = DIRECTION ( 'NONE',  ( -0.000000000000000000, -0.000000000000000000, -1.000000000000000000 ) ) ;
#2287 = DIRECTION ( 'NONE',  ( -0.3759946317799314763, 0.9266218413531345233, -0.000000000000000000 ) ) ;
#2288 = DIRECTION ( 'NONE',  ( -0.000000000000000000, -0.000000000000000000, -1.000000000000000000 ) ) ;
#2290 = EDGE_CURVE ( 'NONE', #5655, #6535, #6844, .T. ) ;
#2289 = FACE_OUTER_BOUND ( 'NONE', #5931, .T. ) ;
#2291 = DIRECTION ( 'NONE',  ( -0.2337603362738597812, 0.9722942482526223396, -0.000000000000000000 ) ) ;
#2292 = ORIENTED_EDGE ( 'NONE', *, *, #793, .T. ) ;
#2293 = DIRECTION ( 'NONE',  ( -0.9600422883123829187, 0.2798549707472131054, -0.000000000000000000 ) ) ;
#2294 = FACE_OUTER_BOUND ( 'NONE', #384, .T. ) ;
#2295 = EDGE_CURVE ( 'NONE', #3189, #5513, #1966, .T. ) ;
#2296 = LINE ( 'NONE', #6190, #1450 ) ;
#2297 = CARTESIAN_POINT ( 'NONE',  ( 11.63189000000000028, 82.20911999999999864, 3.000000000000000000 ) ) ;
#2298 = CC_DESIGN_PERSON_AND_ORGANIZATION_ASSIGNMENT ( #6012, #5361, ( #3484 ) ) ;
#2299 = EDGE_CURVE ( 'NONE', #1574, #3223, #2974, .T. ) ;
#2300 = ORIENTED_EDGE ( 'NONE', *, *, #6631, .F. ) ;
#2301 = CARTESIAN_POINT ( 'NONE',  ( 0.2999999999999999889, 80.26761000000000479, 0.000000000000000000 ) ) ;
#2302 = ADVANCED_FACE ( 'NONE', ( #6288 ), #4733, .T. ) ;
#2303 = VERTEX_POINT ( 'NONE', #7000 ) ;
#2304 = LINE ( 'NONE', #4520, #4231 ) ;
#2305 = DIRECTION ( 'NONE',  ( 0.9654418165202515167, 0.2606186848905445719, -0.000000000000000000 ) ) ;
#2306 = ORIENTED_EDGE ( 'NONE', *, *, #356, .F. ) ;
#2307 = ORIENTED_EDGE ( 'NONE', *, *, #1343, .F. ) ;
#2308 = AXIS2_PLACEMENT_3D ( 'NONE', #3394, #621, #6754 ) ;
#2309 = ORIENTED_EDGE ( 'NONE', *, *, #6894, .F. ) ;
#2310 = ORIENTED_EDGE ( 'NONE', *, *, #2544, .F. ) ;
#2311 = PLANE ( 'NONE',  #4370 ) ;
#2312 = LINE ( 'NONE', #6804, #4770 ) ;
#2313 = DIRECTION ( 'NONE',  ( -0.08549496720477794964, -0.9963386023750429032, -0.000000000000000000 ) ) ;
#2314 = CARTESIAN_POINT ( 'NONE',  ( 10.57658999999999949, 84.73675000000000068, 3.000000000000000000 ) ) ;
#2315 = VERTEX_POINT ( 'NONE', #5898 ) ;
#2316 = EDGE_LOOP ( 'NONE', ( #6080, #3078, #3302, #4094 ) ) ;
#2317 = FACE_OUTER_BOUND ( 'NONE', #2878, .T. ) ;
#2318 = CARTESIAN_POINT ( 'NONE',  ( 12.71250999999999998, 79.38975000000000648, 3.000000000000000000 ) ) ;
#2319 = DIRECTION ( 'NONE',  ( 0.9152174137762839612, -0.4029604019263557380, 0.000000000000000000 ) ) ;
#2320 = LINE ( 'NONE', #6777, #3983 ) ;
#2321 = DIRECTION ( 'NONE',  ( -0.000000000000000000, -0.000000000000000000, -1.000000000000000000 ) ) ;
#2322 = DIRECTION ( 'NONE',  ( 0.2027477372156434587, 0.9792310018856308362, -0.000000000000000000 ) ) ;
#2323 = VERTEX_POINT ( 'NONE', #4649 ) ;
#2324 = ORIENTED_EDGE ( 'NONE', *, *, #2176, .T. ) ;
#2325 = DIRECTION ( 'NONE',  ( -0.000000000000000000, -0.000000000000000000, -1.000000000000000000 ) ) ;
#2326 = EDGE_CURVE ( 'NONE', #4684, #948, #6968, .T. ) ;
#2327 = CARTESIAN_POINT ( 'NONE',  ( 10.05781999999999954, 85.84056999999999960, 3.000000000000000000 ) ) ;
#2328 = CARTESIAN_POINT ( 'NONE',  ( 18.00748232759892176, 51.78476030372893746, 3.000000000000000000 ) ) ;
#2329 = DIRECTION ( 'NONE',  ( -0.000000000000000000, -0.000000000000000000, -1.000000000000000000 ) ) ;
#2330 = VERTEX_POINT ( 'NONE', #4133 ) ;
#2331 = VECTOR ( 'NONE', #2457, 1000.000000000000000 ) ;
#2332 = EDGE_CURVE ( 'NONE', #4118, #3596, #5234, .T. ) ;
#2333 = LINE ( 'NONE', #4550, #2888 ) ;
#2334 = CARTESIAN_POINT ( 'NONE',  ( 14.27267999999999937, 75.16252000000000066, 3.000000000000000000 ) ) ;
#2335 = ORIENTED_EDGE ( 'NONE', *, *, #4933, .T. ) ;
#2336 = LINE ( 'NONE', #6200, #3771 ) ;
#2337 = PLANE ( 'NONE',  #7138 ) ;
#2338 = ORIENTED_EDGE ( 'NONE', *, *, #1602, .T. ) ;
#2339 = EDGE_LOOP ( 'NONE', ( #3312, #1864, #6919, #3036 ) ) ;
#2340 = ADVANCED_FACE ( 'NONE', ( #6369 ), #1848, .F. ) ;
#2341 = VERTEX_POINT ( 'NONE', #4091 ) ;
#2342 = EDGE_CURVE ( 'NONE', #2771, #4542, #5815, .T. ) ;
#2343 = EDGE_LOOP ( 'NONE', ( #4694, #6141, #1803, #6488 ) ) ;
#2344 = VECTOR ( 'NONE', #1511, 999.9999999999998863 ) ;
#2345 = ADVANCED_FACE ( 'NONE', ( #1454 ), #2387, .F. ) ;
#2346 = CARTESIAN_POINT ( 'NONE',  ( 10.52929145048375581, 44.87212088092108075, 0.000000000000000000 ) ) ;
#2347 = VECTOR ( 'NONE', #4900, 1000.000000000000000 ) ;
#2348 = CARTESIAN_POINT ( 'NONE',  ( 18.00748232759892176, 51.78476030372893746, 0.000000000000000000 ) ) ;
#2349 = EDGE_CURVE ( 'NONE', #6517, #6224, #1298, .T. ) ;
#2350 = ORIENTED_EDGE ( 'NONE', *, *, #1963, .F. ) ;
#2351 = AXIS2_PLACEMENT_3D ( 'NONE', #4477, #5094, #3928 ) ;
#2352 = VECTOR ( 'NONE', #2661, 1000.000000000000000 ) ;
#2353 = CARTESIAN_POINT ( 'NONE',  ( 13.93520145048375625, 33.13658088092108045, 0.000000000000000000 ) ) ;
#2354 = CARTESIAN_POINT ( 'NONE',  ( 17.98528999999999911, 58.62004999999999910, 3.000000000000000000 ) ) ;
#2355 = DIRECTION ( 'NONE',  ( 0.9990223442239177798, -0.04420809588014344704, 0.000000000000000000 ) ) ;
#2356 = PLANE ( 'NONE',  #4347 ) ;
#2357 = DIRECTION ( 'NONE',  ( 0.000000000000000000, 0.000000000000000000, -1.000000000000000000 ) ) ;
#2358 = VECTOR ( 'NONE', #1272, 1000.000000000000000 ) ;
#2359 = VECTOR ( 'NONE', #6422, 1000.000000000000000 ) ;
#2360 = DIRECTION ( 'NONE',  ( 0.2823046378825376235, -0.9593248101816241880, -0.000000000000000000 ) ) ;
#2361 = EDGE_LOOP ( 'NONE', ( #2442, #1589, #3299, #4729 ) ) ;
#2362 = VECTOR ( 'NONE', #677, 1000.000000000000114 ) ;
#2363 = ORIENTED_EDGE ( 'NONE', *, *, #257, .F. ) ;
#2364 = VERTEX_POINT ( 'NONE', #2508 ) ;
#2365 = CARTESIAN_POINT ( 'NONE',  ( 12.87826145048375537, 36.72531088092107865, 3.000000000000000000 ) ) ;
#2366 = CARTESIAN_POINT ( 'NONE',  ( 8.530609999999999360, 88.20659000000000560, 3.000000000000000000 ) ) ;
#2367 = DIRECTION ( 'NONE',  ( -0.7896007761563469396, 0.6136209043809494057, -0.000000000000000000 ) ) ;
#2368 = LINE ( 'NONE', #5183, #6791 ) ;
#2369 = AXIS2_PLACEMENT_3D ( 'NONE', #3796, #1579, #1032 ) ;
#2370 = CARTESIAN_POINT ( 'NONE',  ( 11.47160145048375668, 41.54309088092107771, 3.000000000000000000 ) ) ;
#2371 = ORIENTED_EDGE ( 'NONE', *, *, #218, .T. ) ;
#2372 = LINE ( 'NONE', #3074, #4560 ) ;
#2373 = ORIENTED_EDGE ( 'NONE', *, *, #6760, .T. ) ;
#2374 = CARTESIAN_POINT ( 'NONE',  ( 1.399999999999999911, 69.02886999999999773, 3.000000000000000000 ) ) ;
#2375 = ORIENTED_EDGE ( 'NONE', *, *, #3635, .F. ) ;
#2376 = LINE ( 'NONE', #5525, #1090 ) ;
#2377 = VECTOR ( 'NONE', #5976, 1000.000000000000114 ) ;
#2378 = DIRECTION ( 'NONE',  ( 0.2811509820761541323, -0.9596635479571025140, -0.000000000000000000 ) ) ;
#2379 = EDGE_CURVE ( 'NONE', #187, #386, #4052, .T. ) ;
#2380 = ORIENTED_EDGE ( 'NONE', *, *, #4023, .T. ) ;
#2381 = ORIENTED_EDGE ( 'NONE', *, *, #4815, .F. ) ;
#2382 = VERTEX_POINT ( 'NONE', #3562 ) ;
#2383 = AXIS2_PLACEMENT_3D ( 'NONE', #2117, #3790, #2668 ) ;
#2384 = ORIENTED_EDGE ( 'NONE', *, *, #5006, .T. ) ;
#2385 = ORIENTED_EDGE ( 'NONE', *, *, #2620, .T. ) ;
#2386 = ORIENTED_EDGE ( 'NONE', *, *, #5335, .F. ) ;
#2387 = PLANE ( 'NONE',  #1591 ) ;
#2388 = EDGE_CURVE ( 'NONE', #3193, #3566, #4170, .T. ) ;
#2389 = VECTOR ( 'NONE', #1644, 1000.000000000000114 ) ;
#2390 = VECTOR ( 'NONE', #5217, 1000.000000000000000 ) ;
#2391 = DIRECTION ( 'NONE',  ( 0.9708457164365493774, 0.2397052249676739355, -0.000000000000000000 ) ) ;
#2392 = EDGE_CURVE ( 'NONE', #6543, #3941, #4767, .T. ) ;
#2393 = PLANE ( 'NONE',  #172 ) ;
#2394 = AXIS2_PLACEMENT_3D ( 'NONE', #1994, #2074, #5414 ) ;
#2395 = ORIENTED_EDGE ( 'NONE', *, *, #2535, .T. ) ;
#2396 = ORIENTED_EDGE ( 'NONE', *, *, #6946, .F. ) ;
#2397 = CARTESIAN_POINT ( 'NONE',  ( 9.660151450483754232, 48.09307088092107563, 3.000000000000000000 ) ) ;
#2398 = DIRECTION ( 'NONE',  ( -1.000000000000000000, 0.000000000000000000, 0.000000000000000000 ) ) ;
#2399 = ADVANCED_FACE ( 'NONE', ( #903 ), #5349, .F. ) ;
#2400 = LINE ( 'NONE', #6975, #2031 ) ;
#2401 = CARTESIAN_POINT ( 'NONE',  ( 1.399999999999999911, 71.52886999999999773, 3.000000000000000000 ) ) ;
#2402 = LINE ( 'NONE', #5174, #3668 ) ;
#2403 = CARTESIAN_POINT ( 'NONE',  ( 17.49502000000000024, 66.38796000000000674, 3.000000000000000000 ) ) ;
#2404 = PLANE ( 'NONE',  #5307 ) ;
#2405 = ORIENTED_EDGE ( 'NONE', *, *, #4558, .F. ) ;
#2406 = ORIENTED_EDGE ( 'NONE', *, *, #5877, .F. ) ;
#2407 = VERTEX_POINT ( 'NONE', #656 ) ;
#2408 = FACE_OUTER_BOUND ( 'NONE', #4965, .T. ) ;
#2409 = DIRECTION ( 'NONE',  ( -0.000000000000000000, -0.000000000000000000, -1.000000000000000000 ) ) ;
#2410 = FACE_OUTER_BOUND ( 'NONE', #1733, .T. ) ;
#2411 = CARTESIAN_POINT ( 'NONE',  ( 17.25168000000000035, 56.80989000000000289, 3.000000000000000000 ) ) ;
#2412 = VECTOR ( 'NONE', #3088, 1000.000000000000114 ) ;
#2413 = LINE ( 'NONE', #2370, #5051 ) ;
#2414 = ORIENTED_EDGE ( 'NONE', *, *, #7221, .T. ) ;
#2415 = CARTESIAN_POINT ( 'NONE',  ( 10.07116145048375699, 46.54473088092107957, 3.000000000000000000 ) ) ;
#2416 = LINE ( 'NONE', #5685, #1816 ) ;
#2417 = ORIENTED_EDGE ( 'NONE', *, *, #1642, .F. ) ;
#2418 = CARTESIAN_POINT ( 'NONE',  ( 17.73594999999999899, 65.55621999999999616, 0.000000000000000000 ) ) ;
#2419 = LINE ( 'NONE', #1842, #4424 ) ;
#2420 = ORIENTED_EDGE ( 'NONE', *, *, #3397, .F. ) ;
#2421 = VERTEX_POINT ( 'NONE', #1252 ) ;
#2422 = ORIENTED_EDGE ( 'NONE', *, *, #2570, .T. ) ;
#2423 = ORIENTED_EDGE ( 'NONE', *, *, #6035, .F. ) ;
#2424 = ADVANCED_FACE ( 'NONE', ( #2963 ), #5107, .F. ) ;
#2425 = VERTEX_POINT ( 'NONE', #155 ) ;
#2426 = CARTESIAN_POINT ( 'NONE',  ( 0.2999999999999999889, 67.76761000000000479, 3.000000000000000000 ) ) ;
#2427 = CARTESIAN_POINT ( 'NONE',  ( 6.401110000000000078, 89.88324000000000069, 3.000000000000000000 ) ) ;
#2428 = EDGE_LOOP ( 'NONE', ( #3470, #247, #5627, #4692 ) ) ;
#2429 = ORIENTED_EDGE ( 'NONE', *, *, #3975, .F. ) ;
#2430 = EDGE_CURVE ( 'NONE', #695, #3388, #5772, .T. ) ;
#2431 = VERTEX_POINT ( 'NONE', #2334 ) ;
#2432 = CARTESIAN_POINT ( 'NONE',  ( 22.58838232759892506, 35.61163030372893701, 3.000000000000000000 ) ) ;
#2433 = EDGE_CURVE ( 'NONE', #878, #1754, #6833, .T. ) ;
#2434 = VERTEX_POINT ( 'NONE', #6870 ) ;
#2435 = DIRECTION ( 'NONE',  ( 0.2827999802039092847, -0.9591789046870601299, -0.000000000000000000 ) ) ;
#2436 = CARTESIAN_POINT ( 'NONE',  ( 18.20943000000000112, 59.41342000000000212, 0.000000000000000000 ) ) ;
#2437 = DIRECTION ( 'NONE',  ( -0.6134809334850161999, 0.7897095315686351036, -0.000000000000000000 ) ) ;
#2438 = LINE ( 'NONE', #254, #399 ) ;
#2439 = LINE ( 'NONE', #2013, #6194 ) ;
#2440 = DIRECTION ( 'NONE',  ( 0.7619018687967836767, -0.6476924751176044159, 0.000000000000000000 ) ) ;
#2441 = EDGE_LOOP ( 'NONE', ( #3625, #5227, #89, #4453 ) ) ;
#2442 = ORIENTED_EDGE ( 'NONE', *, *, #1169, .T. ) ;
#2443 = EDGE_CURVE ( 'NONE', #425, #1461, #2880, .T. ) ;
#2444 = DIRECTION ( 'NONE',  ( -0.9282455301469419995, -0.3719680574487851388, 0.000000000000000000 ) ) ;
#2445 = CARTESIAN_POINT ( 'NONE',  ( 1.267830000000000013, 90.29388000000000147, 3.000000000000000000 ) ) ;
#2446 = LINE ( 'NONE', #1563, #4134 ) ;
#2447 = LINE ( 'NONE', #6901, #730 ) ;
#2448 = LINE ( 'NONE', #1946, #3068 ) ;
#2449 = CARTESIAN_POINT ( 'NONE',  ( 17.25848999999999833, 67.14406999999999925, 3.000000000000000000 ) ) ;
#2450 = CARTESIAN_POINT ( 'NONE',  ( 9.490800000000000125, 86.88465999999999667, 0.000000000000000000 ) ) ;
#2451 = EDGE_CURVE ( 'NONE', #6884, #4618, #740, .T. ) ;
#2452 = ORIENTED_EDGE ( 'NONE', *, *, #216, .F. ) ;
#2453 = LINE ( 'NONE', #6911, #277 ) ;
#2454 = CARTESIAN_POINT ( 'NONE',  ( 17.21109000000000222, 32.27886999999999773, -1.200000000000000030E-05 ) ) ;
#2455 = LINE ( 'NONE', #4680, #4960 ) ;
#2456 = EDGE_LOOP ( 'NONE', ( #2923, #5486, #6800, #3839 ) ) ;
#2457 = DIRECTION ( 'NONE',  ( -0.000000000000000000, -0.000000000000000000, -1.000000000000000000 ) ) ;
#2458 = ORIENTED_EDGE ( 'NONE', *, *, #6079, .T. ) ;
#2459 = VECTOR ( 'NONE', #7131, 1000.000000000000000 ) ;
#2460 = ORIENTED_EDGE ( 'NONE', *, *, #5145, .F. ) ;
#2461 = ORIENTED_EDGE ( 'NONE', *, *, #2299, .T. ) ;
#2462 = DIRECTION ( 'NONE',  ( -0.5016616038346334294, 0.8650639486408292500, -0.000000000000000000 ) ) ;
#2463 = DIRECTION ( 'NONE',  ( -0.000000000000000000, -0.000000000000000000, -1.000000000000000000 ) ) ;
#2464 = VECTOR ( 'NONE', #5139, 999.9999999999998863 ) ;
#2465 = DIRECTION ( 'NONE',  ( -0.000000000000000000, -0.000000000000000000, -1.000000000000000000 ) ) ;
#2466 = ORIENTED_EDGE ( 'NONE', *, *, #4380, .F. ) ;
#2467 = EDGE_CURVE ( 'NONE', #6563, #4175, #5192, .T. ) ;
#2468 = VECTOR ( 'NONE', #5887, 1000.000000000000227 ) ;
#2469 = VERTEX_POINT ( 'NONE', #1793 ) ;
#2470 = CARTESIAN_POINT ( 'NONE',  ( 1.399999999999999911, 66.52886999999999773, 3.000000000000000000 ) ) ;
#2471 = ORIENTED_EDGE ( 'NONE', *, *, #3408, .T. ) ;
#2472 = DIRECTION ( 'NONE',  ( -0.9249655861861956208, -0.3800508707676220066, 0.000000000000000000 ) ) ;
#2473 = VECTOR ( 'NONE', #445, 1000.000000000000227 ) ;
#2474 = DIRECTION ( 'NONE',  ( -0.2806173895385632999, 0.9598197125963615628, -0.000000000000000000 ) ) ;
#2475 = CARTESIAN_POINT ( 'NONE',  ( 9.283419999999999561, 61.08001000000000147, 3.000000000000000000 ) ) ;
#2476 = CARTESIAN_POINT ( 'NONE',  ( 10.81339000000000006, 84.19744000000000028, 3.000000000000000000 ) ) ;
#2477 = FACE_OUTER_BOUND ( 'NONE', #5743, .T. ) ;
#2478 = CARTESIAN_POINT ( 'NONE',  ( 15.42811999999999983, 72.17426000000000386, 0.000000000000000000 ) ) ;
#2479 = ADVANCED_FACE ( 'NONE', ( #3509 ), #1839, .F. ) ;
#2480 = FACE_OUTER_BOUND ( 'NONE', #5159, .T. ) ;
#2481 = VERTEX_POINT ( 'NONE', #1956 ) ;
#2482 = AXIS2_PLACEMENT_3D ( 'NONE', #152, #4721, #1873 ) ;
#2483 = EDGE_LOOP ( 'NONE', ( #6962, #5472, #2420, #362 ) ) ;
#2484 = CARTESIAN_POINT ( 'NONE',  ( 10.00177000000000049, 85.95217999999999847, 3.000000000000000000 ) ) ;
#2485 = CARTESIAN_POINT ( 'NONE',  ( 12.86109000000000080, 54.27886999999999773, 3.000000000000000000 ) ) ;
#2486 = CARTESIAN_POINT ( 'NONE',  ( 8.530609999999999360, 88.20659000000000560, 0.000000000000000000 ) ) ;
#2487 = VECTOR ( 'NONE', #340, 1000.000000000000114 ) ;
#2488 = ADVANCED_FACE ( 'NONE', ( #4006 ), #6318, .F. ) ;
#2489 = DIRECTION ( 'NONE',  ( -0.9487532174646200467, -0.3160179304256823252, 0.000000000000000000 ) ) ;
#2490 = VECTOR ( 'NONE', #912, 1000.000000000000114 ) ;
#2491 = PLANE ( 'NONE',  #4551 ) ;
#2492 = EDGE_CURVE ( 'NONE', #3837, #2233, #2455, .T. ) ;
#2493 = DIRECTION ( 'NONE',  ( 0.4362769262298645256, -0.8998124491467215380, 0.000000000000000000 ) ) ;
#2494 = EDGE_CURVE ( 'NONE', #3255, #3466, #2416, .T. ) ;
#2495 = EDGE_LOOP ( 'NONE', ( #6953, #4514, #657, #4411 ) ) ;
#2496 = VERTEX_POINT ( 'NONE', #694 ) ;
#2497 = ORIENTED_EDGE ( 'NONE', *, *, #1991, .T. ) ;
#2498 = DIRECTION ( 'NONE',  ( -0.9336232131637904885, -0.3582564665734864207, 0.000000000000000000 ) ) ;
#2499 = FACE_OUTER_BOUND ( 'NONE', #455, .T. ) ;
#2500 = CIRCLE ( 'NONE', #154, 5.000003579956787014 ) ;
#2501 = DIRECTION ( 'NONE',  ( -0.3960299235451150146, 0.9182376052290879276, -0.000000000000000000 ) ) ;
#2502 = ORIENTED_EDGE ( 'NONE', *, *, #272, .T. ) ;
#2503 = EDGE_CURVE ( 'NONE', #4763, #6876, #1875, .T. ) ;
#2504 = CARTESIAN_POINT ( 'NONE',  ( 10.99181145048375541, 43.22319088092108075, 3.000000000000000000 ) ) ;
#2505 = ORIENTED_EDGE ( 'NONE', *, *, #2349, .T. ) ;
#2506 = EDGE_LOOP ( 'NONE', ( #805, #4876, #6812, #5442 ) ) ;
#2507 = CARTESIAN_POINT ( 'NONE',  ( 9.648381450483755728, 48.13836088092107701, 3.000000000000000000 ) ) ;
#2508 = CARTESIAN_POINT ( 'NONE',  ( 11.95535145048375547, 39.87205088092107985, 0.000000000000000000 ) ) ;
#2509 = DIRECTION ( 'NONE',  ( 0.9681727650761186021, 0.2502828339396513391, -0.000000000000000000 ) ) ;
#2510 = ORIENTED_EDGE ( 'NONE', *, *, #3029, .T. ) ;
#2511 = VECTOR ( 'NONE', #1739, 1000.000000000000000 ) ;
#2512 = ORIENTED_EDGE ( 'NONE', *, *, #6616, .F. ) ;
#2513 = LINE ( 'NONE', #6257, #5076 ) ;
#2514 = EDGE_LOOP ( 'NONE', ( #5861, #5363, #2229, #4525 ) ) ;
#2515 = CARTESIAN_POINT ( 'NONE',  ( 17.98528999999999911, 58.62004999999999910, 0.000000000000000000 ) ) ;
#2516 = AXIS2_PLACEMENT_3D ( 'NONE', #5171, #4534, #3485 ) ;
#2517 = LINE ( 'NONE', #872, #5034 ) ;
#2518 = CARTESIAN_POINT ( 'NONE',  ( 17.76875000000000071, 65.43619999999999948, 0.000000000000000000 ) ) ;
#2519 = LINE ( 'NONE', #4701, #5874 ) ;
#2520 = CARTESIAN_POINT ( 'NONE',  ( 10.52196145048375620, 44.89857088092107773, 3.000000000000000000 ) ) ;
#2521 = DIRECTION ( 'NONE',  ( 0.2827961678469845253, -0.9591800286969387468, 0.000000000000000000 ) ) ;
#2522 = CARTESIAN_POINT ( 'NONE',  ( 10.31756999999999991, 85.30253000000000441, 0.000000000000000000 ) ) ;
#2523 = ORIENTED_EDGE ( 'NONE', *, *, #6020, .F. ) ;
#2524 = VECTOR ( 'NONE', #1334, 1000.000000000000114 ) ;
#2525 = AXIS2_PLACEMENT_3D ( 'NONE', #1103, #1135, #6683 ) ;
#2526 = CARTESIAN_POINT ( 'NONE',  ( 16.06050000000000111, 70.52648999999999546, 3.000000000000000000 ) ) ;
#2527 = PLANE ( 'NONE',  #4570 ) ;
#2528 = EDGE_CURVE ( 'NONE', #1215, #1336, #5226, .T. ) ;
#2529 = SECURITY_CLASSIFICATION ( '', '', #7115 ) ;
#2530 = DIRECTION ( 'NONE',  ( -0.9615526758030413790, -0.2746205594197405619, 0.000000000000000000 ) ) ;
#2531 = DIRECTION ( 'NONE',  ( -0.2806158185528055959, 0.9598201718957248829, 0.000000000000000000 ) ) ;
#2532 = DIRECTION ( 'NONE',  ( -0.2985473900664913360, 0.9543948113252116450, 0.000000000000000000 ) ) ;
#2533 = VERTEX_POINT ( 'NONE', #6914 ) ;
#2534 = ORIENTED_EDGE ( 'NONE', *, *, #5251, .T. ) ;
#2535 = EDGE_CURVE ( 'NONE', #2904, #1215, #1919, .T. ) ;
#2536 = PLANE ( 'NONE',  #6668 ) ;
#2537 = DIRECTION ( 'NONE',  ( 0.1722296474237796082, 0.9850568250351248167, 0.000000000000000000 ) ) ;
#2538 = ADVANCED_FACE ( 'NONE', ( #3628 ), #6360, .F. ) ;
#2539 = DIRECTION ( 'NONE',  ( 0.6639920876360050350, 0.7477395987620153450, 0.000000000000000000 ) ) ;
#2540 = EDGE_CURVE ( 'NONE', #5187, #5485, #3039, .T. ) ;
#2541 = VERTEX_POINT ( 'NONE', #6396 ) ;
#2542 = DIRECTION ( 'NONE',  ( -0.9198509206542631045, -0.3922681273969433335, -0.000000000000000000 ) ) ;
#2543 = VERTEX_POINT ( 'NONE', #4404 ) ;
#2544 = EDGE_CURVE ( 'NONE', #5800, #3503, #4792, .T. ) ;
#2545 = ORIENTED_EDGE ( 'NONE', *, *, #5344, .F. ) ;
#2546 = DIRECTION ( 'NONE',  ( -0.000000000000000000, -0.000000000000000000, -1.000000000000000000 ) ) ;
#2547 = DIRECTION ( 'NONE',  ( -1.000000000000000000, 0.000000000000000000, 0.000000000000000000 ) ) ;
#2548 = DIRECTION ( 'NONE',  ( -0.3289393991955830154, -0.9443510320092041166, -0.000000000000000000 ) ) ;
#2549 = ORIENTED_EDGE ( 'NONE', *, *, #3556, .T. ) ;
#2550 = VERTEX_POINT ( 'NONE', #3111 ) ;
#2551 = CARTESIAN_POINT ( 'NONE',  ( 6.902720000000000411, 89.59960999999999842, 3.000000000000000000 ) ) ;
#2552 = ORIENTED_EDGE ( 'NONE', *, *, #1248, .T. ) ;
#2553 = PLANE ( 'NONE',  #1221 ) ;
#2554 = CARTESIAN_POINT ( 'NONE',  ( 13.51037999999999961, 77.23219000000000278, 3.000000000000000000 ) ) ;
#2555 = DIRECTION ( 'NONE',  ( -0.9319254398623825209, -0.3626499338719157972, 0.000000000000000000 ) ) ;
#2556 = DIRECTION ( 'NONE',  ( -0.000000000000000000, -1.000000000000000000, -0.000000000000000000 ) ) ;
#2557 = DIRECTION ( 'NONE',  ( -0.000000000000000000, -0.000000000000000000, -1.000000000000000000 ) ) ;
#2558 = CARTESIAN_POINT ( 'NONE',  ( 0.2999999999999999889, 77.79013000000000488, 3.000000000000000000 ) ) ;
#2559 = VECTOR ( 'NONE', #6125, 1000.000000000000000 ) ;
#2560 = LINE ( 'NONE', #3096, #6216 ) ;
#2561 = ORIENTED_EDGE ( 'NONE', *, *, #109, .F. ) ;
#2562 = VECTOR ( 'NONE', #4516, 1000.000000000000000 ) ;
#2563 = VECTOR ( 'NONE', #1666, 1000.000000000000114 ) ;
#2564 = CARTESIAN_POINT ( 'NONE',  ( 8.338839999999999364, 88.41728999999999417, 3.000000000000000000 ) ) ;
#2565 = CARTESIAN_POINT ( 'NONE',  ( 10.27693000000000012, 85.38866000000000156, 3.000000000000000000 ) ) ;
#2566 = CARTESIAN_POINT ( 'NONE',  ( 5.296789999999999665, 90.33253000000000554, 0.000000000000000000 ) ) ;
#2567 = CARTESIAN_POINT ( 'NONE',  ( 11.36456000000000088, 82.87654000000000565, 3.000000000000000000 ) ) ;
#2568 = DIRECTION ( 'NONE',  ( 0.1757250131163916040, -0.9844392920669328140, 0.000000000000000000 ) ) ;
#2569 = ORIENTED_EDGE ( 'NONE', *, *, #4765, .F. ) ;
#2570 = EDGE_CURVE ( 'NONE', #5133, #3097, #7029, .T. ) ;
#2571 = LINE ( 'NONE', #1035, #5724 ) ;
#2572 = FACE_OUTER_BOUND ( 'NONE', #353, .T. ) ;
#2573 = PLANE ( 'NONE',  #636 ) ;
#2574 = DIRECTION ( 'NONE',  ( -0.8409706681326368782, 0.5410807105603990808, -0.000000000000000000 ) ) ;
#2575 = EDGE_LOOP ( 'NONE', ( #2726, #1542, #4439, #2461 ) ) ;
#2576 = EDGE_CURVE ( 'NONE', #378, #1736, #7198, .T. ) ;
#2577 = ORIENTED_EDGE ( 'NONE', *, *, #4859, .T. ) ;
#2578 = CARTESIAN_POINT ( 'NONE',  ( 13.69005145048375383, 33.97336088092107786, 3.000000000000000000 ) ) ;
#2579 = DIRECTION ( 'NONE',  ( -0.7897095315686352146, -0.6134809334850161999, 0.000000000000000000 ) ) ;
#2580 = ADVANCED_FACE ( 'NONE', ( #6569 ), #318, .F. ) ;
#2581 = FACE_OUTER_BOUND ( 'NONE', #4739, .T. ) ;
#2582 = VECTOR ( 'NONE', #3041, 1000.000000000000227 ) ;
#2583 = ORIENTED_EDGE ( 'NONE', *, *, #2237, .F. ) ;
#2584 = ADVANCED_FACE ( 'NONE', ( #3315 ), #2573, .F. ) ;
#2585 = ADVANCED_FACE ( 'NONE', ( #6669 ), #541, .F. ) ;
#2586 = ORIENTED_EDGE ( 'NONE', *, *, #5512, .F. ) ;
#2587 = CARTESIAN_POINT ( 'NONE',  ( 17.95197999999999894, 64.72745999999999356, 0.000000000000000000 ) ) ;
#2588 = AXIS2_PLACEMENT_3D ( 'NONE', #543, #4921, #6607 ) ;
#2589 = VECTOR ( 'NONE', #3843, 1000.000000000000000 ) ;
#2590 = LINE ( 'NONE', #7046, #1483 ) ;
#2591 = LINE ( 'NONE', #5242, #5640 ) ;
#2592 = LINE ( 'NONE', #3264, #2939 ) ;
#2593 = FACE_OUTER_BOUND ( 'NONE', #2514, .T. ) ;
#2594 = ADVANCED_FACE ( 'NONE', ( #3243 ), #6431, .F. ) ;
#2595 = LINE ( 'NONE', #4218, #4832 ) ;
#2596 = DIRECTION ( 'NONE',  ( 1.000000000000000000, 0.000000000000000000, 0.000000000000000000 ) ) ;
#2597 = DIRECTION ( 'NONE',  ( -0.3963689795686130557, -0.9180912983117399673, 0.000000000000000000 ) ) ;
#2598 = ORIENTED_EDGE ( 'NONE', *, *, #4273, .T. ) ;
#2599 = ORIENTED_EDGE ( 'NONE', *, *, #3854, .F. ) ;
#2600 = CARTESIAN_POINT ( 'NONE',  ( 9.404189999999999827, 61.63889999999999958, 0.000000000000000000 ) ) ;
#2601 = AXIS2_PLACEMENT_3D ( 'NONE', #6533, #6468, #6426 ) ;
#2602 = DIRECTION ( 'NONE',  ( 1.000000000000000000, 0.000000000000000000, 0.000000000000000000 ) ) ;
#2603 = LINE ( 'NONE', #1030, #6677 ) ;
#2604 = LINE ( 'NONE', #3696, #407 ) ;
#2605 = CARTESIAN_POINT ( 'NONE',  ( 21.06101232759892028, 40.79931030372893730, 0.000000000000000000 ) ) ;
#2606 = AXIS2_PLACEMENT_3D ( 'NONE', #3810, #1046, #3393 ) ;
#2607 = EDGE_LOOP ( 'NONE', ( #68, #3303, #3005, #4050 ) ) ;
#2608 = DIRECTION ( 'NONE',  ( -0.2562397323558173179, -0.9666132626662118366, -0.000000000000000000 ) ) ;
#2609 = CARTESIAN_POINT ( 'NONE',  ( 0.2999999999999999889, 82.79013000000000488, 3.000000000000000000 ) ) ;
#2610 = VECTOR ( 'NONE', #574, 1000.000000000000000 ) ;
#2611 = VECTOR ( 'NONE', #294, 1000.000000000000000 ) ;
#2612 = CARTESIAN_POINT ( 'NONE',  ( 17.76875000000000071, 65.43619999999999948, 3.000000000000000000 ) ) ;
#2613 = VERTEX_POINT ( 'NONE', #4333 ) ;
#2614 = AXIS2_PLACEMENT_3D ( 'NONE', #6494, #7055, #2596 ) ;
#2615 = VECTOR ( 'NONE', #5761, 1000.000000000000227 ) ;
#2616 = ORIENTED_EDGE ( 'NONE', *, *, #3541, .T. ) ;
#2617 = AXIS2_PLACEMENT_3D ( 'NONE', #2476, #4659, #5212 ) ;
#2618 = CARTESIAN_POINT ( 'NONE',  ( 12.42373145048375704, 38.27000088092108143, 3.000000000000000000 ) ) ;
#2619 = VERTEX_POINT ( 'NONE', #471 ) ;
#2620 = EDGE_CURVE ( 'NONE', #4524, #6, #1577, .T. ) ;
#2621 = VECTOR ( 'NONE', #846, 1000.000000000000000 ) ;
#2622 = ORIENTED_EDGE ( 'NONE', *, *, #3977, .F. ) ;
#2623 = ORIENTED_EDGE ( 'NONE', *, *, #5575, .T. ) ;
#2624 = LINE ( 'NONE', #4847, #3112 ) ;
#2625 = EDGE_CURVE ( 'NONE', #1986, #5583, #2773, .T. ) ;
#2626 = ORIENTED_EDGE ( 'NONE', *, *, #5516, .T. ) ;
#2627 = FACE_OUTER_BOUND ( 'NONE', #3970, .T. ) ;
#2629 = CARTESIAN_POINT ( 'NONE',  ( 0.2999999999999999889, 85.26761000000000479, 0.000000000000000000 ) ) ;
#2628 = PRODUCT_RELATED_PRODUCT_CATEGORY ( 'detail', '', ( #3484 ) ) ;
#2630 = LINE ( 'NONE', #3714, #4100 ) ;
#2631 = EDGE_CURVE ( 'NONE', #3466, #2170, #1612, .T. ) ;
#2632 = DIRECTION ( 'NONE',  ( -0.3589790793088693532, 0.9333456062030595080, 0.000000000000000000 ) ) ;
#2633 = VECTOR ( 'NONE', #3789, 1000.000000000000000 ) ;
#2634 = CARTESIAN_POINT ( 'NONE',  ( 16.66123999999999938, 68.89531999999999812, 3.000000000000000000 ) ) ;
#2635 = PERSON_AND_ORGANIZATION ( #5259, #2945 ) ;
#2636 = DIRECTION ( 'NONE',  ( -0.000000000000000000, -0.000000000000000000, -1.000000000000000000 ) ) ;
#2637 = ORIENTED_EDGE ( 'NONE', *, *, #6510, .F. ) ;
#2638 = CARTESIAN_POINT ( 'NONE',  ( 9.283419999999999561, 61.08001000000000147, 0.000000000000000000 ) ) ;
#2639 = VECTOR ( 'NONE', #4327, 1000.000000000000000 ) ;
#2640 = EDGE_CURVE ( 'NONE', #2787, #2904, #1445, .T. ) ;
#2641 = DIRECTION ( 'NONE',  ( 0.2822859313821372007, -0.9593303148257742441, -0.000000000000000000 ) ) ;
#2642 = LINE ( 'NONE', #6122, #2147 ) ;
#2643 = DIRECTION ( 'NONE',  ( -0.000000000000000000, -0.000000000000000000, -1.000000000000000000 ) ) ;
#2644 = VECTOR ( 'NONE', #5357, 1000.000000000000000 ) ;
#2645 = VECTOR ( 'NONE', #6462, 1000.000000000000000 ) ;
#2646 = VECTOR ( 'NONE', #35, 1000.000000000000000 ) ;
#2647 = ORIENTED_EDGE ( 'NONE', *, *, #390, .F. ) ;
#2648 = DIRECTION ( 'NONE',  ( -0.9305617759035780256, 0.3661349221628268369, -0.000000000000000000 ) ) ;
#2649 = DIRECTION ( 'NONE',  ( -0.000000000000000000, -0.000000000000000000, -1.000000000000000000 ) ) ;
#2650 = CARTESIAN_POINT ( 'NONE',  ( 20.12335232759891923, 44.02245030372893808, 3.000000000000000000 ) ) ;
#2651 = ORIENTED_EDGE ( 'NONE', *, *, #6052, .F. ) ;
#2652 = ORIENTED_EDGE ( 'NONE', *, *, #2342, .F. ) ;
#2653 = ORIENTED_EDGE ( 'NONE', *, *, #1896, .T. ) ;
#2654 = FACE_OUTER_BOUND ( 'NONE', #2784, .T. ) ;
#2655 = ORIENTED_EDGE ( 'NONE', *, *, #6405, .T. ) ;
#2656 = ORIENTED_EDGE ( 'NONE', *, *, #559, .T. ) ;
#2657 = EDGE_CURVE ( 'NONE', #585, #6137, #5343, .T. ) ;
#2658 = FACE_OUTER_BOUND ( 'NONE', #2575, .T. ) ;
#2659 = DIRECTION ( 'NONE',  ( -0.3500927284342362777, 0.9367150481856646449, -0.000000000000000000 ) ) ;
#2660 = CARTESIAN_POINT ( 'NONE',  ( 17.50576999999999828, 57.42034999999999911, 0.000000000000000000 ) ) ;
#2661 = DIRECTION ( 'NONE',  ( -0.000000000000000000, -0.000000000000000000, -1.000000000000000000 ) ) ;
#2662 = PLANE ( 'NONE',  #3043 ) ;
#2663 = CARTESIAN_POINT ( 'NONE',  ( 18.33457999999999899, 62.76655000000000229, 3.000000000000000000 ) ) ;
#2664 = APPROVAL_ROLE ( '' ) ;
#2665 = DIRECTION ( 'NONE',  ( -0.6639920876360050350, -0.7477395987620153450, -0.000000000000000000 ) ) ;
#2666 = EDGE_CURVE ( 'NONE', #6922, #3566, #6054, .T. ) ;
#2667 = EDGE_CURVE ( 'NONE', #2273, #1170, #2190, .T. ) ;
#2668 = DIRECTION ( 'NONE',  ( -0.2700736831150955530, 0.9628396573099006206, 0.000000000000000000 ) ) ;
#2669 = ORIENTED_EDGE ( 'NONE', *, *, #5930, .F. ) ;
#2670 = EDGE_CURVE ( 'NONE', #660, #3396, #4955, .T. ) ;
#2671 = ORIENTED_EDGE ( 'NONE', *, *, #5778, .T. ) ;
#2672 = CARTESIAN_POINT ( 'NONE',  ( 12.42373145048375704, 38.27000088092108143, 3.000000000000000000 ) ) ;
#2673 = DIRECTION ( 'NONE',  ( -0.4487822437807892362, 0.8936411459120938705, -0.000000000000000000 ) ) ;
#2674 = DIRECTION ( 'NONE',  ( -0.8160937670242691677, 0.5779195129290392030, -0.000000000000000000 ) ) ;
#2675 = EDGE_CURVE ( 'NONE', #330, #290, #6084, .T. ) ;
#2676 = ORIENTED_EDGE ( 'NONE', *, *, #5957, .T. ) ;
#2677 = DIRECTION ( 'NONE',  ( -0.4171550526003862114, 0.9088353327693465822, -0.000000000000000000 ) ) ;
#2678 = EDGE_CURVE ( 'NONE', #5382, #5618, #1712, .T. ) ;
#2679 = CARTESIAN_POINT ( 'NONE',  ( 8.186080000000002244, 56.05208999999999975, 3.000000000000000000 ) ) ;
#2680 = ORIENTED_EDGE ( 'NONE', *, *, #595, .F. ) ;
#2681 = ORIENTED_EDGE ( 'NONE', *, *, #3643, .F. ) ;
#2682 = DIRECTION ( 'NONE',  ( -0.000000000000000000, -0.000000000000000000, -1.000000000000000000 ) ) ;
#2683 = ORIENTED_EDGE ( 'NONE', *, *, #517, .F. ) ;
#2684 = ORIENTED_EDGE ( 'NONE', *, *, #6724, .T. ) ;
#2685 = DIRECTION ( 'NONE',  ( -0.9568074110472172267, 0.2907225105923542108, -0.000000000000000000 ) ) ;
#2686 = ORIENTED_EDGE ( 'NONE', *, *, #2290, .F. ) ;
#2687 = CARTESIAN_POINT ( 'NONE',  ( 18.36606000000000094, 60.29934000000000083, 0.000000000000000000 ) ) ;
#2688 = DIRECTION ( 'NONE',  ( 0.7477395987620154560, -0.6639920876360051460, 0.000000000000000000 ) ) ;
#2689 = CARTESIAN_POINT ( 'NONE',  ( 5.129159999999999719, 90.38315000000000055, 3.000000000000000000 ) ) ;
#2690 = FACE_OUTER_BOUND ( 'NONE', #5376, .T. ) ;
#2691 = CARTESIAN_POINT ( 'NONE',  ( 0.7611499999999999932, 89.99428000000000338, 3.000000000000000000 ) ) ;
#2692 = DIRECTION ( 'NONE',  ( -0.7106492538971411754, -0.7035464717667460066, 0.000000000000000000 ) ) ;
#2693 = APPROVAL_ROLE ( '' ) ;
#2694 = DIRECTION ( 'NONE',  ( -0.6639920876360050350, -0.7477395987620153450, -0.000000000000000000 ) ) ;
#2695 = LINE ( 'NONE', #2154, #1477 ) ;
#2696 = ORIENTED_EDGE ( 'NONE', *, *, #478, .F. ) ;
#2697 = VECTOR ( 'NONE', #5926, 1000.000000000000227 ) ;
#2698 = LINE ( 'NONE', #4225, #6359 ) ;
#2699 = DIRECTION ( 'NONE',  ( 0.000000000000000000, 0.000000000000000000, -1.000000000000000000 ) ) ;
#2700 = DIRECTION ( 'NONE',  ( -0.9330231490044367249, -0.3598163467963131357, 0.000000000000000000 ) ) ;
#2701 = CARTESIAN_POINT ( 'NONE',  ( 8.192389999999999617, 65.84913000000000238, 3.000000000000000000 ) ) ;
#2702 = DIRECTION ( 'NONE',  ( 0.9999459498228807641, 0.01039699152720757573, 0.000000000000000000 ) ) ;
#2703 = FACE_OUTER_BOUND ( 'NONE', #3523, .T. ) ;
#2704 = EDGE_CURVE ( 'NONE', #4415, #1628, #2851, .T. ) ;
#2705 = CARTESIAN_POINT ( 'NONE',  ( 17.84711281469592592, 33.59824339387093062, 0.000000000000000000 ) ) ;
#2706 = ORIENTED_EDGE ( 'NONE', *, *, #5795, .T. ) ;
#2707 = ORIENTED_EDGE ( 'NONE', *, *, #1015, .F. ) ;
#2708 = CARTESIAN_POINT ( 'NONE',  ( 18.42449999999999832, 61.74425999999999704, 3.000000000000000000 ) ) ;
#2709 = FACE_OUTER_BOUND ( 'NONE', #4906, .T. ) ;
#2710 = EDGE_CURVE ( 'NONE', #3482, #1696, #674, .T. ) ;
#2711 = EDGE_CURVE ( 'NONE', #355, #4799, #4622, .T. ) ;
#2712 = VECTOR ( 'NONE', #2682, 1000.000000000000000 ) ;
#2713 = EDGE_CURVE ( 'NONE', #6099, #695, #94, .T. ) ;
#2714 = CARTESIAN_POINT ( 'NONE',  ( 17.98528999999999911, 58.62004999999999910, 3.000000000000000000 ) ) ;
#2715 = ORIENTED_EDGE ( 'NONE', *, *, #5145, .T. ) ;
#2716 = VECTOR ( 'NONE', #6195, 1000.000000000000000 ) ;
#2717 = VECTOR ( 'NONE', #6055, 1000.000000000000000 ) ;
#2718 = ADVANCED_FACE ( 'NONE', ( #6853 ), #5597, .F. ) ;
#2719 = VECTOR ( 'NONE', #3656, 1000.000000000000227 ) ;
#2720 = CARTESIAN_POINT ( 'NONE',  ( 15.12310000000000088, 72.95808999999999855, 3.000000000000000000 ) ) ;
#2721 = VECTOR ( 'NONE', #2265, 1000.000000000000000 ) ;
#2722 = ORIENTED_EDGE ( 'NONE', *, *, #6506, .F. ) ;
#2723 = ORIENTED_EDGE ( 'NONE', *, *, #2184, .F. ) ;
#2724 = ORIENTED_EDGE ( 'NONE', *, *, #4084, .F. ) ;
#2725 = FACE_OUTER_BOUND ( 'NONE', #4247, .T. ) ;
#2726 = ORIENTED_EDGE ( 'NONE', *, *, #1817, .T. ) ;
#2727 = ORIENTED_EDGE ( 'NONE', *, *, #1186, .F. ) ;
#2728 = VECTOR ( 'NONE', #181, 1000.000000000000114 ) ;
#2729 = CARTESIAN_POINT ( 'NONE',  ( 6.902720000000000411, 89.59960999999999842, 0.000000000000000000 ) ) ;
#2730 = CARTESIAN_POINT ( 'NONE',  ( 1.399999999999999911, 64.02886999999999773, 3.000000000000000000 ) ) ;
#2731 = FACE_OUTER_BOUND ( 'NONE', #1026, .T. ) ;
#2732 = DIRECTION ( 'NONE',  ( 0.1083732154274047316, -0.9941102786803511782, 0.000000000000000000 ) ) ;
#2733 = APPROVAL_STATUS ( 'not_yet_approved' ) ;
#2734 = CARTESIAN_POINT ( 'NONE',  ( 0.2999999999999999889, 70.26761000000000479, 3.000000000000000000 ) ) ;
#2735 = DIRECTION ( 'NONE',  ( 0.2688598121485845094, -0.9631793194475408715, 0.000000000000000000 ) ) ;
#2736 = VERTEX_POINT ( 'NONE', #2353 ) ;
#2737 = VERTEX_POINT ( 'NONE', #21 ) ;
#2738 = CIRCLE ( 'NONE', #46, 5.000001934893071542 ) ;
#2739 = DIRECTION ( 'NONE',  ( -0.000000000000000000, -1.000000000000000000, -0.000000000000000000 ) ) ;
#2740 = CARTESIAN_POINT ( 'NONE',  ( 0.2999999999999999889, 80.29013000000000488, 3.000000000000000000 ) ) ;
#2741 = CARTESIAN_POINT ( 'NONE',  ( 18.20943000000000112, 59.41342000000000212, 3.000000000000000000 ) ) ;
#2742 = CARTESIAN_POINT ( 'NONE',  ( 20.51108999999999938, 32.27886999999999773, -6.000000000000000152E-06 ) ) ;
#2743 = CARTESIAN_POINT ( 'NONE',  ( 8.921011450483755212, 51.08714088092107630, 3.000000000000000000 ) ) ;
#2744 = ORIENTED_EDGE ( 'NONE', *, *, #4166, .T. ) ;
#2745 = VECTOR ( 'NONE', #5709, 1000.000000000000000 ) ;
#2746 = DIRECTION ( 'NONE',  ( -0.4020324169951439708, 0.9156254341623777382, -0.000000000000000000 ) ) ;
#2747 = EDGE_CURVE ( 'NONE', #1658, #3257, #6707, .T. ) ;
#2748 = CARTESIAN_POINT ( 'NONE',  ( 16.95397000000000176, 68.05916000000000565, 3.000000000000000000 ) ) ;
#2749 = VECTOR ( 'NONE', #1125, 1000.000000000000000 ) ;
#2750 = VECTOR ( 'NONE', #2079, 999.9999999999998863 ) ;
#2751 = ORIENTED_EDGE ( 'NONE', *, *, #2793, .T. ) ;
#2752 = ADVANCED_FACE ( 'NONE', ( #5703 ), #4500, .F. ) ;
#2753 = EDGE_LOOP ( 'NONE', ( #3506, #1351, #210, #1034 ) ) ;
#2754 = EDGE_CURVE ( 'NONE', #1597, #723, #3984, .T. ) ;
#2755 = VECTOR ( 'NONE', #2501, 1000.000000000000114 ) ;
#2756 = EDGE_CURVE ( 'NONE', #1284, #625, #1232, .T. ) ;
#2757 = ORIENTED_EDGE ( 'NONE', *, *, #383, .T. ) ;
#2758 = DIRECTION ( 'NONE',  ( -0.000000000000000000, -0.000000000000000000, -1.000000000000000000 ) ) ;
#2759 = ORIENTED_EDGE ( 'NONE', *, *, #3317, .F. ) ;
#2760 = VERTEX_POINT ( 'NONE', #5124 ) ;
#2761 = ADVANCED_FACE ( 'NONE', ( #5665 ), #5633, .F. ) ;
#2762 = VERTEX_POINT ( 'NONE', #2865 ) ;
#2763 = ORIENTED_EDGE ( 'NONE', *, *, #7227, .F. ) ;
#2764 = CARTESIAN_POINT ( 'NONE',  ( 6.799999999999999822, 63.77887000000000484, 0.000000000000000000 ) ) ;
#2765 = CARTESIAN_POINT ( 'NONE',  ( 18.86108730178907322, 32.27887001539321687, 3.000000000000000000 ) ) ;
#2766 = CARTESIAN_POINT ( 'NONE',  ( 0.2999999999999999889, 75.29013000000000488, 0.000000000000000000 ) ) ;
#2767 = CARTESIAN_POINT ( 'NONE',  ( 8.073380000000000223, 88.68542999999999665, 3.000000000000000000 ) ) ;
#2768 = CARTESIAN_POINT ( 'NONE',  ( 14.82530999999999999, 73.72311000000000547, 0.000000000000000000 ) ) ;
#2769 = EDGE_CURVE ( 'NONE', #1214, #2862, #604, .T. ) ;
#2770 = ORIENTED_EDGE ( 'NONE', *, *, #4024, .T. ) ;
#2771 = VERTEX_POINT ( 'NONE', #177 ) ;
#2772 = ORIENTED_EDGE ( 'NONE', *, *, #4661, .F. ) ;
#2773 = LINE ( 'NONE', #7226, #5318 ) ;
#2774 = LINE ( 'NONE', #3450, #5400 ) ;
#2775 = DIRECTION ( 'NONE',  ( -0.9380040487304630581, -0.3466242988673169378, 0.000000000000000000 ) ) ;
#2776 = CARTESIAN_POINT ( 'NONE',  ( 16.06050000000000111, 70.52648999999999546, 0.000000000000000000 ) ) ;
#2777 = DIRECTION ( 'NONE',  ( -0.7869746194898609160, -0.6169853712032310478, -0.000000000000000000 ) ) ;
#2778 = CARTESIAN_POINT ( 'NONE',  ( 8.476779999999999760, 58.83167999999999864, 3.000000000000000000 ) ) ;
#2779 = ORIENTED_EDGE ( 'NONE', *, *, #5474, .T. ) ;
#2780 = CARTESIAN_POINT ( 'NONE',  ( 14.82530999999999999, 73.72311000000000547, 0.000000000000000000 ) ) ;
#2781 = DIRECTION ( 'NONE',  ( 0.9487535246603570060, 0.3160170081570757294, -0.000000000000000000 ) ) ;
#2782 = ADVANCED_FACE ( 'NONE', ( #2317 ), #6774, .F. ) ;
#2783 = ORIENTED_EDGE ( 'NONE', *, *, #3975, .T. ) ;
#2784 = EDGE_LOOP ( 'NONE', ( #860, #2622, #4475, #661 ) ) ;
#2785 = LINE ( 'NONE', #7209, #3961 ) ;
#2786 = EDGE_CURVE ( 'NONE', #1, #531, #3449, .T. ) ;
#2787 = VERTEX_POINT ( 'NONE', #6258 ) ;
#2788 = ORIENTED_EDGE ( 'NONE', *, *, #4623, .F. ) ;
#2789 = ORIENTED_EDGE ( 'NONE', *, *, #4620, .F. ) ;
#2790 = CARTESIAN_POINT ( 'NONE',  ( 8.204110000000000014, 56.97288999999999959, 3.000000000000000000 ) ) ;
#2791 = VERTEX_POINT ( 'NONE', #1268 ) ;
#2792 = DIRECTION ( 'NONE',  ( 0.002877633515779298278, 0.9999958596041029768, 0.000000000000000000 ) ) ;
#2793 = EDGE_CURVE ( 'NONE', #2223, #2925, #570, .T. ) ;
#2794 = DIRECTION ( 'NONE',  ( 0.09598982386539675615, 0.9953823153513879918, -0.000000000000000000 ) ) ;
#2795 = EDGE_CURVE ( 'NONE', #940, #723, #3347, .T. ) ;
#2796 = LINE ( 'NONE', #566, #1115 ) ;
#2797 = EDGE_CURVE ( 'NONE', #6131, #2272, #1463, .T. ) ;
#2798 = FACE_OUTER_BOUND ( 'NONE', #5777, .T. ) ;
#2799 = ORIENTED_EDGE ( 'NONE', *, *, #4515, .F. ) ;
#2800 = DIRECTION ( 'NONE',  ( -0.6639920876360050350, -0.7477395987620153450, -0.000000000000000000 ) ) ;
#2801 = EDGE_CURVE ( 'NONE', #3294, #4951, #2591, .T. ) ;
#2802 = DIRECTION ( 'NONE',  ( -0.2171874262896820174, 0.9761299205851974303, 0.000000000000000000 ) ) ;
#2803 = FACE_OUTER_BOUND ( 'NONE', #1423, .T. ) ;
#2804 = DIRECTION ( 'NONE',  ( 0.3562594499784251800, -0.9343870741299186156, -0.000000000000000000 ) ) ;
#2805 = CARTESIAN_POINT ( 'NONE',  ( 15.74558999999999997, 71.35272999999999399, 0.000000000000000000 ) ) ;
#2806 = DIRECTION ( 'NONE',  ( 0.6639920876360050350, 0.7477395987620153450, 0.000000000000000000 ) ) ;
#2807 = VECTOR ( 'NONE', #4700, 1000.000000000000000 ) ;
#2808 = ORIENTED_EDGE ( 'NONE', *, *, #3727, .T. ) ;
#2809 = ORIENTED_EDGE ( 'NONE', *, *, #4304, .T. ) ;
#2810 = FACE_OUTER_BOUND ( 'NONE', #1080, .T. ) ;
#2811 = DIRECTION ( 'NONE',  ( -0.2726679618305552499, 0.9621081969254657862, 0.000000000000000000 ) ) ;
#2812 = DIRECTION ( 'NONE',  ( -0.2761864206603587557, 0.9611040843960757529, 0.000000000000000000 ) ) ;
#2813 = AXIS2_PLACEMENT_3D ( 'NONE', #6220, #2355, #1822 ) ;
#2814 = CARTESIAN_POINT ( 'NONE',  ( 1.399999999999999911, 76.52886999999999773, 3.000000000000000000 ) ) ;
#2815 = ORIENTED_EDGE ( 'NONE', *, *, #1768, .F. ) ;
#2816 = VECTOR ( 'NONE', #3925, 1000.000000000000000 ) ;
#2817 = VERTEX_POINT ( 'NONE', #2983 ) ;
#2818 = CARTESIAN_POINT ( 'NONE',  ( 0.2999999999999999889, 70.29013000000000488, 3.000000000000000000 ) ) ;
#2819 = ORIENTED_EDGE ( 'NONE', *, *, #2038, .F. ) ;
#2820 = VERTEX_POINT ( 'NONE', #4813 ) ;
#2821 = VECTOR ( 'NONE', #3504, 1000.000000000000114 ) ;
#2822 = ORIENTED_EDGE ( 'NONE', *, *, #3154, .F. ) ;
#2823 = ADVANCED_FACE ( 'NONE', ( #5748 ), #4656, .F. ) ;
#2824 = VERTEX_POINT ( 'NONE', #5208 ) ;
#2825 = CARTESIAN_POINT ( 'NONE',  ( 4.702079999999999593, 90.55486999999999398, 3.000000000000000000 ) ) ;
#2826 = AXIS2_PLACEMENT_3D ( 'NONE', #1435, #2602, #2699 ) ;
#2827 = AXIS2_PLACEMENT_3D ( 'NONE', #3572, #2941, #763 ) ;
#2828 = CARTESIAN_POINT ( 'NONE',  ( 10.52196145048375620, 44.89857088092107773, 3.000000000000000000 ) ) ;
#2829 = DIRECTION ( 'NONE',  ( -0.000000000000000000, -0.000000000000000000, -1.000000000000000000 ) ) ;
#2830 = LINE ( 'NONE', #88, #5885 ) ;
#2831 = ADVANCED_FACE ( 'NONE', ( #215 ), #1973, .F. ) ;
#2832 = VERTEX_POINT ( 'NONE', #5282 ) ;
#2833 = VECTOR ( 'NONE', #783, 999.9999999999998863 ) ;
#2834 = EDGE_CURVE ( 'NONE', #3366, #6319, #1855, .T. ) ;
#2835 = DIRECTION ( 'NONE',  ( -0.9385657563418697835, -0.3451004506262111415, 0.000000000000000000 ) ) ;
#2836 = CARTESIAN_POINT ( 'NONE',  ( 14.42677778629699503, 54.81052904619966881, 0.000000000000000000 ) ) ;
#2837 = PLANE ( 'NONE',  #2588 ) ;
#2838 = DIRECTION ( 'NONE',  ( 0.3604843573544654900, -0.9327652588420829449, -0.000000000000000000 ) ) ;
#2839 = CARTESIAN_POINT ( 'NONE',  ( 18.20943000000000112, 59.41342000000000212, 3.000000000000000000 ) ) ;
#2840 = AXIS2_PLACEMENT_3D ( 'NONE', #3480, #6768, #632 ) ;
#2841 = CARTESIAN_POINT ( 'NONE',  ( 9.393620000000000303, 61.33030000000000115, 3.000000000000000000 ) ) ;
#2842 = EDGE_LOOP ( 'NONE', ( #4824, #3140, #1111, #4032 ) ) ;
#2843 = EDGE_CURVE ( 'NONE', #5477, #2543, #6888, .T. ) ;
#2844 = CARTESIAN_POINT ( 'NONE',  ( 16.04970000000000141, 70.55512000000000228, 0.000000000000000000 ) ) ;
#2845 = DIRECTION ( 'NONE',  ( -0.9419409927095019341, -0.3357784481669989773, 0.000000000000000000 ) ) ;
#2846 = CARTESIAN_POINT ( 'NONE',  ( 11.89142999999999972, 81.54774000000000456, 3.000000000000000000 ) ) ;
#2847 = DIRECTION ( 'NONE',  ( -0.000000000000000000, -0.000000000000000000, -1.000000000000000000 ) ) ;
#2848 = EDGE_CURVE ( 'NONE', #5684, #5477, #3089, .T. ) ;
#2849 = AXIS2_PLACEMENT_3D ( 'NONE', #1318, #5713, #1202 ) ;
#2850 = ORIENTED_EDGE ( 'NONE', *, *, #7087, .F. ) ;
#2851 = CIRCLE ( 'NONE', #2269, 5.000003579956787014 ) ;
#2852 = ORIENTED_EDGE ( 'NONE', *, *, #20, .F. ) ;
#2853 = LINE ( 'NONE', #1626, #5146 ) ;
#2854 = ORIENTED_EDGE ( 'NONE', *, *, #2540, .F. ) ;
#2855 = EDGE_LOOP ( 'NONE', ( #3879, #5447, #1958, #5550 ) ) ;
#2856 = VECTOR ( 'NONE', #3000, 1000.000000000000000 ) ;
#2857 = VECTOR ( 'NONE', #1565, 1000.000000000000227 ) ;
#2858 = VERTEX_POINT ( 'NONE', #1933 ) ;
#2859 = CARTESIAN_POINT ( 'NONE',  ( 2.376240000000000130, 90.68304000000000542, 3.000000000000000000 ) ) ;
#2860 = CARTESIAN_POINT ( 'NONE',  ( 8.476779999999999760, 58.83167999999999864, 3.000000000000000000 ) ) ;
#2861 = ADVANCED_FACE ( 'NONE', ( #1307 ), #3681, .F. ) ;
#2862 = VERTEX_POINT ( 'NONE', #1352 ) ;
#2863 = ORIENTED_EDGE ( 'NONE', *, *, #122, .T. ) ;
#2864 = CARTESIAN_POINT ( 'NONE',  ( 9.648381450483755728, 48.13836088092107701, 3.000000000000000000 ) ) ;
#2865 = CARTESIAN_POINT ( 'NONE',  ( 10.99181145048375541, 43.22319088092108075, 0.000000000000000000 ) ) ;
#2866 = CARTESIAN_POINT ( 'NONE',  ( 13.07703773003453662, 55.92879801742156332, 0.000000000000000000 ) ) ;
#2867 = CARTESIAN_POINT ( 'NONE',  ( 18.76534232759892262, 48.87102030372894035, 0.000000000000000000 ) ) ;
#2868 = CARTESIAN_POINT ( 'NONE',  ( 9.338660000000000849, 87.12870999999999810, 0.000000000000000000 ) ) ;
#2869 = CARTESIAN_POINT ( 'NONE',  ( 0.2999999999999999889, 65.29013000000000488, 3.000000000000000000 ) ) ;
#2870 = ADVANCED_FACE ( 'NONE', ( #251 ), #3529, .F. ) ;
#2871 = CARTESIAN_POINT ( 'NONE',  ( 8.921011450483755212, 51.08714088092107630, 0.000000000000000000 ) ) ;
#2872 = ORIENTED_EDGE ( 'NONE', *, *, #5233, .T. ) ;
#2873 = LINE ( 'NONE', #4963, #5502 ) ;
#2874 = DIRECTION ( 'NONE',  ( -0.000000000000000000, -1.000000000000000000, -0.000000000000000000 ) ) ;
#2875 = CARTESIAN_POINT ( 'NONE',  ( 0.2999999999999999889, 82.79013000000000488, 0.000000000000000000 ) ) ;
#2876 = CARTESIAN_POINT ( 'NONE',  ( 10.54606000000000066, 84.80473000000000638, 3.000000000000000000 ) ) ;
#2877 = ADVANCED_FACE ( 'NONE', ( #4698 ), #762, .F. ) ;
#2878 = EDGE_LOOP ( 'NONE', ( #160, #5554, #4676, #751 ) ) ;
#2879 = DIRECTION ( 'NONE',  ( -0.3759946317799314763, 0.9266218413531345233, -0.000000000000000000 ) ) ;
#2880 = LINE ( 'NONE', #4724, #894 ) ;
#2881 = VERTEX_POINT ( 'NONE', #3608 ) ;
#2882 = CARTESIAN_POINT ( 'NONE',  ( 1.399999999999999911, 84.02886999999999773, 3.000000000000000000 ) ) ;
#2883 = EDGE_CURVE ( 'NONE', #4315, #5684, #834, .T. ) ;
#2884 = DIRECTION ( 'NONE',  ( 1.000000000000000000, 0.000000000000000000, 0.000000000000000000 ) ) ;
#2885 = VECTOR ( 'NONE', #5538, 1000.000000000000114 ) ;
#2886 = ORIENTED_EDGE ( 'NONE', *, *, #4661, .T. ) ;
#2887 = ORIENTED_EDGE ( 'NONE', *, *, #1183, .T. ) ;
#2888 = VECTOR ( 'NONE', #1251, 1000.000000000000000 ) ;
#2889 = ORIENTED_EDGE ( 'NONE', *, *, #4441, .T. ) ;
#2890 = VERTEX_POINT ( 'NONE', #2515 ) ;
#2891 = FACE_BOUND ( 'NONE', #3510, .T. ) ;
#2892 = CARTESIAN_POINT ( 'NONE',  ( 17.25411565604995445, 31.84697957100399179, -0.000000000000000000 ) ) ;
#2893 = CARTESIAN_POINT ( 'NONE',  ( 10.52196145048375620, 44.89857088092107773, 0.000000000000000000 ) ) ;
#2894 = DIRECTION ( 'NONE',  ( -0.9343869267142644874, -0.3562598366157373464, 0.000000000000000000 ) ) ;
#2895 = ORIENTED_EDGE ( 'NONE', *, *, #5681, .F. ) ;
#2896 = ORIENTED_EDGE ( 'NONE', *, *, #4772, .F. ) ;
#2897 = DIRECTION ( 'NONE',  ( -0.000000000000000000, -1.000000000000000000, -0.000000000000000000 ) ) ;
#2898 = CARTESIAN_POINT ( 'NONE',  ( 20.59539232759891902, 42.39191030372894176, 3.000000000000000000 ) ) ;
#2899 = DIRECTION ( 'NONE',  ( -0.9321838000523327006, -0.3619853076023840655, 0.000000000000000000 ) ) ;
#2900 = LINE ( 'NONE', #4537, #5164 ) ;
#2901 = CARTESIAN_POINT ( 'NONE',  ( 13.29298042900027355, 52.67189565605212209, 0.000000000000000000 ) ) ;
#2902 = FACE_OUTER_BOUND ( 'NONE', #1178, .T. ) ;
#2903 = EDGE_LOOP ( 'NONE', ( #6898, #4986, #6798, #5523 ) ) ;
#2904 = VERTEX_POINT ( 'NONE', #4741 ) ;
#2905 = DIRECTION ( 'NONE',  ( 0.9591789046870602409, 0.2827999802039093402, -0.000000000000000000 ) ) ;
#2906 = PLANE ( 'NONE',  #3429 ) ;
#2907 = DIRECTION ( 'NONE',  ( -0.3623916103224207874, 0.9320259227982463646, -0.000000000000000000 ) ) ;
#2908 = EDGE_CURVE ( 'NONE', #3456, #6922, #6412, .T. ) ;
#2909 = DIRECTION ( 'NONE',  ( -0.9278099822951755282, 0.3730531285935371200, -0.000000000000000000 ) ) ;
#2910 = VECTOR ( 'NONE', #4981, 1000.000000000000114 ) ;
#2911 = PLANE ( 'NONE',  #7066 ) ;
#2912 = ORIENTED_EDGE ( 'NONE', *, *, #2977, .F. ) ;
#2913 = EDGE_CURVE ( 'NONE', #386, #3982, #1424, .T. ) ;
#2914 = CARTESIAN_POINT ( 'NONE',  ( 0.2999999999999999889, 87.76761000000000479, 3.000000000000000000 ) ) ;
#2915 = AXIS2_PLACEMENT_3D ( 'NONE', #1403, #4547, #4592 ) ;
#2916 = VECTOR ( 'NONE', #4909, 1000.000000000000114 ) ;
#2917 = ADVANCED_FACE ( 'NONE', ( #5866 ), #2553, .F. ) ;
#2918 = CARTESIAN_POINT ( 'NONE',  ( 9.427469999999999573, 61.42535999999999774, 0.000000000000000000 ) ) ;
#2919 = EDGE_CURVE ( 'NONE', #4447, #957, #6453, .T. ) ;
#2920 = ORIENTED_EDGE ( 'NONE', *, *, #6584, .F. ) ;
#2921 = PLANE ( 'NONE',  #3415 ) ;
#2922 = CARTESIAN_POINT ( 'NONE',  ( 1.399999999999999911, 74.02886999999999773, 3.000000000000000000 ) ) ;
#2923 = ORIENTED_EDGE ( 'NONE', *, *, #354, .F. ) ;
#2924 = ORIENTED_EDGE ( 'NONE', *, *, #1281, .T. ) ;
#2925 = VERTEX_POINT ( 'NONE', #1531 ) ;
#2926 = ORIENTED_EDGE ( 'NONE', *, *, #756, .F. ) ;
#2927 = AXIS2_PLACEMENT_3D ( 'NONE', #4472, #4895, #3352 ) ;
#2928 = EDGE_CURVE ( 'NONE', #2315, #786, #1022, .T. ) ;
#2929 = ORIENTED_EDGE ( 'NONE', *, *, #1602, .F. ) ;
#2930 = CARTESIAN_POINT ( 'NONE',  ( 10.54606000000000066, 84.80473000000000638, 3.000000000000000000 ) ) ;
#2931 = VECTOR ( 'NONE', #6588, 999.9999999999998863 ) ;
#2932 = CARTESIAN_POINT ( 'NONE',  ( 9.277411450483755928, 49.59685088092108174, 3.000000000000000000 ) ) ;
#2933 = PLANE ( 'NONE',  #6470 ) ;
#2934 = ORIENTED_EDGE ( 'NONE', *, *, #4226, .F. ) ;
#2935 = ORIENTED_EDGE ( 'NONE', *, *, #1018, .F. ) ;
#2936 = PLANE ( 'NONE',  #4748 ) ;
#2937 = VECTOR ( 'NONE', #1576, 1000.000000000000000 ) ;
#2938 = ORIENTED_EDGE ( 'NONE', *, *, #5631, .T. ) ;
#2939 = VECTOR ( 'NONE', #943, 1000.000000000000114 ) ;
#2940 = DIRECTION ( 'NONE',  ( -0.9320259227982464756, -0.3623916103224207874, 0.000000000000000000 ) ) ;
#2941 = DIRECTION ( 'NONE',  ( -0.9242774476741330014, 0.3817213639829324379, 0.000000000000000000 ) ) ;
#2942 = CARTESIAN_POINT ( 'NONE',  ( 20.51108999999999938, 32.27886999999999773, -6.000000000000000152E-06 ) ) ;
#2943 = DIRECTION ( 'NONE',  ( -0.000000000000000000, -0.000000000000000000, -1.000000000000000000 ) ) ;
#2944 = CARTESIAN_POINT ( 'NONE',  ( 14.51109000000000115, 54.27886999999999773, -6.000000000000000152E-06 ) ) ;
#2945 = ORGANIZATION ( 'UNSPECIFIED', 'UNSPECIFIED', '' ) ;
#2946 = VECTOR ( 'NONE', #5573, 1000.000000000000000 ) ;
#2947 = DIRECTION ( 'NONE',  ( -0.01102615379891604304, 0.9999392101184965131, -0.000000000000000000 ) ) ;
#2948 = ORIENTED_EDGE ( 'NONE', *, *, #647, .F. ) ;
#2949 = VECTOR ( 'NONE', #2252, 1000.000000000000000 ) ;
#2950 = VERTEX_POINT ( 'NONE', #4856 ) ;
#2951 = ORIENTED_EDGE ( 'NONE', *, *, #2094, .T. ) ;
#2952 = CARTESIAN_POINT ( 'NONE',  ( 18.13876000000000133, 63.89996000000000720, 3.000000000000000000 ) ) ;
#2953 = DIRECTION ( 'NONE',  ( -0.9198509206542631045, -0.3922681273969433335, -0.000000000000000000 ) ) ;
#2954 = CARTESIAN_POINT ( 'NONE',  ( 9.131180000000000518, 60.73919000000000068, 0.000000000000000000 ) ) ;
#2955 = CARTESIAN_POINT ( 'NONE',  ( 8.886401450483756292, 51.24541088092107799, 3.000000000000000000 ) ) ;
#2956 = AXIS2_PLACEMENT_3D ( 'NONE', #2449, #3173, #1480 ) ;
#2957 = CARTESIAN_POINT ( 'NONE',  ( 9.262261450483755709, 49.65821088092107516, 3.000000000000000000 ) ) ;
#2958 = EDGE_LOOP ( 'NONE', ( #446, #3434, #85, #4999 ) ) ;
#2959 = EDGE_CURVE ( 'NONE', #3877, #5448, #4947, .T. ) ;
#2960 = EDGE_LOOP ( 'NONE', ( #3224, #1913, #184, #2118 ) ) ;
#2961 = DIRECTION ( 'NONE',  ( -0.000000000000000000, -0.000000000000000000, -1.000000000000000000 ) ) ;
#2962 = CARTESIAN_POINT ( 'NONE',  ( 22.58838232759892506, 35.61163030372893701, 3.000000000000000000 ) ) ;
#2963 = FACE_OUTER_BOUND ( 'NONE', #5482, .T. ) ;
#2964 = VERTEX_POINT ( 'NONE', #6011 ) ;
#2965 = DIRECTION ( 'NONE',  ( 0.4096838457035745229, -0.9122275738923537602, 0.000000000000000000 ) ) ;
#2966 = VECTOR ( 'NONE', #2874, 1000.000000000000000 ) ;
#2967 = EDGE_CURVE ( 'NONE', #5791, #3959, #7191, .T. ) ;
#2968 = CARTESIAN_POINT ( 'NONE',  ( 12.17136999999999958, 80.82191000000000258, 3.000000000000000000 ) ) ;
#2969 = VERTEX_POINT ( 'NONE', #3203 ) ;
#2970 = ADVANCED_FACE ( 'NONE', ( #6524 ), #1086, .F. ) ;
#2971 = ORIENTED_EDGE ( 'NONE', *, *, #1918, .T. ) ;
#2972 = AXIS2_PLACEMENT_3D ( 'NONE', #7118, #5941, #4857 ) ;
#2973 = EDGE_LOOP ( 'NONE', ( #1581, #5787 ) ) ;
#2974 = LINE ( 'NONE', #789, #1190 ) ;
#2975 = VECTOR ( 'NONE', #2739, 1000.000000000000000 ) ;
#2976 = VECTOR ( 'NONE', #4392, 1000.000000000000000 ) ;
#2977 = EDGE_CURVE ( 'NONE', #2206, #6896, #1636, .T. ) ;
#2978 = CARTESIAN_POINT ( 'NONE',  ( 13.24582000000000015, 77.95171000000000561, 3.000000000000000000 ) ) ;
#2979 = CARTESIAN_POINT ( 'NONE',  ( 18.29338999999999871, 59.81893000000000171, 3.000000000000000000 ) ) ;
#2980 = EDGE_LOOP ( 'NONE', ( #2046, #1407, #4595, #100 ) ) ;
#2981 = ORIENTED_EDGE ( 'NONE', *, *, #6852, .F. ) ;
#2982 = FACE_OUTER_BOUND ( 'NONE', #841, .T. ) ;
#2983 = CARTESIAN_POINT ( 'NONE',  ( 10.52196145048375620, 44.89857088092107773, 0.000000000000000000 ) ) ;
#2984 = CARTESIAN_POINT ( 'NONE',  ( 7.920240000000000613, 66.59875999999999863, 3.000000000000000000 ) ) ;
#2985 = PLANE ( 'NONE',  #3632 ) ;
#2986 = ADVANCED_FACE ( 'NONE', ( #435 ), #3748, .F. ) ;
#2987 = CARTESIAN_POINT ( 'NONE',  ( 17.73594999999999899, 65.55621999999999616, 3.000000000000000000 ) ) ;
#2988 = LINE ( 'NONE', #220, #3974 ) ;
#2989 = DIRECTION ( 'NONE',  ( -0.4171550526003862114, 0.9088353327693465822, -0.000000000000000000 ) ) ;
#2990 = ORIENTED_EDGE ( 'NONE', *, *, #474, .T. ) ;
#2991 = ORIENTED_EDGE ( 'NONE', *, *, #1273, .T. ) ;
#2992 = DIRECTION ( 'NONE',  ( 0.3577414804154206984, -0.9338206643623726544, 0.000000000000000000 ) ) ;
#2993 = CYLINDRICAL_SURFACE ( 'NONE', #1582, 1.650000000000000355 ) ;
#2994 = LINE ( 'NONE', #1367, #3534 ) ;
#2995 = DIRECTION ( 'NONE',  ( 0.2793859668271826413, -0.9601788799697900112, -0.000000000000000000 ) ) ;
#2996 = CARTESIAN_POINT ( 'NONE',  ( 8.890330000000000510, 63.74942000000000064, 3.000000000000000000 ) ) ;
#2997 = ORIENTED_EDGE ( 'NONE', *, *, #2754, .T. ) ;
#2998 = FACE_OUTER_BOUND ( 'NONE', #4048, .T. ) ;
#2999 = LINE ( 'NONE', #5225, #2562 ) ;
#3000 = DIRECTION ( 'NONE',  ( -0.000000000000000000, -0.000000000000000000, -1.000000000000000000 ) ) ;
#3001 = ORIENTED_EDGE ( 'NONE', *, *, #6597, .F. ) ;
#3002 = DIRECTION ( 'NONE',  ( 0.000000000000000000, 0.000000000000000000, 1.000000000000000000 ) ) ;
#3003 = ADVANCED_FACE ( 'NONE', ( #2083 ), #5939, .F. ) ;
#3004 = CARTESIAN_POINT ( 'NONE',  ( 8.447359999999999758, 65.11999000000000137, 3.000000000000000000 ) ) ;
#3005 = ORIENTED_EDGE ( 'NONE', *, *, #2801, .F. ) ;
#3006 = ORIENTED_EDGE ( 'NONE', *, *, #3063, .F. ) ;
#3007 = ORIENTED_EDGE ( 'NONE', *, *, #2640, .T. ) ;
#3008 = DIRECTION ( 'NONE',  ( -0.000000000000000000, -0.000000000000000000, -1.000000000000000000 ) ) ;
#3009 = EDGE_CURVE ( 'NONE', #531, #1850, #6559, .T. ) ;
#3010 = LINE ( 'NONE', #753, #744 ) ;
#3011 = VERTEX_POINT ( 'NONE', #986 ) ;
#3012 = VERTEX_POINT ( 'NONE', #5431 ) ;
#3013 = ORIENTED_EDGE ( 'NONE', *, *, #5062, .F. ) ;
#3014 = DIRECTION ( 'NONE',  ( -0.5850667395541064852, 0.8109851479944175656, -0.000000000000000000 ) ) ;
#3015 = ADVANCED_FACE ( 'NONE', ( #1568 ), #4884, .F. ) ;
#3016 = ORIENTED_EDGE ( 'NONE', *, *, #2143, .F. ) ;
#3018 = ADVANCED_FACE ( 'NONE', ( #7148 ), #2151, .F. ) ;
#3017 = DIRECTION ( 'NONE',  ( 0.2636206232483409573, -0.9646264390934742305, 0.000000000000000000 ) ) ;
#3019 = CARTESIAN_POINT ( 'NONE',  ( 17.73826999999999998, 57.95756000000000085, 3.000000000000000000 ) ) ;
#3020 = EDGE_CURVE ( 'NONE', #7018, #1215, #6598, .T. ) ;
#3021 = FACE_OUTER_BOUND ( 'NONE', #2958, .T. ) ;
#3022 = PLANE ( 'NONE',  #2617 ) ;
#3023 = LINE ( 'NONE', #2403, #151 ) ;
#3024 = CARTESIAN_POINT ( 'NONE',  ( 9.660151450483754232, 48.09307088092107563, 3.000000000000000000 ) ) ;
#3025 = LINE ( 'NONE', #4065, #346 ) ;
#3026 = EDGE_LOOP ( 'NONE', ( #6139, #1149, #1827, #6287 ) ) ;
#3027 = ORIENTED_EDGE ( 'NONE', *, *, #6098, .F. ) ;
#3028 = FACE_OUTER_BOUND ( 'NONE', #3913, .T. ) ;
#3029 = EDGE_CURVE ( 'NONE', #6107, #2762, #1605, .T. ) ;
#3030 = PLANE ( 'NONE',  #5399 ) ;
#3031 = CARTESIAN_POINT ( 'NONE',  ( 1.399999999999999911, 76.52886999999999773, 0.000000000000000000 ) ) ;
#3032 = PLANE ( 'NONE',  #6542 ) ;
#3033 = CARTESIAN_POINT ( 'NONE',  ( 12.98156999999999961, 78.66679999999999495, 3.000000000000000000 ) ) ;
#3034 = CARTESIAN_POINT ( 'NONE',  ( 13.93520145048375625, 33.13658088092108045, 0.000000000000000000 ) ) ;
#3035 = ORIENTED_EDGE ( 'NONE', *, *, #54, .T. ) ;
#3036 = ORIENTED_EDGE ( 'NONE', *, *, #832, .T. ) ;
#3037 = DIRECTION ( 'NONE',  ( -0.000000000000000000, -0.000000000000000000, -1.000000000000000000 ) ) ;
#3038 = LINE ( 'NONE', #6357, #2468 ) ;
#3039 = LINE ( 'NONE', #278, #2755 ) ;
#3040 = ORIENTED_EDGE ( 'NONE', *, *, #5862, .T. ) ;
#3041 = DIRECTION ( 'NONE',  ( -0.05977058949611285810, 0.9982121400941219580, -0.000000000000000000 ) ) ;
#3042 = VERTEX_POINT ( 'NONE', #5491 ) ;
#3043 = AXIS2_PLACEMENT_3D ( 'NONE', #6523, #6415, #5868 ) ;
#3044 = ORIENTED_EDGE ( 'NONE', *, *, #6544, .F. ) ;
#3045 = CARTESIAN_POINT ( 'NONE',  ( 16.67915999999999954, 68.84505000000000052, 0.000000000000000000 ) ) ;
#3046 = FACE_OUTER_BOUND ( 'NONE', #1349, .T. ) ;
#3047 = ORIENTED_EDGE ( 'NONE', *, *, #7129, .F. ) ;
#3048 = VECTOR ( 'NONE', #2649, 1000.000000000000000 ) ;
#3049 = VERTEX_POINT ( 'NONE', #4983 ) ;
#3050 = EDGE_CURVE ( 'NONE', #6446, #7072, #7178, .T. ) ;
#3051 = ORIENTED_EDGE ( 'NONE', *, *, #6413, .F. ) ;
#3052 = ORIENTED_EDGE ( 'NONE', *, *, #7227, .T. ) ;
#3053 = CARTESIAN_POINT ( 'NONE',  ( 21.06101232759892028, 40.79931030372893730, 3.000000000000000000 ) ) ;
#3054 = AXIS2_PLACEMENT_3D ( 'NONE', #6103, #4521, #659 ) ;
#3055 = FACE_OUTER_BOUND ( 'NONE', #488, .T. ) ;
#3056 = PLANE ( 'NONE',  #831 ) ;
#3057 = CARTESIAN_POINT ( 'NONE',  ( 1.399999999999999911, 84.02886999999999773, 3.000000000000000000 ) ) ;
#3058 = LINE ( 'NONE', #5286, #6448 ) ;
#3059 = EDGE_CURVE ( 'NONE', #6915, #6248, #6633, .T. ) ;
#3060 = CARTESIAN_POINT ( 'NONE',  ( 2.959000000000000075, 90.76592999999999734, 3.000000000000000000 ) ) ;
#3061 = ORIENTED_EDGE ( 'NONE', *, *, #2244, .F. ) ;
#3062 = VECTOR ( 'NONE', #33, 1000.000000000000000 ) ;
#3063 = EDGE_CURVE ( 'NONE', #40, #3579, #945, .T. ) ;
#3064 = LINE ( 'NONE', #6347, #1555 ) ;
#3065 = LINE ( 'NONE', #4750, #3185 ) ;
#3066 = VECTOR ( 'NONE', #5983, 1000.000000000000000 ) ;
#3067 = PLANE ( 'NONE',  #5746 ) ;
#3068 = VECTOR ( 'NONE', #687, 1000.000000000000000 ) ;
#3069 = LINE ( 'NONE', #5368, #490 ) ;
#3070 = LINE ( 'NONE', #4717, #874 ) ;
#3071 = EDGE_CURVE ( 'NONE', #5321, #2817, #4530, .T. ) ;
#3072 = ORIENTED_EDGE ( 'NONE', *, *, #3657, .F. ) ;
#3073 = EDGE_LOOP ( 'NONE', ( #7025, #5310, #1226, #3568 ) ) ;
#3074 = CARTESIAN_POINT ( 'NONE',  ( 16.37292000000000058, 69.68950999999999851, 3.000000000000000000 ) ) ;
#3075 = CARTESIAN_POINT ( 'NONE',  ( 10.99760145048375470, 43.20276088092107614, 3.000000000000000000 ) ) ;
#3076 = VECTOR ( 'NONE', #2838, 1000.000000000000114 ) ;
#3077 = CARTESIAN_POINT ( 'NONE',  ( 9.332910000000000039, 62.03824000000000183, 3.000000000000000000 ) ) ;
#3078 = ORIENTED_EDGE ( 'NONE', *, *, #3541, .F. ) ;
#3079 = CARTESIAN_POINT ( 'NONE',  ( 13.93520145048375625, 33.13658088092108045, 3.000000000000000000 ) ) ;
#3080 = ORIENTED_EDGE ( 'NONE', *, *, #1821, .T. ) ;
#3081 = ORIENTED_EDGE ( 'NONE', *, *, #3812, .T. ) ;
#3082 = ORIENTED_EDGE ( 'NONE', *, *, #4715, .T. ) ;
#3083 = CARTESIAN_POINT ( 'NONE',  ( 18.10079999999999956, 58.99235999999999791, 3.000000000000000000 ) ) ;
#3084 = CARTESIAN_POINT ( 'NONE',  ( 0.2999999999999999889, 77.76761000000000479, 3.000000000000000000 ) ) ;
#3085 = CARTESIAN_POINT ( 'NONE',  ( 6.799999999999999822, 63.77887000000000484, 3.000000000000000000 ) ) ;
#3086 = VECTOR ( 'NONE', #2015, 1000.000000000000114 ) ;
#3087 = ORIENTED_EDGE ( 'NONE', *, *, #5821, .F. ) ;
#3088 = DIRECTION ( 'NONE',  ( -0.3451363343858921962, 0.9385525614938513561, -0.000000000000000000 ) ) ;
#3089 = LINE ( 'NONE', #6933, #4953 ) ;
#3090 = VECTOR ( 'NONE', #3920, 1000.000000000000114 ) ;
#3091 = DIRECTION ( 'NONE',  ( 0.4020324169951440263, -0.9156254341623776272, 0.000000000000000000 ) ) ;
#3092 = PLANE ( 'NONE',  #1648 ) ;
#3093 = DIRECTION ( 'NONE',  ( -0.1421254160483762796, 0.9898486581862279143, -0.000000000000000000 ) ) ;
#3094 = ADVANCED_FACE ( 'NONE', ( #3343 ), #6807, .F. ) ;
#3095 = VECTOR ( 'NONE', #4840, 1000.000000000000227 ) ;
#3096 = CARTESIAN_POINT ( 'NONE',  ( 10.81339000000000006, 84.19744000000000028, 3.000000000000000000 ) ) ;
#3097 = VERTEX_POINT ( 'NONE', #2242 ) ;
#3098 = VECTOR ( 'NONE', #6879, 1000.000000000000000 ) ;
#3099 = ORIENTED_EDGE ( 'NONE', *, *, #975, .F. ) ;
#3100 = FACE_OUTER_BOUND ( 'NONE', #4346, .T. ) ;
#3101 = LINE ( 'NONE', #6530, #3407 ) ;
#3102 = ADVANCED_FACE ( 'NONE', ( #708 ), #1670, .F. ) ;
#3103 = LINE ( 'NONE', #2566, #6686 ) ;
#3104 = LINE ( 'NONE', #6948, #1455 ) ;
#3105 = EDGE_CURVE ( 'NONE', #3290, #4415, #52, .T. ) ;
#3106 = LINE ( 'NONE', #1481, #2344 ) ;
#3107 = ORIENTED_EDGE ( 'NONE', *, *, #2793, .F. ) ;
#3108 = DIRECTION ( 'NONE',  ( 0.2746185898186149776, -0.9615532383212254119, -0.000000000000000000 ) ) ;
#3109 = CARTESIAN_POINT ( 'NONE',  ( 0.2999999999999999889, 82.76761000000000479, 3.000000000000000000 ) ) ;
#3110 = ADVANCED_FACE ( 'NONE', ( #1152 ), #5660, .F. ) ;
#3111 = CARTESIAN_POINT ( 'NONE',  ( 0.2999999999999999889, 85.29013000000000488, 3.000000000000000000 ) ) ;
#3112 = VECTOR ( 'NONE', #7080, 1000.000000000000000 ) ;
#3113 = EDGE_CURVE ( 'NONE', #7152, #2188, #3375, .T. ) ;
#3114 = EDGE_CURVE ( 'NONE', #4873, #3837, #2796, .T. ) ;
#3115 = CARTESIAN_POINT ( 'NONE',  ( 0.2999999999999999889, 72.79013000000000488, 3.000000000000000000 ) ) ;
#3116 = ORIENTED_EDGE ( 'NONE', *, *, #705, .F. ) ;
#3117 = ORIENTED_EDGE ( 'NONE', *, *, #6882, .T. ) ;
#3118 = CARTESIAN_POINT ( 'NONE',  ( 0.2999999999999999889, 67.79013000000000488, 3.000000000000000000 ) ) ;
#3119 = ADVANCED_FACE ( 'NONE', ( #14 ), #3978, .F. ) ;
#3120 = EDGE_LOOP ( 'NONE', ( #5658, #128, #3539, #4609 ) ) ;
#3121 = DIRECTION ( 'NONE',  ( -0.000000000000000000, -0.000000000000000000, -1.000000000000000000 ) ) ;
#3122 = DIRECTION ( 'NONE',  ( 0.3309831666186680565, 0.9436366585794974116, -0.000000000000000000 ) ) ;
#3123 = VERTEX_POINT ( 'NONE', #1810 ) ;
#3124 = VERTEX_POINT ( 'NONE', #87 ) ;
#3125 = FACE_OUTER_BOUND ( 'NONE', #3969, .T. ) ;
#3126 = CARTESIAN_POINT ( 'NONE',  ( 9.131180000000000518, 60.73919000000000068, 0.000000000000000000 ) ) ;
#3127 = DIRECTION ( 'NONE',  ( -0.6639920876360008162, -0.7477395987620191198, -0.000000000000000000 ) ) ;
#3128 = CARTESIAN_POINT ( 'NONE',  ( 0.2999999999999999889, 65.26761000000000479, 0.000000000000000000 ) ) ;
#3129 = DIRECTION ( 'NONE',  ( -0.8634399920101586412, 0.5044515637774326100, -0.000000000000000000 ) ) ;
#3130 = LINE ( 'NONE', #5360, #1564 ) ;
#3131 = APPROVAL_DATE_TIME ( #3821, #3904 ) ;
#3132 = VECTOR ( 'NONE', #5603, 1000.000000000000000 ) ;
#3133 = CARTESIAN_POINT ( 'NONE',  ( 6.902720000000000411, 89.59960999999999842, 3.000000000000000000 ) ) ;
#3134 = VERTEX_POINT ( 'NONE', #2348 ) ;
#3135 = ORIENTED_EDGE ( 'NONE', *, *, #6367, .F. ) ;
#3136 = CARTESIAN_POINT ( 'NONE',  ( 21.06101232759892028, 40.79931030372893730, 3.000000000000000000 ) ) ;
#3137 = CARTESIAN_POINT ( 'NONE',  ( 18.17614000000000019, 63.71345000000000169, 0.000000000000000000 ) ) ;
#3138 = CARTESIAN_POINT ( 'NONE',  ( 0.2999999999999999889, 70.29013000000000488, 3.000000000000000000 ) ) ;
#3139 = DIRECTION ( 'NONE',  ( 0.000000000000000000, 0.000000000000000000, 1.000000000000000000 ) ) ;
#3140 = ORIENTED_EDGE ( 'NONE', *, *, #6049, .F. ) ;
#3141 = FACE_OUTER_BOUND ( 'NONE', #999, .T. ) ;
#3142 = EDGE_CURVE ( 'NONE', #672, #3378, #1709, .T. ) ;
#3143 = CARTESIAN_POINT ( 'NONE',  ( 10.83693000000000062, 84.14285999999999888, 3.000000000000000000 ) ) ;
#3144 = CARTESIAN_POINT ( 'NONE',  ( 12.42373145048375704, 38.27000088092108143, 0.000000000000000000 ) ) ;
#3145 = EDGE_LOOP ( 'NONE', ( #6400, #5694, #2042, #313 ) ) ;
#3146 = ORIENTED_EDGE ( 'NONE', *, *, #5516, .F. ) ;
#3147 = EDGE_CURVE ( 'NONE', #7239, #3402, #170, .T. ) ;
#3148 = ORIENTED_EDGE ( 'NONE', *, *, #5451, .F. ) ;
#3149 = EDGE_CURVE ( 'NONE', #2303, #1144, #4572, .T. ) ;
#3150 = EDGE_CURVE ( 'NONE', #4553, #231, #6145, .T. ) ;
#3151 = FACE_OUTER_BOUND ( 'NONE', #4419, .T. ) ;
#3152 = AXIS2_PLACEMENT_3D ( 'NONE', #159, #1291, #1255 ) ;
#3153 = VERTEX_POINT ( 'NONE', #598 ) ;
#3154 = EDGE_CURVE ( 'NONE', #1628, #6876, #1923, .T. ) ;
#3155 = VERTEX_POINT ( 'NONE', #1185 ) ;
#3156 = PLANE ( 'NONE',  #546 ) ;
#3157 = VECTOR ( 'NONE', #2251, 999.9999999999998863 ) ;
#3158 = ORIENTED_EDGE ( 'NONE', *, *, #7194, .T. ) ;
#3159 = LINE ( 'NONE', #3126, #2750 ) ;
#3160 = LINE ( 'NONE', #5936, #4737 ) ;
#3161 = PLANE ( 'NONE',  #7040 ) ;
#3162 = DIRECTION ( 'NONE',  ( -0.3626499338719157972, 0.9319254398623824098, -0.000000000000000000 ) ) ;
#3163 = DIRECTION ( 'NONE',  ( 0.000000000000000000, 0.000000000000000000, 1.000000000000000000 ) ) ;
#3164 = DATE_AND_TIME ( #4258, #5738 ) ;
#3165 = VECTOR ( 'NONE', #5847, 1000.000000000000000 ) ;
#3166 = LINE ( 'NONE', #1431, #761 ) ;
#3167 = ORIENTED_EDGE ( 'NONE', *, *, #4772, .T. ) ;
#3168 = ORIENTED_EDGE ( 'NONE', *, *, #5930, .T. ) ;
#3169 = CARTESIAN_POINT ( 'NONE',  ( 7.886489999999999334, 88.85902000000000100, 0.000000000000000000 ) ) ;
#3170 = VECTOR ( 'NONE', #7168, 1000.000000000000000 ) ;
#3171 = CARTESIAN_POINT ( 'NONE',  ( 0.2999999999999999889, 61.27886999999999773, 3.000000000000000000 ) ) ;
#3172 = LINE ( 'NONE', #4865, #4342 ) ;
#3173 = DIRECTION ( 'NONE',  ( -0.9543916693386867989, -0.2985574341678915999, 0.000000000000000000 ) ) ;
#3174 = DIRECTION ( 'NONE',  ( 0.9598201718957248829, 0.2806158185528055959, -0.000000000000000000 ) ) ;
#3175 = VECTOR ( 'NONE', #1596, 1000.000000000000114 ) ;
#3176 = EDGE_LOOP ( 'NONE', ( #174, #4532, #2405, #830 ) ) ;
#3177 = LINE ( 'NONE', #4790, #5031 ) ;
#3178 = CARTESIAN_POINT ( 'NONE',  ( 6.083660000000000068, 90.03528000000000020, 3.000000000000000000 ) ) ;
#3179 = VECTOR ( 'NONE', #2746, 1000.000000000000000 ) ;
#3180 = VECTOR ( 'NONE', #1619, 1000.000000000000000 ) ;
#3181 = EDGE_LOOP ( 'NONE', ( #5519, #4300, #6186, #2808 ) ) ;
#3182 = LINE ( 'NONE', #352, #6076 ) ;
#3183 = EDGE_CURVE ( 'NONE', #540, #5083, #3410, .T. ) ;
#3184 = ORIENTED_EDGE ( 'NONE', *, *, #6052, .T. ) ;
#3185 = VECTOR ( 'NONE', #5838, 1000.000000000000114 ) ;
#3186 = ORIENTED_EDGE ( 'NONE', *, *, #2631, .F. ) ;
#3187 = AXIS2_PLACEMENT_3D ( 'NONE', #5285, #6416, #297 ) ;
#3188 = DIRECTION ( 'NONE',  ( 0.3439484305270015807, -0.9389885394071710856, 0.000000000000000000 ) ) ;
#3189 = VERTEX_POINT ( 'NONE', #1769 ) ;
#3190 = ADVANCED_FACE ( 'NONE', ( #1223 ), #5696, .F. ) ;
#3191 = AXIS2_PLACEMENT_3D ( 'NONE', #2932, #2391, #6663 ) ;
#3192 = EDGE_CURVE ( 'NONE', #3399, #3049, #5350, .T. ) ;
#3193 = VERTEX_POINT ( 'NONE', #826 ) ;
#3194 = EDGE_LOOP ( 'NONE', ( #3082, #4464, #662, #3914 ) ) ;
#3195 = DIRECTION ( 'NONE',  ( -0.2487664908365434802, -0.9685634894197034939, 0.000000000000000000 ) ) ;
#3196 = VERTEX_POINT ( 'NONE', #6332 ) ;
#3197 = DIRECTION ( 'NONE',  ( -0.000000000000000000, -0.000000000000000000, -1.000000000000000000 ) ) ;
#3198 = CARTESIAN_POINT ( 'NONE',  ( 1.267830000000000013, 90.29388000000000147, 3.000000000000000000 ) ) ;
#3199 = ADVANCED_FACE ( 'NONE', ( #5900 ), #6442, .F. ) ;
#3200 = CARTESIAN_POINT ( 'NONE',  ( 0.7611499999999999932, 89.99428000000000338, 0.000000000000000000 ) ) ;
#3201 = DIRECTION ( 'NONE',  ( 0.3072432872461547393, -0.9516310011985616990, 0.000000000000000000 ) ) ;
#3202 = VECTOR ( 'NONE', #6906, 1000.000000000000000 ) ;
#3203 = CARTESIAN_POINT ( 'NONE',  ( 7.339730000000000310, 68.13688000000000500, 0.000000000000000000 ) ) ;
#3204 = FACE_OUTER_BOUND ( 'NONE', #2960, .T. ) ;
#3205 = LINE ( 'NONE', #3133, #1216 ) ;
#3206 = ORIENTED_EDGE ( 'NONE', *, *, #2631, .T. ) ;
#3207 = EDGE_LOOP ( 'NONE', ( #4277, #7225, #6801, #6620 ) ) ;
#3208 = LINE ( 'NONE', #5435, #1704 ) ;
#3209 = VECTOR ( 'NONE', #4426, 1000.000000000000000 ) ;
#3210 = CARTESIAN_POINT ( 'NONE',  ( 10.57658999999999949, 84.73675000000000068, 0.000000000000000000 ) ) ;
#3211 = EDGE_CURVE ( 'NONE', #704, #4110, #208, .T. ) ;
#3212 = CARTESIAN_POINT ( 'NONE',  ( 17.73594999999999899, 65.55621999999999616, 3.000000000000000000 ) ) ;
#3213 = AXIS2_PLACEMENT_3D ( 'NONE', #359, #2579, #5725 ) ;
#3214 = VECTOR ( 'NONE', #5390, 999.9999999999998863 ) ;
#3215 = VECTOR ( 'NONE', #1601, 1000.000000000000114 ) ;
#3216 = ORIENTED_EDGE ( 'NONE', *, *, #1379, .T. ) ;
#3217 = LINE ( 'NONE', #5444, #5392 ) ;
#3218 = DIRECTION ( 'NONE',  ( -0.000000000000000000, -0.000000000000000000, -1.000000000000000000 ) ) ;
#3219 = VERTEX_POINT ( 'NONE', #5235 ) ;
#3220 = ORIENTED_EDGE ( 'NONE', *, *, #7134, .T. ) ;
#3221 = ORIENTED_EDGE ( 'NONE', *, *, #1335, .T. ) ;
#3222 = CARTESIAN_POINT ( 'NONE',  ( 3.547600000000000087, 90.77204999999999302, 3.000000000000000000 ) ) ;
#3223 = VERTEX_POINT ( 'NONE', #792 ) ;
#3224 = ORIENTED_EDGE ( 'NONE', *, *, #4074, .T. ) ;
#3225 = DIRECTION ( 'NONE',  ( -0.000000000000000000, -0.000000000000000000, -1.000000000000000000 ) ) ;
#3226 = CARTESIAN_POINT ( 'NONE',  ( 0.2999999999999999889, 85.29013000000000488, 0.000000000000000000 ) ) ;
#3227 = EDGE_CURVE ( 'NONE', #5093, #4294, #3639, .T. ) ;
#3228 = CARTESIAN_POINT ( 'NONE',  ( 9.332910000000000039, 62.03824000000000183, 3.000000000000000000 ) ) ;
#3229 = LINE ( 'NONE', #2048, #5129 ) ;
#3230 = CARTESIAN_POINT ( 'NONE',  ( 0.2999999999999999889, 65.29013000000000488, 3.000000000000000000 ) ) ;
#3231 = CARTESIAN_POINT ( 'NONE',  ( 18.00748232759892176, 51.78476030372893746, 3.000000000000000000 ) ) ;
#3232 = CARTESIAN_POINT ( 'NONE',  ( 18.86109000000000080, 32.27886999999999773, -1.200000000000000030E-05 ) ) ;
#3233 =( NAMED_UNIT ( * ) SI_UNIT ( $, .STERADIAN. ) SOLID_ANGLE_UNIT ( ) );
#3234 = LINE ( 'NONE', #2116, #6346 ) ;
#3235 = LINE ( 'NONE', #3718, #4360 ) ;
#3236 = EDGE_LOOP ( 'NONE', ( #6383, #5423, #5072, #4014 ) ) ;
#3237 = EDGE_CURVE ( 'NONE', #918, #1665, #3010, .T. ) ;
#3238 = EDGE_LOOP ( 'NONE', ( #7215, #4278, #1962, #6874 ) ) ;
#3239 = DIRECTION ( 'NONE',  ( -0.000000000000000000, -0.000000000000000000, -1.000000000000000000 ) ) ;
#3240 = ADVANCED_FACE ( 'NONE', ( #360 ), #7002, .F. ) ;
#3241 = CARTESIAN_POINT ( 'NONE',  ( 9.427569999999999339, 61.41680999999999813, 3.000000000000000000 ) ) ;
#3242 = EDGE_CURVE ( 'NONE', #3396, #2890, #3565, .T. ) ;
#3243 = FACE_OUTER_BOUND ( 'NONE', #1124, .T. ) ;
#3244 = CARTESIAN_POINT ( 'NONE',  ( 9.660151450483754232, 48.09307088092107563, 3.000000000000000000 ) ) ;
#3245 = LINE ( 'NONE', #5439, #7048 ) ;
#3246 = VECTOR ( 'NONE', #2291, 1000.000000000000114 ) ;
#3247 = CARTESIAN_POINT ( 'NONE',  ( 10.99760145048375470, 43.20276088092107614, 3.000000000000000000 ) ) ;
#3248 = VECTOR ( 'NONE', #4121, 1000.000000000000114 ) ;
#3249 = ORIENTED_EDGE ( 'NONE', *, *, #6848, .T. ) ;
#3250 = ADVANCED_FACE ( 'NONE', ( #4650 ), #1301, .F. ) ;
#3251 = CARTESIAN_POINT ( 'NONE',  ( 12.44214000000000020, 80.10948999999999387, 0.000000000000000000 ) ) ;
#3252 = CARTESIAN_POINT ( 'NONE',  ( 14.51109000000000115, 54.27886999999999773, -6.000000000000000152E-06 ) ) ;
#3253 = CARTESIAN_POINT ( 'NONE',  ( 5.923630000000000173, 90.10437000000000296, 3.000000000000000000 ) ) ;
#3254 = EDGE_LOOP ( 'NONE', ( #6731, #2763, #5604, #7141 ) ) ;
#3255 = VERTEX_POINT ( 'NONE', #245 ) ;
#3256 = EDGE_LOOP ( 'NONE', ( #1360, #1253, #1617, #7102 ) ) ;
#3257 = VERTEX_POINT ( 'NONE', #6880 ) ;
#3258 = ORIENTED_EDGE ( 'NONE', *, *, #317, .F. ) ;
#3259 = CARTESIAN_POINT ( 'NONE',  ( 0.2999999999999999889, 75.29013000000000488, 3.000000000000000000 ) ) ;
#3260 = ORIENTED_EDGE ( 'NONE', *, *, #207, .T. ) ;
#3261 = ORIENTED_EDGE ( 'NONE', *, *, #6680, .T. ) ;
#3262 = LINE ( 'NONE', #4320, #5533 ) ;
#3263 = DIRECTION ( 'NONE',  ( -0.3531893947133602496, 0.9355518432786128491, -0.000000000000000000 ) ) ;
#3264 = CARTESIAN_POINT ( 'NONE',  ( 16.35858999999999952, 69.72839999999999350, 3.000000000000000000 ) ) ;
#3265 = VECTOR ( 'NONE', #5794, 999.9999999999998863 ) ;
#3266 = DIRECTION ( 'NONE',  ( 0.9769149140582829016, 0.2136287684056100977, -0.000000000000000000 ) ) ;
#3267 = DIRECTION ( 'NONE',  ( -0.9941102786803511782, -0.1083732154274047316, 0.000000000000000000 ) ) ;
#3268 = CARTESIAN_POINT ( 'NONE',  ( 23.86108923668214032, 32.27887001539321687, 3.000000000000000000 ) ) ;
#3269 = EDGE_CURVE ( 'NONE', #5108, #1926, #3521, .T. ) ;
#3270 = LINE ( 'NONE', #6601, #6112 ) ;
#3271 = ORIENTED_EDGE ( 'NONE', *, *, #1015, .T. ) ;
#3272 = VECTOR ( 'NONE', #4086, 1000.000000000000114 ) ;
#3273 = ORIENTED_EDGE ( 'NONE', *, *, #5422, .F. ) ;
#3274 = LINE ( 'NONE', #508, #1377 ) ;
#3275 = CARTESIAN_POINT ( 'NONE',  ( 7.585289999999999644, 89.11507000000000289, 3.000000000000000000 ) ) ;
#3276 = DIRECTION ( 'NONE',  ( -0.6639920876360050350, -0.7477395987620153450, -0.000000000000000000 ) ) ;
#3277 = EDGE_CURVE ( 'NONE', #2881, #704, #6928, .T. ) ;
#3278 = DIRECTION ( 'NONE',  ( -0.9295210884544438112, -0.3687689603511475345, 0.000000000000000000 ) ) ;
#3279 = DIRECTION ( 'NONE',  ( -0.000000000000000000, -0.000000000000000000, -1.000000000000000000 ) ) ;
#3280 = EDGE_CURVE ( 'NONE', #4175, #3219, #1929, .T. ) ;
#3281 = EDGE_CURVE ( 'NONE', #5369, #2817, #3602, .T. ) ;
#3282 = CARTESIAN_POINT ( 'NONE',  ( 17.25848999999999833, 67.14406999999999925, 0.000000000000000000 ) ) ;
#3283 = ORIENTED_EDGE ( 'NONE', *, *, #653, .T. ) ;
#3284 = VECTOR ( 'NONE', #3218, 1000.000000000000000 ) ;
#3285 = CARTESIAN_POINT ( 'NONE',  ( 10.57658999999999949, 84.73675000000000068, 0.000000000000000000 ) ) ;
#3286 = DIRECTION ( 'NONE',  ( -0.000000000000000000, -0.000000000000000000, -1.000000000000000000 ) ) ;
#3287 = VECTOR ( 'NONE', #6393, 1000.000000000000000 ) ;
#3288 = EDGE_CURVE ( 'NONE', #1341, #3557, #5203, .T. ) ;
#3289 = ORIENTED_EDGE ( 'NONE', *, *, #5662, .F. ) ;
#3290 = VERTEX_POINT ( 'NONE', #325 ) ;
#3291 = VECTOR ( 'NONE', #4926, 1000.000000000000114 ) ;
#3292 = ADVANCED_FACE ( 'NONE', ( #3046 ), #5275, .F. ) ;
#3293 = AXIS2_PLACEMENT_3D ( 'NONE', #367, #6595, #3358 ) ;
#3294 = VERTEX_POINT ( 'NONE', #4173 ) ;
#3295 = EDGE_CURVE ( 'NONE', #5448, #378, #867, .T. ) ;
#3296 = VECTOR ( 'NONE', #1859, 1000.000000000000227 ) ;
#3297 = CARTESIAN_POINT ( 'NONE',  ( 8.393760000000000332, 58.45353999999999672, 3.000000000000000000 ) ) ;
#3298 = AXIS2_PLACEMENT_3D ( 'NONE', #3462, #1243, #6159 ) ;
#3299 = ORIENTED_EDGE ( 'NONE', *, *, #3558, .F. ) ;
#3300 = AXIS2_PLACEMENT_3D ( 'NONE', #1646, #2092, #3858 ) ;
#3301 = ORIENTED_EDGE ( 'NONE', *, *, #4859, .F. ) ;
#3302 = ORIENTED_EDGE ( 'NONE', *, *, #7095, .F. ) ;
#3303 = ORIENTED_EDGE ( 'NONE', *, *, #1714, .F. ) ;
#3304 = VERTEX_POINT ( 'NONE', #4769 ) ;
#3305 = AXIS2_PLACEMENT_3D ( 'NONE', #6289, #4135, #1849 ) ;
#3306 = LINE ( 'NONE', #3782, #125 ) ;
#3307 = LINE ( 'NONE', #5651, #1789 ) ;
#3308 = CARTESIAN_POINT ( 'NONE',  ( 12.43595999999999968, 80.12586000000000297, 0.000000000000000000 ) ) ;
#3309 = CARTESIAN_POINT ( 'NONE',  ( 21.93486232759892474, 37.83389030372893558, 3.000000000000000000 ) ) ;
#3310 = CARTESIAN_POINT ( 'NONE',  ( 17.51552999999999827, 57.44236000000000075, 0.000000000000000000 ) ) ;
#3311 = ORIENTED_EDGE ( 'NONE', *, *, #4119, .T. ) ;
#3312 = ORIENTED_EDGE ( 'NONE', *, *, #7011, .T. ) ;
#3313 = PRODUCT_DEFINITION_SHAPE ( 'NONE', 'NONE',  #5202 ) ;
#3314 = AXIS2_PLACEMENT_3D ( 'NONE', #5219, #1830, #5675 ) ;
#3315 = FACE_OUTER_BOUND ( 'NONE', #233, .T. ) ;
#3316 = CARTESIAN_POINT ( 'NONE',  ( 13.87516898403472254, 55.59834519261977448, -0.000000000000000000 ) ) ;
#3317 = EDGE_CURVE ( 'NONE', #6535, #3153, #2000, .T. ) ;
#3318 = CARTESIAN_POINT ( 'NONE',  ( 12.16361999999999988, 80.84214000000000055, 0.000000000000000000 ) ) ;
#3319 = LINE ( 'NONE', #5536, #1092 ) ;
#3320 = PLANE ( 'NONE',  #5025 ) ;
#3321 = LINE ( 'NONE', #2841, #2885 ) ;
#3322 = ORIENTED_EDGE ( 'NONE', *, *, #889, .F. ) ;
#3323 = VECTOR ( 'NONE', #5397, 1000.000000000000000 ) ;
#3324 = LINE ( 'NONE', #2225, #2136 ) ;
#3325 = EDGE_CURVE ( 'NONE', #292, #3134, #4244, .T. ) ;
#3326 = CARTESIAN_POINT ( 'NONE',  ( 0.2999999999999999889, 77.76761000000000479, 3.000000000000000000 ) ) ;
#3327 = AXIS2_PLACEMENT_3D ( 'NONE', #3716, #3163, #4398 ) ;
#3328 = AXIS2_PLACEMENT_3D ( 'NONE', #339, #4784, #4891 ) ;
#3329 = VECTOR ( 'NONE', #4279, 1000.000000000000000 ) ;
#3330 = ORIENTED_EDGE ( 'NONE', *, *, #2131, .F. ) ;
#3331 = ADVANCED_FACE ( 'NONE', ( #2581 ), #5256, .F. ) ;
#3332 = ADVANCED_FACE ( 'NONE', ( #4267 ), #3067, .F. ) ;
#3333 = EDGE_CURVE ( 'NONE', #479, #5232, #2604, .T. ) ;
#3334 = ORIENTED_EDGE ( 'NONE', *, *, #7130, .F. ) ;
#3335 = DIRECTION ( 'NONE',  ( -0.6639920876360008162, 0.7477395987620191198, 0.000000000000000000 ) ) ;
#3336 = ORIENTED_EDGE ( 'NONE', *, *, #2208, .T. ) ;
#3337 = VERTEX_POINT ( 'NONE', #4116 ) ;
#3338 = ORIENTED_EDGE ( 'NONE', *, *, #750, .T. ) ;
#3339 = EDGE_CURVE ( 'NONE', #2323, #577, #4829, .T. ) ;
#3340 = CARTESIAN_POINT ( 'NONE',  ( 0.2999999999999999889, 87.76761000000000479, 3.000000000000000000 ) ) ;
#3341 = CARTESIAN_POINT ( 'NONE',  ( 19.69205489780720697, 30.83704188666243695, -0.000000000000000000 ) ) ;
#3342 = CARTESIAN_POINT ( 'NONE',  ( 14.02144999999999975, 75.83755999999999631, 3.000000000000000000 ) ) ;
#3343 = FACE_OUTER_BOUND ( 'NONE', #4, .T. ) ;
#3344 = CARTESIAN_POINT ( 'NONE',  ( 8.596059999999999590, 59.28164000000000300, 3.000000000000000000 ) ) ;
#3345 = VERTEX_POINT ( 'NONE', #6904 ) ;
#3346 = DIRECTION ( 'NONE',  ( 0.09598982386539675615, 0.9953823153513879918, -0.000000000000000000 ) ) ;
#3347 = LINE ( 'NONE', #5562, #1703 ) ;
#3348 = LINE ( 'NONE', #6708, #4449 ) ;
#3349 = CARTESIAN_POINT ( 'NONE',  ( 16.97557000000000116, 67.99586999999999648, 0.000000000000000000 ) ) ;
#3350 = LINE ( 'NONE', #2741, #6799 ) ;
#3351 = LINE ( 'NONE', #2805, #4098 ) ;
#3352 = DIRECTION ( 'NONE',  ( 0.000000000000000000, 0.000000000000000000, -1.000000000000000000 ) ) ;
#3353 = LINE ( 'NONE', #3282, #3357 ) ;
#3354 = ORIENTED_EDGE ( 'NONE', *, *, #1797, .F. ) ;
#3355 = DIRECTION ( 'NONE',  ( -0.000000000000000000, -0.000000000000000000, -1.000000000000000000 ) ) ;
#3356 = DIRECTION ( 'NONE',  ( 0.6639920876360008162, -0.7477395987620191198, -0.000000000000000000 ) ) ;
#3357 = VECTOR ( 'NONE', #1162, 1000.000000000000227 ) ;
#3358 = DIRECTION ( 'NONE',  ( -0.2769682862216355512, 0.9608790602502741418, 0.000000000000000000 ) ) ;
#3359 = EDGE_CURVE ( 'NONE', #2881, #2341, #6984, .T. ) ;
#3360 = ORIENTED_EDGE ( 'NONE', *, *, #6806, .T. ) ;
#3361 = ORIENTED_EDGE ( 'NONE', *, *, #2260, .F. ) ;
#3362 = EDGE_CURVE ( 'NONE', #1146, #467, #306, .T. ) ;
#3363 = DIRECTION ( 'NONE',  ( -0.000000000000000000, -0.000000000000000000, -1.000000000000000000 ) ) ;
#3364 = EDGE_LOOP ( 'NONE', ( #1383, #6237, #3330, #2502 ) ) ;
#3365 = EDGE_CURVE ( 'NONE', #2203, #5143, #3621, .T. ) ;
#3366 = VERTEX_POINT ( 'NONE', #3033 ) ;
#3367 = ADVANCED_FACE ( 'NONE', ( #6503 ), #375, .F. ) ;
#3368 = ORIENTED_EDGE ( 'NONE', *, *, #6201, .F. ) ;
#3369 = EDGE_LOOP ( 'NONE', ( #5978, #2406, #468, #7132 ) ) ;
#3370 = CARTESIAN_POINT ( 'NONE',  ( 17.52420000000000044, 66.29084000000000287, 3.000000000000000000 ) ) ;
#3371 = ORIENTED_EDGE ( 'NONE', *, *, #1169, .F. ) ;
#3372 = DIRECTION ( 'NONE',  ( -0.2565694360824022358, 0.9665258012429662760, -0.000000000000000000 ) ) ;
#3373 = DIRECTION ( 'NONE',  ( -0.2136287684056100977, 0.9769149140582829016, 0.000000000000000000 ) ) ;
#3374 = EDGE_CURVE ( 'NONE', #5878, #1986, #5623, .T. ) ;
#3375 = LINE ( 'NONE', #2860, #4253 ) ;
#3376 = CARTESIAN_POINT ( 'NONE',  ( 15.74558999999999997, 71.35272999999999399, 3.000000000000000000 ) ) ;
#3377 = VERTEX_POINT ( 'NONE', #4188 ) ;
#3378 = VERTEX_POINT ( 'NONE', #2567 ) ;
#3379 = DIRECTION ( 'NONE',  ( 0.3531893947133601386, -0.9355518432786128491, 0.000000000000000000 ) ) ;
#3380 = DIRECTION ( 'NONE',  ( -0.9898486581862280254, -0.1421254160483763074, 0.000000000000000000 ) ) ;
#3381 = DIRECTION ( 'NONE',  ( -0.000000000000000000, -0.000000000000000000, -1.000000000000000000 ) ) ;
#3382 = CARTESIAN_POINT ( 'NONE',  ( 8.338839999999999364, 88.41728999999999417, 0.000000000000000000 ) ) ;
#3383 = CARTESIAN_POINT ( 'NONE',  ( 11.63189000000000028, 82.20911999999999864, 3.000000000000000000 ) ) ;
#3384 = AXIS2_PLACEMENT_3D ( 'NONE', #2968, #5195, #320 ) ;
#3385 = LINE ( 'NONE', #1100, #3132 ) ;
#3386 = EDGE_LOOP ( 'NONE', ( #4234, #2545, #6069, #2616 ) ) ;
#3387 = DIRECTION ( 'NONE',  ( 0.2817445358469327643, -0.9594894561798980037, 0.000000000000000000 ) ) ;
#3388 = VERTEX_POINT ( 'NONE', #922 ) ;
#3389 = CARTESIAN_POINT ( 'NONE',  ( 9.139319999999999666, 87.42681000000000324, 0.000000000000000000 ) ) ;
#3390 = DIRECTION ( 'NONE',  ( 0.6639920876359967084, -0.7477395987620227835, -0.000000000000000000 ) ) ;
#3391 = LINE ( 'NONE', #3958, #3180 ) ;
#3392 = ORIENTED_EDGE ( 'NONE', *, *, #3447, .F. ) ;
#3393 = DIRECTION ( 'NONE',  ( 0.3627448623132299987, -0.9318884937938421986, 0.000000000000000000 ) ) ;
#3394 = CARTESIAN_POINT ( 'NONE',  ( 5.154580000000000162, 90.37573999999999330, 3.000000000000000000 ) ) ;
#3395 = VECTOR ( 'NONE', #5475, 1000.000000000000000 ) ;
#3396 = VERTEX_POINT ( 'NONE', #1509 ) ;
#3397 = EDGE_CURVE ( 'NONE', #4165, #6099, #3584, .T. ) ;
#3398 = FACE_OUTER_BOUND ( 'NONE', #6208, .T. ) ;
#3399 = VERTEX_POINT ( 'NONE', #5367 ) ;
#3400 = EDGE_LOOP ( 'NONE', ( #1072, #2466, #2938, #1656 ) ) ;
#3401 = VECTOR ( 'NONE', #1374, 1000.000000000000114 ) ;
#3402 = VERTEX_POINT ( 'NONE', #7022 ) ;
#3403 = ORIENTED_EDGE ( 'NONE', *, *, #4076, .T. ) ;
#3404 = ADVANCED_FACE ( 'NONE', ( #884 ), #6423, .F. ) ;
#3405 = ORIENTED_EDGE ( 'NONE', *, *, #2060, .T. ) ;
#3406 = PLANE ( 'NONE',  #93 ) ;
#3407 = VECTOR ( 'NONE', #1537, 1000.000000000000000 ) ;
#3408 = EDGE_CURVE ( 'NONE', #5398, #1572, #2063, .T. ) ;
#3409 = AXIS2_PLACEMENT_3D ( 'NONE', #4433, #571, #2802 ) ;
#3410 = LINE ( 'NONE', #5625, #2040 ) ;
#3411 = CARTESIAN_POINT ( 'NONE',  ( 14.54044000000000025, 74.45987999999999829, 0.000000000000000000 ) ) ;
#3412 = ORIENTED_EDGE ( 'NONE', *, *, #6666, .T. ) ;
#3413 = ORIENTED_EDGE ( 'NONE', *, *, #2704, .F. ) ;
#3414 = CARTESIAN_POINT ( 'NONE',  ( 9.692830000000000723, 86.53628000000000497, 3.000000000000000000 ) ) ;
#3415 = AXIS2_PLACEMENT_3D ( 'NONE', #7189, #1841, #2965 ) ;
#3416 = EDGE_CURVE ( 'NONE', #1734, #1665, #5336, .T. ) ;
#3417 = CARTESIAN_POINT ( 'NONE',  ( 8.890330000000000510, 63.74942000000000064, 3.000000000000000000 ) ) ;
#3418 = CARTESIAN_POINT ( 'NONE',  ( 12.64514226996546142, 55.92894198257842220, -0.000000000000000000 ) ) ;
#3419 = PLANE ( 'NONE',  #5257 ) ;
#3420 = FACE_OUTER_BOUND ( 'NONE', #782, .T. ) ;
#3421 = LINE ( 'NONE', #4436, #4822 ) ;
#3422 = DIRECTION ( 'NONE',  ( -1.000000000000000000, 0.000000000000000000, 0.000000000000000000 ) ) ;
#3423 = EDGE_LOOP ( 'NONE', ( #30, #868, #1188, #6924 ) ) ;
#3424 = VECTOR ( 'NONE', #6784, 1000.000000000000000 ) ;
#3425 = EDGE_CURVE ( 'NONE', #3877, #425, #3104, .T. ) ;
#3426 = LINE ( 'NONE', #1164, #5274 ) ;
#3427 = FACE_OUTER_BOUND ( 'NONE', #5576, .T. ) ;
#3428 = LINE ( 'NONE', #5644, #980 ) ;
#3429 = AXIS2_PLACEMENT_3D ( 'NONE', #3542, #5607, #615 ) ;
#3430 = DIRECTION ( 'NONE',  ( 0.2565664488957494216, -0.9665265942026761703, -0.000000000000000000 ) ) ;
#3431 = LINE ( 'NONE', #655, #6040 ) ;
#3432 = AXIS2_PLACEMENT_3D ( 'NONE', #3053, #5324, #6294 ) ;
#3433 = VECTOR ( 'NONE', #5464, 1000.000000000000227 ) ;
#3434 = ORIENTED_EDGE ( 'NONE', *, *, #6720, .F. ) ;
#3435 = CARTESIAN_POINT ( 'NONE',  ( 1.399999999999999911, 86.52886999999999773, 0.000000000000000000 ) ) ;
#3436 = FACE_OUTER_BOUND ( 'NONE', #2842, .T. ) ;
#3437 = ORIENTED_EDGE ( 'NONE', *, *, #5631, .F. ) ;
#3438 = ORIENTED_EDGE ( 'NONE', *, *, #6966, .F. ) ;
#3439 = VECTOR ( 'NONE', #5848, 1000.000000000000114 ) ;
#3440 = ORIENTED_EDGE ( 'NONE', *, *, #207, .F. ) ;
#3441 = EDGE_LOOP ( 'NONE', ( #413, #2647, #240, #2887 ) ) ;
#3442 = FACE_OUTER_BOUND ( 'NONE', #1524, .T. ) ;
#3443 = CARTESIAN_POINT ( 'NONE',  ( 19.07703773003145287, 30.62879801742089469, -0.000000000000000000 ) ) ;
#3444 = CARTESIAN_POINT ( 'NONE',  ( 5.498310000000000031, 90.26606999999999914, 3.000000000000000000 ) ) ;
#3445 = LINE ( 'NONE', #5166, #296 ) ;
#3446 = EDGE_LOOP ( 'NONE', ( #4651, #2077, #7125, #6384 ) ) ;
#3447 = EDGE_CURVE ( 'NONE', #3778, #7234, #1947, .T. ) ;
#3448 = VERTEX_POINT ( 'NONE', #2024 ) ;
#3449 = LINE ( 'NONE', #6815, #3905 ) ;
#3450 = CARTESIAN_POINT ( 'NONE',  ( 11.08099999999999952, 83.56645000000000323, 0.000000000000000000 ) ) ;
#3451 = CARTESIAN_POINT ( 'NONE',  ( 15.42811999999999983, 72.17426000000000386, 3.000000000000000000 ) ) ;
#3452 = CARTESIAN_POINT ( 'NONE',  ( 17.51552999999999827, 57.44236000000000075, 3.000000000000000000 ) ) ;
#3453 = CARTESIAN_POINT ( 'NONE',  ( 12.64514226996547031, 52.62894198257843925, 0.000000000000000000 ) ) ;
#3454 = ADVANCED_FACE ( 'NONE', ( #5295 ), #4230, .F. ) ;
#3455 = CARTESIAN_POINT ( 'NONE',  ( 5.923630000000000173, 90.10437000000000296, 3.000000000000000000 ) ) ;
#3456 = VERTEX_POINT ( 'NONE', #1128 ) ;
#3457 = ADVANCED_FACE ( 'NONE', ( #4894 ), #6608, .F. ) ;
#3458 = ORIENTED_EDGE ( 'NONE', *, *, #2388, .T. ) ;
#3459 = ADVANCED_FACE ( 'NONE', ( #2703 ), #4297, .F. ) ;
#3460 = CARTESIAN_POINT ( 'NONE',  ( 0.2999999999999999889, 75.26761000000000479, 3.000000000000000000 ) ) ;
#3461 = LINE ( 'NONE', #6719, #3424 ) ;
#3462 = CARTESIAN_POINT ( 'NONE',  ( 13.30276145048375369, 35.28694088092107961, 3.000000000000000000 ) ) ;
#3463 = LINE ( 'NONE', #4635, #6196 ) ;
#3464 = DIRECTION ( 'NONE',  ( -0.000000000000000000, -0.000000000000000000, -1.000000000000000000 ) ) ;
#3465 = EDGE_CURVE ( 'NONE', #1620, #5448, #3245, .T. ) ;
#3466 = VERTEX_POINT ( 'NONE', #3829 ) ;
#3467 = EDGE_LOOP ( 'NONE', ( #2373, #6335, #5306, #7139 ) ) ;
#3468 = FACE_OUTER_BOUND ( 'NONE', #5446, .T. ) ;
#3469 = CARTESIAN_POINT ( 'NONE',  ( 13.24582000000000015, 77.95171000000000561, 3.000000000000000000 ) ) ;
#3470 = ORIENTED_EDGE ( 'NONE', *, *, #113, .T. ) ;
#3471 = DIRECTION ( 'NONE',  ( -0.000000000000000000, -0.000000000000000000, -1.000000000000000000 ) ) ;
#3472 = LINE ( 'NONE', #5850, #5008 ) ;
#3473 = VERTEX_POINT ( 'NONE', #995 ) ;
#3474 = ORIENTED_EDGE ( 'NONE', *, *, #1725, .T. ) ;
#3475 = ORIENTED_EDGE ( 'NONE', *, *, #554, .T. ) ;
#3476 = VERTEX_POINT ( 'NONE', #2160 ) ;
#3477 = VERTEX_POINT ( 'NONE', #7160 ) ;
#3478 = CARTESIAN_POINT ( 'NONE',  ( 8.927300000000000679, 60.25028999999999968, 0.000000000000000000 ) ) ;
#3479 = CARTESIAN_POINT ( 'NONE',  ( 11.95203145048375681, 39.88346088092108488, 0.000000000000000000 ) ) ;
#3480 = CARTESIAN_POINT ( 'NONE',  ( 12.86109110324589366, 54.27887061591118822, 0.000000000000000000 ) ) ;
#3481 = LINE ( 'NONE', #5119, #6575 ) ;
#3482 = VERTEX_POINT ( 'NONE', #5985 ) ;
#3483 = EDGE_LOOP ( 'NONE', ( #2380, #5050, #5112, #6868 ) ) ;
#3484 = PRODUCT ( '21_palec', '21_palec', '', ( #2186 ) ) ;
#3485 = DIRECTION ( 'NONE',  ( -0.2793859668271825858, 0.9601788799697900112, 0.000000000000000000 ) ) ;
#3486 = CARTESIAN_POINT ( 'NONE',  ( 11.21109000000000044, 54.27886999999999773, -6.000000000000000152E-06 ) ) ;
#3487 = CARTESIAN_POINT ( 'NONE',  ( 8.447359999999999758, 65.11999000000000137, 3.000000000000000000 ) ) ;
#3488 = LINE ( 'NONE', #4062, #5619 ) ;
#3490 = EDGE_CURVE ( 'NONE', #1879, #6896, #2218, .T. ) ;
#3489 = LINE ( 'NONE', #2219, #4695 ) ;
#3491 = CARTESIAN_POINT ( 'NONE',  ( 0.2999999999999999889, 67.79013000000000488, 3.000000000000000000 ) ) ;
#3492 = ORIENTED_EDGE ( 'NONE', *, *, #447, .F. ) ;
#3493 = EDGE_LOOP ( 'NONE', ( #5268, #2912, #2381, #3733 ) ) ;
#3494 = CARTESIAN_POINT ( 'NONE',  ( 18.10079999999999956, 58.99235999999999791, 0.000000000000000000 ) ) ;
#3495 = DIRECTION ( 'NONE',  ( 1.000000000000000000, 0.000000000000000000, 0.000000000000000000 ) ) ;
#3496 = EDGE_CURVE ( 'NONE', #6485, #6755, #1061, .T. ) ;
#3497 = DIRECTION ( 'NONE',  ( 1.000000000000000000, 0.000000000000000000, 0.000000000000000000 ) ) ;
#3498 = DIRECTION ( 'NONE',  ( 0.4171550526003862669, -0.9088353327693465822, 0.000000000000000000 ) ) ;
#3499 = EDGE_CURVE ( 'NONE', #5115, #4553, #4435, .T. ) ;
#3500 = VECTOR ( 'NONE', #2378, 1000.000000000000000 ) ;
#3501 = ADVANCED_FACE ( 'NONE', ( #6672 ), #1682, .F. ) ;
#3502 = CARTESIAN_POINT ( 'NONE',  ( 14.27267999999999937, 75.16252000000000066, 0.000000000000000000 ) ) ;
#3503 = VERTEX_POINT ( 'NONE', #3893 ) ;
#3504 = DIRECTION ( 'NONE',  ( -0.1965104017920527857, 0.9805017399207029971, -0.000000000000000000 ) ) ;
#3505 = VECTOR ( 'NONE', #2287, 1000.000000000000227 ) ;
#3506 = ORIENTED_EDGE ( 'NONE', *, *, #5342, .T. ) ;
#3507 = DIRECTION ( 'NONE',  ( 0.9308835301773432658, -0.3653161004453093774, 0.000000000000000000 ) ) ;
#3508 = EDGE_CURVE ( 'NONE', #6763, #2950, #2642, .T. ) ;
#3509 = FACE_OUTER_BOUND ( 'NONE', #553, .T. ) ;
#3510 = EDGE_LOOP ( 'NONE', ( #2676, #5577 ) ) ;
#3511 = DIRECTION ( 'NONE',  ( -0.2746205594197405619, 0.9615526758030413790, -0.000000000000000000 ) ) ;
#3512 = CARTESIAN_POINT ( 'NONE',  ( 12.42594145048375509, 38.26249088092107797, 0.000000000000000000 ) ) ;
#3513 = ORIENTED_EDGE ( 'NONE', *, *, #1283, .T. ) ;
#3514 = ORIENTED_EDGE ( 'NONE', *, *, #2503, .T. ) ;
#3515 = ORIENTED_EDGE ( 'NONE', *, *, #1910, .T. ) ;
#3516 = VECTOR ( 'NONE', #4837, 1000.000000000000227 ) ;
#3517 = ADVANCED_FACE ( 'NONE', ( #4335 ), #3757, .F. ) ;
#3518 = EDGE_LOOP ( 'NONE', ( #1398, #321, #5730, #6267 ) ) ;
#3519 = LINE ( 'NONE', #6926, #4546 ) ;
#3520 = VECTOR ( 'NONE', #1513, 999.9999999999998863 ) ;
#3521 = LINE ( 'NONE', #4053, #5044 ) ;
#3522 = DIRECTION ( 'NONE',  ( 0.4487822437807892362, -0.8936411459120938705, 0.000000000000000000 ) ) ;
#3523 = EDGE_LOOP ( 'NONE', ( #6168, #6444, #4930, #1932 ) ) ;
#3524 = VERTEX_POINT ( 'NONE', #511 ) ;
#3525 = LINE ( 'NONE', #1229, #5441 ) ;
#3526 = VECTOR ( 'NONE', #1478, 999.9999999999998863 ) ;
#3527 = EDGE_LOOP ( 'NONE', ( #6579, #3824, #5114, #924 ) ) ;
#3528 = AXIS2_PLACEMENT_3D ( 'NONE', #1679, #675, #22 ) ;
#3529 = PLANE ( 'NONE',  #5419 ) ;
#3530 = DIRECTION ( 'NONE',  ( -0.6639920876359967084, 0.7477395987620228945, 0.000000000000000000 ) ) ;
#3531 = LINE ( 'NONE', #1234, #6886 ) ;
#3532 = CARTESIAN_POINT ( 'NONE',  ( 6.568950000000000067, 89.79461000000000581, 3.000000000000000000 ) ) ;
#3533 = CARTESIAN_POINT ( 'NONE',  ( 14.46819735041480826, 53.84692447792348702, -0.000000000000000000 ) ) ;
#3534 = VECTOR ( 'NONE', #6466, 1000.000000000000114 ) ;
#3535 = LINE ( 'NONE', #3455, #5184 ) ;
#3536 = ORIENTED_EDGE ( 'NONE', *, *, #6842, .F. ) ;
#3537 = VECTOR ( 'NONE', #742, 1000.000000000000114 ) ;
#3538 = ORIENTED_EDGE ( 'NONE', *, *, #4213, .F. ) ;
#3539 = ORIENTED_EDGE ( 'NONE', *, *, #1227, .F. ) ;
#3540 = CARTESIAN_POINT ( 'NONE',  ( 12.16361999999999988, 80.84214000000000055, 3.000000000000000000 ) ) ;
#3541 = EDGE_CURVE ( 'NONE', #5223, #2496, #3350, .T. ) ;
#3542 = CARTESIAN_POINT ( 'NONE',  ( 6.902720000000000411, 89.59960999999999842, 3.000000000000000000 ) ) ;
#3543 = PLANE ( 'NONE',  #3661 ) ;
#3544 = CARTESIAN_POINT ( 'NONE',  ( 17.51552999999999827, 57.44236000000000075, 3.000000000000000000 ) ) ;
#3545 = VECTOR ( 'NONE', #2041, 1000.000000000000227 ) ;
#3546 = DIRECTION ( 'NONE',  ( -0.000000000000000000, -0.000000000000000000, -1.000000000000000000 ) ) ;
#3547 = ORIENTED_EDGE ( 'NONE', *, *, #2171, .F. ) ;
#3548 = LINE ( 'NONE', #6355, #3968 ) ;
#3549 = ADVANCED_FACE ( 'NONE', ( #2192 ), #4407, .F. ) ;
#3550 = LINE ( 'NONE', #5105, #1399 ) ;
#3551 = CARTESIAN_POINT ( 'NONE',  ( 8.886401450483756292, 51.24541088092107799, 3.000000000000000000 ) ) ;
#3552 = ORIENTED_EDGE ( 'NONE', *, *, #4428, .T. ) ;
#3553 = CARTESIAN_POINT ( 'NONE',  ( 13.24582000000000015, 77.95171000000000561, 3.000000000000000000 ) ) ;
#3554 = CARTESIAN_POINT ( 'NONE',  ( 17.95197999999999894, 64.72745999999999356, 3.000000000000000000 ) ) ;
#3555 = VERTEX_POINT ( 'NONE', #6088 ) ;
#3556 = EDGE_CURVE ( 'NONE', #6203, #2969, #3319, .T. ) ;
#3557 = VERTEX_POINT ( 'NONE', #2776 ) ;
#3558 = EDGE_CURVE ( 'NONE', #5702, #2315, #7093, .T. ) ;
#3559 = VECTOR ( 'NONE', #2185, 1000.000000000000000 ) ;
#3560 = EDGE_LOOP ( 'NONE', ( #1209, #140, #1702, #337 ) ) ;
#3561 = EDGE_CURVE ( 'NONE', #1826, #2969, #5088, .T. ) ;
#3562 = CARTESIAN_POINT ( 'NONE',  ( 12.16361999999999988, 80.84214000000000055, 3.000000000000000000 ) ) ;
#3563 = AXIS2_PLACEMENT_3D ( 'NONE', #1391, #5824, #6377 ) ;
#3564 = AXIS2_PLACEMENT_3D ( 'NONE', #3580, #808, #5252 ) ;
#3565 = LINE ( 'NONE', #904, #6100 ) ;
#3566 = VERTEX_POINT ( 'NONE', #3950 ) ;
#3567 = EDGE_CURVE ( 'NONE', #6016, #1408, #64, .T. ) ;
#3568 = ORIENTED_EDGE ( 'NONE', *, *, #345, .T. ) ;
#3569 = PLANE ( 'NONE',  #5786 ) ;
#3570 = ORIENTED_EDGE ( 'NONE', *, *, #2214, .T. ) ;
#3571 = CARTESIAN_POINT ( 'NONE',  ( 12.98156999999999961, 78.66679999999999495, 3.000000000000000000 ) ) ;
#3572 = CARTESIAN_POINT ( 'NONE',  ( 17.37471999999999994, 57.12697000000000003, 3.000000000000000000 ) ) ;
#3573 = CARTESIAN_POINT ( 'NONE',  ( 5.154580000000000162, 90.37573999999999330, 0.000000000000000000 ) ) ;
#3574 = LINE ( 'NONE', #3532, #5740 ) ;
#3575 = PLANE ( 'NONE',  #4927 ) ;
#3576 = CARTESIAN_POINT ( 'NONE',  ( 7.077650000000000219, 89.48705999999999960, 3.000000000000000000 ) ) ;
#3577 = LINE ( 'NONE', #4030, #303 ) ;
#3578 = ORIENTED_EDGE ( 'NONE', *, *, #4204, .F. ) ;
#3579 = VERTEX_POINT ( 'NONE', #1716 ) ;
#3580 = CARTESIAN_POINT ( 'NONE',  ( 17.70607232759892469, 53.04351030372892950, 3.000000000000000000 ) ) ;
#3581 = CARTESIAN_POINT ( 'NONE',  ( 3.547600000000000087, 90.77204999999999302, 3.000000000000000000 ) ) ;
#3582 = CARTESIAN_POINT ( 'NONE',  ( 1.399999999999999911, 71.52886999999999773, 3.000000000000000000 ) ) ;
#3583 = DIRECTION ( 'NONE',  ( -0.6639920876359967084, 0.7477395987620228945, 0.000000000000000000 ) ) ;
#3584 = LINE ( 'NONE', #3138, #1099 ) ;
#3585 = CARTESIAN_POINT ( 'NONE',  ( 9.219260000000000232, 62.54903000000000191, 3.000000000000000000 ) ) ;
#3586 = ORIENTED_EDGE ( 'NONE', *, *, #5238, .T. ) ;
#3587 = DIRECTION ( 'NONE',  ( 0.1965104017920528412, -0.9805017399207029971, 0.000000000000000000 ) ) ;
#3588 = DIRECTION ( 'NONE',  ( -0.9550891743533346245, 0.2963185263075288067, 0.000000000000000000 ) ) ;
#3589 = CARTESIAN_POINT ( 'NONE',  ( 0.2999999999999999889, 62.79012999999999778, 3.000000000000000000 ) ) ;
#3590 = VERTEX_POINT ( 'NONE', #6183 ) ;
#3591 = LINE ( 'NONE', #3079, #3500 ) ;
#3592 = ADVANCED_FACE ( 'NONE', ( #3420 ), #2356, .F. ) ;
#3593 = ORIENTED_EDGE ( 'NONE', *, *, #4561, .T. ) ;
#3594 = EDGE_LOOP ( 'NONE', ( #4849, #3135, #2202, #4455 ) ) ;
#3595 = ORIENTED_EDGE ( 'NONE', *, *, #4511, .F. ) ;
#3596 = VERTEX_POINT ( 'NONE', #1311 ) ;
#3597 = EDGE_LOOP ( 'NONE', ( #1412, #1547, #5933, #5075 ) ) ;
#3598 = DIRECTION ( 'NONE',  ( -0.000000000000000000, -0.000000000000000000, 1.000000000000000000 ) ) ;
#3599 = EDGE_CURVE ( 'NONE', #467, #1213, #5565, .T. ) ;
#3600 = CLOSED_SHELL ( 'NONE', ( #3015, #883, #2302, #1045, #1699, #1631, #852, #2345, #2917, #3865, #4484, #4259, #6134, #4674, #551, #4614, #3292, #4345, #423, #7180, #5135, #1807, #5100, #5294, #1020, #2584, #5680, #4181, #5511, #4928, #2585, #1961, #4298, #1588, #5069, #2200, #557, #5339, #443, #565, #3190, #1672, #1417, #3102, #6129, #7223, #3119, #401, #1999, #3501, #4072, #7123, #2718, #5825, #6770, #3979, #6751, #4209, #5261, #5919, #6689, #5999, #3454, #2831, #3777, #4899, #3367, #7206, #5156, #248, #4113, #1138, #111, #4887, #7099, #4432, #1515, #4762, #1865, #5545, #790, #4313, #1996, #1516, #1643, #933, #1686, #2823, #1264, #2129, #2986, #4352, #5822, #6373, #1488, #2424, #4385, #2861, #5816, #5462, #3331, #5167, #3332, #5297, #5775, #929, #6132, #6578, #6861, #4934, #746, #6348, #5827, #5049, #5299, #6299, #3816, #689, #688, #1694, #2488, #2782, #3869, #4920, #4571, #4848, #4862, #842, #2752, #5541, #6816, #2580, #2761, #7045, #3517, #1134, #1613, #2870, #6365, #6471, #3805, #4487, #3907, #4864, #6169, #525, #701, #1422, #3018, #213, #4405, #3250, #3404, #2399, #2002, #4548, #2970, #2479, #224, #593, #3549, #925, #3003, #3240, #3199, #307, #3459, #3094, #1593, #1828, #1504, #477, #1484, #6805, #4975, #1393, #441, #2056, #6746, #1067, #1553, #4652, #3457, #5883, #3935, #2594, #6133, #6090, #1425, #3703, #6210, #6317, #4582, #7170, #5961, #4893, #1964, #1145, #6989, #4803, #966, #2877, #4473, #4526, #2259, #3110, #4604, #7079, #4518, #2538, #3592, #5204, #6676, #2340, #6797 ) ) ;
#3601 = EDGE_CURVE ( 'NONE', #5003, #6213, #2402, .T. ) ;
#3602 = LINE ( 'NONE', #5817, #5411 ) ;
#3603 = EDGE_CURVE ( 'NONE', #3189, #878, #6856, .T. ) ;
#3604 = ORIENTED_EDGE ( 'NONE', *, *, #3909, .F. ) ;
#3605 = ORIENTED_EDGE ( 'NONE', *, *, #3727, .F. ) ;
#3606 = VERTEX_POINT ( 'NONE', #1195 ) ;
#3607 = ORIENTED_EDGE ( 'NONE', *, *, #6461, .T. ) ;
#3608 = CARTESIAN_POINT ( 'NONE',  ( 6.799999999999999822, 63.77887000000000484, 3.000000000000000000 ) ) ;
#3609 = EDGE_CURVE ( 'NONE', #2425, #3524, #2900, .T. ) ;
#3610 = PLANE ( 'NONE',  #6324 ) ;
#3611 = FACE_OUTER_BOUND ( 'NONE', #385, .T. ) ;
#3612 = LINE ( 'NONE', #5869, #4233 ) ;
#3613 = DIRECTION ( 'NONE',  ( -0.1083772457572821368, 0.9941098393045235682, 0.000000000000000000 ) ) ;
#3614 = CARTESIAN_POINT ( 'NONE',  ( 10.08043145048375600, 46.51039088092107932, 3.000000000000000000 ) ) ;
#3615 = FACE_OUTER_BOUND ( 'NONE', #5302, .T. ) ;
#3616 = VERTEX_POINT ( 'NONE', #1744 ) ;
#3617 = ORIENTED_EDGE ( 'NONE', *, *, #3362, .T. ) ;
#3618 = LINE ( 'NONE', #843, #3763 ) ;
#3619 = LINE ( 'NONE', #882, #2615 ) ;
#3620 = PLANE ( 'NONE',  #5595 ) ;
#3621 = LINE ( 'NONE', #6351, #1573 ) ;
#3622 = DIRECTION ( 'NONE',  ( -0.000000000000000000, -1.000000000000000000, -0.000000000000000000 ) ) ;
#3623 = CARTESIAN_POINT ( 'NONE',  ( 15.73827999999999960, 71.37178000000000111, 0.000000000000000000 ) ) ;
#3624 = VERTEX_POINT ( 'NONE', #4627 ) ;
#3625 = ORIENTED_EDGE ( 'NONE', *, *, #748, .T. ) ;
#3626 = PLANE ( 'NONE',  #5858 ) ;
#3627 = LINE ( 'NONE', #3667, #3165 ) ;
#3628 = FACE_OUTER_BOUND ( 'NONE', #4382, .T. ) ;
#3629 = EDGE_LOOP ( 'NONE', ( #1521, #1698, #3258, #4422 ) ) ;
#3630 = LINE ( 'NONE', #4046, #2582 ) ;
#3631 = ORIENTED_EDGE ( 'NONE', *, *, #1009, .T. ) ;
#3632 = AXIS2_PLACEMENT_3D ( 'NONE', #800, #4626, #6890 ) ;
#3633 = VERTEX_POINT ( 'NONE', #1271 ) ;
#3634 = CARTESIAN_POINT ( 'NONE',  ( 20.59539232759891902, 42.39191030372894176, 3.000000000000000000 ) ) ;
#3635 = EDGE_CURVE ( 'NONE', #6203, #187, #2320, .T. ) ;
#3636 = ORIENTED_EDGE ( 'NONE', *, *, #2205, .T. ) ;
#3637 = CARTESIAN_POINT ( 'NONE',  ( 7.585289999999999644, 89.11507000000000289, 3.000000000000000000 ) ) ;
#3638 = VECTOR ( 'NONE', #3973, 1000.000000000000000 ) ;
#3639 = LINE ( 'NONE', #6407, #990 ) ;
#3640 = ORIENTED_EDGE ( 'NONE', *, *, #3333, .F. ) ;
#3641 = ORIENTED_EDGE ( 'NONE', *, *, #2570, .F. ) ;
#3642 = LINE ( 'NONE', #6487, #6610 ) ;
#3643 = EDGE_CURVE ( 'NONE', #6, #2323, #1159, .T. ) ;
#3644 = CARTESIAN_POINT ( 'NONE',  ( 7.920240000000000613, 66.59875999999999863, 3.000000000000000000 ) ) ;
#3645 = VECTOR ( 'NONE', #5842, 1000.000000000000114 ) ;
#3646 = DIRECTION ( 'NONE',  ( -0.7035464717667460066, 0.7106492538971410644, -0.000000000000000000 ) ) ;
#3647 = PLANE ( 'NONE',  #1293 ) ;
#3648 = LINE ( 'NONE', #875, #4932 ) ;
#3649 = CARTESIAN_POINT ( 'NONE',  ( 14.18056519261705439, 53.26479101596255106, -0.000000000000000000 ) ) ;
#3650 = CARTESIAN_POINT ( 'NONE',  ( 1.809279999999999999, 90.52478000000000691, 3.000000000000000000 ) ) ;
#3651 = ORIENTED_EDGE ( 'NONE', *, *, #4896, .T. ) ;
#3652 = VECTOR ( 'NONE', #3225, 1000.000000000000000 ) ;
#3653 = EDGE_CURVE ( 'NONE', #4307, #1144, #24, .T. ) ;
#3654 = AXIS2_PLACEMENT_3D ( 'NONE', #7146, #3817, #6041 ) ;
#3655 = ORIENTED_EDGE ( 'NONE', *, *, #4558, .T. ) ;
#3656 = DIRECTION ( 'NONE',  ( 0.2769682862216355512, -0.9608790602502741418, -0.000000000000000000 ) ) ;
#3657 = EDGE_CURVE ( 'NONE', #1846, #6485, #4583, .T. ) ;
#3658 = FACE_OUTER_BOUND ( 'NONE', #6031, .T. ) ;
#3659 = VECTOR ( 'NONE', #4296, 1000.000000000000227 ) ;
#3660 = CARTESIAN_POINT ( 'NONE',  ( 0.2999999999999999889, 87.76761000000000479, 3.000000000000000000 ) ) ;
#3661 = AXIS2_PLACEMENT_3D ( 'NONE', #1982, #4786, #266 ) ;
#3662 = LINE ( 'NONE', #5882, #4440 ) ;
#3663 = CARTESIAN_POINT ( 'NONE',  ( 22.32376232759892432, 36.51483030372894234, 0.000000000000000000 ) ) ;
#3664 = ORIENTED_EDGE ( 'NONE', *, *, #3242, .F. ) ;
#3665 = EDGE_CURVE ( 'NONE', #3982, #1689, #3488, .T. ) ;
#3666 = CARTESIAN_POINT ( 'NONE',  ( 0.2999999999999999889, 77.79013000000000488, 3.000000000000000000 ) ) ;
#3667 = CARTESIAN_POINT ( 'NONE',  ( 15.43191000000000024, 72.16450000000000387, 3.000000000000000000 ) ) ;
#3668 = VECTOR ( 'NONE', #97, 1000.000000000000000 ) ;
#3669 = DIRECTION ( 'NONE',  ( -0.3604932832406905208, 0.9327618092194529531, -0.000000000000000000 ) ) ;
#3670 = CARTESIAN_POINT ( 'NONE',  ( 11.47608145048375583, 41.52750088092108172, 3.000000000000000000 ) ) ;
#3671 = ORIENTED_EDGE ( 'NONE', *, *, #4764, .T. ) ;
#3672 = CARTESIAN_POINT ( 'NONE',  ( 18.36606000000000094, 60.29934000000000083, 0.000000000000000000 ) ) ;
#3673 = AXIS2_PLACEMENT_3D ( 'NONE', #6866, #1324, #2493 ) ;
#3674 = CARTESIAN_POINT ( 'NONE',  ( 18.17614000000000019, 63.71345000000000169, 3.000000000000000000 ) ) ;
#3675 = DIRECTION ( 'NONE',  ( -0.4319550646651968417, -0.9018951281108494866, 0.000000000000000000 ) ) ;
#3676 = VERTEX_POINT ( 'NONE', #6710 ) ;
#3677 = VECTOR ( 'NONE', #2989, 1000.000000000000114 ) ;
#3678 = ORIENTED_EDGE ( 'NONE', *, *, #4421, .F. ) ;
#3679 = CARTESIAN_POINT ( 'NONE',  ( 0.2999999999999999889, 80.29013000000000488, 3.000000000000000000 ) ) ;
#3680 = LINE ( 'NONE', #5935, #3683 ) ;
#3681 = PLANE ( 'NONE',  #6704 ) ;
#3682 = AXIS2_PLACEMENT_3D ( 'NONE', #5011, #5557, #5165 ) ;
#3683 = VECTOR ( 'NONE', #4850, 1000.000000000000114 ) ;
#3684 = DIRECTION ( 'NONE',  ( 0.6731041976874533317, -0.7395476584071709603, 0.000000000000000000 ) ) ;
#3685 = CARTESIAN_POINT ( 'NONE',  ( 23.86108923668214388, 32.27887001539321687, 3.000000000000000000 ) ) ;
#3686 = CARTESIAN_POINT ( 'NONE',  ( 18.17614000000000019, 63.71345000000000169, 3.000000000000000000 ) ) ;
#3687 = DIRECTION ( 'NONE',  ( -0.2641978453979445529, 0.9644685056999444672, -0.000000000000000000 ) ) ;
#3688 = AXIS2_PLACEMENT_3D ( 'NONE', #2507, #7076, #5962 ) ;
#3689 = EDGE_CURVE ( 'NONE', #3257, #930, #1235, .T. ) ;
#3690 = CARTESIAN_POINT ( 'NONE',  ( 8.696220000000000283, 59.60871000000000208, 3.000000000000000000 ) ) ;
#3691 = ORIENTED_EDGE ( 'NONE', *, *, #7005, .T. ) ;
#3692 = ORIENTED_EDGE ( 'NONE', *, *, #1385, .T. ) ;
#3693 = LINE ( 'NONE', #1536, #2275 ) ;
#3694 = CARTESIAN_POINT ( 'NONE',  ( 1.399999999999999911, 66.52886999999999773, 3.000000000000000000 ) ) ;
#3695 = EDGE_CURVE ( 'NONE', #1562, #3596, #6819, .T. ) ;
#3696 = CARTESIAN_POINT ( 'NONE',  ( 17.98528999999999911, 58.62004999999999910, 3.000000000000000000 ) ) ;
#3697 = FACE_OUTER_BOUND ( 'NONE', #796, .T. ) ;
#3698 = EDGE_CURVE ( 'NONE', #3473, #5434, #1778, .T. ) ;
#3699 = EDGE_LOOP ( 'NONE', ( #1419, #823, #5380, #1292 ) ) ;
#3700 = CARTESIAN_POINT ( 'NONE',  ( 8.204110000000000014, 56.97288999999999959, 3.000000000000000000 ) ) ;
#3701 = FACE_OUTER_BOUND ( 'NONE', #7106, .T. ) ;
#3702 = ORIENTED_EDGE ( 'NONE', *, *, #4172, .T. ) ;
#3703 = ADVANCED_FACE ( 'NONE', ( #4028 ), #5055, .F. ) ;
#3704 = DIRECTION ( 'NONE',  ( -0.000000000000000000, -0.000000000000000000, -1.000000000000000000 ) ) ;
#3705 = ORIENTED_EDGE ( 'NONE', *, *, #5106, .T. ) ;
#3706 = EDGE_LOOP ( 'NONE', ( #4564, #2707, #1458, #1525 ) ) ;
#3707 = ORIENTED_EDGE ( 'NONE', *, *, #4269, .T. ) ;
#3708 = LINE ( 'NONE', #1415, #1812 ) ;
#3709 = VERTEX_POINT ( 'NONE', #718 ) ;
#3710 = ORIENTED_EDGE ( 'NONE', *, *, #6406, .F. ) ;
#3711 = DIRECTION ( 'NONE',  ( -0.2798549707472130499, -0.9600422883123829187, 0.000000000000000000 ) ) ;
#3712 = DIRECTION ( 'NONE',  ( 0.9187565182202704905, -0.3948245942539114206, 0.000000000000000000 ) ) ;
#3713 = LINE ( 'NONE', #4287, #3215 ) ;
#3714 = CARTESIAN_POINT ( 'NONE',  ( 7.861087523289107537, 54.27887061591118822, 3.000000000000000000 ) ) ;
#3715 = CARTESIAN_POINT ( 'NONE',  ( 12.97793000000000063, 78.67661999999999978, 0.000000000000000000 ) ) ;
#3716 = CARTESIAN_POINT ( 'NONE',  ( 12.86109110324589366, 54.27887061591118822, 0.000000000000000000 ) ) ;
#3717 = CALENDAR_DATE ( 2026, 1, 10 ) ;
#3718 = CARTESIAN_POINT ( 'NONE',  ( 9.427569999999999339, 61.41680999999999813, 3.000000000000000000 ) ) ;
#3719 = ORIENTED_EDGE ( 'NONE', *, *, #3339, .T. ) ;
#3720 = EDGE_LOOP ( 'NONE', ( #1881, #932, #1705, #3338 ) ) ;
#3721 = LINE ( 'NONE', #601, #421 ) ;
#3722 = CARTESIAN_POINT ( 'NONE',  ( 8.886401450483756292, 51.24541088092107799, 0.000000000000000000 ) ) ;
#3723 = EDGE_CURVE ( 'NONE', #670, #4890, #2500, .T. ) ;
#3724 = CARTESIAN_POINT ( 'NONE',  ( 19.65449232759892340, 45.66411030372893975, 3.000000000000000000 ) ) ;
#3725 = DIRECTION ( 'NONE',  ( -0.9844392920669329250, -0.1757250131163916318, 0.000000000000000000 ) ) ;
#3726 = ORIENTED_EDGE ( 'NONE', *, *, #5471, .T. ) ;
#3727 = EDGE_CURVE ( 'NONE', #3399, #2469, #3612, .T. ) ;
#3728 = CARTESIAN_POINT ( 'NONE',  ( 16.67915999999999954, 68.84505000000000052, 3.000000000000000000 ) ) ;
#3729 = DIRECTION ( 'NONE',  ( -0.9152196895889140871, 0.4029552329834816260, 0.000000000000000000 ) ) ;
#3730 = EDGE_CURVE ( 'NONE', #1732, #6566, #3130, .T. ) ;
#3731 = CARTESIAN_POINT ( 'NONE',  ( 10.83693000000000062, 84.14285999999999888, 3.000000000000000000 ) ) ;
#3732 = ORIENTED_EDGE ( 'NONE', *, *, #2913, .T. ) ;
#3733 = ORIENTED_EDGE ( 'NONE', *, *, #3945, .T. ) ;
#3734 = EDGE_CURVE ( 'NONE', #2431, #1441, #7012, .T. ) ;
#3735 = DIRECTION ( 'NONE',  ( -0.9792310018856308362, 0.2027477372156434032, 0.000000000000000000 ) ) ;
#3736 = ORIENTED_EDGE ( 'NONE', *, *, #4158, .F. ) ;
#3737 = VECTOR ( 'NONE', #2082, 1000.000000000000114 ) ;
#3738 = ORIENTED_EDGE ( 'NONE', *, *, #2959, .F. ) ;
#3739 = ORIENTED_EDGE ( 'NONE', *, *, #1183, .F. ) ;
#3740 = EDGE_CURVE ( 'NONE', #7177, #5766, #4744, .T. ) ;
#3741 = LINE ( 'NONE', #2145, #4968 ) ;
#3742 = VECTOR ( 'NONE', #267, 1000.000000000000114 ) ;
#3743 = EDGE_LOOP ( 'NONE', ( #907, #4718, #2231, #6104 ) ) ;
#3744 = CARTESIAN_POINT ( 'NONE',  ( 0.2999999999999999889, 89.63273999999999830, 3.000000000000000000 ) ) ;
#3745 = LINE ( 'NONE', #1633, #2589 ) ;
#3746 = LINE ( 'NONE', #4215, #3976 ) ;
#3747 = LINE ( 'NONE', #2518, #700 ) ;
#3748 = PLANE ( 'NONE',  #6225 ) ;
#3749 = PERSON_AND_ORGANIZATION_ROLE ( 'design_supplier' ) ;
#3750 = CARTESIAN_POINT ( 'NONE',  ( 0.2999999999999999889, 77.79013000000000488, 3.000000000000000000 ) ) ;
#3751 = ORIENTED_EDGE ( 'NONE', *, *, #6806, .F. ) ;
#3752 = ORIENTED_EDGE ( 'NONE', *, *, #3114, .F. ) ;
#3753 = CARTESIAN_POINT ( 'NONE',  ( 13.93520145048375625, 33.13658088092108045, 3.000000000000000000 ) ) ;
#3754 = CIRCLE ( 'NONE', #2019, 1.649999999999998579 ) ;
#3755 = LINE ( 'NONE', #442, #971 ) ;
#3756 = CARTESIAN_POINT ( 'NONE',  ( 7.861087523289107537, 54.27887061591118822, 3.000000000000000000 ) ) ;
#3757 = PLANE ( 'NONE',  #6204 ) ;
#3758 = CARTESIAN_POINT ( 'NONE',  ( 12.42373145048375704, 38.27000088092108143, 3.000000000000000000 ) ) ;
#3759 = VECTOR ( 'NONE', #2069, 1000.000000000000114 ) ;
#3760 = EDGE_LOOP ( 'NONE', ( #188, #259, #1641, #5024 ) ) ;
#3761 = EDGE_CURVE ( 'NONE', #4108, #5791, #2595, .T. ) ;
#3762 = CARTESIAN_POINT ( 'NONE',  ( 1.399999999999999911, 64.02886999999999773, 3.000000000000000000 ) ) ;
#3763 = VECTOR ( 'NONE', #4749, 1000.000000000000000 ) ;
#3764 = AXIS2_PLACEMENT_3D ( 'NONE', #550, #2781, #2166 ) ;
#3765 = B_SPLINE_CURVE_WITH_KNOTS ( 'NONE', 3,
 ( #6775, #5599, #4467, #605, #2836, #5053, #61, #3316, #1742, #6180, #2866, #3418, #1193, #5634, #5534, #3986, #6218, #5666, #1269, #3486 ),
 .UNSPECIFIED., .F., .F.,
 ( 4, 2, 2, 2, 2, 2, 2, 2, 2, 4 ),
 ( 0.000000000000000000, 0.03125000000000090206, 0.06250000000000180411, 0.1250000000000015543, 0.1875000000000013045, 0.2500000000000010547, 0.3125000000000007772, 0.3750000000000005551, 0.4375000000000002776, 0.5000000000000000000 ),
 .UNSPECIFIED. ) ;
#3766 = CARTESIAN_POINT ( 'NONE',  ( 13.86108536689600079, 32.27887001539321687, 0.000000000000000000 ) ) ;
#3767 = EDGE_LOOP ( 'NONE', ( #3515, #44, #4057, #138 ) ) ;
#3768 = EDGE_LOOP ( 'NONE', ( #3475, #5269, #3936, #5720 ) ) ;
#3769 = EDGE_CURVE ( 'NONE', #4796, #1390, #2012, .T. ) ;
#3770 = ORIENTED_EDGE ( 'NONE', *, *, #4119, .F. ) ;
#3771 = VECTOR ( 'NONE', #1083, 1000.000000000000114 ) ;
#3772 = PLANE ( 'NONE',  #1225 ) ;
#3773 = VECTOR ( 'NONE', #6175, 999.9999999999998863 ) ;
#3774 = EDGE_CURVE ( 'NONE', #2330, #3402, #2519, .T. ) ;
#3775 = ORIENTED_EDGE ( 'NONE', *, *, #5891, .F. ) ;
#3776 = EDGE_CURVE ( 'NONE', #6374, #1888, #4818, .T. ) ;
#3777 = ADVANCED_FACE ( 'NONE', ( #1467 ), #4182, .F. ) ;
#3778 = VERTEX_POINT ( 'NONE', #2987 ) ;
#3779 = DIRECTION ( 'NONE',  ( -0.9761325270423397704, -0.2171757114640949227, 0.000000000000000000 ) ) ;
#3780 = ORIENTED_EDGE ( 'NONE', *, *, #3113, .F. ) ;
#3781 = DIRECTION ( 'NONE',  ( -0.000000000000000000, -0.000000000000000000, -1.000000000000000000 ) ) ;
#3782 = CARTESIAN_POINT ( 'NONE',  ( 8.204110000000000014, 56.97288999999999959, 3.000000000000000000 ) ) ;
#3783 = DIRECTION ( 'NONE',  ( 0.6639920876360008162, 0.7477395987620191198, 0.000000000000000000 ) ) ;
#3784 = CARTESIAN_POINT ( 'NONE',  ( 0.2999999999999999889, 72.76761000000000479, 3.000000000000000000 ) ) ;
#3785 = AXIS2_PLACEMENT_3D ( 'NONE', #4984, #4886, #7117 ) ;
#3786 = EDGE_CURVE ( 'NONE', #2771, #6109, #3574, .T. ) ;
#3787 = CARTESIAN_POINT ( 'NONE',  ( 8.952289999999999637, 87.68605999999999767, 3.000000000000000000 ) ) ;
#3788 = APPROVAL_ROLE ( '' ) ;
#3789 = DIRECTION ( 'NONE',  ( -0.000000000000000000, -0.000000000000000000, -1.000000000000000000 ) ) ;
#3790 = DIRECTION ( 'NONE',  ( 0.9628396573099007316, 0.2700736831150956085, -0.000000000000000000 ) ) ;
#3791 = VERTEX_POINT ( 'NONE', #3057 ) ;
#3792 = ORIENTED_EDGE ( 'NONE', *, *, #1227, .T. ) ;
#3793 = LINE ( 'NONE', #2058, #2645 ) ;
#3794 = VECTOR ( 'NONE', #5305, 1000.000000000000000 ) ;
#3795 = CARTESIAN_POINT ( 'NONE',  ( 8.192389999999999617, 65.84913000000000238, 3.000000000000000000 ) ) ;
#3796 = CARTESIAN_POINT ( 'NONE',  ( 0.2999999999999999889, 85.29013000000000488, 3.000000000000000000 ) ) ;
#3797 = CARTESIAN_POINT ( 'NONE',  ( 20.45875717860150544, 32.70592450736764079, -0.000000000000000000 ) ) ;
#3798 = VECTOR ( 'NONE', #5888, 1000.000000000000000 ) ;
#3799 = ORIENTED_EDGE ( 'NONE', *, *, #169, .T. ) ;
#3800 = CARTESIAN_POINT ( 'NONE',  ( 1.399999999999999911, 74.02886999999999773, 0.000000000000000000 ) ) ;
#3801 = CARTESIAN_POINT ( 'NONE',  ( 0.7611499999999999932, 89.99428000000000338, 3.000000000000000000 ) ) ;
#3802 = APPROVAL_PERSON_ORGANIZATION ( #4362, #3904, #3788 ) ;
#3803 = ORIENTED_EDGE ( 'NONE', *, *, #2224, .T. ) ;
#3804 = VERTEX_POINT ( 'NONE', #6493 ) ;
#3805 = ADVANCED_FACE ( 'NONE', ( #6456 ), #3022, .F. ) ;
#3806 = DIRECTION ( 'NONE',  ( -0.000000000000000000, -0.000000000000000000, -1.000000000000000000 ) ) ;
#3807 = VERTEX_POINT ( 'NONE', #5245 ) ;
#3808 = ORIENTED_EDGE ( 'NONE', *, *, #7116, .F. ) ;
#3809 = ORIENTED_EDGE ( 'NONE', *, *, #6638, .F. ) ;
#3810 = CARTESIAN_POINT ( 'NONE',  ( 14.82530999999999999, 73.72311000000000547, 3.000000000000000000 ) ) ;
#3811 = LINE ( 'NONE', #1118, #4621 ) ;
#3812 = EDGE_CURVE ( 'NONE', #1783, #6303, #2438, .T. ) ;
#3813 = ORIENTED_EDGE ( 'NONE', *, *, #2795, .F. ) ;
#3814 = DIRECTION ( 'NONE',  ( 0.7869746194898609160, 0.6169853712032310478, 0.000000000000000000 ) ) ;
#3816 = ADVANCED_FACE ( 'NONE', ( #4142 ), #6380, .F. ) ;
#3815 = LINE ( 'NONE', #6039, #6961 ) ;
#3817 = DIRECTION ( 'NONE',  ( 0.7477395987620154560, -0.6639920876360051460, 0.000000000000000000 ) ) ;
#3818 = EDGE_CURVE ( 'NONE', #2787, #7018, #6977, .T. ) ;
#3819 = DIRECTION ( 'NONE',  ( -0.000000000000000000, -0.000000000000000000, -1.000000000000000000 ) ) ;
#3820 = CARTESIAN_POINT ( 'NONE',  ( 10.99181145048375541, 43.22319088092108075, 0.000000000000000000 ) ) ;
#3821 = DATE_AND_TIME ( #915, #898 ) ;
#3822 = LINE ( 'NONE', #5459, #4726 ) ;
#3823 = PLANE ( 'NONE',  #6474 ) ;
#3824 = ORIENTED_EDGE ( 'NONE', *, *, #3277, .F. ) ;
#3825 = ORIENTED_EDGE ( 'NONE', *, *, #4664, .F. ) ;
#3826 = EDGE_CURVE ( 'NONE', #3524, #3377, #3648, .T. ) ;
#3827 = CARTESIAN_POINT ( 'NONE',  ( 0.2999999999999999889, 80.26761000000000479, 3.000000000000000000 ) ) ;
#3828 = DIRECTION ( 'NONE',  ( -0.2780806769799514799, 0.9605577218940940520, -0.000000000000000000 ) ) ;
#3829 = CARTESIAN_POINT ( 'NONE',  ( 9.277411450483755928, 49.59685088092108174, 0.000000000000000000 ) ) ;
#3830 = CARTESIAN_POINT ( 'NONE',  ( 17.25398264958468175, 32.71081552207528631, -0.000000000000000000 ) ) ;
#3831 = ORIENTED_EDGE ( 'NONE', *, *, #5196, .F. ) ;
#3832 = DIRECTION ( 'NONE',  ( 0.3899167100966783872, -0.9208501285157008054, 0.000000000000000000 ) ) ;
#3833 = CARTESIAN_POINT ( 'NONE',  ( 11.95203145048375681, 39.88346088092108488, 3.000000000000000000 ) ) ;
#3834 = EDGE_LOOP ( 'NONE', ( #1387, #6126, #2724, #3552 ) ) ;
#3835 = VERTEX_POINT ( 'NONE', #3686 ) ;
#3836 = DIRECTION ( 'NONE',  ( -0.2877459221542097989, 0.9577067840856215986, -0.000000000000000000 ) ) ;
#3837 = VERTEX_POINT ( 'NONE', #5327 ) ;
#3838 = ORIENTED_EDGE ( 'NONE', *, *, #1819, .F. ) ;
#3839 = ORIENTED_EDGE ( 'NONE', *, *, #2503, .F. ) ;
#3840 = EDGE_CURVE ( 'NONE', #2969, #3606, #5908, .T. ) ;
#3841 = VERTEX_POINT ( 'NONE', #199 ) ;
#3842 = CARTESIAN_POINT ( 'NONE',  ( 13.24835000000000029, 77.94482999999999606, 3.000000000000000000 ) ) ;
#3843 = DIRECTION ( 'NONE',  ( -0.000000000000000000, -0.000000000000000000, -1.000000000000000000 ) ) ;
#3844 = DIRECTION ( 'NONE',  ( 0.2606186848905445719, -0.9654418165202515167, -0.000000000000000000 ) ) ;
#3845 = VECTOR ( 'NONE', #535, 1000.000000000000000 ) ;
#3846 = DIRECTION ( 'NONE',  ( -0.3948245942539114206, -0.9187565182202704905, -0.000000000000000000 ) ) ;
#3847 = CARTESIAN_POINT ( 'NONE',  ( 9.070800000000000196, 63.12331999999999965, 3.000000000000000000 ) ) ;
#3848 = PERSON_AND_ORGANIZATION ( #5259, #2945 ) ;
#3849 = DIRECTION ( 'NONE',  ( -0.2328662537798308618, 0.9725087700635647314, 0.000000000000000000 ) ) ;
#3850 = B_SPLINE_CURVE_WITH_KNOTS ( 'NONE', 3,
 ( #1707, #1261, #2892, #1220, #4459, #123, #11, #3884, #6110, #3443, #5659, #3341, #6143, #667, #6172, #1150, #594, #5045 ),
 .UNSPECIFIED., .F., .F.,
 ( 4, 2, 2, 2, 2, 2, 2, 2, 4 ),
 ( 0.5000000000000000000, 0.5624999999999988898, 0.6249999999999977796, 0.6874999999999982236, 0.7499999999999985567, 0.8124999999999988898, 0.8749999999999993339, 0.9374999999999995559, 1.000000000000000000 ),
 .UNSPECIFIED. ) ;
#3851 = ORIENTED_EDGE ( 'NONE', *, *, #6306, .T. ) ;
#3852 = VECTOR ( 'NONE', #6671, 1000.000000000000000 ) ;
#3853 = VECTOR ( 'NONE', #4393, 1000.000000000000000 ) ;
#3854 = EDGE_CURVE ( 'NONE', #3219, #6319, #3963, .T. ) ;
#3855 = ORIENTED_EDGE ( 'NONE', *, *, #5543, .T. ) ;
#3856 = DIRECTION ( 'NONE',  ( 0.9242786086440988313, -0.3817185528670682948, 0.000000000000000000 ) ) ;
#3857 = DIRECTION ( 'NONE',  ( 0.3529492995695709956, -0.9356424487662737821, 0.000000000000000000 ) ) ;
#3858 = DIRECTION ( 'NONE',  ( 0.8160937670242691677, -0.5779195129290392030, 0.000000000000000000 ) ) ;
#3859 = CARTESIAN_POINT ( 'NONE',  ( 13.93520145048375625, 33.13658088092108045, 3.000000000000000000 ) ) ;
#3860 = EDGE_CURVE ( 'NONE', #1065, #6517, #2336, .T. ) ;
#3861 = DIRECTION ( 'NONE',  ( -0.1289829342355166553, -0.9916468134754411468, -0.000000000000000000 ) ) ;
#3862 = ORIENTED_EDGE ( 'NONE', *, *, #465, .F. ) ;
#3863 = EDGE_CURVE ( 'NONE', #2619, #5321, #1877, .T. ) ;
#3864 = VECTOR ( 'NONE', #4238, 1000.000000000000000 ) ;
#3865 = ADVANCED_FACE ( 'NONE', ( #4083 ), #1337, .F. ) ;
#3866 = DIRECTION ( 'NONE',  ( 0.5089788386476213899, -0.8607790319291698244, 0.000000000000000000 ) ) ;
#3867 = LINE ( 'NONE', #1070, #5614 ) ;
#3868 = VECTOR ( 'NONE', #4940, 1000.000000000000114 ) ;
#3869 = ADVANCED_FACE ( 'NONE', ( #696 ), #6320, .F. ) ;
#3870 = ORIENTED_EDGE ( 'NONE', *, *, #2451, .T. ) ;
#3871 = AXIS2_PLACEMENT_3D ( 'NONE', #1236, #65, #3894 ) ;
#3872 = AXIS2_PLACEMENT_3D ( 'NONE', #4102, #4776, #4026 ) ;
#3873 = ORIENTED_EDGE ( 'NONE', *, *, #3227, .F. ) ;
#3874 = LOCAL_TIME ( 23, 22, 22.00000000000000000, #946 ) ;
#3875 = PLANE ( 'NONE',  #3054 ) ;
#3876 = VECTOR ( 'NONE', #6307, 1000.000000000000000 ) ;
#3877 = VERTEX_POINT ( 'NONE', #5149 ) ;
#3878 = AXIS2_PLACEMENT_3D ( 'NONE', #4958, #6021, #4990 ) ;
#3879 = ORIENTED_EDGE ( 'NONE', *, *, #2675, .T. ) ;
#3880 = VERTEX_POINT ( 'NONE', #6872 ) ;
#3881 = PLANE ( 'NONE',  #6498 ) ;
#3882 = ORIENTED_EDGE ( 'NONE', *, *, #6275, .T. ) ;
#3883 = AXIS2_PLACEMENT_3D ( 'NONE', #1437, #954, #1909 ) ;
#3884 = CARTESIAN_POINT ( 'NONE',  ( 18.42914447792796651, 30.67176264958430565, -0.000000000000000000 ) ) ;
#3885 = CARTESIAN_POINT ( 'NONE',  ( 8.338839999999999364, 88.41728999999999417, 0.000000000000000000 ) ) ;
#3886 = DIRECTION ( 'NONE',  ( 0.2641992351690181651, -0.9644681249974546011, -0.000000000000000000 ) ) ;
#3887 = DIRECTION ( 'NONE',  ( -0.000000000000000000, -0.000000000000000000, -1.000000000000000000 ) ) ;
#3888 = ORIENTED_EDGE ( 'NONE', *, *, #4795, .T. ) ;
#3889 = AXIS2_PLACEMENT_3D ( 'NONE', #3931, #2845, #6158 ) ;
#3890 = CARTESIAN_POINT ( 'NONE',  ( 5.649799999999999933, 90.21210999999999558, 0.000000000000000000 ) ) ;
#3891 = DIRECTION ( 'NONE',  ( -0.3309831666186680565, -0.9436366585794974116, 0.000000000000000000 ) ) ;
#3892 = CARTESIAN_POINT ( 'NONE',  ( 10.07116145048375699, 46.54473088092107957, 3.000000000000000000 ) ) ;
#3893 = CARTESIAN_POINT ( 'NONE',  ( 15.43191000000000024, 72.16450000000000387, 3.000000000000000000 ) ) ;
#3895 = EDGE_CURVE ( 'NONE', #7208, #2533, #2182, .T. ) ;
#3894 = DIRECTION ( 'NONE',  ( -0.3289545622798137336, -0.9443457502182641683, 0.000000000000000000 ) ) ;
#3896 = FACE_OUTER_BOUND ( 'NONE', #3026, .T. ) ;
#3897 = CARTESIAN_POINT ( 'NONE',  ( 1.399999999999999911, 81.52886999999999773, 3.000000000000000000 ) ) ;
#3898 = ORIENTED_EDGE ( 'NONE', *, *, #6438, .F. ) ;
#3899 = AXIS2_PLACEMENT_3D ( 'NONE', #137, #804, #4662 ) ;
#3900 = LINE ( 'NONE', #1133, #6192 ) ;
#3901 = EDGE_CURVE ( 'NONE', #2613, #4596, #1210, .T. ) ;
#3902 = FACE_OUTER_BOUND ( 'NONE', #5401, .T. ) ;
#3903 = LINE ( 'NONE', #5510, #1198 ) ;
#3904 = APPROVAL ( #1569, 'UNSPECIFIED' ) ;
#3905 = VECTOR ( 'NONE', #1818, 1000.000000000000114 ) ;
#3906 = VECTOR ( 'NONE', #1611, 1000.000000000000000 ) ;
#3907 = ADVANCED_FACE ( 'NONE', ( #4554 ), #2921, .F. ) ;
#3908 = VERTEX_POINT ( 'NONE', #2418 ) ;
#3909 = EDGE_CURVE ( 'NONE', #1950, #1625, #5774, .T. ) ;
#3910 = ORIENTED_EDGE ( 'NONE', *, *, #748, .F. ) ;
#3911 = CARTESIAN_POINT ( 'NONE',  ( 0.2999999999999999889, 82.76761000000000479, 3.000000000000000000 ) ) ;
#3912 = ORIENTED_EDGE ( 'NONE', *, *, #105, .F. ) ;
#3913 = EDGE_LOOP ( 'NONE', ( #7203, #223, #6036, #4952 ) ) ;
#3914 = ORIENTED_EDGE ( 'NONE', *, *, #356, .T. ) ;
#3915 = DIRECTION ( 'NONE',  ( 0.2761864206603587557, -0.9611040843960757529, -0.000000000000000000 ) ) ;
#3916 = CARTESIAN_POINT ( 'NONE',  ( 10.08043145048375600, 46.51039088092107932, 0.000000000000000000 ) ) ;
#3917 = DIRECTION ( 'NONE',  ( -0.9999459498228807641, -0.01039699152720757747, -0.000000000000000000 ) ) ;
#3918 = CARTESIAN_POINT ( 'NONE',  ( 6.799999999999999822, 63.77887000000000484, 0.000000000000000000 ) ) ;
#3919 = VERTEX_POINT ( 'NONE', #4045 ) ;
#3920 = DIRECTION ( 'NONE',  ( 0.2823046378825376235, -0.9593248101816241880, -0.000000000000000000 ) ) ;
#3921 = CARTESIAN_POINT ( 'NONE',  ( 10.27693000000000012, 85.38866000000000156, 0.000000000000000000 ) ) ;
#3922 = DIRECTION ( 'NONE',  ( 0.01039699152720757573, -0.9999459498228807641, 0.000000000000000000 ) ) ;
#3923 = CARTESIAN_POINT ( 'NONE',  ( 12.87826145048375537, 36.72531088092107865, 3.000000000000000000 ) ) ;
#3924 = CARTESIAN_POINT ( 'NONE',  ( 18.36489232759891976, 50.37956030372893679, 3.000000000000000000 ) ) ;
#3925 = DIRECTION ( 'NONE',  ( -0.4487822437807892362, 0.8936411459120938705, -0.000000000000000000 ) ) ;
#3926 = DIRECTION ( 'NONE',  ( -1.000000000000000000, 0.000000000000000000, 0.000000000000000000 ) ) ;
#3927 = ORIENTED_EDGE ( 'NONE', *, *, #5546, .T. ) ;
#3928 = DIRECTION ( 'NONE',  ( -1.000000000000000000, 0.000000000000000000, 0.000000000000000000 ) ) ;
#3929 = EDGE_CURVE ( 'NONE', #1986, #5177, #6927, .T. ) ;
#3930 = ORIENTED_EDGE ( 'NONE', *, *, #532, .T. ) ;
#3931 = CARTESIAN_POINT ( 'NONE',  ( 16.66123999999999938, 68.89531999999999812, 3.000000000000000000 ) ) ;
#3932 = PLANE ( 'NONE',  #3298 ) ;
#3933 = EDGE_CURVE ( 'NONE', #6303, #5800, #3307, .T. ) ;
#3934 = ORIENTED_EDGE ( 'NONE', *, *, #3147, .T. ) ;
#3935 = ADVANCED_FACE ( 'NONE', ( #5194 ), #4395, .F. ) ;
#3936 = ORIENTED_EDGE ( 'NONE', *, *, #5153, .F. ) ;
#3937 = CARTESIAN_POINT ( 'NONE',  ( 8.447359999999999758, 65.11999000000000137, 3.000000000000000000 ) ) ;
#3938 = ORIENTED_EDGE ( 'NONE', *, *, #3985, .F. ) ;
#3939 = EDGE_LOOP ( 'NONE', ( #2497, #4261, #4015, #3651 ) ) ;
#3940 = EDGE_CURVE ( 'NONE', #3555, #7035, #2376, .T. ) ;
#3941 = VERTEX_POINT ( 'NONE', #5109 ) ;
#3942 = LINE ( 'NONE', #5624, #1624 ) ;
#3943 = DIRECTION ( 'NONE',  ( 0.7477395987620191198, 0.6639920876360008162, -0.000000000000000000 ) ) ;
#3944 = LINE ( 'NONE', #3411, #414 ) ;
#3945 = EDGE_CURVE ( 'NONE', #2067, #1879, #4603, .T. ) ;
#3946 = ORIENTED_EDGE ( 'NONE', *, *, #1434, .T. ) ;
#3947 = CARTESIAN_POINT ( 'NONE',  ( 0.2999999999999999889, 72.79013000000000488, 3.000000000000000000 ) ) ;
#3948 = CARTESIAN_POINT ( 'NONE',  ( 7.585289999999999644, 89.11507000000000289, 0.000000000000000000 ) ) ;
#3949 = CARTESIAN_POINT ( 'NONE',  ( 12.71250999999999998, 79.38975000000000648, 3.000000000000000000 ) ) ;
#3950 = CARTESIAN_POINT ( 'NONE',  ( 0.2999999999999999889, 77.76761000000000479, 0.000000000000000000 ) ) ;
#3951 = CARTESIAN_POINT ( 'NONE',  ( 11.21101801742054782, 54.06292226996853145, 0.000000000000000000 ) ) ;
#3952 = VECTOR ( 'NONE', #4196, 1000.000000000000114 ) ;
#3953 = CARTESIAN_POINT ( 'NONE',  ( 9.277411450483755928, 49.59685088092108174, 3.000000000000000000 ) ) ;
#3954 = ORIENTED_EDGE ( 'NONE', *, *, #162, .F. ) ;
#3955 = DIRECTION ( 'NONE',  ( -0.9594894561798980037, -0.2817445358469327643, 0.000000000000000000 ) ) ;
#3956 = FACE_OUTER_BOUND ( 'NONE', #4738, .T. ) ;
#3957 = DIRECTION ( 'NONE',  ( 0.2515257587811454143, -0.9678506045199171126, -0.000000000000000000 ) ) ;
#3958 = CARTESIAN_POINT ( 'NONE',  ( 1.399999999999999911, 81.52886999999999773, 0.000000000000000000 ) ) ;
#3959 = VERTEX_POINT ( 'NONE', #6835 ) ;
#3960 = CARTESIAN_POINT ( 'NONE',  ( 9.262261450483755709, 49.65821088092107516, 0.000000000000000000 ) ) ;
#3961 = VECTOR ( 'NONE', #6202, 1000.000000000000000 ) ;
#3962 = ORIENTED_EDGE ( 'NONE', *, *, #3860, .T. ) ;
#3963 = LINE ( 'NONE', #658, #3537 ) ;
#3964 = DIRECTION ( 'NONE',  ( 0.7477395987620191198, 0.6639920876360008162, -0.000000000000000000 ) ) ;
#3965 = EDGE_CURVE ( 'NONE', #3880, #6435, #1634, .T. ) ;
#3966 = ORIENTED_EDGE ( 'NONE', *, *, #798, .F. ) ;
#3967 = VERTEX_POINT ( 'NONE', #534 ) ;
#3968 = VECTOR ( 'NONE', #5144, 1000.000000000000000 ) ;
#3969 = EDGE_LOOP ( 'NONE', ( #456, #3831, #1876, #5377 ) ) ;
#3970 = EDGE_LOOP ( 'NONE', ( #6207, #2460, #1043, #7176 ) ) ;
#3971 = CARTESIAN_POINT ( 'NONE',  ( 1.399999999999999911, 86.52886999999999773, 0.000000000000000000 ) ) ;
#3972 = ORIENTED_EDGE ( 'NONE', *, *, #1819, .T. ) ;
#3973 = DIRECTION ( 'NONE',  ( -0.000000000000000000, -0.000000000000000000, -1.000000000000000000 ) ) ;
#3974 = VECTOR ( 'NONE', #4745, 1000.000000000000341 ) ;
#3975 = EDGE_CURVE ( 'NONE', #4329, #4310, #2304, .T. ) ;
#3976 = VECTOR ( 'NONE', #1603, 1000.000000000000000 ) ;
#3977 = EDGE_CURVE ( 'NONE', #5618, #6535, #1921, .T. ) ;
#3978 = PLANE ( 'NONE',  #5190 ) ;
#3979 = ADVANCED_FACE ( 'NONE', ( #6916 ), #3932, .F. ) ;
#3980 = PLANE ( 'NONE',  #755 ) ;
#3981 = VERTEX_POINT ( 'NONE', #1167 ) ;
#3982 = VERTEX_POINT ( 'NONE', #6721 ) ;
#3983 = VECTOR ( 'NONE', #2804, 1000.000000000000114 ) ;
#3984 = LINE ( 'NONE', #3947, #6585 ) ;
#3985 = EDGE_CURVE ( 'NONE', #806, #4177, #1724, .T. ) ;
#3986 = CARTESIAN_POINT ( 'NONE',  ( 11.54161480738294721, 55.29294898403744440, -0.000000000000000000 ) ) ;
#3987 = DIRECTION ( 'NONE',  ( 0.2641978453979445529, -0.9644685056999444672, 0.000000000000000000 ) ) ;
#3988 = DIRECTION ( 'NONE',  ( 0.000000000000000000, 0.000000000000000000, -1.000000000000000000 ) ) ;
#3989 = CARTESIAN_POINT ( 'NONE',  ( 12.42914447793143928, 52.67176264958353471, -0.000000000000000000 ) ) ;
#3990 = LINE ( 'NONE', #2871, #1039 ) ;
#3991 = ORIENTED_EDGE ( 'NONE', *, *, #532, .F. ) ;
#3992 = ORIENTED_EDGE ( 'NONE', *, *, #2178, .F. ) ;
#3993 = VECTOR ( 'NONE', #502, 1000.000000000000000 ) ;
#3994 = DIRECTION ( 'NONE',  ( -0.3498946810519633632, 0.9367890435800072524, -0.000000000000000000 ) ) ;
#3995 = LINE ( 'NONE', #6863, #6810 ) ;
#3996 = DIRECTION ( 'NONE',  ( -0.2144409529224648447, -0.9767369542050230447, -0.000000000000000000 ) ) ;
#3997 = LINE ( 'NONE', #5221, #1885 ) ;
#3998 = AXIS2_PLACEMENT_3D ( 'NONE', #6458, #2597, #1533 ) ;
#3999 = DIRECTION ( 'NONE',  ( -1.000000000000000000, 0.000000000000000000, 0.000000000000000000 ) ) ;
#4000 = ORIENTED_EDGE ( 'NONE', *, *, #4732, .F. ) ;
#4001 = ORIENTED_EDGE ( 'NONE', *, *, #2451, .F. ) ;
#4002 = CARTESIAN_POINT ( 'NONE',  ( 17.25168000000000035, 56.80989000000000289, 3.000000000000000000 ) ) ;
#4003 = CARTESIAN_POINT ( 'NONE',  ( 12.71250999999999998, 79.38975000000000648, 3.000000000000000000 ) ) ;
#4004 = VECTOR ( 'NONE', #2829, 1000.000000000000000 ) ;
#4005 = VECTOR ( 'NONE', #1048, 1000.000000000000000 ) ;
#4006 = FACE_OUTER_BOUND ( 'NONE', #5969, .T. ) ;
#4007 = ORIENTED_EDGE ( 'NONE', *, *, #5209, .T. ) ;
#4008 = DIRECTION ( 'NONE',  ( -1.000000000000000000, 0.000000000000000000, 0.000000000000000000 ) ) ;
#4009 = DIRECTION ( 'NONE',  ( -0.000000000000000000, -0.000000000000000000, -1.000000000000000000 ) ) ;
#4010 = VERTEX_POINT ( 'NONE', #2264 ) ;
#4011 = ORIENTED_EDGE ( 'NONE', *, *, #6894, .T. ) ;
#4012 = AXIS2_PLACEMENT_3D ( 'NONE', #112, #5147, #4601 ) ;
#4013 = ORIENTED_EDGE ( 'NONE', *, *, #1186, .T. ) ;
#4014 = ORIENTED_EDGE ( 'NONE', *, *, #5670, .T. ) ;
#4015 = ORIENTED_EDGE ( 'NONE', *, *, #4216, .F. ) ;
#4016 = DIRECTION ( 'NONE',  ( -0.000000000000000000, 0.000000000000000000, -1.000000000000000000 ) ) ;
#4017 = EDGE_CURVE ( 'NONE', #2832, #1336, #5714, .T. ) ;
#4018 = CARTESIAN_POINT ( 'NONE',  ( 8.186080000000000467, 56.05208999999999975, 3.000000000000000000 ) ) ;
#4019 = CARTESIAN_POINT ( 'NONE',  ( 11.36456000000000088, 82.87654000000000565, 3.000000000000000000 ) ) ;
#4020 = CARTESIAN_POINT ( 'NONE',  ( 16.35858999999999952, 69.72839999999999350, 3.000000000000000000 ) ) ;
#4021 = EDGE_CURVE ( 'NONE', #2925, #5820, #6748, .T. ) ;
#4022 = ORIENTED_EDGE ( 'NONE', *, *, #5957, .F. ) ;
#4023 = EDGE_CURVE ( 'NONE', #2188, #4156, #727, .T. ) ;
#4024 = EDGE_CURVE ( 'NONE', #486, #3791, #1831, .T. ) ;
#4025 = CARTESIAN_POINT ( 'NONE',  ( 11.89142999999999972, 81.54774000000000456, 3.000000000000000000 ) ) ;
#4026 = DIRECTION ( 'NONE',  ( 0.2502998156517928785, -0.9681683749661927907, 0.000000000000000000 ) ) ;
#4027 = DIRECTION ( 'NONE',  ( -0.7869746194898609160, -0.6169853712032310478, -0.000000000000000000 ) ) ;
#4028 = FACE_OUTER_BOUND ( 'NONE', #4809, .T. ) ;
#4029 = CARTESIAN_POINT ( 'NONE',  ( 8.756370000000000431, 87.93825999999999965, 3.000000000000000000 ) ) ;
#4030 = CARTESIAN_POINT ( 'NONE',  ( 18.42449999999999832, 61.74425999999999704, 0.000000000000000000 ) ) ;
#4031 = EDGE_LOOP ( 'NONE', ( #6459, #4431, #3072, #4519 ) ) ;
#4032 = ORIENTED_EDGE ( 'NONE', *, *, #5026, .T. ) ;
#4033 = EDGE_CURVE ( 'NONE', #6636, #5702, #5676, .T. ) ;
#4034 = PLANE ( 'NONE',  #729 ) ;
#4035 = CARTESIAN_POINT ( 'NONE',  ( 1.399999999999999911, 71.52886999999999773, 3.000000000000000000 ) ) ;
#4036 = CARTESIAN_POINT ( 'NONE',  ( 22.32376232759892432, 36.51483030372894234, 3.000000000000000000 ) ) ;
#4037 = FACE_OUTER_BOUND ( 'NONE', #863, .T. ) ;
#4038 = FACE_OUTER_BOUND ( 'NONE', #3493, .T. ) ;
#4039 = EDGE_CURVE ( 'NONE', #4897, #1214, #5065, .T. ) ;
#4040 = ORIENTED_EDGE ( 'NONE', *, *, #1910, .F. ) ;
#4041 = LINE ( 'NONE', #4677, #3287 ) ;
#4042 = LINE ( 'NONE', #2301, #92 ) ;
#4043 = DIRECTION ( 'NONE',  ( -0.3451363343858921962, 0.9385525614938513561, -0.000000000000000000 ) ) ;
#4044 = EDGE_LOOP ( 'NONE', ( #4089, #4387, #879, #6615 ) ) ;
#4045 = CARTESIAN_POINT ( 'NONE',  ( 11.63189000000000028, 82.20911999999999864, 0.000000000000000000 ) ) ;
#4046 = CARTESIAN_POINT ( 'NONE',  ( 18.39827000000000012, 62.18231999999999715, 3.000000000000000000 ) ) ;
#4047 = VERTEX_POINT ( 'NONE', #4480 ) ;
#4048 = EDGE_LOOP ( 'NONE', ( #1663, #1326, #5736, #997 ) ) ;
#4049 = ORIENTED_EDGE ( 'NONE', *, *, #3734, .T. ) ;
#4050 = ORIENTED_EDGE ( 'NONE', *, *, #972, .T. ) ;
#4051 = DIRECTION ( 'NONE',  ( -0.3412450544907666417, 0.9399743681535117634, -0.000000000000000000 ) ) ;
#4052 = LINE ( 'NONE', #5200, #3098 ) ;
#4053 = CARTESIAN_POINT ( 'NONE',  ( 12.71250999999999998, 79.38975000000000648, 0.000000000000000000 ) ) ;
#4054 = DIRECTION ( 'NONE',  ( -0.1757250131163916040, 0.9844392920669328140, -0.000000000000000000 ) ) ;
#4055 = EDGE_CURVE ( 'NONE', #3097, #1550, #153, .T. ) ;
#4056 = EDGE_LOOP ( 'NONE', ( #3283, #4720, #5959, #3216 ) ) ;
#4057 = ORIENTED_EDGE ( 'NONE', *, *, #6955, .F. ) ;
#4058 = CARTESIAN_POINT ( 'NONE',  ( 17.50576999999999828, 57.42034999999999911, 3.000000000000000000 ) ) ;
#4059 = DIRECTION ( 'NONE',  ( -0.2746205594197405619, 0.9615526758030413790, -0.000000000000000000 ) ) ;
#4060 = LINE ( 'NONE', #4699, #6788 ) ;
#4061 = CARTESIAN_POINT ( 'NONE',  ( 11.90103000000000044, 81.52304999999999779, 3.000000000000000000 ) ) ;
#4062 = CARTESIAN_POINT ( 'NONE',  ( 8.192389999999999617, 65.84913000000000238, 0.000000000000000000 ) ) ;
#4063 = DIRECTION ( 'NONE',  ( 0.7477395987620191198, 0.6639920876360008162, -0.000000000000000000 ) ) ;
#4064 = EDGE_CURVE ( 'NONE', #2170, #7105, #4996, .T. ) ;
#4065 = CARTESIAN_POINT ( 'NONE',  ( 2.376240000000000130, 90.68304000000000542, 3.000000000000000000 ) ) ;
#4066 = EDGE_LOOP ( 'NONE', ( #5876, #6965, #4490, #1883 ) ) ;
#4067 = ORIENTED_EDGE ( 'NONE', *, *, #2176, .F. ) ;
#4068 = CARTESIAN_POINT ( 'NONE',  ( 17.52420000000000044, 66.29084000000000287, 0.000000000000000000 ) ) ;
#4069 = LINE ( 'NONE', #2327, #2266 ) ;
#4070 = CARTESIAN_POINT ( 'NONE',  ( 11.47608145048375583, 41.52750088092108172, 0.000000000000000000 ) ) ;
#4071 = LINE ( 'NONE', #1279, #4678 ) ;
#4072 = ADVANCED_FACE ( 'NONE', ( #580 ), #1136, .F. ) ;
#4073 = VECTOR ( 'NONE', #3129, 1000.000000000000227 ) ;
#4074 = EDGE_CURVE ( 'NONE', #1170, #4596, #2296, .T. ) ;
#4075 = DIRECTION ( 'NONE',  ( -0.000000000000000000, -1.000000000000000000, -0.000000000000000000 ) ) ;
#4076 = EDGE_CURVE ( 'NONE', #6485, #3042, #7237, .T. ) ;
#4077 = ORIENTED_EDGE ( 'NONE', *, *, #5765, .F. ) ;
#4078 = CARTESIAN_POINT ( 'NONE',  ( 17.73826999999999998, 57.95756000000000085, 3.000000000000000000 ) ) ;
#4079 = VECTOR ( 'NONE', #253, 1000.000000000000114 ) ;
#4080 = CARTESIAN_POINT ( 'NONE',  ( 0.2999999999999999889, 80.29013000000000488, 0.000000000000000000 ) ) ;
#4081 = DIRECTION ( 'NONE',  ( -0.9388938427435025158, -0.3442068448743271780, 0.000000000000000000 ) ) ;
#4082 = ORIENTED_EDGE ( 'NONE', *, *, #4305, .T. ) ;
#4083 = FACE_OUTER_BOUND ( 'NONE', #1995, .T. ) ;
#4084 = EDGE_CURVE ( 'NONE', #2341, #6727, #3428, .T. ) ;
#4085 = VECTOR ( 'NONE', #6509, 1000.000000000000114 ) ;
#4086 = DIRECTION ( 'NONE',  ( -0.3687689603511474790, 0.9295210884544438112, -0.000000000000000000 ) ) ;
#4087 = ORIENTED_EDGE ( 'NONE', *, *, #3465, .F. ) ;
#4088 = VERTEX_POINT ( 'NONE', #650 ) ;
#4089 = ORIENTED_EDGE ( 'NONE', *, *, #5836, .T. ) ;
#4090 = AXIS2_PLACEMENT_3D ( 'NONE', #2025, #4716, #6949 ) ;
#4091 = CARTESIAN_POINT ( 'NONE',  ( 6.799999999999999822, 69.52917999999999665, 3.000000000000000000 ) ) ;
#4092 = VECTOR ( 'NONE', #457, 1000.000000000000000 ) ;
#4093 = DIRECTION ( 'NONE',  ( -0.000000000000000000, -0.000000000000000000, -1.000000000000000000 ) ) ;
#4094 = ORIENTED_EDGE ( 'NONE', *, *, #1642, .T. ) ;
#4095 = VERTEX_POINT ( 'NONE', #5029 ) ;
#4096 = VERTEX_POINT ( 'NONE', #2875 ) ;
#4097 = DIRECTION ( 'NONE',  ( 0.4610876669456993593, -0.8873545871806669538, 0.000000000000000000 ) ) ;
#4098 = VECTOR ( 'NONE', #6711, 1000.000000000000114 ) ;
#4099 = EDGE_LOOP ( 'NONE', ( #1057, #420, #1249, #1762 ) ) ;
#4100 = VECTOR ( 'NONE', #6491, 1000.000000000000000 ) ;
#4101 = DIRECTION ( 'NONE',  ( -0.9646264390934743416, -0.2636206232483410128, 0.000000000000000000 ) ) ;
#4102 = CARTESIAN_POINT ( 'NONE',  ( 17.76875000000000071, 65.43619999999999948, 3.000000000000000000 ) ) ;
#4103 = DIRECTION ( 'NONE',  ( 0.3300863001509135031, -0.9439507584893828129, -0.000000000000000000 ) ) ;
#4104 = DIRECTION ( 'NONE',  ( 0.2806173895385633554, -0.9598197125963615628, 0.000000000000000000 ) ) ;
#4105 = CARTESIAN_POINT ( 'NONE',  ( 17.52420000000000044, 66.29084000000000287, 3.000000000000000000 ) ) ;
#4106 = VECTOR ( 'NONE', #6630, 1000.000000000000000 ) ;
#4107 = CARTESIAN_POINT ( 'NONE',  ( 8.681279999999999220, 64.41770999999999958, 0.000000000000000000 ) ) ;
#4108 = VERTEX_POINT ( 'NONE', #1692 ) ;
#4109 = VECTOR ( 'NONE', #573, 1000.000000000000114 ) ;
#4110 = VERTEX_POINT ( 'NONE', #36 ) ;
#4111 = LINE ( 'NONE', #1366, #2239 ) ;
#4112 = CARTESIAN_POINT ( 'NONE',  ( 0.2999999999999999889, 89.63273999999999830, 3.000000000000000000 ) ) ;
#4113 = ADVANCED_FACE ( 'NONE', ( #3902 ), #104, .F. ) ;
#4114 = DIRECTION ( 'NONE',  ( -0.3960299235451150146, 0.9182376052290879276, -0.000000000000000000 ) ) ;
#4115 = AXIS2_PLACEMENT_3D ( 'NONE', #2427, #4615, #6845 ) ;
#4116 = CARTESIAN_POINT ( 'NONE',  ( 9.131180000000000518, 60.73919000000000068, 3.000000000000000000 ) ) ;
#4117 = CARTESIAN_POINT ( 'NONE',  ( 9.080659999999999954, 60.62163000000000324, 0.000000000000000000 ) ) ;
#4118 = VERTEX_POINT ( 'NONE', #6232 ) ;
#4119 = EDGE_CURVE ( 'NONE', #5115, #1960, #4591, .T. ) ;
#4120 = DIRECTION ( 'NONE',  ( -0.000000000000000000, -0.000000000000000000, -1.000000000000000000 ) ) ;
#4121 = DIRECTION ( 'NONE',  ( -0.5290202846542534365, 0.8486091788475614850, -0.000000000000000000 ) ) ;
#4122 = CC_DESIGN_PERSON_AND_ORGANIZATION_ASSIGNMENT ( #4291, #7192, ( #6684 ) ) ;
#4123 = CARTESIAN_POINT ( 'NONE',  ( 9.404189999999999827, 61.63889999999999958, 0.000000000000000000 ) ) ;
#4124 = EDGE_CURVE ( 'NONE', #556, #5434, #4228, .T. ) ;
#4125 = ORIENTED_EDGE ( 'NONE', *, *, #4441, .F. ) ;
#4126 = VECTOR ( 'NONE', #1263, 1000.000000000000000 ) ;
#4127 = CARTESIAN_POINT ( 'NONE',  ( 9.139319999999999666, 87.42681000000000324, 0.000000000000000000 ) ) ;
#4128 = ORIENTED_EDGE ( 'NONE', *, *, #7090, .T. ) ;
#4129 = ORIENTED_EDGE ( 'NONE', *, *, #3288, .F. ) ;
#4130 = EDGE_CURVE ( 'NONE', #2791, #2303, #6864, .T. ) ;
#4131 = ORIENTED_EDGE ( 'NONE', *, *, #3374, .T. ) ;
#4132 = CARTESIAN_POINT ( 'NONE',  ( 7.861087523289107537, 54.27887061591118822, 0.000000000000000000 ) ) ;
#4133 = CARTESIAN_POINT ( 'NONE',  ( 2.959000000000000075, 90.76592999999999734, 3.000000000000000000 ) ) ;
#4134 = VECTOR ( 'NONE', #6005, 1000.000000000000000 ) ;
#4135 = DIRECTION ( 'NONE',  ( -0.8312686742488015756, -0.5558708404050709539, 0.000000000000000000 ) ) ;
#4136 = VERTEX_POINT ( 'NONE', #2954 ) ;
#4137 = VERTEX_POINT ( 'NONE', #1436 ) ;
#4138 = ORIENTED_EDGE ( 'NONE', *, *, #1056, .T. ) ;
#4139 = DIRECTION ( 'NONE',  ( -0.2700763468701716241, 0.9628389101304862807, -0.000000000000000000 ) ) ;
#4140 = LINE ( 'NONE', #2436, #2611 ) ;
#4141 = DIRECTION ( 'NONE',  ( -0.2502998156517928785, 0.9681683749661927907, -0.000000000000000000 ) ) ;
#4142 = FACE_OUTER_BOUND ( 'NONE', #6507, .T. ) ;
#4143 = CARTESIAN_POINT ( 'NONE',  ( 18.76534232759892262, 48.87102030372894035, 3.000000000000000000 ) ) ;
#4144 = FACE_OUTER_BOUND ( 'NONE', #2361, .T. ) ;
#4145 = LINE ( 'NONE', #1825, #7174 ) ;
#4146 = VERTEX_POINT ( 'NONE', #4669 ) ;
#4147 = ORIENTED_EDGE ( 'NONE', *, *, #2786, .F. ) ;
#4148 = AXIS2_PLACEMENT_3D ( 'NONE', #6885, #1889, #4097 ) ;
#4149 = LINE ( 'NONE', #2564, #6117 ) ;
#4150 = DIRECTION ( 'NONE',  ( 0.3498946810519633077, -0.9367890435800072524, 0.000000000000000000 ) ) ;
#4151 = DIRECTION ( 'NONE',  ( -0.000000000000000000, -0.000000000000000000, -1.000000000000000000 ) ) ;
#4152 = CARTESIAN_POINT ( 'NONE',  ( 4.702079999999999593, 90.55486999999999398, 3.000000000000000000 ) ) ;
#4153 = CARTESIAN_POINT ( 'NONE',  ( 17.52420000000000044, 66.29084000000000287, 3.000000000000000000 ) ) ;
#4154 = CARTESIAN_POINT ( 'NONE',  ( 1.809279999999999999, 90.52478000000000691, 0.000000000000000000 ) ) ;
#4155 = CARTESIAN_POINT ( 'NONE',  ( 7.634750000000000369, 67.36311000000000604, 3.000000000000000000 ) ) ;
#4156 = VERTEX_POINT ( 'NONE', #6386 ) ;
#4157 = ORIENTED_EDGE ( 'NONE', *, *, #3416, .F. ) ;
#4158 = EDGE_CURVE ( 'NONE', #5571, #2272, #5037, .T. ) ;
#4159 = ORIENTED_EDGE ( 'NONE', *, *, #54, .F. ) ;
#4160 = CARTESIAN_POINT ( 'NONE',  ( 16.97557000000000116, 67.99586999999999648, 3.000000000000000000 ) ) ;
#4161 = DIRECTION ( 'NONE',  ( -0.000000000000000000, -0.000000000000000000, -1.000000000000000000 ) ) ;
#4162 = DIRECTION ( 'NONE',  ( 0.1757172618831222000, -0.9844406756510513112, -0.000000000000000000 ) ) ;
#4163 = VERTEX_POINT ( 'NONE', #4070 ) ;
#4164 = DIRECTION ( 'NONE',  ( -0.3842214136658136381, -0.9232409789868752936, 0.000000000000000000 ) ) ;
#4165 = VERTEX_POINT ( 'NONE', #3582 ) ;
#4166 = EDGE_CURVE ( 'NONE', #7177, #2431, #3065, .T. ) ;
#4167 = ORIENTED_EDGE ( 'NONE', *, *, #4827, .T. ) ;
#4168 = LINE ( 'NONE', #2578, #3329 ) ;
#4169 = ORIENTED_EDGE ( 'NONE', *, *, #6255, .T. ) ;
#4170 = LINE ( 'NONE', #3084, #57 ) ;
#4171 = AXIS2_PLACEMENT_3D ( 'NONE', #6315, #3507, #5649 ) ;
#4172 = EDGE_CURVE ( 'NONE', #556, #579, #1479, .T. ) ;
#4173 = CARTESIAN_POINT ( 'NONE',  ( 13.30276145048375369, 35.28694088092107961, 3.000000000000000000 ) ) ;
#4174 = ORIENTED_EDGE ( 'NONE', *, *, #2576, .T. ) ;
#4175 = VERTEX_POINT ( 'NONE', #6983 ) ;
#4176 = DIRECTION ( 'NONE',  ( 0.1495651599361924877, 0.9887518712666293341, -0.000000000000000000 ) ) ;
#4177 = VERTEX_POINT ( 'NONE', #1906 ) ;
#4178 = DIRECTION ( 'NONE',  ( 0.3800508707676219511, -0.9249655861861955097, 0.000000000000000000 ) ) ;
#4179 = FACE_OUTER_BOUND ( 'NONE', #1256, .T. ) ;
#4180 = FACE_OUTER_BOUND ( 'NONE', #6164, .T. ) ;
#4181 = ADVANCED_FACE ( 'NONE', ( #3658 ), #3543, .F. ) ;
#4182 = PLANE ( 'NONE',  #1205 ) ;
#4183 = CARTESIAN_POINT ( 'NONE',  ( 8.186080000000000467, 56.05208999999999975, 3.000000000000000000 ) ) ;
#4184 = DIRECTION ( 'NONE',  ( 0.2565664488957494216, -0.9665265942026761703, -0.000000000000000000 ) ) ;
#4185 = ORIENTED_EDGE ( 'NONE', *, *, #6008, .F. ) ;
#4186 = PLANE ( 'NONE',  #2826 ) ;
#4187 = CARTESIAN_POINT ( 'NONE',  ( 13.93520145048375625, 33.13658088092108045, 3.000000000000000000 ) ) ;
#4188 = CARTESIAN_POINT ( 'NONE',  ( 18.29106000000000165, 63.06965000000000288, 0.000000000000000000 ) ) ;
#4189 = FACE_OUTER_BOUND ( 'NONE', #4860, .T. ) ;
#4190 = PLANE ( 'NONE',  #1211 ) ;
#4191 = VERTEX_POINT ( 'NONE', #5293 ) ;
#4192 = DIRECTION ( 'NONE',  ( -0.000000000000000000, -0.000000000000000000, -1.000000000000000000 ) ) ;
#4193 = LINE ( 'NONE', #817, #265 ) ;
#4194 = DIRECTION ( 'NONE',  ( 0.9767369542050230447, -0.2144409529224648725, 0.000000000000000000 ) ) ;
#4195 = VECTOR ( 'NONE', #2210, 1000.000000000000114 ) ;
#4196 = DIRECTION ( 'NONE',  ( -0.3229935981466659500, 0.9464011493844827205, -0.000000000000000000 ) ) ;
#4197 = ORIENTED_EDGE ( 'NONE', *, *, #7194, .F. ) ;
#4198 = AXIS2_PLACEMENT_3D ( 'NONE', #4503, #6640, #3857 ) ;
#4199 = ORIENTED_EDGE ( 'NONE', *, *, #4172, .F. ) ;
#4200 = ORIENTED_EDGE ( 'NONE', *, *, #2379, .F. ) ;
#4201 = CARTESIAN_POINT ( 'NONE',  ( 4.131960000000000299, 90.70130000000000337, 0.000000000000000000 ) ) ;
#4202 = ORIENTED_EDGE ( 'NONE', *, *, #4578, .F. ) ;
#4203 = PLANE ( 'NONE',  #485 ) ;
#4204 = EDGE_CURVE ( 'NONE', #681, #5077, #5802, .T. ) ;
#4205 = ORIENTED_EDGE ( 'NONE', *, *, #5379, .F. ) ;
#4206 = VECTOR ( 'NONE', #2064, 1000.000000000000000 ) ;
#4207 = ORIENTED_EDGE ( 'NONE', *, *, #354, .T. ) ;
#4208 = DIRECTION ( 'NONE',  ( -0.2498119453138262502, -0.9682943725843509153, 0.000000000000000000 ) ) ;
#4209 = ADVANCED_FACE ( 'NONE', ( #5917 ), #2527, .F. ) ;
#4210 = ORIENTED_EDGE ( 'NONE', *, *, #1729, .F. ) ;
#4211 = CARTESIAN_POINT ( 'NONE',  ( 0.2999999999999999889, 89.63273999999999830, 0.000000000000000000 ) ) ;
#4213 = EDGE_CURVE ( 'NONE', #5398, #964, #2022, .T. ) ;
#4212 = DIRECTION ( 'NONE',  ( -0.3604843573544654900, 0.9327652588420828339, 0.000000000000000000 ) ) ;
#4214 = VECTOR ( 'NONE', #854, 1000.000000000000000 ) ;
#4215 = CARTESIAN_POINT ( 'NONE',  ( 0.2999999999999999889, 62.79012999999999778, 0.000000000000000000 ) ) ;
#4216 = EDGE_CURVE ( 'NONE', #6197, #3476, #3619, .T. ) ;
#4217 = LINE ( 'NONE', #3715, #6424 ) ;
#4218 = CARTESIAN_POINT ( 'NONE',  ( 17.29430999999999941, 56.93227000000000260, 3.000000000000000000 ) ) ;
#4219 = CARTESIAN_POINT ( 'NONE',  ( 18.42449999999999832, 61.74425999999999704, 3.000000000000000000 ) ) ;
#4220 = FACE_OUTER_BOUND ( 'NONE', #4962, .T. ) ;
#4221 = VERTEX_POINT ( 'NONE', #3031 ) ;
#4222 = VECTOR ( 'NONE', #4863, 1000.000000000000227 ) ;
#4223 = VECTOR ( 'NONE', #1892, 1000.000000000000000 ) ;
#4224 = ORIENTED_EDGE ( 'NONE', *, *, #1860, .F. ) ;
#4225 = CARTESIAN_POINT ( 'NONE',  ( 9.262261450483755709, 49.65821088092107516, 3.000000000000000000 ) ) ;
#4226 = EDGE_CURVE ( 'NONE', #899, #6213, #3103, .T. ) ;
#4227 = CARTESIAN_POINT ( 'NONE',  ( 12.87826145048375537, 36.72531088092107865, 0.000000000000000000 ) ) ;
#4228 = LINE ( 'NONE', #844, #3876 ) ;
#4229 = VECTOR ( 'NONE', #4660, 1000.000000000000114 ) ;
#4230 = PLANE ( 'NONE',  #5515 ) ;
#4231 = VECTOR ( 'NONE', #5228, 1000.000000000000000 ) ;
#4232 = DIRECTION ( 'NONE',  ( -0.2636206232483409018, 0.9646264390934742305, -0.000000000000000000 ) ) ;
#4233 = VECTOR ( 'NONE', #369, 1000.000000000000000 ) ;
#4234 = ORIENTED_EDGE ( 'NONE', *, *, #9, .T. ) ;
#4235 = DIRECTION ( 'NONE',  ( -0.08549496720477794964, -0.9963386023750429032, -0.000000000000000000 ) ) ;
#4236 = DIRECTION ( 'NONE',  ( 0.7477395987620191198, 0.6639920876360008162, -0.000000000000000000 ) ) ;
#4237 = VECTOR ( 'NONE', #342, 1000.000000000000000 ) ;
#4238 = DIRECTION ( 'NONE',  ( -0.000000000000000000, -0.000000000000000000, -1.000000000000000000 ) ) ;
#4239 = VERTEX_POINT ( 'NONE', #5254 ) ;
#4240 = VERTEX_POINT ( 'NONE', #775 ) ;
#4241 = ORIENTED_EDGE ( 'NONE', *, *, #2834, .F. ) ;
#4242 = CARTESIAN_POINT ( 'NONE',  ( 17.66762999999999906, 57.78782000000000352, 0.000000000000000000 ) ) ;
#4243 = VECTOR ( 'NONE', #568, 1000.000000000000114 ) ;
#4244 = LINE ( 'NONE', #7039, #3545 ) ;
#4245 = ORIENTED_EDGE ( 'NONE', *, *, #4631, .T. ) ;
#4246 = VECTOR ( 'NONE', #6980, 1000.000000000000000 ) ;
#4247 = EDGE_LOOP ( 'NONE', ( #6245, #1843, #2681, #117 ) ) ;
#4248 = EDGE_CURVE ( 'NONE', #4354, #4897, #2994, .T. ) ;
#4249 = FACE_OUTER_BOUND ( 'NONE', #2316, .T. ) ;
#4250 = ORIENTED_EDGE ( 'NONE', *, *, #5877, .T. ) ;
#4251 = DIRECTION ( 'NONE',  ( -0.4020324169951439708, 0.9156254341623777382, -0.000000000000000000 ) ) ;
#4252 = CARTESIAN_POINT ( 'NONE',  ( 10.83693000000000062, 84.14285999999999888, 3.000000000000000000 ) ) ;
#4253 = VECTOR ( 'NONE', #6113, 1000.000000000000000 ) ;
#4254 = VECTOR ( 'NONE', #4295, 1000.000000000000114 ) ;
#4255 = PLANE ( 'NONE',  #1446 ) ;
#4256 = DIRECTION ( 'NONE',  ( -0.000000000000000000, -0.000000000000000000, -1.000000000000000000 ) ) ;
#4257 = DIRECTION ( 'NONE',  ( 0.000000000000000000, 0.000000000000000000, 1.000000000000000000 ) ) ;
#4258 = CALENDAR_DATE ( 2026, 1, 10 ) ;
#4259 = ADVANCED_FACE ( 'NONE', ( #2410 ), #4634, .F. ) ;
#4260 = PLANE ( 'NONE',  #3998 ) ;
#4261 = ORIENTED_EDGE ( 'NONE', *, *, #6053, .F. ) ;
#4262 = EDGE_CURVE ( 'NONE', #3366, #5351, #2447, .T. ) ;
#4263 = EDGE_CURVE ( 'NONE', #6929, #4221, #6945, .T. ) ;
#4264 = ORIENTED_EDGE ( 'NONE', *, *, #2068, .T. ) ;
#4265 = CARTESIAN_POINT ( 'NONE',  ( 19.19854232759892199, 47.28960030372893897, 3.000000000000000000 ) ) ;
#4266 = DIRECTION ( 'NONE',  ( -0.2811569828011464822, 0.9596617899146323571, -0.000000000000000000 ) ) ;
#4267 = FACE_OUTER_BOUND ( 'NONE', #3441, .T. ) ;
#4268 = CARTESIAN_POINT ( 'NONE',  ( 17.52420000000000044, 66.29084000000000287, 3.000000000000000000 ) ) ;
#4269 = EDGE_CURVE ( 'NONE', #1732, #2382, #2603, .T. ) ;
#4270 = VERTEX_POINT ( 'NONE', #953 ) ;
#4271 = LINE ( 'NONE', #3251, #3520 ) ;
#4272 = CARTESIAN_POINT ( 'NONE',  ( 0.2999999999999999889, 87.76761000000000479, 0.000000000000000000 ) ) ;
#4273 = EDGE_CURVE ( 'NONE', #4386, #4447, #3172, .T. ) ;
#4274 = DIRECTION ( 'NONE',  ( 0.3554880106288306751, 0.9346808408751922093, 0.000000000000000000 ) ) ;
#4275 = ORIENTED_EDGE ( 'NONE', *, *, #5508, .F. ) ;
#4276 = DIRECTION ( 'NONE',  ( 0.7477395987620191198, 0.6639920876360008162, -0.000000000000000000 ) ) ;
#4277 = ORIENTED_EDGE ( 'NONE', *, *, #1427, .T. ) ;
#4278 = ORIENTED_EDGE ( 'NONE', *, *, #73, .F. ) ;
#4279 = DIRECTION ( 'NONE',  ( -0.000000000000000000, -0.000000000000000000, -1.000000000000000000 ) ) ;
#4280 = UNCERTAINTY_MEASURE_WITH_UNIT (LENGTH_MEASURE( 1.000000000000000082E-05 ), #255, 'distance_accuracy_value', 'NONE');
#4281 = ORIENTED_EDGE ( 'NONE', *, *, #5688, .T. ) ;
#4282 = ORIENTED_EDGE ( 'NONE', *, *, #517, .T. ) ;
#4283 = ORIENTED_EDGE ( 'NONE', *, *, #4400, .F. ) ;
#4284 = LINE ( 'NONE', #2587, #326 ) ;
#4285 = ORIENTED_EDGE ( 'NONE', *, *, #2388, .F. ) ;
#4286 = CARTESIAN_POINT ( 'NONE',  ( 16.97557000000000116, 67.99586999999999648, 0.000000000000000000 ) ) ;
#4287 = CARTESIAN_POINT ( 'NONE',  ( 1.809279999999999999, 90.52478000000000691, 3.000000000000000000 ) ) ;
#4288 = CARTESIAN_POINT ( 'NONE',  ( 15.42811999999999983, 72.17426000000000386, 3.000000000000000000 ) ) ;
#4289 = DIRECTION ( 'NONE',  ( 0.4078478829875641920, 0.9130498914859812576, 0.000000000000000000 ) ) ;
#4290 = DIRECTION ( 'NONE',  ( -0.000000000000000000, -0.000000000000000000, -1.000000000000000000 ) ) ;
#4292 = EDGE_CURVE ( 'NONE', #2195, #1689, #472, .T. ) ;
#4291 = PERSON_AND_ORGANIZATION ( #5259, #2945 ) ;
#4293 = DIRECTION ( 'NONE',  ( -0.000000000000000000, -1.000000000000000000, -0.000000000000000000 ) ) ;
#4294 = VERTEX_POINT ( 'NONE', #3921 ) ;
#4295 = DIRECTION ( 'NONE',  ( -0.7326971373220908523, 0.6805548508092591486, -0.000000000000000000 ) ) ;
#4296 = DIRECTION ( 'NONE',  ( 0.3412527087255570746, -0.9399715893512260445, -0.000000000000000000 ) ) ;
#4297 = PLANE ( 'NONE',  #3878 ) ;
#4298 = ADVANCED_FACE ( 'NONE', ( #6670 ), #542, .F. ) ;
#4299 = CARTESIAN_POINT ( 'NONE',  ( 18.86109000000000080, 32.27886999999999773, 3.000000000000000000 ) ) ;
#4300 = ORIENTED_EDGE ( 'NONE', *, *, #1273, .F. ) ;
#4301 = LINE ( 'NONE', #6537, #2235 ) ;
#4302 = CARTESIAN_POINT ( 'NONE',  ( 8.204110000000000014, 56.97288999999999959, 3.000000000000000000 ) ) ;
#4303 = EDGE_CURVE ( 'NONE', #4925, #7105, #3348, .T. ) ;
#4304 = EDGE_CURVE ( 'NONE', #1734, #520, #95, .T. ) ;
#4305 = EDGE_CURVE ( 'NONE', #1898, #1170, #133, .T. ) ;
#4306 = CARTESIAN_POINT ( 'NONE',  ( 8.940851450483753737, 51.00050088092108069, 0.000000000000000000 ) ) ;
#4307 = VERTEX_POINT ( 'NONE', #6149 ) ;
#4308 = EDGE_LOOP ( 'NONE', ( #5530, #4022, #2422, #612 ) ) ;
#4309 = DIRECTION ( 'NONE',  ( -0.6639920876360008162, 0.7477395987620191198, 0.000000000000000000 ) ) ;
#4310 = VERTEX_POINT ( 'NONE', #6817 ) ;
#4311 = ORIENTED_EDGE ( 'NONE', *, *, #7221, .F. ) ;
#4312 = CARTESIAN_POINT ( 'NONE',  ( 9.393620000000000303, 61.33030000000000115, 3.000000000000000000 ) ) ;
#4313 = ADVANCED_FACE ( 'NONE', ( #2250 ), #6085, .F. ) ;
#4314 = AXIS2_PLACEMENT_3D ( 'NONE', #6144, #3266, #3373 ) ;
#4315 = VERTEX_POINT ( 'NONE', #2898 ) ;
#4316 = ORIENTED_EDGE ( 'NONE', *, *, #5308, .T. ) ;
#4317 = CARTESIAN_POINT ( 'NONE',  ( 15.74558999999999997, 71.35272999999999399, 3.000000000000000000 ) ) ;
#4318 = DIRECTION ( 'NONE',  ( 0.9685634894197033828, -0.2487664908365434524, 0.000000000000000000 ) ) ;
#4319 = ORIENTED_EDGE ( 'NONE', *, *, #2094, .F. ) ;
#4320 = CARTESIAN_POINT ( 'NONE',  ( 12.70767000000000024, 79.40269999999999584, 0.000000000000000000 ) ) ;
#4321 = DIRECTION ( 'NONE',  ( -0.7326971373220908523, 0.6805548508092591486, -0.000000000000000000 ) ) ;
#4322 = DIRECTION ( 'NONE',  ( -0.6639920876360008162, 0.7477395987620191198, 0.000000000000000000 ) ) ;
#4323 = LINE ( 'NONE', #3231, #5701 ) ;
#4324 = DIRECTION ( 'NONE',  ( -0.5850667395541064852, 0.8109851479944175656, -0.000000000000000000 ) ) ;
#4325 = DATE_AND_TIME ( #2152, #4488 ) ;
#4326 = CARTESIAN_POINT ( 'NONE',  ( 18.36606000000000094, 60.29934000000000083, 3.000000000000000000 ) ) ;
#4327 = DIRECTION ( 'NONE',  ( -0.9600422883123829187, 0.2798549707472131054, -0.000000000000000000 ) ) ;
#4328 = ORIENTED_EDGE ( 'NONE', *, *, #3508, .F. ) ;
#4329 = VERTEX_POINT ( 'NONE', #4580 ) ;
#4330 = DIRECTION ( 'NONE',  ( 0.2806158185528055959, -0.9598201718957248829, -0.000000000000000000 ) ) ;
#4331 = VECTOR ( 'NONE', #1731, 1000.000000000000227 ) ;
#4332 = CARTESIAN_POINT ( 'NONE',  ( 17.73826999999999998, 57.95756000000000085, 0.000000000000000000 ) ) ;
#4333 = CARTESIAN_POINT ( 'NONE',  ( 7.404020000000000046, 89.25593999999999539, 3.000000000000000000 ) ) ;
#4334 = CARTESIAN_POINT ( 'NONE',  ( 8.393760000000000332, 58.45353999999999672, 3.000000000000000000 ) ) ;
#4335 = FACE_OUTER_BOUND ( 'NONE', #6067, .T. ) ;
#4336 = CARTESIAN_POINT ( 'NONE',  ( 20.18046339387231569, 33.29284718530269771, 0.000000000000000000 ) ) ;
#4337 = VECTOR ( 'NONE', #4192, 1000.000000000000000 ) ;
#4338 = ORIENTED_EDGE ( 'NONE', *, *, #6852, .T. ) ;
#4339 = PLANE ( 'NONE',  #1662 ) ;
#4340 = EDGE_CURVE ( 'NONE', #5351, #1846, #1094, .T. ) ;
#4341 = AXIS2_PLACEMENT_3D ( 'NONE', #3383, #5602, #5707 ) ;
#4342 = VECTOR ( 'NONE', #5467, 1000.000000000000000 ) ;
#4343 = CARTESIAN_POINT ( 'NONE',  ( 13.77060999999999957, 76.52236000000000615, 3.000000000000000000 ) ) ;
#4344 = VERTEX_POINT ( 'NONE', #4535 ) ;
#4345 = ADVANCED_FACE ( 'NONE', ( #639 ), #4501, .F. ) ;
#4346 = EDGE_LOOP ( 'NONE', ( #4977, #5352, #6875, #2779 ) ) ;
#4347 = AXIS2_PLACEMENT_3D ( 'NONE', #6261, #641, #3988 ) ;
#4348 = EDGE_CURVE ( 'NONE', #2481, #1457, #2774, .T. ) ;
#4349 = EDGE_CURVE ( 'NONE', #5131, #2862, #1126, .T. ) ;
#4350 = CARTESIAN_POINT ( 'NONE',  ( 18.39827000000000012, 62.18231999999999715, 3.000000000000000000 ) ) ;
#4351 = ORIENTED_EDGE ( 'NONE', *, *, #4463, .T. ) ;
#4352 = ADVANCED_FACE ( 'NONE', ( #7228 ), #5017, .F. ) ;
#4353 = AXIS2_PLACEMENT_3D ( 'NONE', #4633, #6747, #6270 ) ;
#4354 = VERTEX_POINT ( 'NONE', #1233 ) ;
#4355 = CARTESIAN_POINT ( 'NONE',  ( 8.940851450483753737, 51.00050088092108069, 3.000000000000000000 ) ) ;
#4356 = FACE_OUTER_BOUND ( 'NONE', #491, .T. ) ;
#4357 = FACE_OUTER_BOUND ( 'NONE', #1258, .T. ) ;
#4358 = FACE_OUTER_BOUND ( 'NONE', #3467, .T. ) ;
#4359 = LINE ( 'NONE', #6010, #2221 ) ;
#4360 = VECTOR ( 'NONE', #6496, 1000.000000000000000 ) ;
#4361 = DIRECTION ( 'NONE',  ( 0.4814983186975536622, -0.8764470144232501259, 0.000000000000000000 ) ) ;
#4362 = PERSON_AND_ORGANIZATION ( #5259, #2945 ) ;
#4363 = CARTESIAN_POINT ( 'NONE',  ( 8.447359999999999758, 65.11999000000000137, 3.000000000000000000 ) ) ;
#4364 = DIRECTION ( 'NONE',  ( -0.000000000000000000, -0.000000000000000000, -1.000000000000000000 ) ) ;
#4365 = VERTEX_POINT ( 'NONE', #1776 ) ;
#4366 = LINE ( 'NONE', #4265, #3906 ) ;
#4367 = VECTOR ( 'NONE', #6217, 1000.000000000000114 ) ;
#4368 = VECTOR ( 'NONE', #3197, 1000.000000000000000 ) ;
#4369 = CARTESIAN_POINT ( 'NONE',  ( 20.51108999999999938, 32.27886999999999773, -1.200000000000000030E-05 ) ) ;
#4370 = AXIS2_PLACEMENT_3D ( 'NONE', #4688, #6764, #6925 ) ;
#4371 = CARTESIAN_POINT ( 'NONE',  ( 18.36606000000000094, 60.29934000000000083, 3.000000000000000000 ) ) ;
#4372 = CARTESIAN_POINT ( 'NONE',  ( 11.47160145048375668, 41.54309088092107771, 3.000000000000000000 ) ) ;
#4373 = CARTESIAN_POINT ( 'NONE',  ( 18.64514226997197355, 33.92894198257977934, -0.000000000000000000 ) ) ;
#4374 = VECTOR ( 'NONE', #857, 1000.000000000000227 ) ;
#4375 = EDGE_LOOP ( 'NONE', ( #5781, #281, #5582, #2757 ) ) ;
#4376 = ORIENTED_EDGE ( 'NONE', *, *, #5288, .F. ) ;
#4377 = PLANE ( 'NONE',  #602 ) ;
#4378 = FACE_OUTER_BOUND ( 'NONE', #6644, .T. ) ;
#4379 = LINE ( 'NONE', #483, #1074 ) ;
#4380 = EDGE_CURVE ( 'NONE', #2003, #6131, #3765, .T. ) ;
#4381 = ORIENTED_EDGE ( 'NONE', *, *, #6724, .F. ) ;
#4382 = EDGE_LOOP ( 'NONE', ( #4617, #4574, #4485, #4761 ) ) ;
#4383 = VECTOR ( 'NONE', #4878, 1000.000000000000000 ) ;
#4384 = CARTESIAN_POINT ( 'NONE',  ( 8.304759999999999920, 57.94451000000000107, 3.000000000000000000 ) ) ;
#4385 = ADVANCED_FACE ( 'NONE', ( #5793 ), #5704, .F. ) ;
#4386 = VERTEX_POINT ( 'NONE', #5243 ) ;
#4387 = ORIENTED_EDGE ( 'NONE', *, *, #6219, .F. ) ;
#4388 = ORIENTED_EDGE ( 'NONE', *, *, #6720, .T. ) ;
#4389 = LINE ( 'NONE', #2914, #3652 ) ;
#4390 = EDGE_LOOP ( 'NONE', ( #2656, #917, #6860, #654 ) ) ;
#4391 = ORIENTED_EDGE ( 'NONE', *, *, #3009, .F. ) ;
#4392 = DIRECTION ( 'NONE',  ( -0.000000000000000000, -0.000000000000000000, -1.000000000000000000 ) ) ;
#4393 = DIRECTION ( 'NONE',  ( -0.000000000000000000, -0.000000000000000000, -1.000000000000000000 ) ) ;
#4394 = EDGE_CURVE ( 'NONE', #3967, #3624, #5210, .T. ) ;
#4395 = PLANE ( 'NONE',  #1916 ) ;
#4396 = LINE ( 'NONE', #5010, #6064 ) ;
#4397 = EDGE_CURVE ( 'NONE', #5434, #2103, #217, .T. ) ;
#4398 = DIRECTION ( 'NONE',  ( -1.000000000000000000, 0.000000000000000000, 0.000000000000000000 ) ) ;
#4399 = PERSON_AND_ORGANIZATION_ROLE ( 'creator' ) ;
#4400 = EDGE_CURVE ( 'NONE', #5873, #4344, #1426, .T. ) ;
#4401 = LINE ( 'NONE', #3663, #2377 ) ;
#4402 = ORIENTED_EDGE ( 'NONE', *, *, #6903, .F. ) ;
#4403 = ORIENTED_EDGE ( 'NONE', *, *, #522, .F. ) ;
#4404 = CARTESIAN_POINT ( 'NONE',  ( 19.19854232759892199, 47.28960030372893897, 3.000000000000000000 ) ) ;
#4405 = ADVANCED_FACE ( 'NONE', ( #6259 ), #7009, .F. ) ;
#4406 = PLANE ( 'NONE',  #4797 ) ;
#4407 = PLANE ( 'NONE',  #3300 ) ;
#4408 = VECTOR ( 'NONE', #611, 1000.000000000000000 ) ;
#4409 = CARTESIAN_POINT ( 'NONE',  ( 20.30291811333719920, 33.10983489780879552, -0.000000000000000000 ) ) ;
#4410 = DIRECTION ( 'NONE',  ( -0.000000000000000000, -0.000000000000000000, -1.000000000000000000 ) ) ;
#4411 = ORIENTED_EDGE ( 'NONE', *, *, #180, .T. ) ;
#4412 = LINE ( 'NONE', #6646, #145 ) ;
#4413 = DIRECTION ( 'NONE',  ( -0.000000000000000000, -0.000000000000000000, -1.000000000000000000 ) ) ;
#4414 = EDGE_LOOP ( 'NONE', ( #2102, #1639, #2935, #3930 ) ) ;
#4415 = VERTEX_POINT ( 'NONE', #5325 ) ;
#4416 = PLANE ( 'NONE',  #6187 ) ;
#4417 = EDGE_LOOP ( 'NONE', ( #148, #6000, #6322, #4250 ) ) ;
#4418 = ORIENTED_EDGE ( 'NONE', *, *, #439, .F. ) ;
#4419 = EDGE_LOOP ( 'NONE', ( #3206, #2004, #6199, #562 ) ) ;
#4420 = CARTESIAN_POINT ( 'NONE',  ( 17.21109000000000222, 32.27886999999999773, 3.000000000000000000 ) ) ;
#4421 = EDGE_CURVE ( 'NONE', #6987, #2496, #4140, .T. ) ;
#4422 = ORIENTED_EDGE ( 'NONE', *, *, #3365, .T. ) ;
#4423 = FACE_OUTER_BOUND ( 'NONE', #970, .T. ) ;
#4424 = VECTOR ( 'NONE', #6283, 1000.000000000000114 ) ;
#4425 = LINE ( 'NONE', #5556, #7017 ) ;
#4426 = DIRECTION ( 'NONE',  ( -0.000000000000000000, -0.000000000000000000, -1.000000000000000000 ) ) ;
#4427 = LINE ( 'NONE', #3310, #3993 ) ;
#4428 = EDGE_CURVE ( 'NONE', #2341, #4110, #2517, .T. ) ;
#4429 = VECTOR ( 'NONE', #2217, 1000.000000000000114 ) ;
#4430 = VECTOR ( 'NONE', #400, 1000.000000000000000 ) ;
#4431 = ORIENTED_EDGE ( 'NONE', *, *, #4076, .F. ) ;
#4432 = ADVANCED_FACE ( 'NONE', ( #4657 ), #716, .F. ) ;
#4433 = CARTESIAN_POINT ( 'NONE',  ( 9.332910000000000039, 62.03824000000000183, 3.000000000000000000 ) ) ;
#4434 = CARTESIAN_POINT ( 'NONE',  ( 2.959000000000000075, 90.76592999999999734, 3.000000000000000000 ) ) ;
#4435 = LINE ( 'NONE', #1096, #739 ) ;
#4436 = CARTESIAN_POINT ( 'NONE',  ( 12.42373145048375704, 38.27000088092108143, 3.000000000000000000 ) ) ;
#4437 = DIRECTION ( 'NONE',  ( -0.3357784481669989773, 0.9419409927095019341, -0.000000000000000000 ) ) ;
#4438 = CARTESIAN_POINT ( 'NONE',  ( 12.86109110324589366, 54.27887061591118822, 3.000000000000000000 ) ) ;
#4439 = ORIENTED_EDGE ( 'NONE', *, *, #4842, .F. ) ;
#4440 = VECTOR ( 'NONE', #885, 1000.000000000000227 ) ;
#4441 = EDGE_CURVE ( 'NONE', #4177, #4799, #5172, .T. ) ;
#4442 = FACE_BOUND ( 'NONE', #6871, .T. ) ;
#4443 = DIRECTION ( 'NONE',  ( 0.9621081969254657862, 0.2726679618305552499, -0.000000000000000000 ) ) ;
#4444 = DIRECTION ( 'NONE',  ( -0.9631793194475408715, -0.2688598121485845094, -0.000000000000000000 ) ) ;
#4445 = LINE ( 'NONE', #1137, #5281 ) ;
#4446 = VECTOR ( 'NONE', #448, 1000.000000000000227 ) ;
#4447 = VERTEX_POINT ( 'NONE', #178 ) ;
#4448 = VECTOR ( 'NONE', #6862, 1000.000000000000000 ) ;
#4449 = VECTOR ( 'NONE', #2286, 1000.000000000000000 ) ;
#4450 = ORIENTED_EDGE ( 'NONE', *, *, #3183, .F. ) ;
#4451 = CARTESIAN_POINT ( 'NONE',  ( 1.399999999999999911, 84.02886999999999773, 3.000000000000000000 ) ) ;
#4452 = VECTOR ( 'NONE', #3356, 1000.000000000000000 ) ;
#4453 = ORIENTED_EDGE ( 'NONE', *, *, #4292, .T. ) ;
#4454 = VECTOR ( 'NONE', #3844, 1000.000000000000114 ) ;
#4455 = ORIENTED_EDGE ( 'NONE', *, *, #3063, .T. ) ;
#4456 = ORIENTED_EDGE ( 'NONE', *, *, #16, .F. ) ;
#4457 = ORIENTED_EDGE ( 'NONE', *, *, #807, .T. ) ;
#4458 = VECTOR ( 'NONE', #4093, 1000.000000000000000 ) ;
#4459 = CARTESIAN_POINT ( 'NONE',  ( 17.54171660612495742, 31.26489281469937254, 0.000000000000000000 ) ) ;
#4460 = CARTESIAN_POINT ( 'NONE',  ( 0.2999999999999999889, 89.63273999999999830, 3.000000000000000000 ) ) ;
#4461 = DIRECTION ( 'NONE',  ( 0.9636795464724519089, 0.2670612883041071361, -0.000000000000000000 ) ) ;
#4462 = DIRECTION ( 'NONE',  ( -0.000000000000000000, -0.000000000000000000, -1.000000000000000000 ) ) ;
#4463 = EDGE_CURVE ( 'NONE', #4653, #899, #4060, .T. ) ;
#4464 = ORIENTED_EDGE ( 'NONE', *, *, #6581, .F. ) ;
#4465 = VECTOR ( 'NONE', #2263, 1000.000000000000000 ) ;
#4466 = DIRECTION ( 'NONE',  ( -0.3623916103224207874, 0.9320259227982463646, -0.000000000000000000 ) ) ;
#4467 = CARTESIAN_POINT ( 'NONE',  ( 14.50062343572030166, 54.49544861956810138, 0.000000000000000000 ) ) ;
#4468 = CARTESIAN_POINT ( 'NONE',  ( 11.34979000000000049, 82.91294000000000608, 3.000000000000000000 ) ) ;
#4469 = EDGE_CURVE ( 'NONE', #2134, #6109, #2400, .T. ) ;
#4470 = DIRECTION ( 'NONE',  ( 0.3412527087255570746, -0.9399715893512260445, -0.000000000000000000 ) ) ;
#4471 = FACE_OUTER_BOUND ( 'NONE', #6326, .T. ) ;
#4472 = CARTESIAN_POINT ( 'NONE',  ( 0.2999999999999999889, 85.26761000000000479, 3.000000000000000000 ) ) ;
#4473 = ADVANCED_FACE ( 'NONE', ( #3055 ), #1856, .F. ) ;
#4474 = CARTESIAN_POINT ( 'NONE',  ( 10.00177000000000049, 85.95217999999999847, 0.000000000000000000 ) ) ;
#4475 = ORIENTED_EDGE ( 'NONE', *, *, #2678, .F. ) ;
#4476 = AXIS2_PLACEMENT_3D ( 'NONE', #500, #463, #4361 ) ;
#4477 = CARTESIAN_POINT ( 'NONE',  ( 12.86109110324589366, 54.27887061591118822, 3.000000000000000000 ) ) ;
#4478 = ORIENTED_EDGE ( 'NONE', *, *, #3698, .F. ) ;
#4479 = LINE ( 'NONE', #6189, #5415 ) ;
#4480 = CARTESIAN_POINT ( 'NONE',  ( 0.2999999999999999889, 80.26761000000000479, 0.000000000000000000 ) ) ;
#4481 = DIRECTION ( 'NONE',  ( -0.000000000000000000, -0.000000000000000000, -1.000000000000000000 ) ) ;
#4482 = AXIS2_PLACEMENT_3D ( 'NONE', #4613, #3598, #5161 ) ;
#4483 = AXIS2_PLACEMENT_3D ( 'NONE', #365, #3712, #2110 ) ;
#4484 = ADVANCED_FACE ( 'NONE', ( #4179 ), #799, .F. ) ;
#4485 = ORIENTED_EDGE ( 'NONE', *, *, #1774, .F. ) ;
#4486 = ORIENTED_EDGE ( 'NONE', *, *, #109, .T. ) ;
#4487 = ADVANCED_FACE ( 'NONE', ( #6378 ), #3610, .F. ) ;
#4488 = LOCAL_TIME ( 23, 22, 22.00000000000000000, #2115 ) ;
#4489 = LINE ( 'NONE', #5110, #7034 ) ;
#4490 = ORIENTED_EDGE ( 'NONE', *, *, #6712, .F. ) ;
#4491 = VERTEX_POINT ( 'NONE', #6414 ) ;
#4492 = VECTOR ( 'NONE', #6214, 1000.000000000000114 ) ;
#4493 = ORIENTED_EDGE ( 'NONE', *, *, #509, .F. ) ;
#4494 = VERTEX_POINT ( 'NONE', #3019 ) ;
#4495 = DIRECTION ( 'NONE',  ( -0.000000000000000000, -0.000000000000000000, -1.000000000000000000 ) ) ;
#4496 = DIRECTION ( 'NONE',  ( 0.3289545622798137336, 0.9443457502182641683, -0.000000000000000000 ) ) ;
#4497 = DIRECTION ( 'NONE',  ( -0.3652321210308027699, -0.9309164827025789846, 0.000000000000000000 ) ) ;
#4498 = ORIENTED_EDGE ( 'NONE', *, *, #5587, .T. ) ;
#4499 = LINE ( 'NONE', #56, #1222 ) ;
#4500 = PLANE ( 'NONE',  #6951 ) ;
#4501 = PLANE ( 'NONE',  #3409 ) ;
#4502 = EDGE_CURVE ( 'NONE', #1814, #3153, #332, .T. ) ;
#4503 = CARTESIAN_POINT ( 'NONE',  ( 16.04970000000000141, 70.55512000000000228, 3.000000000000000000 ) ) ;
#4504 = CARTESIAN_POINT ( 'NONE',  ( 17.98780999999999963, 64.57842999999999734, 0.000000000000000000 ) ) ;
#4505 = LINE ( 'NONE', #4029, #1197 ) ;
#4506 = DIRECTION ( 'NONE',  ( -0.8842808216668667232, 0.4669554887054771508, -0.000000000000000000 ) ) ;
#4507 = ORIENTED_EDGE ( 'NONE', *, *, #5889, .F. ) ;
#4508 = FACE_OUTER_BOUND ( 'NONE', #3560, .T. ) ;
#4509 = LINE ( 'NONE', #2366, #7179 ) ;
#4510 = DIRECTION ( 'NONE',  ( -0.000000000000000000, -0.000000000000000000, -1.000000000000000000 ) ) ;
#4511 = EDGE_CURVE ( 'NONE', #5834, #1448, #2592, .T. ) ;
#4512 = LINE ( 'NONE', #1752, #2721 ) ;
#4513 = VECTOR ( 'NONE', #5189, 1000.000000000000000 ) ;
#4514 = ORIENTED_EDGE ( 'NONE', *, *, #972, .F. ) ;
#4515 = EDGE_CURVE ( 'NONE', #231, #3981, #3746, .T. ) ;
#4516 = DIRECTION ( 'NONE',  ( -0.6639920876360008162, -0.7477395987620191198, -0.000000000000000000 ) ) ;
#4517 = EDGE_CURVE ( 'NONE', #3555, #539, #2049, .T. ) ;
#4518 = ADVANCED_FACE ( 'NONE', ( #5455 ), #4255, .F. ) ;
#4519 = ORIENTED_EDGE ( 'NONE', *, *, #4966, .T. ) ;
#4520 = CARTESIAN_POINT ( 'NONE',  ( 0.2999999999999999889, 65.29013000000000488, 3.000000000000000000 ) ) ;
#4521 = DIRECTION ( 'NONE',  ( -0.9399743681535117634, -0.3412450544907666417, 0.000000000000000000 ) ) ;
#4522 = ORIENTED_EDGE ( 'NONE', *, *, #2392, .T. ) ;
#4523 = EDGE_LOOP ( 'NONE', ( #6718, #2896, #6780, #273 ) ) ;
#4524 = VERTEX_POINT ( 'NONE', #4288 ) ;
#4525 = ORIENTED_EDGE ( 'NONE', *, *, #428, .T. ) ;
#4526 = ADVANCED_FACE ( 'NONE', ( #1019 ), #5973, .F. ) ;
#4527 = ORIENTED_EDGE ( 'NONE', *, *, #5015, .T. ) ;
#4528 = ORIENTED_EDGE ( 'NONE', *, *, #357, .F. ) ;
#4529 = LINE ( 'NONE', #1181, #2563 ) ;
#4530 = LINE ( 'NONE', #2893, #6001 ) ;
#4531 = DIRECTION ( 'NONE',  ( 0.3300863001509135031, -0.9439507584893828129, -0.000000000000000000 ) ) ;
#4532 = ORIENTED_EDGE ( 'NONE', *, *, #3653, .F. ) ;
#4533 = EDGE_LOOP ( 'NONE', ( #4782, #6679, #4771, #5895 ) ) ;
#4534 = DIRECTION ( 'NONE',  ( 0.9601788799697900112, 0.2793859668271825858, -0.000000000000000000 ) ) ;
#4535 = CARTESIAN_POINT ( 'NONE',  ( 20.59539232759891902, 42.39191030372894176, 0.000000000000000000 ) ) ;
#4536 = LINE ( 'NONE', #219, #2807 ) ;
#4537 = CARTESIAN_POINT ( 'NONE',  ( 18.33457999999999899, 62.76655000000000229, 3.000000000000000000 ) ) ;
#4538 = CARTESIAN_POINT ( 'NONE',  ( 12.03018019526376037, 52.83717489312922311, 0.000000000000000000 ) ) ;
#4539 = VECTOR ( 'NONE', #368, 1000.000000000000000 ) ;
#4540 = CARTESIAN_POINT ( 'NONE',  ( 15.12310000000000088, 72.95808999999999855, 3.000000000000000000 ) ) ;
#4541 = ORIENTED_EDGE ( 'NONE', *, *, #4397, .F. ) ;
#4542 = VERTEX_POINT ( 'NONE', #5427 ) ;
#4543 = LINE ( 'NONE', #6783, #6083 ) ;
#4544 = CARTESIAN_POINT ( 'NONE',  ( 12.86109000000000080, 54.27886999999999773, -1.200000000000000030E-05 ) ) ;
#4545 = DIRECTION ( 'NONE',  ( -0.9691428720812055309, -0.2464996825437959782, 0.000000000000000000 ) ) ;
#4546 = VECTOR ( 'NONE', #865, 1000.000000000000000 ) ;
#4547 = DIRECTION ( 'NONE',  ( -0.9371920800275229668, -0.3488137112180156318, 0.000000000000000000 ) ) ;
#4548 = ADVANCED_FACE ( 'NONE', ( #4882 ), #1050, .F. ) ;
#4549 = ORIENTED_EDGE ( 'NONE', *, *, #5436, .F. ) ;
#4550 = CARTESIAN_POINT ( 'NONE',  ( 8.890330000000000510, 63.74942000000000064, 3.000000000000000000 ) ) ;
#4551 = AXIS2_PLACEMENT_3D ( 'NONE', #7094, #3725, #2568 ) ;
#4552 = CARTESIAN_POINT ( 'NONE',  ( 11.47160145048375668, 41.54309088092107771, 0.000000000000000000 ) ) ;
#4553 = VERTEX_POINT ( 'NONE', #3128 ) ;
#4554 = FACE_OUTER_BOUND ( 'NONE', #3720, .T. ) ;
#4555 = EDGE_CURVE ( 'NONE', #4890, #1628, #2630, .T. ) ;
#4556 = PLANE ( 'NONE',  #1064 ) ;
#4557 = ORIENTED_EDGE ( 'NONE', *, *, #1140, .T. ) ;
#4558 = EDGE_CURVE ( 'NONE', #2791, #4307, #6454, .T. ) ;
#4559 = EDGE_LOOP ( 'NONE', ( #5698, #4241, #3001, #2213 ) ) ;
#4560 = VECTOR ( 'NONE', #3037, 1000.000000000000000 ) ;
#4561 = EDGE_CURVE ( 'NONE', #4972, #2858, #2081, .T. ) ;
#4562 = AXIS2_PLACEMENT_3D ( 'NONE', #3230, #5906, #3783 ) ;
#4563 = ORIENTED_EDGE ( 'NONE', *, *, #3496, .F. ) ;
#4564 = ORIENTED_EDGE ( 'NONE', *, *, #5422, .T. ) ;
#4565 = CARTESIAN_POINT ( 'NONE',  ( 12.86109110324589366, 54.27887061591118822, 0.000000000000000000 ) ) ;
#4566 = DESIGN_CONTEXT ( 'detailed design', #583, 'design' ) ;
#4567 = ORIENTED_EDGE ( 'NONE', *, *, #5335, .T. ) ;
#4568 = DIRECTION ( 'NONE',  ( 0.4053675956482820641, 0.9141537684647649264, -0.000000000000000000 ) ) ;
#4569 = VECTOR ( 'NONE', #642, 999.9999999999998863 ) ;
#4570 = AXIS2_PLACEMENT_3D ( 'NONE', #4187, #191, #810 ) ;
#4571 = ADVANCED_FACE ( 'NONE', ( #432 ), #2112, .F. ) ;
#4572 = LINE ( 'NONE', #6252, #5170 ) ;
#4573 = CARTESIAN_POINT ( 'NONE',  ( 11.34979000000000049, 82.91294000000000608, 3.000000000000000000 ) ) ;
#4574 = ORIENTED_EDGE ( 'NONE', *, *, #5233, .F. ) ;
#4575 = ORIENTED_EDGE ( 'NONE', *, *, #2443, .F. ) ;
#4576 = LINE ( 'NONE', #6931, #5656 ) ;
#4577 = VECTOR ( 'NONE', #5668, 1000.000000000000114 ) ;
#4578 = EDGE_CURVE ( 'NONE', #4491, #2541, #6557, .T. ) ;
#4579 = DIRECTION ( 'NONE',  ( 0.3451004506262110860, -0.9385657563418696725, 0.000000000000000000 ) ) ;
#4580 = CARTESIAN_POINT ( 'NONE',  ( 1.399999999999999911, 66.52886999999999773, 3.000000000000000000 ) ) ;
#4581 = DIRECTION ( 'NONE',  ( 0.6639920876360008162, -0.7477395987620191198, -0.000000000000000000 ) ) ;
#4582 = ADVANCED_FACE ( 'NONE', ( #4944 ), #3161, .F. ) ;
#4583 = LINE ( 'NONE', #1858, #4577 ) ;
#4584 = PLANE ( 'NONE',  #3871 ) ;
#4585 = CARTESIAN_POINT ( 'NONE',  ( 19.19854232759892199, 47.28960030372893897, 0.000000000000000000 ) ) ;
#4586 = VERTEX_POINT ( 'NONE', #1500 ) ;
#4587 = ORIENTED_EDGE ( 'NONE', *, *, #2620, .F. ) ;
#4588 = VECTOR ( 'NONE', #5843, 1000.000000000000000 ) ;
#4589 = LINE ( 'NONE', #3494, #5507 ) ;
#4590 = FACE_OUTER_BOUND ( 'NONE', #3597, .T. ) ;
#4591 = LINE ( 'NONE', #6128, #4452 ) ;
#4592 = DIRECTION ( 'NONE',  ( 0.3488137112180155763, -0.9371920800275228558, 0.000000000000000000 ) ) ;
#4593 = VECTOR ( 'NONE', #5329, 1000.000000000000000 ) ;
#4594 = CARTESIAN_POINT ( 'NONE',  ( 0.2999999999999999889, 70.29013000000000488, 0.000000000000000000 ) ) ;
#4595 = ORIENTED_EDGE ( 'NONE', *, *, #5353, .F. ) ;
#4596 = VERTEX_POINT ( 'NONE', #6009 ) ;
#4597 = LINE ( 'NONE', #4160, #3401 ) ;
#4598 = DIRECTION ( 'NONE',  ( -0.000000000000000000, -0.000000000000000000, -1.000000000000000000 ) ) ;
#4599 = AXIS2_PLACEMENT_3D ( 'NONE', #2281, #3943, #668 ) ;
#4600 = AXIS2_PLACEMENT_3D ( 'NONE', #2047, #2688, #6900 ) ;
#4601 = DIRECTION ( 'NONE',  ( 0.2337603362738597812, -0.9722942482526223396, 0.000000000000000000 ) ) ;
#4602 = VERTEX_POINT ( 'NONE', #5393 ) ;
#4603 = LINE ( 'NONE', #1254, #4106 ) ;
#4604 = ADVANCED_FACE ( 'NONE', ( #2690 ), #4854, .F. ) ;
#4605 = VECTOR ( 'NONE', #4051, 1000.000000000000114 ) ;
#4606 = FACE_OUTER_BOUND ( 'NONE', #6227, .T. ) ;
#4607 = ORIENTED_EDGE ( 'NONE', *, *, #4666, .T. ) ;
#4608 = ORIENTED_EDGE ( 'NONE', *, *, #1381, .F. ) ;
#4609 = ORIENTED_EDGE ( 'NONE', *, *, #1998, .T. ) ;
#4610 = VERTEX_POINT ( 'NONE', #4910 ) ;
#4611 = LINE ( 'NONE', #1847, #4605 ) ;
#4612 = VERTEX_POINT ( 'NONE', #2149 ) ;
#4613 = CARTESIAN_POINT ( 'NONE',  ( 12.86109000000000080, 54.27886999999999773, -1.200000000000000030E-05 ) ) ;
#4614 = ADVANCED_FACE ( 'NONE', ( #4358 ), #5358, .F. ) ;
#4615 = DIRECTION ( 'NONE',  ( -0.4669554887054771508, -0.8842808216668667232, 0.000000000000000000 ) ) ;
#4616 = CARTESIAN_POINT ( 'NONE',  ( 0.2999999999999999889, 82.79013000000000488, 3.000000000000000000 ) ) ;
#4617 = ORIENTED_EDGE ( 'NONE', *, *, #4515, .T. ) ;
#4618 = VERTEX_POINT ( 'NONE', #6191 ) ;
#4619 = CARTESIAN_POINT ( 'NONE',  ( 16.06050000000000111, 70.52648999999999546, 3.000000000000000000 ) ) ;
#4620 = EDGE_CURVE ( 'NONE', #4088, #3223, #3391, .T. ) ;
#4621 = VECTOR ( 'NONE', #48, 1000.000000000000227 ) ;
#4623 = EDGE_CURVE ( 'NONE', #1341, #1783, #616, .T. ) ;
#4622 = LINE ( 'NONE', #60, #1586 ) ;
#4624 = CARTESIAN_POINT ( 'NONE',  ( 17.23310999999999993, 67.22267999999999688, 3.000000000000000000 ) ) ;
#4625 = EDGE_CURVE ( 'NONE', #6782, #6420, #1204, .T. ) ;
#4626 = DIRECTION ( 'NONE',  ( 0.9999316099028069393, 0.01169510654849728083, -0.000000000000000000 ) ) ;
#4627 = CARTESIAN_POINT ( 'NONE',  ( 17.23310999999999993, 67.22267999999999688, 3.000000000000000000 ) ) ;
#4628 = DIRECTION ( 'NONE',  ( 0.9941098393045235682, 0.1083772457572821368, -0.000000000000000000 ) ) ;
#4629 = DIRECTION ( 'NONE',  ( -0.8650639486408292500, -0.5016616038346335404, 0.000000000000000000 ) ) ;
#4630 = VERTEX_POINT ( 'NONE', #2748 ) ;
#4631 = EDGE_CURVE ( 'NONE', #3981, #7169, #6687, .T. ) ;
#4632 = DIRECTION ( 'NONE',  ( -0.9685634894197033828, 0.2487664908365434524, -0.000000000000000000 ) ) ;
#4633 = CARTESIAN_POINT ( 'NONE',  ( 6.799999999999999822, 69.52917999999999665, 3.000000000000000000 ) ) ;
#4634 = PLANE ( 'NONE',  #1329 ) ;
#4635 = CARTESIAN_POINT ( 'NONE',  ( 10.81339000000000006, 84.19744000000000028, 3.000000000000000000 ) ) ;
#4636 = CARTESIAN_POINT ( 'NONE',  ( 17.87649000000000044, 58.30986000000000047, 3.000000000000000000 ) ) ;
#4637 = ORIENTED_EDGE ( 'NONE', *, *, #3359, .F. ) ;
#4638 = LINE ( 'NONE', #4078, #856 ) ;
#4639 = FACE_OUTER_BOUND ( 'NONE', #1794, .T. ) ;
#4640 = DIRECTION ( 'NONE',  ( 0.2397052249676739077, -0.9708457164365493774, -0.000000000000000000 ) ) ;
#4641 = ORIENTED_EDGE ( 'NONE', *, *, #6917, .T. ) ;
#4642 = DIRECTION ( 'NONE',  ( -0.000000000000000000, -0.000000000000000000, -1.000000000000000000 ) ) ;
#4643 = CARTESIAN_POINT ( 'NONE',  ( 17.66762999999999906, 57.78782000000000352, 3.000000000000000000 ) ) ;
#4644 = ORIENTED_EDGE ( 'NONE', *, *, #3325, .T. ) ;
#4645 = EDGE_LOOP ( 'NONE', ( #936, #6178, #5413, #7089 ) ) ;
#4646 = ORIENTED_EDGE ( 'NONE', *, *, #5998, .T. ) ;
#4647 = ORIENTED_EDGE ( 'NONE', *, *, #1991, .F. ) ;
#4648 = ORIENTED_EDGE ( 'NONE', *, *, #6215, .F. ) ;
#4649 = CARTESIAN_POINT ( 'NONE',  ( 14.82530999999999999, 73.72311000000000547, 3.000000000000000000 ) ) ;
#4650 = FACE_OUTER_BOUND ( 'NONE', #622, .T. ) ;
#4651 = ORIENTED_EDGE ( 'NONE', *, *, #4555, .F. ) ;
#4652 = ADVANCED_FACE ( 'NONE', ( #4378 ), #6647, .F. ) ;
#4653 = VERTEX_POINT ( 'NONE', #5030 ) ;
#4654 = DIRECTION ( 'NONE',  ( -0.000000000000000000, -0.000000000000000000, -1.000000000000000000 ) ) ;
#4655 = ORIENTED_EDGE ( 'NONE', *, *, #1176, .F. ) ;
#4656 = PLANE ( 'NONE',  #5770 ) ;
#4657 = FACE_OUTER_BOUND ( 'NONE', #3256, .T. ) ;
#4658 = LINE ( 'NONE', #676, #7240 ) ;
#4659 = DIRECTION ( 'NONE',  ( -0.9182376052290880386, -0.3960299235451150146, 0.000000000000000000 ) ) ;
#4660 = DIRECTION ( 'NONE',  ( -0.2502998156517928785, 0.9681683749661927907, -0.000000000000000000 ) ) ;
#4661 = EDGE_CURVE ( 'NONE', #5684, #7208, #72, .T. ) ;
#4662 = DIRECTION ( 'NONE',  ( 0.2565694360824022358, -0.9665258012429662760, 0.000000000000000000 ) ) ;
#4663 = ORIENTED_EDGE ( 'NONE', *, *, #4349, .T. ) ;
#4664 = EDGE_CURVE ( 'NONE', #900, #3193, #5574, .T. ) ;
#4665 = ORIENTED_EDGE ( 'NONE', *, *, #6536, .T. ) ;
#4666 = EDGE_CURVE ( 'NONE', #6727, #6203, #1655, .T. ) ;
#4667 = LINE ( 'NONE', #6899, #5033 ) ;
#4668 = LINE ( 'NONE', #4908, #4954 ) ;
#4669 = CARTESIAN_POINT ( 'NONE',  ( 8.921011450483755212, 51.08714088092107630, 0.000000000000000000 ) ) ;
#4670 = DIRECTION ( 'NONE',  ( -0.9367150481856646449, -0.3500927284342363333, 0.000000000000000000 ) ) ;
#4671 = CARTESIAN_POINT ( 'NONE',  ( 9.490800000000000125, 86.88465999999999667, 0.000000000000000000 ) ) ;
#4672 = VECTOR ( 'NONE', #5284, 1000.000000000000000 ) ;
#4673 = LINE ( 'NONE', #4155, #5632 ) ;
#4674 = ADVANCED_FACE ( 'NONE', ( #581 ), #7205, .F. ) ;
#4675 = ORIENTED_EDGE ( 'NONE', *, *, #1544, .F. ) ;
#4676 = ORIENTED_EDGE ( 'NONE', *, *, #5628, .F. ) ;
#4677 = CARTESIAN_POINT ( 'NONE',  ( 9.793079999999999785, 86.35380000000000678, 0.000000000000000000 ) ) ;
#4678 = VECTOR ( 'NONE', #1907, 1000.000000000000227 ) ;
#4679 = CARTESIAN_POINT ( 'NONE',  ( 16.04970000000000141, 70.55512000000000228, 3.000000000000000000 ) ) ;
#4680 = CARTESIAN_POINT ( 'NONE',  ( 17.37471999999999994, 57.12697000000000003, 0.000000000000000000 ) ) ;
#4681 = ORIENTED_EDGE ( 'NONE', *, *, #2430, .T. ) ;
#4682 = DIRECTION ( 'NONE',  ( -0.000000000000000000, -0.000000000000000000, -1.000000000000000000 ) ) ;
#4683 = CARTESIAN_POINT ( 'NONE',  ( 17.52420000000000044, 66.29084000000000287, 0.000000000000000000 ) ) ;
#4684 = VERTEX_POINT ( 'NONE', #2876 ) ;
#4685 = ORIENTED_EDGE ( 'NONE', *, *, #5096, .F. ) ;
#4686 = VECTOR ( 'NONE', #1978, 1000.000000000000000 ) ;
#4687 = ORIENTED_EDGE ( 'NONE', *, *, #2834, .T. ) ;
#4688 = CARTESIAN_POINT ( 'NONE',  ( 11.34979000000000049, 82.91294000000000608, 3.000000000000000000 ) ) ;
#4689 = CARTESIAN_POINT ( 'NONE',  ( 18.86108730178907322, 32.27887001539321687, 3.000000000000000000 ) ) ;
#4690 = VECTOR ( 'NONE', #6716, 1000.000000000000000 ) ;
#4691 = DIRECTION ( 'NONE',  ( -0.3653161004453093219, -0.9308835301773432658, -0.000000000000000000 ) ) ;
#4692 = ORIENTED_EDGE ( 'NONE', *, *, #3601, .T. ) ;
#4693 = ORIENTED_EDGE ( 'NONE', *, *, #2710, .F. ) ;
#4694 = ORIENTED_EDGE ( 'NONE', *, *, #1104, .T. ) ;
#4695 = VECTOR ( 'NONE', #6152, 1000.000000000000227 ) ;
#4696 = EDGE_LOOP ( 'NONE', ( #6205, #3605, #4319, #5113 ) ) ;
#4697 = VECTOR ( 'NONE', #5645, 1000.000000000000000 ) ;
#4698 = FACE_OUTER_BOUND ( 'NONE', #3518, .T. ) ;
#4699 = CARTESIAN_POINT ( 'NONE',  ( 5.498310000000000031, 90.26606999999999914, 3.000000000000000000 ) ) ;
#4700 = DIRECTION ( 'NONE',  ( 0.2726679618305552499, -0.9621081969254657862, -0.000000000000000000 ) ) ;
#4701 = CARTESIAN_POINT ( 'NONE',  ( 2.959000000000000075, 90.76592999999999734, 3.000000000000000000 ) ) ;
#4703 = EDGE_CURVE ( 'NONE', #2760, #6224, #6613, .T. ) ;
#4702 = DIRECTION ( 'NONE',  ( -0.000000000000000000, -0.000000000000000000, -1.000000000000000000 ) ) ;
#4704 = PLANE ( 'NONE',  #7030 ) ;
#4705 = LINE ( 'NONE', #6382, #2059 ) ;
#4706 = VERTEX_POINT ( 'NONE', #2297 ) ;
#4707 = VECTOR ( 'NONE', #1823, 1000.000000000000000 ) ;
#4708 = ORIENTED_EDGE ( 'NONE', *, *, #6946, .T. ) ;
#4709 = FACE_OUTER_BOUND ( 'NONE', #991, .T. ) ;
#4710 = EDGE_CURVE ( 'NONE', #2737, #3555, #6749, .T. ) ;
#4711 = DIRECTION ( 'NONE',  ( -0.3412527087255571301, 0.9399715893512260445, 0.000000000000000000 ) ) ;
#4712 = FACE_OUTER_BOUND ( 'NONE', #4031, .T. ) ;
#4713 = VECTOR ( 'NONE', #2548, 1000.000000000000114 ) ;
#4714 = DIRECTION ( 'NONE',  ( -0.000000000000000000, -0.000000000000000000, -1.000000000000000000 ) ) ;
#4715 = EDGE_CURVE ( 'NONE', #5197, #1146, #3867, .T. ) ;
#4716 = DIRECTION ( 'NONE',  ( -0.9439525087094048361, -0.3300812949884028846, 0.000000000000000000 ) ) ;
#4717 = CARTESIAN_POINT ( 'NONE',  ( 0.2999999999999999889, 72.76761000000000479, 0.000000000000000000 ) ) ;
#4718 = ORIENTED_EDGE ( 'NONE', *, *, #4303, .F. ) ;
#4719 = VERTEX_POINT ( 'NONE', #7238 ) ;
#4720 = ORIENTED_EDGE ( 'NONE', *, *, #3603, .F. ) ;
#4721 = DIRECTION ( 'NONE',  ( -0.9229415051270704051, -0.3849402266765293845, 0.000000000000000000 ) ) ;
#4722 = DIRECTION ( 'NONE',  ( -0.2963185263075287512, -0.9550891743533345135, 0.000000000000000000 ) ) ;
#4723 = EDGE_CURVE ( 'NONE', #5618, #1814, #3903, .T. ) ;
#4724 = CARTESIAN_POINT ( 'NONE',  ( 8.596059999999999590, 59.28164000000000300, 3.000000000000000000 ) ) ;
#4725 = ORIENTED_EDGE ( 'NONE', *, *, #5735, .T. ) ;
#4726 = VECTOR ( 'NONE', #7224, 1000.000000000000000 ) ;
#4727 = CARTESIAN_POINT ( 'NONE',  ( 17.49502000000000024, 66.38796000000000674, 3.000000000000000000 ) ) ;
#4728 = ORIENTED_EDGE ( 'NONE', *, *, #5951, .F. ) ;
#4729 = ORIENTED_EDGE ( 'NONE', *, *, #361, .T. ) ;
#4730 = VECTOR ( 'NONE', #4139, 1000.000000000000227 ) ;
#4731 = CARTESIAN_POINT ( 'NONE',  ( 11.90103000000000044, 81.52304999999999779, 3.000000000000000000 ) ) ;
#4732 = EDGE_CURVE ( 'NONE', #1783, #5169, #4512, .T. ) ;
#4733 = CYLINDRICAL_SURFACE ( 'NONE', #1230, 5.000001934893071542 ) ;
#4734 = EDGE_CURVE ( 'NONE', #3193, #6929, #6130, .T. ) ;
#4735 = AXIS2_PLACEMENT_3D ( 'NONE', #1989, #4194, #2122 ) ;
#4736 = DIRECTION ( 'NONE',  ( -0.2502828339396513391, 0.9681727650761186021, 0.000000000000000000 ) ) ;
#4737 = VECTOR ( 'NONE', #942, 1000.000000000000000 ) ;
#4738 = EDGE_LOOP ( 'NONE', ( #2283, #7003, #4637, #5893 ) ) ;
#4739 = EDGE_LOOP ( 'NONE', ( #6313, #6528, #429, #3052 ) ) ;
#4740 = LINE ( 'NONE', #1350, #4492 ) ;
#4741 = CARTESIAN_POINT ( 'NONE',  ( 9.332910000000000039, 62.03824000000000183, 0.000000000000000000 ) ) ;
#4742 = DIRECTION ( 'NONE',  ( -0.000000000000000000, -0.000000000000000000, -1.000000000000000000 ) ) ;
#4743 = DIRECTION ( 'NONE',  ( -1.000000000000000000, 0.000000000000000000, 0.000000000000000000 ) ) ;
#4744 = LINE ( 'NONE', #1937, #2036 ) ;
#4745 = DIRECTION ( 'NONE',  ( 0.9333456062030593969, 0.3589790793088692977, -0.000000000000000000 ) ) ;
#4746 = LINE ( 'NONE', #183, #4246 ) ;
#4747 = ORIENTED_EDGE ( 'NONE', *, *, #921, .F. ) ;
#4748 = AXIS2_PLACEMENT_3D ( 'NONE', #2397, #5240, #759 ) ;
#4749 = DIRECTION ( 'NONE',  ( -0.000000000000000000, -1.000000000000000000, -0.000000000000000000 ) ) ;
#4750 = CARTESIAN_POINT ( 'NONE',  ( 14.27267999999999937, 75.16252000000000066, 3.000000000000000000 ) ) ;
#4751 = CARTESIAN_POINT ( 'NONE',  ( 16.97557000000000116, 67.99586999999999648, 3.000000000000000000 ) ) ;
#4752 = PLANE ( 'NONE',  #4090 ) ;
#4753 = LINE ( 'NONE', #848, #2051 ) ;
#4754 = ORIENTED_EDGE ( 'NONE', *, *, #6120, .F. ) ;
#4755 = ORIENTED_EDGE ( 'NONE', *, *, #3643, .T. ) ;
#4756 = LINE ( 'NONE', #1953, #4337 ) ;
#4757 = EDGE_CURVE ( 'NONE', #486, #2017, #4445, .T. ) ;
#4758 = LINE ( 'NONE', #416, #1180 ) ;
#4759 = CARTESIAN_POINT ( 'NONE',  ( 0.2999999999999999889, 82.79013000000000488, 3.000000000000000000 ) ) ;
#4760 = PLANE ( 'NONE',  #849 ) ;
#4761 = ORIENTED_EDGE ( 'NONE', *, *, #6584, .T. ) ;
#4762 = ADVANCED_FACE ( 'NONE', ( #6722 ), #6947, .F. ) ;
#4763 = VERTEX_POINT ( 'NONE', #2955 ) ;
#4764 = EDGE_CURVE ( 'NONE', #1920, #6653, #3463, .T. ) ;
#4765 = EDGE_CURVE ( 'NONE', #1378, #6636, #2448, .T. ) ;
#4766 = CARTESIAN_POINT ( 'NONE',  ( 13.77060999999999957, 76.52236000000000615, 3.000000000000000000 ) ) ;
#4767 = LINE ( 'NONE', #4802, #6007 ) ;
#4768 = VECTOR ( 'NONE', #902, 1000.000000000000227 ) ;
#4769 = CARTESIAN_POINT ( 'NONE',  ( 0.2999999999999999889, 65.29013000000000488, 0.000000000000000000 ) ) ;
#4770 = VECTOR ( 'NONE', #563, 1000.000000000000000 ) ;
#4771 = ORIENTED_EDGE ( 'NONE', *, *, #4869, .F. ) ;
#4772 = EDGE_CURVE ( 'NONE', #520, #4586, #2368, .T. ) ;
#4773 = ORIENTED_EDGE ( 'NONE', *, *, #2967, .T. ) ;
#4774 = PLANE ( 'NONE',  #5331 ) ;
#4775 = CARTESIAN_POINT ( 'NONE',  ( 7.339730000000000310, 68.13688000000000500, 3.000000000000000000 ) ) ;
#4776 = DIRECTION ( 'NONE',  ( -0.9681683749661927907, -0.2502998156517928785, 0.000000000000000000 ) ) ;
#4777 = PLANE ( 'NONE',  #4793 ) ;
#4778 = CARTESIAN_POINT ( 'NONE',  ( 12.86109110324589366, 54.27887061591118822, 3.000000000000000000 ) ) ;
#4779 = CARTESIAN_POINT ( 'NONE',  ( 11.36456000000000088, 82.87654000000000565, 3.000000000000000000 ) ) ;
#4780 = CARTESIAN_POINT ( 'NONE',  ( 1.399999999999999911, 69.02886999999999773, 3.000000000000000000 ) ) ;
#4781 = LINE ( 'NONE', #3750, #880 ) ;
#4782 = ORIENTED_EDGE ( 'NONE', *, *, #2528, .T. ) ;
#4783 = ORIENTED_EDGE ( 'NONE', *, *, #6268, .T. ) ;
#4784 = DIRECTION ( 'NONE',  ( 0.7477395987620154560, -0.6639920876360051460, 0.000000000000000000 ) ) ;
#4785 = FACE_OUTER_BOUND ( 'NONE', #7185, .T. ) ;
#4786 = DIRECTION ( 'NONE',  ( 0.9443510320092041166, -0.3289393991955830709, 0.000000000000000000 ) ) ;
#4787 = DIRECTION ( 'NONE',  ( -0.3289393991955830154, -0.9443510320092041166, -0.000000000000000000 ) ) ;
#4788 = PLANE ( 'NONE',  #1891 ) ;
#4789 = ORIENTED_EDGE ( 'NONE', *, *, #1759, .T. ) ;
#4790 = CARTESIAN_POINT ( 'NONE',  ( 11.47160145048375668, 41.54309088092107771, 3.000000000000000000 ) ) ;
#4791 = PLANE ( 'NONE',  #8 ) ;
#4792 = LINE ( 'NONE', #2158, #1942 ) ;
#4793 = AXIS2_PLACEMENT_3D ( 'NONE', #2011, #913, #3201 ) ;
#4794 = LINE ( 'NONE', #2032, #3864 ) ;
#4795 = EDGE_CURVE ( 'NONE', #3959, #2233, #6273, .T. ) ;
#4796 = VERTEX_POINT ( 'NONE', #6786 ) ;
#4797 = AXIS2_PLACEMENT_3D ( 'NONE', #2191, #2775, #62 ) ;
#4798 = VECTOR ( 'NONE', #4979, 1000.000000000000227 ) ;
#4799 = VERTEX_POINT ( 'NONE', #5762 ) ;
#4800 = LINE ( 'NONE', #864, #4768 ) ;
#4801 = ORIENTED_EDGE ( 'NONE', *, *, #4827, .F. ) ;
#4802 = CARTESIAN_POINT ( 'NONE',  ( 18.42449999999999832, 61.74425999999999704, 3.000000000000000000 ) ) ;
#4803 = ADVANCED_FACE ( 'NONE', ( #5717 ), #776, .F. ) ;
#4804 = EDGE_CURVE ( 'NONE', #2425, #5768, #4071, .T. ) ;
#4805 = DIRECTION ( 'NONE',  ( -0.3442068448743272335, 0.9388938427435025158, -0.000000000000000000 ) ) ;
#4806 = EDGE_CURVE ( 'NONE', #7035, #2364, #1368, .T. ) ;
#4807 = EDGE_LOOP ( 'NONE', ( #5581, #1306, #4199, #5514 ) ) ;
#4808 = VECTOR ( 'NONE', #2777, 1000.000000000000114 ) ;
#4809 = EDGE_LOOP ( 'NONE', ( #5942, #3547, #1520, #4527 ) ) ;
#4810 = PLANE ( 'NONE',  #1246 ) ;
#4811 = ORIENTED_EDGE ( 'NONE', *, *, #2670, .F. ) ;
#4812 = PLANE ( 'NONE',  #4600 ) ;
#4813 = CARTESIAN_POINT ( 'NONE',  ( 9.219260000000000232, 62.54903000000000191, 3.000000000000000000 ) ) ;
#4814 = VECTOR ( 'NONE', #2648, 999.9999999999998863 ) ;
#4815 = EDGE_CURVE ( 'NONE', #2067, #2206, #6865, .T. ) ;
#4816 = DIRECTION ( 'NONE',  ( 0.3475631328095994954, -0.9376565835696866191, 0.000000000000000000 ) ) ;
#4817 = CARTESIAN_POINT ( 'NONE',  ( 18.86108730178907322, 32.27887001539321687, 3.000000000000000000 ) ) ;
#4818 = LINE ( 'NONE', #5796, #1677 ) ;
#4819 = PERSON_AND_ORGANIZATION ( #5259, #2945 ) ;
#4820 = CARTESIAN_POINT ( 'NONE',  ( 17.95197999999999894, 64.72745999999999356, 3.000000000000000000 ) ) ;
#4821 = ORIENTED_EDGE ( 'NONE', *, *, #18, .F. ) ;
#4822 = VECTOR ( 'NONE', #6222, 1000.000000000000000 ) ;
#4823 = VECTOR ( 'NONE', #2474, 1000.000000000000227 ) ;
#4824 = ORIENTED_EDGE ( 'NONE', *, *, #3863, .T. ) ;
#4825 = CARTESIAN_POINT ( 'NONE',  ( 12.43595999999999968, 80.12586000000000297, 3.000000000000000000 ) ) ;
#4826 = LINE ( 'NONE', #4227, #5731 ) ;
#4827 = EDGE_CURVE ( 'NONE', #214, #3473, #6387, .T. ) ;
#4828 = CC_DESIGN_APPROVAL ( #5960, ( #5202 ) ) ;
#4829 = LINE ( 'NONE', #812, #2621 ) ;
#4830 = VECTOR ( 'NONE', #305, 1000.000000000000000 ) ;
#4831 = LINE ( 'NONE', #7064, #4206 ) ;
#4832 = VECTOR ( 'NONE', #837, 1000.000000000000114 ) ;
#4833 = ORIENTED_EDGE ( 'NONE', *, *, #200, .T. ) ;
#4834 = LINE ( 'NONE', #6060, #6913 ) ;
#4835 = CARTESIAN_POINT ( 'NONE',  ( 1.399999999999999911, 64.02886999999999773, 3.000000000000000000 ) ) ;
#4836 = VECTOR ( 'NONE', #3917, 1000.000000000000114 ) ;
#4837 = DIRECTION ( 'NONE',  ( -0.9685634894197033828, 0.2487664908365434524, -0.000000000000000000 ) ) ;
#4838 = ORIENTED_EDGE ( 'NONE', *, *, #653, .F. ) ;
#4839 = ORIENTED_EDGE ( 'NONE', *, *, #5925, .T. ) ;
#4840 = DIRECTION ( 'NONE',  ( -0.2806173895385632999, 0.9598197125963615628, -0.000000000000000000 ) ) ;
#4841 = AXIS2_PLACEMENT_3D ( 'NONE', #1750, #684, #70 ) ;
#4842 = EDGE_CURVE ( 'NONE', #1574, #585, #1832, .T. ) ;
#4843 = ORIENTED_EDGE ( 'NONE', *, *, #3826, .T. ) ;
#4844 = ORIENTED_EDGE ( 'NONE', *, *, #889, .T. ) ;
#4845 = VECTOR ( 'NONE', #839, 1000.000000000000227 ) ;
#4846 = ORIENTED_EDGE ( 'NONE', *, *, #4982, .T. ) ;
#4847 = CARTESIAN_POINT ( 'NONE',  ( 0.2999999999999999889, 75.26761000000000479, 0.000000000000000000 ) ) ;
#4848 = ADVANCED_FACE ( 'NONE', ( #106 ), #1869, .F. ) ;
#4849 = ORIENTED_EDGE ( 'NONE', *, *, #6463, .T. ) ;
#4850 = DIRECTION ( 'NONE',  ( 0.3626623328495923171, -0.9319206148230070319, -0.000000000000000000 ) ) ;
#4851 = CARTESIAN_POINT ( 'NONE',  ( 18.00748232759892176, 51.78476030372893746, 3.000000000000000000 ) ) ;
#4852 = VECTOR ( 'NONE', #714, 1000.000000000000114 ) ;
#4853 = VECTOR ( 'NONE', #7186, 1000.000000000000000 ) ;
#4854 = PLANE ( 'NONE',  #4562 ) ;
#4855 = CARTESIAN_POINT ( 'NONE',  ( 8.253989999999999938, 57.55418000000000234, 3.000000000000000000 ) ) ;
#4856 = CARTESIAN_POINT ( 'NONE',  ( 17.49502000000000024, 66.38796000000000674, 0.000000000000000000 ) ) ;
#4857 = DIRECTION ( 'NONE',  ( -1.000000000000000000, 0.000000000000000000, 0.000000000000000000 ) ) ;
#4858 = ORIENTED_EDGE ( 'NONE', *, *, #791, .T. ) ;
#4859 = EDGE_CURVE ( 'NONE', #5004, #355, #3997, .T. ) ;
#4860 = EDGE_LOOP ( 'NONE', ( #74, #2350, #2310, #1748 ) ) ;
#4861 = DIRECTION ( 'NONE',  ( -0.6731041976874533317, 0.7395476584071710713, -0.000000000000000000 ) ) ;
#4862 = ADVANCED_FACE ( 'NONE', ( #4712 ), #3620, .F. ) ;
#4863 = DIRECTION ( 'NONE',  ( -0.1083732154274047316, 0.9941102786803510671, -0.000000000000000000 ) ) ;
#4864 = ADVANCED_FACE ( 'NONE', ( #4037 ), #3032, .F. ) ;
#4865 = CARTESIAN_POINT ( 'NONE',  ( 9.139319999999999666, 87.42681000000000324, 3.000000000000000000 ) ) ;
#4866 = DIRECTION ( 'NONE',  ( -0.000000000000000000, -0.000000000000000000, -1.000000000000000000 ) ) ;
#4867 = DIRECTION ( 'NONE',  ( -0.000000000000000000, -0.000000000000000000, -1.000000000000000000 ) ) ;
#4868 = ORIENTED_EDGE ( 'NONE', *, *, #2959, .T. ) ;
#4869 = EDGE_CURVE ( 'NONE', #7018, #2832, #5255, .T. ) ;
#4870 = CARTESIAN_POINT ( 'NONE',  ( 12.17136999999999958, 80.82191000000000258, 0.000000000000000000 ) ) ;
#4871 = CARTESIAN_POINT ( 'NONE',  ( 17.66762999999999906, 57.78782000000000352, 3.000000000000000000 ) ) ;
#4872 = LINE ( 'NONE', #1587, #5719 ) ;
#4873 = VERTEX_POINT ( 'NONE', #1244 ) ;
#4874 = CARTESIAN_POINT ( 'NONE',  ( 18.29338999999999871, 59.81893000000000171, 3.000000000000000000 ) ) ;
#4875 = ORIENTED_EDGE ( 'NONE', *, *, #6408, .F. ) ;
#4876 = ORIENTED_EDGE ( 'NONE', *, *, #5641, .F. ) ;
#4877 = ORIENTED_EDGE ( 'NONE', *, *, #2267, .F. ) ;
#4878 = DIRECTION ( 'NONE',  ( -0.000000000000000000, -0.000000000000000000, -1.000000000000000000 ) ) ;
#4879 = EDGE_LOOP ( 'NONE', ( #4902, #6665, #3027, #5330 ) ) ;
#4880 = FACE_OUTER_BOUND ( 'NONE', #2483, .T. ) ;
#4881 = LINE ( 'NONE', #1499, #2857 ) ;
#4882 = FACE_OUTER_BOUND ( 'NONE', #2055, .T. ) ;
#4883 = CARTESIAN_POINT ( 'NONE',  ( 10.83693000000000062, 84.14285999999999888, 0.000000000000000000 ) ) ;
#4884 = CYLINDRICAL_SURFACE ( 'NONE', #417, 1.649999999999998579 ) ;
#4885 = DATE_AND_TIME ( #3717, #3874 ) ;
#4886 = DIRECTION ( 'NONE',  ( -0.6136209043809496277, -0.7896007761563470506, 0.000000000000000000 ) ) ;
#4887 = ADVANCED_FACE ( 'NONE', ( #845 ), #144, .F. ) ;
#4888 = PLANE ( 'NONE',  #2383 ) ;
#4889 = ORIENTED_EDGE ( 'NONE', *, *, #1459, .T. ) ;
#4890 = VERTEX_POINT ( 'NONE', #3756 ) ;
#4891 = DIRECTION ( 'NONE',  ( 0.6639920876360050350, 0.7477395987620153450, 0.000000000000000000 ) ) ;
#4892 = LINE ( 'NONE', #409, #2937 ) ;
#4893 = ADVANCED_FACE ( 'NONE', ( #5945 ), #5984, .F. ) ;
#4894 = FACE_OUTER_BOUND ( 'NONE', #6276, .T. ) ;
#4895 = DIRECTION ( 'NONE',  ( 1.000000000000000000, 0.000000000000000000, 0.000000000000000000 ) ) ;
#4896 = EDGE_CURVE ( 'NONE', #6197, #4156, #2124, .T. ) ;
#4897 = VERTEX_POINT ( 'NONE', #1578 ) ;
#4898 = CARTESIAN_POINT ( 'NONE',  ( 8.940851450483753737, 51.00050088092108069, 3.000000000000000000 ) ) ;
#4899 = ADVANCED_FACE ( 'NONE', ( #606 ), #2837, .F. ) ;
#4900 = DIRECTION ( 'NONE',  ( -0.000000000000000000, -0.000000000000000000, -1.000000000000000000 ) ) ;
#4901 = ORIENTED_EDGE ( 'NONE', *, *, #4348, .F. ) ;
#4902 = ORIENTED_EDGE ( 'NONE', *, *, #1871, .T. ) ;
#4903 = VECTOR ( 'NONE', #3704, 1000.000000000000000 ) ;
#4904 = LINE ( 'NONE', #3614, #132 ) ;
#4905 = ORIENTED_EDGE ( 'NONE', *, *, #3281, .T. ) ;
#4906 = EDGE_LOOP ( 'NONE', ( #4167, #1764, #2309, #1852 ) ) ;
#4907 = CARTESIAN_POINT ( 'NONE',  ( 0.2999999999999999889, 67.76761000000000479, 3.000000000000000000 ) ) ;
#4908 = CARTESIAN_POINT ( 'NONE',  ( 13.30276145048375369, 35.28694088092107961, 3.000000000000000000 ) ) ;
#4909 = DIRECTION ( 'NONE',  ( -0.3577414804154208094, 0.9338206643623726544, -0.000000000000000000 ) ) ;
#4910 = CARTESIAN_POINT ( 'NONE',  ( 22.58838232759892506, 35.61163030372893701, 0.000000000000000000 ) ) ;
#4911 = PLANE ( 'NONE',  #4314 ) ;
#4912 = DIRECTION ( 'NONE',  ( 0.8634399920101586412, -0.5044515637774326100, 0.000000000000000000 ) ) ;
#4913 = CARTESIAN_POINT ( 'NONE',  ( 17.76875000000000071, 65.43619999999999948, 3.000000000000000000 ) ) ;
#4914 = PLANE ( 'NONE',  #1802 ) ;
#4915 = ORIENTED_EDGE ( 'NONE', *, *, #5622, .T. ) ;
#4916 = CARTESIAN_POINT ( 'NONE',  ( 9.338660000000000849, 87.12870999999999810, 0.000000000000000000 ) ) ;
#4917 = VECTOR ( 'NONE', #803, 1000.000000000000000 ) ;
#4918 = CARTESIAN_POINT ( 'NONE',  ( 18.33457999999999899, 62.76655000000000229, 0.000000000000000000 ) ) ;
#4919 = DIRECTION ( 'NONE',  ( 0.2465032947897681237, -0.9691419533060101621, -0.000000000000000000 ) ) ;
#4920 = ADVANCED_FACE ( 'NONE', ( #5054 ), #4406, .F. ) ;
#4921 = DIRECTION ( 'NONE',  ( -0.9605577218940941631, -0.2780806769799515354, 0.000000000000000000 ) ) ;
#4922 = DIRECTION ( 'NONE',  ( -0.000000000000000000, -0.000000000000000000, -1.000000000000000000 ) ) ;
#4923 = CARTESIAN_POINT ( 'NONE',  ( 20.42677778629683161, 32.81052904619919275, 0.000000000000000000 ) ) ;
#4924 = VECTOR ( 'NONE', #5303, 1000.000000000000000 ) ;
#4925 = VERTEX_POINT ( 'NONE', #3244 ) ;
#4926 = DIRECTION ( 'NONE',  ( -0.3412450544907666417, 0.9399743681535117634, -0.000000000000000000 ) ) ;
#4927 = AXIS2_PLACEMENT_3D ( 'NONE', #5909, #4628, #3613 ) ;
#4928 = ADVANCED_FACE ( 'NONE', ( #2803 ), #7229, .F. ) ;
#4929 = VECTOR ( 'NONE', #4413, 1000.000000000000000 ) ;
#4930 = ORIENTED_EDGE ( 'NONE', *, *, #6465, .F. ) ;
#4931 = ORIENTED_EDGE ( 'NONE', *, *, #4024, .F. ) ;
#4932 = VECTOR ( 'NONE', #3093, 1000.000000000000227 ) ;
#4933 = EDGE_CURVE ( 'NONE', #3378, #6016, #6709, .T. ) ;
#4934 = ADVANCED_FACE ( 'NONE', ( #1645 ), #1158, .F. ) ;
#4935 = LINE ( 'NONE', #3024, #1545 ) ;
#4936 = ORIENTED_EDGE ( 'NONE', *, *, #5593, .T. ) ;
#4937 = ORIENTED_EDGE ( 'NONE', *, *, #4815, .T. ) ;
#4938 = ORIENTED_EDGE ( 'NONE', *, *, #7060, .T. ) ;
#4939 = EDGE_CURVE ( 'NONE', #4719, #1732, #6740, .T. ) ;
#4940 = DIRECTION ( 'NONE',  ( -0.6639920876360050350, -0.7477395987620153450, -0.000000000000000000 ) ) ;
#4941 = ORIENTED_EDGE ( 'NONE', *, *, #4263, .F. ) ;
#4942 = LINE ( 'NONE', #3842, #4853 ) ;
#4943 = LINE ( 'NONE', #2181, #3853 ) ;
#4944 = FACE_OUTER_BOUND ( 'NONE', #6549, .T. ) ;
#4945 = DIRECTION ( 'NONE',  ( -0.3457500829701086742, 0.9383266382908261871, -0.000000000000000000 ) ) ;
#4946 = VECTOR ( 'NONE', #437, 1000.000000000000000 ) ;
#4947 = LINE ( 'NONE', #2211, #3209 ) ;
#4948 = APPROVAL_DATE_TIME ( #1637, #6266 ) ;
#4949 = DIRECTION ( 'NONE',  ( 0.3487975229795879928, -0.9371981049721045398, 0.000000000000000000 ) ) ;
#4950 = DIRECTION ( 'NONE',  ( 0.9747690502113437461, 0.2232158120520924272, -0.000000000000000000 ) ) ;
#4951 = VERTEX_POINT ( 'NONE', #23 ) ;
#4952 = ORIENTED_EDGE ( 'NONE', *, *, #5428, .T. ) ;
#4953 = VECTOR ( 'NONE', #4059, 1000.000000000000114 ) ;
#4954 = VECTOR ( 'NONE', #6489, 1000.000000000000000 ) ;
#4955 = LINE ( 'NONE', #6639, #2389 ) ;
#4956 = AXIS2_PLACEMENT_3D ( 'NONE', #4565, #4016, #6803 ) ;
#4957 = LINE ( 'NONE', #3892, #707 ) ;
#4958 = CARTESIAN_POINT ( 'NONE',  ( 5.649799999999999933, 90.21210999999999558, 3.000000000000000000 ) ) ;
#4959 = CARTESIAN_POINT ( 'NONE',  ( 16.66123999999999938, 68.89531999999999812, 0.000000000000000000 ) ) ;
#4960 = VECTOR ( 'NONE', #197, 1000.000000000000000 ) ;
#4961 = DIRECTION ( 'NONE',  ( 0.2136287684056101255, -0.9769149140582829016, -0.000000000000000000 ) ) ;
#4962 = EDGE_LOOP ( 'NONE', ( #2395, #6752, #419, #3007 ) ) ;
#4963 = CARTESIAN_POINT ( 'NONE',  ( 8.187659999999999272, 56.60114999999999696, 3.000000000000000000 ) ) ;
#4964 = CARTESIAN_POINT ( 'NONE',  ( 1.399999999999999911, 86.52886999999999773, 3.000000000000000000 ) ) ;
#4965 = EDGE_LOOP ( 'NONE', ( #1155, #5819, #5152, #6839, #4128, #7235 ) ) ;
#4966 = EDGE_CURVE ( 'NONE', #1846, #1926, #4989, .T. ) ;
#4967 = EDGE_LOOP ( 'NONE', ( #3692, #3739, #5420, #3726 ) ) ;
#4968 = VECTOR ( 'NONE', #6622, 1000.000000000000000 ) ;
#4969 = ORIENTED_EDGE ( 'NONE', *, *, #4723, .T. ) ;
#4970 = EDGE_CURVE ( 'NONE', #7072, #4873, #1031, .T. ) ;
#4971 = CARTESIAN_POINT ( 'NONE',  ( 17.49502000000000024, 66.38796000000000674, 3.000000000000000000 ) ) ;
#4972 = VERTEX_POINT ( 'NONE', #1614 ) ;
#4973 = CC_DESIGN_PERSON_AND_ORGANIZATION_ASSIGNMENT ( #3848, #501, ( #2529 ) ) ;
#4974 = ORIENTED_EDGE ( 'NONE', *, *, #3242, .T. ) ;
#4975 = ADVANCED_FACE ( 'NONE', ( #7199 ), #1095, .F. ) ;
#4976 = VERTEX_POINT ( 'NONE', #4371 ) ;
#4977 = ORIENTED_EDGE ( 'NONE', *, *, #2795, .T. ) ;
#4978 = ORIENTED_EDGE ( 'NONE', *, *, #1009, .F. ) ;
#4979 = DIRECTION ( 'NONE',  ( 0.4078500890897715503, 0.9130489060447228855, -0.000000000000000000 ) ) ;
#4980 = DIRECTION ( 'NONE',  ( 0.9343870741299186156, 0.3562594499784251800, -0.000000000000000000 ) ) ;
#4981 = DIRECTION ( 'NONE',  ( -0.6639920876360050350, -0.7477395987620153450, -0.000000000000000000 ) ) ;
#4982 = EDGE_CURVE ( 'NONE', #733, #5820, #5498, .T. ) ;
#4983 = CARTESIAN_POINT ( 'NONE',  ( 21.06101232759892028, 40.79931030372893730, 3.000000000000000000 ) ) ;
#4984 = CARTESIAN_POINT ( 'NONE',  ( 7.404020000000000046, 89.25593999999999539, 3.000000000000000000 ) ) ;
#4985 = ORIENTED_EDGE ( 'NONE', *, *, #3556, .F. ) ;
#4986 = ORIENTED_EDGE ( 'NONE', *, *, #693, .T. ) ;
#4987 = CARTESIAN_POINT ( 'NONE',  ( 8.927300000000000679, 60.25028999999999968, 3.000000000000000000 ) ) ;
#4988 = CARTESIAN_POINT ( 'NONE',  ( 9.283419999999999561, 61.08001000000000147, 3.000000000000000000 ) ) ;
#4989 = LINE ( 'NONE', #3949, #2006 ) ;
#4990 = DIRECTION ( 'NONE',  ( 0.9305617759035780256, -0.3661349221628268369, 0.000000000000000000 ) ) ;
#4991 = LINE ( 'NONE', #1824, #6323 ) ;
#4992 = CARTESIAN_POINT ( 'NONE',  ( 19.07703773002802805, 33.92879801742021328, 0.000000000000000000 ) ) ;
#4993 = CARTESIAN_POINT ( 'NONE',  ( 12.86109110324589366, 54.27887061591118822, 3.000000000000000000 ) ) ;
#4994 = ORIENTED_EDGE ( 'NONE', *, *, #3150, .F. ) ;
#4995 = CARTESIAN_POINT ( 'NONE',  ( 17.50576999999999828, 57.42034999999999911, 0.000000000000000000 ) ) ;
#4996 = LINE ( 'NONE', #1751, #5163 ) ;
#4997 = DIRECTION ( 'NONE',  ( -0.4814983186975536622, 0.8764470144232501259, -0.000000000000000000 ) ) ;
#4998 = ORIENTED_EDGE ( 'NONE', *, *, #1459, .F. ) ;
#4999 = ORIENTED_EDGE ( 'NONE', *, *, #1963, .T. ) ;
#5000 = EDGE_CURVE ( 'NONE', #4344, #7208, #6086, .T. ) ;
#5001 = FACE_OUTER_BOUND ( 'NONE', #3594, .T. ) ;
#5002 = ORIENTED_EDGE ( 'NONE', *, *, #3840, .F. ) ;
#5003 = VERTEX_POINT ( 'NONE', #6056 ) ;
#5004 = VERTEX_POINT ( 'NONE', #3318 ) ;
#5005 = DIRECTION ( 'NONE',  ( 0.9963386023750430143, -0.08549496720477796352, 0.000000000000000000 ) ) ;
#5006 = EDGE_CURVE ( 'NONE', #1625, #1453, #5600, .T. ) ;
#5007 = CARTESIAN_POINT ( 'NONE',  ( 17.50576999999999828, 57.42034999999999911, 3.000000000000000000 ) ) ;
#5008 = VECTOR ( 'NONE', #6321, 1000.000000000000000 ) ;
#5009 = EDGE_CURVE ( 'NONE', #6690, #6024, #5535, .T. ) ;
#5010 = CARTESIAN_POINT ( 'NONE',  ( 17.70607232759892469, 53.04351030372892950, 0.000000000000000000 ) ) ;
#5011 = CARTESIAN_POINT ( 'NONE',  ( 10.07116145048375699, 46.54473088092107957, 3.000000000000000000 ) ) ;
#5012 = DIRECTION ( 'NONE',  ( 0.3560970834566535292, -0.9344489644457127930, 0.000000000000000000 ) ) ;
#5013 = VECTOR ( 'NONE', #6935, 1000.000000000000114 ) ;
#5014 = EDGE_LOOP ( 'NONE', ( #858, #202, #6477, #666 ) ) ;
#5015 = EDGE_CURVE ( 'NONE', #585, #2043, #1680, .T. ) ;
#5016 = CARTESIAN_POINT ( 'NONE',  ( 0.2999999999999999889, 70.26761000000000479, 3.000000000000000000 ) ) ;
#5017 = PLANE ( 'NONE',  #392 ) ;
#5018 = DIRECTION ( 'NONE',  ( 0.9666132626662118366, -0.2562397323558173179, 0.000000000000000000 ) ) ;
#5019 = VECTOR ( 'NONE', #5264, 1000.000000000000000 ) ;
#5020 = DIRECTION ( 'NONE',  ( -0.3627448623132300543, 0.9318884937938421986, -0.000000000000000000 ) ) ;
#5021 = CARTESIAN_POINT ( 'NONE',  ( 9.660151450483754232, 48.09307088092107563, 0.000000000000000000 ) ) ;
#5022 = DIRECTION ( 'NONE',  ( -0.000000000000000000, -0.000000000000000000, -1.000000000000000000 ) ) ;
#5023 = CARTESIAN_POINT ( 'NONE',  ( 17.70607232759892469, 53.04351030372892950, 3.000000000000000000 ) ) ;
#5024 = ORIENTED_EDGE ( 'NONE', *, *, #1905, .T. ) ;
#5025 = AXIS2_PLACEMENT_3D ( 'NONE', #2254, #6153, #5501 ) ;
#5026 = EDGE_CURVE ( 'NONE', #6362, #2619, #4957, .T. ) ;
#5027 = DIRECTION ( 'NONE',  ( -0.3554880106288306751, -0.9346808408751922093, -0.000000000000000000 ) ) ;
#5028 = EDGE_LOOP ( 'NONE', ( #5494, #6883, #1004, #4905 ) ) ;
#5029 = CARTESIAN_POINT ( 'NONE',  ( 17.21109000000000222, 32.27886999999999773, -6.000000000000000152E-06 ) ) ;
#5030 = CARTESIAN_POINT ( 'NONE',  ( 5.498310000000000031, 90.26606999999999914, 3.000000000000000000 ) ) ;
#5031 = VECTOR ( 'NONE', #3108, 1000.000000000000114 ) ;
#5032 = ORIENTED_EDGE ( 'NONE', *, *, #4703, .F. ) ;
#5033 = VECTOR ( 'NONE', #1903, 1000.000000000000227 ) ;
#5034 = VECTOR ( 'NONE', #835, 1000.000000000000000 ) ;
#5035 = ORIENTED_EDGE ( 'NONE', *, *, #1727, .F. ) ;
#5036 = DIRECTION ( 'NONE',  ( 0.9439507584893828129, 0.3300863001509135031, -0.000000000000000000 ) ) ;
#5037 = CIRCLE ( 'NONE', #5739, 1.650000000000000355 ) ;
#5038 = ORIENTED_EDGE ( 'NONE', *, *, #4511, .T. ) ;
#5039 = AXIS2_PLACEMENT_3D ( 'NONE', #3553, #6795, #6074 ) ;
#5040 = ORIENTED_EDGE ( 'NONE', *, *, #2713, .T. ) ;
#5041 = ORIENTED_EDGE ( 'NONE', *, *, #3447, .T. ) ;
#5042 = EDGE_CURVE ( 'NONE', #1143, #1065, #1127, .T. ) ;
#5043 = ORIENTED_EDGE ( 'NONE', *, *, #32, .T. ) ;
#5044 = VECTOR ( 'NONE', #1386, 1000.000000000000114 ) ;
#5045 = CARTESIAN_POINT ( 'NONE',  ( 20.51108999999999938, 32.27886999999999773, -6.000000000000000152E-06 ) ) ;
#5046 = DIRECTION ( 'NONE',  ( -0.2328688620750863081, 0.9725081455061723723, -0.000000000000000000 ) ) ;
#5047 = DIRECTION ( 'NONE',  ( -0.3355444881657946299, -0.9420243608641737376, 0.000000000000000000 ) ) ;
#5048 = FACE_OUTER_BOUND ( 'NONE', #3369, .T. ) ;
#5049 = ADVANCED_FACE ( 'NONE', ( #3021 ), #5635, .F. ) ;
#5050 = ORIENTED_EDGE ( 'NONE', *, *, #4896, .F. ) ;
#5051 = VECTOR ( 'NONE', #3464, 1000.000000000000000 ) ;
#5052 = CARTESIAN_POINT ( 'NONE',  ( 12.43595999999999968, 80.12586000000000297, 3.000000000000000000 ) ) ;
#5053 = CARTESIAN_POINT ( 'NONE',  ( 14.30291811333689544, 55.10983489780789313, -0.000000000000000000 ) ) ;
#5054 = FACE_OUTER_BOUND ( 'NONE', #4559, .T. ) ;
#5055 = PLANE ( 'NONE',  #6452 ) ;
#5056 = DIRECTION ( 'NONE',  ( 0.9605574470615089178, 0.2780816263162249058, -0.000000000000000000 ) ) ;
#5057 = EDGE_CURVE ( 'NONE', #2382, #806, #640, .T. ) ;
#5058 = LINE ( 'NONE', #1199, #7216 ) ;
#5059 = ORIENTED_EDGE ( 'NONE', *, *, #6808, .T. ) ;
#5060 = EDGE_CURVE ( 'NONE', #3566, #4221, #5244, .T. ) ;
#5061 = VECTOR ( 'NONE', #404, 1000.000000000000000 ) ;
#5062 = EDGE_CURVE ( 'NONE', #4191, #214, #6260, .T. ) ;
#5063 = LINE ( 'NONE', #4995, #1444 ) ;
#5064 = CARTESIAN_POINT ( 'NONE',  ( 0.2999999999999999889, 77.79013000000000488, 3.000000000000000000 ) ) ;
#5065 = LINE ( 'NONE', #686, #37 ) ;
#5066 = CARTESIAN_POINT ( 'NONE',  ( 0.2999999999999999889, 75.26761000000000479, 3.000000000000000000 ) ) ;
#5067 = VECTOR ( 'NONE', #235, 1000.000000000000114 ) ;
#5068 = AXIS2_PLACEMENT_3D ( 'NONE', #3075, #4443, #2811 ) ;
#5069 = ADVANCED_FACE ( 'NONE', ( #5126 ), #1893, .F. ) ;
#5070 = ORIENTED_EDGE ( 'NONE', *, *, #3362, .F. ) ;
#5071 = LINE ( 'NONE', #1286, #3248 ) ;
#5072 = ORIENTED_EDGE ( 'NONE', *, *, #5784, .F. ) ;
#5073 = DIRECTION ( 'NONE',  ( -0.000000000000000000, -0.000000000000000000, -1.000000000000000000 ) ) ;
#5074 = ORIENTED_EDGE ( 'NONE', *, *, #791, .F. ) ;
#5075 = ORIENTED_EDGE ( 'NONE', *, *, #6228, .T. ) ;
#5076 = VECTOR ( 'NONE', #3014, 1000.000000000000114 ) ;
#5077 = VERTEX_POINT ( 'NONE', #2867 ) ;
#5078 = EDGE_LOOP ( 'NONE', ( #768, #4125, #3938, #2106 ) ) ;
#5079 = ORIENTED_EDGE ( 'NONE', *, *, #5889, .T. ) ;
#5080 = CARTESIAN_POINT ( 'NONE',  ( 18.36489232759891976, 50.37956030372893679, 0.000000000000000000 ) ) ;
#5081 = DIRECTION ( 'NONE',  ( 0.04253410548969474569, 0.9990950154365657587, -0.000000000000000000 ) ) ;
#5082 = FACE_OUTER_BOUND ( 'NONE', #2339, .T. ) ;
#5083 = VERTEX_POINT ( 'NONE', #5211 ) ;
#5084 = ORIENTED_EDGE ( 'NONE', *, *, #613, .T. ) ;
#5085 = DIRECTION ( 'NONE',  ( -0.9305617759035780256, 0.3661349221628268369, -0.000000000000000000 ) ) ;
#5086 = DIRECTION ( 'NONE',  ( -0.4029604019263557380, -0.9152174137762839612, -0.000000000000000000 ) ) ;
#5087 = CARTESIAN_POINT ( 'NONE',  ( 10.27693000000000012, 85.38866000000000156, 3.000000000000000000 ) ) ;
#5088 = LINE ( 'NONE', #6151, #3076 ) ;
#5090 = EDGE_CURVE ( 'NONE', #5338, #5398, #134, .T. ) ;
#5089 = CARTESIAN_POINT ( 'NONE',  ( 11.54171660612083805, 53.26489281470281867, 0.000000000000000000 ) ) ;
#5091 = CARTESIAN_POINT ( 'NONE',  ( 9.219260000000000232, 62.54903000000000191, 3.000000000000000000 ) ) ;
#5092 = ORIENTED_EDGE ( 'NONE', *, *, #5000, .F. ) ;
#5093 = VERTEX_POINT ( 'NONE', #5087 ) ;
#5094 = DIRECTION ( 'NONE',  ( -0.000000000000000000, 0.000000000000000000, -1.000000000000000000 ) ) ;
#5095 = LINE ( 'NONE', #726, #4465 ) ;
#5096 = EDGE_CURVE ( 'NONE', #2762, #6884, #4536, .T. ) ;
#5097 = CARTESIAN_POINT ( 'NONE',  ( 1.399999999999999911, 84.02886999999999773, 3.000000000000000000 ) ) ;
#5098 = VECTOR ( 'NONE', #4961, 1000.000000000000000 ) ;
#5099 = CARTESIAN_POINT ( 'NONE',  ( 1.399999999999999911, 71.52886999999999773, 3.000000000000000000 ) ) ;
#5100 = ADVANCED_FACE ( 'NONE', ( #1936 ), #6340, .F. ) ;
#5101 = VECTOR ( 'NONE', #6198, 1000.000000000000114 ) ;
#5102 = EDGE_CURVE ( 'NONE', #957, #3196, #6181, .T. ) ;
#5103 = VECTOR ( 'NONE', #50, 1000.000000000000114 ) ;
#5104 = ORIENTED_EDGE ( 'NONE', *, *, #6960, .F. ) ;
#5105 = CARTESIAN_POINT ( 'NONE',  ( 11.34979000000000049, 82.91294000000000608, 0.000000000000000000 ) ) ;
#5106 = EDGE_CURVE ( 'NONE', #2195, #5560, #5667, .T. ) ;
#5107 = PLANE ( 'NONE',  #4012 ) ;
#5108 = VERTEX_POINT ( 'NONE', #1355 ) ;
#5109 = CARTESIAN_POINT ( 'NONE',  ( 18.42449999999999832, 61.74425999999999704, 0.000000000000000000 ) ) ;
#5110 = CARTESIAN_POINT ( 'NONE',  ( 0.2999999999999999889, 65.26761000000000479, 0.000000000000000000 ) ) ;
#5111 = ORIENTED_EDGE ( 'NONE', *, *, #4273, .F. ) ;
#5112 = ORIENTED_EDGE ( 'NONE', *, *, #5546, .F. ) ;
#5113 = ORIENTED_EDGE ( 'NONE', *, *, #2928, .T. ) ;
#5114 = ORIENTED_EDGE ( 'NONE', *, *, #7134, .F. ) ;
#5115 = VERTEX_POINT ( 'NONE', #5705 ) ;
#5116 = PLANE ( 'NONE',  #4956 ) ;
#5117 = LINE ( 'NONE', #2346, #5138 ) ;
#5118 = CARTESIAN_POINT ( 'NONE',  ( 8.186080000000000467, 56.05208999999999975, 0.000000000000000000 ) ) ;
#5119 = CARTESIAN_POINT ( 'NONE',  ( 10.57658999999999949, 84.73675000000000068, 3.000000000000000000 ) ) ;
#5120 = ORIENTED_EDGE ( 'NONE', *, *, #4939, .F. ) ;
#5121 = ORIENTED_EDGE ( 'NONE', *, *, #2137, .T. ) ;
#5122 = DIRECTION ( 'NONE',  ( -0.3072432872461547393, 0.9516310011985616990, -0.000000000000000000 ) ) ;
#5123 = VECTOR ( 'NONE', #201, 1000.000000000000000 ) ;
#5124 = CARTESIAN_POINT ( 'NONE',  ( 16.67915999999999954, 68.84505000000000052, 3.000000000000000000 ) ) ;
#5125 = DIRECTION ( 'NONE',  ( 0.1421254160483762796, -0.9898486581862279143, 0.000000000000000000 ) ) ;
#5126 = FACE_OUTER_BOUND ( 'NONE', #5276, .T. ) ;
#5127 = DIRECTION ( 'NONE',  ( 1.000000000000000000, 0.000000000000000000, 0.000000000000000000 ) ) ;
#5128 = VECTOR ( 'NONE', #6570, 1000.000000000000000 ) ;
#5129 = VECTOR ( 'NONE', #4321, 1000.000000000000114 ) ;
#5130 = LINE ( 'NONE', #221, #2745 ) ;
#5131 = VERTEX_POINT ( 'NONE', #1777 ) ;
#5132 = ORIENTED_EDGE ( 'NONE', *, *, #5102, .T. ) ;
#5133 = VERTEX_POINT ( 'NONE', #2942 ) ;
#5134 = DIRECTION ( 'NONE',  ( 0.9927503154724742762, -0.1201948881163528993, 0.000000000000000000 ) ) ;
#5135 = ADVANCED_FACE ( 'NONE', ( #5173 ), #2985, .F. ) ;
#5136 = DIRECTION ( 'NONE',  ( -0.000000000000000000, -0.000000000000000000, -1.000000000000000000 ) ) ;
#5137 = CARTESIAN_POINT ( 'NONE',  ( 18.86109000000000080, 32.27886999999999773, 3.000000000000000000 ) ) ;
#5138 = VECTOR ( 'NONE', #6329, 1000.000000000000114 ) ;
#5139 = DIRECTION ( 'NONE',  ( -0.6437984715112118339, 0.7651950915157699207, -0.000000000000000000 ) ) ;
#5140 = CARTESIAN_POINT ( 'NONE',  ( 1.399999999999999911, 71.52886999999999773, 0.000000000000000000 ) ) ;
#5141 = CIRCLE ( 'NONE', #1308, 1.650000000000000355 ) ;
#5142 = ORIENTED_EDGE ( 'NONE', *, *, #1385, .F. ) ;
#5143 = VERTEX_POINT ( 'NONE', #3573 ) ;
#5144 = DIRECTION ( 'NONE',  ( -0.000000000000000000, -0.000000000000000000, -1.000000000000000000 ) ) ;
#5145 = EDGE_CURVE ( 'NONE', #426, #521, #4658, .T. ) ;
#5146 = VECTOR ( 'NONE', #3836, 1000.000000000000114 ) ;
#5147 = DIRECTION ( 'NONE',  ( -0.9722942482526223396, -0.2337603362738597812, 0.000000000000000000 ) ) ;
#5148 = ORIENTED_EDGE ( 'NONE', *, *, #3281, .F. ) ;
#5149 = CARTESIAN_POINT ( 'NONE',  ( 8.836959999999999482, 60.01276000000000010, 3.000000000000000000 ) ) ;
#5150 = FACE_OUTER_BOUND ( 'NONE', #222, .T. ) ;
#5151 = ORIENTED_EDGE ( 'NONE', *, *, #5451, .T. ) ;
#5152 = ORIENTED_EDGE ( 'NONE', *, *, #3689, .F. ) ;
#5153 = EDGE_CURVE ( 'NONE', #121, #4165, #6776, .T. ) ;
#5154 = VECTOR ( 'NONE', #1820, 1000.000000000000000 ) ;
#5155 = ORIENTED_EDGE ( 'NONE', *, *, #4204, .T. ) ;
#5156 = ADVANCED_FACE ( 'NONE', ( #6855 ), #3419, .F. ) ;
#5157 = ORIENTED_EDGE ( 'NONE', *, *, #896, .F. ) ;
#5158 = EDGE_CURVE ( 'NONE', #3153, #3012, #3531, .T. ) ;
#5159 = EDGE_LOOP ( 'NONE', ( #4082, #6730, #4205, #3607 ) ) ;
#5160 = DIRECTION ( 'NONE',  ( -0.3132006565024907929, -0.9496869740953641781, 0.000000000000000000 ) ) ;
#5161 = DIRECTION ( 'NONE',  ( 1.000000000000000000, 0.000000000000000000, 0.000000000000000000 ) ) ;
#5162 = LOCAL_TIME ( 23, 22, 22.00000000000000000, #6634 ) ;
#5163 = VECTOR ( 'NONE', #3957, 1000.000000000000114 ) ;
#5164 = VECTOR ( 'NONE', #2943, 1000.000000000000000 ) ;
#5165 = DIRECTION ( 'NONE',  ( -0.2565664488957494216, 0.9665265942026761703, 0.000000000000000000 ) ) ;
#5166 = CARTESIAN_POINT ( 'NONE',  ( 18.17614000000000019, 63.71345000000000169, 3.000000000000000000 ) ) ;
#5167 = ADVANCED_FACE ( 'NONE', ( #764 ), #4777, .F. ) ;
#5168 = ORIENTED_EDGE ( 'NONE', *, *, #18, .T. ) ;
#5169 = VERTEX_POINT ( 'NONE', #836 ) ;
#5170 = VECTOR ( 'NONE', #5081, 1000.000000000000114 ) ;
#5171 = CARTESIAN_POINT ( 'NONE',  ( 11.95535145048375547, 39.87205088092107985, 3.000000000000000000 ) ) ;
#5172 = LINE ( 'NONE', #1935, #1323 ) ;
#5173 = FACE_OUTER_BOUND ( 'NONE', #3767, .T. ) ;
#5174 = CARTESIAN_POINT ( 'NONE',  ( 5.296789999999999665, 90.33253000000000554, 3.000000000000000000 ) ) ;
#5175 = CARTESIAN_POINT ( 'NONE',  ( 19.19854232759892199, 47.28960030372893897, 3.000000000000000000 ) ) ;
#5176 = CARTESIAN_POINT ( 'NONE',  ( 7.634750000000000369, 67.36311000000000604, 3.000000000000000000 ) ) ;
#5177 = VERTEX_POINT ( 'NONE', #3685 ) ;
#5178 = ORIENTED_EDGE ( 'NONE', *, *, #4982, .F. ) ;
#5179 = AXIS2_PLACEMENT_3D ( 'NONE', #1123, #1439, #4949 ) ;
#5180 = DIRECTION ( 'NONE',  ( -0.1201948881163529131, -0.9927503154724743872, 0.000000000000000000 ) ) ;
#5181 = CARTESIAN_POINT ( 'NONE',  ( 8.187659999999999272, 56.60114999999999696, 3.000000000000000000 ) ) ;
#5182 = DIRECTION ( 'NONE',  ( -0.000000000000000000, -0.000000000000000000, -1.000000000000000000 ) ) ;
#5183 = CARTESIAN_POINT ( 'NONE',  ( 9.283419999999999561, 61.08001000000000147, 3.000000000000000000 ) ) ;
#5184 = VECTOR ( 'NONE', #6301, 1000.000000000000000 ) ;
#5185 = DIRECTION ( 'NONE',  ( -0.000000000000000000, -0.000000000000000000, -1.000000000000000000 ) ) ;
#5186 = ORIENTED_EDGE ( 'NONE', *, *, #3465, .T. ) ;
#5187 = VERTEX_POINT ( 'NONE', #4883 ) ;
#5188 = LINE ( 'NONE', #195, #1189 ) ;
#5189 = DIRECTION ( 'NONE',  ( 0.6639920876360008162, -0.7477395987620191198, -0.000000000000000000 ) ) ;
#5190 = AXIS2_PLACEMENT_3D ( 'NONE', #126, #4461, #6702 ) ;
#5191 = VECTOR ( 'NONE', #7059, 1000.000000000000000 ) ;
#5192 = LINE ( 'NONE', #3469, #316 ) ;
#5193 = ORIENTED_EDGE ( 'NONE', *, *, #2174, .F. ) ;
#5194 = FACE_OUTER_BOUND ( 'NONE', #1740, .T. ) ;
#5195 = DIRECTION ( 'NONE',  ( -0.9347429957149197000, -0.3553245445531419966, 0.000000000000000000 ) ) ;
#5196 = EDGE_CURVE ( 'NONE', #6690, #1711, #5907, .T. ) ;
#5197 = VERTEX_POINT ( 'NONE', #6492 ) ;
#5198 = VERTEX_POINT ( 'NONE', #984 ) ;
#5199 = ORIENTED_EDGE ( 'NONE', *, *, #158, .T. ) ;
#5200 = CARTESIAN_POINT ( 'NONE',  ( 7.920240000000000613, 66.59875999999999863, 3.000000000000000000 ) ) ;
#5201 = EDGE_CURVE ( 'NONE', #6068, #4602, #295, .T. ) ;
#5202 = PRODUCT_DEFINITION ( 'UNKNOWN', '', #6684, #4566 ) ;
#5203 = LINE ( 'NONE', #5859, #4458 ) ;
#5204 = ADVANCED_FACE ( 'NONE', ( #1392 ), #3647, .F. ) ;
#5205 = VERTEX_POINT ( 'NONE', #4855 ) ;
#5206 = EDGE_LOOP ( 'NONE', ( #6964, #6694, #4159, #5928 ) ) ;
#5207 = ORIENTED_EDGE ( 'NONE', *, *, #5347, .T. ) ;
#5208 = CARTESIAN_POINT ( 'NONE',  ( 1.267830000000000013, 90.29388000000000147, 3.000000000000000000 ) ) ;
#5209 = EDGE_CURVE ( 'NONE', #1495, #2771, #1428, .T. ) ;
#5210 = LINE ( 'NONE', #4624, #4223 ) ;
#5211 = CARTESIAN_POINT ( 'NONE',  ( 8.204110000000000014, 56.97288999999999959, 0.000000000000000000 ) ) ;
#5212 = DIRECTION ( 'NONE',  ( 0.3960299235451150146, -0.9182376052290880386, 0.000000000000000000 ) ) ;
#5213 = DIRECTION ( 'NONE',  ( -0.9628389101304863917, -0.2700763468701716796, 0.000000000000000000 ) ) ;
#5214 = CARTESIAN_POINT ( 'NONE',  ( 7.585289999999999644, 89.11507000000000289, 3.000000000000000000 ) ) ;
#5215 = ORIENTED_EDGE ( 'NONE', *, *, #4734, .T. ) ;
#5216 = ORIENTED_EDGE ( 'NONE', *, *, #6309, .T. ) ;
#5217 = DIRECTION ( 'NONE',  ( -0.000000000000000000, -0.000000000000000000, -1.000000000000000000 ) ) ;
#5218 = LINE ( 'NONE', #2445, #5979 ) ;
#5219 = CARTESIAN_POINT ( 'NONE',  ( 18.86108730178907322, 32.27887001539321687, 0.000000000000000000 ) ) ;
#5220 = CARTESIAN_POINT ( 'NONE',  ( 8.192389999999999617, 65.84913000000000238, 3.000000000000000000 ) ) ;
#5221 = CARTESIAN_POINT ( 'NONE',  ( 11.90103000000000044, 81.52304999999999779, 0.000000000000000000 ) ) ;
#5222 = CYLINDRICAL_SURFACE ( 'NONE', #519, 5.000003579956787014 ) ;
#5223 = VERTEX_POINT ( 'NONE', #7113 ) ;
#5224 = LINE ( 'NONE', #735, #139 ) ;
#5225 = CARTESIAN_POINT ( 'NONE',  ( 0.2999999999999999889, 62.79012999999999778, 3.000000000000000000 ) ) ;
#5226 = LINE ( 'NONE', #2918, #5067 ) ;
#5227 = ORIENTED_EDGE ( 'NONE', *, *, #685, .F. ) ;
#5228 = DIRECTION ( 'NONE',  ( -0.6639920876360008162, -0.7477395987620191198, -0.000000000000000000 ) ) ;
#5229 = CARTESIAN_POINT ( 'NONE',  ( 14.51109000000000115, 54.27886999999999773, 3.000000000000000000 ) ) ;
#5230 = VERTEX_POINT ( 'NONE', #2050 ) ;
#5231 = ORIENTED_EDGE ( 'NONE', *, *, #4710, .T. ) ;
#5232 = VERTEX_POINT ( 'NONE', #5359 ) ;
#5233 = EDGE_CURVE ( 'NONE', #6374, #3981, #403, .T. ) ;
#5234 = LINE ( 'NONE', #5273, #5899 ) ;
#5235 = CARTESIAN_POINT ( 'NONE',  ( 13.24582000000000015, 77.95171000000000561, 0.000000000000000000 ) ) ;
#5236 = ORIENTED_EDGE ( 'NONE', *, *, #4124, .F. ) ;
#5237 = ORIENTED_EDGE ( 'NONE', *, *, #1231, .T. ) ;
#5238 = EDGE_CURVE ( 'NONE', #6319, #5108, #4217, .T. ) ;
#5239 = ORIENTED_EDGE ( 'NONE', *, *, #6219, .T. ) ;
#5240 = DIRECTION ( 'NONE',  ( 0.9678506045199171126, 0.2515257587811454143, -0.000000000000000000 ) ) ;
#5241 = EDGE_CURVE ( 'NONE', #786, #2469, #7085, .T. ) ;
#5242 = CARTESIAN_POINT ( 'NONE',  ( 13.69005145048375383, 33.97336088092107786, 3.000000000000000000 ) ) ;
#5243 = CARTESIAN_POINT ( 'NONE',  ( 9.338660000000000849, 87.12870999999999810, 3.000000000000000000 ) ) ;
#5244 = LINE ( 'NONE', #6296, #2227 ) ;
#5245 = CARTESIAN_POINT ( 'NONE',  ( 17.70607232759892469, 53.04351030372892950, 3.000000000000000000 ) ) ;
#5246 = PLANE ( 'NONE',  #5279 ) ;
#5247 = DIRECTION ( 'NONE',  ( -0.8160937670242691677, 0.5779195129290392030, -0.000000000000000000 ) ) ;
#5248 = LINE ( 'NONE', #6895, #5763 ) ;
#5249 = ORIENTED_EDGE ( 'NONE', *, *, #3689, .T. ) ;
#5250 = ORIENTED_EDGE ( 'NONE', *, *, #985, .F. ) ;
#5251 = EDGE_CURVE ( 'NONE', #6802, #3709, #3747, .T. ) ;
#5252 = DIRECTION ( 'NONE',  ( 0.2328688620750863081, -0.9725081455061722613, 0.000000000000000000 ) ) ;
#5253 = CARTESIAN_POINT ( 'NONE',  ( 16.66123999999999938, 68.89531999999999812, 3.000000000000000000 ) ) ;
#5254 = CARTESIAN_POINT ( 'NONE',  ( 9.648381450483755728, 48.13836088092107701, 3.000000000000000000 ) ) ;
#5255 = LINE ( 'NONE', #6233, #3742 ) ;
#5256 = PLANE ( 'NONE',  #2956 ) ;
#5257 = AXIS2_PLACEMENT_3D ( 'NONE', #96, #1857, #3987 ) ;
#5258 = DIRECTION ( 'NONE',  ( 0.2963185263075288067, 0.9550891743533345135, -0.000000000000000000 ) ) ;
#5259 = PERSON ( 'UNSPECIFIED', 'UNSPECIFIED', 'UNSPECIFIED', ('UNSPECIFIED'), ('UNSPECIFIED'), ('UNSPECIFIED') ) ;
#5260 = ORIENTED_EDGE ( 'NONE', *, *, #2332, .T. ) ;
#5261 = ADVANCED_FACE ( 'NONE', ( #2593 ), #5828, .T. ) ;
#5262 = ORIENTED_EDGE ( 'NONE', *, *, #5559, .T. ) ;
#5263 = DIRECTION ( 'NONE',  ( -0.9805017399207031081, -0.1965104017920528690, 0.000000000000000000 ) ) ;
#5264 = DIRECTION ( 'NONE',  ( -0.000000000000000000, -0.000000000000000000, -1.000000000000000000 ) ) ;
#5265 = CARTESIAN_POINT ( 'NONE',  ( 7.886489999999999334, 88.85902000000000100, 3.000000000000000000 ) ) ;
#5266 = ORIENTED_EDGE ( 'NONE', *, *, #5006, .F. ) ;
#5267 = CARTESIAN_POINT ( 'NONE',  ( 17.73826999999999998, 57.95756000000000085, 3.000000000000000000 ) ) ;
#5268 = ORIENTED_EDGE ( 'NONE', *, *, #3490, .T. ) ;
#5269 = ORIENTED_EDGE ( 'NONE', *, *, #876, .F. ) ;
#5270 = VECTOR ( 'NONE', #2758, 1000.000000000000000 ) ;
#5271 = CARTESIAN_POINT ( 'NONE',  ( 9.393620000000000303, 61.33030000000000115, 0.000000000000000000 ) ) ;
#5272 = ORIENTED_EDGE ( 'NONE', *, *, #3933, .T. ) ;
#5273 = CARTESIAN_POINT ( 'NONE',  ( 17.98780999999999963, 64.57842999999999734, 3.000000000000000000 ) ) ;
#5274 = VECTOR ( 'NONE', #1785, 1000.000000000000000 ) ;
#5275 = PLANE ( 'NONE',  #161 ) ;
#5276 = EDGE_LOOP ( 'NONE', ( #3249, #3809, #548, #6553 ) ) ;
#5277 = EDGE_LOOP ( 'NONE', ( #5943, #3006, #2981, #974 ) ) ;
#5278 = ORIENTED_EDGE ( 'NONE', *, *, #1248, .F. ) ;
#5279 = AXIS2_PLACEMENT_3D ( 'NONE', #7013, #4063, #335 ) ;
#5280 = VERTEX_POINT ( 'NONE', #5938 ) ;
#5281 = VECTOR ( 'NONE', #4481, 1000.000000000000000 ) ;
#5282 = CARTESIAN_POINT ( 'NONE',  ( 9.427469999999999573, 61.42535999999999774, 3.000000000000000000 ) ) ;
#5283 = CARTESIAN_POINT ( 'NONE',  ( 20.59539232759891902, 42.39191030372894176, 0.000000000000000000 ) ) ;
#5284 = DIRECTION ( 'NONE',  ( -0.000000000000000000, -0.000000000000000000, -1.000000000000000000 ) ) ;
#5285 = CARTESIAN_POINT ( 'NONE',  ( 14.54044000000000025, 74.45987999999999829, 3.000000000000000000 ) ) ;
#5286 = CARTESIAN_POINT ( 'NONE',  ( 15.73827999999999960, 71.37178000000000111, 3.000000000000000000 ) ) ;
#5287 = LINE ( 'NONE', #4384, #4686 ) ;
#5288 = EDGE_CURVE ( 'NONE', #4146, #5734, #6379, .T. ) ;
#5289 = CARTESIAN_POINT ( 'NONE',  ( 8.756370000000000431, 87.93825999999999965, 0.000000000000000000 ) ) ;
#5290 = ORIENTED_EDGE ( 'NONE', *, *, #3071, .F. ) ;
#5291 = VECTOR ( 'NONE', #7230, 999.9999999999998863 ) ;
#5292 = CARTESIAN_POINT ( 'NONE',  ( 12.44214000000000020, 80.10948999999999387, 3.000000000000000000 ) ) ;
#5293 = CARTESIAN_POINT ( 'NONE',  ( 8.952289999999999637, 87.68605999999999767, 0.000000000000000000 ) ) ;
#5294 = ADVANCED_FACE ( 'NONE', ( #3611 ), #3056, .F. ) ;
#5295 = FACE_OUTER_BOUND ( 'NONE', #4696, .T. ) ;
#5296 = FACE_OUTER_BOUND ( 'NONE', #291, .T. ) ;
#5297 = ADVANCED_FACE ( 'NONE', ( #4180 ), #2662, .F. ) ;
#5298 = CARTESIAN_POINT ( 'NONE',  ( 8.338839999999999364, 88.41728999999999417, 3.000000000000000000 ) ) ;
#5299 = ADVANCED_FACE ( 'NONE', ( #873 ), #3092, .F. ) ;
#5300 = ORIENTED_EDGE ( 'NONE', *, *, #3698, .T. ) ;
#5301 = VECTOR ( 'NONE', #1985, 1000.000000000000114 ) ;
#5302 = EDGE_LOOP ( 'NONE', ( #1073, #2072, #5690, #389 ) ) ;
#5303 = DIRECTION ( 'NONE',  ( -0.000000000000000000, -0.000000000000000000, -1.000000000000000000 ) ) ;
#5304 = LINE ( 'NONE', #1514, #5019 ) ;
#5305 = DIRECTION ( 'NONE',  ( -0.000000000000000000, -0.000000000000000000, -1.000000000000000000 ) ) ;
#5306 = ORIENTED_EDGE ( 'NONE', *, *, #6882, .F. ) ;
#5307 = AXIS2_PLACEMENT_3D ( 'NONE', #5832, #4629, #301 ) ;
#5308 = EDGE_CURVE ( 'NONE', #3337, #426, #6596, .T. ) ;
#5309 = PLANE ( 'NONE',  #3384 ) ;
#5310 = ORIENTED_EDGE ( 'NONE', *, *, #3786, .F. ) ;
#5311 = EDGE_LOOP ( 'NONE', ( #1595, #1295, #5539, #582 ) ) ;
#5312 = VECTOR ( 'NONE', #2114, 1000.000000000000000 ) ;
#5313 = VECTOR ( 'NONE', #6773, 1000.000000000000000 ) ;
#5314 = DIRECTION ( 'NONE',  ( -0.9389885394071710856, -0.3439484305270015807, 0.000000000000000000 ) ) ;
#5315 = ORIENTED_EDGE ( 'NONE', *, *, #3840, .T. ) ;
#5316 = AXIS2_PLACEMENT_3D ( 'NONE', #4766, #5314, #3188 ) ;
#5317 = DIRECTION ( 'NONE',  ( -0.000000000000000000, -0.000000000000000000, -1.000000000000000000 ) ) ;
#5318 = VECTOR ( 'NONE', #2215, 1000.000000000000000 ) ;
#5319 = CARTESIAN_POINT ( 'NONE',  ( 8.696220000000000283, 59.60871000000000208, 0.000000000000000000 ) ) ;
#5320 = ORIENTED_EDGE ( 'NONE', *, *, #6098, .T. ) ;
#5321 = VERTEX_POINT ( 'NONE', #3916 ) ;
#5322 = CARTESIAN_POINT ( 'NONE',  ( 17.50576999999999828, 57.42034999999999911, 3.000000000000000000 ) ) ;
#5323 = VERTEX_POINT ( 'NONE', #7220 ) ;
#5324 = DIRECTION ( 'NONE',  ( -0.9593294077907910111, -0.2822890138630445023, 0.000000000000000000 ) ) ;
#5325 = CARTESIAN_POINT ( 'NONE',  ( 8.186080000000002244, 56.05208999999999975, 0.000000000000000000 ) ) ;
#5326 = CARTESIAN_POINT ( 'NONE',  ( 15.12310000000000088, 72.95808999999999855, 3.000000000000000000 ) ) ;
#5327 = CARTESIAN_POINT ( 'NONE',  ( 17.29430999999999941, 56.93227000000000260, 0.000000000000000000 ) ) ;
#5328 = CARTESIAN_POINT ( 'NONE',  ( 8.476779999999999760, 58.83167999999999864, 3.000000000000000000 ) ) ;
#5329 = DIRECTION ( 'NONE',  ( -0.000000000000000000, -0.000000000000000000, -1.000000000000000000 ) ) ;
#5330 = ORIENTED_EDGE ( 'NONE', *, *, #3227, .T. ) ;
#5331 = AXIS2_PLACEMENT_3D ( 'NONE', #329, #7007, #4208 ) ;
#5332 = CARTESIAN_POINT ( 'NONE',  ( 17.23310999999999993, 67.22267999999999688, 0.000000000000000000 ) ) ;
#5333 = CARTESIAN_POINT ( 'NONE',  ( 11.95203145048375681, 39.88346088092108488, 0.000000000000000000 ) ) ;
#5334 = DIRECTION ( 'NONE',  ( -0.000000000000000000, -0.000000000000000000, -1.000000000000000000 ) ) ;
#5335 = EDGE_CURVE ( 'NONE', #3919, #4796, #7190, .T. ) ;
#5336 = LINE ( 'NONE', #5840, #2248 ) ;
#5337 = DIRECTION ( 'NONE',  ( 0.2769679073943136505, -0.9608791694451571663, 0.000000000000000000 ) ) ;
#5338 = VERTEX_POINT ( 'NONE', #2691 ) ;
#5339 = ADVANCED_FACE ( 'NONE', ( #2731 ), #4911, .F. ) ;
#5340 = LINE ( 'NONE', #7126, #6316 ) ;
#5341 = LINE ( 'NONE', #2609, #3048 ) ;
#5342 = EDGE_CURVE ( 'NONE', #1720, #2303, #1604, .T. ) ;
#5343 = LINE ( 'NONE', #3827, #1353 ) ;
#5344 = EDGE_CURVE ( 'NONE', #3841, #1559, #4425, .T. ) ;
#5345 = DIRECTION ( 'NONE',  ( -0.6639920876360050350, -0.7477395987620153450, -0.000000000000000000 ) ) ;
#5346 = VERTEX_POINT ( 'NONE', #6075 ) ;
#5347 = EDGE_CURVE ( 'NONE', #4972, #6782, #6700, .T. ) ;
#5348 = LINE ( 'NONE', #7036, #6629 ) ;
#5349 = PLANE ( 'NONE',  #3213 ) ;
#5350 = LINE ( 'NONE', #1418, #6691 ) ;
#5351 = VERTEX_POINT ( 'NONE', #2183 ) ;
#5352 = ORIENTED_EDGE ( 'NONE', *, *, #2754, .F. ) ;
#5353 = EDGE_CURVE ( 'NONE', #2550, #486, #1121, .T. ) ;
#5354 = FACE_OUTER_BOUND ( 'NONE', #230, .T. ) ;
#5355 = ORIENTED_EDGE ( 'NONE', *, *, #1510, .F. ) ;
#5356 = CARTESIAN_POINT ( 'NONE',  ( 18.86108730178907322, 32.27887001539321687, 3.000000000000000000 ) ) ;
#5357 = DIRECTION ( 'NONE',  ( -0.000000000000000000, -0.000000000000000000, 1.000000000000000000 ) ) ;
#5358 = PLANE ( 'NONE',  #3293 ) ;
#5359 = CARTESIAN_POINT ( 'NONE',  ( 17.98528999999999911, 58.62004999999999910, 3.000000000000000000 ) ) ;
#5360 = CARTESIAN_POINT ( 'NONE',  ( 12.17136999999999958, 80.82191000000000258, 3.000000000000000000 ) ) ;
#5361 = PERSON_AND_ORGANIZATION_ROLE ( 'design_owner' ) ;
#5362 = PLANE ( 'NONE',  #5527 ) ;
#5363 = ORIENTED_EDGE ( 'NONE', *, *, #3374, .F. ) ;
#5364 = ORIENTED_EDGE ( 'NONE', *, *, #3940, .T. ) ;
#5365 = LINE ( 'NONE', #951, #186 ) ;
#5366 = DIRECTION ( 'NONE',  ( -0.4267272519445349244, 0.9043803693401717414, -0.000000000000000000 ) ) ;
#5367 = CARTESIAN_POINT ( 'NONE',  ( 21.51069232759892103, 39.27112030372894225, 3.000000000000000000 ) ) ;
#5368 = CARTESIAN_POINT ( 'NONE',  ( 13.30276145048375369, 35.28694088092107961, 3.000000000000000000 ) ) ;
#5369 = VERTEX_POINT ( 'NONE', #2828 ) ;
#5370 = EDGE_CURVE ( 'NONE', #3134, #6446, #4396, .T. ) ;
#5371 = CARTESIAN_POINT ( 'NONE',  ( 1.399999999999999911, 79.02886999999999773, 3.000000000000000000 ) ) ;
#5372 = DIRECTION ( 'NONE',  ( -0.3619853076023841210, 0.9321838000523327006, -0.000000000000000000 ) ) ;
#5373 = VECTOR ( 'NONE', #3162, 1000.000000000000114 ) ;
#5374 = ORIENTED_EDGE ( 'NONE', *, *, #3149, .F. ) ;
#5375 = LINE ( 'NONE', #2612, #3284 ) ;
#5376 = EDGE_LOOP ( 'NONE', ( #6715, #3047, #2429, #6254 ) ) ;
#5377 = ORIENTED_EDGE ( 'NONE', *, *, #2977, .T. ) ;
#5378 = VECTOR ( 'NONE', #572, 1000.000000000000114 ) ;
#5379 = EDGE_CURVE ( 'NONE', #3011, #2273, #7147, .T. ) ;
#5380 = ORIENTED_EDGE ( 'NONE', *, *, #4340, .F. ) ;
#5381 = PLANE ( 'NONE',  #5897 ) ;
#5382 = VERTEX_POINT ( 'NONE', #3342 ) ;
#5383 = EDGE_CURVE ( 'NONE', #2431, #5382, #5589, .T. ) ;
#5384 = ORIENTED_EDGE ( 'NONE', *, *, #5721, .F. ) ;
#5385 = EDGE_CURVE ( 'NONE', #5754, #3616, #564, .T. ) ;
#5386 = VECTOR ( 'NONE', #3622, 1000.000000000000000 ) ;
#5387 = EDGE_CURVE ( 'NONE', #7078, #3466, #4359, .T. ) ;
#5388 = ORIENTED_EDGE ( 'NONE', *, *, #4842, .T. ) ;
#5389 = DIRECTION ( 'NONE',  ( -0.3817185528670683503, -0.9242786086440988313, -0.000000000000000000 ) ) ;
#5390 = DIRECTION ( 'NONE',  ( 0.6639920876359967084, -0.7477395987620227835, -0.000000000000000000 ) ) ;
#5391 = LINE ( 'NONE', #460, #2916 ) ;
#5392 = VECTOR ( 'NONE', #2677, 1000.000000000000114 ) ;
#5393 = CARTESIAN_POINT ( 'NONE',  ( 15.12310000000000088, 72.95808999999999855, 0.000000000000000000 ) ) ;
#5394 = DIRECTION ( 'NONE',  ( -0.000000000000000000, -0.000000000000000000, -1.000000000000000000 ) ) ;
#5395 = EDGE_CURVE ( 'NONE', #600, #7211, #2241, .T. ) ;
#5396 = DIRECTION ( 'NONE',  ( 0.7035464717667458956, -0.7106492538971410644, 0.000000000000000000 ) ) ;
#5397 = DIRECTION ( 'NONE',  ( -0.000000000000000000, -0.000000000000000000, -1.000000000000000000 ) ) ;
#5398 = VERTEX_POINT ( 'NONE', #4460 ) ;
#5399 = AXIS2_PLACEMENT_3D ( 'NONE', #3581, #5180, #5134 ) ;
#5400 = VECTOR ( 'NONE', #6119, 999.9999999999998863 ) ;
#5401 = EDGE_LOOP ( 'NONE', ( #4644, #7181, #591, #1872 ) ) ;
#5402 = DIRECTION ( 'NONE',  ( 0.2328662537798308618, -0.9725087700635647314, -0.000000000000000000 ) ) ;
#5403 = CARTESIAN_POINT ( 'NONE',  ( 9.070800000000000196, 63.12331999999999965, 3.000000000000000000 ) ) ;
#5404 = CARTESIAN_POINT ( 'NONE',  ( 18.86108730178907322, 32.27887001539321687, 3.000000000000000000 ) ) ;
#5405 = AXIS2_PLACEMENT_3D ( 'NONE', #5137, #71, #3497 ) ;
#5406 = LINE ( 'NONE', #412, #6662 ) ;
#5407 = VECTOR ( 'NONE', #2288, 1000.000000000000000 ) ;
#5408 = ORIENTED_EDGE ( 'NONE', *, *, #2843, .T. ) ;
#5409 = CARTESIAN_POINT ( 'NONE',  ( 12.70767000000000024, 79.40269999999999584, 3.000000000000000000 ) ) ;
#5410 = DIRECTION ( 'NONE',  ( -0.1722296474237795805, -0.9850568250351248167, -0.000000000000000000 ) ) ;
#5411 = VECTOR ( 'NONE', #1886, 1000.000000000000000 ) ;
#5412 = DIRECTION ( 'NONE',  ( -0.000000000000000000, -0.000000000000000000, 1.000000000000000000 ) ) ;
#5413 = ORIENTED_EDGE ( 'NONE', *, *, #3567, .F. ) ;
#5414 = DIRECTION ( 'NONE',  ( -1.000000000000000000, 0.000000000000000000, 0.000000000000000000 ) ) ;
#5415 = VECTOR ( 'NONE', #2953, 1000.000000000000114 ) ;
#5416 = ORIENTED_EDGE ( 'NONE', *, *, #4226, .T. ) ;
#5417 = EDGE_CURVE ( 'NONE', #4221, #2858, #6661, .T. ) ;
#5418 = ORIENTED_EDGE ( 'NONE', *, *, #2528, .F. ) ;
#5419 = AXIS2_PLACEMENT_3D ( 'NONE', #6974, #2472, #4178 ) ;
#5420 = ORIENTED_EDGE ( 'NONE', *, *, #4394, .F. ) ;
#5421 = DIRECTION ( 'NONE',  ( 0.2171757114640949227, -0.9761325270423397704, 0.000000000000000000 ) ) ;
#5422 = EDGE_CURVE ( 'NONE', #1711, #7239, #2150, .T. ) ;
#5423 = ORIENTED_EDGE ( 'NONE', *, *, #2137, .F. ) ;
#5424 = CARTESIAN_POINT ( 'NONE',  ( 22.32593232759892388, 36.50744030372894144, 3.000000000000000000 ) ) ;
#5425 = DIRECTION ( 'NONE',  ( 0.3922681273969433891, -0.9198509206542632155, 0.000000000000000000 ) ) ;
#5426 = AXIS2_PLACEMENT_3D ( 'NONE', #3589, #5809, #818 ) ;
#5427 = CARTESIAN_POINT ( 'NONE',  ( 6.401110000000000078, 89.88324000000000069, 3.000000000000000000 ) ) ;
#5428 = EDGE_CURVE ( 'NONE', #6469, #3134, #4323, .T. ) ;
#5429 = VECTOR ( 'NONE', #7083, 1000.000000000000227 ) ;
#5430 = DIRECTION ( 'NONE',  ( -0.3475631328095994954, 0.9376565835696866191, -0.000000000000000000 ) ) ;
#5431 = CARTESIAN_POINT ( 'NONE',  ( 13.24835000000000029, 77.94482999999999606, 0.000000000000000000 ) ) ;
#5432 = CARTESIAN_POINT ( 'NONE',  ( 17.73826999999999998, 57.95756000000000085, 0.000000000000000000 ) ) ;
#5433 = LINE ( 'NONE', #877, #4593 ) ;
#5434 = VERTEX_POINT ( 'NONE', #3885 ) ;
#5435 = CARTESIAN_POINT ( 'NONE',  ( 14.02144999999999975, 75.83755999999999631, 3.000000000000000000 ) ) ;
#5436 = EDGE_CURVE ( 'NONE', #1597, #121, #1567, .T. ) ;
#5437 = CARTESIAN_POINT ( 'NONE',  ( 18.10079999999999956, 58.99235999999999791, 0.000000000000000000 ) ) ;
#5438 = DIRECTION ( 'NONE',  ( 1.000000000000000000, 0.000000000000000000, 0.000000000000000000 ) ) ;
#5439 = CARTESIAN_POINT ( 'NONE',  ( 8.836959999999999482, 60.01276000000000010, 0.000000000000000000 ) ) ;
#5440 = FACE_OUTER_BOUND ( 'NONE', #2980, .T. ) ;
#5441 = VECTOR ( 'NONE', #5122, 1000.000000000000000 ) ;
#5442 = ORIENTED_EDGE ( 'NONE', *, *, #6842, .T. ) ;
#5443 = ORIENTED_EDGE ( 'NONE', *, *, #3142, .T. ) ;
#5444 = CARTESIAN_POINT ( 'NONE',  ( 10.31756999999999991, 85.30253000000000441, 3.000000000000000000 ) ) ;
#5445 = LINE ( 'NONE', #1002, #3516 ) ;
#5446 = EDGE_LOOP ( 'NONE', ( #1348, #3361, #7057, #6650 ) ) ;
#5447 = ORIENTED_EDGE ( 'NONE', *, *, #5925, .F. ) ;
#5448 = VERTEX_POINT ( 'NONE', #6043 ) ;
#5449 = ORIENTED_EDGE ( 'NONE', *, *, #5811, .T. ) ;
#5450 = ORIENTED_EDGE ( 'NONE', *, *, #6597, .T. ) ;
#5451 = EDGE_CURVE ( 'NONE', #4047, #3456, #499, .T. ) ;
#5452 = DIRECTION ( 'NONE',  ( 0.6639920876360008162, 0.7477395987620191198, 0.000000000000000000 ) ) ;
#5453 = CYLINDRICAL_SURFACE ( 'NONE', #6226, 5.000001934893071542 ) ;
#5454 = DIRECTION ( 'NONE',  ( -0.000000000000000000, -0.000000000000000000, -1.000000000000000000 ) ) ;
#5455 = FACE_OUTER_BOUND ( 'NONE', #2073, .T. ) ;
#5456 = CARTESIAN_POINT ( 'NONE',  ( 16.35858999999999952, 69.72839999999999350, 0.000000000000000000 ) ) ;
#5457 = DIRECTION ( 'NONE',  ( 1.000000000000000000, 0.000000000000000000, 0.000000000000000000 ) ) ;
#5458 =( NAMED_UNIT ( * ) PLANE_ANGLE_UNIT ( ) SI_UNIT ( $, .RADIAN. ) );
#5459 = CARTESIAN_POINT ( 'NONE',  ( 8.696220000000000283, 59.60871000000000208, 3.000000000000000000 ) ) ;
#5460 = CARTESIAN_POINT ( 'NONE',  ( 9.404189999999999827, 61.63889999999999958, 3.000000000000000000 ) ) ;
#5461 = ORIENTED_EDGE ( 'NONE', *, *, #1863, .F. ) ;
#5462 = ADVANCED_FACE ( 'NONE', ( #1959 ), #5689, .F. ) ;
#5463 = VERTEX_POINT ( 'NONE', #3512 ) ;
#5464 = DIRECTION ( 'NONE',  ( -0.4029604019263557380, -0.9152174137762839612, -0.000000000000000000 ) ) ;
#5465 = CARTESIAN_POINT ( 'NONE',  ( 0.2999999999999999889, 77.79013000000000488, 0.000000000000000000 ) ) ;
#5466 = CARTESIAN_POINT ( 'NONE',  ( 11.90103000000000044, 81.52304999999999779, 3.000000000000000000 ) ) ;
#5467 = DIRECTION ( 'NONE',  ( -0.5558708404050709539, 0.8312686742488015756, -0.000000000000000000 ) ) ;
#5468 = CARTESIAN_POINT ( 'NONE',  ( 17.25168000000000035, 56.80989000000000289, 0.000000000000000000 ) ) ;
#5469 = DIRECTION ( 'NONE',  ( -0.3516850965593078526, 0.9361183647691516674, -0.000000000000000000 ) ) ;
#5470 = CARTESIAN_POINT ( 'NONE',  ( 7.077650000000000219, 89.48705999999999960, 0.000000000000000000 ) ) ;
#5471 = EDGE_CURVE ( 'NONE', #3967, #1380, #1413, .T. ) ;
#5472 = ORIENTED_EDGE ( 'NONE', *, *, #2085, .F. ) ;
#5473 = DIRECTION ( 'NONE',  ( -0.3466242988673169934, 0.9380040487304630581, -0.000000000000000000 ) ) ;
#5474 = EDGE_CURVE ( 'NONE', #3676, #940, #1338, .T. ) ;
#5475 = DIRECTION ( 'NONE',  ( -0.000000000000000000, -0.000000000000000000, -1.000000000000000000 ) ) ;
#5476 = ORIENTED_EDGE ( 'NONE', *, *, #5385, .F. ) ;
#5477 = VERTEX_POINT ( 'NONE', #6363 ) ;
#5478 = VECTOR ( 'NONE', #12, 999.9999999999998863 ) ;
#5479 = DIRECTION ( 'NONE',  ( -1.000000000000000000, 0.000000000000000000, 0.000000000000000000 ) ) ;
#5480 = VECTOR ( 'NONE', #4495, 1000.000000000000000 ) ;
#5481 = ORIENTED_EDGE ( 'NONE', *, *, #357, .T. ) ;
#5482 = EDGE_LOOP ( 'NONE', ( #5921, #1585, #6654, #5260 ) ) ;
#5483 = ORIENTED_EDGE ( 'NONE', *, *, #2919, .T. ) ;
#5484 = LINE ( 'NONE', #1171, #7145 ) ;
#5485 = VERTEX_POINT ( 'NONE', #5729 ) ;
#5486 = ORIENTED_EDGE ( 'NONE', *, *, #4555, .T. ) ;
#5487 = LINE ( 'NONE', #6072, #1809 ) ;
#5488 = DIRECTION ( 'NONE',  ( -0.9982121400941220690, -0.05977058949611287197, 0.000000000000000000 ) ) ;
#5489 = CARTESIAN_POINT ( 'NONE',  ( 11.95535145048375547, 39.87205088092107985, 3.000000000000000000 ) ) ;
#5490 = CARTESIAN_POINT ( 'NONE',  ( 9.080659999999999954, 60.62163000000000324, 3.000000000000000000 ) ) ;
#5491 = CARTESIAN_POINT ( 'NONE',  ( 12.70767000000000024, 79.40269999999999584, 0.000000000000000000 ) ) ;
#5492 = DIRECTION ( 'NONE',  ( -0.000000000000000000, -0.000000000000000000, -1.000000000000000000 ) ) ;
#5493 = CARTESIAN_POINT ( 'NONE',  ( 8.940851450483753737, 51.00050088092108069, 3.000000000000000000 ) ) ;
#5494 = ORIENTED_EDGE ( 'NONE', *, *, #2256, .T. ) ;
#5495 = ORIENTED_EDGE ( 'NONE', *, *, #5784, .T. ) ;
#5496 = VECTOR ( 'NONE', #6582, 1000.000000000000000 ) ;
#5497 = DIRECTION ( 'NONE',  ( -0.000000000000000000, -0.000000000000000000, -1.000000000000000000 ) ) ;
#5498 = LINE ( 'NONE', #2159, #6300 ) ;
#5499 = DIRECTION ( 'NONE',  ( 0.2830600369807588779, -0.9591021923989390130, 0.000000000000000000 ) ) ;
#5500 = EDGE_CURVE ( 'NONE', #6543, #6058, #3630, .T. ) ;
#5501 = DIRECTION ( 'NONE',  ( 0.2811569828011464822, -0.9596617899146323571, 0.000000000000000000 ) ) ;
#5502 = VECTOR ( 'NONE', #3355, 1000.000000000000000 ) ;
#5503 = AXIS2_PLACEMENT_3D ( 'NONE', #461, #6522, #3684 ) ;
#5504 = LINE ( 'NONE', #7233, #3246 ) ;
#5505 = ORIENTED_EDGE ( 'NONE', *, *, #1063, .F. ) ;
#5506 = FACE_BOUND ( 'NONE', #5955, .T. ) ;
#5507 = VECTOR ( 'NONE', #5712, 1000.000000000000114 ) ;
#5508 = EDGE_CURVE ( 'NONE', #6435, #2762, #6796, .T. ) ;
#5509 = VECTOR ( 'NONE', #4682, 1000.000000000000000 ) ;
#5510 = CARTESIAN_POINT ( 'NONE',  ( 13.51037999999999961, 77.23219000000000278, 3.000000000000000000 ) ) ;
#5511 = ADVANCED_FACE ( 'NONE', ( #5150 ), #820, .F. ) ;
#5512 = EDGE_CURVE ( 'NONE', #4951, #5878, #3591, .T. ) ;
#5513 = VERTEX_POINT ( 'NONE', #4643 ) ;
#5514 = ORIENTED_EDGE ( 'NONE', *, *, #4124, .T. ) ;
#5515 = AXIS2_PLACEMENT_3D ( 'NONE', #6641, #411, #5499 ) ;
#5516 = EDGE_CURVE ( 'NONE', #2364, #5650, #3472, .T. ) ;
#5517 = ORIENTED_EDGE ( 'NONE', *, *, #2576, .F. ) ;
#5518 = CARTESIAN_POINT ( 'NONE',  ( 6.568950000000000067, 89.79461000000000581, 0.000000000000000000 ) ) ;
#5519 = ORIENTED_EDGE ( 'NONE', *, *, #6960, .T. ) ;
#5520 = ORIENTED_EDGE ( 'NONE', *, *, #1372, .T. ) ;
#5521 = VECTOR ( 'NONE', #5682, 1000.000000000000114 ) ;
#5522 = EDGE_LOOP ( 'NONE', ( #3061, #3080, #2706, #3641 ) ) ;
#5523 = ORIENTED_EDGE ( 'NONE', *, *, #1759, .F. ) ;
#5524 = PLANE ( 'NONE',  #1300 ) ;
#5525 = CARTESIAN_POINT ( 'NONE',  ( 11.95203145048375681, 39.88346088092108488, 3.000000000000000000 ) ) ;
#5526 = DIRECTION ( 'NONE',  ( -0.000000000000000000, -0.000000000000000000, -1.000000000000000000 ) ) ;
#5527 = AXIS2_PLACEMENT_3D ( 'NONE', #3650, #2735, #6047 ) ;
#5528 = DIRECTION ( 'NONE',  ( -0.000000000000000000, -0.000000000000000000, 1.000000000000000000 ) ) ;
#5529 = DIRECTION ( 'NONE',  ( 0.9725087700635647314, 0.2328662537798308618, -0.000000000000000000 ) ) ;
#5530 = ORIENTED_EDGE ( 'NONE', *, *, #1821, .F. ) ;
#5531 = ORIENTED_EDGE ( 'NONE', *, *, #5998, .F. ) ;
#5532 = VECTOR ( 'NONE', #871, 1000.000000000000000 ) ;
#5533 = VECTOR ( 'NONE', #2659, 1000.000000000000114 ) ;
#5534 = CARTESIAN_POINT ( 'NONE',  ( 11.84711281470145039, 55.59824339387815684, 0.000000000000000000 ) ) ;
#5535 = LINE ( 'NONE', #510, #4429 ) ;
#5536 = CARTESIAN_POINT ( 'NONE',  ( 7.339730000000000310, 68.13688000000000500, 3.000000000000000000 ) ) ;
#5537 = CARTESIAN_POINT ( 'NONE',  ( 9.262261450483755709, 49.65821088092107516, 3.000000000000000000 ) ) ;
#5538 = DIRECTION ( 'NONE',  ( -0.3653161004453093219, -0.9308835301773432658, -0.000000000000000000 ) ) ;
#5539 = ORIENTED_EDGE ( 'NONE', *, *, #6087, .F. ) ;
#5540 = LINE ( 'NONE', #2844, #1773 ) ;
#5541 = ADVANCED_FACE ( 'NONE', ( #4606 ), #5309, .F. ) ;
#5542 = CARTESIAN_POINT ( 'NONE',  ( 7.339730000000000310, 68.13688000000000500, 3.000000000000000000 ) ) ;
#5543 = EDGE_CURVE ( 'NONE', #319, #6802, #6963, .T. ) ;
#5544 = ORIENTED_EDGE ( 'NONE', *, *, #6531, .T. ) ;
#5545 = ADVANCED_FACE ( 'NONE', ( #1878 ), #4556, .F. ) ;
#5546 = EDGE_CURVE ( 'NONE', #7152, #6197, #2419, .T. ) ;
#5547 = ORIENTED_EDGE ( 'NONE', *, *, #2797, .T. ) ;
#5548 = CARTESIAN_POINT ( 'NONE',  ( 10.05781999999999954, 85.84056999999999960, 3.000000000000000000 ) ) ;
#5549 = ORIENTED_EDGE ( 'NONE', *, *, #5383, .F. ) ;
#5550 = ORIENTED_EDGE ( 'NONE', *, *, #685, .T. ) ;
#5551 = EDGE_CURVE ( 'NONE', #4706, #672, #6398, .T. ) ;
#5552 = ORIENTED_EDGE ( 'NONE', *, *, #1763, .T. ) ;
#5553 = FACE_OUTER_BOUND ( 'NONE', #5789, .T. ) ;
#5554 = ORIENTED_EDGE ( 'NONE', *, *, #1097, .F. ) ;
#5555 = LINE ( 'NONE', #5007, #4798 ) ;
#5556 = CARTESIAN_POINT ( 'NONE',  ( 18.29338999999999871, 59.81893000000000171, 3.000000000000000000 ) ) ;
#5557 = DIRECTION ( 'NONE',  ( 0.9665265942026762813, 0.2565664488957494771, -0.000000000000000000 ) ) ;
#5558 = FACE_OUTER_BOUND ( 'NONE', #4390, .T. ) ;
#5559 = EDGE_CURVE ( 'NONE', #710, #4684, #280, .T. ) ;
#5560 = VERTEX_POINT ( 'NONE', #3004 ) ;
#5561 = DIRECTION ( 'NONE',  ( -0.4814983186975536622, 0.8764470144232501259, -0.000000000000000000 ) ) ;
#5562 = CARTESIAN_POINT ( 'NONE',  ( 0.2999999999999999889, 72.79013000000000488, 0.000000000000000000 ) ) ;
#5563 = DIRECTION ( 'NONE',  ( -0.9436366585794974116, 0.3309831666186680565, 0.000000000000000000 ) ) ;
#5564 = DIRECTION ( 'NONE',  ( 0.2562397323558173179, 0.9666132626662118366, 0.000000000000000000 ) ) ;
#5565 = LINE ( 'NONE', #2868, #4109 ) ;
#5566 = PLANE ( 'NONE',  #1449 ) ;
#5567 = CARTESIAN_POINT ( 'NONE',  ( 0.2999999999999999889, 75.29013000000000488, 3.000000000000000000 ) ) ;
#5568 = LINE ( 'NONE', #3953, #90 ) ;
#5569 = ORIENTED_EDGE ( 'NONE', *, *, #679, .F. ) ;
#5570 = LINE ( 'NONE', #578, #3062 ) ;
#5571 = VERTEX_POINT ( 'NONE', #5229 ) ;
#5572 = CARTESIAN_POINT ( 'NONE',  ( 15.42811999999999983, 72.17426000000000386, 0.000000000000000000 ) ) ;
#5573 = DIRECTION ( 'NONE',  ( -0.000000000000000000, -0.000000000000000000, -1.000000000000000000 ) ) ;
#5574 = LINE ( 'NONE', #3326, #1084 ) ;
#5575 = EDGE_CURVE ( 'NONE', #3908, #6763, #238, .T. ) ;
#5576 = EDGE_LOOP ( 'NONE', ( #3334, #5547, #5079, #3437 ) ) ;
#5577 = ORIENTED_EDGE ( 'NONE', *, *, #2244, .T. ) ;
#5578 = PLANE ( 'NONE',  #1552 ) ;
#5579 = EDGE_CURVE ( 'NONE', #1213, #937, #1922, .T. ) ;
#5580 = ORIENTED_EDGE ( 'NONE', *, *, #4248, .T. ) ;
#5581 = ORIENTED_EDGE ( 'NONE', *, *, #4397, .T. ) ;
#5582 = ORIENTED_EDGE ( 'NONE', *, *, #1066, .F. ) ;
#5583 = VERTEX_POINT ( 'NONE', #3766 ) ;
#5584 = PLANE ( 'NONE',  #6589 ) ;
#5585 = ORIENTED_EDGE ( 'NONE', *, *, #3561, .F. ) ;
#5586 = CARTESIAN_POINT ( 'NONE',  ( 0.2999999999999999889, 65.26761000000000479, 3.000000000000000000 ) ) ;
#5587 = EDGE_CURVE ( 'NONE', #1920, #5187, #2133, .T. ) ;
#5588 = AXIS2_PLACEMENT_3D ( 'NONE', #4727, #859, #697 ) ;
#5589 = LINE ( 'NONE', #6632, #481 ) ;
#5590 = EDGE_CURVE ( 'NONE', #6782, #3676, #6540, .T. ) ;
#5591 = ADVANCED_BREP_SHAPE_REPRESENTATION ( '21_palec', ( #1549, #2614 ), #7044 ) ;
#5592 = CARTESIAN_POINT ( 'NONE',  ( 1.399999999999999911, 64.02886999999999773, 0.000000000000000000 ) ) ;
#5593 = EDGE_CURVE ( 'NONE', #2737, #4163, #5954, .T. ) ;
#5594 = CARTESIAN_POINT ( 'NONE',  ( 21.93486232759892474, 37.83389030372893558, 0.000000000000000000 ) ) ;
#5595 = AXIS2_PLACEMENT_3D ( 'NONE', #228, #4670, #6828 ) ;
#5596 = ORIENTED_EDGE ( 'NONE', *, *, #5683, .F. ) ;
#5597 = PLANE ( 'NONE',  #2516 ) ;
#5598 = EDGE_CURVE ( 'NONE', #5346, #771, #7070, .T. ) ;
#5599 = CARTESIAN_POINT ( 'NONE',  ( 14.51109000000000293, 54.38817643174526495, -0.000000000000000000 ) ) ;
#5600 = LINE ( 'NONE', #1060, #6893 ) ;
#5601 = CARTESIAN_POINT ( 'NONE',  ( 14.82530999999999999, 73.72311000000000547, 3.000000000000000000 ) ) ;
#5602 = DIRECTION ( 'NONE',  ( -0.9308893151544970213, -0.3653013590601487115, 0.000000000000000000 ) ) ;
#5603 = DIRECTION ( 'NONE',  ( -0.9568074110472172267, 0.2907225105923542108, -0.000000000000000000 ) ) ;
#5604 = ORIENTED_EDGE ( 'NONE', *, *, #6165, .F. ) ;
#5605 = VECTOR ( 'NONE', #5247, 1000.000000000000114 ) ;
#5606 = CARTESIAN_POINT ( 'NONE',  ( 4.131960000000000299, 90.70130000000000337, 3.000000000000000000 ) ) ;
#5607 = DIRECTION ( 'NONE',  ( -0.5410807105603990808, -0.8409706681326368782, 0.000000000000000000 ) ) ;
#5608 = CARTESIAN_POINT ( 'NONE',  ( 11.47608145048375583, 41.52750088092108172, 3.000000000000000000 ) ) ;
#5609 = CARTESIAN_POINT ( 'NONE',  ( 20.12335232759891923, 44.02245030372893808, 3.000000000000000000 ) ) ;
#5610 = VECTOR ( 'NONE', #1102, 1000.000000000000000 ) ;
#5611 = ORIENTED_EDGE ( 'NONE', *, *, #3142, .F. ) ;
#5612 = AXIS2_PLACEMENT_3D ( 'NONE', #1160, #5056, #1779 ) ;
#5613 = LINE ( 'NONE', #620, #1899 ) ;
#5614 = VECTOR ( 'NONE', #4997, 1000.000000000000227 ) ;
#5615 = DIRECTION ( 'NONE',  ( -0.6639920876360008162, -0.7477395987620191198, -0.000000000000000000 ) ) ;
#5616 = ORIENTED_EDGE ( 'NONE', *, *, #4021, .T. ) ;
#5617 = PLANE ( 'NONE',  #5972 ) ;
#5618 = VERTEX_POINT ( 'NONE', #4343 ) ;
#5619 = VECTOR ( 'NONE', #4470, 1000.000000000000227 ) ;
#5620 = ORIENTED_EDGE ( 'NONE', *, *, #1681, .F. ) ;
#5621 = VERTEX_POINT ( 'NONE', #3253 ) ;
#5622 = EDGE_CURVE ( 'NONE', #6281, #4630, #931, .T. ) ;
#5623 = CIRCLE ( 'NONE', #2255, 5.000001934893071542 ) ;
#5624 = CARTESIAN_POINT ( 'NONE',  ( 11.47608145048375583, 41.52750088092108172, 3.000000000000000000 ) ) ;
#5625 = CARTESIAN_POINT ( 'NONE',  ( 8.204110000000000014, 56.97288999999999959, 0.000000000000000000 ) ) ;
#5626 = CARTESIAN_POINT ( 'NONE',  ( 8.073380000000000223, 88.68542999999999665, 3.000000000000000000 ) ) ;
#5627 = ORIENTED_EDGE ( 'NONE', *, *, #6255, .F. ) ;
#5628 = EDGE_CURVE ( 'NONE', #1814, #6563, #1037, .T. ) ;
#5629 = ORIENTED_EDGE ( 'NONE', *, *, #1797, .T. ) ;
#5630 = LINE ( 'NONE', #2864, #5313 ) ;
#5631 = EDGE_CURVE ( 'NONE', #2003, #5571, #6576, .T. ) ;
#5632 = VECTOR ( 'NONE', #1870, 1000.000000000000000 ) ;
#5633 = PLANE ( 'NONE',  #185 ) ;
#5634 = CARTESIAN_POINT ( 'NONE',  ( 12.03012510218955455, 55.72069811333676626, -0.000000000000000000 ) ) ;
#5635 = PLANE ( 'NONE',  #5958 ) ;
#5636 = DIRECTION ( 'NONE',  ( -0.3800508707676218956, 0.9249655861861955097, -0.000000000000000000 ) ) ;
#5637 = FACE_OUTER_BOUND ( 'NONE', #3238, .T. ) ;
#5638 = CARTESIAN_POINT ( 'NONE',  ( 11.08099999999999952, 83.56645000000000323, 3.000000000000000000 ) ) ;
#5639 = ORIENTED_EDGE ( 'NONE', *, *, #1474, .F. ) ;
#5640 = VECTOR ( 'NONE', #2435, 1000.000000000000114 ) ;
#5641 = EDGE_CURVE ( 'NONE', #5338, #2541, #418, .T. ) ;
#5642 = CARTESIAN_POINT ( 'NONE',  ( 15.42811999999999983, 72.17426000000000386, 3.000000000000000000 ) ) ;
#5643 = DIRECTION ( 'NONE',  ( -0.6639920876360050350, -0.7477395987620153450, -0.000000000000000000 ) ) ;
#5644 = CARTESIAN_POINT ( 'NONE',  ( 7.038929999999999687, 68.91521000000000186, 3.000000000000000000 ) ) ;
#5645 = DIRECTION ( 'NONE',  ( -0.000000000000000000, -1.000000000000000000, -0.000000000000000000 ) ) ;
#5646 = VECTOR ( 'NONE', #1411, 999.9999999999998863 ) ;
#5647 = ORIENTED_EDGE ( 'NONE', *, *, #1714, .T. ) ;
#5648 = ORIENTED_EDGE ( 'NONE', *, *, #77, .T. ) ;
#5649 = DIRECTION ( 'NONE',  ( 0.3653161004453093774, 0.9308835301773432658, 0.000000000000000000 ) ) ;
#5650 = VERTEX_POINT ( 'NONE', #3144 ) ;
#5651 = CARTESIAN_POINT ( 'NONE',  ( 15.73827999999999960, 71.37178000000000111, 3.000000000000000000 ) ) ;
#5652 = DIRECTION ( 'NONE',  ( -0.2606186848905445719, 0.9654418165202515167, 0.000000000000000000 ) ) ;
#5653 = ORIENTED_EDGE ( 'NONE', *, *, #5551, .T. ) ;
#5654 = ORIENTED_EDGE ( 'NONE', *, *, #6495, .T. ) ;
#5655 = VERTEX_POINT ( 'NONE', #1447 ) ;
#5656 = VECTOR ( 'NONE', #1971, 1000.000000000000000 ) ;
#5657 = VERTEX_POINT ( 'NONE', #5892 ) ;
#5658 = ORIENTED_EDGE ( 'NONE', *, *, #1851, .T. ) ;
#5659 = CARTESIAN_POINT ( 'NONE',  ( 19.29298042899759125, 30.67189565605032442, 0.000000000000000000 ) ) ;
#5660 = PLANE ( 'NONE',  #4599 ) ;
#5661 = DIRECTION ( 'NONE',  ( -0.000000000000000000, -0.000000000000000000, -1.000000000000000000 ) ) ;
#5662 = EDGE_CURVE ( 'NONE', #733, #2824, #4872, .T. ) ;
#5663 = ORIENTED_EDGE ( 'NONE', *, *, #5090, .T. ) ;
#5664 = CARTESIAN_POINT ( 'NONE',  ( 11.36456000000000088, 82.87654000000000565, 0.000000000000000000 ) ) ;
#5665 = FACE_OUTER_BOUND ( 'NONE', #5078, .T. ) ;
#5666 = CARTESIAN_POINT ( 'NONE',  ( 11.25398264958487893, 54.71081552207494525, -0.000000000000000000 ) ) ;
#5667 = LINE ( 'NONE', #3487, #5953 ) ;
#5668 = DIRECTION ( 'NONE',  ( -0.3500927284342362777, 0.9367150481856646449, -0.000000000000000000 ) ) ;
#5669 = CARTESIAN_POINT ( 'NONE',  ( 13.07703773003453307, 52.62879801742157326, -0.000000000000000000 ) ) ;
#5670 = EDGE_CURVE ( 'NONE', #664, #3709, #5375, .T. ) ;
#5671 = CARTESIAN_POINT ( 'NONE',  ( 11.47160145048375668, 41.54309088092107771, 3.000000000000000000 ) ) ;
#5672 = ORIENTED_EDGE ( 'NONE', *, *, #1517, .T. ) ;
#5673 = ORIENTED_EDGE ( 'NONE', *, *, #2883, .T. ) ;
#5674 = FACE_OUTER_BOUND ( 'NONE', #4308, .T. ) ;
#5675 = DIRECTION ( 'NONE',  ( -1.000000000000000000, 0.000000000000000000, 0.000000000000000000 ) ) ;
#5676 = LINE ( 'NONE', #4036, #6095 ) ;
#5677 = VECTOR ( 'NONE', #1719, 1000.000000000000114 ) ;
#5678 = CARTESIAN_POINT ( 'NONE',  ( 17.37471999999999994, 57.12697000000000003, 3.000000000000000000 ) ) ;
#5679 = VECTOR ( 'NONE', #4598, 1000.000000000000000 ) ;
#5680 = ADVANCED_FACE ( 'NONE', ( #6026 ), #4760, .F. ) ;
#5681 = EDGE_CURVE ( 'NONE', #6896, #1711, #5445, .T. ) ;
#5682 = DIRECTION ( 'NONE',  ( -0.3560970834566534737, 0.9344489644457127930, -0.000000000000000000 ) ) ;
#5683 = EDGE_CURVE ( 'NONE', #6697, #3304, #6511, .T. ) ;
#5684 = VERTEX_POINT ( 'NONE', #2650 ) ;
#5685 = CARTESIAN_POINT ( 'NONE',  ( 9.277411450483755928, 49.59685088092108174, 0.000000000000000000 ) ) ;
#5686 = ORIENTED_EDGE ( 'NONE', *, *, #1774, .T. ) ;
#5687 = DIRECTION ( 'NONE',  ( -0.3582564665734863651, 0.9336232131637903775, -0.000000000000000000 ) ) ;
#5688 = EDGE_CURVE ( 'NONE', #3676, #1597, #897, .T. ) ;
#5689 = PLANE ( 'NONE',  #5588 ) ;
#5690 = ORIENTED_EDGE ( 'NONE', *, *, #200, .F. ) ;
#5691 = ORIENTED_EDGE ( 'NONE', *, *, #3105, .T. ) ;
#5692 = EDGE_LOOP ( 'NONE', ( #1701, #5845, #3354, #3631 ) ) ;
#5693 = EDGE_LOOP ( 'NONE', ( #2626, #6246, #5278, #6657 ) ) ;
#5694 = ORIENTED_EDGE ( 'NONE', *, *, #7050, .F. ) ;
#5695 = LINE ( 'NONE', #2207, #5480 ) ;
#5696 = PLANE ( 'NONE',  #3191 ) ;
#5697 = DIRECTION ( 'NONE',  ( -0.000000000000000000, -0.000000000000000000, -1.000000000000000000 ) ) ;
#5698 = ORIENTED_EDGE ( 'NONE', *, *, #3854, .T. ) ;
#5699 = ORIENTED_EDGE ( 'NONE', *, *, #6905, .F. ) ;
#5700 = LINE ( 'NONE', #4058, #652 ) ;
#5701 = VECTOR ( 'NONE', #3819, 1000.000000000000000 ) ;
#5702 = VERTEX_POINT ( 'NONE', #449 ) ;
#5703 = FACE_OUTER_BOUND ( 'NONE', #3760, .T. ) ;
#5704 = PLANE ( 'NONE',  #3872 ) ;
#5705 = CARTESIAN_POINT ( 'NONE',  ( 0.2999999999999999889, 65.26761000000000479, 3.000000000000000000 ) ) ;
#5706 = CARTESIAN_POINT ( 'NONE',  ( 0.2999999999999999889, 80.26761000000000479, 3.000000000000000000 ) ) ;
#5707 = DIRECTION ( 'NONE',  ( 0.3653013590601486560, -0.9308893151544969102, 0.000000000000000000 ) ) ;
#5708 = AXIS2_PLACEMENT_3D ( 'NONE', #994, #5438, #444 ) ;
#5709 = DIRECTION ( 'NONE',  ( -0.000000000000000000, -0.000000000000000000, -1.000000000000000000 ) ) ;
#5710 = ORIENTED_EDGE ( 'NONE', *, *, #2908, .F. ) ;
#5711 = ORIENTED_EDGE ( 'NONE', *, *, #1954, .T. ) ;
#5712 = DIRECTION ( 'NONE',  ( 0.2963185263075288067, 0.9550891743533345135, -0.000000000000000000 ) ) ;
#5713 = DIRECTION ( 'NONE',  ( -0.9361183647691516674, -0.3516850965593077971, 0.000000000000000000 ) ) ;
#5714 = LINE ( 'NONE', #2226, #5986 ) ;
#5715 = VECTOR ( 'NONE', #206, 1000.000000000000114 ) ;
#5716 = EDGE_CURVE ( 'NONE', #4270, #2134, #3182, .T. ) ;
#5717 = FACE_OUTER_BOUND ( 'NONE', #3768, .T. ) ;
#5718 = FACE_OUTER_BOUND ( 'NONE', #4879, .T. ) ;
#5719 = VECTOR ( 'NONE', #2542, 1000.000000000000114 ) ;
#5720 = ORIENTED_EDGE ( 'NONE', *, *, #6438, .T. ) ;
#5721 = EDGE_CURVE ( 'NONE', #4365, #1625, #4794, .T. ) ;
#5722 = CARTESIAN_POINT ( 'NONE',  ( 0.2999999999999999889, 75.26761000000000479, 0.000000000000000000 ) ) ;
#5723 = LINE ( 'NONE', #4080, #6395 ) ;
#5724 = VECTOR ( 'NONE', #2608, 1000.000000000000000 ) ;
#5725 = DIRECTION ( 'NONE',  ( 0.6134809334850161999, -0.7897095315686352146, 0.000000000000000000 ) ) ;
#5726 = EDGE_CURVE ( 'NONE', #670, #4415, #2100, .T. ) ;
#5727 = ORIENTED_EDGE ( 'NONE', *, *, #3295, .F. ) ;
#5728 = DIRECTION ( 'NONE',  ( -0.3562594499784251800, 0.9343870741299186156, 0.000000000000000000 ) ) ;
#5729 = CARTESIAN_POINT ( 'NONE',  ( 10.81339000000000006, 84.19744000000000028, 0.000000000000000000 ) ) ;
#5730 = ORIENTED_EDGE ( 'NONE', *, *, #2713, .F. ) ;
#5731 = VECTOR ( 'NONE', #2641, 1000.000000000000114 ) ;
#5732 = VECTOR ( 'NONE', #2216, 999.9999999999998863 ) ;
#5733 = ORIENTED_EDGE ( 'NONE', *, *, #5587, .F. ) ;
#5734 = VERTEX_POINT ( 'NONE', #4306 ) ;
#5735 = EDGE_CURVE ( 'NONE', #5232, #2890, #1546, .T. ) ;
#5736 = ORIENTED_EDGE ( 'NONE', *, *, #6851, .F. ) ;
#5737 = DIRECTION ( 'NONE',  ( 0.4029552329834815705, 0.9152196895889139761, -0.000000000000000000 ) ) ;
#5738 = LOCAL_TIME ( 23, 22, 22.00000000000000000, #2053 ) ;
#5739 = AXIS2_PLACEMENT_3D ( 'NONE', #2485, #1868, #1319 ) ;
#5740 = VECTOR ( 'NONE', #2052, 1000.000000000000000 ) ;
#5741 = DIRECTION ( 'NONE',  ( -0.000000000000000000, -0.000000000000000000, -1.000000000000000000 ) ) ;
#5742 = DIRECTION ( 'NONE',  ( -0.3899167100966784982, 0.9208501285157008054, -0.000000000000000000 ) ) ;
#5743 = EDGE_LOOP ( 'NONE', ( #6733, #4941, #42, #3458 ) ) ;
#5744 = ORIENTED_EDGE ( 'NONE', *, *, #5342, .F. ) ;
#5745 = DIRECTION ( 'NONE',  ( 0.9900352737546975757, 0.1408195892674775351, 0.000000000000000000 ) ) ;
#5746 = AXIS2_PLACEMENT_3D ( 'NONE', #4751, #2489, #268 ) ;
#5747 = ORIENTED_EDGE ( 'NONE', *, *, #5153, .T. ) ;
#5748 = FACE_OUTER_BOUND ( 'NONE', #3176, .T. ) ;
#5749 = CARTESIAN_POINT ( 'NONE',  ( 9.338660000000000849, 87.12870999999999810, 3.000000000000000000 ) ) ;
#5750 = DIRECTION ( 'NONE',  ( -0.3451004506262110305, 0.9385657563418696725, -0.000000000000000000 ) ) ;
#5751 = DIRECTION ( 'NONE',  ( -0.000000000000000000, -0.000000000000000000, -1.000000000000000000 ) ) ;
#5752 = CARTESIAN_POINT ( 'NONE',  ( 14.30278510687243809, 53.44796019527172604, 0.000000000000000000 ) ) ;
#5753 = FACE_OUTER_BOUND ( 'NONE', #6744, .T. ) ;
#5754 = VERTEX_POINT ( 'NONE', #2169 ) ;
#5755 = ORIENTED_EDGE ( 'NONE', *, *, #1219, .F. ) ;
#5756 = ORIENTED_EDGE ( 'NONE', *, *, #5871, .T. ) ;
#5757 = FACE_OUTER_BOUND ( 'NONE', #6923, .T. ) ;
#5758 = AXIS2_PLACEMENT_3D ( 'NONE', #5764, #147, #1949 ) ;
#5759 = CARTESIAN_POINT ( 'NONE',  ( 0.2999999999999999889, 67.79013000000000488, 3.000000000000000000 ) ) ;
#5760 = FACE_OUTER_BOUND ( 'NONE', #5277, .T. ) ;
#5761 = DIRECTION ( 'NONE',  ( -0.1722296474237795805, -0.9850568250351248167, -0.000000000000000000 ) ) ;
#5762 = CARTESIAN_POINT ( 'NONE',  ( 11.89142999999999972, 81.54774000000000456, 0.000000000000000000 ) ) ;
#5763 = VECTOR ( 'NONE', #6264, 1000.000000000000114 ) ;
#5764 = CARTESIAN_POINT ( 'NONE',  ( 4.702079999999999593, 90.55486999999999398, 3.000000000000000000 ) ) ;
#5765 = EDGE_CURVE ( 'NONE', #4447, #937, #4379, .T. ) ;
#5766 = VERTEX_POINT ( 'NONE', #2093 ) ;
#5767 = CARTESIAN_POINT ( 'NONE',  ( 20.59539232759891902, 42.39191030372894176, 3.000000000000000000 ) ) ;
#5768 = VERTEX_POINT ( 'NONE', #5920 ) ;
#5769 = DIRECTION ( 'NONE',  ( -0.000000000000000000, -0.000000000000000000, 1.000000000000000000 ) ) ;
#5770 = AXIS2_PLACEMENT_3D ( 'NONE', #5905, #797, #331 ) ;
#5771 = VECTOR ( 'NONE', #3781, 1000.000000000000000 ) ;
#5772 = LINE ( 'NONE', #2374, #5646 ) ;
#5773 = ORIENTED_EDGE ( 'NONE', *, *, #958, .F. ) ;
#5774 = LINE ( 'NONE', #3435, #2833 ) ;
#5775 = ADVANCED_FACE ( 'NONE', ( #5296 ), #4752, .F. ) ;
#5776 = CARTESIAN_POINT ( 'NONE',  ( 10.54606000000000066, 84.80473000000000638, 3.000000000000000000 ) ) ;
#5777 = EDGE_LOOP ( 'NONE', ( #6497, #5755, #5549, #4049 ) ) ;
#5778 = EDGE_CURVE ( 'NONE', #7078, #4239, #847, .T. ) ;
#5779 = ORIENTED_EDGE ( 'NONE', *, *, #4970, .F. ) ;
#5780 = ORIENTED_EDGE ( 'NONE', *, *, #5590, .T. ) ;
#5781 = ORIENTED_EDGE ( 'NONE', *, *, #6726, .T. ) ;
#5782 = ORIENTED_EDGE ( 'NONE', *, *, #4055, .F. ) ;
#5783 = DIRECTION ( 'NONE',  ( -0.8842808216668667232, 0.4669554887054771508, -0.000000000000000000 ) ) ;
#5784 = EDGE_CURVE ( 'NONE', #664, #3778, #1948, .T. ) ;
#5785 = DIRECTION ( 'NONE',  ( -0.000000000000000000, 1.000000000000000000, -0.000000000000000000 ) ) ;
#5786 = AXIS2_PLACEMENT_3D ( 'NONE', #6813, #1815, #5745 ) ;
#5787 = ORIENTED_EDGE ( 'NONE', *, *, #7130, .T. ) ;
#5788 = ORIENTED_EDGE ( 'NONE', *, *, #6406, .T. ) ;
#5789 = EDGE_LOOP ( 'NONE', ( #6480, #5835, #1077, #7197 ) ) ;
#5790 = FACE_OUTER_BOUND ( 'NONE', #3743, .T. ) ;
#5791 = VERTEX_POINT ( 'NONE', #5987 ) ;
#5792 = CARTESIAN_POINT ( 'NONE',  ( 11.21109000000000044, 54.27886999999999773, -1.200000000000000030E-05 ) ) ;
#5793 = FACE_OUTER_BOUND ( 'NONE', #6887, .T. ) ;
#5794 = DIRECTION ( 'NONE',  ( 0.6639920876359967084, -0.7477395987620227835, -0.000000000000000000 ) ) ;
#5795 = EDGE_CURVE ( 'NONE', #1550, #3097, #3754, .T. ) ;
#5796 = CARTESIAN_POINT ( 'NONE',  ( 0.2999999999999999889, 61.27886999999999773, 3.000000000000000000 ) ) ;
#5797 = CARTESIAN_POINT ( 'NONE',  ( 13.69205489780452467, 52.83704188666063573, -0.000000000000000000 ) ) ;
#5798 = LINE ( 'NONE', #1313, #4845 ) ;
#5799 = ORIENTED_EDGE ( 'NONE', *, *, #5628, .T. ) ;
#5800 = VERTEX_POINT ( 'NONE', #6985 ) ;
#5801 = DIRECTION ( 'NONE',  ( -0.3849402266765294400, 0.9229415051270705161, -0.000000000000000000 ) ) ;
#5802 = LINE ( 'NONE', #5880, #398 ) ;
#5803 = DIRECTION ( 'NONE',  ( -0.9141537684647648154, 0.4053675956482820641, 0.000000000000000000 ) ) ;
#5804 = DIRECTION ( 'NONE',  ( 0.3309831666186680565, 0.9436366585794974116, -0.000000000000000000 ) ) ;
#5805 = PLANE ( 'NONE',  #5758 ) ;
#5806 = ORIENTED_EDGE ( 'NONE', *, *, #5347, .F. ) ;
#5807 = LINE ( 'NONE', #816, #3291 ) ;
#5808 = DIRECTION ( 'NONE',  ( -0.4029552329834815705, -0.9152196895889139761, 0.000000000000000000 ) ) ;
#5809 = DIRECTION ( 'NONE',  ( 0.7477395987620191198, -0.6639920876360008162, 0.000000000000000000 ) ) ;
#5810 = ORIENTED_EDGE ( 'NONE', *, *, #3635, .T. ) ;
#5811 = EDGE_CURVE ( 'NONE', #930, #3294, #3069, .T. ) ;
#5812 = CARTESIAN_POINT ( 'NONE',  ( 1.399999999999999911, 79.02886999999999773, 0.000000000000000000 ) ) ;
#5813 = ORIENTED_EDGE ( 'NONE', *, *, #2430, .F. ) ;
#5814 = ORIENTED_EDGE ( 'NONE', *, *, #5590, .F. ) ;
#5815 = LINE ( 'NONE', #168, #2173 ) ;
#5816 = ADVANCED_FACE ( 'NONE', ( #996 ), #1984, .F. ) ;
#5817 = CARTESIAN_POINT ( 'NONE',  ( 10.52196145048375620, 44.89857088092107773, 3.000000000000000000 ) ) ;
#5818 = ORIENTED_EDGE ( 'NONE', *, *, #5000, .T. ) ;
#5819 = ORIENTED_EDGE ( 'NONE', *, *, #180, .F. ) ;
#5820 = VERTEX_POINT ( 'NONE', #4154 ) ;
#5821 = EDGE_CURVE ( 'NONE', #3124, #4118, #343, .T. ) ;
#5822 = ADVANCED_FACE ( 'NONE', ( #3697 ), #2491, .F. ) ;
#5823 = ORIENTED_EDGE ( 'NONE', *, *, #2349, .F. ) ;
#5825 = ADVANCED_FACE ( 'NONE', ( #5947 ), #4788, .F. ) ;
#5824 = DIRECTION ( 'NONE',  ( 1.000000000000000000, 0.000000000000000000, 0.000000000000000000 ) ) ;
#5826 = DIRECTION ( 'NONE',  ( -0.9156254341623777382, -0.4020324169951440818, 0.000000000000000000 ) ) ;
#5827 = ADVANCED_FACE ( 'NONE', ( #4189 ), #6504, .F. ) ;
#5828 = CYLINDRICAL_SURFACE ( 'NONE', #124, 5.000001934893071542 ) ;
#5829 = CARTESIAN_POINT ( 'NONE',  ( 14.27267999999999937, 75.16252000000000066, 3.000000000000000000 ) ) ;
#5830 = CARTESIAN_POINT ( 'NONE',  ( 20.12335232759891923, 44.02245030372893808, 0.000000000000000000 ) ) ;
#5831 = LINE ( 'NONE', #300, #6781 ) ;
#5832 = CARTESIAN_POINT ( 'NONE',  ( 9.490800000000000125, 86.88465999999999667, 3.000000000000000000 ) ) ;
#5833 = ORIENTED_EDGE ( 'NONE', *, *, #5765, .T. ) ;
#5834 = VERTEX_POINT ( 'NONE', #1540 ) ;
#5835 = ORIENTED_EDGE ( 'NONE', *, *, #2099, .F. ) ;
#5836 = EDGE_CURVE ( 'NONE', #964, #1950, #1405, .T. ) ;
#5837 = DIRECTION ( 'NONE',  ( -0.000000000000000000, -0.000000000000000000, -1.000000000000000000 ) ) ;
#5838 = DIRECTION ( 'NONE',  ( -0.3560970834566534737, 0.9344489644457127930, -0.000000000000000000 ) ) ;
#5839 = DIRECTION ( 'NONE',  ( -0.9088353327693465822, -0.4171550526003862669, 0.000000000000000000 ) ) ;
#5840 = CARTESIAN_POINT ( 'NONE',  ( 9.393620000000000303, 61.33030000000000115, 3.000000000000000000 ) ) ;
#5841 = VECTOR ( 'NONE', #596, 1000.000000000000000 ) ;
#5842 = DIRECTION ( 'NONE',  ( 0.2465032947897681237, -0.9691419533060101621, -0.000000000000000000 ) ) ;
#5843 = DIRECTION ( 'NONE',  ( 0.3498968677669054284, -0.9367882268297935688, -0.000000000000000000 ) ) ;
#5844 = ORIENTED_EDGE ( 'NONE', *, *, #3860, .F. ) ;
#5845 = ORIENTED_EDGE ( 'NONE', *, *, #6275, .F. ) ;
#5846 = DIRECTION ( 'NONE',  ( -0.000000000000000000, -0.000000000000000000, -1.000000000000000000 ) ) ;
#5847 = DIRECTION ( 'NONE',  ( -0.000000000000000000, -0.000000000000000000, -1.000000000000000000 ) ) ;
#5848 = DIRECTION ( 'NONE',  ( -0.3626499338719157972, 0.9319254398623824098, -0.000000000000000000 ) ) ;
#5849 = ORIENTED_EDGE ( 'NONE', *, *, #169, .F. ) ;
#5850 = CARTESIAN_POINT ( 'NONE',  ( 12.42373145048375704, 38.27000088092108143, 0.000000000000000000 ) ) ;
#5851 = ORIENTED_EDGE ( 'NONE', *, *, #5057, .T. ) ;
#5852 = ORIENTED_EDGE ( 'NONE', *, *, #4262, .T. ) ;
#5853 = VECTOR ( 'NONE', #5073, 1000.000000000000000 ) ;
#5854 = ORIENTED_EDGE ( 'NONE', *, *, #2711, .F. ) ;
#5855 = LINE ( 'NONE', #7104, #7183 ) ;
#5856 = ORIENTED_EDGE ( 'NONE', *, *, #4469, .F. ) ;
#5857 = DIRECTION ( 'NONE',  ( -0.000000000000000000, -0.000000000000000000, -1.000000000000000000 ) ) ;
#5858 = AXIS2_PLACEMENT_3D ( 'NONE', #1837, #5263, #3587 ) ;
#5859 = CARTESIAN_POINT ( 'NONE',  ( 16.06050000000000111, 70.52648999999999546, 3.000000000000000000 ) ) ;
#5860 = VERTEX_POINT ( 'NONE', #1438 ) ;
#5861 = ORIENTED_EDGE ( 'NONE', *, *, #2625, .F. ) ;
#5862 = EDGE_CURVE ( 'NONE', #6115, #3967, #3662, .T. ) ;
#5863 = CARTESIAN_POINT ( 'NONE',  ( 5.129159999999999719, 90.38315000000000055, 3.000000000000000000 ) ) ;
#5864 = AXIS2_PLACEMENT_3D ( 'NONE', #1276, #683, #1317 ) ;
#5865 = VECTOR ( 'NONE', #5086, 1000.000000000000227 ) ;
#5866 = FACE_OUTER_BOUND ( 'NONE', #1771, .T. ) ;
#5867 = DIRECTION ( 'NONE',  ( 0.5290202846542533255, -0.8486091788475614850, 0.000000000000000000 ) ) ;
#5868 = DIRECTION ( 'NONE',  ( 0.3229935981466659500, -0.9464011493844827205, 0.000000000000000000 ) ) ;
#5869 = CARTESIAN_POINT ( 'NONE',  ( 21.51069232759892103, 39.27112030372894225, 3.000000000000000000 ) ) ;
#5870 = FACE_OUTER_BOUND ( 'NONE', #7119, .T. ) ;
#5871 = EDGE_CURVE ( 'NONE', #1850, #5346, #3106, .T. ) ;
#5872 = LINE ( 'NONE', #988, #3323 ) ;
#5873 = VERTEX_POINT ( 'NONE', #2605 ) ;
#5874 = VECTOR ( 'NONE', #334, 1000.000000000000000 ) ;
#5875 = EDGE_CURVE ( 'NONE', #5860, #1284, #4831, .T. ) ;
#5876 = ORIENTED_EDGE ( 'NONE', *, *, #7037, .T. ) ;
#5877 = EDGE_CURVE ( 'NONE', #6303, #2421, #5406, .T. ) ;
#5878 = VERTEX_POINT ( 'NONE', #3859 ) ;
#5879 = LINE ( 'NONE', #4918, #4222 ) ;
#5880 = CARTESIAN_POINT ( 'NONE',  ( 18.76534232759892262, 48.87102030372894035, 3.000000000000000000 ) ) ;
#5881 = DIRECTION ( 'NONE',  ( -0.6639920876360050350, -0.7477395987620153450, -0.000000000000000000 ) ) ;
#5882 = CARTESIAN_POINT ( 'NONE',  ( 17.25848999999999833, 67.14406999999999925, 3.000000000000000000 ) ) ;
#5883 = ADVANCED_FACE ( 'NONE', ( #5440 ), #2193, .F. ) ;
#5884 = ORIENTED_EDGE ( 'NONE', *, *, #1290, .T. ) ;
#5885 = VECTOR ( 'NONE', #5661, 1000.000000000000000 ) ;
#5886 = FACE_OUTER_BOUND ( 'NONE', #371, .T. ) ;
#5887 = DIRECTION ( 'NONE',  ( -0.4362769262298644701, 0.8998124491467215380, -0.000000000000000000 ) ) ;
#5888 = DIRECTION ( 'NONE',  ( -0.000000000000000000, -0.000000000000000000, 1.000000000000000000 ) ) ;
#5889 = EDGE_CURVE ( 'NONE', #2272, #5571, #5141, .T. ) ;
#5890 = CIRCLE ( 'NONE', #6814, 5.000001934893071542 ) ;
#5891 = EDGE_CURVE ( 'NONE', #2533, #194, #1062, .T. ) ;
#5892 = CARTESIAN_POINT ( 'NONE',  ( 9.692830000000000723, 86.53628000000000497, 3.000000000000000000 ) ) ;
#5893 = ORIENTED_EDGE ( 'NONE', *, *, #3277, .T. ) ;
#5894 = VECTOR ( 'NONE', #536, 1000.000000000000000 ) ;
#5895 = ORIENTED_EDGE ( 'NONE', *, *, #3020, .T. ) ;
#5896 = CARTESIAN_POINT ( 'NONE',  ( 10.52929145048375581, 44.87212088092108075, 3.000000000000000000 ) ) ;
#5897 = AXIS2_PLACEMENT_3D ( 'NONE', #6481, #969, #6967 ) ;
#5898 = CARTESIAN_POINT ( 'NONE',  ( 21.93486232759892474, 37.83389030372893558, 3.000000000000000000 ) ) ;
#5899 = VECTOR ( 'NONE', #1997, 1000.000000000000000 ) ;
#5900 = FACE_OUTER_BOUND ( 'NONE', #1047, .T. ) ;
#5901 = ORIENTED_EDGE ( 'NONE', *, *, #7129, .T. ) ;
#5902 = ORIENTED_EDGE ( 'NONE', *, *, #5500, .T. ) ;
#5903 = CARTESIAN_POINT ( 'NONE',  ( 14.27267999999999937, 75.16252000000000066, 0.000000000000000000 ) ) ;
#5904 = DIRECTION ( 'NONE',  ( -0.000000000000000000, -0.000000000000000000, -1.000000000000000000 ) ) ;
#5905 = CARTESIAN_POINT ( 'NONE',  ( 18.43014000000000152, 61.23277999999999821, 3.000000000000000000 ) ) ;
#5906 = DIRECTION ( 'NONE',  ( 0.7477395987620191198, -0.6639920876360008162, 0.000000000000000000 ) ) ;
#5907 = LINE ( 'NONE', #1501, #4672 ) ;
#5908 = LINE ( 'NONE', #914, #39 ) ;
#5910 = EDGE_CURVE ( 'NONE', #4596, #4270, #6022, .T. ) ;
#5909 = CARTESIAN_POINT ( 'NONE',  ( 9.427469999999999573, 61.42535999999999774, 3.000000000000000000 ) ) ;
#5911 = LINE ( 'NONE', #2558, #1440 ) ;
#5912 = CARTESIAN_POINT ( 'NONE',  ( 9.080659999999999954, 60.62163000000000324, 3.000000000000000000 ) ) ;
#5913 = ORIENTED_EDGE ( 'NONE', *, *, #1927, .T. ) ;
#5914 = ORIENTED_EDGE ( 'NONE', *, *, #635, .F. ) ;
#5915 = LINE ( 'NONE', #3753, #5191 ) ;
#5916 = LINE ( 'NONE', #7157, #609 ) ;
#5917 = FACE_OUTER_BOUND ( 'NONE', #1968, .T. ) ;
#5918 = DIRECTION ( 'NONE',  ( -1.000000000000000000, 0.000000000000000000, 0.000000000000000000 ) ) ;
#5919 = ADVANCED_FACE ( 'NONE', ( #6057 ), #3320, .F. ) ;
#5920 = CARTESIAN_POINT ( 'NONE',  ( 18.29106000000000165, 63.06965000000000288, 3.000000000000000000 ) ) ;
#5921 = ORIENTED_EDGE ( 'NONE', *, *, #1470, .T. ) ;
#5922 = PLANE ( 'NONE',  #5068 ) ;
#5923 = EDGE_CURVE ( 'NONE', #285, #3255, #1098, .T. ) ;
#5924 = EDGE_CURVE ( 'NONE', #1217, #6884, #6609, .T. ) ;
#5925 = EDGE_CURVE ( 'NONE', #3482, #290, #2161, .T. ) ;
#5926 = DIRECTION ( 'NONE',  ( -0.3451004506262110305, 0.9385657563418696725, -0.000000000000000000 ) ) ;
#5927 = ORIENTED_EDGE ( 'NONE', *, *, #164, .T. ) ;
#5928 = ORIENTED_EDGE ( 'NONE', *, *, #5923, .T. ) ;
#5929 = DIRECTION ( 'NONE',  ( 0.2502828339396513391, -0.9681727650761184911, -0.000000000000000000 ) ) ;
#5930 = EDGE_CURVE ( 'NONE', #2541, #964, #1616, .T. ) ;
#5931 = EDGE_LOOP ( 'NONE', ( #1930, #1972, #6167, #5901 ) ) ;
#5932 = ORIENTED_EDGE ( 'NONE', *, *, #113, .F. ) ;
#5933 = ORIENTED_EDGE ( 'NONE', *, *, #976, .F. ) ;
#5934 = PLANE ( 'NONE',  #2284 ) ;
#5935 = CARTESIAN_POINT ( 'NONE',  ( 7.038929999999999687, 68.91521000000000186, 0.000000000000000000 ) ) ;
#5936 = CARTESIAN_POINT ( 'NONE',  ( 0.2999999999999999889, 70.29013000000000488, 3.000000000000000000 ) ) ;
#5937 = DIRECTION ( 'NONE',  ( -0.9376565835696866191, -0.3475631328095994954, 0.000000000000000000 ) ) ;
#5938 = CARTESIAN_POINT ( 'NONE',  ( 8.927300000000000679, 60.25028999999999968, 3.000000000000000000 ) ) ;
#5939 = PLANE ( 'NONE',  #51 ) ;
#5940 = APPROVAL_DATE_TIME ( #4885, #5960 ) ;
#5941 = DIRECTION ( 'NONE',  ( 0.000000000000000000, 0.000000000000000000, 1.000000000000000000 ) ) ;
#5942 = ORIENTED_EDGE ( 'NONE', *, *, #1768, .T. ) ;
#5943 = ORIENTED_EDGE ( 'NONE', *, *, #5951, .T. ) ;
#5944 = LINE ( 'NONE', #6567, #7074 ) ;
#5945 = FACE_OUTER_BOUND ( 'NONE', #1492, .T. ) ;
#5946 = DIRECTION ( 'NONE',  ( 0.2746205594197405619, -0.9615526758030413790, 0.000000000000000000 ) ) ;
#5947 = FACE_OUTER_BOUND ( 'NONE', #5693, .T. ) ;
#5948 = ORIENTED_EDGE ( 'NONE', *, *, #4806, .T. ) ;
#5949 = ORIENTED_EDGE ( 'NONE', *, *, #6506, .T. ) ;
#5950 = CARTESIAN_POINT ( 'NONE',  ( 13.24835000000000029, 77.94482999999999606, 3.000000000000000000 ) ) ;
#5951 = EDGE_CURVE ( 'NONE', #6224, #3579, #26, .T. ) ;
#5952 = DIRECTION ( 'NONE',  ( -0.000000000000000000, -0.000000000000000000, -1.000000000000000000 ) ) ;
#5953 = VECTOR ( 'NONE', #4103, 1000.000000000000114 ) ;
#5954 = LINE ( 'NONE', #3670, #4903 ) ;
#5955 = EDGE_LOOP ( 'NONE', ( #5782, #6602 ) ) ;
#5956 = ORIENTED_EDGE ( 'NONE', *, *, #6656, .F. ) ;
#5957 = EDGE_CURVE ( 'NONE', #5133, #4095, #1745, .T. ) ;
#5958 = AXIS2_PLACEMENT_3D ( 'NONE', #3451, #2899, #717 ) ;
#5959 = ORIENTED_EDGE ( 'NONE', *, *, #2224, .F. ) ;
#5960 = APPROVAL ( #1532, 'UNSPECIFIED' ) ;
#5961 = ADVANCED_FACE ( 'NONE', ( #3896 ), #6124, .F. ) ;
#5962 = DIRECTION ( 'NONE',  ( -0.2465032947897681237, 0.9691419533060101621, 0.000000000000000000 ) ) ;
#5963 = VECTOR ( 'NONE', #4161, 1000.000000000000000 ) ;
#5964 = EDGE_LOOP ( 'NONE', ( #3870, #4493, #2722, #1527 ) ) ;
#5965 = AXIS2_PLACEMENT_3D ( 'NONE', #5567, #575, #2806 ) ;
#5966 = EDGE_CURVE ( 'NONE', #3477, #6859, #6713, .T. ) ;
#5967 = EDGE_LOOP ( 'NONE', ( #6881, #851, #3440, #713 ) ) ;
#5968 = LINE ( 'NONE', #4907, #4383 ) ;
#5969 = EDGE_LOOP ( 'NONE', ( #507, #1599, #1836, #205 ) ) ;
#5970 = CARTESIAN_POINT ( 'NONE',  ( 7.038929999999999687, 68.91521000000000186, 3.000000000000000000 ) ) ;
#5971 = LINE ( 'NONE', #2080, #6361 ) ;
#5972 = AXIS2_PLACEMENT_3D ( 'NONE', #623, #4276, #4309 ) ;
#5973 = PLANE ( 'NONE',  #3654 ) ;
#5974 = CARTESIAN_POINT ( 'NONE',  ( 15.12310000000000088, 72.95808999999999855, 0.000000000000000000 ) ) ;
#5975 = CARTESIAN_POINT ( 'NONE',  ( 0.2999999999999999889, 70.26761000000000479, 0.000000000000000000 ) ) ;
#5976 = DIRECTION ( 'NONE',  ( -0.2817445358469327643, 0.9594894561798980037, -0.000000000000000000 ) ) ;
#5977 = CARTESIAN_POINT ( 'NONE',  ( 7.920240000000000613, 66.59875999999999863, 3.000000000000000000 ) ) ;
#5978 = ORIENTED_EDGE ( 'NONE', *, *, #7087, .T. ) ;
#5979 = VECTOR ( 'NONE', #5837, 1000.000000000000000 ) ;
#5980 = AXIS2_PLACEMENT_3D ( 'NONE', #5749, #1354, #5867 ) ;
#5981 = ORIENTED_EDGE ( 'NONE', *, *, #1523, .T. ) ;
#5982 = LINE ( 'NONE', #7091, #888 ) ;
#5983 = DIRECTION ( 'NONE',  ( -0.000000000000000000, -0.000000000000000000, -1.000000000000000000 ) ) ;
#5984 = PLANE ( 'NONE',  #5708 ) ;
#5985 = CARTESIAN_POINT ( 'NONE',  ( 8.681279999999999220, 64.41770999999999958, 3.000000000000000000 ) ) ;
#5986 = VECTOR ( 'NONE', #4510, 1000.000000000000000 ) ;
#5987 = CARTESIAN_POINT ( 'NONE',  ( 17.29430999999999941, 56.93227000000000260, 3.000000000000000000 ) ) ;
#5988 = VECTOR ( 'NONE', #4642, 1000.000000000000000 ) ;
#5989 = ORIENTED_EDGE ( 'NONE', *, *, #2678, .T. ) ;
#5990 = CARTESIAN_POINT ( 'NONE',  ( 16.95397000000000176, 68.05916000000000565, 0.000000000000000000 ) ) ;
#5991 = VECTOR ( 'NONE', #5785, 1000.000000000000000 ) ;
#5992 = CARTESIAN_POINT ( 'NONE',  ( 16.95397000000000176, 68.05916000000000565, 3.000000000000000000 ) ) ;
#5993 = EDGE_CURVE ( 'NONE', #6516, #900, #5911, .T. ) ;
#5994 = ORIENTED_EDGE ( 'NONE', *, *, #4664, .T. ) ;
#5995 = ORIENTED_EDGE ( 'NONE', *, *, #6997, .F. ) ;
#5996 = DIRECTION ( 'NONE',  ( -0.9018951281108494866, 0.4319550646651967862, -0.000000000000000000 ) ) ;
#5997 = VECTOR ( 'NONE', #6950, 999.9999999999998863 ) ;
#5998 = EDGE_CURVE ( 'NONE', #3388, #5346, #1939, .T. ) ;
#5999 = ADVANCED_FACE ( 'NONE', ( #4144 ), #4704, .F. ) ;
#6000 = ORIENTED_EDGE ( 'NONE', *, *, #7218, .F. ) ;
#6001 = VECTOR ( 'NONE', #3886, 1000.000000000000114 ) ;
#6002 = ORIENTED_EDGE ( 'NONE', *, *, #798, .T. ) ;
#6003 = LINE ( 'NONE', #7108, #6970 ) ;
#6004 = EDGE_LOOP ( 'NONE', ( #7032, #3873, #7041, #6981 ) ) ;
#6005 = DIRECTION ( 'NONE',  ( -0.8409706681326368782, 0.5410807105603990808, -0.000000000000000000 ) ) ;
#6006 = LINE ( 'NONE', #6490, #637 ) ;
#6007 = VECTOR ( 'NONE', #3121, 1000.000000000000000 ) ;
#6008 = EDGE_CURVE ( 'NONE', #156, #4610, #6907, .T. ) ;
#6009 = CARTESIAN_POINT ( 'NONE',  ( 7.404020000000000046, 89.25593999999999539, 0.000000000000000000 ) ) ;
#6010 = CARTESIAN_POINT ( 'NONE',  ( 9.277411450483755928, 49.59685088092108174, 3.000000000000000000 ) ) ;
#6011 = CARTESIAN_POINT ( 'NONE',  ( 9.490800000000000125, 86.88465999999999667, 3.000000000000000000 ) ) ;
#6012 = PERSON_AND_ORGANIZATION ( #5259, #2945 ) ;
#6013 = CARTESIAN_POINT ( 'NONE',  ( 11.61999999999999922, 82.23909000000000447, 3.000000000000000000 ) ) ;
#6014 = FACE_OUTER_BOUND ( 'NONE', #338, .T. ) ;
#6015 = ORIENTED_EDGE ( 'NONE', *, *, #3359, .T. ) ;
#6016 = VERTEX_POINT ( 'NONE', #2014 ) ;
#6017 = DIRECTION ( 'NONE',  ( -0.9999392101184965131, -0.01102615379891604304, 0.000000000000000000 ) ) ;
#6018 = LINE ( 'NONE', #3241, #2487 ) ;
#6019 = CARTESIAN_POINT ( 'NONE',  ( 8.596059999999999590, 59.28164000000000300, 0.000000000000000000 ) ) ;
#6020 = EDGE_CURVE ( 'NONE', #479, #3396, #1469, .T. ) ;
#6021 = DIRECTION ( 'NONE',  ( -0.3661349221628268369, -0.9305617759035780256, 0.000000000000000000 ) ) ;
#6022 = LINE ( 'NONE', #5470, #6311 ) ;
#6023 = AXIS2_PLACEMENT_3D ( 'NONE', #458, #3779, #5421 ) ;
#6024 = VERTEX_POINT ( 'NONE', #3222 ) ;
#6025 = CARTESIAN_POINT ( 'NONE',  ( 18.00748232759892176, 51.78476030372893746, 3.000000000000000000 ) ) ;
#6026 = FACE_OUTER_BOUND ( 'NONE', #935, .T. ) ;
#6027 = ORIENTED_EDGE ( 'NONE', *, *, #2769, .F. ) ;
#6028 = ORIENTED_EDGE ( 'NONE', *, *, #2123, .F. ) ;
#6029 = DIRECTION ( 'NONE',  ( 0.2515257587811454143, -0.9678506045199171126, -0.000000000000000000 ) ) ;
#6030 = ORIENTED_EDGE ( 'NONE', *, *, #4517, .T. ) ;
#6031 = EDGE_LOOP ( 'NONE', ( #2234, #1475, #1342, #4868 ) ) ;
#6032 = ORIENTED_EDGE ( 'NONE', *, *, #6616, .T. ) ;
#6033 = CARTESIAN_POINT ( 'NONE',  ( 9.070800000000000196, 63.12331999999999965, 0.000000000000000000 ) ) ;
#6034 = CARTESIAN_POINT ( 'NONE',  ( 18.29338999999999871, 59.81893000000000171, 0.000000000000000000 ) ) ;
#6035 = EDGE_CURVE ( 'NONE', #3123, #7072, #1396, .T. ) ;
#6036 = ORIENTED_EDGE ( 'NONE', *, *, #66, .F. ) ;
#6037 = LINE ( 'NONE', #5970, #4368 ) ;
#6038 = VECTOR ( 'NONE', #4410, 1000.000000000000000 ) ;
#6039 = CARTESIAN_POINT ( 'NONE',  ( 21.51069232759892103, 39.27112030372894225, 3.000000000000000000 ) ) ;
#6040 = VECTOR ( 'NONE', #110, 1000.000000000000114 ) ;
#6041 = DIRECTION ( 'NONE',  ( 0.6639920876360050350, 0.7477395987620153450, 0.000000000000000000 ) ) ;
#6042 = VECTOR ( 'NONE', #4568, 1000.000000000000000 ) ;
#6043 = CARTESIAN_POINT ( 'NONE',  ( 8.836959999999999482, 60.01276000000000010, 0.000000000000000000 ) ) ;
#6044 = DIRECTION ( 'NONE',  ( -0.5044515637774326100, -0.8634399920101586412, 0.000000000000000000 ) ) ;
#6045 = SHAPE_DEFINITION_REPRESENTATION ( #3313, #5591 ) ;
#6046 = DIRECTION ( 'NONE',  ( -0.9344489644457129041, -0.3560970834566535848, 0.000000000000000000 ) ) ;
#6047 = DIRECTION ( 'NONE',  ( 0.9631793194475408715, 0.2688598121485845094, 0.000000000000000000 ) ) ;
#6048 = ORIENTED_EDGE ( 'NONE', *, *, #5090, .F. ) ;
#6049 = EDGE_CURVE ( 'NONE', #3448, #5321, #4904, .T. ) ;
#6050 = VERTEX_POINT ( 'NONE', #7136 ) ;
#6051 = PLANE ( 'NONE',  #3328 ) ;
#6052 = EDGE_CURVE ( 'NONE', #672, #4796, #5831, .T. ) ;
#6053 = EDGE_CURVE ( 'NONE', #3476, #6758, #5287, .T. ) ;
#6054 = LINE ( 'NONE', #1059, #2975 ) ;
#6055 = DIRECTION ( 'NONE',  ( -0.000000000000000000, -0.000000000000000000, -1.000000000000000000 ) ) ;
#6056 = CARTESIAN_POINT ( 'NONE',  ( 5.296789999999999665, 90.33253000000000554, 3.000000000000000000 ) ) ;
#6057 = FACE_OUTER_BOUND ( 'NONE', #529, .T. ) ;
#6058 = VERTEX_POINT ( 'NONE', #4350 ) ;
#6059 = EDGE_CURVE ( 'NONE', #6, #4602, #1592, .T. ) ;
#6060 = CARTESIAN_POINT ( 'NONE',  ( 17.73594999999999899, 65.55621999999999616, 0.000000000000000000 ) ) ;
#6061 = DIRECTION ( 'NONE',  ( -0.6639920876359967084, 0.7477395987620228945, 0.000000000000000000 ) ) ;
#6062 = ORIENTED_EDGE ( 'NONE', *, *, #6020, .T. ) ;
#6063 = ORIENTED_EDGE ( 'NONE', *, *, #7037, .F. ) ;
#6064 = VECTOR ( 'NONE', #5046, 1000.000000000000000 ) ;
#6065 = VECTOR ( 'NONE', #3828, 1000.000000000000114 ) ;
#6066 = CARTESIAN_POINT ( 'NONE',  ( 10.27693000000000012, 85.38866000000000156, 3.000000000000000000 ) ) ;
#6067 = EDGE_LOOP ( 'NONE', ( #4567, #2651, #1688, #711 ) ) ;
#6068 = VERTEX_POINT ( 'NONE', #2478 ) ;
#6069 = ORIENTED_EDGE ( 'NONE', *, *, #793, .F. ) ;
#6070 = ORIENTED_EDGE ( 'NONE', *, *, #391, .F. ) ;
#6071 = ORIENTED_EDGE ( 'NONE', *, *, #1640, .T. ) ;
#6072 = CARTESIAN_POINT ( 'NONE',  ( 11.47608145048375583, 41.52750088092108172, 0.000000000000000000 ) ) ;
#6073 = CARTESIAN_POINT ( 'NONE',  ( 1.399999999999999911, 84.02886999999999773, 0.000000000000000000 ) ) ;
#6074 = DIRECTION ( 'NONE',  ( 0.3451363343858921962, -0.9385525614938513561, 0.000000000000000000 ) ) ;
#6075 = CARTESIAN_POINT ( 'NONE',  ( 1.399999999999999911, 69.02886999999999773, 0.000000000000000000 ) ) ;
#6076 = VECTOR ( 'NONE', #2574, 1000.000000000000000 ) ;
#6077 = CARTESIAN_POINT ( 'NONE',  ( 4.702079999999999593, 90.55486999999999398, 3.000000000000000000 ) ) ;
#6078 = DIRECTION ( 'NONE',  ( -0.000000000000000000, -0.000000000000000000, -1.000000000000000000 ) ) ;
#6079 = EDGE_CURVE ( 'NONE', #4239, #4925, #4935, .T. ) ;
#6080 = ORIENTED_EDGE ( 'NONE', *, *, #4421, .T. ) ;
#6081 = ORIENTED_EDGE ( 'NONE', *, *, #2379, .T. ) ;
#6082 = LINE ( 'NONE', #3414, #311 ) ;
#6083 = VECTOR ( 'NONE', #3994, 1000.000000000000114 ) ;
#6084 = LINE ( 'NONE', #1093, #4367 ) ;
#6085 = PLANE ( 'NONE',  #146 ) ;
#6086 = LINE ( 'NONE', #6150, #6065 ) ;
#6087 = EDGE_CURVE ( 'NONE', #2613, #4010, #1358, .T. ) ;
#6088 = CARTESIAN_POINT ( 'NONE',  ( 11.95203145048375681, 39.88346088092108488, 3.000000000000000000 ) ) ;
#6089 = CARTESIAN_POINT ( 'NONE',  ( 17.21116198257911734, 32.49481773003489593, 0.000000000000000000 ) ) ;
#6090 = ADVANCED_FACE ( 'NONE', ( #256 ), #78, .F. ) ;
#6091 = VECTOR ( 'NONE', #4151, 1000.000000000000000 ) ;
#6092 = DIRECTION ( 'NONE',  ( -0.2562397323558173179, -0.9666132626662118366, -0.000000000000000000 ) ) ;
#6093 = DIRECTION ( 'NONE',  ( 0.8607790319291697134, 0.5089788386476212789, 0.000000000000000000 ) ) ;
#6094 = CC_DESIGN_APPROVAL ( #6266, ( #6684 ) ) ;
#6095 = VECTOR ( 'NONE', #6685, 1000.000000000000114 ) ;
#6096 = DIRECTION ( 'NONE',  ( -0.3442068448743272335, 0.9388938427435025158, -0.000000000000000000 ) ) ;
#6097 = VECTOR ( 'NONE', #6467, 999.9999999999998863 ) ;
#6098 = EDGE_CURVE ( 'NONE', #5093, #3477, #116, .T. ) ;
#6099 = VERTEX_POINT ( 'NONE', #2818 ) ;
#6100 = VECTOR ( 'NONE', #3122, 1000.000000000000000 ) ;
#6101 = ORIENTED_EDGE ( 'NONE', *, *, #5726, .F. ) ;
#6102 = EDGE_CURVE ( 'NONE', #3791, #2162, #2201, .T. ) ;
#6103 = CARTESIAN_POINT ( 'NONE',  ( 16.37292000000000058, 69.68950999999999851, 3.000000000000000000 ) ) ;
#6104 = ORIENTED_EDGE ( 'NONE', *, *, #1320, .T. ) ;
#6105 = ORIENTED_EDGE ( 'NONE', *, *, #3769, .T. ) ;
#6106 = VECTOR ( 'NONE', #15, 1000.000000000000114 ) ;
#6107 = VERTEX_POINT ( 'NONE', #6693 ) ;
#6108 = DIRECTION ( 'NONE',  ( 1.000000000000000000, 0.000000000000000000, 0.000000000000000000 ) ) ;
#6109 = VERTEX_POINT ( 'NONE', #5518 ) ;
#6110 = CARTESIAN_POINT ( 'NONE',  ( 18.64514226996855228, 30.62894198257911071, 0.000000000000000000 ) ) ;
#6111 = CARTESIAN_POINT ( 'NONE',  ( 0.2999999999999999889, 75.26761000000000479, 3.000000000000000000 ) ) ;
#6112 = VECTOR ( 'NONE', #5185, 1000.000000000000000 ) ;
#6113 = DIRECTION ( 'NONE',  ( -0.000000000000000000, -0.000000000000000000, -1.000000000000000000 ) ) ;
#6114 = CARTESIAN_POINT ( 'NONE',  ( 18.76534232759892262, 48.87102030372894035, 3.000000000000000000 ) ) ;
#6115 = VERTEX_POINT ( 'NONE', #4971 ) ;
#6116 = AXIS2_PLACEMENT_3D ( 'NONE', #6148, #2835, #4579 ) ;
#6117 = VECTOR ( 'NONE', #4861, 1000.000000000000000 ) ;
#6118 = CARTESIAN_POINT ( 'NONE',  ( 2.376240000000000130, 90.68304000000000542, 3.000000000000000000 ) ) ;
#6119 = DIRECTION ( 'NONE',  ( -0.3849402266765294400, 0.9229415051270705161, -0.000000000000000000 ) ) ;
#6120 = EDGE_CURVE ( 'NONE', #698, #3633, #2785, .T. ) ;
#6121 = DIRECTION ( 'NONE',  ( -0.000000000000000000, -0.000000000000000000, -1.000000000000000000 ) ) ;
#6122 = CARTESIAN_POINT ( 'NONE',  ( 17.49502000000000024, 66.38796000000000674, 0.000000000000000000 ) ) ;
#6123 = CARTESIAN_POINT ( 'NONE',  ( 9.131180000000000518, 60.73919000000000068, 3.000000000000000000 ) ) ;
#6124 = PLANE ( 'NONE',  #5965 ) ;
#6125 = DIRECTION ( 'NONE',  ( 0.6639920876360008162, -0.7477395987620191198, -0.000000000000000000 ) ) ;
#6126 = ORIENTED_EDGE ( 'NONE', *, *, #1071, .F. ) ;
#6127 = DIRECTION ( 'NONE',  ( -0.3529492995695710511, 0.9356424487662737821, -0.000000000000000000 ) ) ;
#6128 = CARTESIAN_POINT ( 'NONE',  ( 1.399999999999999911, 64.02886999999999773, 3.000000000000000000 ) ) ;
#6129 = ADVANCED_FACE ( 'NONE', ( #3436 ), #4416, .F. ) ;
#6130 = LINE ( 'NONE', #2814, #283 ) ;
#6131 = VERTEX_POINT ( 'NONE', #1659 ) ;
#6132 = ADVANCED_FACE ( 'NONE', ( #5001 ), #3875, .F. ) ;
#6133 = ADVANCED_FACE ( 'NONE', ( #1212 ), #1112, .F. ) ;
#6134 = ADVANCED_FACE ( 'NONE', ( #6757 ), #2337, .F. ) ;
#6135 = ORIENTED_EDGE ( 'NONE', *, *, #5201, .T. ) ;
#6136 = DIRECTION ( 'NONE',  ( 0.000000000000000000, 0.000000000000000000, -1.000000000000000000 ) ) ;
#6137 = VERTEX_POINT ( 'NONE', #3 ) ;
#6138 = ORIENTED_EDGE ( 'NONE', *, *, #5353, .T. ) ;
#6139 = ORIENTED_EDGE ( 'NONE', *, *, #5417, .T. ) ;
#6140 = EDGE_CURVE ( 'NONE', #3337, #4136, #2232, .T. ) ;
#6141 = ORIENTED_EDGE ( 'NONE', *, *, #5593, .F. ) ;
#6142 = ORIENTED_EDGE ( 'NONE', *, *, #2021, .T. ) ;
#6143 = CARTESIAN_POINT ( 'NONE',  ( 19.87506718529992966, 30.95949660612426158, 0.000000000000000000 ) ) ;
#6144 = CARTESIAN_POINT ( 'NONE',  ( 8.921011450483755212, 51.08714088092107630, 3.000000000000000000 ) ) ;
#6145 = LINE ( 'NONE', #5592, #41 ) ;
#6146 = CARTESIAN_POINT ( 'NONE',  ( 1.809279999999999999, 90.52478000000000691, 3.000000000000000000 ) ) ;
#6147 = ORIENTED_EDGE ( 'NONE', *, *, #6544, .T. ) ;
#6148 = CARTESIAN_POINT ( 'NONE',  ( 13.24835000000000029, 77.94482999999999606, 3.000000000000000000 ) ) ;
#6149 = CARTESIAN_POINT ( 'NONE',  ( 18.43014000000000152, 61.23277999999999821, 3.000000000000000000 ) ) ;
#6150 = CARTESIAN_POINT ( 'NONE',  ( 20.12335232759891923, 44.02245030372893808, 0.000000000000000000 ) ) ;
#6151 = CARTESIAN_POINT ( 'NONE',  ( 7.339730000000000310, 68.13688000000000500, 0.000000000000000000 ) ) ;
#6152 = DIRECTION ( 'NONE',  ( -0.04420809588014344704, -0.9990223442239176688, -0.000000000000000000 ) ) ;
#6153 = DIRECTION ( 'NONE',  ( -0.9596617899146323571, -0.2811569828011464822, 0.000000000000000000 ) ) ;
#6154 = LINE ( 'NONE', #5023, #671 ) ;
#6155 = ORIENTED_EDGE ( 'NONE', *, *, #9, .F. ) ;
#6156 = DIRECTION ( 'NONE',  ( 0.2171874262896820451, -0.9761299205851974303, -0.000000000000000000 ) ) ;
#6157 = ORIENTED_EDGE ( 'NONE', *, *, #5379, .T. ) ;
#6158 = DIRECTION ( 'NONE',  ( 0.3357784481669989773, -0.9419409927095019341, 0.000000000000000000 ) ) ;
#6159 = DIRECTION ( 'NONE',  ( -0.2830560816765380627, 0.9591033597198609373, 0.000000000000000000 ) ) ;
#6160 = CARTESIAN_POINT ( 'NONE',  ( 0.2999999999999999889, 61.27886999999999773, 0.000000000000000000 ) ) ;
#6161 = EDGE_CURVE ( 'NONE', #695, #1850, #1142, .T. ) ;
#6162 = ORIENTED_EDGE ( 'NONE', *, *, #2801, .T. ) ;
#6163 = LINE ( 'NONE', #6238, #2716 ) ;
#6164 = EDGE_LOOP ( 'NONE', ( #3962, #484, #1943, #2141 ) ) ;
#6165 = EDGE_CURVE ( 'NONE', #7234, #6115, #2853, .T. ) ;
#6166 = DIRECTION ( 'NONE',  ( 0.3652321210308027699, 0.9309164827025789846, -0.000000000000000000 ) ) ;
#6167 = ORIENTED_EDGE ( 'NONE', *, *, #2209, .F. ) ;
#6168 = ORIENTED_EDGE ( 'NONE', *, *, #2769, .T. ) ;
#6169 = ADVANCED_FACE ( 'NONE', ( #1700 ), #5578, .F. ) ;
#6170 = EDGE_LOOP ( 'NONE', ( #167, #6837, #55, #4498 ) ) ;
#6171 = ORIENTED_EDGE ( 'NONE', *, *, #5102, .F. ) ;
#6172 = CARTESIAN_POINT ( 'NONE',  ( 20.30278510687244520, 31.44796019527173314, 0.000000000000000000 ) ) ;
#6173 = AXIS2_PLACEMENT_3D ( 'NONE', #2475, #2319, #6818 ) ;
#6174 = EDGE_CURVE ( 'NONE', #3304, #4553, #4489, .T. ) ;
#6175 = DIRECTION ( 'NONE',  ( -0.3719680574487852498, 0.9282455301469419995, -0.000000000000000000 ) ) ;
#6176 = LINE ( 'NONE', #4020, #4126 ) ;
#6177 = ORIENTED_EDGE ( 'NONE', *, *, #6449, .T. ) ;
#6178 = ORIENTED_EDGE ( 'NONE', *, *, #6623, .F. ) ;
#6179 = DIRECTION ( 'NONE',  ( -0.3439484305270015252, 0.9389885394071710856, -0.000000000000000000 ) ) ;
#6180 = CARTESIAN_POINT ( 'NONE',  ( 13.29303552207930039, 55.88597735041444992, -0.000000000000000000 ) ) ;
#6181 = LINE ( 'NONE', #1194, #2001 ) ;
#6182 = VECTOR ( 'NONE', #5952, 1000.000000000000000 ) ;
#6183 = CARTESIAN_POINT ( 'NONE',  ( 15.43191000000000024, 72.16450000000000387, 0.000000000000000000 ) ) ;
#6184 = CARTESIAN_POINT ( 'NONE',  ( 11.41926188666369590, 53.44790510219121416, -0.000000000000000000 ) ) ;
#6185 = LINE ( 'NONE', #2778, #2197 ) ;
#6186 = ORIENTED_EDGE ( 'NONE', *, *, #3192, .F. ) ;
#6187 = AXIS2_PLACEMENT_3D ( 'NONE', #6652, #2305, #5652 ) ;
#6188 = CARTESIAN_POINT ( 'NONE',  ( 1.399999999999999911, 66.52886999999999773, 0.000000000000000000 ) ) ;
#6189 = CARTESIAN_POINT ( 'NONE',  ( 1.267830000000000013, 90.29388000000000147, 0.000000000000000000 ) ) ;
#6190 = CARTESIAN_POINT ( 'NONE',  ( 7.404020000000000046, 89.25593999999999539, 0.000000000000000000 ) ) ;
#6191 = CARTESIAN_POINT ( 'NONE',  ( 11.47160145048375668, 41.54309088092107771, 0.000000000000000000 ) ) ;
#6192 = VECTOR ( 'NONE', #5027, 1000.000000000000000 ) ;
#6193 = ORIENTED_EDGE ( 'NONE', *, *, #4623, .T. ) ;
#6194 = VECTOR ( 'NONE', #2557, 1000.000000000000000 ) ;
#6195 = DIRECTION ( 'NONE',  ( -0.000000000000000000, -0.000000000000000000, -1.000000000000000000 ) ) ;
#6196 = VECTOR ( 'NONE', #4114, 1000.000000000000114 ) ;
#6197 = VERTEX_POINT ( 'NONE', #3297 ) ;
#6198 = DIRECTION ( 'NONE',  ( 0.2328662537798308618, -0.9725087700635647314, -0.000000000000000000 ) ) ;
#6199 = ORIENTED_EDGE ( 'NONE', *, *, #5778, .F. ) ;
#6200 = CARTESIAN_POINT ( 'NONE',  ( 16.95397000000000176, 68.05916000000000565, 0.000000000000000000 ) ) ;
#6201 = EDGE_CURVE ( 'NONE', #4494, #479, #2271, .T. ) ;
#6202 = DIRECTION ( 'NONE',  ( -0.000000000000000000, -1.000000000000000000, -0.000000000000000000 ) ) ;
#6203 = VERTEX_POINT ( 'NONE', #1175 ) ;
#6204 = AXIS2_PLACEMENT_3D ( 'NONE', #6571, #3278, #1615 ) ;
#6205 = ORIENTED_EDGE ( 'NONE', *, *, #5241, .T. ) ;
#6206 = ORIENTED_EDGE ( 'NONE', *, *, #1817, .F. ) ;
#6207 = ORIENTED_EDGE ( 'NONE', *, *, #391, .T. ) ;
#6208 = EDGE_LOOP ( 'NONE', ( #5151, #1177, #6667, #526 ) ) ;
#6209 = DIRECTION ( 'NONE',  ( 0.9999958596041030878, -0.002877633515779298712, 0.000000000000000000 ) ) ;
#6210 = ADVANCED_FACE ( 'NONE', ( #3398 ), #5617, .F. ) ;
#6211 = CIRCLE ( 'NONE', #3314, 5.000001934893071542 ) ;
#6212 = ORIENTED_EDGE ( 'NONE', *, *, #756, .T. ) ;
#6213 = VERTEX_POINT ( 'NONE', #7182 ) ;
#6214 = DIRECTION ( 'NONE',  ( 0.3160170081570756739, -0.9487535246603570060, -0.000000000000000000 ) ) ;
#6215 = EDGE_CURVE ( 'NONE', #4542, #4354, #5484, .T. ) ;
#6216 = VECTOR ( 'NONE', #2636, 1000.000000000000000 ) ;
#6217 = DIRECTION ( 'NONE',  ( 0.3160170081570756739, -0.9487535246603570060, -0.000000000000000000 ) ) ;
#6218 = CARTESIAN_POINT ( 'NONE',  ( 11.41939489312787437, 55.10977980472985394, 0.000000000000000000 ) ) ;
#6219 = EDGE_CURVE ( 'NONE', #1572, #1950, #4389, .T. ) ;
#6220 = CARTESIAN_POINT ( 'NONE',  ( 8.187659999999999272, 56.60114999999999696, 3.000000000000000000 ) ) ;
#6221 = CARTESIAN_POINT ( 'NONE',  ( 21.93486232759892474, 37.83389030372893558, 3.000000000000000000 ) ) ;
#6222 = DIRECTION ( 'NONE',  ( -0.000000000000000000, -0.000000000000000000, -1.000000000000000000 ) ) ;
#6223 = DIRECTION ( 'NONE',  ( 0.2136287684056101255, -0.9769149140582829016, -0.000000000000000000 ) ) ;
#6224 = VERTEX_POINT ( 'NONE', #1791 ) ;
#6225 = AXIS2_PLACEMENT_3D ( 'NONE', #2663, #3267, #2732 ) ;
#6226 = AXIS2_PLACEMENT_3D ( 'NONE', #5356, #941, #7082 ) ;
#6227 = EDGE_LOOP ( 'NONE', ( #2258, #833, #5120, #5237 ) ) ;
#6228 = EDGE_CURVE ( 'NONE', #4010, #4270, #7140, .T. ) ;
#6229 = DIRECTION ( 'NONE',  ( 0.2769682862216355512, -0.9608790602502741418, -0.000000000000000000 ) ) ;
#6230 = VECTOR ( 'NONE', #6515, 1000.000000000000114 ) ;
#6231 = PLANE ( 'NONE',  #4841 ) ;
#6232 = CARTESIAN_POINT ( 'NONE',  ( 17.98780999999999963, 64.57842999999999734, 3.000000000000000000 ) ) ;
#6233 = CARTESIAN_POINT ( 'NONE',  ( 9.427469999999999573, 61.42535999999999774, 3.000000000000000000 ) ) ;
#6234 = VECTOR ( 'NONE', #4162, 1000.000000000000000 ) ;
#6235 = LINE ( 'NONE', #3502, #5521 ) ;
#6236 = EDGE_LOOP ( 'NONE', ( #5818, #2772, #406, #5788 ) ) ;
#6237 = ORIENTED_EDGE ( 'NONE', *, *, #1434, .F. ) ;
#6238 = CARTESIAN_POINT ( 'NONE',  ( 9.338660000000000849, 87.12870999999999810, 3.000000000000000000 ) ) ;
#6239 = CARTESIAN_POINT ( 'NONE',  ( 0.2999999999999999889, 70.26761000000000479, 0.000000000000000000 ) ) ;
#6240 = DIRECTION ( 'NONE',  ( 0.3442068448743271780, -0.9388938427435025158, 0.000000000000000000 ) ) ;
#6241 = ORIENTED_EDGE ( 'NONE', *, *, #7172, .F. ) ;
#6242 = DIRECTION ( 'NONE',  ( -0.6639920876359967084, 0.7477395987620228945, 0.000000000000000000 ) ) ;
#6243 = DIRECTION ( 'NONE',  ( 0.6639920876360008162, -0.7477395987620191198, -0.000000000000000000 ) ) ;
#6244 = ORIENTED_EDGE ( 'NONE', *, *, #3818, .T. ) ;
#6245 = ORIENTED_EDGE ( 'NONE', *, *, #6645, .T. ) ;
#6246 = ORIENTED_EDGE ( 'NONE', *, *, #7090, .F. ) ;
#6247 = VECTOR ( 'NONE', #5389, 1000.000000000000227 ) ;
#6248 = VERTEX_POINT ( 'NONE', #6033 ) ;
#6249 = ORIENTED_EDGE ( 'NONE', *, *, #6848, .F. ) ;
#6250 = CARTESIAN_POINT ( 'NONE',  ( 0.2999999999999999889, 72.79013000000000488, 3.000000000000000000 ) ) ;
#6251 = LINE ( 'NONE', #2280, #6042 ) ;
#6252 = CARTESIAN_POINT ( 'NONE',  ( 18.43014000000000152, 61.23277999999999821, 0.000000000000000000 ) ) ;
#6253 = LINE ( 'NONE', #1811, #998 ) ;
#6254 = ORIENTED_EDGE ( 'NONE', *, *, #6997, .T. ) ;
#6255 = EDGE_CURVE ( 'NONE', #5003, #2203, #1630, .T. ) ;
#6256 = EDGE_LOOP ( 'NONE', ( #624, #2423, #4456, #2653 ) ) ;
#6257 = CARTESIAN_POINT ( 'NONE',  ( 8.952289999999999637, 87.68605999999999767, 0.000000000000000000 ) ) ;
#6258 = CARTESIAN_POINT ( 'NONE',  ( 9.332910000000000039, 62.03824000000000183, 3.000000000000000000 ) ) ;
#6259 = FACE_OUTER_BOUND ( 'NONE', #5692, .T. ) ;
#6260 = LINE ( 'NONE', #1310, #4079 ) ;
#6261 = CARTESIAN_POINT ( 'NONE',  ( 0.2999999999999999889, 61.27886999999999773, 3.000000000000000000 ) ) ;
#6262 = LINE ( 'NONE', #2869, #2358 ) ;
#6263 = EDGE_CURVE ( 'NONE', #5198, #6590, #2144, .T. ) ;
#6264 = DIRECTION ( 'NONE',  ( -0.4267272519445349244, 0.9043803693401717414, -0.000000000000000000 ) ) ;
#6265 = VERTEX_POINT ( 'NONE', #1250 ) ;
#6266 = APPROVAL ( #2733, 'UNSPECIFIED' ) ;
#6267 = ORIENTED_EDGE ( 'NONE', *, *, #2085, .T. ) ;
#6268 = EDGE_CURVE ( 'NONE', #3123, #4108, #1560, .T. ) ;
#6269 = CARTESIAN_POINT ( 'NONE',  ( 9.070800000000000196, 63.12331999999999965, 0.000000000000000000 ) ) ;
#6270 = DIRECTION ( 'NONE',  ( 0.000000000000000000, 0.000000000000000000, 1.000000000000000000 ) ) ;
#6271 = DIRECTION ( 'NONE',  ( -0.9180912983117400783, 0.3963689795686130557, -0.000000000000000000 ) ) ;
#6272 = AXIS2_PLACEMENT_3D ( 'NONE', #4438, #1649, #3422 ) ;
#6273 = LINE ( 'NONE', #5678, #587 ) ;
#6274 = CARTESIAN_POINT ( 'NONE',  ( 18.39827000000000012, 62.18231999999999715, 0.000000000000000000 ) ) ;
#6275 = EDGE_CURVE ( 'NONE', #4386, #1213, #6163, .T. ) ;
#6276 = EDGE_LOOP ( 'NONE', ( #2384, #1970, #1075, #2109 ) ) ;
#6277 = CARTESIAN_POINT ( 'NONE',  ( 0.2999999999999999889, 62.79012999999999778, 3.000000000000000000 ) ) ;
#6278 = ORIENTED_EDGE ( 'NONE', *, *, #6726, .F. ) ;
#6279 = CARTESIAN_POINT ( 'NONE',  ( 1.399999999999999911, 66.52886999999999773, 0.000000000000000000 ) ) ;
#6280 = CARTESIAN_POINT ( 'NONE',  ( 17.66762999999999906, 57.78782000000000352, 0.000000000000000000 ) ) ;
#6281 = VERTEX_POINT ( 'NONE', #1207 ) ;
#6282 = DIRECTION ( 'NONE',  ( 0.2700736831150955530, -0.9628396573099006206, -0.000000000000000000 ) ) ;
#6283 = DIRECTION ( 'NONE',  ( -0.2144409529224648447, -0.9767369542050230447, -0.000000000000000000 ) ) ;
#6284 = EDGE_LOOP ( 'NONE', ( #1433, #2105, #4754, #5711 ) ) ;
#6285 = ORIENTED_EDGE ( 'NONE', *, *, #6413, .T. ) ;
#6286 = ORIENTED_EDGE ( 'NONE', *, *, #2267, .T. ) ;
#6287 = ORIENTED_EDGE ( 'NONE', *, *, #4263, .T. ) ;
#6288 = FACE_OUTER_BOUND ( 'NONE', #2903, .T. ) ;
#6289 = CARTESIAN_POINT ( 'NONE',  ( 9.139319999999999666, 87.42681000000000324, 3.000000000000000000 ) ) ;
#6290 = FACE_OUTER_BOUND ( 'NONE', #7137, .T. ) ;
#6291 = ORIENTED_EDGE ( 'NONE', *, *, #3776, .T. ) ;
#6292 = ORIENTED_EDGE ( 'NONE', *, *, #6463, .F. ) ;
#6293 = VECTOR ( 'NONE', #6243, 1000.000000000000000 ) ;
#6294 = DIRECTION ( 'NONE',  ( 0.2822890138630445023, -0.9593294077907910111, 0.000000000000000000 ) ) ;
#6295 = CARTESIAN_POINT ( 'NONE',  ( 1.399999999999999911, 69.02886999999999773, 3.000000000000000000 ) ) ;
#6296 = CARTESIAN_POINT ( 'NONE',  ( 1.399999999999999911, 76.52886999999999773, 0.000000000000000000 ) ) ;
#6297 = CARTESIAN_POINT ( 'NONE',  ( 11.09951000000000043, 83.52206999999999937, 3.000000000000000000 ) ) ;
#6299 = ADVANCED_FACE ( 'NONE', ( #2725 ), #2107, .F. ) ;
#6298 = CARTESIAN_POINT ( 'NONE',  ( 17.76875000000000071, 65.43619999999999948, 3.000000000000000000 ) ) ;
#6300 = VECTOR ( 'NONE', #3381, 1000.000000000000000 ) ;
#6301 = DIRECTION ( 'NONE',  ( -0.9180912983117400783, 0.3963689795686130557, -0.000000000000000000 ) ) ;
#6302 = ORIENTED_EDGE ( 'NONE', *, *, #6408, .T. ) ;
#6303 = VERTEX_POINT ( 'NONE', #4317 ) ;
#6304 = CYLINDRICAL_SURFACE ( 'NONE', #5864, 1.649999999999998579 ) ;
#6305 = PLANE ( 'NONE',  #2849 ) ;
#6306 = EDGE_CURVE ( 'NONE', #6929, #4972, #6551, .T. ) ;
#6307 = DIRECTION ( 'NONE',  ( -0.000000000000000000, -0.000000000000000000, -1.000000000000000000 ) ) ;
#6308 = DIRECTION ( 'NONE',  ( -0.000000000000000000, -0.000000000000000000, -1.000000000000000000 ) ) ;
#6309 = EDGE_CURVE ( 'NONE', #7105, #2619, #5613, .T. ) ;
#6310 = CARTESIAN_POINT ( 'NONE',  ( 9.283419999999999561, 61.08001000000000147, 3.000000000000000000 ) ) ;
#6311 = VECTOR ( 'NONE', #2674, 1000.000000000000114 ) ;
#6312 = ORIENTED_EDGE ( 'NONE', *, *, #5993, .T. ) ;
#6313 = ORIENTED_EDGE ( 'NONE', *, *, #20, .T. ) ;
#6314 = LINE ( 'NONE', #5767, #4214 ) ;
#6315 = CARTESIAN_POINT ( 'NONE',  ( 9.393620000000000303, 61.33030000000000115, 3.000000000000000000 ) ) ;
#6316 = VECTOR ( 'NONE', #5473, 1000.000000000000114 ) ;
#6317 = ADVANCED_FACE ( 'NONE', ( #5886 ), #2536, .F. ) ;
#6318 = PLANE ( 'NONE',  #1006 ) ;
#6319 = VERTEX_POINT ( 'NONE', #892 ) ;
#6320 = PLANE ( 'NONE',  #5039 ) ;
#6321 = DIRECTION ( 'NONE',  ( 0.2806158185528055959, -0.9598201718957248829, -0.000000000000000000 ) ) ;
#6322 = ORIENTED_EDGE ( 'NONE', *, *, #3933, .F. ) ;
#6323 = VECTOR ( 'NONE', #25, 1000.000000000000000 ) ;
#6324 = AXIS2_PLACEMENT_3D ( 'NONE', #6339, #5826, #3091 ) ;
#6325 = ORIENTED_EDGE ( 'NONE', *, *, #3761, .T. ) ;
#6326 = EDGE_LOOP ( 'NONE', ( #2324, #6659, #1373, #4936 ) ) ;
#6327 = ORIENTED_EDGE ( 'NONE', *, *, #2848, .F. ) ;
#6328 = EDGE_CURVE ( 'NONE', #5621, #1214, #4756, .T. ) ;
#6329 = DIRECTION ( 'NONE',  ( 0.2670612883041071361, -0.9636795464724519089, -0.000000000000000000 ) ) ;
#6330 = VECTOR ( 'NONE', #4444, 1000.000000000000114 ) ;
#6331 = VECTOR ( 'NONE', #1356, 999.9999999999998863 ) ;
#6332 = CARTESIAN_POINT ( 'NONE',  ( 8.756370000000000431, 87.93825999999999965, 3.000000000000000000 ) ) ;
#6333 = ORIENTED_EDGE ( 'NONE', *, *, #5716, .F. ) ;
#6334 = ORIENTED_EDGE ( 'NONE', *, *, #3985, .T. ) ;
#6335 = ORIENTED_EDGE ( 'NONE', *, *, #3059, .F. ) ;
#6336 = AXIS2_PLACEMENT_3D ( 'NONE', #1456, #3675, #1345 ) ;
#6337 = ORIENTED_EDGE ( 'NONE', *, *, #4039, .F. ) ;
#6338 = CARTESIAN_POINT ( 'NONE',  ( 19.19854232759892199, 47.28960030372893897, 3.000000000000000000 ) ) ;
#6339 = CARTESIAN_POINT ( 'NONE',  ( 10.57658999999999949, 84.73675000000000068, 3.000000000000000000 ) ) ;
#6340 = PLANE ( 'NONE',  #6173 ) ;
#6341 = FACE_OUTER_BOUND ( 'NONE', #4533, .T. ) ;
#6342 = CARTESIAN_POINT ( 'NONE',  ( 9.262261450483755709, 49.65821088092107516, 3.000000000000000000 ) ) ;
#6343 = ORIENTED_EDGE ( 'NONE', *, *, #2535, .F. ) ;
#6344 = ORIENTED_EDGE ( 'NONE', *, *, #643, .T. ) ;
#6345 = PLANE ( 'NONE',  #6479 ) ;
#6346 = VECTOR ( 'NONE', #1570, 1000.000000000000000 ) ;
#6347 = CARTESIAN_POINT ( 'NONE',  ( 4.131960000000000299, 90.70130000000000337, 3.000000000000000000 ) ) ;
#6348 = ADVANCED_FACE ( 'NONE', ( #6991 ), #6956, .F. ) ;
#6349 = DIRECTION ( 'NONE',  ( -0.3475631328095994954, 0.9376565835696866191, -0.000000000000000000 ) ) ;
#6350 = CARTESIAN_POINT ( 'NONE',  ( 10.31756999999999991, 85.30253000000000441, 3.000000000000000000 ) ) ;
#6351 = CARTESIAN_POINT ( 'NONE',  ( 5.154580000000000162, 90.37573999999999330, 3.000000000000000000 ) ) ;
#6352 = CARTESIAN_POINT ( 'NONE',  ( 8.253989999999999938, 57.55418000000000234, 0.000000000000000000 ) ) ;
#6353 = VECTOR ( 'NONE', #4324, 1000.000000000000114 ) ;
#6354 = ORIENTED_EDGE ( 'NONE', *, *, #63, .T. ) ;
#6355 = CARTESIAN_POINT ( 'NONE',  ( 19.65449232759892340, 45.66411030372893975, 3.000000000000000000 ) ) ;
#6356 = EDGE_CURVE ( 'NONE', #5477, #2533, #3548, .T. ) ;
#6357 = CARTESIAN_POINT ( 'NONE',  ( 10.05781999999999954, 85.84056999999999960, 0.000000000000000000 ) ) ;
#6358 = AXIS2_PLACEMENT_3D ( 'NONE', #5265, #1287, #6959 ) ;
#6359 = VECTOR ( 'NONE', #5402, 1000.000000000000114 ) ;
#6360 = PLANE ( 'NONE',  #5426 ) ;
#6361 = VECTOR ( 'NONE', #3263, 1000.000000000000000 ) ;
#6362 = VERTEX_POINT ( 'NONE', #2415 ) ;
#6363 = CARTESIAN_POINT ( 'NONE',  ( 19.65449232759892340, 45.66411030372893975, 3.000000000000000000 ) ) ;
#6364 = ORIENTED_EDGE ( 'NONE', *, *, #586, .T. ) ;
#6365 = ADVANCED_FACE ( 'NONE', ( #2998 ), #314, .F. ) ;
#6366 = ORIENTED_EDGE ( 'NONE', *, *, #2091, .F. ) ;
#6367 = EDGE_CURVE ( 'NONE', #5834, #600, #2372, .T. ) ;
#6368 = EDGE_CURVE ( 'NONE', #3624, #6281, #4597, .T. ) ;
#6369 = FACE_OUTER_BOUND ( 'NONE', #3400, .T. ) ;
#6370 = DIRECTION ( 'NONE',  ( -0.000000000000000000, -0.000000000000000000, -1.000000000000000000 ) ) ;
#6371 = AXIS2_PLACEMENT_3D ( 'NONE', #5863, #3711, #1421 ) ;
#6372 = ORIENTED_EDGE ( 'NONE', *, *, #6368, .T. ) ;
#6373 = ADVANCED_FACE ( 'NONE', ( #6832 ), #3626, .F. ) ;
#6374 = VERTEX_POINT ( 'NONE', #6277 ) ;
#6375 = ORIENTED_EDGE ( 'NONE', *, *, #4021, .F. ) ;
#6376 = ORIENTED_EDGE ( 'NONE', *, *, #3909, .T. ) ;
#6377 = DIRECTION ( 'NONE',  ( 0.000000000000000000, 0.000000000000000000, -1.000000000000000000 ) ) ;
#6378 = FACE_OUTER_BOUND ( 'NONE', #4375, .T. ) ;
#6379 = LINE ( 'NONE', #434, #3737 ) ;
#6380 = PLANE ( 'NONE',  #3187 ) ;
#6381 = CARTESIAN_POINT ( 'NONE',  ( 0.2999999999999999889, 61.27886999999999773, 0.000000000000000000 ) ) ;
#6382 = CARTESIAN_POINT ( 'NONE',  ( 8.253989999999999938, 57.55418000000000234, 0.000000000000000000 ) ) ;
#6383 = ORIENTED_EDGE ( 'NONE', *, *, #6539, .T. ) ;
#6384 = ORIENTED_EDGE ( 'NONE', *, *, #2704, .T. ) ;
#6385 = PLANE ( 'NONE',  #505 ) ;
#6386 = CARTESIAN_POINT ( 'NONE',  ( 8.393760000000000332, 58.45353999999999672, 0.000000000000000000 ) ) ;
#6387 = LINE ( 'NONE', #2486, #2464 ) ;
#6388 = DIRECTION ( 'NONE',  ( -0.000000000000000000, -0.000000000000000000, -1.000000000000000000 ) ) ;
#6389 = CARTESIAN_POINT ( 'NONE',  ( 17.98780999999999963, 64.57842999999999734, 3.000000000000000000 ) ) ;
#6390 = CARTESIAN_POINT ( 'NONE',  ( 7.920240000000000613, 66.59875999999999863, 0.000000000000000000 ) ) ;
#6391 = ORIENTED_EDGE ( 'NONE', *, *, #4248, .F. ) ;
#6392 = ORIENTED_EDGE ( 'NONE', *, *, #4869, .T. ) ;
#6393 = DIRECTION ( 'NONE',  ( -0.4610876669456993593, 0.8873545871806669538, -0.000000000000000000 ) ) ;
#6394 = CARTESIAN_POINT ( 'NONE',  ( 12.71250999999999998, 79.38975000000000648, 0.000000000000000000 ) ) ;
#6395 = VECTOR ( 'NONE', #5615, 1000.000000000000000 ) ;
#6396 = CARTESIAN_POINT ( 'NONE',  ( 0.7611499999999999932, 89.99428000000000338, 0.000000000000000000 ) ) ;
#6397 = EDGE_LOOP ( 'NONE', ( #5552, #5995, #2307, #3946 ) ) ;
#6398 = LINE ( 'NONE', #1798, #3272 ) ;
#6399 = EDGE_CURVE ( 'NONE', #4494, #660, #4638, .T. ) ;
#6400 = ORIENTED_EDGE ( 'NONE', *, *, #299, .T. ) ;
#6401 = ORIENTED_EDGE ( 'NONE', *, *, #5966, .T. ) ;
#6402 = LINE ( 'NONE', #5896, #6230 ) ;
#6403 = ORIENTED_EDGE ( 'NONE', *, *, #5057, .F. ) ;
#6404 = CARTESIAN_POINT ( 'NONE',  ( 11.21109000000000044, 54.27886999999999773, 3.000000000000000000 ) ) ;
#6405 = EDGE_CURVE ( 'NONE', #10, #5197, #4041, .T. ) ;
#6406 = EDGE_CURVE ( 'NONE', #4315, #4344, #6314, .T. ) ;
#6407 = CARTESIAN_POINT ( 'NONE',  ( 10.27693000000000012, 85.38866000000000156, 3.000000000000000000 ) ) ;
#6408 = EDGE_CURVE ( 'NONE', #5768, #3377, #6869, .T. ) ;
#6409 = ORIENTED_EDGE ( 'NONE', *, *, #3490, .F. ) ;
#6410 = ORIENTED_EDGE ( 'NONE', *, *, #1969, .T. ) ;
#6411 = LINE ( 'NONE', #1014, #2412 ) ;
#6412 = LINE ( 'NONE', #911, #6701 ) ;
#6413 = EDGE_CURVE ( 'NONE', #3835, #3124, #1285, .T. ) ;
#6414 = CARTESIAN_POINT ( 'NONE',  ( 1.267830000000000013, 90.29388000000000147, 0.000000000000000000 ) ) ;
#6415 = DIRECTION ( 'NONE',  ( -0.9464011493844828316, -0.3229935981466660055, 0.000000000000000000 ) ) ;
#6416 = DIRECTION ( 'NONE',  ( -0.9327092168840215303, -0.3606293342749523068, 0.000000000000000000 ) ) ;
#6417 = DIRECTION ( 'NONE',  ( -0.01102615379891604304, 0.9999392101184965131, -0.000000000000000000 ) ) ;
#6418 = DIRECTION ( 'NONE',  ( -0.000000000000000000, -0.000000000000000000, -1.000000000000000000 ) ) ;
#6419 = EDGE_LOOP ( 'NONE', ( #5416, #351, #2723, #4351 ) ) ;
#6420 = VERTEX_POINT ( 'NONE', #5722 ) ;
#6421 = CARTESIAN_POINT ( 'NONE',  ( 1.399999999999999911, 76.52886999999999773, 3.000000000000000000 ) ) ;
#6422 = DIRECTION ( 'NONE',  ( -0.7035464717667460066, 0.7106492538971410644, -0.000000000000000000 ) ) ;
#6423 = PLANE ( 'NONE',  #3883 ) ;
#6424 = VECTOR ( 'NONE', #5430, 1000.000000000000114 ) ;
#6425 = VECTOR ( 'NONE', #3372, 1000.000000000000114 ) ;
#6426 = DIRECTION ( 'NONE',  ( 0.3604932832406905763, -0.9327618092194529531, 0.000000000000000000 ) ) ;
#6427 = CARTESIAN_POINT ( 'NONE',  ( 16.37292000000000058, 69.68950999999999851, 0.000000000000000000 ) ) ;
#6428 = ORIENTED_EDGE ( 'NONE', *, *, #2209, .T. ) ;
#6429 = DIRECTION ( 'NONE',  ( 0.7477395987620191198, -0.6639920876360008162, 0.000000000000000000 ) ) ;
#6430 = CARTESIAN_POINT ( 'NONE',  ( 12.44214000000000020, 80.10948999999999387, 3.000000000000000000 ) ) ;
#6431 = PLANE ( 'NONE',  #6594 ) ;
#6432 = VECTOR ( 'NONE', #4437, 1000.000000000000227 ) ;
#6433 = CARTESIAN_POINT ( 'NONE',  ( 0.2999999999999999889, 65.29013000000000488, 0.000000000000000000 ) ) ;
#6434 = ORIENTED_EDGE ( 'NONE', *, *, #2095, .T. ) ;
#6435 = VERTEX_POINT ( 'NONE', #779 ) ;
#6436 = AXIS2_PLACEMENT_3D ( 'NONE', #3911, #2884, #6136 ) ;
#6437 = CARTESIAN_POINT ( 'NONE',  ( 8.192389999999999617, 65.84913000000000238, 0.000000000000000000 ) ) ;
#6438 = EDGE_CURVE ( 'NONE', #121, #1139, #5224, .T. ) ;
#6439 = ORIENTED_EDGE ( 'NONE', *, *, #938, .T. ) ;
#6440 = CARTESIAN_POINT ( 'NONE',  ( 17.66762999999999906, 57.78782000000000352, 3.000000000000000000 ) ) ;
#6441 = AXIS2_PLACEMENT_3D ( 'NONE', #6745, #3955, #3387 ) ;
#6442 = PLANE ( 'NONE',  #6336 ) ;
#6443 = VECTOR ( 'NONE', #983, 1000.000000000000114 ) ;
#6444 = ORIENTED_EDGE ( 'NONE', *, *, #4349, .F. ) ;
#6445 = ORIENTED_EDGE ( 'NONE', *, *, #736, .T. ) ;
#6446 = VERTEX_POINT ( 'NONE', #1915 ) ;
#6447 = LINE ( 'NONE', #1460, #6247 ) ;
#6448 = VECTOR ( 'NONE', #1430, 1000.000000000000000 ) ;
#6449 = EDGE_CURVE ( 'NONE', #1572, #4365, #5188, .T. ) ;
#6450 = CARTESIAN_POINT ( 'NONE',  ( 9.490800000000000125, 86.88465999999999667, 3.000000000000000000 ) ) ;
#6451 = VECTOR ( 'NONE', #5334, 1000.000000000000000 ) ;
#6452 = AXIS2_PLACEMENT_3D ( 'NONE', #5706, #5127, #135 ) ;
#6453 = LINE ( 'NONE', #3787, #6353 ) ;
#6454 = LINE ( 'NONE', #497, #2490 ) ;
#6455 = DIRECTION ( 'NONE',  ( -0.9333456062030593969, -0.3589790793088692977, 0.000000000000000000 ) ) ;
#6456 = FACE_OUTER_BOUND ( 'NONE', #6170, .T. ) ;
#6457 = PLANE ( 'NONE',  #6790 ) ;
#6458 = CARTESIAN_POINT ( 'NONE',  ( 5.923630000000000173, 90.10437000000000296, 3.000000000000000000 ) ) ;
#6459 = ORIENTED_EDGE ( 'NONE', *, *, #985, .T. ) ;
#6460 = VECTOR ( 'NONE', #5469, 999.9999999999998863 ) ;
#6461 = EDGE_CURVE ( 'NONE', #3011, #1898, #2453, .T. ) ;
#6462 = DIRECTION ( 'NONE',  ( -0.000000000000000000, -0.000000000000000000, -1.000000000000000000 ) ) ;
#6463 = EDGE_CURVE ( 'NONE', #3579, #600, #5807, .T. ) ;
#6464 = LINE ( 'NONE', #3694, #3066 ) ;
#6465 = EDGE_CURVE ( 'NONE', #5621, #5131, #6508, .T. ) ;
#6466 = DIRECTION ( 'NONE',  ( -0.9018951281108494866, 0.4319550646651967862, -0.000000000000000000 ) ) ;
#6467 = DIRECTION ( 'NONE',  ( -0.2769679073943137060, 0.9608791694451571663, -0.000000000000000000 ) ) ;
#6468 = DIRECTION ( 'NONE',  ( -0.9327618092194530641, -0.3604932832406906318, 0.000000000000000000 ) ) ;
#6469 = VERTEX_POINT ( 'NONE', #6025 ) ;
#6470 = AXIS2_PLACEMENT_3D ( 'NONE', #669, #599, #4497 ) ;
#6471 = ADVANCED_FACE ( 'NONE', ( #3141 ), #4339, .F. ) ;
#6472 = DIRECTION ( 'NONE',  ( -0.9208501285157009164, -0.3899167100966784427, 0.000000000000000000 ) ) ;
#6473 = LINE ( 'NONE', #276, #592 ) ;
#6474 = AXIS2_PLACEMENT_3D ( 'NONE', #5493, #4950, #7195 ) ;
#6475 = CARTESIAN_POINT ( 'NONE',  ( 1.399999999999999911, 74.02886999999999773, 3.000000000000000000 ) ) ;
#6476 = ORIENTED_EDGE ( 'NONE', *, *, #928, .T. ) ;
#6477 = ORIENTED_EDGE ( 'NONE', *, *, #6263, .F. ) ;
#6478 = VECTOR ( 'NONE', #5085, 999.9999999999998863 ) ;
#6479 = AXIS2_PLACEMENT_3D ( 'NONE', #772, #2444, #1902 ) ;
#6480 = ORIENTED_EDGE ( 'NONE', *, *, #3183, .T. ) ;
#6481 = CARTESIAN_POINT ( 'NONE',  ( 18.40963999999999956, 60.75124999999999886, 3.000000000000000000 ) ) ;
#6482 = ORIENTED_EDGE ( 'NONE', *, *, #1182, .F. ) ;
#6483 = VECTOR ( 'NONE', #1522, 1000.000000000000000 ) ;
#6484 = CARTESIAN_POINT ( 'NONE',  ( 13.51037999999999961, 77.23219000000000278, 0.000000000000000000 ) ) ;
#6485 = VERTEX_POINT ( 'NONE', #5409 ) ;
#6486 = ORIENTED_EDGE ( 'NONE', *, *, #5575, .F. ) ;
#6487 = CARTESIAN_POINT ( 'NONE',  ( 8.927300000000000679, 60.25028999999999968, 3.000000000000000000 ) ) ;
#6488 = ORIENTED_EDGE ( 'NONE', *, *, #509, .T. ) ;
#6489 = DIRECTION ( 'NONE',  ( -0.000000000000000000, -0.000000000000000000, -1.000000000000000000 ) ) ;
#6490 = CARTESIAN_POINT ( 'NONE',  ( 18.36489232759891976, 50.37956030372893679, 3.000000000000000000 ) ) ;
#6491 = DIRECTION ( 'NONE',  ( -0.000000000000000000, -0.000000000000000000, -1.000000000000000000 ) ) ;
#6492 = CARTESIAN_POINT ( 'NONE',  ( 9.793079999999999785, 86.35380000000000678, 0.000000000000000000 ) ) ;
#6493 = CARTESIAN_POINT ( 'NONE',  ( 9.793079999999999785, 86.35380000000000678, 3.000000000000000000 ) ) ;
#6494 = CARTESIAN_POINT ( 'NONE',  ( 0.000000000000000000, 0.000000000000000000, 0.000000000000000000 ) ) ;
#6495 = EDGE_CURVE ( 'NONE', #5205, #2016, #1486, .T. ) ;
#6496 = DIRECTION ( 'NONE',  ( -0.000000000000000000, -0.000000000000000000, -1.000000000000000000 ) ) ;
#6497 = ORIENTED_EDGE ( 'NONE', *, *, #6908, .T. ) ;
#6498 = AXIS2_PLACEMENT_3D ( 'NONE', #6732, #6108, #1598 ) ;
#6499 = ORIENTED_EDGE ( 'NONE', *, *, #482, .T. ) ;
#6500 = LINE ( 'NONE', #2638, #3433 ) ;
#6501 = LINE ( 'NONE', #3795, #3659 ) ;
#6502 = EDGE_CURVE ( 'NONE', #6137, #6516, #1584, .T. ) ;
#6503 = FACE_OUTER_BOUND ( 'NONE', #627, .T. ) ;
#6504 = PLANE ( 'NONE',  #2601 ) ;
#6505 = CC_DESIGN_DATE_AND_TIME_ASSIGNMENT ( #4325, #6560, ( #2529 ) ) ;
#6506 = EDGE_CURVE ( 'NONE', #1217, #241, #3177, .T. ) ;
#6507 = EDGE_LOOP ( 'NONE', ( #4457, #239, #5569, #3719 ) ) ;
#6508 = LINE ( 'NONE', #379, #4814 ) ;
#6509 = DIRECTION ( 'NONE',  ( -0.8607790319291697134, -0.5089788386476212789, -0.000000000000000000 ) ) ;
#6510 = EDGE_CURVE ( 'NONE', #489, #3590, #7026, .T. ) ;
#6511 = LINE ( 'NONE', #6433, #13 ) ;
#6512 = EDGE_LOOP ( 'NONE', ( #6344, #3578, #79, #6996 ) ) ;
#6513 = ORIENTED_EDGE ( 'NONE', *, *, #6399, .T. ) ;
#6514 = ORIENTED_EDGE ( 'NONE', *, *, #3657, .T. ) ;
#6515 = DIRECTION ( 'NONE',  ( 0.2670612883041071361, -0.9636795464724519089, -0.000000000000000000 ) ) ;
#6516 = VERTEX_POINT ( 'NONE', #5371 ) ;
#6517 = VERTEX_POINT ( 'NONE', #5990 ) ;
#6518 = CARTESIAN_POINT ( 'NONE',  ( 11.09951000000000043, 83.52206999999999937, 0.000000000000000000 ) ) ;
#6519 = EDGE_LOOP ( 'NONE', ( #2577, #5620, #6403, #2033 ) ) ;
#6520 = LINE ( 'NONE', #6450, #5771 ) ;
#6521 = CARTESIAN_POINT ( 'NONE',  ( 8.073380000000000223, 88.68542999999999665, 0.000000000000000000 ) ) ;
#6522 = DIRECTION ( 'NONE',  ( -0.7395476584071710713, -0.6731041976874534427, 0.000000000000000000 ) ) ;
#6523 = CARTESIAN_POINT ( 'NONE',  ( 16.95397000000000176, 68.05916000000000565, 3.000000000000000000 ) ) ;
#6524 = FACE_OUTER_BOUND ( 'NONE', #4807, .T. ) ;
#6525 = PERSON_AND_ORGANIZATION ( #5259, #2945 ) ;
#6526 = CARTESIAN_POINT ( 'NONE',  ( 8.447359999999999758, 65.11999000000000137, 0.000000000000000000 ) ) ;
#6527 = ORIENTED_EDGE ( 'NONE', *, *, #1140, .F. ) ;
#6528 = ORIENTED_EDGE ( 'NONE', *, *, #5471, .F. ) ;
#6529 = CARTESIAN_POINT ( 'NONE',  ( 7.585289999999999644, 89.11507000000000289, 0.000000000000000000 ) ) ;
#6530 = CARTESIAN_POINT ( 'NONE',  ( 1.399999999999999911, 79.02886999999999773, 3.000000000000000000 ) ) ;
#6531 = EDGE_CURVE ( 'NONE', #1736, #2188, #2571, .T. ) ;
#6532 = DIRECTION ( 'NONE',  ( 0.9615532383212254119, 0.2746185898186150331, -0.000000000000000000 ) ) ;
#6533 = CARTESIAN_POINT ( 'NONE',  ( 15.43191000000000024, 72.16450000000000387, 3.000000000000000000 ) ) ;
#6534 = ORIENTED_EDGE ( 'NONE', *, *, #1470, .F. ) ;
#6535 = VERTEX_POINT ( 'NONE', #2028 ) ;
#6536 = EDGE_CURVE ( 'NONE', #6420, #940, #960, .T. ) ;
#6537 = CARTESIAN_POINT ( 'NONE',  ( 9.692830000000000723, 86.53628000000000497, 3.000000000000000000 ) ) ;
#6538 = VECTOR ( 'NONE', #1489, 1000.000000000000000 ) ;
#6539 = EDGE_CURVE ( 'NONE', #3709, #3908, #4834, .T. ) ;
#6540 = LINE ( 'NONE', #6475, #6538 ) ;
#6541 = ORIENTED_EDGE ( 'NONE', *, *, #6215, .T. ) ;
#6542 = AXIS2_PLACEMENT_3D ( 'NONE', #6350, #5839, #3498 ) ;
#6543 = VERTEX_POINT ( 'NONE', #2708 ) ;
#6544 = EDGE_CURVE ( 'NONE', #4630, #2760, #7067, .T. ) ;
#6545 = PLANE ( 'NONE',  #5316 ) ;
#6546 = AXIS2_PLACEMENT_3D ( 'NONE', #4871, #3729, #5808 ) ;
#6547 = ORIENTED_EDGE ( 'NONE', *, *, #3695, .F. ) ;
#6548 = AXIS2_PLACEMENT_3D ( 'NONE', #555, #3964, #3335 ) ;
#6549 = EDGE_LOOP ( 'NONE', ( #840, #4285, #3825, #5481 ) ) ;
#6550 = EDGE_CURVE ( 'NONE', #3042, #5754, #4271, .T. ) ;
#6551 = LINE ( 'NONE', #3259, #3868 ) ;
#6552 = CARTESIAN_POINT ( 'NONE',  ( 16.35858999999999952, 69.72839999999999350, 3.000000000000000000 ) ) ;
#6553 = ORIENTED_EDGE ( 'NONE', *, *, #2099, .T. ) ;
#6554 = LINE ( 'NONE', #2146, #1362 ) ;
#6555 = DIRECTION ( 'NONE',  ( -0.3899167100966784982, 0.9208501285157008054, -0.000000000000000000 ) ) ;
#6556 = AXIS2_PLACEMENT_3D ( 'NONE', #1442, #2498, #1987 ) ;
#6557 = LINE ( 'NONE', #3200, #6443 ) ;
#6558 = DIRECTION ( 'NONE',  ( -0.000000000000000000, -0.000000000000000000, -1.000000000000000000 ) ) ;
#6559 = LINE ( 'NONE', #5975, #3559 ) ;
#6560 = DATE_TIME_ROLE ( 'classification_date' ) ;
#6561 = LINE ( 'NONE', #987, #1796 ) ;
#6562 = LINE ( 'NONE', #1571, #3086 ) ;
#6563 = VERTEX_POINT ( 'NONE', #5950 ) ;
#6564 = VECTOR ( 'NONE', #993, 1000.000000000000000 ) ;
#6565 = VECTOR ( 'NONE', #402, 1000.000000000000000 ) ;
#6566 = VERTEX_POINT ( 'NONE', #4870 ) ;
#6567 = CARTESIAN_POINT ( 'NONE',  ( 18.36489232759891976, 50.37956030372893679, 3.000000000000000000 ) ) ;
#6568 = LINE ( 'NONE', #3171, #1667 ) ;
#6569 = FACE_OUTER_BOUND ( 'NONE', #6519, .T. ) ;
#6570 = DIRECTION ( 'NONE',  ( -0.000000000000000000, -0.000000000000000000, -1.000000000000000000 ) ) ;
#6571 = CARTESIAN_POINT ( 'NONE',  ( 11.61999999999999922, 82.23909000000000447, 3.000000000000000000 ) ) ;
#6572 = VECTOR ( 'NONE', #5751, 1000.000000000000000 ) ;
#6573 = ORIENTED_EDGE ( 'NONE', *, *, #679, .T. ) ;
#6574 = CARTESIAN_POINT ( 'NONE',  ( 1.399999999999999911, 79.02886999999999773, 3.000000000000000000 ) ) ;
#6575 = VECTOR ( 'NONE', #5697, 1000.000000000000000 ) ;
#6576 = LINE ( 'NONE', #963, #1767 ) ;
#6577 = ORIENTED_EDGE ( 'NONE', *, *, #6120, .T. ) ;
#6578 = ADVANCED_FACE ( 'NONE', ( #7097 ), #4377, .F. ) ;
#6579 = ORIENTED_EDGE ( 'NONE', *, *, #2091, .T. ) ;
#6580 = VECTOR ( 'NONE', #4462, 1000.000000000000000 ) ;
#6581 = EDGE_CURVE ( 'NONE', #5657, #1146, #4301, .T. ) ;
#6582 = DIRECTION ( 'NONE',  ( -0.000000000000000000, -0.000000000000000000, -1.000000000000000000 ) ) ;
#6583 = ORIENTED_EDGE ( 'NONE', *, *, #1240, .F. ) ;
#6584 = EDGE_CURVE ( 'NONE', #1960, #231, #1618, .T. ) ;
#6585 = VECTOR ( 'NONE', #131, 1000.000000000000000 ) ;
#6586 = EDGE_CURVE ( 'NONE', #4684, #2407, #3217, .T. ) ;
#6587 = ORIENTED_EDGE ( 'NONE', *, *, #1548, .F. ) ;
#6588 = DIRECTION ( 'NONE',  ( 0.2562184508061003951, 0.9666189039463909394, -0.000000000000000000 ) ) ;
#6589 = AXIS2_PLACEMENT_3D ( 'NONE', #6877, #5160, #242 ) ;
#6590 = VERTEX_POINT ( 'NONE', #4898 ) ;
#6591 = DIRECTION ( 'NONE',  ( -0.000000000000000000, -0.000000000000000000, -1.000000000000000000 ) ) ;
#6592 = DIRECTION ( 'NONE',  ( 0.6169853712032310478, -0.7869746194898609160, 0.000000000000000000 ) ) ;
#6593 = LINE ( 'NONE', #495, #4430 ) ;
#6594 = AXIS2_PLACEMENT_3D ( 'NONE', #4759, #1678, #2539 ) ;
#6595 = DIRECTION ( 'NONE',  ( 0.9608790602502742528, 0.2769682862216356067, -0.000000000000000000 ) ) ;
#6596 = LINE ( 'NONE', #5490, #949 ) ;
#6597 = EDGE_CURVE ( 'NONE', #4175, #3366, #5340, .T. ) ;
#6598 = LINE ( 'NONE', #7222, #5061 ) ;
#6599 = APPLICATION_PROTOCOL_DEFINITION ( 'international standard', 'config_control_design', 1994, #583 ) ;
#6600 = PLANE ( 'NONE',  #5179 ) ;
#6601 = CARTESIAN_POINT ( 'NONE',  ( 10.31756999999999991, 85.30253000000000441, 3.000000000000000000 ) ) ;
#6602 = ORIENTED_EDGE ( 'NONE', *, *, #5795, .F. ) ;
#6603 = ORIENTED_EDGE ( 'NONE', *, *, #5821, .T. ) ;
#6604 = LINE ( 'NONE', #4825, #1116 ) ;
#6605 = DIRECTION ( 'NONE',  ( 0.3817185528670682948, 0.9242786086440988313, 0.000000000000000000 ) ) ;
#6606 = DIRECTION ( 'NONE',  ( -0.3577414804154208094, 0.9338206643623726544, -0.000000000000000000 ) ) ;
#6607 = DIRECTION ( 'NONE',  ( 0.2780806769799514799, -0.9605577218940940520, 0.000000000000000000 ) ) ;
#6608 = PLANE ( 'NONE',  #2369 ) ;
#6609 = LINE ( 'NONE', #3247, #715 ) ;
#6610 = VECTOR ( 'NONE', #2108, 1000.000000000000227 ) ;
#6611 = ORIENTED_EDGE ( 'NONE', *, *, #4023, .F. ) ;
#6612 = DIRECTION ( 'NONE',  ( 0.3457500829701087297, -0.9383266382908261871, 0.000000000000000000 ) ) ;
#6613 = LINE ( 'NONE', #38, #610 ) ;
#6614 = ORIENTED_EDGE ( 'NONE', *, *, #3561, .T. ) ;
#6615 = ORIENTED_EDGE ( 'NONE', *, *, #4213, .T. ) ;
#6616 = EDGE_CURVE ( 'NONE', #2233, #2087, #5063, .T. ) ;
#6617 = CARTESIAN_POINT ( 'NONE',  ( 0.2999999999999999889, 70.26761000000000479, 3.000000000000000000 ) ) ;
#6618 = ORIENTED_EDGE ( 'NONE', *, *, #1735, .T. ) ;
#6619 = EDGE_LOOP ( 'NONE', ( #4843, #4875, #552, #2262 ) ) ;
#6620 = ORIENTED_EDGE ( 'NONE', *, *, #1097, .T. ) ;
#6621 = EDGE_LOOP ( 'NONE', ( #204, #4000, #2788, #1420 ) ) ;
#6622 = DIRECTION ( 'NONE',  ( -0.000000000000000000, -0.000000000000000000, -1.000000000000000000 ) ) ;
#6623 = EDGE_CURVE ( 'NONE', #1408, #2481, #69, .T. ) ;
#6624 = ORIENTED_EDGE ( 'NONE', *, *, #482, .F. ) ;
#6625 = LINE ( 'NONE', #1081, #2390 ) ;
#6626 = VECTOR ( 'NONE', #4506, 1000.000000000000114 ) ;
#6628 = EDGE_CURVE ( 'NONE', #4240, #2904, #4412, .T. ) ;
#6627 = CARTESIAN_POINT ( 'NONE',  ( 18.39827000000000012, 62.18231999999999715, 3.000000000000000000 ) ) ;
#6629 = VECTOR ( 'NONE', #2037, 1000.000000000000114 ) ;
#6630 = DIRECTION ( 'NONE',  ( -0.000000000000000000, -0.000000000000000000, -1.000000000000000000 ) ) ;
#6631 = EDGE_CURVE ( 'NONE', #3557, #5169, #5540, .T. ) ;
#6632 = CARTESIAN_POINT ( 'NONE',  ( 14.02144999999999975, 75.83755999999999631, 3.000000000000000000 ) ) ;
#6633 = LINE ( 'NONE', #3847, #5894 ) ;
#6634 = COORDINATED_UNIVERSAL_TIME_OFFSET ( 3, 0, .AHEAD. ) ;
#6635 = PLANE ( 'NONE',  #3785 ) ;
#6636 = VERTEX_POINT ( 'NONE', #1749 ) ;
#6637 = ORIENTED_EDGE ( 'NONE', *, *, #2045, .F. ) ;
#6638 = EDGE_CURVE ( 'NONE', #890, #3290, #2873, .T. ) ;
#6639 = CARTESIAN_POINT ( 'NONE',  ( 17.87649000000000044, 58.30986000000000047, 0.000000000000000000 ) ) ;
#6640 = DIRECTION ( 'NONE',  ( -0.9356424487662737821, -0.3529492995695709956, 0.000000000000000000 ) ) ;
#6641 = CARTESIAN_POINT ( 'NONE',  ( 21.51069232759892103, 39.27112030372894225, 3.000000000000000000 ) ) ;
#6642 = CARTESIAN_POINT ( 'NONE',  ( 19.87516898404329524, 33.59834519261291774, -0.000000000000000000 ) ) ;
#6643 = LINE ( 'NONE', #2743, #5098 ) ;
#6644 = EDGE_LOOP ( 'NONE', ( #6376, #5384, #977, #5239 ) ) ;
#6645 = EDGE_CURVE ( 'NONE', #4602, #577, #1690, .T. ) ;
#6646 = CARTESIAN_POINT ( 'NONE',  ( 9.332910000000000039, 62.03824000000000183, 0.000000000000000000 ) ) ;
#6647 = PLANE ( 'NONE',  #973 ) ;
#6648 = EDGE_LOOP ( 'NONE', ( #906, #3116, #198, #1330 ) ) ;
#6649 = VECTOR ( 'NONE', #4945, 1000.000000000000114 ) ;
#6650 = ORIENTED_EDGE ( 'NONE', *, *, #3603, .T. ) ;
#6651 = AXIS2_PLACEMENT_3D ( 'NONE', #7159, #5018, #5564 ) ;
#6652 = CARTESIAN_POINT ( 'NONE',  ( 10.08043145048375600, 46.51039088092107932, 3.000000000000000000 ) ) ;
#6653 = VERTEX_POINT ( 'NONE', #549 ) ;
#6654 = ORIENTED_EDGE ( 'NONE', *, *, #32, .F. ) ;
#6655 = ORIENTED_EDGE ( 'NONE', *, *, #5579, .F. ) ;
#6656 = EDGE_CURVE ( 'NONE', #5143, #1879, #3324, .T. ) ;
#6657 = ORIENTED_EDGE ( 'NONE', *, *, #1106, .T. ) ;
#6658 = LINE ( 'NONE', #3370, #1833 ) ;
#6659 = ORIENTED_EDGE ( 'NONE', *, *, #3940, .F. ) ;
#6660 = LINE ( 'NONE', #706, #5103 ) ;
#6661 = LINE ( 'NONE', #2766, #2910 ) ;
#6662 = VECTOR ( 'NONE', #2643, 1000.000000000000000 ) ;
#6663 = DIRECTION ( 'NONE',  ( -0.2397052249676739355, 0.9708457164365493774, 0.000000000000000000 ) ) ;
#6664 = CARTESIAN_POINT ( 'NONE',  ( 13.69005145048375383, 33.97336088092107786, 0.000000000000000000 ) ) ;
#6665 = ORIENTED_EDGE ( 'NONE', *, *, #832, .F. ) ;
#6666 = EDGE_CURVE ( 'NONE', #6859, #10, #3426, .T. ) ;
#6667 = ORIENTED_EDGE ( 'NONE', *, *, #6502, .F. ) ;
#6668 = AXIS2_PLACEMENT_3D ( 'NONE', #3666, #6429, #1409 ) ;
#6669 = FACE_OUTER_BOUND ( 'NONE', #3483, .T. ) ;
#6670 = FACE_OUTER_BOUND ( 'NONE', #3145, .T. ) ;
#6671 = DIRECTION ( 'NONE',  ( -0.000000000000000000, -0.000000000000000000, -1.000000000000000000 ) ) ;
#6672 = FACE_OUTER_BOUND ( 'NONE', #5964, .T. ) ;
#6673 = PLANE ( 'NONE',  #4341 ) ;
#6674 = DIRECTION ( 'NONE',  ( 0.000000000000000000, 0.000000000000000000, 1.000000000000000000 ) ) ;
#6675 = VECTOR ( 'NONE', #264, 1000.000000000000227 ) ;
#6676 = ADVANCED_FACE ( 'NONE', ( #5506, #4442, #2810 ), #6682, .F. ) ;
#6677 = VECTOR ( 'NONE', #6606, 1000.000000000000114 ) ;
#6678 = CARTESIAN_POINT ( 'NONE',  ( 23.86108923668214388, 32.27887001539321687, 0.000000000000000000 ) ) ;
#6679 = ORIENTED_EDGE ( 'NONE', *, *, #4017, .F. ) ;
#6680 = EDGE_CURVE ( 'NONE', #5280, #3877, #3900, .T. ) ;
#6681 = EDGE_CURVE ( 'NONE', #290, #1854, #5570, .T. ) ;
#6682 = PLANE ( 'NONE',  #2351 ) ;
#6683 = DIRECTION ( 'NONE',  ( 0.6437984715112118339, -0.7651950915157699207, 0.000000000000000000 ) ) ;
#6684 = PRODUCT_DEFINITION_FORMATION_WITH_SPECIFIED_SOURCE ( 'ANY', '', #3484, .NOT_KNOWN. ) ;
#6685 = DIRECTION ( 'NONE',  ( -0.2817445358469327643, 0.9594894561798980037, -0.000000000000000000 ) ) ;
#6686 = VECTOR ( 'NONE', #1402, 1000.000000000000000 ) ;
#6687 = LINE ( 'NONE', #6160, #4697 ) ;
#6688 = AXIS2_PLACEMENT_3D ( 'NONE', #4372, #6532, #2125 ) ;
#6689 = ADVANCED_FACE ( 'NONE', ( #4508 ), #2261, .F. ) ;
#6690 = VERTEX_POINT ( 'NONE', #5606 ) ;
#6691 = VECTOR ( 'NONE', #6969, 1000.000000000000000 ) ;
#6692 = ORIENTED_EDGE ( 'NONE', *, *, #3895, .T. ) ;
#6693 = CARTESIAN_POINT ( 'NONE',  ( 10.52929145048375581, 44.87212088092108075, 0.000000000000000000 ) ) ;
#6694 = ORIENTED_EDGE ( 'NONE', *, *, #5387, .F. ) ;
#6695 = ORIENTED_EDGE ( 'NONE', *, *, #3774, .F. ) ;
#6696 = VECTOR ( 'NONE', #2694, 1000.000000000000114 ) ;
#6697 = VERTEX_POINT ( 'NONE', #6188 ) ;
#6698 = ORIENTED_EDGE ( 'NONE', *, *, #6059, .F. ) ;
#6699 = LINE ( 'NONE', #5586, #350 ) ;
#6700 = LINE ( 'NONE', #6111, #1172 ) ;
#6701 = VECTOR ( 'NONE', #3127, 1000.000000000000000 ) ;
#6702 = DIRECTION ( 'NONE',  ( -0.2670612883041071361, 0.9636795464724519089, 0.000000000000000000 ) ) ;
#6703 = ORIENTED_EDGE ( 'NONE', *, *, #1192, .F. ) ;
#6704 = AXIS2_PLACEMENT_3D ( 'NONE', #1890, #4101, #3017 ) ;
#6705 = VECTOR ( 'NONE', #1016, 1000.000000000000114 ) ;
#6706 = AXIS2_PLACEMENT_3D ( 'NONE', #3198, #5425, #431 ) ;
#6707 = LINE ( 'NONE', #1741, #3090 ) ;
#6708 = CARTESIAN_POINT ( 'NONE',  ( 9.660151450483754232, 48.09307088092107563, 3.000000000000000000 ) ) ;
#6709 = LINE ( 'NONE', #4468, #3505 ) ;
#6710 = CARTESIAN_POINT ( 'NONE',  ( 1.399999999999999911, 74.02886999999999773, 3.000000000000000000 ) ) ;
#6712 = EDGE_CURVE ( 'NONE', #5513, #4494, #1721, .T. ) ;
#6711 = DIRECTION ( 'NONE',  ( -0.3562598366157372354, 0.9343869267142643764, -0.000000000000000000 ) ) ;
#6713 = LINE ( 'NONE', #1718, #2816 ) ;
#6714 = CYLINDRICAL_SURFACE ( 'NONE', #6272, 4.999995816523091996 ) ;
#6715 = ORIENTED_EDGE ( 'NONE', *, *, #5683, .T. ) ;
#6716 = DIRECTION ( 'NONE',  ( -0.000000000000000000, -0.000000000000000000, -1.000000000000000000 ) ) ;
#6717 = CC_DESIGN_SECURITY_CLASSIFICATION ( #2529, ( #6684 ) ) ;
#6718 = ORIENTED_EDGE ( 'NONE', *, *, #1280, .T. ) ;
#6719 = CARTESIAN_POINT ( 'NONE',  ( 9.793079999999999785, 86.35380000000000678, 3.000000000000000000 ) ) ;
#6720 = EDGE_CURVE ( 'NONE', #4524, #6068, #102, .T. ) ;
#6721 = CARTESIAN_POINT ( 'NONE',  ( 7.920240000000000613, 66.59875999999999863, 0.000000000000000000 ) ) ;
#6722 = FACE_OUTER_BOUND ( 'NONE', #4056, .T. ) ;
#6723 = CC_DESIGN_DATE_AND_TIME_ASSIGNMENT ( #3164, #2084, ( #5202 ) ) ;
#6724 = EDGE_CURVE ( 'NONE', #1448, #1341, #4543, .T. ) ;
#6725 = ORIENTED_EDGE ( 'NONE', *, *, #478, .T. ) ;
#6726 = EDGE_CURVE ( 'NONE', #5485, #6971, #1068, .T. ) ;
#6727 = VERTEX_POINT ( 'NONE', #516 ) ;
#6728 = CARTESIAN_POINT ( 'NONE',  ( 17.87649000000000044, 58.30986000000000047, 3.000000000000000000 ) ) ;
#6729 = ORIENTED_EDGE ( 'NONE', *, *, #3863, .F. ) ;
#6730 = ORIENTED_EDGE ( 'NONE', *, *, #2667, .F. ) ;
#6731 = ORIENTED_EDGE ( 'NONE', *, *, #3508, .T. ) ;
#6732 = CARTESIAN_POINT ( 'NONE',  ( 0.2999999999999999889, 87.76761000000000479, 3.000000000000000000 ) ) ;
#6733 = ORIENTED_EDGE ( 'NONE', *, *, #5060, .T. ) ;
#6734 = LINE ( 'NONE', #3479, #1654 ) ;
#6735 = CARTESIAN_POINT ( 'NONE',  ( 2.959000000000000075, 90.76592999999999734, 0.000000000000000000 ) ) ;
#6736 = CARTESIAN_POINT ( 'NONE',  ( 11.63189000000000028, 82.20911999999999864, 3.000000000000000000 ) ) ;
#6737 = ORIENTED_EDGE ( 'NONE', *, *, #6760, .F. ) ;
#6738 = DIRECTION ( 'NONE',  ( -0.9355518432786129601, -0.3531893947133601941, 0.000000000000000000 ) ) ;
#6739 = CARTESIAN_POINT ( 'NONE',  ( 5.649799999999999933, 90.21210999999999558, 3.000000000000000000 ) ) ;
#6740 = LINE ( 'NONE', #1743, #7023 ) ;
#6741 = DIRECTION ( 'NONE',  ( -0.2171757114640949227, 0.9761325270423397704, -0.000000000000000000 ) ) ;
#6742 = CARTESIAN_POINT ( 'NONE',  ( 8.253989999999999938, 57.55418000000000234, 3.000000000000000000 ) ) ;
#6743 = LINE ( 'NONE', #5091, #5677 ) ;
#6744 = EDGE_LOOP ( 'NONE', ( #3617, #4978, #2929, #6954 ) ) ;
#6745 = CARTESIAN_POINT ( 'NONE',  ( 22.32376232759892432, 36.51483030372894234, 3.000000000000000000 ) ) ;
#6746 = ADVANCED_FACE ( 'NONE', ( #7204 ), #2196, .F. ) ;
#6747 = DIRECTION ( 'NONE',  ( -1.000000000000000000, 0.000000000000000000, 0.000000000000000000 ) ) ;
#6748 = LINE ( 'NONE', #1278, #6330 ) ;
#6749 = LINE ( 'NONE', #3833, #1781 ) ;
#6750 = ORIENTED_EDGE ( 'NONE', *, *, #6102, .F. ) ;
#6751 = ADVANCED_FACE ( 'NONE', ( #6982 ), #304, .F. ) ;
#6752 = ORIENTED_EDGE ( 'NONE', *, *, #3020, .F. ) ;
#6753 = EDGE_CURVE ( 'NONE', #2206, #6690, #3064, .T. ) ;
#6754 = DIRECTION ( 'NONE',  ( 0.9568074110472172267, -0.2907225105923542108, 0.000000000000000000 ) ) ;
#6755 = VERTEX_POINT ( 'NONE', #5292 ) ;
#6756 = CARTESIAN_POINT ( 'NONE',  ( 7.634750000000000369, 67.36311000000000604, 3.000000000000000000 ) ) ;
#6757 = FACE_OUTER_BOUND ( 'NONE', #2441, .T. ) ;
#6758 = VERTEX_POINT ( 'NONE', #6824 ) ;
#6759 = ORIENTED_EDGE ( 'NONE', *, *, #2467, .T. ) ;
#6760 = EDGE_CURVE ( 'NONE', #1854, #6248, #1829, .T. ) ;
#6761 = ORIENTED_EDGE ( 'NONE', *, *, #1018, .T. ) ;
#6762 = ORIENTED_EDGE ( 'NONE', *, *, #2848, .T. ) ;
#6763 = VERTEX_POINT ( 'NONE', #4068 ) ;
#6764 = DIRECTION ( 'NONE',  ( -0.9266218413531346343, -0.3759946317799315318, 0.000000000000000000 ) ) ;
#6765 = ORIENTED_EDGE ( 'NONE', *, *, #3059, .T. ) ;
#6766 = CARTESIAN_POINT ( 'NONE',  ( 5.154580000000000162, 90.37573999999999330, 3.000000000000000000 ) ) ;
#6767 = VECTOR ( 'NONE', #1021, 1000.000000000000000 ) ;
#6768 = DIRECTION ( 'NONE',  ( 0.000000000000000000, 0.000000000000000000, 1.000000000000000000 ) ) ;
#6769 = DIRECTION ( 'NONE',  ( -0.3606293342749523068, 0.9327092168840214192, -0.000000000000000000 ) ) ;
#6770 = ADVANCED_FACE ( 'NONE', ( #2408 ), #4034, .F. ) ;
#6771 = VERTEX_POINT ( 'NONE', #5759 ) ;
#6772 = ORIENTED_EDGE ( 'NONE', *, *, #1727, .T. ) ;
#6773 = DIRECTION ( 'NONE',  ( -0.000000000000000000, -0.000000000000000000, -1.000000000000000000 ) ) ;
#6774 = PLANE ( 'NONE',  #6116 ) ;
#6775 = CARTESIAN_POINT ( 'NONE',  ( 14.51109000000000115, 54.27886999999999773, -6.000000000000000152E-06 ) ) ;
#6776 = LINE ( 'NONE', #2401, #3265 ) ;
#6777 = CARTESIAN_POINT ( 'NONE',  ( 7.634750000000000369, 67.36311000000000604, 3.000000000000000000 ) ) ;
#6778 = FACE_OUTER_BOUND ( 'NONE', #2175, .T. ) ;
#6779 = DIRECTION ( 'NONE',  ( 0.000000000000000000, 0.000000000000000000, 1.000000000000000000 ) ) ;
#6780 = ORIENTED_EDGE ( 'NONE', *, *, #4304, .F. ) ;
#6781 = VECTOR ( 'NONE', #2139, 1000.000000000000000 ) ;
#6782 = VERTEX_POINT ( 'NONE', #3460 ) ;
#6783 = CARTESIAN_POINT ( 'NONE',  ( 16.06050000000000111, 70.52648999999999546, 3.000000000000000000 ) ) ;
#6784 = DIRECTION ( 'NONE',  ( -0.4610876669456993593, 0.8873545871806669538, -0.000000000000000000 ) ) ;
#6785 = DIRECTION ( 'NONE',  ( 0.2464996825437959505, -0.9691428720812054198, 0.000000000000000000 ) ) ;
#6786 = CARTESIAN_POINT ( 'NONE',  ( 11.61999999999999922, 82.23909000000000447, 0.000000000000000000 ) ) ;
#6787 = VECTOR ( 'NONE', #2165, 1000.000000000000000 ) ;
#6788 = VECTOR ( 'NONE', #6854, 1000.000000000000000 ) ;
#6789 = ORIENTED_EDGE ( 'NONE', *, *, #2843, .F. ) ;
#6790 = AXIS2_PLACEMENT_3D ( 'NONE', #5175, #5213, #838 ) ;
#6791 = VECTOR ( 'NONE', #2329, 1000.000000000000000 ) ;
#6792 = LINE ( 'NONE', #2454, #348 ) ;
#6793 = DIRECTION ( 'NONE',  ( -0.2928119153001259023, -0.9561700592772562901, -0.000000000000000000 ) ) ;
#6794 = ORIENTED_EDGE ( 'NONE', *, *, #2205, .F. ) ;
#6795 = DIRECTION ( 'NONE',  ( -0.9385525614938513561, -0.3451363343858921962, 0.000000000000000000 ) ) ;
#6796 = LINE ( 'NONE', #2504, #2331 ) ;
#6797 = ADVANCED_FACE ( 'NONE', ( #5674 ), #6304, .F. ) ;
#6798 = ORIENTED_EDGE ( 'NONE', *, *, #6008, .T. ) ;
#6799 = VECTOR ( 'NONE', #7200, 1000.000000000000000 ) ;
#6800 = ORIENTED_EDGE ( 'NONE', *, *, #3154, .T. ) ;
#6801 = ORIENTED_EDGE ( 'NONE', *, *, #2467, .F. ) ;
#6802 = VERTEX_POINT ( 'NONE', #141 ) ;
#6803 = DIRECTION ( 'NONE',  ( -1.000000000000000000, 0.000000000000000000, 0.000000000000000000 ) ) ;
#6804 = CARTESIAN_POINT ( 'NONE',  ( 5.296789999999999665, 90.33253000000000554, 3.000000000000000000 ) ) ;
#6805 = ADVANCED_FACE ( 'NONE', ( #1401 ), #3030, .F. ) ;
#6806 = EDGE_CURVE ( 'NONE', #2890, #6987, #4589, .T. ) ;
#6807 = PLANE ( 'NONE',  #887 ) ;
#6808 = EDGE_CURVE ( 'NONE', #3124, #1562, #1944, .T. ) ;
#6809 = DIRECTION ( 'NONE',  ( -0.000000000000000000, -0.000000000000000000, -1.000000000000000000 ) ) ;
#6810 = VECTOR ( 'NONE', #5643, 1000.000000000000114 ) ;
#6811 = ORIENTED_EDGE ( 'NONE', *, *, #1154, .T. ) ;
#6812 = ORIENTED_EDGE ( 'NONE', *, *, #1969, .F. ) ;
#6813 = CARTESIAN_POINT ( 'NONE',  ( 2.376240000000000130, 90.68304000000000542, 3.000000000000000000 ) ) ;
#6814 = AXIS2_PLACEMENT_3D ( 'NONE', #7088, #2086, #7151 ) ;
#6815 = CARTESIAN_POINT ( 'NONE',  ( 0.2999999999999999889, 70.29013000000000488, 0.000000000000000000 ) ) ;
#6816 = ADVANCED_FACE ( 'NONE', ( #189 ), #1866, .F. ) ;
#6817 = CARTESIAN_POINT ( 'NONE',  ( 0.2999999999999999889, 65.29013000000000488, 3.000000000000000000 ) ) ;
#6818 = DIRECTION ( 'NONE',  ( 0.4029604019263557380, 0.9152174137762839612, 0.000000000000000000 ) ) ;
#6819 = LINE ( 'NONE', #4504, #513 ) ;
#6820 = CARTESIAN_POINT ( 'NONE',  ( 9.277411450483755928, 49.59685088092108174, 3.000000000000000000 ) ) ;
#6821 = ORIENTED_EDGE ( 'NONE', *, *, #1154, .F. ) ;
#6822 = VECTOR ( 'NONE', #7114, 1000.000000000000000 ) ;
#6823 = ORIENTED_EDGE ( 'NONE', *, *, #6908, .F. ) ;
#6824 = CARTESIAN_POINT ( 'NONE',  ( 8.304759999999999920, 57.94451000000000107, 0.000000000000000000 ) ) ;
#6825 = AXIS2_PLACEMENT_3D ( 'NONE', #2790, #5005, #1148 ) ;
#6826 = FACE_OUTER_BOUND ( 'NONE', #99, .T. ) ;
#6827 = CARTESIAN_POINT ( 'NONE',  ( 8.393760000000000332, 58.45353999999999672, 0.000000000000000000 ) ) ;
#6828 = DIRECTION ( 'NONE',  ( 0.3500927284342363333, -0.9367150481856646449, 0.000000000000000000 ) ) ;
#6829 = LINE ( 'NONE', #3585, #1931 ) ;
#6830 = ORIENTED_EDGE ( 'NONE', *, *, #216, .T. ) ;
#6831 = ORIENTED_EDGE ( 'NONE', *, *, #1551, .F. ) ;
#6832 = FACE_OUTER_BOUND ( 'NONE', #7096, .T. ) ;
#6833 = LINE ( 'NONE', #6280, #2524 ) ;
#6834 = ORIENTED_EDGE ( 'NONE', *, *, #4305, .F. ) ;
#6835 = CARTESIAN_POINT ( 'NONE',  ( 17.37471999999999994, 57.12697000000000003, 3.000000000000000000 ) ) ;
#6836 = DIRECTION ( 'NONE',  ( -0.000000000000000000, -0.000000000000000000, -1.000000000000000000 ) ) ;
#6837 = ORIENTED_EDGE ( 'NONE', *, *, #383, .F. ) ;
#6838 = ORIENTED_EDGE ( 'NONE', *, *, #3333, .T. ) ;
#6839 = ORIENTED_EDGE ( 'NONE', *, *, #2747, .F. ) ;
#6840 = ORIENTED_EDGE ( 'NONE', *, *, #2009, .F. ) ;
#6841 = ORIENTED_EDGE ( 'NONE', *, *, #3496, .T. ) ;
#6842 = EDGE_CURVE ( 'NONE', #2824, #4491, #5218, .T. ) ;
#6843 = ORIENTED_EDGE ( 'NONE', *, *, #3653, .T. ) ;
#6844 = LINE ( 'NONE', #1928, #5715 ) ;
#6845 = DIRECTION ( 'NONE',  ( 0.8842808216668667232, -0.4669554887054771508, 0.000000000000000000 ) ) ;
#6846 = CARTESIAN_POINT ( 'NONE',  ( 0.2999999999999999889, 72.79013000000000488, 0.000000000000000000 ) ) ;
#6847 = ORIENTED_EDGE ( 'NONE', *, *, #5009, .T. ) ;
#6848 = EDGE_CURVE ( 'NONE', #5083, #3290, #4667, .T. ) ;
#6849 = EDGE_LOOP ( 'NONE', ( #6725, #6482, #794, #4522 ) ) ;
#6850 = CARTESIAN_POINT ( 'NONE',  ( 9.427469999999999573, 61.42535999999999774, 0.000000000000000000 ) ) ;
#6851 = EDGE_CURVE ( 'NONE', #1408, #2057, #4111, .T. ) ;
#6852 = EDGE_CURVE ( 'NONE', #2760, #40, #809, .T. ) ;
#6853 = FACE_OUTER_BOUND ( 'NONE', #1388, .T. ) ;
#6854 = DIRECTION ( 'NONE',  ( -0.000000000000000000, -0.000000000000000000, -1.000000000000000000 ) ) ;
#6855 = FACE_OUTER_BOUND ( 'NONE', #6512, .T. ) ;
#6856 = LINE ( 'NONE', #3452, #2949 ) ;
#6857 = CARTESIAN_POINT ( 'NONE',  ( 16.35858999999999952, 69.72839999999999350, 0.000000000000000000 ) ) ;
#6858 = LINE ( 'NONE', #3060, #1697 ) ;
#6859 = VERTEX_POINT ( 'NONE', #2484 ) ;
#6860 = ORIENTED_EDGE ( 'NONE', *, *, #4166, .F. ) ;
#6861 = ADVANCED_FACE ( 'NONE', ( #4709 ), #6385, .F. ) ;
#6862 = DIRECTION ( 'NONE',  ( -0.000000000000000000, -0.000000000000000000, -1.000000000000000000 ) ) ;
#6863 = CARTESIAN_POINT ( 'NONE',  ( 0.2999999999999999889, 85.29013000000000488, 3.000000000000000000 ) ) ;
#6864 = LINE ( 'NONE', #341, #4830 ) ;
#6865 = LINE ( 'NONE', #4152, #1299 ) ;
#6866 = CARTESIAN_POINT ( 'NONE',  ( 10.05781999999999954, 85.84056999999999960, 3.000000000000000000 ) ) ;
#6867 = EDGE_CURVE ( 'NONE', #771, #5230, #3618, .T. ) ;
#6868 = ORIENTED_EDGE ( 'NONE', *, *, #3113, .T. ) ;
#6869 = LINE ( 'NONE', #1328, #4924 ) ;
#6870 = CARTESIAN_POINT ( 'NONE',  ( 11.34979000000000049, 82.91294000000000608, 0.000000000000000000 ) ) ;
#6871 = EDGE_LOOP ( 'NONE', ( #3736, #4507 ) ) ;
#6872 = CARTESIAN_POINT ( 'NONE',  ( 10.52929145048375581, 44.87212088092108075, 3.000000000000000000 ) ) ;
#6873 = CARTESIAN_POINT ( 'NONE',  ( 17.25848999999999833, 67.14406999999999925, 3.000000000000000000 ) ) ;
#6874 = ORIENTED_EDGE ( 'NONE', *, *, #7173, .T. ) ;
#6875 = ORIENTED_EDGE ( 'NONE', *, *, #5688, .F. ) ;
#6876 = VERTEX_POINT ( 'NONE', #3722 ) ;
#6877 = CARTESIAN_POINT ( 'NONE',  ( 5.296789999999999665, 90.33253000000000554, 3.000000000000000000 ) ) ;
#6878 = ORIENTED_EDGE ( 'NONE', *, *, #5383, .T. ) ;
#6879 = DIRECTION ( 'NONE',  ( 0.3498968677669054284, -0.9367882268297935688, -0.000000000000000000 ) ) ;
#6880 = CARTESIAN_POINT ( 'NONE',  ( 12.42594145048375509, 38.26249088092107797, 3.000000000000000000 ) ) ;
#6881 = ORIENTED_EDGE ( 'NONE', *, *, #7001, .T. ) ;
#6882 = EDGE_CURVE ( 'NONE', #1696, #6915, #952, .T. ) ;
#6883 = ORIENTED_EDGE ( 'NONE', *, *, #1056, .F. ) ;
#6884 = VERTEX_POINT ( 'NONE', #374 ) ;
#6885 = CARTESIAN_POINT ( 'NONE',  ( 9.793079999999999785, 86.35380000000000678, 3.000000000000000000 ) ) ;
#6886 = VECTOR ( 'NONE', #5750, 1000.000000000000227 ) ;
#6887 = EDGE_LOOP ( 'NONE', ( #2534, #6998, #81, #3855 ) ) ;
#6888 = LINE ( 'NONE', #6338, #4730 ) ;
#6889 = DIRECTION ( 'NONE',  ( 0.9367882268297935688, 0.3498968677669054284, -0.000000000000000000 ) ) ;
#6890 = DIRECTION ( 'NONE',  ( -0.01169510654849728083, 0.9999316099028069393, 0.000000000000000000 ) ) ;
#6891 = DIRECTION ( 'NONE',  ( -0.000000000000000000, -0.000000000000000000, -1.000000000000000000 ) ) ;
#6892 = DIRECTION ( 'NONE',  ( -0.2641992351690182206, 0.9644681249974547121, 0.000000000000000000 ) ) ;
#6893 = VECTOR ( 'NONE', #3276, 1000.000000000000114 ) ;
#6894 = EDGE_CURVE ( 'NONE', #3196, #6265, #7061, .T. ) ;
#6895 = CARTESIAN_POINT ( 'NONE',  ( 10.27693000000000012, 85.38866000000000156, 0.000000000000000000 ) ) ;
#6896 = VERTEX_POINT ( 'NONE', #2090 ) ;
#6897 = ORIENTED_EDGE ( 'NONE', *, *, #6531, .F. ) ;
#6898 = ORIENTED_EDGE ( 'NONE', *, *, #736, .F. ) ;
#6899 = CARTESIAN_POINT ( 'NONE',  ( 8.187659999999999272, 56.60114999999999696, 0.000000000000000000 ) ) ;
#6900 = DIRECTION ( 'NONE',  ( 0.6639920876360050350, 0.7477395987620153450, 0.000000000000000000 ) ) ;
#6901 = CARTESIAN_POINT ( 'NONE',  ( 12.97793000000000063, 78.67661999999999978, 3.000000000000000000 ) ) ;
#6902 = DIRECTION ( 'NONE',  ( 0.7477395987620228945, 0.6639920876359967084, -0.000000000000000000 ) ) ;
#6903 = EDGE_CURVE ( 'NONE', #386, #2195, #6501, .T. ) ;
#6904 = CARTESIAN_POINT ( 'NONE',  ( 22.32376232759892432, 36.51483030372894234, 0.000000000000000000 ) ) ;
#6905 = EDGE_CURVE ( 'NONE', #1888, #7169, #6568, .T. ) ;
#6906 = DIRECTION ( 'NONE',  ( 0.2811509820761541323, -0.9596635479571025140, -0.000000000000000000 ) ) ;
#6907 = CIRCLE ( 'NONE', #597, 5.000001934893071542 ) ;
#6908 = EDGE_CURVE ( 'NONE', #1441, #5655, #7092, .T. ) ;
#6909 = VERTEX_POINT ( 'NONE', #3137 ) ;
#6910 = ORIENTED_EDGE ( 'NONE', *, *, #2256, .F. ) ;
#6911 = CARTESIAN_POINT ( 'NONE',  ( 7.886489999999999334, 88.85902000000000100, 3.000000000000000000 ) ) ;
#6912 = CARTESIAN_POINT ( 'NONE',  ( 7.038929999999999687, 68.91521000000000186, 0.000000000000000000 ) ) ;
#6913 = VECTOR ( 'NONE', #415, 1000.000000000000227 ) ;
#6914 = CARTESIAN_POINT ( 'NONE',  ( 19.65449232759892340, 45.66411030372893975, 0.000000000000000000 ) ) ;
#6915 = VERTEX_POINT ( 'NONE', #5403 ) ;
#6916 = FACE_OUTER_BOUND ( 'NONE', #2495, .T. ) ;
#6917 = EDGE_CURVE ( 'NONE', #2407, #5093, #1029, .T. ) ;
#6918 = DIRECTION ( 'NONE',  ( -0.2769679073943137060, 0.9608791694451571663, -0.000000000000000000 ) ) ;
#6919 = ORIENTED_EDGE ( 'NONE', *, *, #5966, .F. ) ;
#6920 = VECTOR ( 'NONE', #1683, 1000.000000000000000 ) ;
#6921 = VECTOR ( 'NONE', #1693, 1000.000000000000114 ) ;
#6922 = VERTEX_POINT ( 'NONE', #5465 ) ;
#6923 = EDGE_LOOP ( 'NONE', ( #6105, #6241, #5611, #3184 ) ) ;
#6924 = ORIENTED_EDGE ( 'NONE', *, *, #6035, .T. ) ;
#6925 = DIRECTION ( 'NONE',  ( 0.3759946317799314763, -0.9266218413531345233, 0.000000000000000000 ) ) ;
#6926 = CARTESIAN_POINT ( 'NONE',  ( 17.66762999999999906, 57.78782000000000352, 3.000000000000000000 ) ) ;
#6927 = CIRCLE ( 'NONE', #288, 5.000001934893071542 ) ;
#6928 = LINE ( 'NONE', #3085, #619 ) ;
#6929 = VERTEX_POINT ( 'NONE', #6421 ) ;
#6930 = ORIENTED_EDGE ( 'NONE', *, *, #1729, .T. ) ;
#6931 = CARTESIAN_POINT ( 'NONE',  ( 8.921011450483755212, 51.08714088092107630, 3.000000000000000000 ) ) ;
#6932 = VECTOR ( 'NONE', #6370, 1000.000000000000000 ) ;
#6933 = CARTESIAN_POINT ( 'NONE',  ( 19.65449232759892340, 45.66411030372893975, 3.000000000000000000 ) ) ;
#6934 = DIRECTION ( 'NONE',  ( 0.7477395987620228945, 0.6639920876359967084, -0.000000000000000000 ) ) ;
#6935 = DIRECTION ( 'NONE',  ( -0.3598163467963131912, 0.9330231490044366138, -0.000000000000000000 ) ) ;
#6936 = DIRECTION ( 'NONE',  ( -0.3562598366157372354, 0.9343869267142643764, -0.000000000000000000 ) ) ;
#6937 = LINE ( 'NONE', #4779, #2138 ) ;
#6938 = CARTESIAN_POINT ( 'NONE',  ( 17.87649000000000044, 58.30986000000000047, 3.000000000000000000 ) ) ;
#6939 = DIRECTION ( 'NONE',  ( -0.9999459498228807641, -0.01039699152720757747, -0.000000000000000000 ) ) ;
#6940 = ORIENTED_EDGE ( 'NONE', *, *, #6161, .T. ) ;
#6941 = ORIENTED_EDGE ( 'NONE', *, *, #3567, .T. ) ;
#6942 = ORIENTED_EDGE ( 'NONE', *, *, #7004, .F. ) ;
#6943 = VECTOR ( 'NONE', #6809, 1000.000000000000000 ) ;
#6944 = DIRECTION ( 'NONE',  ( -0.9367890435800073634, -0.3498946810519633632, 0.000000000000000000 ) ) ;
#6945 = LINE ( 'NONE', #1945, #6091 ) ;
#6946 = EDGE_CURVE ( 'NONE', #6435, #1217, #4892, .T. ) ;
#6947 = PLANE ( 'NONE',  #2140 ) ;
#6948 = CARTESIAN_POINT ( 'NONE',  ( 8.696220000000000283, 59.60871000000000208, 3.000000000000000000 ) ) ;
#6949 = DIRECTION ( 'NONE',  ( 0.3300812949884028291, -0.9439525087094047251, 0.000000000000000000 ) ) ;
#6950 = DIRECTION ( 'NONE',  ( 0.6639920876359967084, -0.7477395987620227835, -0.000000000000000000 ) ) ;
#6951 = AXIS2_PLACEMENT_3D ( 'NONE', #5052, #6738, #3379 ) ;
#6952 = ORIENTED_EDGE ( 'NONE', *, *, #66, .T. ) ;
#6953 = ORIENTED_EDGE ( 'NONE', *, *, #5875, .T. ) ;
#6954 = ORIENTED_EDGE ( 'NONE', *, *, #6581, .T. ) ;
#6955 = EDGE_CURVE ( 'NONE', #2832, #1835, #6018, .T. ) ;
#6956 = PLANE ( 'NONE',  #6556 ) ;
#6957 = LINE ( 'NONE', #2070, #5963 ) ;
#6958 = VECTOR ( 'NONE', #5857, 1000.000000000000000 ) ;
#6959 = DIRECTION ( 'NONE',  ( 0.7326971373220908523, -0.6805548508092592597, 0.000000000000000000 ) ) ;
#6960 = EDGE_CURVE ( 'NONE', #2469, #5873, #2020, .T. ) ;
#6961 = VECTOR ( 'NONE', #2111, 1000.000000000000000 ) ;
#6962 = ORIENTED_EDGE ( 'NONE', *, *, #2786, .T. ) ;
#6963 = LINE ( 'NONE', #3554, #372 ) ;
#6964 = ORIENTED_EDGE ( 'NONE', *, *, #2494, .T. ) ;
#6965 = ORIENTED_EDGE ( 'NONE', *, *, #6399, .F. ) ;
#6966 = EDGE_CURVE ( 'NONE', #5463, #5860, #4826, .T. ) ;
#6967 = DIRECTION ( 'NONE',  ( -0.09598982386539674228, -0.9953823153513879918, 0.000000000000000000 ) ) ;
#6968 = LINE ( 'NONE', #2930, #6958 ) ;
#6969 = DIRECTION ( 'NONE',  ( -0.2822890138630445578, 0.9593294077907910111, -0.000000000000000000 ) ) ;
#6970 = VECTOR ( 'NONE', #2044, 1000.000000000000341 ) ;
#6971 = VERTEX_POINT ( 'NONE', #3210 ) ;
#6972 = ORIENTED_EDGE ( 'NONE', *, *, #5370, .F. ) ;
#6973 = DIRECTION ( 'NONE',  ( -0.000000000000000000, -0.000000000000000000, -1.000000000000000000 ) ) ;
#6974 = CARTESIAN_POINT ( 'NONE',  ( 11.09951000000000043, 83.52206999999999937, 3.000000000000000000 ) ) ;
#6975 = CARTESIAN_POINT ( 'NONE',  ( 6.568950000000000067, 89.79461000000000581, 0.000000000000000000 ) ) ;
#6976 = DIRECTION ( 'NONE',  ( 0.9130498914859812576, -0.4078478829875641920, 0.000000000000000000 ) ) ;
#6977 = LINE ( 'NONE', #1976, #866 ) ;
#6978 = DIRECTION ( 'NONE',  ( 0.9644681249974547121, 0.2641992351690182206, -0.000000000000000000 ) ) ;
#6979 = DIRECTION ( 'NONE',  ( -0.9591800286969387468, -0.2827961678469845253, 0.000000000000000000 ) ) ;
#6980 = DIRECTION ( 'NONE',  ( -0.000000000000000000, -0.000000000000000000, -1.000000000000000000 ) ) ;
#6981 = ORIENTED_EDGE ( 'NONE', *, *, #465, .T. ) ;
#6982 = FACE_OUTER_BOUND ( 'NONE', #2607, .T. ) ;
#6983 = CARTESIAN_POINT ( 'NONE',  ( 13.24582000000000015, 77.95171000000000561, 3.000000000000000000 ) ) ;
#6984 = LINE ( 'NONE', #7063, #1339 ) ;
#6985 = CARTESIAN_POINT ( 'NONE',  ( 15.73827999999999960, 71.37178000000000111, 3.000000000000000000 ) ) ;
#6986 = DIRECTION ( 'NONE',  ( -0.000000000000000000, -0.000000000000000000, -1.000000000000000000 ) ) ;
#6987 = VERTEX_POINT ( 'NONE', #5437 ) ;
#6988 = ORIENTED_EDGE ( 'NONE', *, *, #807, .F. ) ;
#6989 = ADVANCED_FACE ( 'NONE', ( #4785 ), #4186, .F. ) ;
#6990 = ORIENTED_EDGE ( 'NONE', *, *, #3599, .F. ) ;
#6991 = FACE_OUTER_BOUND ( 'NONE', #4417, .T. ) ;
#6992 = CARTESIAN_POINT ( 'NONE',  ( 0.2999999999999999889, 61.27886999999999773, 3.000000000000000000 ) ) ;
#6993 = DIRECTION ( 'NONE',  ( 0.3598163467963131357, -0.9330231490044367249, 0.000000000000000000 ) ) ;
#6994 = EDGE_LOOP ( 'NONE', ( #5927, #1038, #4197, #6843 ) ) ;
#6995 = CARTESIAN_POINT ( 'NONE',  ( 13.24835000000000029, 77.94482999999999606, 3.000000000000000000 ) ) ;
#6996 = ORIENTED_EDGE ( 'NONE', *, *, #1192, .T. ) ;
#6997 = EDGE_CURVE ( 'NONE', #4329, #6697, #6464, .T. ) ;
#6998 = ORIENTED_EDGE ( 'NONE', *, *, #5670, .F. ) ;
#6999 = FACE_OUTER_BOUND ( 'NONE', #2456, .T. ) ;
#7000 = CARTESIAN_POINT ( 'NONE',  ( 18.40963999999999956, 60.75124999999999886, 0.000000000000000000 ) ) ;
#7001 = EDGE_CURVE ( 'NONE', #4612, #3524, #5879, .T. ) ;
#7002 = PLANE ( 'NONE',  #4115 ) ;
#7003 = ORIENTED_EDGE ( 'NONE', *, *, #4428, .F. ) ;
#7004 = EDGE_CURVE ( 'NONE', #4610, #1784, #5916, .T. ) ;
#7005 = EDGE_CURVE ( 'NONE', #6516, #3456, #3101, .T. ) ;
#7006 = ORIENTED_EDGE ( 'NONE', *, *, #149, .F. ) ;
#7007 = DIRECTION ( 'NONE',  ( -0.9682943725843510263, 0.2498119453138262780, 0.000000000000000000 ) ) ;
#7008 = DIRECTION ( 'NONE',  ( 0.9327652588420829449, 0.3604843573544655455, -0.000000000000000000 ) ) ;
#7009 = PLANE ( 'NONE',  #5980 ) ;
#7010 = DIRECTION ( 'NONE',  ( 0.3626499338719157417, -0.9319254398623824098, 0.000000000000000000 ) ) ;
#7011 = EDGE_CURVE ( 'NONE', #5323, #10, #3755, .T. ) ;
#7012 = LINE ( 'NONE', #5829, #6572 ) ;
#7013 = CARTESIAN_POINT ( 'NONE',  ( 1.399999999999999911, 76.52886999999999773, 3.000000000000000000 ) ) ;
#7014 = CARTESIAN_POINT ( 'NONE',  ( 21.93486232759892474, 37.83389030372893558, 3.000000000000000000 ) ) ;
#7015 = CARTESIAN_POINT ( 'NONE',  ( 0.2999999999999999889, 67.76761000000000479, 3.000000000000000000 ) ) ;
#7016 = ORIENTED_EDGE ( 'NONE', *, *, #4804, .T. ) ;
#7017 = VECTOR ( 'NONE', #6558, 1000.000000000000000 ) ;
#7018 = VERTEX_POINT ( 'NONE', #7121 ) ;
#7019 = CARTESIAN_POINT ( 'NONE',  ( 9.692830000000000723, 86.53628000000000497, 0.000000000000000000 ) ) ;
#7020 = DIRECTION ( 'NONE',  ( -0.000000000000000000, -0.000000000000000000, -1.000000000000000000 ) ) ;
#7021 = CARTESIAN_POINT ( 'NONE',  ( 8.073380000000000223, 88.68542999999999665, 3.000000000000000000 ) ) ;
#7022 = CARTESIAN_POINT ( 'NONE',  ( 2.959000000000000075, 90.76592999999999734, 0.000000000000000000 ) ) ;
#7023 = VECTOR ( 'NONE', #1715, 1000.000000000000227 ) ;
#7024 = DIRECTION ( 'NONE',  ( 1.000000000000000000, 0.000000000000000000, 0.000000000000000000 ) ) ;
#7025 = ORIENTED_EDGE ( 'NONE', *, *, #4469, .T. ) ;
#7026 = LINE ( 'NONE', #480, #4446 ) ;
#7027 = VECTOR ( 'NONE', #2463, 1000.000000000000000 ) ;
#7028 = LINE ( 'NONE', #2029, #4085 ) ;
#7029 = LINE ( 'NONE', #4369, #3798 ) ;
#7030 = AXIS2_PLACEMENT_3D ( 'NONE', #7014, #6979, #2521 ) ;
#7031 = DIRECTION ( 'NONE',  ( 0.9346808408751922093, -0.3554880106288306751, 0.000000000000000000 ) ) ;
#7032 = ORIENTED_EDGE ( 'NONE', *, *, #261, .T. ) ;
#7033 = ORIENTED_EDGE ( 'NONE', *, *, #4625, .T. ) ;
#7034 = VECTOR ( 'NONE', #1076, 1000.000000000000000 ) ;
#7035 = VERTEX_POINT ( 'NONE', #5333 ) ;
#7036 = CARTESIAN_POINT ( 'NONE',  ( 10.52196145048375620, 44.89857088092107773, 3.000000000000000000 ) ) ;
#7037 = EDGE_CURVE ( 'NONE', #1754, #660, #2121, .T. ) ;
#7038 = VECTOR ( 'NONE', #5366, 1000.000000000000114 ) ;
#7039 = CARTESIAN_POINT ( 'NONE',  ( 18.00748232759892176, 51.78476030372893746, 0.000000000000000000 ) ) ;
#7040 = AXIS2_PLACEMENT_3D ( 'NONE', #1464, #1566, #7051 ) ;
#7041 = ORIENTED_EDGE ( 'NONE', *, *, #6917, .F. ) ;
#7042 = ORIENTED_EDGE ( 'NONE', *, *, #5251, .F. ) ;
#7043 = DIRECTION ( 'NONE',  ( -0.4078500890897715503, -0.9130489060447228855, 0.000000000000000000 ) ) ;
#7044 =( GEOMETRIC_REPRESENTATION_CONTEXT ( 3 ) GLOBAL_UNCERTAINTY_ASSIGNED_CONTEXT ( ( #4280 ) ) GLOBAL_UNIT_ASSIGNED_CONTEXT ( ( #255, #5458, #3233 ) ) REPRESENTATION_CONTEXT ( 'NONE', 'WORKASPACE' ) );
#7045 = ADVANCED_FACE ( 'NONE', ( #6778 ), #6673, .F. ) ;
#7046 = CARTESIAN_POINT ( 'NONE',  ( 10.57658999999999949, 84.73675000000000068, 3.000000000000000000 ) ) ;
#7047 = AXIS2_PLACEMENT_3D ( 'NONE', #2328, #4545, #6785 ) ;
#7048 = VECTOR ( 'NONE', #7122, 1000.000000000000000 ) ;
#7050 = EDGE_CURVE ( 'NONE', #5205, #540, #136, .T. ) ;
#7049 = CARTESIAN_POINT ( 'NONE',  ( 11.08099999999999952, 83.56645000000000323, 3.000000000000000000 ) ) ;
#7051 = DIRECTION ( 'NONE',  ( 0.000000000000000000, 0.000000000000000000, -1.000000000000000000 ) ) ;
#7052 = EDGE_CURVE ( 'NONE', #2016, #890, #3489, .T. ) ;
#7053 = CARTESIAN_POINT ( 'NONE',  ( 0.2999999999999999889, 62.79012999999999778, 3.000000000000000000 ) ) ;
#7054 = CARTESIAN_POINT ( 'NONE',  ( 20.59539232759891902, 42.39191030372894176, 3.000000000000000000 ) ) ;
#7055 = DIRECTION ( 'NONE',  ( 0.000000000000000000, 0.000000000000000000, 1.000000000000000000 ) ) ;
#7056 = CARTESIAN_POINT ( 'NONE',  ( 11.90103000000000044, 81.52304999999999779, 0.000000000000000000 ) ) ;
#7057 = ORIENTED_EDGE ( 'NONE', *, *, #2295, .F. ) ;
#7058 = AXIS2_PLACEMENT_3D ( 'NONE', #3724, #2530, #5946 ) ;
#7059 = DIRECTION ( 'NONE',  ( -0.000000000000000000, -0.000000000000000000, -1.000000000000000000 ) ) ;
#7060 = EDGE_CURVE ( 'NONE', #520, #3337, #1196, .T. ) ;
#7061 = LINE ( 'NONE', #1508, #3526 ) ;
#7062 = DIRECTION ( 'NONE',  ( -0.2562184508061003951, -0.9666189039463908284, 0.000000000000000000 ) ) ;
#7063 = CARTESIAN_POINT ( 'NONE',  ( 6.799999999999999822, 69.52917999999999665, 3.000000000000000000 ) ) ;
#7064 = CARTESIAN_POINT ( 'NONE',  ( 13.30276145048375369, 35.28694088092107961, 0.000000000000000000 ) ) ;
#7065 = ORIENTED_EDGE ( 'NONE', *, *, #886, .F. ) ;
#7066 = AXIS2_PLACEMENT_3D ( 'NONE', #2957, #5529, #3849 ) ;
#7067 = LINE ( 'NONE', #3728, #3759 ) ;
#7068 = DIRECTION ( 'NONE',  ( 0.9850568250351249278, -0.1722296474237796360, 0.000000000000000000 ) ) ;
#7069 = CIRCLE ( 'NONE', #2972, 5.000003579956787014 ) ;
#7070 = LINE ( 'NONE', #7100, #7128 ) ;
#7071 = ORIENTED_EDGE ( 'NONE', *, *, #6808, .F. ) ;
#7072 = VERTEX_POINT ( 'NONE', #7231 ) ;
#7073 = VECTOR ( 'NONE', #293, 1000.000000000000114 ) ;
#7074 = VECTOR ( 'NONE', #2018, 1000.000000000000114 ) ;
#7075 = ORIENTED_EDGE ( 'NONE', *, *, #3150, .T. ) ;
#7076 = DIRECTION ( 'NONE',  ( 0.9691419533060101621, 0.2465032947897681237, -0.000000000000000000 ) ) ;
#7077 = ORIENTED_EDGE ( 'NONE', *, *, #5436, .T. ) ;
#7078 = VERTEX_POINT ( 'NONE', #6820 ) ;
#7079 = ADVANCED_FACE ( 'NONE', ( #2289 ), #5566, .F. ) ;
#7080 = DIRECTION ( 'NONE',  ( -0.000000000000000000, -1.000000000000000000, -0.000000000000000000 ) ) ;
#7081 = VERTEX_POINT ( 'NONE', #3924 ) ;
#7082 = DIRECTION ( 'NONE',  ( -1.000000000000000000, 0.000000000000000000, 0.000000000000000000 ) ) ;
#7083 = DIRECTION ( 'NONE',  ( -0.2464996825437959505, 0.9691428720812054198, -0.000000000000000000 ) ) ;
#7084 = DIRECTION ( 'NONE',  ( 0.7477395987620191198, 0.6639920876360008162, -0.000000000000000000 ) ) ;
#7085 = LINE ( 'NONE', #1465, #4539 ) ;
#7086 = CARTESIAN_POINT ( 'NONE',  ( 17.37471999999999994, 57.12697000000000003, 3.000000000000000000 ) ) ;
#7087 = EDGE_CURVE ( 'NONE', #5169, #2421, #3351, .T. ) ;
#7088 = CARTESIAN_POINT ( 'NONE',  ( 18.86108730178907322, 32.27887001539321687, 0.000000000000000000 ) ) ;
#7089 = ORIENTED_EDGE ( 'NONE', *, *, #824, .T. ) ;
#7090 = EDGE_CURVE ( 'NONE', #1658, #5650, #3421, .T. ) ;
#7091 = CARTESIAN_POINT ( 'NONE',  ( 21.93486232759892474, 37.83389030372893558, 0.000000000000000000 ) ) ;
#7092 = LINE ( 'NONE', #920, #6564 ) ;
#7093 = LINE ( 'NONE', #6221, #2728 ) ;
#7094 = CARTESIAN_POINT ( 'NONE',  ( 18.17614000000000019, 63.71345000000000169, 3.000000000000000000 ) ) ;
#7095 = EDGE_CURVE ( 'NONE', #3155, #5223, #719, .T. ) ;
#7096 = EDGE_LOOP ( 'NONE', ( #6811, #7071, #3051, #6286 ) ) ;
#7097 = FACE_OUTER_BOUND ( 'NONE', #76, .T. ) ;
#7098 = FACE_OUTER_BOUND ( 'NONE', #3939, .T. ) ;
#7099 = ADVANCED_FACE ( 'NONE', ( #5637 ), #4584, .F. ) ;
#7100 = CARTESIAN_POINT ( 'NONE',  ( 0.2999999999999999889, 67.79013000000000488, 0.000000000000000000 ) ) ;
#7101 = ORIENTED_EDGE ( 'NONE', *, *, #3237, .T. ) ;
#7102 = ORIENTED_EDGE ( 'NONE', *, *, #73, .T. ) ;
#7103 = ORIENTED_EDGE ( 'NONE', *, *, #1379, .F. ) ;
#7104 = CARTESIAN_POINT ( 'NONE',  ( 6.083660000000000068, 90.03528000000000020, 3.000000000000000000 ) ) ;
#7105 = VERTEX_POINT ( 'NONE', #5021 ) ;
#7106 = EDGE_LOOP ( 'NONE', ( #2075, #2155, #2396, #749 ) ) ;
#7107 = CARTESIAN_POINT ( 'NONE',  ( 5.154580000000000162, 90.37573999999999330, 3.000000000000000000 ) ) ;
#7108 = CARTESIAN_POINT ( 'NONE',  ( 10.54606000000000066, 84.80473000000000638, 0.000000000000000000 ) ) ;
#7109 = ORIENTED_EDGE ( 'NONE', *, *, #6263, .T. ) ;
#7110 = FACE_OUTER_BOUND ( 'NONE', #4099, .T. ) ;
#7111 = DIRECTION ( 'NONE',  ( 0.9333456062030593969, 0.3589790793088692977, -0.000000000000000000 ) ) ;
#7112 = DIRECTION ( 'NONE',  ( -0.000000000000000000, -0.000000000000000000, -1.000000000000000000 ) ) ;
#7113 = CARTESIAN_POINT ( 'NONE',  ( 18.20943000000000112, 59.41342000000000212, 3.000000000000000000 ) ) ;
#7114 = DIRECTION ( 'NONE',  ( -0.000000000000000000, -0.000000000000000000, -1.000000000000000000 ) ) ;
#7116 = EDGE_CURVE ( 'NONE', #3841, #4976, #4991, .T. ) ;
#7115 = SECURITY_CLASSIFICATION_LEVEL ( 'unclassified' ) ;
#7117 = DIRECTION ( 'NONE',  ( 0.7896007761563469396, -0.6136209043809495167, 0.000000000000000000 ) ) ;
#7118 = CARTESIAN_POINT ( 'NONE',  ( 12.86109110324589366, 54.27887061591118822, 3.000000000000000000 ) ) ;
#7119 = EDGE_LOOP ( 'NONE', ( #1790, #6703, #6789, #2279 ) ) ;
#7120 = DIRECTION ( 'NONE',  ( -0.000000000000000000, -0.000000000000000000, -1.000000000000000000 ) ) ;
#7121 = CARTESIAN_POINT ( 'NONE',  ( 9.404189999999999827, 61.63889999999999958, 3.000000000000000000 ) ) ;
#7122 = DIRECTION ( 'NONE',  ( -0.3554880106288306751, -0.9346808408751922093, -0.000000000000000000 ) ) ;
#7123 = ADVANCED_FACE ( 'NONE', ( #4471 ), #1717, .F. ) ;
#7124 = CARTESIAN_POINT ( 'NONE',  ( 12.86109000000000080, 54.27886999999999773, 3.000000000000000000 ) ) ;
#7125 = ORIENTED_EDGE ( 'NONE', *, *, #5726, .T. ) ;
#7126 = CARTESIAN_POINT ( 'NONE',  ( 12.98156999999999961, 78.66679999999999495, 3.000000000000000000 ) ) ;
#7127 = EDGE_CURVE ( 'NONE', #3196, #214, #4505, .T. ) ;
#7128 = VECTOR ( 'NONE', #2071, 1000.000000000000114 ) ;
#7129 = EDGE_CURVE ( 'NONE', #4310, #3304, #6262, .T. ) ;
#7130 = EDGE_CURVE ( 'NONE', #6131, #2003, #31, .T. ) ;
#7131 = DIRECTION ( 'NONE',  ( -0.000000000000000000, -0.000000000000000000, -1.000000000000000000 ) ) ;
#7132 = ORIENTED_EDGE ( 'NONE', *, *, #4732, .T. ) ;
#7133 = ORIENTED_EDGE ( 'NONE', *, *, #6174, .F. ) ;
#7134 = EDGE_CURVE ( 'NONE', #1888, #2881, #2988, .T. ) ;
#7135 = AXIS2_PLACEMENT_3D ( 'NONE', #347, #7068, #2537 ) ;
#7136 = CARTESIAN_POINT ( 'NONE',  ( 17.50576999999999828, 57.42034999999999911, 3.000000000000000000 ) ) ;
#7137 = EDGE_LOOP ( 'NONE', ( #1364, #2523, #3368, #6513 ) ) ;
#7138 = AXIS2_PLACEMENT_3D ( 'NONE', #3937, #5036, #43 ) ;
#7139 = ORIENTED_EDGE ( 'NONE', *, *, #1863, .T. ) ;
#7140 = LINE ( 'NONE', #492, #4092 ) ;
#7141 = ORIENTED_EDGE ( 'NONE', *, *, #1551, .T. ) ;
#7142 = FACE_OUTER_BOUND ( 'NONE', #3629, .T. ) ;
#7143 = LINE ( 'NONE', #3228, #6705 ) ;
#7144 = FACE_OUTER_BOUND ( 'NONE', #6849, .T. ) ;
#7145 = VECTOR ( 'NONE', #692, 1000.000000000000000 ) ;
#7146 = CARTESIAN_POINT ( 'NONE',  ( 0.2999999999999999889, 67.79013000000000488, 3.000000000000000000 ) ) ;
#7147 = LINE ( 'NONE', #1085, #5478 ) ;
#7148 = FACE_OUTER_BOUND ( 'NONE', #3194, .T. ) ;
#7149 = CALENDAR_DATE ( 2026, 1, 10 ) ;
#7150 = LINE ( 'NONE', #4363, #1107 ) ;
#7151 = DIRECTION ( 'NONE',  ( -1.000000000000000000, 0.000000000000000000, 0.000000000000000000 ) ) ;
#7152 = VERTEX_POINT ( 'NONE', #5328 ) ;
#7153 = VECTOR ( 'NONE', #2253, 1000.000000000000114 ) ;
#7154 = VECTOR ( 'NONE', #1713, 1000.000000000000114 ) ;
#7155 = ORIENTED_EDGE ( 'NONE', *, *, #2492, .F. ) ;
#7156 = CARTESIAN_POINT ( 'NONE',  ( 18.42449999999999832, 61.74425999999999704, 3.000000000000000000 ) ) ;
#7157 = CARTESIAN_POINT ( 'NONE',  ( 22.32593232759892388, 36.50744030372894144, 0.000000000000000000 ) ) ;
#7158 = CARTESIAN_POINT ( 'NONE',  ( 15.12310000000000088, 72.95808999999999855, 3.000000000000000000 ) ) ;
#7159 = CARTESIAN_POINT ( 'NONE',  ( 8.476779999999999760, 58.83167999999999864, 3.000000000000000000 ) ) ;
#7160 = CARTESIAN_POINT ( 'NONE',  ( 10.05781999999999954, 85.84056999999999960, 3.000000000000000000 ) ) ;
#7161 = CARTESIAN_POINT ( 'NONE',  ( 17.54161480738846990, 33.29294898404469194, -0.000000000000000000 ) ) ;
#7162 = VECTOR ( 'NONE', #5636, 1000.000000000000114 ) ;
#7163 = ORIENTED_EDGE ( 'NONE', *, *, #6681, .F. ) ;
#7164 = DIRECTION ( 'NONE',  ( 0.6639920876360008162, -0.7477395987620191198, -0.000000000000000000 ) ) ;
#7165 = EDGE_CURVE ( 'NONE', #2543, #681, #1357, .T. ) ;
#7166 = DIRECTION ( 'NONE',  ( 0.6639920876360008162, -0.7477395987620191198, -0.000000000000000000 ) ) ;
#7167 = VECTOR ( 'NONE', #5742, 1000.000000000000227 ) ;
#7168 = DIRECTION ( 'NONE',  ( -0.000000000000000000, -0.000000000000000000, -1.000000000000000000 ) ) ;
#7169 = VERTEX_POINT ( 'NONE', #6381 ) ;
#7170 = ADVANCED_FACE ( 'NONE', ( #2477 ), #5246, .F. ) ;
#7171 = ORIENTED_EDGE ( 'NONE', *, *, #4033, .T. ) ;
#7172 = EDGE_CURVE ( 'NONE', #3378, #1390, #6937, .T. ) ;
#7173 = EDGE_CURVE ( 'NONE', #4108, #4873, #2439, .T. ) ;
#7174 = VECTOR ( 'NONE', #2360, 1000.000000000000114 ) ;
#7175 = DIRECTION ( 'NONE',  ( 0.000000000000000000, 0.000000000000000000, 1.000000000000000000 ) ) ;
#7176 = ORIENTED_EDGE ( 'NONE', *, *, #6140, .T. ) ;
#7177 = VERTEX_POINT ( 'NONE', #1938 ) ;
#7178 = CIRCLE ( 'NONE', #3327, 4.999995816523091996 ) ;
#7179 = VECTOR ( 'NONE', #2409, 1000.000000000000000 ) ;
#7180 = ADVANCED_FACE ( 'NONE', ( #6341 ), #3575, .F. ) ;
#7181 = ORIENTED_EDGE ( 'NONE', *, *, #5428, .F. ) ;
#7182 = CARTESIAN_POINT ( 'NONE',  ( 5.296789999999999665, 90.33253000000000554, 0.000000000000000000 ) ) ;
#7183 = VECTOR ( 'NONE', #5996, 1000.000000000000114 ) ;
#7184 = ORIENTED_EDGE ( 'NONE', *, *, #4765, .T. ) ;
#7185 = EDGE_LOOP ( 'NONE', ( #1346, #3898, #4549, #2997 ) ) ;
#7186 = DIRECTION ( 'NONE',  ( -0.000000000000000000, -0.000000000000000000, -1.000000000000000000 ) ) ;
#7187 = CARTESIAN_POINT ( 'NONE',  ( 0.2999999999999999889, 80.29013000000000488, 0.000000000000000000 ) ) ;
#7188 = VECTOR ( 'NONE', #1884, 1000.000000000000114 ) ;
#7189 = CARTESIAN_POINT ( 'NONE',  ( 10.54606000000000066, 84.80473000000000638, 3.000000000000000000 ) ) ;
#7190 = LINE ( 'NONE', #2113, #4195 ) ;
#7191 = LINE ( 'NONE', #7086, #5312 ) ;
#7192 = PERSON_AND_ORGANIZATION_ROLE ( 'creator' ) ;
#7193 = CARTESIAN_POINT ( 'NONE',  ( 0.2999999999999999889, 80.29013000000000488, 3.000000000000000000 ) ) ;
#7194 = EDGE_CURVE ( 'NONE', #4307, #6543, #1468, .T. ) ;
#7195 = DIRECTION ( 'NONE',  ( -0.2232158120520924272, 0.9747690502113437461, 0.000000000000000000 ) ) ;
#7196 = ORIENTED_EDGE ( 'NONE', *, *, #646, .T. ) ;
#7197 = ORIENTED_EDGE ( 'NONE', *, *, #7050, .T. ) ;
#7198 = LINE ( 'NONE', #6019, #4374 ) ;
#7199 = FACE_OUTER_BOUND ( 'NONE', #569, .T. ) ;
#7200 = DIRECTION ( 'NONE',  ( -0.000000000000000000, -0.000000000000000000, -1.000000000000000000 ) ) ;
#7201 = CARTESIAN_POINT ( 'NONE',  ( 20.50062343572030343, 32.49544861956685082, 0.000000000000000000 ) ) ;
#7202 = LINE ( 'NONE', #644, #4408 ) ;
#7203 = ORIENTED_EDGE ( 'NONE', *, *, #5370, .T. ) ;
#7204 = FACE_OUTER_BOUND ( 'NONE', #2506, .T. ) ;
#7205 = PLANE ( 'NONE',  #3764 ) ;
#7206 = ADVANCED_FACE ( 'NONE', ( #5870 ), #6457, .F. ) ;
#7207 = ORIENTED_EDGE ( 'NONE', *, *, #2184, .T. ) ;
#7208 = VERTEX_POINT ( 'NONE', #5830 ) ;
#7209 = CARTESIAN_POINT ( 'NONE',  ( 0.2999999999999999889, 82.76761000000000479, 3.000000000000000000 ) ) ;
#7210 = EDGE_CURVE ( 'NONE', #319, #664, #802, .T. ) ;
#7211 = VERTEX_POINT ( 'NONE', #6857 ) ;
#7212 = ORIENTED_EDGE ( 'NONE', *, *, #829, .T. ) ;
#7213 = ORIENTED_EDGE ( 'NONE', *, *, #5579, .T. ) ;
#7214 = ORIENTED_EDGE ( 'NONE', *, *, #6680, .F. ) ;
#7215 = ORIENTED_EDGE ( 'NONE', *, *, #3114, .T. ) ;
#7216 = VECTOR ( 'NONE', #3861, 1000.000000000000227 ) ;
#7217 = DIRECTION ( 'NONE',  ( 0.2780816263162248503, -0.9605574470615088067, -0.000000000000000000 ) ) ;
#7218 = EDGE_CURVE ( 'NONE', #5800, #489, #3058, .T. ) ;
#7219 = CARTESIAN_POINT ( 'NONE',  ( 10.99181145048375541, 43.22319088092108075, 3.000000000000000000 ) ) ;
#7220 = CARTESIAN_POINT ( 'NONE',  ( 10.05781999999999954, 85.84056999999999960, 0.000000000000000000 ) ) ;
#7221 = EDGE_CURVE ( 'NONE', #890, #670, #1312, .T. ) ;
#7222 = CARTESIAN_POINT ( 'NONE',  ( 9.404189999999999827, 61.63889999999999958, 3.000000000000000000 ) ) ;
#7223 = ADVANCED_FACE ( 'NONE', ( #182 ), #766, .F. ) ;
#7224 = DIRECTION ( 'NONE',  ( -0.000000000000000000, -0.000000000000000000, -1.000000000000000000 ) ) ;
#7225 = ORIENTED_EDGE ( 'NONE', *, *, #3280, .F. ) ;
#7226 = CARTESIAN_POINT ( 'NONE',  ( 13.86108536689600079, 32.27887001539321687, 3.000000000000000000 ) ) ;
#7227 = EDGE_CURVE ( 'NONE', #6115, #2950, #3023, .T. ) ;
#7228 = FACE_OUTER_BOUND ( 'NONE', #6619, .T. ) ;
#7229 = PLANE ( 'NONE',  #6651 ) ;
#7230 = DIRECTION ( 'NONE',  ( -0.9278099822951755282, 0.3730531285935371200, -0.000000000000000000 ) ) ;
#7231 = CARTESIAN_POINT ( 'NONE',  ( 17.22682999999999964, 56.71614000000000289, 0.000000000000000000 ) ) ;
#7232 = DIRECTION ( 'NONE',  ( -0.000000000000000000, -0.000000000000000000, -1.000000000000000000 ) ) ;
#7233 = CARTESIAN_POINT ( 'NONE',  ( 17.95197999999999894, 64.72745999999999356, 3.000000000000000000 ) ) ;
#7234 = VERTEX_POINT ( 'NONE', #4105 ) ;
#7235 = ORIENTED_EDGE ( 'NONE', *, *, #257, .T. ) ;
#7236 = DIRECTION ( 'NONE',  ( 0.4078500890897715503, 0.9130489060447228855, -0.000000000000000000 ) ) ;
#7237 = LINE ( 'NONE', #1203, #2946 ) ;
#7238 = CARTESIAN_POINT ( 'NONE',  ( 12.43595999999999968, 80.12586000000000297, 3.000000000000000000 ) ) ;
#7239 = VERTEX_POINT ( 'NONE', #1977 ) ;
#7240 = VECTOR ( 'NONE', #179, 1000.000000000000000 ) ;
ENDSEC;
END-ISO-10303-21;
