ISO-10303-21;
HEADER;
FILE_DESCRIPTION(('Open CASCADE Model'),'2;1');
FILE_NAME('Open CASCADE Shape Model','2026-10-01T23:57:30',('Author'),(
    'Open CASCADE'),'Open CASCADE STEP processor 7.9','Open CASCADE 7.9'
  ,'Unknown');
FILE_SCHEMA(('AUTOMOTIVE_DESIGN { 1 0 10303 214 1 1 1 1 }'));
ENDSEC;
DATA;
#1 = APPLICATION_PROTOCOL_DEFINITION('international standard',
  'automotive_design',2000,#2);
#2 = APPLICATION_CONTEXT(
  'core data for automotive mechanical design processes');
#3 = SHAPE_DEFINITION_REPRESENTATION(#4,#10);
#4 = PRODUCT_DEFINITION_SHAPE('','',#5);
#5 = PRODUCT_DEFINITION('design','',#6,#9);
#6 = PRODUCT_DEFINITION_FORMATION('','',#7);
#7 = PRODUCT('M2_platforma','M2_platforma','',(#8));
#8 = PRODUCT_CONTEXT('',#2,'mechanical');
#9 = PRODUCT_DEFINITION_CONTEXT('part definition',#2,'design');
#10 = SHAPE_REPRESENTATION('',(#11,#15,#19,#23,#27,#31,#35,#39,#43,#47),
  #51);
#11 = AXIS2_PLACEMENT_3D('',#12,#13,#14);
#12 = CARTESIAN_POINT('',(0.,0.,0.));
#13 = DIRECTION('',(0.,0.,1.));
#14 = DIRECTION('',(1.,0.,-0.));
#15 = AXIS2_PLACEMENT_3D('',#16,#17,#18);
#16 = CARTESIAN_POINT('',(0.,0.,0.));
#17 = DIRECTION('',(0.,0.,1.));
#18 = DIRECTION('',(1.,0.,-0.));
#19 = AXIS2_PLACEMENT_3D('',#20,#21,#22);
#20 = CARTESIAN_POINT('',(0.,0.,0.));
#21 = DIRECTION('',(0.,0.,1.));
#22 = DIRECTION('',(1.,0.,-0.));
#23 = AXIS2_PLACEMENT_3D('',#24,#25,#26);
#24 = CARTESIAN_POINT('',(0.,0.,0.));
#25 = DIRECTION('',(0.,0.,1.));
#26 = DIRECTION('',(1.,0.,-0.));
#27 = AXIS2_PLACEMENT_3D('',#28,#29,#30);
#28 = CARTESIAN_POINT('',(0.,0.,0.));
#29 = DIRECTION('',(0.,0.,1.));
#30 = DIRECTION('',(1.,0.,-0.));
#31 = AXIS2_PLACEMENT_3D('',#32,#33,#34);
#32 = CARTESIAN_POINT('',(0.,0.,0.));
#33 = DIRECTION('',(0.,0.,1.));
#34 = DIRECTION('',(1.,0.,-0.));
#35 = AXIS2_PLACEMENT_3D('',#36,#37,#38);
#36 = CARTESIAN_POINT('',(0.,0.,0.));
#37 = DIRECTION('',(0.,0.,1.));
#38 = DIRECTION('',(1.,0.,-0.));
#39 = AXIS2_PLACEMENT_3D('',#40,#41,#42);
#40 = CARTESIAN_POINT('',(0.,0.,0.));
#41 = DIRECTION('',(0.,0.,1.));
#42 = DIRECTION('',(1.,0.,-0.));
#43 = AXIS2_PLACEMENT_3D('',#44,#45,#46);
#44 = CARTESIAN_POINT('',(0.,0.,0.));
#45 = DIRECTION('',(0.,0.,1.));
#46 = DIRECTION('',(1.,0.,-0.));
#47 = AXIS2_PLACEMENT_3D('',#48,#49,#50);
#48 = CARTESIAN_POINT('',(0.,0.,0.));
#49 = DIRECTION('',(0.,0.,1.));
#50 = DIRECTION('',(1.,0.,-0.));
#51 = ( GEOMETRIC_REPRESENTATION_CONTEXT(3) 
GLOBAL_UNCERTAINTY_ASSIGNED_CONTEXT((#55)) GLOBAL_UNIT_ASSIGNED_CONTEXT(
(#52,#53,#54)) REPRESENTATION_CONTEXT('Context #1',
  '3D Context with UNIT and UNCERTAINTY') );
#52 = ( LENGTH_UNIT() NAMED_UNIT(*) SI_UNIT(.MILLI.,.METRE.) );
#53 = ( NAMED_UNIT(*) PLANE_ANGLE_UNIT() SI_UNIT($,.RADIAN.) );
#54 = ( NAMED_UNIT(*) SI_UNIT($,.STERADIAN.) SOLID_ANGLE_UNIT() );
#55 = UNCERTAINTY_MEASURE_WITH_UNIT(LENGTH_MEASURE(1.E-07),#52,
  'distance_accuracy_value','confusion accuracy');
#56 = PRODUCT_RELATED_PRODUCT_CATEGORY('part',$,(#7));
#57 = SHAPE_DEFINITION_REPRESENTATION(#58,#64);
#58 = PRODUCT_DEFINITION_SHAPE('','',#59);
#59 = PRODUCT_DEFINITION('design','',#60,#63);
#60 = PRODUCT_DEFINITION_FORMATION('','',#61);
#61 = PRODUCT('51106_verhnyaya_shayba','51106_verhnyaya_shayba','',(#62)
  );
#62 = PRODUCT_CONTEXT('',#2,'mechanical');
#63 = PRODUCT_DEFINITION_CONTEXT('part definition',#2,'design');
#64 = ADVANCED_BREP_SHAPE_REPRESENTATION('',(#11,#65),#255);
#65 = MANIFOLD_SOLID_BREP('',#66);
#66 = CLOSED_SHELL('',(#67,#155,#194,#228));
#67 = ADVANCED_FACE('',(#68),#82,.T.);
#68 = FACE_BOUND('',#69,.F.);
#69 = EDGE_LOOP('',(#70,#100,#127,#128));
#70 = ORIENTED_EDGE('',*,*,#71,.T.);
#71 = EDGE_CURVE('',#72,#74,#76,.T.);
#72 = VERTEX_POINT('',#73);
#73 = CARTESIAN_POINT('',(23.5,0.,-3.5));
#74 = VERTEX_POINT('',#75);
#75 = CARTESIAN_POINT('',(23.5,0.,0.));
#76 = SEAM_CURVE('',#77,(#81,#93),.PCURVE_S1.);
#77 = LINE('',#78,#79);
#78 = CARTESIAN_POINT('',(23.5,0.,-3.5));
#79 = VECTOR('',#80,1.);
#80 = DIRECTION('',(0.,0.,1.));
#81 = PCURVE('',#82,#87);
#82 = CYLINDRICAL_SURFACE('',#83,23.5);
#83 = AXIS2_PLACEMENT_3D('',#84,#85,#86);
#84 = CARTESIAN_POINT('',(0.,0.,-3.5));
#85 = DIRECTION('',(-0.,-0.,-1.));
#86 = DIRECTION('',(1.,0.,0.));
#87 = DEFINITIONAL_REPRESENTATION('',(#88),#92);
#88 = LINE('',#89,#90);
#89 = CARTESIAN_POINT('',(-0.,0.));
#90 = VECTOR('',#91,1.);
#91 = DIRECTION('',(-0.,-1.));
#92 = ( GEOMETRIC_REPRESENTATION_CONTEXT(2) 
PARAMETRIC_REPRESENTATION_CONTEXT() REPRESENTATION_CONTEXT('2D SPACE',''
  ) );
#93 = PCURVE('',#82,#94);
#94 = DEFINITIONAL_REPRESENTATION('',(#95),#99);
#95 = LINE('',#96,#97);
#96 = CARTESIAN_POINT('',(-6.28318530718,0.));
#97 = VECTOR('',#98,1.);
#98 = DIRECTION('',(-0.,-1.));
#99 = ( GEOMETRIC_REPRESENTATION_CONTEXT(2) 
PARAMETRIC_REPRESENTATION_CONTEXT() REPRESENTATION_CONTEXT('2D SPACE',''
  ) );
#100 = ORIENTED_EDGE('',*,*,#101,.T.);
#101 = EDGE_CURVE('',#74,#74,#102,.T.);
#102 = SURFACE_CURVE('',#103,(#108,#115),.PCURVE_S1.);
#103 = CIRCLE('',#104,23.5);
#104 = AXIS2_PLACEMENT_3D('',#105,#106,#107);
#105 = CARTESIAN_POINT('',(0.,0.,0.));
#106 = DIRECTION('',(0.,0.,1.));
#107 = DIRECTION('',(1.,0.,0.));
#108 = PCURVE('',#82,#109);
#109 = DEFINITIONAL_REPRESENTATION('',(#110),#114);
#110 = LINE('',#111,#112);
#111 = CARTESIAN_POINT('',(-0.,-3.5));
#112 = VECTOR('',#113,1.);
#113 = DIRECTION('',(-1.,0.));
#114 = ( GEOMETRIC_REPRESENTATION_CONTEXT(2) 
PARAMETRIC_REPRESENTATION_CONTEXT() REPRESENTATION_CONTEXT('2D SPACE',''
  ) );
#115 = PCURVE('',#116,#121);
#116 = PLANE('',#117);
#117 = AXIS2_PLACEMENT_3D('',#118,#119,#120);
#118 = CARTESIAN_POINT('',(-9.31023068963E-16,1.833762547557E-15,0.));
#119 = DIRECTION('',(0.,0.,1.));
#120 = DIRECTION('',(1.,0.,0.));
#121 = DEFINITIONAL_REPRESENTATION('',(#122),#126);
#122 = CIRCLE('',#123,23.5);
#123 = AXIS2_PLACEMENT_2D('',#124,#125);
#124 = CARTESIAN_POINT('',(9.31023068963E-16,-1.833762547557E-15));
#125 = DIRECTION('',(1.,0.));
#126 = ( GEOMETRIC_REPRESENTATION_CONTEXT(2) 
PARAMETRIC_REPRESENTATION_CONTEXT() REPRESENTATION_CONTEXT('2D SPACE',''
  ) );
#127 = ORIENTED_EDGE('',*,*,#71,.F.);
#128 = ORIENTED_EDGE('',*,*,#129,.F.);
#129 = EDGE_CURVE('',#72,#72,#130,.T.);
#130 = SURFACE_CURVE('',#131,(#136,#143),.PCURVE_S1.);
#131 = CIRCLE('',#132,23.5);
#132 = AXIS2_PLACEMENT_3D('',#133,#134,#135);
#133 = CARTESIAN_POINT('',(0.,0.,-3.5));
#134 = DIRECTION('',(0.,0.,1.));
#135 = DIRECTION('',(1.,0.,0.));
#136 = PCURVE('',#82,#137);
#137 = DEFINITIONAL_REPRESENTATION('',(#138),#142);
#138 = LINE('',#139,#140);
#139 = CARTESIAN_POINT('',(-0.,0.));
#140 = VECTOR('',#141,1.);
#141 = DIRECTION('',(-1.,0.));
#142 = ( GEOMETRIC_REPRESENTATION_CONTEXT(2) 
PARAMETRIC_REPRESENTATION_CONTEXT() REPRESENTATION_CONTEXT('2D SPACE',''
  ) );
#143 = PCURVE('',#144,#149);
#144 = PLANE('',#145);
#145 = AXIS2_PLACEMENT_3D('',#146,#147,#148);
#146 = CARTESIAN_POINT('',(-9.31023068963E-16,1.833762547557E-15,-3.5));
#147 = DIRECTION('',(0.,0.,1.));
#148 = DIRECTION('',(1.,0.,0.));
#149 = DEFINITIONAL_REPRESENTATION('',(#150),#154);
#150 = CIRCLE('',#151,23.5);
#151 = AXIS2_PLACEMENT_2D('',#152,#153);
#152 = CARTESIAN_POINT('',(9.31023068963E-16,-1.833762547557E-15));
#153 = DIRECTION('',(1.,0.));
#154 = ( GEOMETRIC_REPRESENTATION_CONTEXT(2) 
PARAMETRIC_REPRESENTATION_CONTEXT() REPRESENTATION_CONTEXT('2D SPACE',''
  ) );
#155 = ADVANCED_FACE('',(#156,#159),#144,.F.);
#156 = FACE_BOUND('',#157,.F.);
#157 = EDGE_LOOP('',(#158));
#158 = ORIENTED_EDGE('',*,*,#129,.T.);
#159 = FACE_BOUND('',#160,.F.);
#160 = EDGE_LOOP('',(#161));
#161 = ORIENTED_EDGE('',*,*,#162,.T.);
#162 = EDGE_CURVE('',#163,#163,#165,.T.);
#163 = VERTEX_POINT('',#164);
#164 = CARTESIAN_POINT('',(15.,0.,-3.5));
#165 = SURFACE_CURVE('',#166,(#171,#182),.PCURVE_S1.);
#166 = CIRCLE('',#167,15.);
#167 = AXIS2_PLACEMENT_3D('',#168,#169,#170);
#168 = CARTESIAN_POINT('',(0.,0.,-3.5));
#169 = DIRECTION('',(0.,0.,-1.));
#170 = DIRECTION('',(1.,0.,0.));
#171 = PCURVE('',#144,#172);
#172 = DEFINITIONAL_REPRESENTATION('',(#173),#181);
#173 = ( BOUNDED_CURVE() B_SPLINE_CURVE(2,(#174,#175,#176,#177,#178,#179
,#180),.UNSPECIFIED.,.T.,.F.) B_SPLINE_CURVE_WITH_KNOTS((1,2,2,2,2,1),(
    -2.094395102393,0.,2.094395102393,4.188790204786,6.28318530718,
8.377580409573),.UNSPECIFIED.) CURVE() GEOMETRIC_REPRESENTATION_ITEM() 
RATIONAL_B_SPLINE_CURVE((1.,0.5,1.,0.5,1.,0.5,1.)) REPRESENTATION_ITEM(
  '') );
#174 = CARTESIAN_POINT('',(15.,-1.833762547557E-15));
#175 = CARTESIAN_POINT('',(15.,-25.98076211353));
#176 = CARTESIAN_POINT('',(-7.5,-12.99038105676));
#177 = CARTESIAN_POINT('',(-30.,-5.507702944999E-15));
#178 = CARTESIAN_POINT('',(-7.5,12.990381056767));
#179 = CARTESIAN_POINT('',(15.,25.980762113533));
#180 = CARTESIAN_POINT('',(15.,-1.833762547557E-15));
#181 = ( GEOMETRIC_REPRESENTATION_CONTEXT(2) 
PARAMETRIC_REPRESENTATION_CONTEXT() REPRESENTATION_CONTEXT('2D SPACE',''
  ) );
#182 = PCURVE('',#183,#188);
#183 = CYLINDRICAL_SURFACE('',#184,15.);
#184 = AXIS2_PLACEMENT_3D('',#185,#186,#187);
#185 = CARTESIAN_POINT('',(0.,0.,-4.5));
#186 = DIRECTION('',(-0.,-0.,-1.));
#187 = DIRECTION('',(1.,0.,0.));
#188 = DEFINITIONAL_REPRESENTATION('',(#189),#193);
#189 = LINE('',#190,#191);
#190 = CARTESIAN_POINT('',(-6.28318530718,-1.));
#191 = VECTOR('',#192,1.);
#192 = DIRECTION('',(1.,-0.));
#193 = ( GEOMETRIC_REPRESENTATION_CONTEXT(2) 
PARAMETRIC_REPRESENTATION_CONTEXT() REPRESENTATION_CONTEXT('2D SPACE',''
  ) );
#194 = ADVANCED_FACE('',(#195,#198),#116,.T.);
#195 = FACE_BOUND('',#196,.T.);
#196 = EDGE_LOOP('',(#197));
#197 = ORIENTED_EDGE('',*,*,#101,.T.);
#198 = FACE_BOUND('',#199,.T.);
#199 = EDGE_LOOP('',(#200));
#200 = ORIENTED_EDGE('',*,*,#201,.T.);
#201 = EDGE_CURVE('',#202,#202,#204,.T.);
#202 = VERTEX_POINT('',#203);
#203 = CARTESIAN_POINT('',(15.,0.,0.));
#204 = SURFACE_CURVE('',#205,(#210,#221),.PCURVE_S1.);
#205 = CIRCLE('',#206,15.);
#206 = AXIS2_PLACEMENT_3D('',#207,#208,#209);
#207 = CARTESIAN_POINT('',(0.,0.,0.));
#208 = DIRECTION('',(0.,0.,-1.));
#209 = DIRECTION('',(1.,0.,0.));
#210 = PCURVE('',#116,#211);
#211 = DEFINITIONAL_REPRESENTATION('',(#212),#220);
#212 = ( BOUNDED_CURVE() B_SPLINE_CURVE(2,(#213,#214,#215,#216,#217,#218
,#219),.UNSPECIFIED.,.T.,.F.) B_SPLINE_CURVE_WITH_KNOTS((1,2,2,2,2,1),(
    -2.094395102393,0.,2.094395102393,4.188790204786,6.28318530718,
8.377580409573),.UNSPECIFIED.) CURVE() GEOMETRIC_REPRESENTATION_ITEM() 
RATIONAL_B_SPLINE_CURVE((1.,0.5,1.,0.5,1.,0.5,1.)) REPRESENTATION_ITEM(
  '') );
#213 = CARTESIAN_POINT('',(15.,-1.833762547557E-15));
#214 = CARTESIAN_POINT('',(15.,-25.98076211353));
#215 = CARTESIAN_POINT('',(-7.5,-12.99038105676));
#216 = CARTESIAN_POINT('',(-30.,-5.507702944999E-15));
#217 = CARTESIAN_POINT('',(-7.5,12.990381056767));
#218 = CARTESIAN_POINT('',(15.,25.980762113533));
#219 = CARTESIAN_POINT('',(15.,-1.833762547557E-15));
#220 = ( GEOMETRIC_REPRESENTATION_CONTEXT(2) 
PARAMETRIC_REPRESENTATION_CONTEXT() REPRESENTATION_CONTEXT('2D SPACE',''
  ) );
#221 = PCURVE('',#183,#222);
#222 = DEFINITIONAL_REPRESENTATION('',(#223),#227);
#223 = LINE('',#224,#225);
#224 = CARTESIAN_POINT('',(-6.28318530718,-4.5));
#225 = VECTOR('',#226,1.);
#226 = DIRECTION('',(1.,-0.));
#227 = ( GEOMETRIC_REPRESENTATION_CONTEXT(2) 
PARAMETRIC_REPRESENTATION_CONTEXT() REPRESENTATION_CONTEXT('2D SPACE',''
  ) );
#228 = ADVANCED_FACE('',(#229),#183,.F.);
#229 = FACE_BOUND('',#230,.T.);
#230 = EDGE_LOOP('',(#231,#232,#253,#254));
#231 = ORIENTED_EDGE('',*,*,#162,.T.);
#232 = ORIENTED_EDGE('',*,*,#233,.T.);
#233 = EDGE_CURVE('',#163,#202,#234,.T.);
#234 = SEAM_CURVE('',#235,(#239,#246),.PCURVE_S1.);
#235 = LINE('',#236,#237);
#236 = CARTESIAN_POINT('',(15.,0.,-4.5));
#237 = VECTOR('',#238,1.);
#238 = DIRECTION('',(0.,0.,1.));
#239 = PCURVE('',#183,#240);
#240 = DEFINITIONAL_REPRESENTATION('',(#241),#245);
#241 = LINE('',#242,#243);
#242 = CARTESIAN_POINT('',(-6.28318530718,0.));
#243 = VECTOR('',#244,1.);
#244 = DIRECTION('',(-0.,-1.));
#245 = ( GEOMETRIC_REPRESENTATION_CONTEXT(2) 
PARAMETRIC_REPRESENTATION_CONTEXT() REPRESENTATION_CONTEXT('2D SPACE',''
  ) );
#246 = PCURVE('',#183,#247);
#247 = DEFINITIONAL_REPRESENTATION('',(#248),#252);
#248 = LINE('',#249,#250);
#249 = CARTESIAN_POINT('',(-0.,0.));
#250 = VECTOR('',#251,1.);
#251 = DIRECTION('',(-0.,-1.));
#252 = ( GEOMETRIC_REPRESENTATION_CONTEXT(2) 
PARAMETRIC_REPRESENTATION_CONTEXT() REPRESENTATION_CONTEXT('2D SPACE',''
  ) );
#253 = ORIENTED_EDGE('',*,*,#201,.F.);
#254 = ORIENTED_EDGE('',*,*,#233,.F.);
#255 = ( GEOMETRIC_REPRESENTATION_CONTEXT(3) 
GLOBAL_UNCERTAINTY_ASSIGNED_CONTEXT((#259)) GLOBAL_UNIT_ASSIGNED_CONTEXT
((#256,#257,#258)) REPRESENTATION_CONTEXT('Context #1',
  '3D Context with UNIT and UNCERTAINTY') );
#256 = ( LENGTH_UNIT() NAMED_UNIT(*) SI_UNIT(.MILLI.,.METRE.) );
#257 = ( NAMED_UNIT(*) PLANE_ANGLE_UNIT() SI_UNIT($,.RADIAN.) );
#258 = ( NAMED_UNIT(*) SI_UNIT($,.STERADIAN.) SOLID_ANGLE_UNIT() );
#259 = UNCERTAINTY_MEASURE_WITH_UNIT(LENGTH_MEASURE(1.E-07),#256,
  'distance_accuracy_value','confusion accuracy');
#260 = CONTEXT_DEPENDENT_SHAPE_REPRESENTATION(#261,#263);
#261 = ( REPRESENTATION_RELATIONSHIP('','',#64,#10) 
REPRESENTATION_RELATIONSHIP_WITH_TRANSFORMATION(#262) 
SHAPE_REPRESENTATION_RELATIONSHIP() );
#262 = ITEM_DEFINED_TRANSFORMATION('','',#11,#15);
#263 = PRODUCT_DEFINITION_SHAPE('Placement','Placement of an item',#264
  );
#264 = NEXT_ASSEMBLY_USAGE_OCCURRENCE('11','51106_verhnyaya_shayba','',
  #5,#59,$);
#265 = PRODUCT_RELATED_PRODUCT_CATEGORY('part',$,(#61));
#266 = SHAPE_DEFINITION_REPRESENTATION(#267,#273);
#267 = PRODUCT_DEFINITION_SHAPE('','',#268);
#268 = PRODUCT_DEFINITION('design','',#269,#272);
#269 = PRODUCT_DEFINITION_FORMATION('','',#270);
#270 = PRODUCT('05_kolco_verhnee','05_kolco_verhnee','',(#271));
#271 = PRODUCT_CONTEXT('',#2,'mechanical');
#272 = PRODUCT_DEFINITION_CONTEXT('part definition',#2,'design');
#273 = ADVANCED_BREP_SHAPE_REPRESENTATION('',(#11,#274),#832);
#274 = MANIFOLD_SOLID_BREP('',#275);
#275 = CLOSED_SHELL('',(#276,#364,#543,#697,#724,#751,#778,#805));
#276 = ADVANCED_FACE('',(#277),#291,.T.);
#277 = FACE_BOUND('',#278,.F.);
#278 = EDGE_LOOP('',(#279,#309,#336,#337));
#279 = ORIENTED_EDGE('',*,*,#280,.T.);
#280 = EDGE_CURVE('',#281,#283,#285,.T.);
#281 = VERTEX_POINT('',#282);
#282 = CARTESIAN_POINT('',(30.,-8.775012831215E-16,-5.));
#283 = VERTEX_POINT('',#284);
#284 = CARTESIAN_POINT('',(30.,-9.100273482961E-16,-8.881784197001E-16)
  );
#285 = SEAM_CURVE('',#286,(#290,#302),.PCURVE_S1.);
#286 = LINE('',#287,#288);
#287 = CARTESIAN_POINT('',(30.,-8.775012831215E-16,-5.));
#288 = VECTOR('',#289,1.);
#289 = DIRECTION('',(3.019664293846E-18,-6.505213034913E-18,1.));
#290 = PCURVE('',#291,#296);
#291 = CYLINDRICAL_SURFACE('',#292,30.);
#292 = AXIS2_PLACEMENT_3D('',#293,#294,#295);
#293 = CARTESIAN_POINT('',(0.,4.360526847014E-16,-5.));
#294 = DIRECTION('',(-3.019664293846E-18,6.505213034913E-18,-1.));
#295 = DIRECTION('',(1.,-4.378513226076E-17,-3.019664293846E-18));
#296 = DEFINITIONAL_REPRESENTATION('',(#297),#301);
#297 = LINE('',#298,#299);
#298 = CARTESIAN_POINT('',(-0.,0.));
#299 = VECTOR('',#300,1.);
#300 = DIRECTION('',(-0.,-1.));
#301 = ( GEOMETRIC_REPRESENTATION_CONTEXT(2) 
PARAMETRIC_REPRESENTATION_CONTEXT() REPRESENTATION_CONTEXT('2D SPACE',''
  ) );
#302 = PCURVE('',#291,#303);
#303 = DEFINITIONAL_REPRESENTATION('',(#304),#308);
#304 = LINE('',#305,#306);
#305 = CARTESIAN_POINT('',(-6.28318530718,0.));
#306 = VECTOR('',#307,1.);
#307 = DIRECTION('',(-0.,-1.));
#308 = ( GEOMETRIC_REPRESENTATION_CONTEXT(2) 
PARAMETRIC_REPRESENTATION_CONTEXT() REPRESENTATION_CONTEXT('2D SPACE',''
  ) );
#309 = ORIENTED_EDGE('',*,*,#310,.T.);
#310 = EDGE_CURVE('',#283,#283,#311,.T.);
#311 = SURFACE_CURVE('',#312,(#317,#324),.PCURVE_S1.);
#312 = CIRCLE('',#313,30.);
#313 = AXIS2_PLACEMENT_3D('',#314,#315,#316);
#314 = CARTESIAN_POINT('',(1.509832146923E-17,4.035266195268E-16,
    -8.881784197001E-16));
#315 = DIRECTION('',(3.019664293846E-18,-6.505213034913E-18,1.));
#316 = DIRECTION('',(1.,-4.378513226076E-17,-3.019664293846E-18));
#317 = PCURVE('',#291,#318);
#318 = DEFINITIONAL_REPRESENTATION('',(#319),#323);
#319 = LINE('',#320,#321);
#320 = CARTESIAN_POINT('',(-0.,-5.));
#321 = VECTOR('',#322,1.);
#322 = DIRECTION('',(-1.,0.));
#323 = ( GEOMETRIC_REPRESENTATION_CONTEXT(2) 
PARAMETRIC_REPRESENTATION_CONTEXT() REPRESENTATION_CONTEXT('2D SPACE',''
  ) );
#324 = PCURVE('',#325,#330);
#325 = PLANE('',#326);
#326 = AXIS2_PLACEMENT_3D('',#327,#328,#329);
#327 = CARTESIAN_POINT('',(-1.443504486573E-15,6.374826284215E-16,
    -8.881784197001E-16));
#328 = DIRECTION('',(3.019664293846E-18,-6.505213034913E-18,1.));
#329 = DIRECTION('',(1.,-4.378513226076E-17,-3.019664293846E-18));
#330 = DEFINITIONAL_REPRESENTATION('',(#331),#335);
#331 = CIRCLE('',#332,30.);
#332 = AXIS2_PLACEMENT_2D('',#333,#334);
#333 = CARTESIAN_POINT('',(1.458602808042E-15,-2.339560088947E-16));
#334 = DIRECTION('',(1.,0.));
#335 = ( GEOMETRIC_REPRESENTATION_CONTEXT(2) 
PARAMETRIC_REPRESENTATION_CONTEXT() REPRESENTATION_CONTEXT('2D SPACE',''
  ) );
#336 = ORIENTED_EDGE('',*,*,#280,.F.);
#337 = ORIENTED_EDGE('',*,*,#338,.F.);
#338 = EDGE_CURVE('',#281,#281,#339,.T.);
#339 = SURFACE_CURVE('',#340,(#345,#352),.PCURVE_S1.);
#340 = CIRCLE('',#341,30.);
#341 = AXIS2_PLACEMENT_3D('',#342,#343,#344);
#342 = CARTESIAN_POINT('',(0.,4.360526847014E-16,-5.));
#343 = DIRECTION('',(3.019664293846E-18,-6.505213034913E-18,1.));
#344 = DIRECTION('',(1.,-4.378513226076E-17,-3.019664293846E-18));
#345 = PCURVE('',#291,#346);
#346 = DEFINITIONAL_REPRESENTATION('',(#347),#351);
#347 = LINE('',#348,#349);
#348 = CARTESIAN_POINT('',(-0.,0.));
#349 = VECTOR('',#350,1.);
#350 = DIRECTION('',(-1.,0.));
#351 = ( GEOMETRIC_REPRESENTATION_CONTEXT(2) 
PARAMETRIC_REPRESENTATION_CONTEXT() REPRESENTATION_CONTEXT('2D SPACE',''
  ) );
#352 = PCURVE('',#353,#358);
#353 = PLANE('',#354);
#354 = AXIS2_PLACEMENT_3D('',#355,#356,#357);
#355 = CARTESIAN_POINT('',(-1.458602808042E-15,6.700086935961E-16,-5.));
#356 = DIRECTION('',(3.019664293846E-18,-6.505213034913E-18,1.));
#357 = DIRECTION('',(1.,-4.378513226076E-17,-3.019664293846E-18));
#358 = DEFINITIONAL_REPRESENTATION('',(#359),#363);
#359 = CIRCLE('',#360,30.);
#360 = AXIS2_PLACEMENT_2D('',#361,#362);
#361 = CARTESIAN_POINT('',(1.458602808042E-15,-2.339560088947E-16));
#362 = DIRECTION('',(1.,0.));
#363 = ( GEOMETRIC_REPRESENTATION_CONTEXT(2) 
PARAMETRIC_REPRESENTATION_CONTEXT() REPRESENTATION_CONTEXT('2D SPACE',''
  ) );
#364 = ADVANCED_FACE('',(#365,#368,#403,#438,#473,#508),#353,.F.);
#365 = FACE_BOUND('',#366,.F.);
#366 = EDGE_LOOP('',(#367));
#367 = ORIENTED_EDGE('',*,*,#338,.T.);
#368 = FACE_BOUND('',#369,.F.);
#369 = EDGE_LOOP('',(#370));
#370 = ORIENTED_EDGE('',*,*,#371,.T.);
#371 = EDGE_CURVE('',#372,#372,#374,.T.);
#372 = VERTEX_POINT('',#373);
#373 = CARTESIAN_POINT('',(1.25,-27.,-5.));
#374 = SURFACE_CURVE('',#375,(#380,#391),.PCURVE_S1.);
#375 = CIRCLE('',#376,1.25);
#376 = AXIS2_PLACEMENT_3D('',#377,#378,#379);
#377 = CARTESIAN_POINT('',(-6.142018107587E-15,-27.,-5.));
#378 = DIRECTION('',(-3.019664293846E-18,6.505213034913E-18,-1.));
#379 = DIRECTION('',(1.,-4.378513226076E-17,-3.019664293846E-18));
#380 = PCURVE('',#353,#381);
#381 = DEFINITIONAL_REPRESENTATION('',(#382),#390);
#382 = ( BOUNDED_CURVE() B_SPLINE_CURVE(2,(#383,#384,#385,#386,#387,#388
,#389),.UNSPECIFIED.,.T.,.F.) B_SPLINE_CURVE_WITH_KNOTS((1,2,2,2,2,1),(
    -2.094395102393,0.,2.094395102393,4.188790204786,6.28318530718,
8.377580409573),.UNSPECIFIED.) CURVE() GEOMETRIC_REPRESENTATION_ITEM() 
RATIONAL_B_SPLINE_CURVE((1.,0.5,1.,0.5,1.,0.5,1.)) REPRESENTATION_ITEM(
  '') );
#383 = CARTESIAN_POINT('',(1.25,-27.));
#384 = CARTESIAN_POINT('',(1.25,-29.16506350946));
#385 = CARTESIAN_POINT('',(-0.625,-28.08253175473));
#386 = CARTESIAN_POINT('',(-2.5,-27.));
#387 = CARTESIAN_POINT('',(-0.625,-25.91746824526));
#388 = CARTESIAN_POINT('',(1.25,-24.83493649053));
#389 = CARTESIAN_POINT('',(1.25,-27.));
#390 = ( GEOMETRIC_REPRESENTATION_CONTEXT(2) 
PARAMETRIC_REPRESENTATION_CONTEXT() REPRESENTATION_CONTEXT('2D SPACE',''
  ) );
#391 = PCURVE('',#392,#397);
#392 = CYLINDRICAL_SURFACE('',#393,1.25);
#393 = AXIS2_PLACEMENT_3D('',#394,#395,#396);
#394 = CARTESIAN_POINT('',(-6.29300132228E-15,-27.,-55.));
#395 = DIRECTION('',(-3.019664293846E-18,6.505213034913E-18,-1.));
#396 = DIRECTION('',(1.,-4.378513226076E-17,-3.019664293846E-18));
#397 = DEFINITIONAL_REPRESENTATION('',(#398),#402);
#398 = LINE('',#399,#400);
#399 = CARTESIAN_POINT('',(-6.28318530718,-50.));
#400 = VECTOR('',#401,1.);
#401 = DIRECTION('',(1.,-0.));
#402 = ( GEOMETRIC_REPRESENTATION_CONTEXT(2) 
PARAMETRIC_REPRESENTATION_CONTEXT() REPRESENTATION_CONTEXT('2D SPACE',''
  ) );
#403 = FACE_BOUND('',#404,.F.);
#404 = EDGE_LOOP('',(#405));
#405 = ORIENTED_EDGE('',*,*,#406,.T.);
#406 = EDGE_CURVE('',#407,#407,#409,.T.);
#407 = VERTEX_POINT('',#408);
#408 = CARTESIAN_POINT('',(-25.75,4.870066198114E-15,-5.));
#409 = SURFACE_CURVE('',#410,(#415,#426),.PCURVE_S1.);
#410 = CIRCLE('',#411,1.25);
#411 = AXIS2_PLACEMENT_3D('',#412,#413,#414);
#412 = CARTESIAN_POINT('',(-27.,4.92479761344E-15,-5.));
#413 = DIRECTION('',(-3.019664293846E-18,6.505213034913E-18,-1.));
#414 = DIRECTION('',(1.,-4.378513226076E-17,-3.019664293846E-18));
#415 = PCURVE('',#353,#416);
#416 = DEFINITIONAL_REPRESENTATION('',(#417),#425);
#417 = ( BOUNDED_CURVE() B_SPLINE_CURVE(2,(#418,#419,#420,#421,#422,#423
,#424),.UNSPECIFIED.,.T.,.F.) B_SPLINE_CURVE_WITH_KNOTS((1,2,2,2,2,1),(
    -2.094395102393,0.,2.094395102393,4.188790204786,6.28318530718,
8.377580409573),.UNSPECIFIED.) CURVE() GEOMETRIC_REPRESENTATION_ITEM() 
RATIONAL_B_SPLINE_CURVE((1.,0.5,1.,0.5,1.,0.5,1.)) REPRESENTATION_ITEM(
  '') );
#418 = CARTESIAN_POINT('',(-25.75,3.072590348803E-15));
#419 = CARTESIAN_POINT('',(-25.75,-2.165063509461));
#420 = CARTESIAN_POINT('',(-27.625,-1.082531754731));
#421 = CARTESIAN_POINT('',(-29.5,2.766428649016E-15));
#422 = CARTESIAN_POINT('',(-27.625,1.082531754731));
#423 = CARTESIAN_POINT('',(-25.75,2.165063509461));
#424 = CARTESIAN_POINT('',(-25.75,3.072590348803E-15));
#425 = ( GEOMETRIC_REPRESENTATION_CONTEXT(2) 
PARAMETRIC_REPRESENTATION_CONTEXT() REPRESENTATION_CONTEXT('2D SPACE',''
  ) );
#426 = PCURVE('',#427,#432);
#427 = CYLINDRICAL_SURFACE('',#428,1.25);
#428 = AXIS2_PLACEMENT_3D('',#429,#430,#431);
#429 = CARTESIAN_POINT('',(-27.,5.250058265185E-15,-55.));
#430 = DIRECTION('',(-3.019664293846E-18,6.505213034913E-18,-1.));
#431 = DIRECTION('',(1.,-4.378513226076E-17,-3.019664293846E-18));
#432 = DEFINITIONAL_REPRESENTATION('',(#433),#437);
#433 = LINE('',#434,#435);
#434 = CARTESIAN_POINT('',(-6.28318530718,-50.));
#435 = VECTOR('',#436,1.);
#436 = DIRECTION('',(1.,-0.));
#437 = ( GEOMETRIC_REPRESENTATION_CONTEXT(2) 
PARAMETRIC_REPRESENTATION_CONTEXT() REPRESENTATION_CONTEXT('2D SPACE',''
  ) );
#438 = FACE_BOUND('',#439,.F.);
#439 = EDGE_LOOP('',(#440));
#440 = ORIENTED_EDGE('',*,*,#441,.T.);
#441 = EDGE_CURVE('',#442,#442,#444,.T.);
#442 = VERTEX_POINT('',#443);
#443 = CARTESIAN_POINT('',(23.75,-6.038442064918E-16,-5.));
#444 = SURFACE_CURVE('',#445,(#450,#461),.PCURVE_S1.);
#445 = CIRCLE('',#446,23.75);
#446 = AXIS2_PLACEMENT_3D('',#447,#448,#449);
#447 = CARTESIAN_POINT('',(0.,4.360526847014E-16,-5.));
#448 = DIRECTION('',(-3.019664293846E-18,6.505213034913E-18,-1.));
#449 = DIRECTION('',(1.,-4.378513226076E-17,-3.019664293846E-18));
#450 = PCURVE('',#353,#451);
#451 = DEFINITIONAL_REPRESENTATION('',(#452),#460);
#452 = ( BOUNDED_CURVE() B_SPLINE_CURVE(2,(#453,#454,#455,#456,#457,#458
,#459),.UNSPECIFIED.,.T.,.F.) B_SPLINE_CURVE_WITH_KNOTS((1,2,2,2,2,1),(
    -2.094395102393,0.,2.094395102393,4.188790204786,6.28318530718,
8.377580409573),.UNSPECIFIED.) CURVE() GEOMETRIC_REPRESENTATION_ITEM() 
RATIONAL_B_SPLINE_CURVE((1.,0.5,1.,0.5,1.,0.5,1.)) REPRESENTATION_ITEM(
  '') );
#453 = CARTESIAN_POINT('',(23.75,-2.339560088947E-16));
#454 = CARTESIAN_POINT('',(23.75,-41.13620667976));
#455 = CARTESIAN_POINT('',(-11.875,-20.56810333988));
#456 = CARTESIAN_POINT('',(-47.5,-6.051028304845E-15));
#457 = CARTESIAN_POINT('',(-11.875,20.56810333988));
#458 = CARTESIAN_POINT('',(23.75,41.136206679761));
#459 = CARTESIAN_POINT('',(23.75,-2.339560088947E-16));
#460 = ( GEOMETRIC_REPRESENTATION_CONTEXT(2) 
PARAMETRIC_REPRESENTATION_CONTEXT() REPRESENTATION_CONTEXT('2D SPACE',''
  ) );
#461 = PCURVE('',#462,#467);
#462 = CYLINDRICAL_SURFACE('',#463,23.75);
#463 = AXIS2_PLACEMENT_3D('',#464,#465,#466);
#464 = CARTESIAN_POINT('',(-1.509832146923E-16,7.61313336447E-16,-55.));
#465 = DIRECTION('',(-3.019664293846E-18,6.505213034913E-18,-1.));
#466 = DIRECTION('',(1.,-4.378513226076E-17,-3.019664293846E-18));
#467 = DEFINITIONAL_REPRESENTATION('',(#468),#472);
#468 = LINE('',#469,#470);
#469 = CARTESIAN_POINT('',(-6.28318530718,-50.));
#470 = VECTOR('',#471,1.);
#471 = DIRECTION('',(1.,-0.));
#472 = ( GEOMETRIC_REPRESENTATION_CONTEXT(2) 
PARAMETRIC_REPRESENTATION_CONTEXT() REPRESENTATION_CONTEXT('2D SPACE',''
  ) );
#473 = FACE_BOUND('',#474,.F.);
#474 = EDGE_LOOP('',(#475));
#475 = ORIENTED_EDGE('',*,*,#476,.T.);
#476 = EDGE_CURVE('',#477,#477,#479,.T.);
#477 = VERTEX_POINT('',#478);
#478 = CARTESIAN_POINT('',(28.25,-8.008773016652E-16,-5.));
#479 = SURFACE_CURVE('',#480,(#485,#496),.PCURVE_S1.);
#480 = CIRCLE('',#481,1.25);
#481 = AXIS2_PLACEMENT_3D('',#482,#483,#484);
#482 = CARTESIAN_POINT('',(27.,-7.461458863392E-16,-5.));
#483 = DIRECTION('',(-3.019664293846E-18,6.505213034913E-18,-1.));
#484 = DIRECTION('',(1.,-4.378513226076E-17,-3.019664293846E-18));
#485 = PCURVE('',#353,#486);
#486 = DEFINITIONAL_REPRESENTATION('',(#487),#495);
#487 = ( BOUNDED_CURVE() B_SPLINE_CURVE(2,(#488,#489,#490,#491,#492,#493
,#494),.UNSPECIFIED.,.T.,.F.) B_SPLINE_CURVE_WITH_KNOTS((1,2,2,2,2,1),(
    -2.094395102393,0.,2.094395102393,4.188790204786,6.28318530718,
8.377580409573),.UNSPECIFIED.) CURVE() GEOMETRIC_REPRESENTATION_ITEM() 
RATIONAL_B_SPLINE_CURVE((1.,0.5,1.,0.5,1.,0.5,1.)) REPRESENTATION_ITEM(
  '') );
#488 = CARTESIAN_POINT('',(28.25,-2.339560088947E-16));
#489 = CARTESIAN_POINT('',(28.25,-2.165063509461));
#490 = CARTESIAN_POINT('',(26.375,-1.082531754731));
#491 = CARTESIAN_POINT('',(24.5,-5.401177086815E-16));
#492 = CARTESIAN_POINT('',(26.375,1.082531754731));
#493 = CARTESIAN_POINT('',(28.25,2.165063509461));
#494 = CARTESIAN_POINT('',(28.25,-2.339560088947E-16));
#495 = ( GEOMETRIC_REPRESENTATION_CONTEXT(2) 
PARAMETRIC_REPRESENTATION_CONTEXT() REPRESENTATION_CONTEXT('2D SPACE',''
  ) );
#496 = PCURVE('',#497,#502);
#497 = CYLINDRICAL_SURFACE('',#498,1.25);
#498 = AXIS2_PLACEMENT_3D('',#499,#500,#501);
#499 = CARTESIAN_POINT('',(27.,-4.208852345936E-16,-55.));
#500 = DIRECTION('',(-3.019664293846E-18,6.505213034913E-18,-1.));
#501 = DIRECTION('',(1.,-4.378513226076E-17,-3.019664293846E-18));
#502 = DEFINITIONAL_REPRESENTATION('',(#503),#507);
#503 = LINE('',#504,#505);
#504 = CARTESIAN_POINT('',(-6.28318530718,-50.));
#505 = VECTOR('',#506,1.);
#506 = DIRECTION('',(1.,-0.));
#507 = ( GEOMETRIC_REPRESENTATION_CONTEXT(2) 
PARAMETRIC_REPRESENTATION_CONTEXT() REPRESENTATION_CONTEXT('2D SPACE',''
  ) );
#508 = FACE_BOUND('',#509,.F.);
#509 = EDGE_LOOP('',(#510));
#510 = ORIENTED_EDGE('',*,*,#511,.T.);
#511 = EDGE_CURVE('',#512,#512,#514,.T.);
#512 = VERTEX_POINT('',#513);
#513 = CARTESIAN_POINT('',(1.25,27.,-5.));
#514 = SURFACE_CURVE('',#515,(#520,#531),.PCURVE_S1.);
#515 = CIRCLE('',#516,1.25);
#516 = AXIS2_PLACEMENT_3D('',#517,#518,#519);
#517 = CARTESIAN_POINT('',(2.83547174989E-15,27.,-5.));
#518 = DIRECTION('',(-3.019664293846E-18,6.505213034913E-18,-1.));
#519 = DIRECTION('',(1.,-4.378513226076E-17,-3.019664293846E-18));
#520 = PCURVE('',#353,#521);
#521 = DEFINITIONAL_REPRESENTATION('',(#522),#530);
#522 = ( BOUNDED_CURVE() B_SPLINE_CURVE(2,(#523,#524,#525,#526,#527,#528
,#529),.UNSPECIFIED.,.T.,.F.) B_SPLINE_CURVE_WITH_KNOTS((1,2,2,2,2,1),(
    -2.094395102393,0.,2.094395102393,4.188790204786,6.28318530718,
8.377580409573),.UNSPECIFIED.) CURVE() GEOMETRIC_REPRESENTATION_ITEM() 
RATIONAL_B_SPLINE_CURVE((1.,0.5,1.,0.5,1.,0.5,1.)) REPRESENTATION_ITEM(
  '') );
#523 = CARTESIAN_POINT('',(1.25,27.));
#524 = CARTESIAN_POINT('',(1.25,24.834936490539));
#525 = CARTESIAN_POINT('',(-0.625,25.917468245269));
#526 = CARTESIAN_POINT('',(-2.5,27.));
#527 = CARTESIAN_POINT('',(-0.625,28.082531754731));
#528 = CARTESIAN_POINT('',(1.25,29.165063509461));
#529 = CARTESIAN_POINT('',(1.25,27.));
#530 = ( GEOMETRIC_REPRESENTATION_CONTEXT(2) 
PARAMETRIC_REPRESENTATION_CONTEXT() REPRESENTATION_CONTEXT('2D SPACE',''
  ) );
#531 = PCURVE('',#532,#537);
#532 = CYLINDRICAL_SURFACE('',#533,1.25);
#533 = AXIS2_PLACEMENT_3D('',#534,#535,#536);
#534 = CARTESIAN_POINT('',(2.684488535197E-15,27.,-55.));
#535 = DIRECTION('',(-3.019664293846E-18,6.505213034913E-18,-1.));
#536 = DIRECTION('',(1.,-4.378513226076E-17,-3.019664293846E-18));
#537 = DEFINITIONAL_REPRESENTATION('',(#538),#542);
#538 = LINE('',#539,#540);
#539 = CARTESIAN_POINT('',(-6.28318530718,-50.));
#540 = VECTOR('',#541,1.);
#541 = DIRECTION('',(1.,-0.));
#542 = ( GEOMETRIC_REPRESENTATION_CONTEXT(2) 
PARAMETRIC_REPRESENTATION_CONTEXT() REPRESENTATION_CONTEXT('2D SPACE',''
  ) );
#543 = ADVANCED_FACE('',(#544,#547,#577,#607,#637,#667),#325,.T.);
#544 = FACE_BOUND('',#545,.T.);
#545 = EDGE_LOOP('',(#546));
#546 = ORIENTED_EDGE('',*,*,#310,.T.);
#547 = FACE_BOUND('',#548,.T.);
#548 = EDGE_LOOP('',(#549));
#549 = ORIENTED_EDGE('',*,*,#550,.T.);
#550 = EDGE_CURVE('',#551,#551,#553,.T.);
#551 = VERTEX_POINT('',#552);
#552 = CARTESIAN_POINT('',(1.25,-27.,-8.881784197001E-16));
#553 = SURFACE_CURVE('',#554,(#559,#570),.PCURVE_S1.);
#554 = CIRCLE('',#555,1.25);
#555 = AXIS2_PLACEMENT_3D('',#556,#557,#558);
#556 = CARTESIAN_POINT('',(-6.126919786118E-15,-27.,-8.881784197001E-16)
  );
#557 = DIRECTION('',(-3.019664293846E-18,6.505213034913E-18,-1.));
#558 = DIRECTION('',(1.,-4.378513226076E-17,-3.019664293846E-18));
#559 = PCURVE('',#325,#560);
#560 = DEFINITIONAL_REPRESENTATION('',(#561),#569);
#561 = ( BOUNDED_CURVE() B_SPLINE_CURVE(2,(#562,#563,#564,#565,#566,#567
,#568),.UNSPECIFIED.,.T.,.F.) B_SPLINE_CURVE_WITH_KNOTS((1,2,2,2,2,1),(
    -2.094395102393,0.,2.094395102393,4.188790204786,6.28318530718,
8.377580409573),.UNSPECIFIED.) CURVE() GEOMETRIC_REPRESENTATION_ITEM() 
RATIONAL_B_SPLINE_CURVE((1.,0.5,1.,0.5,1.,0.5,1.)) REPRESENTATION_ITEM(
  '') );
#562 = CARTESIAN_POINT('',(1.25,-27.));
#563 = CARTESIAN_POINT('',(1.25,-29.16506350946));
#564 = CARTESIAN_POINT('',(-0.625,-28.08253175473));
#565 = CARTESIAN_POINT('',(-2.5,-27.));
#566 = CARTESIAN_POINT('',(-0.625,-25.91746824526));
#567 = CARTESIAN_POINT('',(1.25,-24.83493649053));
#568 = CARTESIAN_POINT('',(1.25,-27.));
#569 = ( GEOMETRIC_REPRESENTATION_CONTEXT(2) 
PARAMETRIC_REPRESENTATION_CONTEXT() REPRESENTATION_CONTEXT('2D SPACE',''
  ) );
#570 = PCURVE('',#392,#571);
#571 = DEFINITIONAL_REPRESENTATION('',(#572),#576);
#572 = LINE('',#573,#574);
#573 = CARTESIAN_POINT('',(-6.28318530718,-55.));
#574 = VECTOR('',#575,1.);
#575 = DIRECTION('',(1.,-0.));
#576 = ( GEOMETRIC_REPRESENTATION_CONTEXT(2) 
PARAMETRIC_REPRESENTATION_CONTEXT() REPRESENTATION_CONTEXT('2D SPACE',''
  ) );
#577 = FACE_BOUND('',#578,.T.);
#578 = EDGE_LOOP('',(#579));
#579 = ORIENTED_EDGE('',*,*,#580,.T.);
#580 = EDGE_CURVE('',#581,#581,#583,.T.);
#581 = VERTEX_POINT('',#582);
#582 = CARTESIAN_POINT('',(-25.75,4.837540132939E-15,-8.881784197001E-16
    ));
#583 = SURFACE_CURVE('',#584,(#589,#600),.PCURVE_S1.);
#584 = CIRCLE('',#585,1.25);
#585 = AXIS2_PLACEMENT_3D('',#586,#587,#588);
#586 = CARTESIAN_POINT('',(-27.,4.892271548265E-15,-8.881784197001E-16)
  );
#587 = DIRECTION('',(-3.019664293846E-18,6.505213034913E-18,-1.));
#588 = DIRECTION('',(1.,-4.378513226076E-17,-3.019664293846E-18));
#589 = PCURVE('',#325,#590);
#590 = DEFINITIONAL_REPRESENTATION('',(#591),#599);
#591 = ( BOUNDED_CURVE() B_SPLINE_CURVE(2,(#592,#593,#594,#595,#596,#597
,#598),.UNSPECIFIED.,.T.,.F.) B_SPLINE_CURVE_WITH_KNOTS((1,2,2,2,2,1),(
    -2.094395102393,0.,2.094395102393,4.188790204786,6.28318530718,
8.377580409573),.UNSPECIFIED.) CURVE() GEOMETRIC_REPRESENTATION_ITEM() 
RATIONAL_B_SPLINE_CURVE((1.,0.5,1.,0.5,1.,0.5,1.)) REPRESENTATION_ITEM(
  '') );
#592 = CARTESIAN_POINT('',(-25.75,3.072590348803E-15));
#593 = CARTESIAN_POINT('',(-25.75,-2.165063509461));
#594 = CARTESIAN_POINT('',(-27.625,-1.082531754731));
#595 = CARTESIAN_POINT('',(-29.5,2.766428649016E-15));
#596 = CARTESIAN_POINT('',(-27.625,1.082531754731));
#597 = CARTESIAN_POINT('',(-25.75,2.165063509461));
#598 = CARTESIAN_POINT('',(-25.75,3.072590348803E-15));
#599 = ( GEOMETRIC_REPRESENTATION_CONTEXT(2) 
PARAMETRIC_REPRESENTATION_CONTEXT() REPRESENTATION_CONTEXT('2D SPACE',''
  ) );
#600 = PCURVE('',#427,#601);
#601 = DEFINITIONAL_REPRESENTATION('',(#602),#606);
#602 = LINE('',#603,#604);
#603 = CARTESIAN_POINT('',(-6.28318530718,-55.));
#604 = VECTOR('',#605,1.);
#605 = DIRECTION('',(1.,-0.));
#606 = ( GEOMETRIC_REPRESENTATION_CONTEXT(2) 
PARAMETRIC_REPRESENTATION_CONTEXT() REPRESENTATION_CONTEXT('2D SPACE',''
  ) );
#607 = FACE_BOUND('',#608,.T.);
#608 = EDGE_LOOP('',(#609));
#609 = ORIENTED_EDGE('',*,*,#610,.T.);
#610 = EDGE_CURVE('',#611,#611,#613,.T.);
#611 = VERTEX_POINT('',#612);
#612 = CARTESIAN_POINT('',(23.75,-6.363702716663E-16,-8.881784197001E-16
    ));
#613 = SURFACE_CURVE('',#614,(#619,#630),.PCURVE_S1.);
#614 = CIRCLE('',#615,23.75);
#615 = AXIS2_PLACEMENT_3D('',#616,#617,#618);
#616 = CARTESIAN_POINT('',(1.509832146923E-17,4.035266195268E-16,
    -8.881784197001E-16));
#617 = DIRECTION('',(-3.019664293846E-18,6.505213034913E-18,-1.));
#618 = DIRECTION('',(1.,-4.378513226076E-17,-3.019664293846E-18));
#619 = PCURVE('',#325,#620);
#620 = DEFINITIONAL_REPRESENTATION('',(#621),#629);
#621 = ( BOUNDED_CURVE() B_SPLINE_CURVE(2,(#622,#623,#624,#625,#626,#627
,#628),.UNSPECIFIED.,.T.,.F.) B_SPLINE_CURVE_WITH_KNOTS((1,2,2,2,2,1),(
    -2.094395102393,0.,2.094395102393,4.188790204786,6.28318530718,
8.377580409573),.UNSPECIFIED.) CURVE() GEOMETRIC_REPRESENTATION_ITEM() 
RATIONAL_B_SPLINE_CURVE((1.,0.5,1.,0.5,1.,0.5,1.)) REPRESENTATION_ITEM(
  '') );
#622 = CARTESIAN_POINT('',(23.75,-2.339560088947E-16));
#623 = CARTESIAN_POINT('',(23.75,-41.13620667976));
#624 = CARTESIAN_POINT('',(-11.875,-20.56810333988));
#625 = CARTESIAN_POINT('',(-47.5,-6.051028304845E-15));
#626 = CARTESIAN_POINT('',(-11.875,20.56810333988));
#627 = CARTESIAN_POINT('',(23.75,41.136206679761));
#628 = CARTESIAN_POINT('',(23.75,-2.339560088947E-16));
#629 = ( GEOMETRIC_REPRESENTATION_CONTEXT(2) 
PARAMETRIC_REPRESENTATION_CONTEXT() REPRESENTATION_CONTEXT('2D SPACE',''
  ) );
#630 = PCURVE('',#462,#631);
#631 = DEFINITIONAL_REPRESENTATION('',(#632),#636);
#632 = LINE('',#633,#634);
#633 = CARTESIAN_POINT('',(-6.28318530718,-55.));
#634 = VECTOR('',#635,1.);
#635 = DIRECTION('',(1.,-0.));
#636 = ( GEOMETRIC_REPRESENTATION_CONTEXT(2) 
PARAMETRIC_REPRESENTATION_CONTEXT() REPRESENTATION_CONTEXT('2D SPACE',''
  ) );
#637 = FACE_BOUND('',#638,.T.);
#638 = EDGE_LOOP('',(#639));
#639 = ORIENTED_EDGE('',*,*,#640,.T.);
#640 = EDGE_CURVE('',#641,#641,#643,.T.);
#641 = VERTEX_POINT('',#642);
#642 = CARTESIAN_POINT('',(28.25,-8.334033668398E-16,-8.881784197001E-16
    ));
#643 = SURFACE_CURVE('',#644,(#649,#660),.PCURVE_S1.);
#644 = CIRCLE('',#645,1.25);
#645 = AXIS2_PLACEMENT_3D('',#646,#647,#648);
#646 = CARTESIAN_POINT('',(27.,-7.786719515138E-16,-8.881784197001E-16)
  );
#647 = DIRECTION('',(-3.019664293846E-18,6.505213034913E-18,-1.));
#648 = DIRECTION('',(1.,-4.378513226076E-17,-3.019664293846E-18));
#649 = PCURVE('',#325,#650);
#650 = DEFINITIONAL_REPRESENTATION('',(#651),#659);
#651 = ( BOUNDED_CURVE() B_SPLINE_CURVE(2,(#652,#653,#654,#655,#656,#657
,#658),.UNSPECIFIED.,.T.,.F.) B_SPLINE_CURVE_WITH_KNOTS((1,2,2,2,2,1),(
    -2.094395102393,0.,2.094395102393,4.188790204786,6.28318530718,
8.377580409573),.UNSPECIFIED.) CURVE() GEOMETRIC_REPRESENTATION_ITEM() 
RATIONAL_B_SPLINE_CURVE((1.,0.5,1.,0.5,1.,0.5,1.)) REPRESENTATION_ITEM(
  '') );
#652 = CARTESIAN_POINT('',(28.25,-2.339560088947E-16));
#653 = CARTESIAN_POINT('',(28.25,-2.165063509461));
#654 = CARTESIAN_POINT('',(26.375,-1.082531754731));
#655 = CARTESIAN_POINT('',(24.5,-5.401177086815E-16));
#656 = CARTESIAN_POINT('',(26.375,1.082531754731));
#657 = CARTESIAN_POINT('',(28.25,2.165063509461));
#658 = CARTESIAN_POINT('',(28.25,-2.339560088947E-16));
#659 = ( GEOMETRIC_REPRESENTATION_CONTEXT(2) 
PARAMETRIC_REPRESENTATION_CONTEXT() REPRESENTATION_CONTEXT('2D SPACE',''
  ) );
#660 = PCURVE('',#497,#661);
#661 = DEFINITIONAL_REPRESENTATION('',(#662),#666);
#662 = LINE('',#663,#664);
#663 = CARTESIAN_POINT('',(-6.28318530718,-55.));
#664 = VECTOR('',#665,1.);
#665 = DIRECTION('',(1.,-0.));
#666 = ( GEOMETRIC_REPRESENTATION_CONTEXT(2) 
PARAMETRIC_REPRESENTATION_CONTEXT() REPRESENTATION_CONTEXT('2D SPACE',''
  ) );
#667 = FACE_BOUND('',#668,.T.);
#668 = EDGE_LOOP('',(#669));
#669 = ORIENTED_EDGE('',*,*,#670,.T.);
#670 = EDGE_CURVE('',#671,#671,#673,.T.);
#671 = VERTEX_POINT('',#672);
#672 = CARTESIAN_POINT('',(1.25,27.,-8.881784197001E-16));
#673 = SURFACE_CURVE('',#674,(#679,#690),.PCURVE_S1.);
#674 = CIRCLE('',#675,1.25);
#675 = AXIS2_PLACEMENT_3D('',#676,#677,#678);
#676 = CARTESIAN_POINT('',(2.850570071359E-15,27.,-8.881784197001E-16));
#677 = DIRECTION('',(-3.019664293846E-18,6.505213034913E-18,-1.));
#678 = DIRECTION('',(1.,-4.378513226076E-17,-3.019664293846E-18));
#679 = PCURVE('',#325,#680);
#680 = DEFINITIONAL_REPRESENTATION('',(#681),#689);
#681 = ( BOUNDED_CURVE() B_SPLINE_CURVE(2,(#682,#683,#684,#685,#686,#687
,#688),.UNSPECIFIED.,.T.,.F.) B_SPLINE_CURVE_WITH_KNOTS((1,2,2,2,2,1),(
    -2.094395102393,0.,2.094395102393,4.188790204786,6.28318530718,
8.377580409573),.UNSPECIFIED.) CURVE() GEOMETRIC_REPRESENTATION_ITEM() 
RATIONAL_B_SPLINE_CURVE((1.,0.5,1.,0.5,1.,0.5,1.)) REPRESENTATION_ITEM(
  '') );
#682 = CARTESIAN_POINT('',(1.25,27.));
#683 = CARTESIAN_POINT('',(1.25,24.834936490539));
#684 = CARTESIAN_POINT('',(-0.625,25.917468245269));
#685 = CARTESIAN_POINT('',(-2.5,27.));
#686 = CARTESIAN_POINT('',(-0.625,28.082531754731));
#687 = CARTESIAN_POINT('',(1.25,29.165063509461));
#688 = CARTESIAN_POINT('',(1.25,27.));
#689 = ( GEOMETRIC_REPRESENTATION_CONTEXT(2) 
PARAMETRIC_REPRESENTATION_CONTEXT() REPRESENTATION_CONTEXT('2D SPACE',''
  ) );
#690 = PCURVE('',#532,#691);
#691 = DEFINITIONAL_REPRESENTATION('',(#692),#696);
#692 = LINE('',#693,#694);
#693 = CARTESIAN_POINT('',(-6.28318530718,-55.));
#694 = VECTOR('',#695,1.);
#695 = DIRECTION('',(1.,-0.));
#696 = ( GEOMETRIC_REPRESENTATION_CONTEXT(2) 
PARAMETRIC_REPRESENTATION_CONTEXT() REPRESENTATION_CONTEXT('2D SPACE',''
  ) );
#697 = ADVANCED_FACE('',(#698),#392,.F.);
#698 = FACE_BOUND('',#699,.T.);
#699 = EDGE_LOOP('',(#700,#701,#722,#723));
#700 = ORIENTED_EDGE('',*,*,#371,.T.);
#701 = ORIENTED_EDGE('',*,*,#702,.T.);
#702 = EDGE_CURVE('',#372,#551,#703,.T.);
#703 = SEAM_CURVE('',#704,(#708,#715),.PCURVE_S1.);
#704 = LINE('',#705,#706);
#705 = CARTESIAN_POINT('',(1.25,-27.,-55.));
#706 = VECTOR('',#707,1.);
#707 = DIRECTION('',(3.019664293846E-18,-6.505213034913E-18,1.));
#708 = PCURVE('',#392,#709);
#709 = DEFINITIONAL_REPRESENTATION('',(#710),#714);
#710 = LINE('',#711,#712);
#711 = CARTESIAN_POINT('',(-6.28318530718,0.));
#712 = VECTOR('',#713,1.);
#713 = DIRECTION('',(-0.,-1.));
#714 = ( GEOMETRIC_REPRESENTATION_CONTEXT(2) 
PARAMETRIC_REPRESENTATION_CONTEXT() REPRESENTATION_CONTEXT('2D SPACE',''
  ) );
#715 = PCURVE('',#392,#716);
#716 = DEFINITIONAL_REPRESENTATION('',(#717),#721);
#717 = LINE('',#718,#719);
#718 = CARTESIAN_POINT('',(-0.,0.));
#719 = VECTOR('',#720,1.);
#720 = DIRECTION('',(-0.,-1.));
#721 = ( GEOMETRIC_REPRESENTATION_CONTEXT(2) 
PARAMETRIC_REPRESENTATION_CONTEXT() REPRESENTATION_CONTEXT('2D SPACE',''
  ) );
#722 = ORIENTED_EDGE('',*,*,#550,.F.);
#723 = ORIENTED_EDGE('',*,*,#702,.F.);
#724 = ADVANCED_FACE('',(#725),#427,.F.);
#725 = FACE_BOUND('',#726,.T.);
#726 = EDGE_LOOP('',(#727,#728,#749,#750));
#727 = ORIENTED_EDGE('',*,*,#406,.T.);
#728 = ORIENTED_EDGE('',*,*,#729,.T.);
#729 = EDGE_CURVE('',#407,#581,#730,.T.);
#730 = SEAM_CURVE('',#731,(#735,#742),.PCURVE_S1.);
#731 = LINE('',#732,#733);
#732 = CARTESIAN_POINT('',(-25.75,5.19532684986E-15,-55.));
#733 = VECTOR('',#734,1.);
#734 = DIRECTION('',(3.019664293846E-18,-6.505213034913E-18,1.));
#735 = PCURVE('',#427,#736);
#736 = DEFINITIONAL_REPRESENTATION('',(#737),#741);
#737 = LINE('',#738,#739);
#738 = CARTESIAN_POINT('',(-6.28318530718,0.));
#739 = VECTOR('',#740,1.);
#740 = DIRECTION('',(-0.,-1.));
#741 = ( GEOMETRIC_REPRESENTATION_CONTEXT(2) 
PARAMETRIC_REPRESENTATION_CONTEXT() REPRESENTATION_CONTEXT('2D SPACE',''
  ) );
#742 = PCURVE('',#427,#743);
#743 = DEFINITIONAL_REPRESENTATION('',(#744),#748);
#744 = LINE('',#745,#746);
#745 = CARTESIAN_POINT('',(-0.,0.));
#746 = VECTOR('',#747,1.);
#747 = DIRECTION('',(-0.,-1.));
#748 = ( GEOMETRIC_REPRESENTATION_CONTEXT(2) 
PARAMETRIC_REPRESENTATION_CONTEXT() REPRESENTATION_CONTEXT('2D SPACE',''
  ) );
#749 = ORIENTED_EDGE('',*,*,#580,.F.);
#750 = ORIENTED_EDGE('',*,*,#729,.F.);
#751 = ADVANCED_FACE('',(#752),#462,.F.);
#752 = FACE_BOUND('',#753,.T.);
#753 = EDGE_LOOP('',(#754,#755,#776,#777));
#754 = ORIENTED_EDGE('',*,*,#441,.T.);
#755 = ORIENTED_EDGE('',*,*,#756,.T.);
#756 = EDGE_CURVE('',#442,#611,#757,.T.);
#757 = SEAM_CURVE('',#758,(#762,#769),.PCURVE_S1.);
#758 = LINE('',#759,#760);
#759 = CARTESIAN_POINT('',(23.75,-2.785835547461E-16,-55.));
#760 = VECTOR('',#761,1.);
#761 = DIRECTION('',(3.019664293846E-18,-6.505213034913E-18,1.));
#762 = PCURVE('',#462,#763);
#763 = DEFINITIONAL_REPRESENTATION('',(#764),#768);
#764 = LINE('',#765,#766);
#765 = CARTESIAN_POINT('',(-6.28318530718,0.));
#766 = VECTOR('',#767,1.);
#767 = DIRECTION('',(-0.,-1.));
#768 = ( GEOMETRIC_REPRESENTATION_CONTEXT(2) 
PARAMETRIC_REPRESENTATION_CONTEXT() REPRESENTATION_CONTEXT('2D SPACE',''
  ) );
#769 = PCURVE('',#462,#770);
#770 = DEFINITIONAL_REPRESENTATION('',(#771),#775);
#771 = LINE('',#772,#773);
#772 = CARTESIAN_POINT('',(-0.,0.));
#773 = VECTOR('',#774,1.);
#774 = DIRECTION('',(-0.,-1.));
#775 = ( GEOMETRIC_REPRESENTATION_CONTEXT(2) 
PARAMETRIC_REPRESENTATION_CONTEXT() REPRESENTATION_CONTEXT('2D SPACE',''
  ) );
#776 = ORIENTED_EDGE('',*,*,#610,.F.);
#777 = ORIENTED_EDGE('',*,*,#756,.F.);
#778 = ADVANCED_FACE('',(#779),#497,.F.);
#779 = FACE_BOUND('',#780,.T.);
#780 = EDGE_LOOP('',(#781,#782,#803,#804));
#781 = ORIENTED_EDGE('',*,*,#476,.T.);
#782 = ORIENTED_EDGE('',*,*,#783,.T.);
#783 = EDGE_CURVE('',#477,#641,#784,.T.);
#784 = SEAM_CURVE('',#785,(#789,#796),.PCURVE_S1.);
#785 = LINE('',#786,#787);
#786 = CARTESIAN_POINT('',(28.25,-4.756166499195E-16,-55.));
#787 = VECTOR('',#788,1.);
#788 = DIRECTION('',(3.019664293846E-18,-6.505213034913E-18,1.));
#789 = PCURVE('',#497,#790);
#790 = DEFINITIONAL_REPRESENTATION('',(#791),#795);
#791 = LINE('',#792,#793);
#792 = CARTESIAN_POINT('',(-6.28318530718,0.));
#793 = VECTOR('',#794,1.);
#794 = DIRECTION('',(-0.,-1.));
#795 = ( GEOMETRIC_REPRESENTATION_CONTEXT(2) 
PARAMETRIC_REPRESENTATION_CONTEXT() REPRESENTATION_CONTEXT('2D SPACE',''
  ) );
#796 = PCURVE('',#497,#797);
#797 = DEFINITIONAL_REPRESENTATION('',(#798),#802);
#798 = LINE('',#799,#800);
#799 = CARTESIAN_POINT('',(-0.,0.));
#800 = VECTOR('',#801,1.);
#801 = DIRECTION('',(-0.,-1.));
#802 = ( GEOMETRIC_REPRESENTATION_CONTEXT(2) 
PARAMETRIC_REPRESENTATION_CONTEXT() REPRESENTATION_CONTEXT('2D SPACE',''
  ) );
#803 = ORIENTED_EDGE('',*,*,#640,.F.);
#804 = ORIENTED_EDGE('',*,*,#783,.F.);
#805 = ADVANCED_FACE('',(#806),#532,.F.);
#806 = FACE_BOUND('',#807,.T.);
#807 = EDGE_LOOP('',(#808,#809,#830,#831));
#808 = ORIENTED_EDGE('',*,*,#511,.T.);
#809 = ORIENTED_EDGE('',*,*,#810,.T.);
#810 = EDGE_CURVE('',#512,#671,#811,.T.);
#811 = SEAM_CURVE('',#812,(#816,#823),.PCURVE_S1.);
#812 = LINE('',#813,#814);
#813 = CARTESIAN_POINT('',(1.25,27.,-55.));
#814 = VECTOR('',#815,1.);
#815 = DIRECTION('',(3.019664293846E-18,-6.505213034913E-18,1.));
#816 = PCURVE('',#532,#817);
#817 = DEFINITIONAL_REPRESENTATION('',(#818),#822);
#818 = LINE('',#819,#820);
#819 = CARTESIAN_POINT('',(-6.28318530718,0.));
#820 = VECTOR('',#821,1.);
#821 = DIRECTION('',(-0.,-1.));
#822 = ( GEOMETRIC_REPRESENTATION_CONTEXT(2) 
PARAMETRIC_REPRESENTATION_CONTEXT() REPRESENTATION_CONTEXT('2D SPACE',''
  ) );
#823 = PCURVE('',#532,#824);
#824 = DEFINITIONAL_REPRESENTATION('',(#825),#829);
#825 = LINE('',#826,#827);
#826 = CARTESIAN_POINT('',(-0.,0.));
#827 = VECTOR('',#828,1.);
#828 = DIRECTION('',(-0.,-1.));
#829 = ( GEOMETRIC_REPRESENTATION_CONTEXT(2) 
PARAMETRIC_REPRESENTATION_CONTEXT() REPRESENTATION_CONTEXT('2D SPACE',''
  ) );
#830 = ORIENTED_EDGE('',*,*,#670,.F.);
#831 = ORIENTED_EDGE('',*,*,#810,.F.);
#832 = ( GEOMETRIC_REPRESENTATION_CONTEXT(3) 
GLOBAL_UNCERTAINTY_ASSIGNED_CONTEXT((#836)) GLOBAL_UNIT_ASSIGNED_CONTEXT
((#833,#834,#835)) REPRESENTATION_CONTEXT('Context #1',
  '3D Context with UNIT and UNCERTAINTY') );
#833 = ( LENGTH_UNIT() NAMED_UNIT(*) SI_UNIT(.MILLI.,.METRE.) );
#834 = ( NAMED_UNIT(*) PLANE_ANGLE_UNIT() SI_UNIT($,.RADIAN.) );
#835 = ( NAMED_UNIT(*) SI_UNIT($,.STERADIAN.) SOLID_ANGLE_UNIT() );
#836 = UNCERTAINTY_MEASURE_WITH_UNIT(LENGTH_MEASURE(1.E-07),#833,
  'distance_accuracy_value','confusion accuracy');
#837 = CONTEXT_DEPENDENT_SHAPE_REPRESENTATION(#838,#840);
#838 = ( REPRESENTATION_RELATIONSHIP('','',#273,#10) 
REPRESENTATION_RELATIONSHIP_WITH_TRANSFORMATION(#839) 
SHAPE_REPRESENTATION_RELATIONSHIP() );
#839 = ITEM_DEFINED_TRANSFORMATION('','',#11,#19);
#840 = PRODUCT_DEFINITION_SHAPE('Placement','Placement of an item',#841
  );
#841 = NEXT_ASSEMBLY_USAGE_OCCURRENCE('12','05_kolco_verhnee','',#5,#268
  ,$);
#842 = PRODUCT_RELATED_PRODUCT_CATEGORY('part',$,(#270));
#843 = SHAPE_DEFINITION_REPRESENTATION(#844,#850);
#844 = PRODUCT_DEFINITION_SHAPE('','',#845);
#845 = PRODUCT_DEFINITION('design','',#846,#849);
#846 = PRODUCT_DEFINITION_FORMATION('','',#847);
#847 = PRODUCT('04_povorotny_stol','04_povorotny_stol','',(#848));
#848 = PRODUCT_CONTEXT('',#2,'mechanical');
#849 = PRODUCT_DEFINITION_CONTEXT('part definition',#2,'design');
#850 = ADVANCED_BREP_SHAPE_REPRESENTATION('',(#11,#851),#3461);
#851 = MANIFOLD_SOLID_BREP('',#852);
#852 = CLOSED_SHELL('',(#853,#941,#1860,#2624,#2671,#2698,#2725,#2732,
    #2759,#2786,#2833,#2860,#2887,#2894,#2921,#2948,#2995,#3022,#3049,
    #3056,#3083,#3130,#3157,#3184,#3191,#3218,#3245,#3272,#3299,#3326,
    #3353,#3400,#3427,#3454));
#853 = ADVANCED_FACE('',(#854),#868,.T.);
#854 = FACE_BOUND('',#855,.F.);
#855 = EDGE_LOOP('',(#856,#886,#913,#914));
#856 = ORIENTED_EDGE('',*,*,#857,.T.);
#857 = EDGE_CURVE('',#858,#860,#862,.T.);
#858 = VERTEX_POINT('',#859);
#859 = CARTESIAN_POINT('',(60.,1.085519759828E-15,0.));
#860 = VERTEX_POINT('',#861);
#861 = CARTESIAN_POINT('',(60.,1.085519759828E-15,5.));
#862 = SEAM_CURVE('',#863,(#867,#879),.PCURVE_S1.);
#863 = LINE('',#864,#865);
#864 = CARTESIAN_POINT('',(60.,1.085519759828E-15,0.));
#865 = VECTOR('',#866,1.);
#866 = DIRECTION('',(0.,0.,1.));
#867 = PCURVE('',#868,#873);
#868 = CYLINDRICAL_SURFACE('',#869,60.);
#869 = AXIS2_PLACEMENT_3D('',#870,#871,#872);
#870 = CARTESIAN_POINT('',(-1.7763568394E-15,8.881784197001E-16,0.));
#871 = DIRECTION('',(0.,-0.,-1.));
#872 = DIRECTION('',(1.,3.289022335458E-18,0.));
#873 = DEFINITIONAL_REPRESENTATION('',(#874),#878);
#874 = LINE('',#875,#876);
#875 = CARTESIAN_POINT('',(-0.,0.));
#876 = VECTOR('',#877,1.);
#877 = DIRECTION('',(-0.,-1.));
#878 = ( GEOMETRIC_REPRESENTATION_CONTEXT(2) 
PARAMETRIC_REPRESENTATION_CONTEXT() REPRESENTATION_CONTEXT('2D SPACE',''
  ) );
#879 = PCURVE('',#868,#880);
#880 = DEFINITIONAL_REPRESENTATION('',(#881),#885);
#881 = LINE('',#882,#883);
#882 = CARTESIAN_POINT('',(-6.28318530718,0.));
#883 = VECTOR('',#884,1.);
#884 = DIRECTION('',(-0.,-1.));
#885 = ( GEOMETRIC_REPRESENTATION_CONTEXT(2) 
PARAMETRIC_REPRESENTATION_CONTEXT() REPRESENTATION_CONTEXT('2D SPACE',''
  ) );
#886 = ORIENTED_EDGE('',*,*,#887,.T.);
#887 = EDGE_CURVE('',#860,#860,#888,.T.);
#888 = SURFACE_CURVE('',#889,(#894,#901),.PCURVE_S1.);
#889 = CIRCLE('',#890,60.);
#890 = AXIS2_PLACEMENT_3D('',#891,#892,#893);
#891 = CARTESIAN_POINT('',(-1.7763568394E-15,8.881784197001E-16,5.));
#892 = DIRECTION('',(0.,-0.,1.));
#893 = DIRECTION('',(1.,3.289022335458E-18,0.));
#894 = PCURVE('',#868,#895);
#895 = DEFINITIONAL_REPRESENTATION('',(#896),#900);
#896 = LINE('',#897,#898);
#897 = CARTESIAN_POINT('',(-0.,-5.));
#898 = VECTOR('',#899,1.);
#899 = DIRECTION('',(-1.,0.));
#900 = ( GEOMETRIC_REPRESENTATION_CONTEXT(2) 
PARAMETRIC_REPRESENTATION_CONTEXT() REPRESENTATION_CONTEXT('2D SPACE',''
  ) );
#901 = PCURVE('',#902,#907);
#902 = PLANE('',#903);
#903 = AXIS2_PLACEMENT_3D('',#904,#905,#906);
#904 = CARTESIAN_POINT('',(-4.693562455484E-15,1.35609043749E-15,5.));
#905 = DIRECTION('',(0.,0.,1.));
#906 = DIRECTION('',(1.,3.289022335458E-18,0.));
#907 = DEFINITIONAL_REPRESENTATION('',(#908),#912);
#908 = CIRCLE('',#909,60.);
#909 = AXIS2_PLACEMENT_2D('',#910,#911);
#910 = CARTESIAN_POINT('',(2.917205616084E-15,-4.679120177894E-16));
#911 = DIRECTION('',(1.,0.));
#912 = ( GEOMETRIC_REPRESENTATION_CONTEXT(2) 
PARAMETRIC_REPRESENTATION_CONTEXT() REPRESENTATION_CONTEXT('2D SPACE',''
  ) );
#913 = ORIENTED_EDGE('',*,*,#857,.F.);
#914 = ORIENTED_EDGE('',*,*,#915,.F.);
#915 = EDGE_CURVE('',#858,#858,#916,.T.);
#916 = SURFACE_CURVE('',#917,(#922,#929),.PCURVE_S1.);
#917 = CIRCLE('',#918,60.);
#918 = AXIS2_PLACEMENT_3D('',#919,#920,#921);
#919 = CARTESIAN_POINT('',(-1.7763568394E-15,8.881784197001E-16,0.));
#920 = DIRECTION('',(0.,-0.,1.));
#921 = DIRECTION('',(1.,3.289022335458E-18,0.));
#922 = PCURVE('',#868,#923);
#923 = DEFINITIONAL_REPRESENTATION('',(#924),#928);
#924 = LINE('',#925,#926);
#925 = CARTESIAN_POINT('',(-0.,0.));
#926 = VECTOR('',#927,1.);
#927 = DIRECTION('',(-1.,0.));
#928 = ( GEOMETRIC_REPRESENTATION_CONTEXT(2) 
PARAMETRIC_REPRESENTATION_CONTEXT() REPRESENTATION_CONTEXT('2D SPACE',''
  ) );
#929 = PCURVE('',#930,#935);
#930 = PLANE('',#931);
#931 = AXIS2_PLACEMENT_3D('',#932,#933,#934);
#932 = CARTESIAN_POINT('',(-4.693562455484E-15,1.35609043749E-15,0.));
#933 = DIRECTION('',(0.,0.,1.));
#934 = DIRECTION('',(1.,3.289022335458E-18,0.));
#935 = DEFINITIONAL_REPRESENTATION('',(#936),#940);
#936 = CIRCLE('',#937,60.);
#937 = AXIS2_PLACEMENT_2D('',#938,#939);
#938 = CARTESIAN_POINT('',(2.917205616084E-15,-4.679120177894E-16));
#939 = DIRECTION('',(1.,0.));
#940 = ( GEOMETRIC_REPRESENTATION_CONTEXT(2) 
PARAMETRIC_REPRESENTATION_CONTEXT() REPRESENTATION_CONTEXT('2D SPACE',''
  ) );
#941 = ADVANCED_FACE('',(#942,#945,#1051,#1086,#1121,#1227,#1262,#1297,
    #1403,#1438,#1544,#1579,#1614,#1649,#1684,#1719,#1754),#930,.F.);
#942 = FACE_BOUND('',#943,.F.);
#943 = EDGE_LOOP('',(#944));
#944 = ORIENTED_EDGE('',*,*,#915,.T.);
#945 = FACE_BOUND('',#946,.F.);
#946 = EDGE_LOOP('',(#947,#975,#1001,#1027));
#947 = ORIENTED_EDGE('',*,*,#948,.T.);
#948 = EDGE_CURVE('',#949,#951,#953,.T.);
#949 = VERTEX_POINT('',#950);
#950 = CARTESIAN_POINT('',(-22.9,-34.9,0.));
#951 = VERTEX_POINT('',#952);
#952 = CARTESIAN_POINT('',(-22.9,-40.1,0.));
#953 = SURFACE_CURVE('',#954,(#958,#964),.PCURVE_S1.);
#954 = LINE('',#955,#956);
#955 = CARTESIAN_POINT('',(-22.9,-20.05,0.));
#956 = VECTOR('',#957,1.);
#957 = DIRECTION('',(3.289022335458E-18,-1.,0.));
#958 = PCURVE('',#930,#959);
#959 = DEFINITIONAL_REPRESENTATION('',(#960),#963);
#960 = B_SPLINE_CURVE_WITH_KNOTS('',1,(#961,#962),.UNSPECIFIED.,.F.,.F.,
  (2,2),(14.85,20.05),.PIECEWISE_BEZIER_KNOTS.);
#961 = CARTESIAN_POINT('',(-22.9,-34.9));
#962 = CARTESIAN_POINT('',(-22.9,-40.1));
#963 = ( GEOMETRIC_REPRESENTATION_CONTEXT(2) 
PARAMETRIC_REPRESENTATION_CONTEXT() REPRESENTATION_CONTEXT('2D SPACE',''
  ) );
#964 = PCURVE('',#965,#970);
#965 = PLANE('',#966);
#966 = AXIS2_PLACEMENT_3D('',#967,#968,#969);
#967 = CARTESIAN_POINT('',(-22.9,-40.1,-50.));
#968 = DIRECTION('',(-1.,-3.289022335458E-18,0.));
#969 = DIRECTION('',(-3.289022335458E-18,1.,0.));
#970 = DEFINITIONAL_REPRESENTATION('',(#971),#974);
#971 = B_SPLINE_CURVE_WITH_KNOTS('',1,(#972,#973),.UNSPECIFIED.,.F.,.F.,
  (2,2),(14.85,20.05),.PIECEWISE_BEZIER_KNOTS.);
#972 = CARTESIAN_POINT('',(5.2,-50.));
#973 = CARTESIAN_POINT('',(0.,-50.));
#974 = ( GEOMETRIC_REPRESENTATION_CONTEXT(2) 
PARAMETRIC_REPRESENTATION_CONTEXT() REPRESENTATION_CONTEXT('2D SPACE',''
  ) );
#975 = ORIENTED_EDGE('',*,*,#976,.T.);
#976 = EDGE_CURVE('',#951,#977,#979,.T.);
#977 = VERTEX_POINT('',#978);
#978 = CARTESIAN_POINT('',(-35.1,-40.1,0.));
#979 = SURFACE_CURVE('',#980,(#984,#990),.PCURVE_S1.);
#980 = LINE('',#981,#982);
#981 = CARTESIAN_POINT('',(-17.55,-40.1,0.));
#982 = VECTOR('',#983,1.);
#983 = DIRECTION('',(-1.,-3.289022335458E-18,0.));
#984 = PCURVE('',#930,#985);
#985 = DEFINITIONAL_REPRESENTATION('',(#986),#989);
#986 = B_SPLINE_CURVE_WITH_KNOTS('',1,(#987,#988),.UNSPECIFIED.,.F.,.F.,
  (2,2),(5.35,17.55),.PIECEWISE_BEZIER_KNOTS.);
#987 = CARTESIAN_POINT('',(-22.9,-40.1));
#988 = CARTESIAN_POINT('',(-35.1,-40.1));
#989 = ( GEOMETRIC_REPRESENTATION_CONTEXT(2) 
PARAMETRIC_REPRESENTATION_CONTEXT() REPRESENTATION_CONTEXT('2D SPACE',''
  ) );
#990 = PCURVE('',#991,#996);
#991 = PLANE('',#992);
#992 = AXIS2_PLACEMENT_3D('',#993,#994,#995);
#993 = CARTESIAN_POINT('',(-35.1,-40.1,-50.));
#994 = DIRECTION('',(-3.289022335458E-18,1.,0.));
#995 = DIRECTION('',(1.,3.289022335458E-18,0.));
#996 = DEFINITIONAL_REPRESENTATION('',(#997),#1000);
#997 = B_SPLINE_CURVE_WITH_KNOTS('',1,(#998,#999),.UNSPECIFIED.,.F.,.F.,
  (2,2),(5.35,17.55),.PIECEWISE_BEZIER_KNOTS.);
#998 = CARTESIAN_POINT('',(12.2,-50.));
#999 = CARTESIAN_POINT('',(0.,-50.));
#1000 = ( GEOMETRIC_REPRESENTATION_CONTEXT(2) 
PARAMETRIC_REPRESENTATION_CONTEXT() REPRESENTATION_CONTEXT('2D SPACE',''
  ) );
#1001 = ORIENTED_EDGE('',*,*,#1002,.T.);
#1002 = EDGE_CURVE('',#977,#1003,#1005,.T.);
#1003 = VERTEX_POINT('',#1004);
#1004 = CARTESIAN_POINT('',(-35.1,-34.9,0.));
#1005 = SURFACE_CURVE('',#1006,(#1010,#1016),.PCURVE_S1.);
#1006 = LINE('',#1007,#1008);
#1007 = CARTESIAN_POINT('',(-35.1,-17.45,0.));
#1008 = VECTOR('',#1009,1.);
#1009 = DIRECTION('',(-3.289022335458E-18,1.,0.));
#1010 = PCURVE('',#930,#1011);
#1011 = DEFINITIONAL_REPRESENTATION('',(#1012),#1015);
#1012 = B_SPLINE_CURVE_WITH_KNOTS('',1,(#1013,#1014),.UNSPECIFIED.,.F.,
  .F.,(2,2),(-22.65,-17.45),.PIECEWISE_BEZIER_KNOTS.);
#1013 = CARTESIAN_POINT('',(-35.1,-40.1));
#1014 = CARTESIAN_POINT('',(-35.1,-34.9));
#1015 = ( GEOMETRIC_REPRESENTATION_CONTEXT(2) 
PARAMETRIC_REPRESENTATION_CONTEXT() REPRESENTATION_CONTEXT('2D SPACE',''
  ) );
#1016 = PCURVE('',#1017,#1022);
#1017 = PLANE('',#1018);
#1018 = AXIS2_PLACEMENT_3D('',#1019,#1020,#1021);
#1019 = CARTESIAN_POINT('',(-35.1,-34.9,-50.));
#1020 = DIRECTION('',(1.,3.289022335458E-18,0.));
#1021 = DIRECTION('',(3.289022335458E-18,-1.,0.));
#1022 = DEFINITIONAL_REPRESENTATION('',(#1023),#1026);
#1023 = B_SPLINE_CURVE_WITH_KNOTS('',1,(#1024,#1025),.UNSPECIFIED.,.F.,
  .F.,(2,2),(-22.65,-17.45),.PIECEWISE_BEZIER_KNOTS.);
#1024 = CARTESIAN_POINT('',(5.2,-50.));
#1025 = CARTESIAN_POINT('',(0.,-50.));
#1026 = ( GEOMETRIC_REPRESENTATION_CONTEXT(2) 
PARAMETRIC_REPRESENTATION_CONTEXT() REPRESENTATION_CONTEXT('2D SPACE',''
  ) );
#1027 = ORIENTED_EDGE('',*,*,#1028,.T.);
#1028 = EDGE_CURVE('',#1003,#949,#1029,.T.);
#1029 = SURFACE_CURVE('',#1030,(#1034,#1040),.PCURVE_S1.);
#1030 = LINE('',#1031,#1032);
#1031 = CARTESIAN_POINT('',(-11.45,-34.9,0.));
#1032 = VECTOR('',#1033,1.);
#1033 = DIRECTION('',(1.,3.289022335458E-18,0.));
#1034 = PCURVE('',#930,#1035);
#1035 = DEFINITIONAL_REPRESENTATION('',(#1036),#1039);
#1036 = B_SPLINE_CURVE_WITH_KNOTS('',1,(#1037,#1038),.UNSPECIFIED.,.F.,
  .F.,(2,2),(-23.65,-11.45),.PIECEWISE_BEZIER_KNOTS.);
#1037 = CARTESIAN_POINT('',(-35.1,-34.9));
#1038 = CARTESIAN_POINT('',(-22.9,-34.9));
#1039 = ( GEOMETRIC_REPRESENTATION_CONTEXT(2) 
PARAMETRIC_REPRESENTATION_CONTEXT() REPRESENTATION_CONTEXT('2D SPACE',''
  ) );
#1040 = PCURVE('',#1041,#1046);
#1041 = PLANE('',#1042);
#1042 = AXIS2_PLACEMENT_3D('',#1043,#1044,#1045);
#1043 = CARTESIAN_POINT('',(-22.9,-34.9,-50.));
#1044 = DIRECTION('',(3.289022335458E-18,-1.,0.));
#1045 = DIRECTION('',(-1.,-3.289022335458E-18,0.));
#1046 = DEFINITIONAL_REPRESENTATION('',(#1047),#1050);
#1047 = B_SPLINE_CURVE_WITH_KNOTS('',1,(#1048,#1049),.UNSPECIFIED.,.F.,
  .F.,(2,2),(-23.65,-11.45),.PIECEWISE_BEZIER_KNOTS.);
#1048 = CARTESIAN_POINT('',(12.2,-50.));
#1049 = CARTESIAN_POINT('',(0.,-50.));
#1050 = ( GEOMETRIC_REPRESENTATION_CONTEXT(2) 
PARAMETRIC_REPRESENTATION_CONTEXT() REPRESENTATION_CONTEXT('2D SPACE',''
  ) );
#1051 = FACE_BOUND('',#1052,.F.);
#1052 = EDGE_LOOP('',(#1053));
#1053 = ORIENTED_EDGE('',*,*,#1054,.T.);
#1054 = EDGE_CURVE('',#1055,#1055,#1057,.T.);
#1055 = VERTEX_POINT('',#1056);
#1056 = CARTESIAN_POINT('',(-7.35,-37.5,0.));
#1057 = SURFACE_CURVE('',#1058,(#1063,#1074),.PCURVE_S1.);
#1058 = CIRCLE('',#1059,1.65);
#1059 = AXIS2_PLACEMENT_3D('',#1060,#1061,#1062);
#1060 = CARTESIAN_POINT('',(-9.,-37.5,0.));
#1061 = DIRECTION('',(0.,0.,-1.));
#1062 = DIRECTION('',(1.,3.289022335458E-18,0.));
#1063 = PCURVE('',#930,#1064);
#1064 = DEFINITIONAL_REPRESENTATION('',(#1065),#1073);
#1065 = ( BOUNDED_CURVE() B_SPLINE_CURVE(2,(#1066,#1067,#1068,#1069,
#1070,#1071,#1072),.UNSPECIFIED.,.T.,.F.) B_SPLINE_CURVE_WITH_KNOTS((1,2
    ,2,2,2,1),(-2.094395102393,0.,2.094395102393,4.188790204786,
6.28318530718,8.377580409573),.UNSPECIFIED.) CURVE() 
GEOMETRIC_REPRESENTATION_ITEM() RATIONAL_B_SPLINE_CURVE((1.,0.5,1.,0.5,
1.,0.5,1.)) REPRESENTATION_ITEM('') );
#1066 = CARTESIAN_POINT('',(-7.35,-37.5));
#1067 = CARTESIAN_POINT('',(-7.35,-40.35788383248));
#1068 = CARTESIAN_POINT('',(-9.825,-38.92894191624));
#1069 = CARTESIAN_POINT('',(-12.3,-37.5));
#1070 = CARTESIAN_POINT('',(-9.825,-36.07105808375));
#1071 = CARTESIAN_POINT('',(-7.35,-34.64211616751));
#1072 = CARTESIAN_POINT('',(-7.35,-37.5));
#1073 = ( GEOMETRIC_REPRESENTATION_CONTEXT(2) 
PARAMETRIC_REPRESENTATION_CONTEXT() REPRESENTATION_CONTEXT('2D SPACE',''
  ) );
#1074 = PCURVE('',#1075,#1080);
#1075 = CYLINDRICAL_SURFACE('',#1076,1.65);
#1076 = AXIS2_PLACEMENT_3D('',#1077,#1078,#1079);
#1077 = CARTESIAN_POINT('',(-9.,-37.5,-50.));
#1078 = DIRECTION('',(0.,-0.,-1.));
#1079 = DIRECTION('',(1.,3.289022335458E-18,0.));
#1080 = DEFINITIONAL_REPRESENTATION('',(#1081),#1085);
#1081 = LINE('',#1082,#1083);
#1082 = CARTESIAN_POINT('',(-6.28318530718,-50.));
#1083 = VECTOR('',#1084,1.);
#1084 = DIRECTION('',(1.,-0.));
#1085 = ( GEOMETRIC_REPRESENTATION_CONTEXT(2) 
PARAMETRIC_REPRESENTATION_CONTEXT() REPRESENTATION_CONTEXT('2D SPACE',''
  ) );
#1086 = FACE_BOUND('',#1087,.F.);
#1087 = EDGE_LOOP('',(#1088));
#1088 = ORIENTED_EDGE('',*,*,#1089,.T.);
#1089 = EDGE_CURVE('',#1090,#1090,#1092,.T.);
#1090 = VERTEX_POINT('',#1091);
#1091 = CARTESIAN_POINT('',(1.65,-27.,0.));
#1092 = SURFACE_CURVE('',#1093,(#1098,#1109),.PCURVE_S1.);
#1093 = CIRCLE('',#1094,1.65);
#1094 = AXIS2_PLACEMENT_3D('',#1095,#1096,#1097);
#1095 = CARTESIAN_POINT('',(-6.64737277289E-15,-27.,0.));
#1096 = DIRECTION('',(0.,0.,-1.));
#1097 = DIRECTION('',(1.,3.289022335458E-18,0.));
#1098 = PCURVE('',#930,#1099);
#1099 = DEFINITIONAL_REPRESENTATION('',(#1100),#1108);
#1100 = ( BOUNDED_CURVE() B_SPLINE_CURVE(2,(#1101,#1102,#1103,#1104,
#1105,#1106,#1107),.UNSPECIFIED.,.T.,.F.) B_SPLINE_CURVE_WITH_KNOTS((1,2
    ,2,2,2,1),(-2.094395102393,0.,2.094395102393,4.188790204786,
6.28318530718,8.377580409573),.UNSPECIFIED.) CURVE() 
GEOMETRIC_REPRESENTATION_ITEM() RATIONAL_B_SPLINE_CURVE((1.,0.5,1.,0.5,
1.,0.5,1.)) REPRESENTATION_ITEM('') );
#1101 = CARTESIAN_POINT('',(1.65,-27.));
#1102 = CARTESIAN_POINT('',(1.65,-29.85788383248));
#1103 = CARTESIAN_POINT('',(-0.825,-28.42894191624));
#1104 = CARTESIAN_POINT('',(-3.3,-27.));
#1105 = CARTESIAN_POINT('',(-0.825,-25.57105808375));
#1106 = CARTESIAN_POINT('',(1.65,-24.14211616751));
#1107 = CARTESIAN_POINT('',(1.65,-27.));
#1108 = ( GEOMETRIC_REPRESENTATION_CONTEXT(2) 
PARAMETRIC_REPRESENTATION_CONTEXT() REPRESENTATION_CONTEXT('2D SPACE',''
  ) );
#1109 = PCURVE('',#1110,#1115);
#1110 = CYLINDRICAL_SURFACE('',#1111,1.65);
#1111 = AXIS2_PLACEMENT_3D('',#1112,#1113,#1114);
#1112 = CARTESIAN_POINT('',(-6.64737277289E-15,-27.,-50.));
#1113 = DIRECTION('',(0.,-0.,-1.));
#1114 = DIRECTION('',(1.,3.289022335458E-18,0.));
#1115 = DEFINITIONAL_REPRESENTATION('',(#1116),#1120);
#1116 = LINE('',#1117,#1118);
#1117 = CARTESIAN_POINT('',(-6.28318530718,-50.));
#1118 = VECTOR('',#1119,1.);
#1119 = DIRECTION('',(1.,-0.));
#1120 = ( GEOMETRIC_REPRESENTATION_CONTEXT(2) 
PARAMETRIC_REPRESENTATION_CONTEXT() REPRESENTATION_CONTEXT('2D SPACE',''
  ) );
#1121 = FACE_BOUND('',#1122,.F.);
#1122 = EDGE_LOOP('',(#1123,#1151,#1177,#1203));
#1123 = ORIENTED_EDGE('',*,*,#1124,.T.);
#1124 = EDGE_CURVE('',#1125,#1127,#1129,.T.);
#1125 = VERTEX_POINT('',#1126);
#1126 = CARTESIAN_POINT('',(17.1,-34.9,0.));
#1127 = VERTEX_POINT('',#1128);
#1128 = CARTESIAN_POINT('',(17.1,-40.1,0.));
#1129 = SURFACE_CURVE('',#1130,(#1134,#1140),.PCURVE_S1.);
#1130 = LINE('',#1131,#1132);
#1131 = CARTESIAN_POINT('',(17.1,-20.05,0.));
#1132 = VECTOR('',#1133,1.);
#1133 = DIRECTION('',(3.289022335458E-18,-1.,0.));
#1134 = PCURVE('',#930,#1135);
#1135 = DEFINITIONAL_REPRESENTATION('',(#1136),#1139);
#1136 = B_SPLINE_CURVE_WITH_KNOTS('',1,(#1137,#1138),.UNSPECIFIED.,.F.,
  .F.,(2,2),(14.85,20.05),.PIECEWISE_BEZIER_KNOTS.);
#1137 = CARTESIAN_POINT('',(17.1,-34.9));
#1138 = CARTESIAN_POINT('',(17.1,-40.1));
#1139 = ( GEOMETRIC_REPRESENTATION_CONTEXT(2) 
PARAMETRIC_REPRESENTATION_CONTEXT() REPRESENTATION_CONTEXT('2D SPACE',''
  ) );
#1140 = PCURVE('',#1141,#1146);
#1141 = PLANE('',#1142);
#1142 = AXIS2_PLACEMENT_3D('',#1143,#1144,#1145);
#1143 = CARTESIAN_POINT('',(17.1,-40.1,-50.));
#1144 = DIRECTION('',(-1.,-3.289022335458E-18,0.));
#1145 = DIRECTION('',(-3.289022335458E-18,1.,0.));
#1146 = DEFINITIONAL_REPRESENTATION('',(#1147),#1150);
#1147 = B_SPLINE_CURVE_WITH_KNOTS('',1,(#1148,#1149),.UNSPECIFIED.,.F.,
  .F.,(2,2),(14.85,20.05),.PIECEWISE_BEZIER_KNOTS.);
#1148 = CARTESIAN_POINT('',(5.2,-50.));
#1149 = CARTESIAN_POINT('',(0.,-50.));
#1150 = ( GEOMETRIC_REPRESENTATION_CONTEXT(2) 
PARAMETRIC_REPRESENTATION_CONTEXT() REPRESENTATION_CONTEXT('2D SPACE',''
  ) );
#1151 = ORIENTED_EDGE('',*,*,#1152,.T.);
#1152 = EDGE_CURVE('',#1127,#1153,#1155,.T.);
#1153 = VERTEX_POINT('',#1154);
#1154 = CARTESIAN_POINT('',(4.9,-40.1,0.));
#1155 = SURFACE_CURVE('',#1156,(#1160,#1166),.PCURVE_S1.);
#1156 = LINE('',#1157,#1158);
#1157 = CARTESIAN_POINT('',(2.45,-40.1,0.));
#1158 = VECTOR('',#1159,1.);
#1159 = DIRECTION('',(-1.,-3.289022335458E-18,0.));
#1160 = PCURVE('',#930,#1161);
#1161 = DEFINITIONAL_REPRESENTATION('',(#1162),#1165);
#1162 = B_SPLINE_CURVE_WITH_KNOTS('',1,(#1163,#1164),.UNSPECIFIED.,.F.,
  .F.,(2,2),(-14.65,-2.45),.PIECEWISE_BEZIER_KNOTS.);
#1163 = CARTESIAN_POINT('',(17.1,-40.1));
#1164 = CARTESIAN_POINT('',(4.9,-40.1));
#1165 = ( GEOMETRIC_REPRESENTATION_CONTEXT(2) 
PARAMETRIC_REPRESENTATION_CONTEXT() REPRESENTATION_CONTEXT('2D SPACE',''
  ) );
#1166 = PCURVE('',#1167,#1172);
#1167 = PLANE('',#1168);
#1168 = AXIS2_PLACEMENT_3D('',#1169,#1170,#1171);
#1169 = CARTESIAN_POINT('',(4.9,-40.1,-50.));
#1170 = DIRECTION('',(-3.289022335458E-18,1.,0.));
#1171 = DIRECTION('',(1.,3.289022335458E-18,0.));
#1172 = DEFINITIONAL_REPRESENTATION('',(#1173),#1176);
#1173 = B_SPLINE_CURVE_WITH_KNOTS('',1,(#1174,#1175),.UNSPECIFIED.,.F.,
  .F.,(2,2),(-14.65,-2.45),.PIECEWISE_BEZIER_KNOTS.);
#1174 = CARTESIAN_POINT('',(12.2,-50.));
#1175 = CARTESIAN_POINT('',(0.,-50.));
#1176 = ( GEOMETRIC_REPRESENTATION_CONTEXT(2) 
PARAMETRIC_REPRESENTATION_CONTEXT() REPRESENTATION_CONTEXT('2D SPACE',''
  ) );
#1177 = ORIENTED_EDGE('',*,*,#1178,.T.);
#1178 = EDGE_CURVE('',#1153,#1179,#1181,.T.);
#1179 = VERTEX_POINT('',#1180);
#1180 = CARTESIAN_POINT('',(4.9,-34.9,0.));
#1181 = SURFACE_CURVE('',#1182,(#1186,#1192),.PCURVE_S1.);
#1182 = LINE('',#1183,#1184);
#1183 = CARTESIAN_POINT('',(4.9,-17.45,0.));
#1184 = VECTOR('',#1185,1.);
#1185 = DIRECTION('',(-3.289022335458E-18,1.,0.));
#1186 = PCURVE('',#930,#1187);
#1187 = DEFINITIONAL_REPRESENTATION('',(#1188),#1191);
#1188 = B_SPLINE_CURVE_WITH_KNOTS('',1,(#1189,#1190),.UNSPECIFIED.,.F.,
  .F.,(2,2),(-22.65,-17.45),.PIECEWISE_BEZIER_KNOTS.);
#1189 = CARTESIAN_POINT('',(4.9,-40.1));
#1190 = CARTESIAN_POINT('',(4.9,-34.9));
#1191 = ( GEOMETRIC_REPRESENTATION_CONTEXT(2) 
PARAMETRIC_REPRESENTATION_CONTEXT() REPRESENTATION_CONTEXT('2D SPACE',''
  ) );
#1192 = PCURVE('',#1193,#1198);
#1193 = PLANE('',#1194);
#1194 = AXIS2_PLACEMENT_3D('',#1195,#1196,#1197);
#1195 = CARTESIAN_POINT('',(4.9,-34.9,-50.));
#1196 = DIRECTION('',(1.,3.289022335458E-18,0.));
#1197 = DIRECTION('',(3.289022335458E-18,-1.,0.));
#1198 = DEFINITIONAL_REPRESENTATION('',(#1199),#1202);
#1199 = B_SPLINE_CURVE_WITH_KNOTS('',1,(#1200,#1201),.UNSPECIFIED.,.F.,
  .F.,(2,2),(-22.65,-17.45),.PIECEWISE_BEZIER_KNOTS.);
#1200 = CARTESIAN_POINT('',(5.2,-50.));
#1201 = CARTESIAN_POINT('',(0.,-50.));
#1202 = ( GEOMETRIC_REPRESENTATION_CONTEXT(2) 
PARAMETRIC_REPRESENTATION_CONTEXT() REPRESENTATION_CONTEXT('2D SPACE',''
  ) );
#1203 = ORIENTED_EDGE('',*,*,#1204,.T.);
#1204 = EDGE_CURVE('',#1179,#1125,#1205,.T.);
#1205 = SURFACE_CURVE('',#1206,(#1210,#1216),.PCURVE_S1.);
#1206 = LINE('',#1207,#1208);
#1207 = CARTESIAN_POINT('',(8.55,-34.9,0.));
#1208 = VECTOR('',#1209,1.);
#1209 = DIRECTION('',(1.,3.289022335458E-18,0.));
#1210 = PCURVE('',#930,#1211);
#1211 = DEFINITIONAL_REPRESENTATION('',(#1212),#1215);
#1212 = B_SPLINE_CURVE_WITH_KNOTS('',1,(#1213,#1214),.UNSPECIFIED.,.F.,
  .F.,(2,2),(-3.65,8.55),.PIECEWISE_BEZIER_KNOTS.);
#1213 = CARTESIAN_POINT('',(4.9,-34.9));
#1214 = CARTESIAN_POINT('',(17.1,-34.9));
#1215 = ( GEOMETRIC_REPRESENTATION_CONTEXT(2) 
PARAMETRIC_REPRESENTATION_CONTEXT() REPRESENTATION_CONTEXT('2D SPACE',''
  ) );
#1216 = PCURVE('',#1217,#1222);
#1217 = PLANE('',#1218);
#1218 = AXIS2_PLACEMENT_3D('',#1219,#1220,#1221);
#1219 = CARTESIAN_POINT('',(17.1,-34.9,-50.));
#1220 = DIRECTION('',(3.289022335458E-18,-1.,0.));
#1221 = DIRECTION('',(-1.,-3.289022335458E-18,0.));
#1222 = DEFINITIONAL_REPRESENTATION('',(#1223),#1226);
#1223 = B_SPLINE_CURVE_WITH_KNOTS('',1,(#1224,#1225),.UNSPECIFIED.,.F.,
  .F.,(2,2),(-3.65,8.55),.PIECEWISE_BEZIER_KNOTS.);
#1224 = CARTESIAN_POINT('',(12.2,-50.));
#1225 = CARTESIAN_POINT('',(0.,-50.));
#1226 = ( GEOMETRIC_REPRESENTATION_CONTEXT(2) 
PARAMETRIC_REPRESENTATION_CONTEXT() REPRESENTATION_CONTEXT('2D SPACE',''
  ) );
#1227 = FACE_BOUND('',#1228,.F.);
#1228 = EDGE_LOOP('',(#1229));
#1229 = ORIENTED_EDGE('',*,*,#1230,.T.);
#1230 = EDGE_CURVE('',#1231,#1231,#1233,.T.);
#1231 = VERTEX_POINT('',#1232);
#1232 = CARTESIAN_POINT('',(-4.006854249492,-5.656854249492,0.));
#1233 = SURFACE_CURVE('',#1234,(#1239,#1250),.PCURVE_S1.);
#1234 = CIRCLE('',#1235,1.65);
#1235 = AXIS2_PLACEMENT_3D('',#1236,#1237,#1238);
#1236 = CARTESIAN_POINT('',(-5.656854249492,-5.656854249492,0.));
#1237 = DIRECTION('',(0.,0.,-1.));
#1238 = DIRECTION('',(1.,3.289022335458E-18,0.));
#1239 = PCURVE('',#930,#1240);
#1240 = DEFINITIONAL_REPRESENTATION('',(#1241),#1249);
#1241 = ( BOUNDED_CURVE() B_SPLINE_CURVE(2,(#1242,#1243,#1244,#1245,
#1246,#1247,#1248),.UNSPECIFIED.,.T.,.F.) B_SPLINE_CURVE_WITH_KNOTS((1,2
    ,2,2,2,1),(-2.094395102393,0.,2.094395102393,4.188790204786,
6.28318530718,8.377580409573),.UNSPECIFIED.) CURVE() 
GEOMETRIC_REPRESENTATION_ITEM() RATIONAL_B_SPLINE_CURVE((1.,0.5,1.,0.5,
1.,0.5,1.)) REPRESENTATION_ITEM('') );
#1242 = CARTESIAN_POINT('',(-4.006854249492,-5.656854249492));
#1243 = CARTESIAN_POINT('',(-4.006854249492,-8.514738081981));
#1244 = CARTESIAN_POINT('',(-6.481854249492,-7.085796165737));
#1245 = CARTESIAN_POINT('',(-8.956854249492,-5.656854249492));
#1246 = CARTESIAN_POINT('',(-6.481854249492,-4.227912333248));
#1247 = CARTESIAN_POINT('',(-4.006854249492,-2.798970417004));
#1248 = CARTESIAN_POINT('',(-4.006854249492,-5.656854249492));
#1249 = ( GEOMETRIC_REPRESENTATION_CONTEXT(2) 
PARAMETRIC_REPRESENTATION_CONTEXT() REPRESENTATION_CONTEXT('2D SPACE',''
  ) );
#1250 = PCURVE('',#1251,#1256);
#1251 = CYLINDRICAL_SURFACE('',#1252,1.65);
#1252 = AXIS2_PLACEMENT_3D('',#1253,#1254,#1255);
#1253 = CARTESIAN_POINT('',(-5.656854249492,-5.656854249492,-50.));
#1254 = DIRECTION('',(0.,-0.,-1.));
#1255 = DIRECTION('',(1.,3.289022335458E-18,0.));
#1256 = DEFINITIONAL_REPRESENTATION('',(#1257),#1261);
#1257 = LINE('',#1258,#1259);
#1258 = CARTESIAN_POINT('',(-6.28318530718,-50.));
#1259 = VECTOR('',#1260,1.);
#1260 = DIRECTION('',(1.,-0.));
#1261 = ( GEOMETRIC_REPRESENTATION_CONTEXT(2) 
PARAMETRIC_REPRESENTATION_CONTEXT() REPRESENTATION_CONTEXT('2D SPACE',''
  ) );
#1262 = FACE_BOUND('',#1263,.F.);
#1263 = EDGE_LOOP('',(#1264));
#1264 = ORIENTED_EDGE('',*,*,#1265,.T.);
#1265 = EDGE_CURVE('',#1266,#1266,#1268,.T.);
#1266 = VERTEX_POINT('',#1267);
#1267 = CARTESIAN_POINT('',(7.306854249492,-5.656854249492,0.));
#1268 = SURFACE_CURVE('',#1269,(#1274,#1285),.PCURVE_S1.);
#1269 = CIRCLE('',#1270,1.65);
#1270 = AXIS2_PLACEMENT_3D('',#1271,#1272,#1273);
#1271 = CARTESIAN_POINT('',(5.656854249492,-5.656854249492,0.));
#1272 = DIRECTION('',(0.,0.,-1.));
#1273 = DIRECTION('',(1.,3.289022335458E-18,0.));
#1274 = PCURVE('',#930,#1275);
#1275 = DEFINITIONAL_REPRESENTATION('',(#1276),#1284);
#1276 = ( BOUNDED_CURVE() B_SPLINE_CURVE(2,(#1277,#1278,#1279,#1280,
#1281,#1282,#1283),.UNSPECIFIED.,.T.,.F.) B_SPLINE_CURVE_WITH_KNOTS((1,2
    ,2,2,2,1),(-2.094395102393,0.,2.094395102393,4.188790204786,
6.28318530718,8.377580409573),.UNSPECIFIED.) CURVE() 
GEOMETRIC_REPRESENTATION_ITEM() RATIONAL_B_SPLINE_CURVE((1.,0.5,1.,0.5,
1.,0.5,1.)) REPRESENTATION_ITEM('') );
#1277 = CARTESIAN_POINT('',(7.306854249492,-5.656854249492));
#1278 = CARTESIAN_POINT('',(7.306854249492,-8.514738081981));
#1279 = CARTESIAN_POINT('',(4.831854249492,-7.085796165737));
#1280 = CARTESIAN_POINT('',(2.356854249492,-5.656854249492));
#1281 = CARTESIAN_POINT('',(4.831854249492,-4.227912333248));
#1282 = CARTESIAN_POINT('',(7.306854249492,-2.798970417004));
#1283 = CARTESIAN_POINT('',(7.306854249492,-5.656854249492));
#1284 = ( GEOMETRIC_REPRESENTATION_CONTEXT(2) 
PARAMETRIC_REPRESENTATION_CONTEXT() REPRESENTATION_CONTEXT('2D SPACE',''
  ) );
#1285 = PCURVE('',#1286,#1291);
#1286 = CYLINDRICAL_SURFACE('',#1287,1.65);
#1287 = AXIS2_PLACEMENT_3D('',#1288,#1289,#1290);
#1288 = CARTESIAN_POINT('',(5.656854249492,-5.656854249492,-50.));
#1289 = DIRECTION('',(0.,-0.,-1.));
#1290 = DIRECTION('',(1.,3.289022335458E-18,0.));
#1291 = DEFINITIONAL_REPRESENTATION('',(#1292),#1296);
#1292 = LINE('',#1293,#1294);
#1293 = CARTESIAN_POINT('',(-6.28318530718,-50.));
#1294 = VECTOR('',#1295,1.);
#1295 = DIRECTION('',(1.,-0.));
#1296 = ( GEOMETRIC_REPRESENTATION_CONTEXT(2) 
PARAMETRIC_REPRESENTATION_CONTEXT() REPRESENTATION_CONTEXT('2D SPACE',''
  ) );
#1297 = FACE_BOUND('',#1298,.F.);
#1298 = EDGE_LOOP('',(#1299,#1327,#1353,#1379));
#1299 = ORIENTED_EDGE('',*,*,#1300,.T.);
#1300 = EDGE_CURVE('',#1301,#1303,#1305,.T.);
#1301 = VERTEX_POINT('',#1302);
#1302 = CARTESIAN_POINT('',(-46.,8.,0.));
#1303 = VERTEX_POINT('',#1304);
#1304 = CARTESIAN_POINT('',(-46.,-8.,0.));
#1305 = SURFACE_CURVE('',#1306,(#1310,#1316),.PCURVE_S1.);
#1306 = LINE('',#1307,#1308);
#1307 = CARTESIAN_POINT('',(-46.,-4.,0.));
#1308 = VECTOR('',#1309,1.);
#1309 = DIRECTION('',(3.289022335458E-18,-1.,0.));
#1310 = PCURVE('',#930,#1311);
#1311 = DEFINITIONAL_REPRESENTATION('',(#1312),#1315);
#1312 = B_SPLINE_CURVE_WITH_KNOTS('',1,(#1313,#1314),.UNSPECIFIED.,.F.,
  .F.,(2,2),(-12.,4.),.PIECEWISE_BEZIER_KNOTS.);
#1313 = CARTESIAN_POINT('',(-46.,8.));
#1314 = CARTESIAN_POINT('',(-46.,-8.));
#1315 = ( GEOMETRIC_REPRESENTATION_CONTEXT(2) 
PARAMETRIC_REPRESENTATION_CONTEXT() REPRESENTATION_CONTEXT('2D SPACE',''
  ) );
#1316 = PCURVE('',#1317,#1322);
#1317 = PLANE('',#1318);
#1318 = AXIS2_PLACEMENT_3D('',#1319,#1320,#1321);
#1319 = CARTESIAN_POINT('',(-46.,-8.,-50.));
#1320 = DIRECTION('',(-1.,-3.289022335458E-18,0.));
#1321 = DIRECTION('',(-3.289022335458E-18,1.,0.));
#1322 = DEFINITIONAL_REPRESENTATION('',(#1323),#1326);
#1323 = B_SPLINE_CURVE_WITH_KNOTS('',1,(#1324,#1325),.UNSPECIFIED.,.F.,
  .F.,(2,2),(-12.,4.),.PIECEWISE_BEZIER_KNOTS.);
#1324 = CARTESIAN_POINT('',(16.,-50.));
#1325 = CARTESIAN_POINT('',(0.,-50.));
#1326 = ( GEOMETRIC_REPRESENTATION_CONTEXT(2) 
PARAMETRIC_REPRESENTATION_CONTEXT() REPRESENTATION_CONTEXT('2D SPACE',''
  ) );
#1327 = ORIENTED_EDGE('',*,*,#1328,.T.);
#1328 = EDGE_CURVE('',#1303,#1329,#1331,.T.);
#1329 = VERTEX_POINT('',#1330);
#1330 = CARTESIAN_POINT('',(-54.,-8.,0.));
#1331 = SURFACE_CURVE('',#1332,(#1336,#1342),.PCURVE_S1.);
#1332 = LINE('',#1333,#1334);
#1333 = CARTESIAN_POINT('',(-27.,-8.,0.));
#1334 = VECTOR('',#1335,1.);
#1335 = DIRECTION('',(-1.,-3.289022335458E-18,0.));
#1336 = PCURVE('',#930,#1337);
#1337 = DEFINITIONAL_REPRESENTATION('',(#1338),#1341);
#1338 = B_SPLINE_CURVE_WITH_KNOTS('',1,(#1339,#1340),.UNSPECIFIED.,.F.,
  .F.,(2,2),(19.,27.),.PIECEWISE_BEZIER_KNOTS.);
#1339 = CARTESIAN_POINT('',(-46.,-8.));
#1340 = CARTESIAN_POINT('',(-54.,-8.));
#1341 = ( GEOMETRIC_REPRESENTATION_CONTEXT(2) 
PARAMETRIC_REPRESENTATION_CONTEXT() REPRESENTATION_CONTEXT('2D SPACE',''
  ) );
#1342 = PCURVE('',#1343,#1348);
#1343 = PLANE('',#1344);
#1344 = AXIS2_PLACEMENT_3D('',#1345,#1346,#1347);
#1345 = CARTESIAN_POINT('',(-54.,-8.,-50.));
#1346 = DIRECTION('',(-3.289022335458E-18,1.,0.));
#1347 = DIRECTION('',(1.,3.289022335458E-18,0.));
#1348 = DEFINITIONAL_REPRESENTATION('',(#1349),#1352);
#1349 = B_SPLINE_CURVE_WITH_KNOTS('',1,(#1350,#1351),.UNSPECIFIED.,.F.,
  .F.,(2,2),(19.,27.),.PIECEWISE_BEZIER_KNOTS.);
#1350 = CARTESIAN_POINT('',(8.,-50.));
#1351 = CARTESIAN_POINT('',(0.,-50.));
#1352 = ( GEOMETRIC_REPRESENTATION_CONTEXT(2) 
PARAMETRIC_REPRESENTATION_CONTEXT() REPRESENTATION_CONTEXT('2D SPACE',''
  ) );
#1353 = ORIENTED_EDGE('',*,*,#1354,.T.);
#1354 = EDGE_CURVE('',#1329,#1355,#1357,.T.);
#1355 = VERTEX_POINT('',#1356);
#1356 = CARTESIAN_POINT('',(-54.,8.,0.));
#1357 = SURFACE_CURVE('',#1358,(#1362,#1368),.PCURVE_S1.);
#1358 = LINE('',#1359,#1360);
#1359 = CARTESIAN_POINT('',(-54.,4.,0.));
#1360 = VECTOR('',#1361,1.);
#1361 = DIRECTION('',(-3.289022335458E-18,1.,0.));
#1362 = PCURVE('',#930,#1363);
#1363 = DEFINITIONAL_REPRESENTATION('',(#1364),#1367);
#1364 = B_SPLINE_CURVE_WITH_KNOTS('',1,(#1365,#1366),.UNSPECIFIED.,.F.,
  .F.,(2,2),(-12.,4.),.PIECEWISE_BEZIER_KNOTS.);
#1365 = CARTESIAN_POINT('',(-54.,-8.));
#1366 = CARTESIAN_POINT('',(-54.,8.));
#1367 = ( GEOMETRIC_REPRESENTATION_CONTEXT(2) 
PARAMETRIC_REPRESENTATION_CONTEXT() REPRESENTATION_CONTEXT('2D SPACE',''
  ) );
#1368 = PCURVE('',#1369,#1374);
#1369 = PLANE('',#1370);
#1370 = AXIS2_PLACEMENT_3D('',#1371,#1372,#1373);
#1371 = CARTESIAN_POINT('',(-54.,8.,-50.));
#1372 = DIRECTION('',(1.,3.289022335458E-18,0.));
#1373 = DIRECTION('',(3.289022335458E-18,-1.,0.));
#1374 = DEFINITIONAL_REPRESENTATION('',(#1375),#1378);
#1375 = B_SPLINE_CURVE_WITH_KNOTS('',1,(#1376,#1377),.UNSPECIFIED.,.F.,
  .F.,(2,2),(-12.,4.),.PIECEWISE_BEZIER_KNOTS.);
#1376 = CARTESIAN_POINT('',(16.,-50.));
#1377 = CARTESIAN_POINT('',(0.,-50.));
#1378 = ( GEOMETRIC_REPRESENTATION_CONTEXT(2) 
PARAMETRIC_REPRESENTATION_CONTEXT() REPRESENTATION_CONTEXT('2D SPACE',''
  ) );
#1379 = ORIENTED_EDGE('',*,*,#1380,.T.);
#1380 = EDGE_CURVE('',#1355,#1301,#1381,.T.);
#1381 = SURFACE_CURVE('',#1382,(#1386,#1392),.PCURVE_S1.);
#1382 = LINE('',#1383,#1384);
#1383 = CARTESIAN_POINT('',(-23.,8.,0.));
#1384 = VECTOR('',#1385,1.);
#1385 = DIRECTION('',(1.,3.289022335458E-18,0.));
#1386 = PCURVE('',#930,#1387);
#1387 = DEFINITIONAL_REPRESENTATION('',(#1388),#1391);
#1388 = B_SPLINE_CURVE_WITH_KNOTS('',1,(#1389,#1390),.UNSPECIFIED.,.F.,
  .F.,(2,2),(-31.,-23.),.PIECEWISE_BEZIER_KNOTS.);
#1389 = CARTESIAN_POINT('',(-54.,8.));
#1390 = CARTESIAN_POINT('',(-46.,8.));
#1391 = ( GEOMETRIC_REPRESENTATION_CONTEXT(2) 
PARAMETRIC_REPRESENTATION_CONTEXT() REPRESENTATION_CONTEXT('2D SPACE',''
  ) );
#1392 = PCURVE('',#1393,#1398);
#1393 = PLANE('',#1394);
#1394 = AXIS2_PLACEMENT_3D('',#1395,#1396,#1397);
#1395 = CARTESIAN_POINT('',(-46.,8.,-50.));
#1396 = DIRECTION('',(3.289022335458E-18,-1.,0.));
#1397 = DIRECTION('',(-1.,-3.289022335458E-18,0.));
#1398 = DEFINITIONAL_REPRESENTATION('',(#1399),#1402);
#1399 = B_SPLINE_CURVE_WITH_KNOTS('',1,(#1400,#1401),.UNSPECIFIED.,.F.,
  .F.,(2,2),(-31.,-23.),.PIECEWISE_BEZIER_KNOTS.);
#1400 = CARTESIAN_POINT('',(8.,-50.));
#1401 = CARTESIAN_POINT('',(0.,-50.));
#1402 = ( GEOMETRIC_REPRESENTATION_CONTEXT(2) 
PARAMETRIC_REPRESENTATION_CONTEXT() REPRESENTATION_CONTEXT('2D SPACE',''
  ) );
#1403 = FACE_BOUND('',#1404,.F.);
#1404 = EDGE_LOOP('',(#1405));
#1405 = ORIENTED_EDGE('',*,*,#1406,.T.);
#1406 = EDGE_CURVE('',#1407,#1407,#1409,.T.);
#1407 = VERTEX_POINT('',#1408);
#1408 = CARTESIAN_POINT('',(-25.35,4.111348061194E-15,0.));
#1409 = SURFACE_CURVE('',#1410,(#1415,#1426),.PCURVE_S1.);
#1410 = CIRCLE('',#1411,1.65);
#1411 = AXIS2_PLACEMENT_3D('',#1412,#1413,#1414);
#1412 = CARTESIAN_POINT('',(-27.,4.105921174341E-15,0.));
#1413 = DIRECTION('',(0.,0.,-1.));
#1414 = DIRECTION('',(1.,3.289022335458E-18,0.));
#1415 = PCURVE('',#930,#1416);
#1416 = DEFINITIONAL_REPRESENTATION('',(#1417),#1425);
#1417 = ( BOUNDED_CURVE() B_SPLINE_CURVE(2,(#1418,#1419,#1420,#1421,
#1422,#1423,#1424),.UNSPECIFIED.,.T.,.F.) B_SPLINE_CURVE_WITH_KNOTS((1,2
    ,2,2,2,1),(-2.094395102393,0.,2.094395102393,4.188790204786,
6.28318530718,8.377580409573),.UNSPECIFIED.) CURVE() 
GEOMETRIC_REPRESENTATION_ITEM() RATIONAL_B_SPLINE_CURVE((1.,0.5,1.,0.5,
1.,0.5,1.)) REPRESENTATION_ITEM('') );
#1418 = CARTESIAN_POINT('',(-25.35,2.838634339908E-15));
#1419 = CARTESIAN_POINT('',(-25.35,-2.857883832489));
#1420 = CARTESIAN_POINT('',(-27.825,-1.428941916244));
#1421 = CARTESIAN_POINT('',(-30.3,2.43450089619E-15));
#1422 = CARTESIAN_POINT('',(-27.825,1.428941916244));
#1423 = CARTESIAN_POINT('',(-25.35,2.857883832489));
#1424 = CARTESIAN_POINT('',(-25.35,2.838634339908E-15));
#1425 = ( GEOMETRIC_REPRESENTATION_CONTEXT(2) 
PARAMETRIC_REPRESENTATION_CONTEXT() REPRESENTATION_CONTEXT('2D SPACE',''
  ) );
#1426 = PCURVE('',#1427,#1432);
#1427 = CYLINDRICAL_SURFACE('',#1428,1.65);
#1428 = AXIS2_PLACEMENT_3D('',#1429,#1430,#1431);
#1429 = CARTESIAN_POINT('',(-27.,4.105921174341E-15,-50.));
#1430 = DIRECTION('',(0.,-0.,-1.));
#1431 = DIRECTION('',(1.,3.289022335458E-18,0.));
#1432 = DEFINITIONAL_REPRESENTATION('',(#1433),#1437);
#1433 = LINE('',#1434,#1435);
#1434 = CARTESIAN_POINT('',(-6.28318530718,-50.));
#1435 = VECTOR('',#1436,1.);
#1436 = DIRECTION('',(1.,-0.));
#1437 = ( GEOMETRIC_REPRESENTATION_CONTEXT(2) 
PARAMETRIC_REPRESENTATION_CONTEXT() REPRESENTATION_CONTEXT('2D SPACE',''
  ) );
#1438 = FACE_BOUND('',#1439,.F.);
#1439 = EDGE_LOOP('',(#1440,#1468,#1494,#1520));
#1440 = ORIENTED_EDGE('',*,*,#1441,.T.);
#1441 = EDGE_CURVE('',#1442,#1444,#1446,.T.);
#1442 = VERTEX_POINT('',#1443);
#1443 = CARTESIAN_POINT('',(-22.9,32.6,0.));
#1444 = VERTEX_POINT('',#1445);
#1445 = CARTESIAN_POINT('',(-22.9,27.4,0.));
#1446 = SURFACE_CURVE('',#1447,(#1451,#1457),.PCURVE_S1.);
#1447 = LINE('',#1448,#1449);
#1448 = CARTESIAN_POINT('',(-22.9,13.7,0.));
#1449 = VECTOR('',#1450,1.);
#1450 = DIRECTION('',(3.289022335458E-18,-1.,0.));
#1451 = PCURVE('',#930,#1452);
#1452 = DEFINITIONAL_REPRESENTATION('',(#1453),#1456);
#1453 = B_SPLINE_CURVE_WITH_KNOTS('',1,(#1454,#1455),.UNSPECIFIED.,.F.,
  .F.,(2,2),(-18.9,-13.7),.PIECEWISE_BEZIER_KNOTS.);
#1454 = CARTESIAN_POINT('',(-22.9,32.6));
#1455 = CARTESIAN_POINT('',(-22.9,27.4));
#1456 = ( GEOMETRIC_REPRESENTATION_CONTEXT(2) 
PARAMETRIC_REPRESENTATION_CONTEXT() REPRESENTATION_CONTEXT('2D SPACE',''
  ) );
#1457 = PCURVE('',#1458,#1463);
#1458 = PLANE('',#1459);
#1459 = AXIS2_PLACEMENT_3D('',#1460,#1461,#1462);
#1460 = CARTESIAN_POINT('',(-22.9,27.4,-50.));
#1461 = DIRECTION('',(-1.,-3.289022335458E-18,0.));
#1462 = DIRECTION('',(-3.289022335458E-18,1.,0.));
#1463 = DEFINITIONAL_REPRESENTATION('',(#1464),#1467);
#1464 = B_SPLINE_CURVE_WITH_KNOTS('',1,(#1465,#1466),.UNSPECIFIED.,.F.,
  .F.,(2,2),(-18.9,-13.7),.PIECEWISE_BEZIER_KNOTS.);
#1465 = CARTESIAN_POINT('',(5.2,-50.));
#1466 = CARTESIAN_POINT('',(0.,-50.));
#1467 = ( GEOMETRIC_REPRESENTATION_CONTEXT(2) 
PARAMETRIC_REPRESENTATION_CONTEXT() REPRESENTATION_CONTEXT('2D SPACE',''
  ) );
#1468 = ORIENTED_EDGE('',*,*,#1469,.T.);
#1469 = EDGE_CURVE('',#1444,#1470,#1472,.T.);
#1470 = VERTEX_POINT('',#1471);
#1471 = CARTESIAN_POINT('',(-35.1,27.4,0.));
#1472 = SURFACE_CURVE('',#1473,(#1477,#1483),.PCURVE_S1.);
#1473 = LINE('',#1474,#1475);
#1474 = CARTESIAN_POINT('',(-17.55,27.4,0.));
#1475 = VECTOR('',#1476,1.);
#1476 = DIRECTION('',(-1.,-3.289022335458E-18,0.));
#1477 = PCURVE('',#930,#1478);
#1478 = DEFINITIONAL_REPRESENTATION('',(#1479),#1482);
#1479 = B_SPLINE_CURVE_WITH_KNOTS('',1,(#1480,#1481),.UNSPECIFIED.,.F.,
  .F.,(2,2),(5.35,17.55),.PIECEWISE_BEZIER_KNOTS.);
#1480 = CARTESIAN_POINT('',(-22.9,27.4));
#1481 = CARTESIAN_POINT('',(-35.1,27.4));
#1482 = ( GEOMETRIC_REPRESENTATION_CONTEXT(2) 
PARAMETRIC_REPRESENTATION_CONTEXT() REPRESENTATION_CONTEXT('2D SPACE',''
  ) );
#1483 = PCURVE('',#1484,#1489);
#1484 = PLANE('',#1485);
#1485 = AXIS2_PLACEMENT_3D('',#1486,#1487,#1488);
#1486 = CARTESIAN_POINT('',(-35.1,27.4,-50.));
#1487 = DIRECTION('',(-3.289022335458E-18,1.,0.));
#1488 = DIRECTION('',(1.,3.289022335458E-18,0.));
#1489 = DEFINITIONAL_REPRESENTATION('',(#1490),#1493);
#1490 = B_SPLINE_CURVE_WITH_KNOTS('',1,(#1491,#1492),.UNSPECIFIED.,.F.,
  .F.,(2,2),(5.35,17.55),.PIECEWISE_BEZIER_KNOTS.);
#1491 = CARTESIAN_POINT('',(12.2,-50.));
#1492 = CARTESIAN_POINT('',(0.,-50.));
#1493 = ( GEOMETRIC_REPRESENTATION_CONTEXT(2) 
PARAMETRIC_REPRESENTATION_CONTEXT() REPRESENTATION_CONTEXT('2D SPACE',''
  ) );
#1494 = ORIENTED_EDGE('',*,*,#1495,.T.);
#1495 = EDGE_CURVE('',#1470,#1496,#1498,.T.);
#1496 = VERTEX_POINT('',#1497);
#1497 = CARTESIAN_POINT('',(-35.1,32.6,0.));
#1498 = SURFACE_CURVE('',#1499,(#1503,#1509),.PCURVE_S1.);
#1499 = LINE('',#1500,#1501);
#1500 = CARTESIAN_POINT('',(-35.1,16.3,0.));
#1501 = VECTOR('',#1502,1.);
#1502 = DIRECTION('',(-3.289022335458E-18,1.,0.));
#1503 = PCURVE('',#930,#1504);
#1504 = DEFINITIONAL_REPRESENTATION('',(#1505),#1508);
#1505 = B_SPLINE_CURVE_WITH_KNOTS('',1,(#1506,#1507),.UNSPECIFIED.,.F.,
  .F.,(2,2),(11.1,16.3),.PIECEWISE_BEZIER_KNOTS.);
#1506 = CARTESIAN_POINT('',(-35.1,27.4));
#1507 = CARTESIAN_POINT('',(-35.1,32.6));
#1508 = ( GEOMETRIC_REPRESENTATION_CONTEXT(2) 
PARAMETRIC_REPRESENTATION_CONTEXT() REPRESENTATION_CONTEXT('2D SPACE',''
  ) );
#1509 = PCURVE('',#1510,#1515);
#1510 = PLANE('',#1511);
#1511 = AXIS2_PLACEMENT_3D('',#1512,#1513,#1514);
#1512 = CARTESIAN_POINT('',(-35.1,32.6,-50.));
#1513 = DIRECTION('',(1.,3.289022335458E-18,0.));
#1514 = DIRECTION('',(3.289022335458E-18,-1.,0.));
#1515 = DEFINITIONAL_REPRESENTATION('',(#1516),#1519);
#1516 = B_SPLINE_CURVE_WITH_KNOTS('',1,(#1517,#1518),.UNSPECIFIED.,.F.,
  .F.,(2,2),(11.1,16.3),.PIECEWISE_BEZIER_KNOTS.);
#1517 = CARTESIAN_POINT('',(5.2,-50.));
#1518 = CARTESIAN_POINT('',(0.,-50.));
#1519 = ( GEOMETRIC_REPRESENTATION_CONTEXT(2) 
PARAMETRIC_REPRESENTATION_CONTEXT() REPRESENTATION_CONTEXT('2D SPACE',''
  ) );
#1520 = ORIENTED_EDGE('',*,*,#1521,.T.);
#1521 = EDGE_CURVE('',#1496,#1442,#1522,.T.);
#1522 = SURFACE_CURVE('',#1523,(#1527,#1533),.PCURVE_S1.);
#1523 = LINE('',#1524,#1525);
#1524 = CARTESIAN_POINT('',(-11.45,32.6,0.));
#1525 = VECTOR('',#1526,1.);
#1526 = DIRECTION('',(1.,3.289022335458E-18,0.));
#1527 = PCURVE('',#930,#1528);
#1528 = DEFINITIONAL_REPRESENTATION('',(#1529),#1532);
#1529 = B_SPLINE_CURVE_WITH_KNOTS('',1,(#1530,#1531),.UNSPECIFIED.,.F.,
  .F.,(2,2),(-23.65,-11.45),.PIECEWISE_BEZIER_KNOTS.);
#1530 = CARTESIAN_POINT('',(-35.1,32.6));
#1531 = CARTESIAN_POINT('',(-22.9,32.6));
#1532 = ( GEOMETRIC_REPRESENTATION_CONTEXT(2) 
PARAMETRIC_REPRESENTATION_CONTEXT() REPRESENTATION_CONTEXT('2D SPACE',''
  ) );
#1533 = PCURVE('',#1534,#1539);
#1534 = PLANE('',#1535);
#1535 = AXIS2_PLACEMENT_3D('',#1536,#1537,#1538);
#1536 = CARTESIAN_POINT('',(-22.9,32.6,-50.));
#1537 = DIRECTION('',(3.289022335458E-18,-1.,0.));
#1538 = DIRECTION('',(-1.,-3.289022335458E-18,0.));
#1539 = DEFINITIONAL_REPRESENTATION('',(#1540),#1543);
#1540 = B_SPLINE_CURVE_WITH_KNOTS('',1,(#1541,#1542),.UNSPECIFIED.,.F.,
  .F.,(2,2),(-23.65,-11.45),.PIECEWISE_BEZIER_KNOTS.);
#1541 = CARTESIAN_POINT('',(12.2,-50.));
#1542 = CARTESIAN_POINT('',(0.,-50.));
#1543 = ( GEOMETRIC_REPRESENTATION_CONTEXT(2) 
PARAMETRIC_REPRESENTATION_CONTEXT() REPRESENTATION_CONTEXT('2D SPACE',''
  ) );
#1544 = FACE_BOUND('',#1545,.F.);
#1545 = EDGE_LOOP('',(#1546));
#1546 = ORIENTED_EDGE('',*,*,#1547,.T.);
#1547 = EDGE_CURVE('',#1548,#1548,#1550,.T.);
#1548 = VERTEX_POINT('',#1549);
#1549 = CARTESIAN_POINT('',(2.75,8.972232311226E-16,0.));
#1550 = SURFACE_CURVE('',#1551,(#1556,#1567),.PCURVE_S1.);
#1551 = CIRCLE('',#1552,2.75);
#1552 = AXIS2_PLACEMENT_3D('',#1553,#1554,#1555);
#1553 = CARTESIAN_POINT('',(-1.7763568394E-15,8.881784197001E-16,0.));
#1554 = DIRECTION('',(0.,0.,-1.));
#1555 = DIRECTION('',(1.,3.289022335458E-18,0.));
#1556 = PCURVE('',#930,#1557);
#1557 = DEFINITIONAL_REPRESENTATION('',(#1558),#1566);
#1558 = ( BOUNDED_CURVE() B_SPLINE_CURVE(2,(#1559,#1560,#1561,#1562,
#1563,#1564,#1565),.UNSPECIFIED.,.T.,.F.) B_SPLINE_CURVE_WITH_KNOTS((1,2
    ,2,2,2,1),(-2.094395102393,0.,2.094395102393,4.188790204786,
6.28318530718,8.377580409573),.UNSPECIFIED.) CURVE() 
GEOMETRIC_REPRESENTATION_ITEM() RATIONAL_B_SPLINE_CURVE((1.,0.5,1.,0.5,
1.,0.5,1.)) REPRESENTATION_ITEM('') );
#1559 = CARTESIAN_POINT('',(2.75,-4.679120177894E-16));
#1560 = CARTESIAN_POINT('',(2.75,-4.763139720814));
#1561 = CARTESIAN_POINT('',(-1.375,-2.381569860407));
#1562 = CARTESIAN_POINT('',(-5.5,-1.14146775732E-15));
#1563 = CARTESIAN_POINT('',(-1.375,2.381569860407));
#1564 = CARTESIAN_POINT('',(2.75,4.763139720814));
#1565 = CARTESIAN_POINT('',(2.75,-4.679120177894E-16));
#1566 = ( GEOMETRIC_REPRESENTATION_CONTEXT(2) 
PARAMETRIC_REPRESENTATION_CONTEXT() REPRESENTATION_CONTEXT('2D SPACE',''
  ) );
#1567 = PCURVE('',#1568,#1573);
#1568 = CYLINDRICAL_SURFACE('',#1569,2.75);
#1569 = AXIS2_PLACEMENT_3D('',#1570,#1571,#1572);
#1570 = CARTESIAN_POINT('',(-1.7763568394E-15,8.881784197001E-16,-50.));
#1571 = DIRECTION('',(0.,-0.,-1.));
#1572 = DIRECTION('',(1.,3.289022335458E-18,0.));
#1573 = DEFINITIONAL_REPRESENTATION('',(#1574),#1578);
#1574 = LINE('',#1575,#1576);
#1575 = CARTESIAN_POINT('',(-6.28318530718,-50.));
#1576 = VECTOR('',#1577,1.);
#1577 = DIRECTION('',(1.,-0.));
#1578 = ( GEOMETRIC_REPRESENTATION_CONTEXT(2) 
PARAMETRIC_REPRESENTATION_CONTEXT() REPRESENTATION_CONTEXT('2D SPACE',''
  ) );
#1579 = FACE_BOUND('',#1580,.F.);
#1580 = EDGE_LOOP('',(#1581));
#1581 = ORIENTED_EDGE('',*,*,#1582,.T.);
#1582 = EDGE_CURVE('',#1583,#1583,#1585,.T.);
#1583 = VERTEX_POINT('',#1584);
#1584 = CARTESIAN_POINT('',(-4.006854249492,5.656854249492,0.));
#1585 = SURFACE_CURVE('',#1586,(#1591,#1602),.PCURVE_S1.);
#1586 = CIRCLE('',#1587,1.65);
#1587 = AXIS2_PLACEMENT_3D('',#1588,#1589,#1590);
#1588 = CARTESIAN_POINT('',(-5.656854249492,5.656854249492,0.));
#1589 = DIRECTION('',(0.,0.,-1.));
#1590 = DIRECTION('',(1.,3.289022335458E-18,0.));
#1591 = PCURVE('',#930,#1592);
#1592 = DEFINITIONAL_REPRESENTATION('',(#1593),#1601);
#1593 = ( BOUNDED_CURVE() B_SPLINE_CURVE(2,(#1594,#1595,#1596,#1597,
#1598,#1599,#1600),.UNSPECIFIED.,.T.,.F.) B_SPLINE_CURVE_WITH_KNOTS((1,2
    ,2,2,2,1),(-2.094395102393,0.,2.094395102393,4.188790204786,
6.28318530718,8.377580409573),.UNSPECIFIED.) CURVE() 
GEOMETRIC_REPRESENTATION_ITEM() RATIONAL_B_SPLINE_CURVE((1.,0.5,1.,0.5,
1.,0.5,1.)) REPRESENTATION_ITEM('') );
#1594 = CARTESIAN_POINT('',(-4.006854249492,5.656854249492));
#1595 = CARTESIAN_POINT('',(-4.006854249492,2.798970417004));
#1596 = CARTESIAN_POINT('',(-6.481854249492,4.227912333248));
#1597 = CARTESIAN_POINT('',(-8.956854249492,5.656854249492));
#1598 = CARTESIAN_POINT('',(-6.481854249492,7.085796165737));
#1599 = CARTESIAN_POINT('',(-4.006854249492,8.514738081981));
#1600 = CARTESIAN_POINT('',(-4.006854249492,5.656854249492));
#1601 = ( GEOMETRIC_REPRESENTATION_CONTEXT(2) 
PARAMETRIC_REPRESENTATION_CONTEXT() REPRESENTATION_CONTEXT('2D SPACE',''
  ) );
#1602 = PCURVE('',#1603,#1608);
#1603 = CYLINDRICAL_SURFACE('',#1604,1.65);
#1604 = AXIS2_PLACEMENT_3D('',#1605,#1606,#1607);
#1605 = CARTESIAN_POINT('',(-5.656854249492,5.656854249492,-50.));
#1606 = DIRECTION('',(0.,-0.,-1.));
#1607 = DIRECTION('',(1.,3.289022335458E-18,0.));
#1608 = DEFINITIONAL_REPRESENTATION('',(#1609),#1613);
#1609 = LINE('',#1610,#1611);
#1610 = CARTESIAN_POINT('',(-6.28318530718,-50.));
#1611 = VECTOR('',#1612,1.);
#1612 = DIRECTION('',(1.,-0.));
#1613 = ( GEOMETRIC_REPRESENTATION_CONTEXT(2) 
PARAMETRIC_REPRESENTATION_CONTEXT() REPRESENTATION_CONTEXT('2D SPACE',''
  ) );
#1614 = FACE_BOUND('',#1615,.F.);
#1615 = EDGE_LOOP('',(#1616));
#1616 = ORIENTED_EDGE('',*,*,#1617,.T.);
#1617 = EDGE_CURVE('',#1618,#1618,#1620,.T.);
#1618 = VERTEX_POINT('',#1619);
#1619 = CARTESIAN_POINT('',(7.306854249492,5.656854249492,0.));
#1620 = SURFACE_CURVE('',#1621,(#1626,#1637),.PCURVE_S1.);
#1621 = CIRCLE('',#1622,1.65);
#1622 = AXIS2_PLACEMENT_3D('',#1623,#1624,#1625);
#1623 = CARTESIAN_POINT('',(5.656854249492,5.656854249492,0.));
#1624 = DIRECTION('',(0.,0.,-1.));
#1625 = DIRECTION('',(1.,3.289022335458E-18,0.));
#1626 = PCURVE('',#930,#1627);
#1627 = DEFINITIONAL_REPRESENTATION('',(#1628),#1636);
#1628 = ( BOUNDED_CURVE() B_SPLINE_CURVE(2,(#1629,#1630,#1631,#1632,
#1633,#1634,#1635),.UNSPECIFIED.,.T.,.F.) B_SPLINE_CURVE_WITH_KNOTS((1,2
    ,2,2,2,1),(-2.094395102393,0.,2.094395102393,4.188790204786,
6.28318530718,8.377580409573),.UNSPECIFIED.) CURVE() 
GEOMETRIC_REPRESENTATION_ITEM() RATIONAL_B_SPLINE_CURVE((1.,0.5,1.,0.5,
1.,0.5,1.)) REPRESENTATION_ITEM('') );
#1629 = CARTESIAN_POINT('',(7.306854249492,5.656854249492));
#1630 = CARTESIAN_POINT('',(7.306854249492,2.798970417004));
#1631 = CARTESIAN_POINT('',(4.831854249492,4.227912333248));
#1632 = CARTESIAN_POINT('',(2.356854249492,5.656854249492));
#1633 = CARTESIAN_POINT('',(4.831854249492,7.085796165737));
#1634 = CARTESIAN_POINT('',(7.306854249492,8.514738081981));
#1635 = CARTESIAN_POINT('',(7.306854249492,5.656854249492));
#1636 = ( GEOMETRIC_REPRESENTATION_CONTEXT(2) 
PARAMETRIC_REPRESENTATION_CONTEXT() REPRESENTATION_CONTEXT('2D SPACE',''
  ) );
#1637 = PCURVE('',#1638,#1643);
#1638 = CYLINDRICAL_SURFACE('',#1639,1.65);
#1639 = AXIS2_PLACEMENT_3D('',#1640,#1641,#1642);
#1640 = CARTESIAN_POINT('',(5.656854249492,5.656854249492,-50.));
#1641 = DIRECTION('',(0.,-0.,-1.));
#1642 = DIRECTION('',(1.,3.289022335458E-18,0.));
#1643 = DEFINITIONAL_REPRESENTATION('',(#1644),#1648);
#1644 = LINE('',#1645,#1646);
#1645 = CARTESIAN_POINT('',(-6.28318530718,-50.));
#1646 = VECTOR('',#1647,1.);
#1647 = DIRECTION('',(1.,-0.));
#1648 = ( GEOMETRIC_REPRESENTATION_CONTEXT(2) 
PARAMETRIC_REPRESENTATION_CONTEXT() REPRESENTATION_CONTEXT('2D SPACE',''
  ) );
#1649 = FACE_BOUND('',#1650,.F.);
#1650 = EDGE_LOOP('',(#1651));
#1651 = ORIENTED_EDGE('',*,*,#1652,.T.);
#1652 = EDGE_CURVE('',#1653,#1653,#1655,.T.);
#1653 = VERTEX_POINT('',#1654);
#1654 = CARTESIAN_POINT('',(28.65,9.82408909611E-16,0.));
#1655 = SURFACE_CURVE('',#1656,(#1661,#1672),.PCURVE_S1.);
#1656 = CIRCLE('',#1657,1.65);
#1657 = AXIS2_PLACEMENT_3D('',#1658,#1659,#1660);
#1658 = CARTESIAN_POINT('',(27.,9.769820227575E-16,0.));
#1659 = DIRECTION('',(0.,0.,-1.));
#1660 = DIRECTION('',(1.,3.289022335458E-18,0.));
#1661 = PCURVE('',#930,#1662);
#1662 = DEFINITIONAL_REPRESENTATION('',(#1663),#1671);
#1663 = ( BOUNDED_CURVE() B_SPLINE_CURVE(2,(#1664,#1665,#1666,#1667,
#1668,#1669,#1670),.UNSPECIFIED.,.T.,.F.) B_SPLINE_CURVE_WITH_KNOTS((1,2
    ,2,2,2,1),(-2.094395102393,0.,2.094395102393,4.188790204786,
6.28318530718,8.377580409573),.UNSPECIFIED.) CURVE() 
GEOMETRIC_REPRESENTATION_ITEM() RATIONAL_B_SPLINE_CURVE((1.,0.5,1.,0.5,
1.,0.5,1.)) REPRESENTATION_ITEM('') );
#1664 = CARTESIAN_POINT('',(28.65,-4.679120177894E-16));
#1665 = CARTESIAN_POINT('',(28.65,-2.857883832489));
#1666 = CARTESIAN_POINT('',(26.175,-1.428941916244));
#1667 = CARTESIAN_POINT('',(23.7,-8.72045461508E-16));
#1668 = CARTESIAN_POINT('',(26.175,1.428941916244));
#1669 = CARTESIAN_POINT('',(28.65,2.857883832489));
#1670 = CARTESIAN_POINT('',(28.65,-4.679120177894E-16));
#1671 = ( GEOMETRIC_REPRESENTATION_CONTEXT(2) 
PARAMETRIC_REPRESENTATION_CONTEXT() REPRESENTATION_CONTEXT('2D SPACE',''
  ) );
#1672 = PCURVE('',#1673,#1678);
#1673 = CYLINDRICAL_SURFACE('',#1674,1.65);
#1674 = AXIS2_PLACEMENT_3D('',#1675,#1676,#1677);
#1675 = CARTESIAN_POINT('',(27.,9.769820227575E-16,-50.));
#1676 = DIRECTION('',(0.,-0.,-1.));
#1677 = DIRECTION('',(1.,3.289022335458E-18,0.));
#1678 = DEFINITIONAL_REPRESENTATION('',(#1679),#1683);
#1679 = LINE('',#1680,#1681);
#1680 = CARTESIAN_POINT('',(-6.28318530718,-50.));
#1681 = VECTOR('',#1682,1.);
#1682 = DIRECTION('',(1.,-0.));
#1683 = ( GEOMETRIC_REPRESENTATION_CONTEXT(2) 
PARAMETRIC_REPRESENTATION_CONTEXT() REPRESENTATION_CONTEXT('2D SPACE',''
  ) );
#1684 = FACE_BOUND('',#1685,.F.);
#1685 = EDGE_LOOP('',(#1686));
#1686 = ORIENTED_EDGE('',*,*,#1687,.T.);
#1687 = EDGE_CURVE('',#1688,#1688,#1690,.T.);
#1688 = VERTEX_POINT('',#1689);
#1689 = CARTESIAN_POINT('',(-7.35,30.,0.));
#1690 = SURFACE_CURVE('',#1691,(#1696,#1707),.PCURVE_S1.);
#1691 = CIRCLE('',#1692,1.65);
#1692 = AXIS2_PLACEMENT_3D('',#1693,#1694,#1695);
#1693 = CARTESIAN_POINT('',(-9.,30.,0.));
#1694 = DIRECTION('',(0.,0.,-1.));
#1695 = DIRECTION('',(1.,3.289022335458E-18,0.));
#1696 = PCURVE('',#930,#1697);
#1697 = DEFINITIONAL_REPRESENTATION('',(#1698),#1706);
#1698 = ( BOUNDED_CURVE() B_SPLINE_CURVE(2,(#1699,#1700,#1701,#1702,
#1703,#1704,#1705),.UNSPECIFIED.,.T.,.F.) B_SPLINE_CURVE_WITH_KNOTS((1,2
    ,2,2,2,1),(-2.094395102393,0.,2.094395102393,4.188790204786,
6.28318530718,8.377580409573),.UNSPECIFIED.) CURVE() 
GEOMETRIC_REPRESENTATION_ITEM() RATIONAL_B_SPLINE_CURVE((1.,0.5,1.,0.5,
1.,0.5,1.)) REPRESENTATION_ITEM('') );
#1699 = CARTESIAN_POINT('',(-7.35,30.));
#1700 = CARTESIAN_POINT('',(-7.35,27.142116167511));
#1701 = CARTESIAN_POINT('',(-9.825,28.571058083756));
#1702 = CARTESIAN_POINT('',(-12.3,30.));
#1703 = CARTESIAN_POINT('',(-9.825,31.428941916244));
#1704 = CARTESIAN_POINT('',(-7.35,32.857883832489));
#1705 = CARTESIAN_POINT('',(-7.35,30.));
#1706 = ( GEOMETRIC_REPRESENTATION_CONTEXT(2) 
PARAMETRIC_REPRESENTATION_CONTEXT() REPRESENTATION_CONTEXT('2D SPACE',''
  ) );
#1707 = PCURVE('',#1708,#1713);
#1708 = CYLINDRICAL_SURFACE('',#1709,1.65);
#1709 = AXIS2_PLACEMENT_3D('',#1710,#1711,#1712);
#1710 = CARTESIAN_POINT('',(-9.,30.,-50.));
#1711 = DIRECTION('',(0.,-0.,-1.));
#1712 = DIRECTION('',(1.,3.289022335458E-18,0.));
#1713 = DEFINITIONAL_REPRESENTATION('',(#1714),#1718);
#1714 = LINE('',#1715,#1716);
#1715 = CARTESIAN_POINT('',(-6.28318530718,-50.));
#1716 = VECTOR('',#1717,1.);
#1717 = DIRECTION('',(1.,-0.));
#1718 = ( GEOMETRIC_REPRESENTATION_CONTEXT(2) 
PARAMETRIC_REPRESENTATION_CONTEXT() REPRESENTATION_CONTEXT('2D SPACE',''
  ) );
#1719 = FACE_BOUND('',#1720,.F.);
#1720 = EDGE_LOOP('',(#1721));
#1721 = ORIENTED_EDGE('',*,*,#1722,.T.);
#1722 = EDGE_CURVE('',#1723,#1723,#1725,.T.);
#1723 = VERTEX_POINT('',#1724);
#1724 = CARTESIAN_POINT('',(1.65,27.,0.));
#1725 = SURFACE_CURVE('',#1726,(#1731,#1742),.PCURVE_S1.);
#1726 = CIRCLE('',#1727,1.65);
#1727 = AXIS2_PLACEMENT_3D('',#1728,#1729,#1730);
#1728 = CARTESIAN_POINT('',(-2.118872636087E-16,27.,0.));
#1729 = DIRECTION('',(0.,0.,-1.));
#1730 = DIRECTION('',(1.,3.289022335458E-18,0.));
#1731 = PCURVE('',#930,#1732);
#1732 = DEFINITIONAL_REPRESENTATION('',(#1733),#1741);
#1733 = ( BOUNDED_CURVE() B_SPLINE_CURVE(2,(#1734,#1735,#1736,#1737,
#1738,#1739,#1740),.UNSPECIFIED.,.T.,.F.) B_SPLINE_CURVE_WITH_KNOTS((1,2
    ,2,2,2,1),(-2.094395102393,0.,2.094395102393,4.188790204786,
6.28318530718,8.377580409573),.UNSPECIFIED.) CURVE() 
GEOMETRIC_REPRESENTATION_ITEM() RATIONAL_B_SPLINE_CURVE((1.,0.5,1.,0.5,
1.,0.5,1.)) REPRESENTATION_ITEM('') );
#1734 = CARTESIAN_POINT('',(1.65,27.));
#1735 = CARTESIAN_POINT('',(1.65,24.142116167511));
#1736 = CARTESIAN_POINT('',(-0.825,25.571058083756));
#1737 = CARTESIAN_POINT('',(-3.3,27.));
#1738 = CARTESIAN_POINT('',(-0.825,28.428941916244));
#1739 = CARTESIAN_POINT('',(1.65,29.857883832489));
#1740 = CARTESIAN_POINT('',(1.65,27.));
#1741 = ( GEOMETRIC_REPRESENTATION_CONTEXT(2) 
PARAMETRIC_REPRESENTATION_CONTEXT() REPRESENTATION_CONTEXT('2D SPACE',''
  ) );
#1742 = PCURVE('',#1743,#1748);
#1743 = CYLINDRICAL_SURFACE('',#1744,1.65);
#1744 = AXIS2_PLACEMENT_3D('',#1745,#1746,#1747);
#1745 = CARTESIAN_POINT('',(-2.118872636087E-16,27.,-50.));
#1746 = DIRECTION('',(0.,-0.,-1.));
#1747 = DIRECTION('',(1.,3.289022335458E-18,0.));
#1748 = DEFINITIONAL_REPRESENTATION('',(#1749),#1753);
#1749 = LINE('',#1750,#1751);
#1750 = CARTESIAN_POINT('',(-6.28318530718,-50.));
#1751 = VECTOR('',#1752,1.);
#1752 = DIRECTION('',(1.,-0.));
#1753 = ( GEOMETRIC_REPRESENTATION_CONTEXT(2) 
PARAMETRIC_REPRESENTATION_CONTEXT() REPRESENTATION_CONTEXT('2D SPACE',''
  ) );
#1754 = FACE_BOUND('',#1755,.F.);
#1755 = EDGE_LOOP('',(#1756,#1784,#1810,#1836));
#1756 = ORIENTED_EDGE('',*,*,#1757,.T.);
#1757 = EDGE_CURVE('',#1758,#1760,#1762,.T.);
#1758 = VERTEX_POINT('',#1759);
#1759 = CARTESIAN_POINT('',(17.1,32.6,0.));
#1760 = VERTEX_POINT('',#1761);
#1761 = CARTESIAN_POINT('',(17.1,27.4,0.));
#1762 = SURFACE_CURVE('',#1763,(#1767,#1773),.PCURVE_S1.);
#1763 = LINE('',#1764,#1765);
#1764 = CARTESIAN_POINT('',(17.1,13.7,0.));
#1765 = VECTOR('',#1766,1.);
#1766 = DIRECTION('',(3.289022335458E-18,-1.,0.));
#1767 = PCURVE('',#930,#1768);
#1768 = DEFINITIONAL_REPRESENTATION('',(#1769),#1772);
#1769 = B_SPLINE_CURVE_WITH_KNOTS('',1,(#1770,#1771),.UNSPECIFIED.,.F.,
  .F.,(2,2),(-18.9,-13.7),.PIECEWISE_BEZIER_KNOTS.);
#1770 = CARTESIAN_POINT('',(17.1,32.6));
#1771 = CARTESIAN_POINT('',(17.1,27.4));
#1772 = ( GEOMETRIC_REPRESENTATION_CONTEXT(2) 
PARAMETRIC_REPRESENTATION_CONTEXT() REPRESENTATION_CONTEXT('2D SPACE',''
  ) );
#1773 = PCURVE('',#1774,#1779);
#1774 = PLANE('',#1775);
#1775 = AXIS2_PLACEMENT_3D('',#1776,#1777,#1778);
#1776 = CARTESIAN_POINT('',(17.1,27.4,-50.));
#1777 = DIRECTION('',(-1.,-3.289022335458E-18,0.));
#1778 = DIRECTION('',(-3.289022335458E-18,1.,0.));
#1779 = DEFINITIONAL_REPRESENTATION('',(#1780),#1783);
#1780 = B_SPLINE_CURVE_WITH_KNOTS('',1,(#1781,#1782),.UNSPECIFIED.,.F.,
  .F.,(2,2),(-18.9,-13.7),.PIECEWISE_BEZIER_KNOTS.);
#1781 = CARTESIAN_POINT('',(5.2,-50.));
#1782 = CARTESIAN_POINT('',(0.,-50.));
#1783 = ( GEOMETRIC_REPRESENTATION_CONTEXT(2) 
PARAMETRIC_REPRESENTATION_CONTEXT() REPRESENTATION_CONTEXT('2D SPACE',''
  ) );
#1784 = ORIENTED_EDGE('',*,*,#1785,.T.);
#1785 = EDGE_CURVE('',#1760,#1786,#1788,.T.);
#1786 = VERTEX_POINT('',#1787);
#1787 = CARTESIAN_POINT('',(4.9,27.4,0.));
#1788 = SURFACE_CURVE('',#1789,(#1793,#1799),.PCURVE_S1.);
#1789 = LINE('',#1790,#1791);
#1790 = CARTESIAN_POINT('',(2.45,27.4,0.));
#1791 = VECTOR('',#1792,1.);
#1792 = DIRECTION('',(-1.,-3.289022335458E-18,0.));
#1793 = PCURVE('',#930,#1794);
#1794 = DEFINITIONAL_REPRESENTATION('',(#1795),#1798);
#1795 = B_SPLINE_CURVE_WITH_KNOTS('',1,(#1796,#1797),.UNSPECIFIED.,.F.,
  .F.,(2,2),(-14.65,-2.45),.PIECEWISE_BEZIER_KNOTS.);
#1796 = CARTESIAN_POINT('',(17.1,27.4));
#1797 = CARTESIAN_POINT('',(4.9,27.4));
#1798 = ( GEOMETRIC_REPRESENTATION_CONTEXT(2) 
PARAMETRIC_REPRESENTATION_CONTEXT() REPRESENTATION_CONTEXT('2D SPACE',''
  ) );
#1799 = PCURVE('',#1800,#1805);
#1800 = PLANE('',#1801);
#1801 = AXIS2_PLACEMENT_3D('',#1802,#1803,#1804);
#1802 = CARTESIAN_POINT('',(4.9,27.4,-50.));
#1803 = DIRECTION('',(-3.289022335458E-18,1.,0.));
#1804 = DIRECTION('',(1.,3.289022335458E-18,0.));
#1805 = DEFINITIONAL_REPRESENTATION('',(#1806),#1809);
#1806 = B_SPLINE_CURVE_WITH_KNOTS('',1,(#1807,#1808),.UNSPECIFIED.,.F.,
  .F.,(2,2),(-14.65,-2.45),.PIECEWISE_BEZIER_KNOTS.);
#1807 = CARTESIAN_POINT('',(12.2,-50.));
#1808 = CARTESIAN_POINT('',(0.,-50.));
#1809 = ( GEOMETRIC_REPRESENTATION_CONTEXT(2) 
PARAMETRIC_REPRESENTATION_CONTEXT() REPRESENTATION_CONTEXT('2D SPACE',''
  ) );
#1810 = ORIENTED_EDGE('',*,*,#1811,.T.);
#1811 = EDGE_CURVE('',#1786,#1812,#1814,.T.);
#1812 = VERTEX_POINT('',#1813);
#1813 = CARTESIAN_POINT('',(4.9,32.6,0.));
#1814 = SURFACE_CURVE('',#1815,(#1819,#1825),.PCURVE_S1.);
#1815 = LINE('',#1816,#1817);
#1816 = CARTESIAN_POINT('',(4.9,16.3,0.));
#1817 = VECTOR('',#1818,1.);
#1818 = DIRECTION('',(-3.289022335458E-18,1.,0.));
#1819 = PCURVE('',#930,#1820);
#1820 = DEFINITIONAL_REPRESENTATION('',(#1821),#1824);
#1821 = B_SPLINE_CURVE_WITH_KNOTS('',1,(#1822,#1823),.UNSPECIFIED.,.F.,
  .F.,(2,2),(11.1,16.3),.PIECEWISE_BEZIER_KNOTS.);
#1822 = CARTESIAN_POINT('',(4.9,27.4));
#1823 = CARTESIAN_POINT('',(4.9,32.6));
#1824 = ( GEOMETRIC_REPRESENTATION_CONTEXT(2) 
PARAMETRIC_REPRESENTATION_CONTEXT() REPRESENTATION_CONTEXT('2D SPACE',''
  ) );
#1825 = PCURVE('',#1826,#1831);
#1826 = PLANE('',#1827);
#1827 = AXIS2_PLACEMENT_3D('',#1828,#1829,#1830);
#1828 = CARTESIAN_POINT('',(4.9,32.6,-50.));
#1829 = DIRECTION('',(1.,3.289022335458E-18,0.));
#1830 = DIRECTION('',(3.289022335458E-18,-1.,0.));
#1831 = DEFINITIONAL_REPRESENTATION('',(#1832),#1835);
#1832 = B_SPLINE_CURVE_WITH_KNOTS('',1,(#1833,#1834),.UNSPECIFIED.,.F.,
  .F.,(2,2),(11.1,16.3),.PIECEWISE_BEZIER_KNOTS.);
#1833 = CARTESIAN_POINT('',(5.2,-50.));
#1834 = CARTESIAN_POINT('',(0.,-50.));
#1835 = ( GEOMETRIC_REPRESENTATION_CONTEXT(2) 
PARAMETRIC_REPRESENTATION_CONTEXT() REPRESENTATION_CONTEXT('2D SPACE',''
  ) );
#1836 = ORIENTED_EDGE('',*,*,#1837,.T.);
#1837 = EDGE_CURVE('',#1812,#1758,#1838,.T.);
#1838 = SURFACE_CURVE('',#1839,(#1843,#1849),.PCURVE_S1.);
#1839 = LINE('',#1840,#1841);
#1840 = CARTESIAN_POINT('',(8.55,32.6,0.));
#1841 = VECTOR('',#1842,1.);
#1842 = DIRECTION('',(1.,3.289022335458E-18,0.));
#1843 = PCURVE('',#930,#1844);
#1844 = DEFINITIONAL_REPRESENTATION('',(#1845),#1848);
#1845 = B_SPLINE_CURVE_WITH_KNOTS('',1,(#1846,#1847),.UNSPECIFIED.,.F.,
  .F.,(2,2),(-3.65,8.55),.PIECEWISE_BEZIER_KNOTS.);
#1846 = CARTESIAN_POINT('',(4.9,32.6));
#1847 = CARTESIAN_POINT('',(17.1,32.6));
#1848 = ( GEOMETRIC_REPRESENTATION_CONTEXT(2) 
PARAMETRIC_REPRESENTATION_CONTEXT() REPRESENTATION_CONTEXT('2D SPACE',''
  ) );
#1849 = PCURVE('',#1850,#1855);
#1850 = PLANE('',#1851);
#1851 = AXIS2_PLACEMENT_3D('',#1852,#1853,#1854);
#1852 = CARTESIAN_POINT('',(17.1,32.6,-50.));
#1853 = DIRECTION('',(3.289022335458E-18,-1.,0.));
#1854 = DIRECTION('',(-1.,-3.289022335458E-18,0.));
#1855 = DEFINITIONAL_REPRESENTATION('',(#1856),#1859);
#1856 = B_SPLINE_CURVE_WITH_KNOTS('',1,(#1857,#1858),.UNSPECIFIED.,.F.,
  .F.,(2,2),(-3.65,8.55),.PIECEWISE_BEZIER_KNOTS.);
#1857 = CARTESIAN_POINT('',(12.2,-50.));
#1858 = CARTESIAN_POINT('',(0.,-50.));
#1859 = ( GEOMETRIC_REPRESENTATION_CONTEXT(2) 
PARAMETRIC_REPRESENTATION_CONTEXT() REPRESENTATION_CONTEXT('2D SPACE',''
  ) );
#1860 = ADVANCED_FACE('',(#1861,#1864,#1950,#1980,#2010,#2096,#2126,
    #2156,#2242,#2272,#2358,#2388,#2418,#2448,#2478,#2508,#2538),#902,
  .T.);
#1861 = FACE_BOUND('',#1862,.T.);
#1862 = EDGE_LOOP('',(#1863));
#1863 = ORIENTED_EDGE('',*,*,#887,.T.);
#1864 = FACE_BOUND('',#1865,.T.);
#1865 = EDGE_LOOP('',(#1866,#1889,#1910,#1931));
#1866 = ORIENTED_EDGE('',*,*,#1867,.T.);
#1867 = EDGE_CURVE('',#1868,#1870,#1872,.T.);
#1868 = VERTEX_POINT('',#1869);
#1869 = CARTESIAN_POINT('',(-22.9,-34.9,5.));
#1870 = VERTEX_POINT('',#1871);
#1871 = CARTESIAN_POINT('',(-22.9,-40.1,5.));
#1872 = SURFACE_CURVE('',#1873,(#1877,#1883),.PCURVE_S1.);
#1873 = LINE('',#1874,#1875);
#1874 = CARTESIAN_POINT('',(-22.9,-20.05,5.));
#1875 = VECTOR('',#1876,1.);
#1876 = DIRECTION('',(3.289022335458E-18,-1.,0.));
#1877 = PCURVE('',#902,#1878);
#1878 = DEFINITIONAL_REPRESENTATION('',(#1879),#1882);
#1879 = B_SPLINE_CURVE_WITH_KNOTS('',1,(#1880,#1881),.UNSPECIFIED.,.F.,
  .F.,(2,2),(14.85,20.05),.PIECEWISE_BEZIER_KNOTS.);
#1880 = CARTESIAN_POINT('',(-22.9,-34.9));
#1881 = CARTESIAN_POINT('',(-22.9,-40.1));
#1882 = ( GEOMETRIC_REPRESENTATION_CONTEXT(2) 
PARAMETRIC_REPRESENTATION_CONTEXT() REPRESENTATION_CONTEXT('2D SPACE',''
  ) );
#1883 = PCURVE('',#965,#1884);
#1884 = DEFINITIONAL_REPRESENTATION('',(#1885),#1888);
#1885 = B_SPLINE_CURVE_WITH_KNOTS('',1,(#1886,#1887),.UNSPECIFIED.,.F.,
  .F.,(2,2),(14.85,20.05),.PIECEWISE_BEZIER_KNOTS.);
#1886 = CARTESIAN_POINT('',(5.2,-55.));
#1887 = CARTESIAN_POINT('',(0.,-55.));
#1888 = ( GEOMETRIC_REPRESENTATION_CONTEXT(2) 
PARAMETRIC_REPRESENTATION_CONTEXT() REPRESENTATION_CONTEXT('2D SPACE',''
  ) );
#1889 = ORIENTED_EDGE('',*,*,#1890,.T.);
#1890 = EDGE_CURVE('',#1870,#1891,#1893,.T.);
#1891 = VERTEX_POINT('',#1892);
#1892 = CARTESIAN_POINT('',(-35.1,-40.1,5.));
#1893 = SURFACE_CURVE('',#1894,(#1898,#1904),.PCURVE_S1.);
#1894 = LINE('',#1895,#1896);
#1895 = CARTESIAN_POINT('',(-17.55,-40.1,5.));
#1896 = VECTOR('',#1897,1.);
#1897 = DIRECTION('',(-1.,-3.289022335458E-18,0.));
#1898 = PCURVE('',#902,#1899);
#1899 = DEFINITIONAL_REPRESENTATION('',(#1900),#1903);
#1900 = B_SPLINE_CURVE_WITH_KNOTS('',1,(#1901,#1902),.UNSPECIFIED.,.F.,
  .F.,(2,2),(5.35,17.55),.PIECEWISE_BEZIER_KNOTS.);
#1901 = CARTESIAN_POINT('',(-22.9,-40.1));
#1902 = CARTESIAN_POINT('',(-35.1,-40.1));
#1903 = ( GEOMETRIC_REPRESENTATION_CONTEXT(2) 
PARAMETRIC_REPRESENTATION_CONTEXT() REPRESENTATION_CONTEXT('2D SPACE',''
  ) );
#1904 = PCURVE('',#991,#1905);
#1905 = DEFINITIONAL_REPRESENTATION('',(#1906),#1909);
#1906 = B_SPLINE_CURVE_WITH_KNOTS('',1,(#1907,#1908),.UNSPECIFIED.,.F.,
  .F.,(2,2),(5.35,17.55),.PIECEWISE_BEZIER_KNOTS.);
#1907 = CARTESIAN_POINT('',(12.2,-55.));
#1908 = CARTESIAN_POINT('',(0.,-55.));
#1909 = ( GEOMETRIC_REPRESENTATION_CONTEXT(2) 
PARAMETRIC_REPRESENTATION_CONTEXT() REPRESENTATION_CONTEXT('2D SPACE',''
  ) );
#1910 = ORIENTED_EDGE('',*,*,#1911,.T.);
#1911 = EDGE_CURVE('',#1891,#1912,#1914,.T.);
#1912 = VERTEX_POINT('',#1913);
#1913 = CARTESIAN_POINT('',(-35.1,-34.9,5.));
#1914 = SURFACE_CURVE('',#1915,(#1919,#1925),.PCURVE_S1.);
#1915 = LINE('',#1916,#1917);
#1916 = CARTESIAN_POINT('',(-35.1,-17.45,5.));
#1917 = VECTOR('',#1918,1.);
#1918 = DIRECTION('',(-3.289022335458E-18,1.,0.));
#1919 = PCURVE('',#902,#1920);
#1920 = DEFINITIONAL_REPRESENTATION('',(#1921),#1924);
#1921 = B_SPLINE_CURVE_WITH_KNOTS('',1,(#1922,#1923),.UNSPECIFIED.,.F.,
  .F.,(2,2),(-22.65,-17.45),.PIECEWISE_BEZIER_KNOTS.);
#1922 = CARTESIAN_POINT('',(-35.1,-40.1));
#1923 = CARTESIAN_POINT('',(-35.1,-34.9));
#1924 = ( GEOMETRIC_REPRESENTATION_CONTEXT(2) 
PARAMETRIC_REPRESENTATION_CONTEXT() REPRESENTATION_CONTEXT('2D SPACE',''
  ) );
#1925 = PCURVE('',#1017,#1926);
#1926 = DEFINITIONAL_REPRESENTATION('',(#1927),#1930);
#1927 = B_SPLINE_CURVE_WITH_KNOTS('',1,(#1928,#1929),.UNSPECIFIED.,.F.,
  .F.,(2,2),(-22.65,-17.45),.PIECEWISE_BEZIER_KNOTS.);
#1928 = CARTESIAN_POINT('',(5.2,-55.));
#1929 = CARTESIAN_POINT('',(0.,-55.));
#1930 = ( GEOMETRIC_REPRESENTATION_CONTEXT(2) 
PARAMETRIC_REPRESENTATION_CONTEXT() REPRESENTATION_CONTEXT('2D SPACE',''
  ) );
#1931 = ORIENTED_EDGE('',*,*,#1932,.T.);
#1932 = EDGE_CURVE('',#1912,#1868,#1933,.T.);
#1933 = SURFACE_CURVE('',#1934,(#1938,#1944),.PCURVE_S1.);
#1934 = LINE('',#1935,#1936);
#1935 = CARTESIAN_POINT('',(-11.45,-34.9,5.));
#1936 = VECTOR('',#1937,1.);
#1937 = DIRECTION('',(1.,3.289022335458E-18,0.));
#1938 = PCURVE('',#902,#1939);
#1939 = DEFINITIONAL_REPRESENTATION('',(#1940),#1943);
#1940 = B_SPLINE_CURVE_WITH_KNOTS('',1,(#1941,#1942),.UNSPECIFIED.,.F.,
  .F.,(2,2),(-23.65,-11.45),.PIECEWISE_BEZIER_KNOTS.);
#1941 = CARTESIAN_POINT('',(-35.1,-34.9));
#1942 = CARTESIAN_POINT('',(-22.9,-34.9));
#1943 = ( GEOMETRIC_REPRESENTATION_CONTEXT(2) 
PARAMETRIC_REPRESENTATION_CONTEXT() REPRESENTATION_CONTEXT('2D SPACE',''
  ) );
#1944 = PCURVE('',#1041,#1945);
#1945 = DEFINITIONAL_REPRESENTATION('',(#1946),#1949);
#1946 = B_SPLINE_CURVE_WITH_KNOTS('',1,(#1947,#1948),.UNSPECIFIED.,.F.,
  .F.,(2,2),(-23.65,-11.45),.PIECEWISE_BEZIER_KNOTS.);
#1947 = CARTESIAN_POINT('',(12.2,-55.));
#1948 = CARTESIAN_POINT('',(0.,-55.));
#1949 = ( GEOMETRIC_REPRESENTATION_CONTEXT(2) 
PARAMETRIC_REPRESENTATION_CONTEXT() REPRESENTATION_CONTEXT('2D SPACE',''
  ) );
#1950 = FACE_BOUND('',#1951,.T.);
#1951 = EDGE_LOOP('',(#1952));
#1952 = ORIENTED_EDGE('',*,*,#1953,.T.);
#1953 = EDGE_CURVE('',#1954,#1954,#1956,.T.);
#1954 = VERTEX_POINT('',#1955);
#1955 = CARTESIAN_POINT('',(-7.35,-37.5,5.));
#1956 = SURFACE_CURVE('',#1957,(#1962,#1973),.PCURVE_S1.);
#1957 = CIRCLE('',#1958,1.65);
#1958 = AXIS2_PLACEMENT_3D('',#1959,#1960,#1961);
#1959 = CARTESIAN_POINT('',(-9.,-37.5,5.));
#1960 = DIRECTION('',(0.,0.,-1.));
#1961 = DIRECTION('',(1.,3.289022335458E-18,0.));
#1962 = PCURVE('',#902,#1963);
#1963 = DEFINITIONAL_REPRESENTATION('',(#1964),#1972);
#1964 = ( BOUNDED_CURVE() B_SPLINE_CURVE(2,(#1965,#1966,#1967,#1968,
#1969,#1970,#1971),.UNSPECIFIED.,.T.,.F.) B_SPLINE_CURVE_WITH_KNOTS((1,2
    ,2,2,2,1),(-2.094395102393,0.,2.094395102393,4.188790204786,
6.28318530718,8.377580409573),.UNSPECIFIED.) CURVE() 
GEOMETRIC_REPRESENTATION_ITEM() RATIONAL_B_SPLINE_CURVE((1.,0.5,1.,0.5,
1.,0.5,1.)) REPRESENTATION_ITEM('') );
#1965 = CARTESIAN_POINT('',(-7.35,-37.5));
#1966 = CARTESIAN_POINT('',(-7.35,-40.35788383248));
#1967 = CARTESIAN_POINT('',(-9.825,-38.92894191624));
#1968 = CARTESIAN_POINT('',(-12.3,-37.5));
#1969 = CARTESIAN_POINT('',(-9.825,-36.07105808375));
#1970 = CARTESIAN_POINT('',(-7.35,-34.64211616751));
#1971 = CARTESIAN_POINT('',(-7.35,-37.5));
#1972 = ( GEOMETRIC_REPRESENTATION_CONTEXT(2) 
PARAMETRIC_REPRESENTATION_CONTEXT() REPRESENTATION_CONTEXT('2D SPACE',''
  ) );
#1973 = PCURVE('',#1075,#1974);
#1974 = DEFINITIONAL_REPRESENTATION('',(#1975),#1979);
#1975 = LINE('',#1976,#1977);
#1976 = CARTESIAN_POINT('',(-6.28318530718,-55.));
#1977 = VECTOR('',#1978,1.);
#1978 = DIRECTION('',(1.,-0.));
#1979 = ( GEOMETRIC_REPRESENTATION_CONTEXT(2) 
PARAMETRIC_REPRESENTATION_CONTEXT() REPRESENTATION_CONTEXT('2D SPACE',''
  ) );
#1980 = FACE_BOUND('',#1981,.T.);
#1981 = EDGE_LOOP('',(#1982));
#1982 = ORIENTED_EDGE('',*,*,#1983,.T.);
#1983 = EDGE_CURVE('',#1984,#1984,#1986,.T.);
#1984 = VERTEX_POINT('',#1985);
#1985 = CARTESIAN_POINT('',(1.65,-27.,5.));
#1986 = SURFACE_CURVE('',#1987,(#1992,#2003),.PCURVE_S1.);
#1987 = CIRCLE('',#1988,1.65);
#1988 = AXIS2_PLACEMENT_3D('',#1989,#1990,#1991);
#1989 = CARTESIAN_POINT('',(-6.64737277289E-15,-27.,5.));
#1990 = DIRECTION('',(0.,0.,-1.));
#1991 = DIRECTION('',(1.,3.289022335458E-18,0.));
#1992 = PCURVE('',#902,#1993);
#1993 = DEFINITIONAL_REPRESENTATION('',(#1994),#2002);
#1994 = ( BOUNDED_CURVE() B_SPLINE_CURVE(2,(#1995,#1996,#1997,#1998,
#1999,#2000,#2001),.UNSPECIFIED.,.T.,.F.) B_SPLINE_CURVE_WITH_KNOTS((1,2
    ,2,2,2,1),(-2.094395102393,0.,2.094395102393,4.188790204786,
6.28318530718,8.377580409573),.UNSPECIFIED.) CURVE() 
GEOMETRIC_REPRESENTATION_ITEM() RATIONAL_B_SPLINE_CURVE((1.,0.5,1.,0.5,
1.,0.5,1.)) REPRESENTATION_ITEM('') );
#1995 = CARTESIAN_POINT('',(1.65,-27.));
#1996 = CARTESIAN_POINT('',(1.65,-29.85788383248));
#1997 = CARTESIAN_POINT('',(-0.825,-28.42894191624));
#1998 = CARTESIAN_POINT('',(-3.3,-27.));
#1999 = CARTESIAN_POINT('',(-0.825,-25.57105808375));
#2000 = CARTESIAN_POINT('',(1.65,-24.14211616751));
#2001 = CARTESIAN_POINT('',(1.65,-27.));
#2002 = ( GEOMETRIC_REPRESENTATION_CONTEXT(2) 
PARAMETRIC_REPRESENTATION_CONTEXT() REPRESENTATION_CONTEXT('2D SPACE',''
  ) );
#2003 = PCURVE('',#1110,#2004);
#2004 = DEFINITIONAL_REPRESENTATION('',(#2005),#2009);
#2005 = LINE('',#2006,#2007);
#2006 = CARTESIAN_POINT('',(-6.28318530718,-55.));
#2007 = VECTOR('',#2008,1.);
#2008 = DIRECTION('',(1.,-0.));
#2009 = ( GEOMETRIC_REPRESENTATION_CONTEXT(2) 
PARAMETRIC_REPRESENTATION_CONTEXT() REPRESENTATION_CONTEXT('2D SPACE',''
  ) );
#2010 = FACE_BOUND('',#2011,.T.);
#2011 = EDGE_LOOP('',(#2012,#2035,#2056,#2077));
#2012 = ORIENTED_EDGE('',*,*,#2013,.T.);
#2013 = EDGE_CURVE('',#2014,#2016,#2018,.T.);
#2014 = VERTEX_POINT('',#2015);
#2015 = CARTESIAN_POINT('',(17.1,-34.9,5.));
#2016 = VERTEX_POINT('',#2017);
#2017 = CARTESIAN_POINT('',(17.1,-40.1,5.));
#2018 = SURFACE_CURVE('',#2019,(#2023,#2029),.PCURVE_S1.);
#2019 = LINE('',#2020,#2021);
#2020 = CARTESIAN_POINT('',(17.1,-20.05,5.));
#2021 = VECTOR('',#2022,1.);
#2022 = DIRECTION('',(3.289022335458E-18,-1.,0.));
#2023 = PCURVE('',#902,#2024);
#2024 = DEFINITIONAL_REPRESENTATION('',(#2025),#2028);
#2025 = B_SPLINE_CURVE_WITH_KNOTS('',1,(#2026,#2027),.UNSPECIFIED.,.F.,
  .F.,(2,2),(14.85,20.05),.PIECEWISE_BEZIER_KNOTS.);
#2026 = CARTESIAN_POINT('',(17.1,-34.9));
#2027 = CARTESIAN_POINT('',(17.1,-40.1));
#2028 = ( GEOMETRIC_REPRESENTATION_CONTEXT(2) 
PARAMETRIC_REPRESENTATION_CONTEXT() REPRESENTATION_CONTEXT('2D SPACE',''
  ) );
#2029 = PCURVE('',#1141,#2030);
#2030 = DEFINITIONAL_REPRESENTATION('',(#2031),#2034);
#2031 = B_SPLINE_CURVE_WITH_KNOTS('',1,(#2032,#2033),.UNSPECIFIED.,.F.,
  .F.,(2,2),(14.85,20.05),.PIECEWISE_BEZIER_KNOTS.);
#2032 = CARTESIAN_POINT('',(5.2,-55.));
#2033 = CARTESIAN_POINT('',(0.,-55.));
#2034 = ( GEOMETRIC_REPRESENTATION_CONTEXT(2) 
PARAMETRIC_REPRESENTATION_CONTEXT() REPRESENTATION_CONTEXT('2D SPACE',''
  ) );
#2035 = ORIENTED_EDGE('',*,*,#2036,.T.);
#2036 = EDGE_CURVE('',#2016,#2037,#2039,.T.);
#2037 = VERTEX_POINT('',#2038);
#2038 = CARTESIAN_POINT('',(4.9,-40.1,5.));
#2039 = SURFACE_CURVE('',#2040,(#2044,#2050),.PCURVE_S1.);
#2040 = LINE('',#2041,#2042);
#2041 = CARTESIAN_POINT('',(2.45,-40.1,5.));
#2042 = VECTOR('',#2043,1.);
#2043 = DIRECTION('',(-1.,-3.289022335458E-18,0.));
#2044 = PCURVE('',#902,#2045);
#2045 = DEFINITIONAL_REPRESENTATION('',(#2046),#2049);
#2046 = B_SPLINE_CURVE_WITH_KNOTS('',1,(#2047,#2048),.UNSPECIFIED.,.F.,
  .F.,(2,2),(-14.65,-2.45),.PIECEWISE_BEZIER_KNOTS.);
#2047 = CARTESIAN_POINT('',(17.1,-40.1));
#2048 = CARTESIAN_POINT('',(4.9,-40.1));
#2049 = ( GEOMETRIC_REPRESENTATION_CONTEXT(2) 
PARAMETRIC_REPRESENTATION_CONTEXT() REPRESENTATION_CONTEXT('2D SPACE',''
  ) );
#2050 = PCURVE('',#1167,#2051);
#2051 = DEFINITIONAL_REPRESENTATION('',(#2052),#2055);
#2052 = B_SPLINE_CURVE_WITH_KNOTS('',1,(#2053,#2054),.UNSPECIFIED.,.F.,
  .F.,(2,2),(-14.65,-2.45),.PIECEWISE_BEZIER_KNOTS.);
#2053 = CARTESIAN_POINT('',(12.2,-55.));
#2054 = CARTESIAN_POINT('',(0.,-55.));
#2055 = ( GEOMETRIC_REPRESENTATION_CONTEXT(2) 
PARAMETRIC_REPRESENTATION_CONTEXT() REPRESENTATION_CONTEXT('2D SPACE',''
  ) );
#2056 = ORIENTED_EDGE('',*,*,#2057,.T.);
#2057 = EDGE_CURVE('',#2037,#2058,#2060,.T.);
#2058 = VERTEX_POINT('',#2059);
#2059 = CARTESIAN_POINT('',(4.9,-34.9,5.));
#2060 = SURFACE_CURVE('',#2061,(#2065,#2071),.PCURVE_S1.);
#2061 = LINE('',#2062,#2063);
#2062 = CARTESIAN_POINT('',(4.9,-17.45,5.));
#2063 = VECTOR('',#2064,1.);
#2064 = DIRECTION('',(-3.289022335458E-18,1.,0.));
#2065 = PCURVE('',#902,#2066);
#2066 = DEFINITIONAL_REPRESENTATION('',(#2067),#2070);
#2067 = B_SPLINE_CURVE_WITH_KNOTS('',1,(#2068,#2069),.UNSPECIFIED.,.F.,
  .F.,(2,2),(-22.65,-17.45),.PIECEWISE_BEZIER_KNOTS.);
#2068 = CARTESIAN_POINT('',(4.9,-40.1));
#2069 = CARTESIAN_POINT('',(4.9,-34.9));
#2070 = ( GEOMETRIC_REPRESENTATION_CONTEXT(2) 
PARAMETRIC_REPRESENTATION_CONTEXT() REPRESENTATION_CONTEXT('2D SPACE',''
  ) );
#2071 = PCURVE('',#1193,#2072);
#2072 = DEFINITIONAL_REPRESENTATION('',(#2073),#2076);
#2073 = B_SPLINE_CURVE_WITH_KNOTS('',1,(#2074,#2075),.UNSPECIFIED.,.F.,
  .F.,(2,2),(-22.65,-17.45),.PIECEWISE_BEZIER_KNOTS.);
#2074 = CARTESIAN_POINT('',(5.2,-55.));
#2075 = CARTESIAN_POINT('',(0.,-55.));
#2076 = ( GEOMETRIC_REPRESENTATION_CONTEXT(2) 
PARAMETRIC_REPRESENTATION_CONTEXT() REPRESENTATION_CONTEXT('2D SPACE',''
  ) );
#2077 = ORIENTED_EDGE('',*,*,#2078,.T.);
#2078 = EDGE_CURVE('',#2058,#2014,#2079,.T.);
#2079 = SURFACE_CURVE('',#2080,(#2084,#2090),.PCURVE_S1.);
#2080 = LINE('',#2081,#2082);
#2081 = CARTESIAN_POINT('',(8.55,-34.9,5.));
#2082 = VECTOR('',#2083,1.);
#2083 = DIRECTION('',(1.,3.289022335458E-18,0.));
#2084 = PCURVE('',#902,#2085);
#2085 = DEFINITIONAL_REPRESENTATION('',(#2086),#2089);
#2086 = B_SPLINE_CURVE_WITH_KNOTS('',1,(#2087,#2088),.UNSPECIFIED.,.F.,
  .F.,(2,2),(-3.65,8.55),.PIECEWISE_BEZIER_KNOTS.);
#2087 = CARTESIAN_POINT('',(4.9,-34.9));
#2088 = CARTESIAN_POINT('',(17.1,-34.9));
#2089 = ( GEOMETRIC_REPRESENTATION_CONTEXT(2) 
PARAMETRIC_REPRESENTATION_CONTEXT() REPRESENTATION_CONTEXT('2D SPACE',''
  ) );
#2090 = PCURVE('',#1217,#2091);
#2091 = DEFINITIONAL_REPRESENTATION('',(#2092),#2095);
#2092 = B_SPLINE_CURVE_WITH_KNOTS('',1,(#2093,#2094),.UNSPECIFIED.,.F.,
  .F.,(2,2),(-3.65,8.55),.PIECEWISE_BEZIER_KNOTS.);
#2093 = CARTESIAN_POINT('',(12.2,-55.));
#2094 = CARTESIAN_POINT('',(0.,-55.));
#2095 = ( GEOMETRIC_REPRESENTATION_CONTEXT(2) 
PARAMETRIC_REPRESENTATION_CONTEXT() REPRESENTATION_CONTEXT('2D SPACE',''
  ) );
#2096 = FACE_BOUND('',#2097,.T.);
#2097 = EDGE_LOOP('',(#2098));
#2098 = ORIENTED_EDGE('',*,*,#2099,.T.);
#2099 = EDGE_CURVE('',#2100,#2100,#2102,.T.);
#2100 = VERTEX_POINT('',#2101);
#2101 = CARTESIAN_POINT('',(-4.006854249492,-5.656854249492,5.));
#2102 = SURFACE_CURVE('',#2103,(#2108,#2119),.PCURVE_S1.);
#2103 = CIRCLE('',#2104,1.65);
#2104 = AXIS2_PLACEMENT_3D('',#2105,#2106,#2107);
#2105 = CARTESIAN_POINT('',(-5.656854249492,-5.656854249492,5.));
#2106 = DIRECTION('',(0.,0.,-1.));
#2107 = DIRECTION('',(1.,3.289022335458E-18,0.));
#2108 = PCURVE('',#902,#2109);
#2109 = DEFINITIONAL_REPRESENTATION('',(#2110),#2118);
#2110 = ( BOUNDED_CURVE() B_SPLINE_CURVE(2,(#2111,#2112,#2113,#2114,
#2115,#2116,#2117),.UNSPECIFIED.,.T.,.F.) B_SPLINE_CURVE_WITH_KNOTS((1,2
    ,2,2,2,1),(-2.094395102393,0.,2.094395102393,4.188790204786,
6.28318530718,8.377580409573),.UNSPECIFIED.) CURVE() 
GEOMETRIC_REPRESENTATION_ITEM() RATIONAL_B_SPLINE_CURVE((1.,0.5,1.,0.5,
1.,0.5,1.)) REPRESENTATION_ITEM('') );
#2111 = CARTESIAN_POINT('',(-4.006854249492,-5.656854249492));
#2112 = CARTESIAN_POINT('',(-4.006854249492,-8.514738081981));
#2113 = CARTESIAN_POINT('',(-6.481854249492,-7.085796165737));
#2114 = CARTESIAN_POINT('',(-8.956854249492,-5.656854249492));
#2115 = CARTESIAN_POINT('',(-6.481854249492,-4.227912333248));
#2116 = CARTESIAN_POINT('',(-4.006854249492,-2.798970417004));
#2117 = CARTESIAN_POINT('',(-4.006854249492,-5.656854249492));
#2118 = ( GEOMETRIC_REPRESENTATION_CONTEXT(2) 
PARAMETRIC_REPRESENTATION_CONTEXT() REPRESENTATION_CONTEXT('2D SPACE',''
  ) );
#2119 = PCURVE('',#1251,#2120);
#2120 = DEFINITIONAL_REPRESENTATION('',(#2121),#2125);
#2121 = LINE('',#2122,#2123);
#2122 = CARTESIAN_POINT('',(-6.28318530718,-55.));
#2123 = VECTOR('',#2124,1.);
#2124 = DIRECTION('',(1.,-0.));
#2125 = ( GEOMETRIC_REPRESENTATION_CONTEXT(2) 
PARAMETRIC_REPRESENTATION_CONTEXT() REPRESENTATION_CONTEXT('2D SPACE',''
  ) );
#2126 = FACE_BOUND('',#2127,.T.);
#2127 = EDGE_LOOP('',(#2128));
#2128 = ORIENTED_EDGE('',*,*,#2129,.T.);
#2129 = EDGE_CURVE('',#2130,#2130,#2132,.T.);
#2130 = VERTEX_POINT('',#2131);
#2131 = CARTESIAN_POINT('',(7.306854249492,-5.656854249492,5.));
#2132 = SURFACE_CURVE('',#2133,(#2138,#2149),.PCURVE_S1.);
#2133 = CIRCLE('',#2134,1.65);
#2134 = AXIS2_PLACEMENT_3D('',#2135,#2136,#2137);
#2135 = CARTESIAN_POINT('',(5.656854249492,-5.656854249492,5.));
#2136 = DIRECTION('',(0.,0.,-1.));
#2137 = DIRECTION('',(1.,3.289022335458E-18,0.));
#2138 = PCURVE('',#902,#2139);
#2139 = DEFINITIONAL_REPRESENTATION('',(#2140),#2148);
#2140 = ( BOUNDED_CURVE() B_SPLINE_CURVE(2,(#2141,#2142,#2143,#2144,
#2145,#2146,#2147),.UNSPECIFIED.,.T.,.F.) B_SPLINE_CURVE_WITH_KNOTS((1,2
    ,2,2,2,1),(-2.094395102393,0.,2.094395102393,4.188790204786,
6.28318530718,8.377580409573),.UNSPECIFIED.) CURVE() 
GEOMETRIC_REPRESENTATION_ITEM() RATIONAL_B_SPLINE_CURVE((1.,0.5,1.,0.5,
1.,0.5,1.)) REPRESENTATION_ITEM('') );
#2141 = CARTESIAN_POINT('',(7.306854249492,-5.656854249492));
#2142 = CARTESIAN_POINT('',(7.306854249492,-8.514738081981));
#2143 = CARTESIAN_POINT('',(4.831854249492,-7.085796165737));
#2144 = CARTESIAN_POINT('',(2.356854249492,-5.656854249492));
#2145 = CARTESIAN_POINT('',(4.831854249492,-4.227912333248));
#2146 = CARTESIAN_POINT('',(7.306854249492,-2.798970417004));
#2147 = CARTESIAN_POINT('',(7.306854249492,-5.656854249492));
#2148 = ( GEOMETRIC_REPRESENTATION_CONTEXT(2) 
PARAMETRIC_REPRESENTATION_CONTEXT() REPRESENTATION_CONTEXT('2D SPACE',''
  ) );
#2149 = PCURVE('',#1286,#2150);
#2150 = DEFINITIONAL_REPRESENTATION('',(#2151),#2155);
#2151 = LINE('',#2152,#2153);
#2152 = CARTESIAN_POINT('',(-6.28318530718,-55.));
#2153 = VECTOR('',#2154,1.);
#2154 = DIRECTION('',(1.,-0.));
#2155 = ( GEOMETRIC_REPRESENTATION_CONTEXT(2) 
PARAMETRIC_REPRESENTATION_CONTEXT() REPRESENTATION_CONTEXT('2D SPACE',''
  ) );
#2156 = FACE_BOUND('',#2157,.T.);
#2157 = EDGE_LOOP('',(#2158,#2181,#2202,#2223));
#2158 = ORIENTED_EDGE('',*,*,#2159,.T.);
#2159 = EDGE_CURVE('',#2160,#2162,#2164,.T.);
#2160 = VERTEX_POINT('',#2161);
#2161 = CARTESIAN_POINT('',(-46.,8.,5.));
#2162 = VERTEX_POINT('',#2163);
#2163 = CARTESIAN_POINT('',(-46.,-8.,5.));
#2164 = SURFACE_CURVE('',#2165,(#2169,#2175),.PCURVE_S1.);
#2165 = LINE('',#2166,#2167);
#2166 = CARTESIAN_POINT('',(-46.,-4.,5.));
#2167 = VECTOR('',#2168,1.);
#2168 = DIRECTION('',(3.289022335458E-18,-1.,0.));
#2169 = PCURVE('',#902,#2170);
#2170 = DEFINITIONAL_REPRESENTATION('',(#2171),#2174);
#2171 = B_SPLINE_CURVE_WITH_KNOTS('',1,(#2172,#2173),.UNSPECIFIED.,.F.,
  .F.,(2,2),(-12.,4.),.PIECEWISE_BEZIER_KNOTS.);
#2172 = CARTESIAN_POINT('',(-46.,8.));
#2173 = CARTESIAN_POINT('',(-46.,-8.));
#2174 = ( GEOMETRIC_REPRESENTATION_CONTEXT(2) 
PARAMETRIC_REPRESENTATION_CONTEXT() REPRESENTATION_CONTEXT('2D SPACE',''
  ) );
#2175 = PCURVE('',#1317,#2176);
#2176 = DEFINITIONAL_REPRESENTATION('',(#2177),#2180);
#2177 = B_SPLINE_CURVE_WITH_KNOTS('',1,(#2178,#2179),.UNSPECIFIED.,.F.,
  .F.,(2,2),(-12.,4.),.PIECEWISE_BEZIER_KNOTS.);
#2178 = CARTESIAN_POINT('',(16.,-55.));
#2179 = CARTESIAN_POINT('',(0.,-55.));
#2180 = ( GEOMETRIC_REPRESENTATION_CONTEXT(2) 
PARAMETRIC_REPRESENTATION_CONTEXT() REPRESENTATION_CONTEXT('2D SPACE',''
  ) );
#2181 = ORIENTED_EDGE('',*,*,#2182,.T.);
#2182 = EDGE_CURVE('',#2162,#2183,#2185,.T.);
#2183 = VERTEX_POINT('',#2184);
#2184 = CARTESIAN_POINT('',(-54.,-8.,5.));
#2185 = SURFACE_CURVE('',#2186,(#2190,#2196),.PCURVE_S1.);
#2186 = LINE('',#2187,#2188);
#2187 = CARTESIAN_POINT('',(-27.,-8.,5.));
#2188 = VECTOR('',#2189,1.);
#2189 = DIRECTION('',(-1.,-3.289022335458E-18,0.));
#2190 = PCURVE('',#902,#2191);
#2191 = DEFINITIONAL_REPRESENTATION('',(#2192),#2195);
#2192 = B_SPLINE_CURVE_WITH_KNOTS('',1,(#2193,#2194),.UNSPECIFIED.,.F.,
  .F.,(2,2),(19.,27.),.PIECEWISE_BEZIER_KNOTS.);
#2193 = CARTESIAN_POINT('',(-46.,-8.));
#2194 = CARTESIAN_POINT('',(-54.,-8.));
#2195 = ( GEOMETRIC_REPRESENTATION_CONTEXT(2) 
PARAMETRIC_REPRESENTATION_CONTEXT() REPRESENTATION_CONTEXT('2D SPACE',''
  ) );
#2196 = PCURVE('',#1343,#2197);
#2197 = DEFINITIONAL_REPRESENTATION('',(#2198),#2201);
#2198 = B_SPLINE_CURVE_WITH_KNOTS('',1,(#2199,#2200),.UNSPECIFIED.,.F.,
  .F.,(2,2),(19.,27.),.PIECEWISE_BEZIER_KNOTS.);
#2199 = CARTESIAN_POINT('',(8.,-55.));
#2200 = CARTESIAN_POINT('',(0.,-55.));
#2201 = ( GEOMETRIC_REPRESENTATION_CONTEXT(2) 
PARAMETRIC_REPRESENTATION_CONTEXT() REPRESENTATION_CONTEXT('2D SPACE',''
  ) );
#2202 = ORIENTED_EDGE('',*,*,#2203,.T.);
#2203 = EDGE_CURVE('',#2183,#2204,#2206,.T.);
#2204 = VERTEX_POINT('',#2205);
#2205 = CARTESIAN_POINT('',(-54.,8.,5.));
#2206 = SURFACE_CURVE('',#2207,(#2211,#2217),.PCURVE_S1.);
#2207 = LINE('',#2208,#2209);
#2208 = CARTESIAN_POINT('',(-54.,4.,5.));
#2209 = VECTOR('',#2210,1.);
#2210 = DIRECTION('',(-3.289022335458E-18,1.,0.));
#2211 = PCURVE('',#902,#2212);
#2212 = DEFINITIONAL_REPRESENTATION('',(#2213),#2216);
#2213 = B_SPLINE_CURVE_WITH_KNOTS('',1,(#2214,#2215),.UNSPECIFIED.,.F.,
  .F.,(2,2),(-12.,4.),.PIECEWISE_BEZIER_KNOTS.);
#2214 = CARTESIAN_POINT('',(-54.,-8.));
#2215 = CARTESIAN_POINT('',(-54.,8.));
#2216 = ( GEOMETRIC_REPRESENTATION_CONTEXT(2) 
PARAMETRIC_REPRESENTATION_CONTEXT() REPRESENTATION_CONTEXT('2D SPACE',''
  ) );
#2217 = PCURVE('',#1369,#2218);
#2218 = DEFINITIONAL_REPRESENTATION('',(#2219),#2222);
#2219 = B_SPLINE_CURVE_WITH_KNOTS('',1,(#2220,#2221),.UNSPECIFIED.,.F.,
  .F.,(2,2),(-12.,4.),.PIECEWISE_BEZIER_KNOTS.);
#2220 = CARTESIAN_POINT('',(16.,-55.));
#2221 = CARTESIAN_POINT('',(0.,-55.));
#2222 = ( GEOMETRIC_REPRESENTATION_CONTEXT(2) 
PARAMETRIC_REPRESENTATION_CONTEXT() REPRESENTATION_CONTEXT('2D SPACE',''
  ) );
#2223 = ORIENTED_EDGE('',*,*,#2224,.T.);
#2224 = EDGE_CURVE('',#2204,#2160,#2225,.T.);
#2225 = SURFACE_CURVE('',#2226,(#2230,#2236),.PCURVE_S1.);
#2226 = LINE('',#2227,#2228);
#2227 = CARTESIAN_POINT('',(-23.,8.,5.));
#2228 = VECTOR('',#2229,1.);
#2229 = DIRECTION('',(1.,3.289022335458E-18,0.));
#2230 = PCURVE('',#902,#2231);
#2231 = DEFINITIONAL_REPRESENTATION('',(#2232),#2235);
#2232 = B_SPLINE_CURVE_WITH_KNOTS('',1,(#2233,#2234),.UNSPECIFIED.,.F.,
  .F.,(2,2),(-31.,-23.),.PIECEWISE_BEZIER_KNOTS.);
#2233 = CARTESIAN_POINT('',(-54.,8.));
#2234 = CARTESIAN_POINT('',(-46.,8.));
#2235 = ( GEOMETRIC_REPRESENTATION_CONTEXT(2) 
PARAMETRIC_REPRESENTATION_CONTEXT() REPRESENTATION_CONTEXT('2D SPACE',''
  ) );
#2236 = PCURVE('',#1393,#2237);
#2237 = DEFINITIONAL_REPRESENTATION('',(#2238),#2241);
#2238 = B_SPLINE_CURVE_WITH_KNOTS('',1,(#2239,#2240),.UNSPECIFIED.,.F.,
  .F.,(2,2),(-31.,-23.),.PIECEWISE_BEZIER_KNOTS.);
#2239 = CARTESIAN_POINT('',(8.,-55.));
#2240 = CARTESIAN_POINT('',(0.,-55.));
#2241 = ( GEOMETRIC_REPRESENTATION_CONTEXT(2) 
PARAMETRIC_REPRESENTATION_CONTEXT() REPRESENTATION_CONTEXT('2D SPACE',''
  ) );
#2242 = FACE_BOUND('',#2243,.T.);
#2243 = EDGE_LOOP('',(#2244));
#2244 = ORIENTED_EDGE('',*,*,#2245,.T.);
#2245 = EDGE_CURVE('',#2246,#2246,#2248,.T.);
#2246 = VERTEX_POINT('',#2247);
#2247 = CARTESIAN_POINT('',(-25.35,4.111348061194E-15,5.));
#2248 = SURFACE_CURVE('',#2249,(#2254,#2265),.PCURVE_S1.);
#2249 = CIRCLE('',#2250,1.65);
#2250 = AXIS2_PLACEMENT_3D('',#2251,#2252,#2253);
#2251 = CARTESIAN_POINT('',(-27.,4.105921174341E-15,5.));
#2252 = DIRECTION('',(0.,0.,-1.));
#2253 = DIRECTION('',(1.,3.289022335458E-18,0.));
#2254 = PCURVE('',#902,#2255);
#2255 = DEFINITIONAL_REPRESENTATION('',(#2256),#2264);
#2256 = ( BOUNDED_CURVE() B_SPLINE_CURVE(2,(#2257,#2258,#2259,#2260,
#2261,#2262,#2263),.UNSPECIFIED.,.T.,.F.) B_SPLINE_CURVE_WITH_KNOTS((1,2
    ,2,2,2,1),(-2.094395102393,0.,2.094395102393,4.188790204786,
6.28318530718,8.377580409573),.UNSPECIFIED.) CURVE() 
GEOMETRIC_REPRESENTATION_ITEM() RATIONAL_B_SPLINE_CURVE((1.,0.5,1.,0.5,
1.,0.5,1.)) REPRESENTATION_ITEM('') );
#2257 = CARTESIAN_POINT('',(-25.35,2.838634339908E-15));
#2258 = CARTESIAN_POINT('',(-25.35,-2.857883832489));
#2259 = CARTESIAN_POINT('',(-27.825,-1.428941916244));
#2260 = CARTESIAN_POINT('',(-30.3,2.43450089619E-15));
#2261 = CARTESIAN_POINT('',(-27.825,1.428941916244));
#2262 = CARTESIAN_POINT('',(-25.35,2.857883832489));
#2263 = CARTESIAN_POINT('',(-25.35,2.838634339908E-15));
#2264 = ( GEOMETRIC_REPRESENTATION_CONTEXT(2) 
PARAMETRIC_REPRESENTATION_CONTEXT() REPRESENTATION_CONTEXT('2D SPACE',''
  ) );
#2265 = PCURVE('',#1427,#2266);
#2266 = DEFINITIONAL_REPRESENTATION('',(#2267),#2271);
#2267 = LINE('',#2268,#2269);
#2268 = CARTESIAN_POINT('',(-6.28318530718,-55.));
#2269 = VECTOR('',#2270,1.);
#2270 = DIRECTION('',(1.,-0.));
#2271 = ( GEOMETRIC_REPRESENTATION_CONTEXT(2) 
PARAMETRIC_REPRESENTATION_CONTEXT() REPRESENTATION_CONTEXT('2D SPACE',''
  ) );
#2272 = FACE_BOUND('',#2273,.T.);
#2273 = EDGE_LOOP('',(#2274,#2297,#2318,#2339));
#2274 = ORIENTED_EDGE('',*,*,#2275,.T.);
#2275 = EDGE_CURVE('',#2276,#2278,#2280,.T.);
#2276 = VERTEX_POINT('',#2277);
#2277 = CARTESIAN_POINT('',(-22.9,32.6,5.));
#2278 = VERTEX_POINT('',#2279);
#2279 = CARTESIAN_POINT('',(-22.9,27.4,5.));
#2280 = SURFACE_CURVE('',#2281,(#2285,#2291),.PCURVE_S1.);
#2281 = LINE('',#2282,#2283);
#2282 = CARTESIAN_POINT('',(-22.9,13.7,5.));
#2283 = VECTOR('',#2284,1.);
#2284 = DIRECTION('',(3.289022335458E-18,-1.,0.));
#2285 = PCURVE('',#902,#2286);
#2286 = DEFINITIONAL_REPRESENTATION('',(#2287),#2290);
#2287 = B_SPLINE_CURVE_WITH_KNOTS('',1,(#2288,#2289),.UNSPECIFIED.,.F.,
  .F.,(2,2),(-18.9,-13.7),.PIECEWISE_BEZIER_KNOTS.);
#2288 = CARTESIAN_POINT('',(-22.9,32.6));
#2289 = CARTESIAN_POINT('',(-22.9,27.4));
#2290 = ( GEOMETRIC_REPRESENTATION_CONTEXT(2) 
PARAMETRIC_REPRESENTATION_CONTEXT() REPRESENTATION_CONTEXT('2D SPACE',''
  ) );
#2291 = PCURVE('',#1458,#2292);
#2292 = DEFINITIONAL_REPRESENTATION('',(#2293),#2296);
#2293 = B_SPLINE_CURVE_WITH_KNOTS('',1,(#2294,#2295),.UNSPECIFIED.,.F.,
  .F.,(2,2),(-18.9,-13.7),.PIECEWISE_BEZIER_KNOTS.);
#2294 = CARTESIAN_POINT('',(5.2,-55.));
#2295 = CARTESIAN_POINT('',(0.,-55.));
#2296 = ( GEOMETRIC_REPRESENTATION_CONTEXT(2) 
PARAMETRIC_REPRESENTATION_CONTEXT() REPRESENTATION_CONTEXT('2D SPACE',''
  ) );
#2297 = ORIENTED_EDGE('',*,*,#2298,.T.);
#2298 = EDGE_CURVE('',#2278,#2299,#2301,.T.);
#2299 = VERTEX_POINT('',#2300);
#2300 = CARTESIAN_POINT('',(-35.1,27.4,5.));
#2301 = SURFACE_CURVE('',#2302,(#2306,#2312),.PCURVE_S1.);
#2302 = LINE('',#2303,#2304);
#2303 = CARTESIAN_POINT('',(-17.55,27.4,5.));
#2304 = VECTOR('',#2305,1.);
#2305 = DIRECTION('',(-1.,-3.289022335458E-18,0.));
#2306 = PCURVE('',#902,#2307);
#2307 = DEFINITIONAL_REPRESENTATION('',(#2308),#2311);
#2308 = B_SPLINE_CURVE_WITH_KNOTS('',1,(#2309,#2310),.UNSPECIFIED.,.F.,
  .F.,(2,2),(5.35,17.55),.PIECEWISE_BEZIER_KNOTS.);
#2309 = CARTESIAN_POINT('',(-22.9,27.4));
#2310 = CARTESIAN_POINT('',(-35.1,27.4));
#2311 = ( GEOMETRIC_REPRESENTATION_CONTEXT(2) 
PARAMETRIC_REPRESENTATION_CONTEXT() REPRESENTATION_CONTEXT('2D SPACE',''
  ) );
#2312 = PCURVE('',#1484,#2313);
#2313 = DEFINITIONAL_REPRESENTATION('',(#2314),#2317);
#2314 = B_SPLINE_CURVE_WITH_KNOTS('',1,(#2315,#2316),.UNSPECIFIED.,.F.,
  .F.,(2,2),(5.35,17.55),.PIECEWISE_BEZIER_KNOTS.);
#2315 = CARTESIAN_POINT('',(12.2,-55.));
#2316 = CARTESIAN_POINT('',(0.,-55.));
#2317 = ( GEOMETRIC_REPRESENTATION_CONTEXT(2) 
PARAMETRIC_REPRESENTATION_CONTEXT() REPRESENTATION_CONTEXT('2D SPACE',''
  ) );
#2318 = ORIENTED_EDGE('',*,*,#2319,.T.);
#2319 = EDGE_CURVE('',#2299,#2320,#2322,.T.);
#2320 = VERTEX_POINT('',#2321);
#2321 = CARTESIAN_POINT('',(-35.1,32.6,5.));
#2322 = SURFACE_CURVE('',#2323,(#2327,#2333),.PCURVE_S1.);
#2323 = LINE('',#2324,#2325);
#2324 = CARTESIAN_POINT('',(-35.1,16.3,5.));
#2325 = VECTOR('',#2326,1.);
#2326 = DIRECTION('',(-3.289022335458E-18,1.,0.));
#2327 = PCURVE('',#902,#2328);
#2328 = DEFINITIONAL_REPRESENTATION('',(#2329),#2332);
#2329 = B_SPLINE_CURVE_WITH_KNOTS('',1,(#2330,#2331),.UNSPECIFIED.,.F.,
  .F.,(2,2),(11.1,16.3),.PIECEWISE_BEZIER_KNOTS.);
#2330 = CARTESIAN_POINT('',(-35.1,27.4));
#2331 = CARTESIAN_POINT('',(-35.1,32.6));
#2332 = ( GEOMETRIC_REPRESENTATION_CONTEXT(2) 
PARAMETRIC_REPRESENTATION_CONTEXT() REPRESENTATION_CONTEXT('2D SPACE',''
  ) );
#2333 = PCURVE('',#1510,#2334);
#2334 = DEFINITIONAL_REPRESENTATION('',(#2335),#2338);
#2335 = B_SPLINE_CURVE_WITH_KNOTS('',1,(#2336,#2337),.UNSPECIFIED.,.F.,
  .F.,(2,2),(11.1,16.3),.PIECEWISE_BEZIER_KNOTS.);
#2336 = CARTESIAN_POINT('',(5.2,-55.));
#2337 = CARTESIAN_POINT('',(0.,-55.));
#2338 = ( GEOMETRIC_REPRESENTATION_CONTEXT(2) 
PARAMETRIC_REPRESENTATION_CONTEXT() REPRESENTATION_CONTEXT('2D SPACE',''
  ) );
#2339 = ORIENTED_EDGE('',*,*,#2340,.T.);
#2340 = EDGE_CURVE('',#2320,#2276,#2341,.T.);
#2341 = SURFACE_CURVE('',#2342,(#2346,#2352),.PCURVE_S1.);
#2342 = LINE('',#2343,#2344);
#2343 = CARTESIAN_POINT('',(-11.45,32.6,5.));
#2344 = VECTOR('',#2345,1.);
#2345 = DIRECTION('',(1.,3.289022335458E-18,0.));
#2346 = PCURVE('',#902,#2347);
#2347 = DEFINITIONAL_REPRESENTATION('',(#2348),#2351);
#2348 = B_SPLINE_CURVE_WITH_KNOTS('',1,(#2349,#2350),.UNSPECIFIED.,.F.,
  .F.,(2,2),(-23.65,-11.45),.PIECEWISE_BEZIER_KNOTS.);
#2349 = CARTESIAN_POINT('',(-35.1,32.6));
#2350 = CARTESIAN_POINT('',(-22.9,32.6));
#2351 = ( GEOMETRIC_REPRESENTATION_CONTEXT(2) 
PARAMETRIC_REPRESENTATION_CONTEXT() REPRESENTATION_CONTEXT('2D SPACE',''
  ) );
#2352 = PCURVE('',#1534,#2353);
#2353 = DEFINITIONAL_REPRESENTATION('',(#2354),#2357);
#2354 = B_SPLINE_CURVE_WITH_KNOTS('',1,(#2355,#2356),.UNSPECIFIED.,.F.,
  .F.,(2,2),(-23.65,-11.45),.PIECEWISE_BEZIER_KNOTS.);
#2355 = CARTESIAN_POINT('',(12.2,-55.));
#2356 = CARTESIAN_POINT('',(0.,-55.));
#2357 = ( GEOMETRIC_REPRESENTATION_CONTEXT(2) 
PARAMETRIC_REPRESENTATION_CONTEXT() REPRESENTATION_CONTEXT('2D SPACE',''
  ) );
#2358 = FACE_BOUND('',#2359,.T.);
#2359 = EDGE_LOOP('',(#2360));
#2360 = ORIENTED_EDGE('',*,*,#2361,.T.);
#2361 = EDGE_CURVE('',#2362,#2362,#2364,.T.);
#2362 = VERTEX_POINT('',#2363);
#2363 = CARTESIAN_POINT('',(2.75,8.972232311226E-16,5.));
#2364 = SURFACE_CURVE('',#2365,(#2370,#2381),.PCURVE_S1.);
#2365 = CIRCLE('',#2366,2.75);
#2366 = AXIS2_PLACEMENT_3D('',#2367,#2368,#2369);
#2367 = CARTESIAN_POINT('',(-1.7763568394E-15,8.881784197001E-16,5.));
#2368 = DIRECTION('',(0.,0.,-1.));
#2369 = DIRECTION('',(1.,3.289022335458E-18,0.));
#2370 = PCURVE('',#902,#2371);
#2371 = DEFINITIONAL_REPRESENTATION('',(#2372),#2380);
#2372 = ( BOUNDED_CURVE() B_SPLINE_CURVE(2,(#2373,#2374,#2375,#2376,
#2377,#2378,#2379),.UNSPECIFIED.,.T.,.F.) B_SPLINE_CURVE_WITH_KNOTS((1,2
    ,2,2,2,1),(-2.094395102393,0.,2.094395102393,4.188790204786,
6.28318530718,8.377580409573),.UNSPECIFIED.) CURVE() 
GEOMETRIC_REPRESENTATION_ITEM() RATIONAL_B_SPLINE_CURVE((1.,0.5,1.,0.5,
1.,0.5,1.)) REPRESENTATION_ITEM('') );
#2373 = CARTESIAN_POINT('',(2.75,-4.679120177894E-16));
#2374 = CARTESIAN_POINT('',(2.75,-4.763139720814));
#2375 = CARTESIAN_POINT('',(-1.375,-2.381569860407));
#2376 = CARTESIAN_POINT('',(-5.5,-1.14146775732E-15));
#2377 = CARTESIAN_POINT('',(-1.375,2.381569860407));
#2378 = CARTESIAN_POINT('',(2.75,4.763139720814));
#2379 = CARTESIAN_POINT('',(2.75,-4.679120177894E-16));
#2380 = ( GEOMETRIC_REPRESENTATION_CONTEXT(2) 
PARAMETRIC_REPRESENTATION_CONTEXT() REPRESENTATION_CONTEXT('2D SPACE',''
  ) );
#2381 = PCURVE('',#1568,#2382);
#2382 = DEFINITIONAL_REPRESENTATION('',(#2383),#2387);
#2383 = LINE('',#2384,#2385);
#2384 = CARTESIAN_POINT('',(-6.28318530718,-55.));
#2385 = VECTOR('',#2386,1.);
#2386 = DIRECTION('',(1.,-0.));
#2387 = ( GEOMETRIC_REPRESENTATION_CONTEXT(2) 
PARAMETRIC_REPRESENTATION_CONTEXT() REPRESENTATION_CONTEXT('2D SPACE',''
  ) );
#2388 = FACE_BOUND('',#2389,.T.);
#2389 = EDGE_LOOP('',(#2390));
#2390 = ORIENTED_EDGE('',*,*,#2391,.T.);
#2391 = EDGE_CURVE('',#2392,#2392,#2394,.T.);
#2392 = VERTEX_POINT('',#2393);
#2393 = CARTESIAN_POINT('',(-4.006854249492,5.656854249492,5.));
#2394 = SURFACE_CURVE('',#2395,(#2400,#2411),.PCURVE_S1.);
#2395 = CIRCLE('',#2396,1.65);
#2396 = AXIS2_PLACEMENT_3D('',#2397,#2398,#2399);
#2397 = CARTESIAN_POINT('',(-5.656854249492,5.656854249492,5.));
#2398 = DIRECTION('',(0.,0.,-1.));
#2399 = DIRECTION('',(1.,3.289022335458E-18,0.));
#2400 = PCURVE('',#902,#2401);
#2401 = DEFINITIONAL_REPRESENTATION('',(#2402),#2410);
#2402 = ( BOUNDED_CURVE() B_SPLINE_CURVE(2,(#2403,#2404,#2405,#2406,
#2407,#2408,#2409),.UNSPECIFIED.,.T.,.F.) B_SPLINE_CURVE_WITH_KNOTS((1,2
    ,2,2,2,1),(-2.094395102393,0.,2.094395102393,4.188790204786,
6.28318530718,8.377580409573),.UNSPECIFIED.) CURVE() 
GEOMETRIC_REPRESENTATION_ITEM() RATIONAL_B_SPLINE_CURVE((1.,0.5,1.,0.5,
1.,0.5,1.)) REPRESENTATION_ITEM('') );
#2403 = CARTESIAN_POINT('',(-4.006854249492,5.656854249492));
#2404 = CARTESIAN_POINT('',(-4.006854249492,2.798970417004));
#2405 = CARTESIAN_POINT('',(-6.481854249492,4.227912333248));
#2406 = CARTESIAN_POINT('',(-8.956854249492,5.656854249492));
#2407 = CARTESIAN_POINT('',(-6.481854249492,7.085796165737));
#2408 = CARTESIAN_POINT('',(-4.006854249492,8.514738081981));
#2409 = CARTESIAN_POINT('',(-4.006854249492,5.656854249492));
#2410 = ( GEOMETRIC_REPRESENTATION_CONTEXT(2) 
PARAMETRIC_REPRESENTATION_CONTEXT() REPRESENTATION_CONTEXT('2D SPACE',''
  ) );
#2411 = PCURVE('',#1603,#2412);
#2412 = DEFINITIONAL_REPRESENTATION('',(#2413),#2417);
#2413 = LINE('',#2414,#2415);
#2414 = CARTESIAN_POINT('',(-6.28318530718,-55.));
#2415 = VECTOR('',#2416,1.);
#2416 = DIRECTION('',(1.,-0.));
#2417 = ( GEOMETRIC_REPRESENTATION_CONTEXT(2) 
PARAMETRIC_REPRESENTATION_CONTEXT() REPRESENTATION_CONTEXT('2D SPACE',''
  ) );
#2418 = FACE_BOUND('',#2419,.T.);
#2419 = EDGE_LOOP('',(#2420));
#2420 = ORIENTED_EDGE('',*,*,#2421,.T.);
#2421 = EDGE_CURVE('',#2422,#2422,#2424,.T.);
#2422 = VERTEX_POINT('',#2423);
#2423 = CARTESIAN_POINT('',(7.306854249492,5.656854249492,5.));
#2424 = SURFACE_CURVE('',#2425,(#2430,#2441),.PCURVE_S1.);
#2425 = CIRCLE('',#2426,1.65);
#2426 = AXIS2_PLACEMENT_3D('',#2427,#2428,#2429);
#2427 = CARTESIAN_POINT('',(5.656854249492,5.656854249492,5.));
#2428 = DIRECTION('',(0.,0.,-1.));
#2429 = DIRECTION('',(1.,3.289022335458E-18,0.));
#2430 = PCURVE('',#902,#2431);
#2431 = DEFINITIONAL_REPRESENTATION('',(#2432),#2440);
#2432 = ( BOUNDED_CURVE() B_SPLINE_CURVE(2,(#2433,#2434,#2435,#2436,
#2437,#2438,#2439),.UNSPECIFIED.,.T.,.F.) B_SPLINE_CURVE_WITH_KNOTS((1,2
    ,2,2,2,1),(-2.094395102393,0.,2.094395102393,4.188790204786,
6.28318530718,8.377580409573),.UNSPECIFIED.) CURVE() 
GEOMETRIC_REPRESENTATION_ITEM() RATIONAL_B_SPLINE_CURVE((1.,0.5,1.,0.5,
1.,0.5,1.)) REPRESENTATION_ITEM('') );
#2433 = CARTESIAN_POINT('',(7.306854249492,5.656854249492));
#2434 = CARTESIAN_POINT('',(7.306854249492,2.798970417004));
#2435 = CARTESIAN_POINT('',(4.831854249492,4.227912333248));
#2436 = CARTESIAN_POINT('',(2.356854249492,5.656854249492));
#2437 = CARTESIAN_POINT('',(4.831854249492,7.085796165737));
#2438 = CARTESIAN_POINT('',(7.306854249492,8.514738081981));
#2439 = CARTESIAN_POINT('',(7.306854249492,5.656854249492));
#2440 = ( GEOMETRIC_REPRESENTATION_CONTEXT(2) 
PARAMETRIC_REPRESENTATION_CONTEXT() REPRESENTATION_CONTEXT('2D SPACE',''
  ) );
#2441 = PCURVE('',#1638,#2442);
#2442 = DEFINITIONAL_REPRESENTATION('',(#2443),#2447);
#2443 = LINE('',#2444,#2445);
#2444 = CARTESIAN_POINT('',(-6.28318530718,-55.));
#2445 = VECTOR('',#2446,1.);
#2446 = DIRECTION('',(1.,-0.));
#2447 = ( GEOMETRIC_REPRESENTATION_CONTEXT(2) 
PARAMETRIC_REPRESENTATION_CONTEXT() REPRESENTATION_CONTEXT('2D SPACE',''
  ) );
#2448 = FACE_BOUND('',#2449,.T.);
#2449 = EDGE_LOOP('',(#2450));
#2450 = ORIENTED_EDGE('',*,*,#2451,.T.);
#2451 = EDGE_CURVE('',#2452,#2452,#2454,.T.);
#2452 = VERTEX_POINT('',#2453);
#2453 = CARTESIAN_POINT('',(28.65,9.82408909611E-16,5.));
#2454 = SURFACE_CURVE('',#2455,(#2460,#2471),.PCURVE_S1.);
#2455 = CIRCLE('',#2456,1.65);
#2456 = AXIS2_PLACEMENT_3D('',#2457,#2458,#2459);
#2457 = CARTESIAN_POINT('',(27.,9.769820227575E-16,5.));
#2458 = DIRECTION('',(0.,0.,-1.));
#2459 = DIRECTION('',(1.,3.289022335458E-18,0.));
#2460 = PCURVE('',#902,#2461);
#2461 = DEFINITIONAL_REPRESENTATION('',(#2462),#2470);
#2462 = ( BOUNDED_CURVE() B_SPLINE_CURVE(2,(#2463,#2464,#2465,#2466,
#2467,#2468,#2469),.UNSPECIFIED.,.T.,.F.) B_SPLINE_CURVE_WITH_KNOTS((1,2
    ,2,2,2,1),(-2.094395102393,0.,2.094395102393,4.188790204786,
6.28318530718,8.377580409573),.UNSPECIFIED.) CURVE() 
GEOMETRIC_REPRESENTATION_ITEM() RATIONAL_B_SPLINE_CURVE((1.,0.5,1.,0.5,
1.,0.5,1.)) REPRESENTATION_ITEM('') );
#2463 = CARTESIAN_POINT('',(28.65,-4.679120177894E-16));
#2464 = CARTESIAN_POINT('',(28.65,-2.857883832489));
#2465 = CARTESIAN_POINT('',(26.175,-1.428941916244));
#2466 = CARTESIAN_POINT('',(23.7,-8.72045461508E-16));
#2467 = CARTESIAN_POINT('',(26.175,1.428941916244));
#2468 = CARTESIAN_POINT('',(28.65,2.857883832489));
#2469 = CARTESIAN_POINT('',(28.65,-4.679120177894E-16));
#2470 = ( GEOMETRIC_REPRESENTATION_CONTEXT(2) 
PARAMETRIC_REPRESENTATION_CONTEXT() REPRESENTATION_CONTEXT('2D SPACE',''
  ) );
#2471 = PCURVE('',#1673,#2472);
#2472 = DEFINITIONAL_REPRESENTATION('',(#2473),#2477);
#2473 = LINE('',#2474,#2475);
#2474 = CARTESIAN_POINT('',(-6.28318530718,-55.));
#2475 = VECTOR('',#2476,1.);
#2476 = DIRECTION('',(1.,-0.));
#2477 = ( GEOMETRIC_REPRESENTATION_CONTEXT(2) 
PARAMETRIC_REPRESENTATION_CONTEXT() REPRESENTATION_CONTEXT('2D SPACE',''
  ) );
#2478 = FACE_BOUND('',#2479,.T.);
#2479 = EDGE_LOOP('',(#2480));
#2480 = ORIENTED_EDGE('',*,*,#2481,.T.);
#2481 = EDGE_CURVE('',#2482,#2482,#2484,.T.);
#2482 = VERTEX_POINT('',#2483);
#2483 = CARTESIAN_POINT('',(-7.35,30.,5.));
#2484 = SURFACE_CURVE('',#2485,(#2490,#2501),.PCURVE_S1.);
#2485 = CIRCLE('',#2486,1.65);
#2486 = AXIS2_PLACEMENT_3D('',#2487,#2488,#2489);
#2487 = CARTESIAN_POINT('',(-9.,30.,5.));
#2488 = DIRECTION('',(0.,0.,-1.));
#2489 = DIRECTION('',(1.,3.289022335458E-18,0.));
#2490 = PCURVE('',#902,#2491);
#2491 = DEFINITIONAL_REPRESENTATION('',(#2492),#2500);
#2492 = ( BOUNDED_CURVE() B_SPLINE_CURVE(2,(#2493,#2494,#2495,#2496,
#2497,#2498,#2499),.UNSPECIFIED.,.T.,.F.) B_SPLINE_CURVE_WITH_KNOTS((1,2
    ,2,2,2,1),(-2.094395102393,0.,2.094395102393,4.188790204786,
6.28318530718,8.377580409573),.UNSPECIFIED.) CURVE() 
GEOMETRIC_REPRESENTATION_ITEM() RATIONAL_B_SPLINE_CURVE((1.,0.5,1.,0.5,
1.,0.5,1.)) REPRESENTATION_ITEM('') );
#2493 = CARTESIAN_POINT('',(-7.35,30.));
#2494 = CARTESIAN_POINT('',(-7.35,27.142116167511));
#2495 = CARTESIAN_POINT('',(-9.825,28.571058083756));
#2496 = CARTESIAN_POINT('',(-12.3,30.));
#2497 = CARTESIAN_POINT('',(-9.825,31.428941916244));
#2498 = CARTESIAN_POINT('',(-7.35,32.857883832489));
#2499 = CARTESIAN_POINT('',(-7.35,30.));
#2500 = ( GEOMETRIC_REPRESENTATION_CONTEXT(2) 
PARAMETRIC_REPRESENTATION_CONTEXT() REPRESENTATION_CONTEXT('2D SPACE',''
  ) );
#2501 = PCURVE('',#1708,#2502);
#2502 = DEFINITIONAL_REPRESENTATION('',(#2503),#2507);
#2503 = LINE('',#2504,#2505);
#2504 = CARTESIAN_POINT('',(-6.28318530718,-55.));
#2505 = VECTOR('',#2506,1.);
#2506 = DIRECTION('',(1.,-0.));
#2507 = ( GEOMETRIC_REPRESENTATION_CONTEXT(2) 
PARAMETRIC_REPRESENTATION_CONTEXT() REPRESENTATION_CONTEXT('2D SPACE',''
  ) );
#2508 = FACE_BOUND('',#2509,.T.);
#2509 = EDGE_LOOP('',(#2510));
#2510 = ORIENTED_EDGE('',*,*,#2511,.T.);
#2511 = EDGE_CURVE('',#2512,#2512,#2514,.T.);
#2512 = VERTEX_POINT('',#2513);
#2513 = CARTESIAN_POINT('',(1.65,27.,5.));
#2514 = SURFACE_CURVE('',#2515,(#2520,#2531),.PCURVE_S1.);
#2515 = CIRCLE('',#2516,1.65);
#2516 = AXIS2_PLACEMENT_3D('',#2517,#2518,#2519);
#2517 = CARTESIAN_POINT('',(-2.118872636087E-16,27.,5.));
#2518 = DIRECTION('',(0.,0.,-1.));
#2519 = DIRECTION('',(1.,3.289022335458E-18,0.));
#2520 = PCURVE('',#902,#2521);
#2521 = DEFINITIONAL_REPRESENTATION('',(#2522),#2530);
#2522 = ( BOUNDED_CURVE() B_SPLINE_CURVE(2,(#2523,#2524,#2525,#2526,
#2527,#2528,#2529),.UNSPECIFIED.,.T.,.F.) B_SPLINE_CURVE_WITH_KNOTS((1,2
    ,2,2,2,1),(-2.094395102393,0.,2.094395102393,4.188790204786,
6.28318530718,8.377580409573),.UNSPECIFIED.) CURVE() 
GEOMETRIC_REPRESENTATION_ITEM() RATIONAL_B_SPLINE_CURVE((1.,0.5,1.,0.5,
1.,0.5,1.)) REPRESENTATION_ITEM('') );
#2523 = CARTESIAN_POINT('',(1.65,27.));
#2524 = CARTESIAN_POINT('',(1.65,24.142116167511));
#2525 = CARTESIAN_POINT('',(-0.825,25.571058083756));
#2526 = CARTESIAN_POINT('',(-3.3,27.));
#2527 = CARTESIAN_POINT('',(-0.825,28.428941916244));
#2528 = CARTESIAN_POINT('',(1.65,29.857883832489));
#2529 = CARTESIAN_POINT('',(1.65,27.));
#2530 = ( GEOMETRIC_REPRESENTATION_CONTEXT(2) 
PARAMETRIC_REPRESENTATION_CONTEXT() REPRESENTATION_CONTEXT('2D SPACE',''
  ) );
#2531 = PCURVE('',#1743,#2532);
#2532 = DEFINITIONAL_REPRESENTATION('',(#2533),#2537);
#2533 = LINE('',#2534,#2535);
#2534 = CARTESIAN_POINT('',(-6.28318530718,-55.));
#2535 = VECTOR('',#2536,1.);
#2536 = DIRECTION('',(1.,-0.));
#2537 = ( GEOMETRIC_REPRESENTATION_CONTEXT(2) 
PARAMETRIC_REPRESENTATION_CONTEXT() REPRESENTATION_CONTEXT('2D SPACE',''
  ) );
#2538 = FACE_BOUND('',#2539,.T.);
#2539 = EDGE_LOOP('',(#2540,#2563,#2584,#2605));
#2540 = ORIENTED_EDGE('',*,*,#2541,.T.);
#2541 = EDGE_CURVE('',#2542,#2544,#2546,.T.);
#2542 = VERTEX_POINT('',#2543);
#2543 = CARTESIAN_POINT('',(17.1,32.6,5.));
#2544 = VERTEX_POINT('',#2545);
#2545 = CARTESIAN_POINT('',(17.1,27.4,5.));
#2546 = SURFACE_CURVE('',#2547,(#2551,#2557),.PCURVE_S1.);
#2547 = LINE('',#2548,#2549);
#2548 = CARTESIAN_POINT('',(17.1,13.7,5.));
#2549 = VECTOR('',#2550,1.);
#2550 = DIRECTION('',(3.289022335458E-18,-1.,0.));
#2551 = PCURVE('',#902,#2552);
#2552 = DEFINITIONAL_REPRESENTATION('',(#2553),#2556);
#2553 = B_SPLINE_CURVE_WITH_KNOTS('',1,(#2554,#2555),.UNSPECIFIED.,.F.,
  .F.,(2,2),(-18.9,-13.7),.PIECEWISE_BEZIER_KNOTS.);
#2554 = CARTESIAN_POINT('',(17.1,32.6));
#2555 = CARTESIAN_POINT('',(17.1,27.4));
#2556 = ( GEOMETRIC_REPRESENTATION_CONTEXT(2) 
PARAMETRIC_REPRESENTATION_CONTEXT() REPRESENTATION_CONTEXT('2D SPACE',''
  ) );
#2557 = PCURVE('',#1774,#2558);
#2558 = DEFINITIONAL_REPRESENTATION('',(#2559),#2562);
#2559 = B_SPLINE_CURVE_WITH_KNOTS('',1,(#2560,#2561),.UNSPECIFIED.,.F.,
  .F.,(2,2),(-18.9,-13.7),.PIECEWISE_BEZIER_KNOTS.);
#2560 = CARTESIAN_POINT('',(5.2,-55.));
#2561 = CARTESIAN_POINT('',(0.,-55.));
#2562 = ( GEOMETRIC_REPRESENTATION_CONTEXT(2) 
PARAMETRIC_REPRESENTATION_CONTEXT() REPRESENTATION_CONTEXT('2D SPACE',''
  ) );
#2563 = ORIENTED_EDGE('',*,*,#2564,.T.);
#2564 = EDGE_CURVE('',#2544,#2565,#2567,.T.);
#2565 = VERTEX_POINT('',#2566);
#2566 = CARTESIAN_POINT('',(4.9,27.4,5.));
#2567 = SURFACE_CURVE('',#2568,(#2572,#2578),.PCURVE_S1.);
#2568 = LINE('',#2569,#2570);
#2569 = CARTESIAN_POINT('',(2.45,27.4,5.));
#2570 = VECTOR('',#2571,1.);
#2571 = DIRECTION('',(-1.,-3.289022335458E-18,0.));
#2572 = PCURVE('',#902,#2573);
#2573 = DEFINITIONAL_REPRESENTATION('',(#2574),#2577);
#2574 = B_SPLINE_CURVE_WITH_KNOTS('',1,(#2575,#2576),.UNSPECIFIED.,.F.,
  .F.,(2,2),(-14.65,-2.45),.PIECEWISE_BEZIER_KNOTS.);
#2575 = CARTESIAN_POINT('',(17.1,27.4));
#2576 = CARTESIAN_POINT('',(4.9,27.4));
#2577 = ( GEOMETRIC_REPRESENTATION_CONTEXT(2) 
PARAMETRIC_REPRESENTATION_CONTEXT() REPRESENTATION_CONTEXT('2D SPACE',''
  ) );
#2578 = PCURVE('',#1800,#2579);
#2579 = DEFINITIONAL_REPRESENTATION('',(#2580),#2583);
#2580 = B_SPLINE_CURVE_WITH_KNOTS('',1,(#2581,#2582),.UNSPECIFIED.,.F.,
  .F.,(2,2),(-14.65,-2.45),.PIECEWISE_BEZIER_KNOTS.);
#2581 = CARTESIAN_POINT('',(12.2,-55.));
#2582 = CARTESIAN_POINT('',(0.,-55.));
#2583 = ( GEOMETRIC_REPRESENTATION_CONTEXT(2) 
PARAMETRIC_REPRESENTATION_CONTEXT() REPRESENTATION_CONTEXT('2D SPACE',''
  ) );
#2584 = ORIENTED_EDGE('',*,*,#2585,.T.);
#2585 = EDGE_CURVE('',#2565,#2586,#2588,.T.);
#2586 = VERTEX_POINT('',#2587);
#2587 = CARTESIAN_POINT('',(4.9,32.6,5.));
#2588 = SURFACE_CURVE('',#2589,(#2593,#2599),.PCURVE_S1.);
#2589 = LINE('',#2590,#2591);
#2590 = CARTESIAN_POINT('',(4.9,16.3,5.));
#2591 = VECTOR('',#2592,1.);
#2592 = DIRECTION('',(-3.289022335458E-18,1.,0.));
#2593 = PCURVE('',#902,#2594);
#2594 = DEFINITIONAL_REPRESENTATION('',(#2595),#2598);
#2595 = B_SPLINE_CURVE_WITH_KNOTS('',1,(#2596,#2597),.UNSPECIFIED.,.F.,
  .F.,(2,2),(11.1,16.3),.PIECEWISE_BEZIER_KNOTS.);
#2596 = CARTESIAN_POINT('',(4.9,27.4));
#2597 = CARTESIAN_POINT('',(4.9,32.6));
#2598 = ( GEOMETRIC_REPRESENTATION_CONTEXT(2) 
PARAMETRIC_REPRESENTATION_CONTEXT() REPRESENTATION_CONTEXT('2D SPACE',''
  ) );
#2599 = PCURVE('',#1826,#2600);
#2600 = DEFINITIONAL_REPRESENTATION('',(#2601),#2604);
#2601 = B_SPLINE_CURVE_WITH_KNOTS('',1,(#2602,#2603),.UNSPECIFIED.,.F.,
  .F.,(2,2),(11.1,16.3),.PIECEWISE_BEZIER_KNOTS.);
#2602 = CARTESIAN_POINT('',(5.2,-55.));
#2603 = CARTESIAN_POINT('',(0.,-55.));
#2604 = ( GEOMETRIC_REPRESENTATION_CONTEXT(2) 
PARAMETRIC_REPRESENTATION_CONTEXT() REPRESENTATION_CONTEXT('2D SPACE',''
  ) );
#2605 = ORIENTED_EDGE('',*,*,#2606,.T.);
#2606 = EDGE_CURVE('',#2586,#2542,#2607,.T.);
#2607 = SURFACE_CURVE('',#2608,(#2612,#2618),.PCURVE_S1.);
#2608 = LINE('',#2609,#2610);
#2609 = CARTESIAN_POINT('',(8.55,32.6,5.));
#2610 = VECTOR('',#2611,1.);
#2611 = DIRECTION('',(1.,3.289022335458E-18,0.));
#2612 = PCURVE('',#902,#2613);
#2613 = DEFINITIONAL_REPRESENTATION('',(#2614),#2617);
#2614 = B_SPLINE_CURVE_WITH_KNOTS('',1,(#2615,#2616),.UNSPECIFIED.,.F.,
  .F.,(2,2),(-3.65,8.55),.PIECEWISE_BEZIER_KNOTS.);
#2615 = CARTESIAN_POINT('',(4.9,32.6));
#2616 = CARTESIAN_POINT('',(17.1,32.6));
#2617 = ( GEOMETRIC_REPRESENTATION_CONTEXT(2) 
PARAMETRIC_REPRESENTATION_CONTEXT() REPRESENTATION_CONTEXT('2D SPACE',''
  ) );
#2618 = PCURVE('',#1850,#2619);
#2619 = DEFINITIONAL_REPRESENTATION('',(#2620),#2623);
#2620 = B_SPLINE_CURVE_WITH_KNOTS('',1,(#2621,#2622),.UNSPECIFIED.,.F.,
  .F.,(2,2),(-3.65,8.55),.PIECEWISE_BEZIER_KNOTS.);
#2621 = CARTESIAN_POINT('',(12.2,-55.));
#2622 = CARTESIAN_POINT('',(0.,-55.));
#2623 = ( GEOMETRIC_REPRESENTATION_CONTEXT(2) 
PARAMETRIC_REPRESENTATION_CONTEXT() REPRESENTATION_CONTEXT('2D SPACE',''
  ) );
#2624 = ADVANCED_FACE('',(#2625),#965,.T.);
#2625 = FACE_BOUND('',#2626,.T.);
#2626 = EDGE_LOOP('',(#2627,#2628,#2649,#2650));
#2627 = ORIENTED_EDGE('',*,*,#948,.T.);
#2628 = ORIENTED_EDGE('',*,*,#2629,.T.);
#2629 = EDGE_CURVE('',#951,#1870,#2630,.T.);
#2630 = SURFACE_CURVE('',#2631,(#2635,#2642),.PCURVE_S1.);
#2631 = LINE('',#2632,#2633);
#2632 = CARTESIAN_POINT('',(-22.9,-40.1,-50.));
#2633 = VECTOR('',#2634,1.);
#2634 = DIRECTION('',(0.,0.,1.));
#2635 = PCURVE('',#965,#2636);
#2636 = DEFINITIONAL_REPRESENTATION('',(#2637),#2641);
#2637 = LINE('',#2638,#2639);
#2638 = CARTESIAN_POINT('',(0.,0.));
#2639 = VECTOR('',#2640,1.);
#2640 = DIRECTION('',(0.,-1.));
#2641 = ( GEOMETRIC_REPRESENTATION_CONTEXT(2) 
PARAMETRIC_REPRESENTATION_CONTEXT() REPRESENTATION_CONTEXT('2D SPACE',''
  ) );
#2642 = PCURVE('',#991,#2643);
#2643 = DEFINITIONAL_REPRESENTATION('',(#2644),#2648);
#2644 = LINE('',#2645,#2646);
#2645 = CARTESIAN_POINT('',(12.2,0.));
#2646 = VECTOR('',#2647,1.);
#2647 = DIRECTION('',(0.,-1.));
#2648 = ( GEOMETRIC_REPRESENTATION_CONTEXT(2) 
PARAMETRIC_REPRESENTATION_CONTEXT() REPRESENTATION_CONTEXT('2D SPACE',''
  ) );
#2649 = ORIENTED_EDGE('',*,*,#1867,.F.);
#2650 = ORIENTED_EDGE('',*,*,#2651,.F.);
#2651 = EDGE_CURVE('',#949,#1868,#2652,.T.);
#2652 = SURFACE_CURVE('',#2653,(#2657,#2664),.PCURVE_S1.);
#2653 = LINE('',#2654,#2655);
#2654 = CARTESIAN_POINT('',(-22.9,-34.9,-50.));
#2655 = VECTOR('',#2656,1.);
#2656 = DIRECTION('',(0.,0.,1.));
#2657 = PCURVE('',#965,#2658);
#2658 = DEFINITIONAL_REPRESENTATION('',(#2659),#2663);
#2659 = LINE('',#2660,#2661);
#2660 = CARTESIAN_POINT('',(5.2,0.));
#2661 = VECTOR('',#2662,1.);
#2662 = DIRECTION('',(0.,-1.));
#2663 = ( GEOMETRIC_REPRESENTATION_CONTEXT(2) 
PARAMETRIC_REPRESENTATION_CONTEXT() REPRESENTATION_CONTEXT('2D SPACE',''
  ) );
#2664 = PCURVE('',#1041,#2665);
#2665 = DEFINITIONAL_REPRESENTATION('',(#2666),#2670);
#2666 = LINE('',#2667,#2668);
#2667 = CARTESIAN_POINT('',(0.,-0.));
#2668 = VECTOR('',#2669,1.);
#2669 = DIRECTION('',(0.,-1.));
#2670 = ( GEOMETRIC_REPRESENTATION_CONTEXT(2) 
PARAMETRIC_REPRESENTATION_CONTEXT() REPRESENTATION_CONTEXT('2D SPACE',''
  ) );
#2671 = ADVANCED_FACE('',(#2672),#1041,.T.);
#2672 = FACE_BOUND('',#2673,.T.);
#2673 = EDGE_LOOP('',(#2674,#2675,#2676,#2677));
#2674 = ORIENTED_EDGE('',*,*,#1028,.T.);
#2675 = ORIENTED_EDGE('',*,*,#2651,.T.);
#2676 = ORIENTED_EDGE('',*,*,#1932,.F.);
#2677 = ORIENTED_EDGE('',*,*,#2678,.F.);
#2678 = EDGE_CURVE('',#1003,#1912,#2679,.T.);
#2679 = SURFACE_CURVE('',#2680,(#2684,#2691),.PCURVE_S1.);
#2680 = LINE('',#2681,#2682);
#2681 = CARTESIAN_POINT('',(-35.1,-34.9,-50.));
#2682 = VECTOR('',#2683,1.);
#2683 = DIRECTION('',(0.,0.,1.));
#2684 = PCURVE('',#1041,#2685);
#2685 = DEFINITIONAL_REPRESENTATION('',(#2686),#2690);
#2686 = LINE('',#2687,#2688);
#2687 = CARTESIAN_POINT('',(12.2,0.));
#2688 = VECTOR('',#2689,1.);
#2689 = DIRECTION('',(0.,-1.));
#2690 = ( GEOMETRIC_REPRESENTATION_CONTEXT(2) 
PARAMETRIC_REPRESENTATION_CONTEXT() REPRESENTATION_CONTEXT('2D SPACE',''
  ) );
#2691 = PCURVE('',#1017,#2692);
#2692 = DEFINITIONAL_REPRESENTATION('',(#2693),#2697);
#2693 = LINE('',#2694,#2695);
#2694 = CARTESIAN_POINT('',(0.,0.));
#2695 = VECTOR('',#2696,1.);
#2696 = DIRECTION('',(0.,-1.));
#2697 = ( GEOMETRIC_REPRESENTATION_CONTEXT(2) 
PARAMETRIC_REPRESENTATION_CONTEXT() REPRESENTATION_CONTEXT('2D SPACE',''
  ) );
#2698 = ADVANCED_FACE('',(#2699),#991,.T.);
#2699 = FACE_BOUND('',#2700,.T.);
#2700 = EDGE_LOOP('',(#2701,#2702,#2723,#2724));
#2701 = ORIENTED_EDGE('',*,*,#976,.T.);
#2702 = ORIENTED_EDGE('',*,*,#2703,.T.);
#2703 = EDGE_CURVE('',#977,#1891,#2704,.T.);
#2704 = SURFACE_CURVE('',#2705,(#2709,#2716),.PCURVE_S1.);
#2705 = LINE('',#2706,#2707);
#2706 = CARTESIAN_POINT('',(-35.1,-40.1,-50.));
#2707 = VECTOR('',#2708,1.);
#2708 = DIRECTION('',(0.,0.,1.));
#2709 = PCURVE('',#991,#2710);
#2710 = DEFINITIONAL_REPRESENTATION('',(#2711),#2715);
#2711 = LINE('',#2712,#2713);
#2712 = CARTESIAN_POINT('',(0.,0.));
#2713 = VECTOR('',#2714,1.);
#2714 = DIRECTION('',(0.,-1.));
#2715 = ( GEOMETRIC_REPRESENTATION_CONTEXT(2) 
PARAMETRIC_REPRESENTATION_CONTEXT() REPRESENTATION_CONTEXT('2D SPACE',''
  ) );
#2716 = PCURVE('',#1017,#2717);
#2717 = DEFINITIONAL_REPRESENTATION('',(#2718),#2722);
#2718 = LINE('',#2719,#2720);
#2719 = CARTESIAN_POINT('',(5.2,0.));
#2720 = VECTOR('',#2721,1.);
#2721 = DIRECTION('',(0.,-1.));
#2722 = ( GEOMETRIC_REPRESENTATION_CONTEXT(2) 
PARAMETRIC_REPRESENTATION_CONTEXT() REPRESENTATION_CONTEXT('2D SPACE',''
  ) );
#2723 = ORIENTED_EDGE('',*,*,#1890,.F.);
#2724 = ORIENTED_EDGE('',*,*,#2629,.F.);
#2725 = ADVANCED_FACE('',(#2726),#1017,.T.);
#2726 = FACE_BOUND('',#2727,.T.);
#2727 = EDGE_LOOP('',(#2728,#2729,#2730,#2731));
#2728 = ORIENTED_EDGE('',*,*,#1002,.T.);
#2729 = ORIENTED_EDGE('',*,*,#2678,.T.);
#2730 = ORIENTED_EDGE('',*,*,#1911,.F.);
#2731 = ORIENTED_EDGE('',*,*,#2703,.F.);
#2732 = ADVANCED_FACE('',(#2733),#1075,.F.);
#2733 = FACE_BOUND('',#2734,.T.);
#2734 = EDGE_LOOP('',(#2735,#2736,#2757,#2758));
#2735 = ORIENTED_EDGE('',*,*,#1054,.T.);
#2736 = ORIENTED_EDGE('',*,*,#2737,.T.);
#2737 = EDGE_CURVE('',#1055,#1954,#2738,.T.);
#2738 = SEAM_CURVE('',#2739,(#2743,#2750),.PCURVE_S1.);
#2739 = LINE('',#2740,#2741);
#2740 = CARTESIAN_POINT('',(-7.35,-37.5,-50.));
#2741 = VECTOR('',#2742,1.);
#2742 = DIRECTION('',(0.,0.,1.));
#2743 = PCURVE('',#1075,#2744);
#2744 = DEFINITIONAL_REPRESENTATION('',(#2745),#2749);
#2745 = LINE('',#2746,#2747);
#2746 = CARTESIAN_POINT('',(-6.28318530718,0.));
#2747 = VECTOR('',#2748,1.);
#2748 = DIRECTION('',(-0.,-1.));
#2749 = ( GEOMETRIC_REPRESENTATION_CONTEXT(2) 
PARAMETRIC_REPRESENTATION_CONTEXT() REPRESENTATION_CONTEXT('2D SPACE',''
  ) );
#2750 = PCURVE('',#1075,#2751);
#2751 = DEFINITIONAL_REPRESENTATION('',(#2752),#2756);
#2752 = LINE('',#2753,#2754);
#2753 = CARTESIAN_POINT('',(-0.,0.));
#2754 = VECTOR('',#2755,1.);
#2755 = DIRECTION('',(-0.,-1.));
#2756 = ( GEOMETRIC_REPRESENTATION_CONTEXT(2) 
PARAMETRIC_REPRESENTATION_CONTEXT() REPRESENTATION_CONTEXT('2D SPACE',''
  ) );
#2757 = ORIENTED_EDGE('',*,*,#1953,.F.);
#2758 = ORIENTED_EDGE('',*,*,#2737,.F.);
#2759 = ADVANCED_FACE('',(#2760),#1110,.F.);
#2760 = FACE_BOUND('',#2761,.T.);
#2761 = EDGE_LOOP('',(#2762,#2763,#2784,#2785));
#2762 = ORIENTED_EDGE('',*,*,#1089,.T.);
#2763 = ORIENTED_EDGE('',*,*,#2764,.T.);
#2764 = EDGE_CURVE('',#1090,#1984,#2765,.T.);
#2765 = SEAM_CURVE('',#2766,(#2770,#2777),.PCURVE_S1.);
#2766 = LINE('',#2767,#2768);
#2767 = CARTESIAN_POINT('',(1.65,-27.,-50.));
#2768 = VECTOR('',#2769,1.);
#2769 = DIRECTION('',(0.,0.,1.));
#2770 = PCURVE('',#1110,#2771);
#2771 = DEFINITIONAL_REPRESENTATION('',(#2772),#2776);
#2772 = LINE('',#2773,#2774);
#2773 = CARTESIAN_POINT('',(-6.28318530718,0.));
#2774 = VECTOR('',#2775,1.);
#2775 = DIRECTION('',(-0.,-1.));
#2776 = ( GEOMETRIC_REPRESENTATION_CONTEXT(2) 
PARAMETRIC_REPRESENTATION_CONTEXT() REPRESENTATION_CONTEXT('2D SPACE',''
  ) );
#2777 = PCURVE('',#1110,#2778);
#2778 = DEFINITIONAL_REPRESENTATION('',(#2779),#2783);
#2779 = LINE('',#2780,#2781);
#2780 = CARTESIAN_POINT('',(-0.,0.));
#2781 = VECTOR('',#2782,1.);
#2782 = DIRECTION('',(-0.,-1.));
#2783 = ( GEOMETRIC_REPRESENTATION_CONTEXT(2) 
PARAMETRIC_REPRESENTATION_CONTEXT() REPRESENTATION_CONTEXT('2D SPACE',''
  ) );
#2784 = ORIENTED_EDGE('',*,*,#1983,.F.);
#2785 = ORIENTED_EDGE('',*,*,#2764,.F.);
#2786 = ADVANCED_FACE('',(#2787),#1141,.T.);
#2787 = FACE_BOUND('',#2788,.T.);
#2788 = EDGE_LOOP('',(#2789,#2790,#2811,#2812));
#2789 = ORIENTED_EDGE('',*,*,#1124,.T.);
#2790 = ORIENTED_EDGE('',*,*,#2791,.T.);
#2791 = EDGE_CURVE('',#1127,#2016,#2792,.T.);
#2792 = SURFACE_CURVE('',#2793,(#2797,#2804),.PCURVE_S1.);
#2793 = LINE('',#2794,#2795);
#2794 = CARTESIAN_POINT('',(17.1,-40.1,-50.));
#2795 = VECTOR('',#2796,1.);
#2796 = DIRECTION('',(0.,0.,1.));
#2797 = PCURVE('',#1141,#2798);
#2798 = DEFINITIONAL_REPRESENTATION('',(#2799),#2803);
#2799 = LINE('',#2800,#2801);
#2800 = CARTESIAN_POINT('',(0.,0.));
#2801 = VECTOR('',#2802,1.);
#2802 = DIRECTION('',(0.,-1.));
#2803 = ( GEOMETRIC_REPRESENTATION_CONTEXT(2) 
PARAMETRIC_REPRESENTATION_CONTEXT() REPRESENTATION_CONTEXT('2D SPACE',''
  ) );
#2804 = PCURVE('',#1167,#2805);
#2805 = DEFINITIONAL_REPRESENTATION('',(#2806),#2810);
#2806 = LINE('',#2807,#2808);
#2807 = CARTESIAN_POINT('',(12.2,0.));
#2808 = VECTOR('',#2809,1.);
#2809 = DIRECTION('',(0.,-1.));
#2810 = ( GEOMETRIC_REPRESENTATION_CONTEXT(2) 
PARAMETRIC_REPRESENTATION_CONTEXT() REPRESENTATION_CONTEXT('2D SPACE',''
  ) );
#2811 = ORIENTED_EDGE('',*,*,#2013,.F.);
#2812 = ORIENTED_EDGE('',*,*,#2813,.F.);
#2813 = EDGE_CURVE('',#1125,#2014,#2814,.T.);
#2814 = SURFACE_CURVE('',#2815,(#2819,#2826),.PCURVE_S1.);
#2815 = LINE('',#2816,#2817);
#2816 = CARTESIAN_POINT('',(17.1,-34.9,-50.));
#2817 = VECTOR('',#2818,1.);
#2818 = DIRECTION('',(0.,0.,1.));
#2819 = PCURVE('',#1141,#2820);
#2820 = DEFINITIONAL_REPRESENTATION('',(#2821),#2825);
#2821 = LINE('',#2822,#2823);
#2822 = CARTESIAN_POINT('',(5.2,0.));
#2823 = VECTOR('',#2824,1.);
#2824 = DIRECTION('',(0.,-1.));
#2825 = ( GEOMETRIC_REPRESENTATION_CONTEXT(2) 
PARAMETRIC_REPRESENTATION_CONTEXT() REPRESENTATION_CONTEXT('2D SPACE',''
  ) );
#2826 = PCURVE('',#1217,#2827);
#2827 = DEFINITIONAL_REPRESENTATION('',(#2828),#2832);
#2828 = LINE('',#2829,#2830);
#2829 = CARTESIAN_POINT('',(0.,-0.));
#2830 = VECTOR('',#2831,1.);
#2831 = DIRECTION('',(0.,-1.));
#2832 = ( GEOMETRIC_REPRESENTATION_CONTEXT(2) 
PARAMETRIC_REPRESENTATION_CONTEXT() REPRESENTATION_CONTEXT('2D SPACE',''
  ) );
#2833 = ADVANCED_FACE('',(#2834),#1217,.T.);
#2834 = FACE_BOUND('',#2835,.T.);
#2835 = EDGE_LOOP('',(#2836,#2837,#2838,#2839));
#2836 = ORIENTED_EDGE('',*,*,#1204,.T.);
#2837 = ORIENTED_EDGE('',*,*,#2813,.T.);
#2838 = ORIENTED_EDGE('',*,*,#2078,.F.);
#2839 = ORIENTED_EDGE('',*,*,#2840,.F.);
#2840 = EDGE_CURVE('',#1179,#2058,#2841,.T.);
#2841 = SURFACE_CURVE('',#2842,(#2846,#2853),.PCURVE_S1.);
#2842 = LINE('',#2843,#2844);
#2843 = CARTESIAN_POINT('',(4.9,-34.9,-50.));
#2844 = VECTOR('',#2845,1.);
#2845 = DIRECTION('',(0.,0.,1.));
#2846 = PCURVE('',#1217,#2847);
#2847 = DEFINITIONAL_REPRESENTATION('',(#2848),#2852);
#2848 = LINE('',#2849,#2850);
#2849 = CARTESIAN_POINT('',(12.2,0.));
#2850 = VECTOR('',#2851,1.);
#2851 = DIRECTION('',(0.,-1.));
#2852 = ( GEOMETRIC_REPRESENTATION_CONTEXT(2) 
PARAMETRIC_REPRESENTATION_CONTEXT() REPRESENTATION_CONTEXT('2D SPACE',''
  ) );
#2853 = PCURVE('',#1193,#2854);
#2854 = DEFINITIONAL_REPRESENTATION('',(#2855),#2859);
#2855 = LINE('',#2856,#2857);
#2856 = CARTESIAN_POINT('',(0.,0.));
#2857 = VECTOR('',#2858,1.);
#2858 = DIRECTION('',(0.,-1.));
#2859 = ( GEOMETRIC_REPRESENTATION_CONTEXT(2) 
PARAMETRIC_REPRESENTATION_CONTEXT() REPRESENTATION_CONTEXT('2D SPACE',''
  ) );
#2860 = ADVANCED_FACE('',(#2861),#1167,.T.);
#2861 = FACE_BOUND('',#2862,.T.);
#2862 = EDGE_LOOP('',(#2863,#2864,#2885,#2886));
#2863 = ORIENTED_EDGE('',*,*,#1152,.T.);
#2864 = ORIENTED_EDGE('',*,*,#2865,.T.);
#2865 = EDGE_CURVE('',#1153,#2037,#2866,.T.);
#2866 = SURFACE_CURVE('',#2867,(#2871,#2878),.PCURVE_S1.);
#2867 = LINE('',#2868,#2869);
#2868 = CARTESIAN_POINT('',(4.9,-40.1,-50.));
#2869 = VECTOR('',#2870,1.);
#2870 = DIRECTION('',(0.,0.,1.));
#2871 = PCURVE('',#1167,#2872);
#2872 = DEFINITIONAL_REPRESENTATION('',(#2873),#2877);
#2873 = LINE('',#2874,#2875);
#2874 = CARTESIAN_POINT('',(0.,0.));
#2875 = VECTOR('',#2876,1.);
#2876 = DIRECTION('',(0.,-1.));
#2877 = ( GEOMETRIC_REPRESENTATION_CONTEXT(2) 
PARAMETRIC_REPRESENTATION_CONTEXT() REPRESENTATION_CONTEXT('2D SPACE',''
  ) );
#2878 = PCURVE('',#1193,#2879);
#2879 = DEFINITIONAL_REPRESENTATION('',(#2880),#2884);
#2880 = LINE('',#2881,#2882);
#2881 = CARTESIAN_POINT('',(5.2,0.));
#2882 = VECTOR('',#2883,1.);
#2883 = DIRECTION('',(0.,-1.));
#2884 = ( GEOMETRIC_REPRESENTATION_CONTEXT(2) 
PARAMETRIC_REPRESENTATION_CONTEXT() REPRESENTATION_CONTEXT('2D SPACE',''
  ) );
#2885 = ORIENTED_EDGE('',*,*,#2036,.F.);
#2886 = ORIENTED_EDGE('',*,*,#2791,.F.);
#2887 = ADVANCED_FACE('',(#2888),#1193,.T.);
#2888 = FACE_BOUND('',#2889,.T.);
#2889 = EDGE_LOOP('',(#2890,#2891,#2892,#2893));
#2890 = ORIENTED_EDGE('',*,*,#1178,.T.);
#2891 = ORIENTED_EDGE('',*,*,#2840,.T.);
#2892 = ORIENTED_EDGE('',*,*,#2057,.F.);
#2893 = ORIENTED_EDGE('',*,*,#2865,.F.);
#2894 = ADVANCED_FACE('',(#2895),#1251,.F.);
#2895 = FACE_BOUND('',#2896,.T.);
#2896 = EDGE_LOOP('',(#2897,#2898,#2919,#2920));
#2897 = ORIENTED_EDGE('',*,*,#1230,.T.);
#2898 = ORIENTED_EDGE('',*,*,#2899,.T.);
#2899 = EDGE_CURVE('',#1231,#2100,#2900,.T.);
#2900 = SEAM_CURVE('',#2901,(#2905,#2912),.PCURVE_S1.);
#2901 = LINE('',#2902,#2903);
#2902 = CARTESIAN_POINT('',(-4.006854249492,-5.656854249492,-50.));
#2903 = VECTOR('',#2904,1.);
#2904 = DIRECTION('',(0.,0.,1.));
#2905 = PCURVE('',#1251,#2906);
#2906 = DEFINITIONAL_REPRESENTATION('',(#2907),#2911);
#2907 = LINE('',#2908,#2909);
#2908 = CARTESIAN_POINT('',(-6.28318530718,0.));
#2909 = VECTOR('',#2910,1.);
#2910 = DIRECTION('',(-0.,-1.));
#2911 = ( GEOMETRIC_REPRESENTATION_CONTEXT(2) 
PARAMETRIC_REPRESENTATION_CONTEXT() REPRESENTATION_CONTEXT('2D SPACE',''
  ) );
#2912 = PCURVE('',#1251,#2913);
#2913 = DEFINITIONAL_REPRESENTATION('',(#2914),#2918);
#2914 = LINE('',#2915,#2916);
#2915 = CARTESIAN_POINT('',(-0.,0.));
#2916 = VECTOR('',#2917,1.);
#2917 = DIRECTION('',(-0.,-1.));
#2918 = ( GEOMETRIC_REPRESENTATION_CONTEXT(2) 
PARAMETRIC_REPRESENTATION_CONTEXT() REPRESENTATION_CONTEXT('2D SPACE',''
  ) );
#2919 = ORIENTED_EDGE('',*,*,#2099,.F.);
#2920 = ORIENTED_EDGE('',*,*,#2899,.F.);
#2921 = ADVANCED_FACE('',(#2922),#1286,.F.);
#2922 = FACE_BOUND('',#2923,.T.);
#2923 = EDGE_LOOP('',(#2924,#2925,#2946,#2947));
#2924 = ORIENTED_EDGE('',*,*,#1265,.T.);
#2925 = ORIENTED_EDGE('',*,*,#2926,.T.);
#2926 = EDGE_CURVE('',#1266,#2130,#2927,.T.);
#2927 = SEAM_CURVE('',#2928,(#2932,#2939),.PCURVE_S1.);
#2928 = LINE('',#2929,#2930);
#2929 = CARTESIAN_POINT('',(7.306854249492,-5.656854249492,-50.));
#2930 = VECTOR('',#2931,1.);
#2931 = DIRECTION('',(0.,0.,1.));
#2932 = PCURVE('',#1286,#2933);
#2933 = DEFINITIONAL_REPRESENTATION('',(#2934),#2938);
#2934 = LINE('',#2935,#2936);
#2935 = CARTESIAN_POINT('',(-6.28318530718,0.));
#2936 = VECTOR('',#2937,1.);
#2937 = DIRECTION('',(-0.,-1.));
#2938 = ( GEOMETRIC_REPRESENTATION_CONTEXT(2) 
PARAMETRIC_REPRESENTATION_CONTEXT() REPRESENTATION_CONTEXT('2D SPACE',''
  ) );
#2939 = PCURVE('',#1286,#2940);
#2940 = DEFINITIONAL_REPRESENTATION('',(#2941),#2945);
#2941 = LINE('',#2942,#2943);
#2942 = CARTESIAN_POINT('',(-0.,0.));
#2943 = VECTOR('',#2944,1.);
#2944 = DIRECTION('',(-0.,-1.));
#2945 = ( GEOMETRIC_REPRESENTATION_CONTEXT(2) 
PARAMETRIC_REPRESENTATION_CONTEXT() REPRESENTATION_CONTEXT('2D SPACE',''
  ) );
#2946 = ORIENTED_EDGE('',*,*,#2129,.F.);
#2947 = ORIENTED_EDGE('',*,*,#2926,.F.);
#2948 = ADVANCED_FACE('',(#2949),#1317,.T.);
#2949 = FACE_BOUND('',#2950,.T.);
#2950 = EDGE_LOOP('',(#2951,#2952,#2973,#2974));
#2951 = ORIENTED_EDGE('',*,*,#1300,.T.);
#2952 = ORIENTED_EDGE('',*,*,#2953,.T.);
#2953 = EDGE_CURVE('',#1303,#2162,#2954,.T.);
#2954 = SURFACE_CURVE('',#2955,(#2959,#2966),.PCURVE_S1.);
#2955 = LINE('',#2956,#2957);
#2956 = CARTESIAN_POINT('',(-46.,-8.,-50.));
#2957 = VECTOR('',#2958,1.);
#2958 = DIRECTION('',(0.,0.,1.));
#2959 = PCURVE('',#1317,#2960);
#2960 = DEFINITIONAL_REPRESENTATION('',(#2961),#2965);
#2961 = LINE('',#2962,#2963);
#2962 = CARTESIAN_POINT('',(0.,0.));
#2963 = VECTOR('',#2964,1.);
#2964 = DIRECTION('',(0.,-1.));
#2965 = ( GEOMETRIC_REPRESENTATION_CONTEXT(2) 
PARAMETRIC_REPRESENTATION_CONTEXT() REPRESENTATION_CONTEXT('2D SPACE',''
  ) );
#2966 = PCURVE('',#1343,#2967);
#2967 = DEFINITIONAL_REPRESENTATION('',(#2968),#2972);
#2968 = LINE('',#2969,#2970);
#2969 = CARTESIAN_POINT('',(8.,0.));
#2970 = VECTOR('',#2971,1.);
#2971 = DIRECTION('',(0.,-1.));
#2972 = ( GEOMETRIC_REPRESENTATION_CONTEXT(2) 
PARAMETRIC_REPRESENTATION_CONTEXT() REPRESENTATION_CONTEXT('2D SPACE',''
  ) );
#2973 = ORIENTED_EDGE('',*,*,#2159,.F.);
#2974 = ORIENTED_EDGE('',*,*,#2975,.F.);
#2975 = EDGE_CURVE('',#1301,#2160,#2976,.T.);
#2976 = SURFACE_CURVE('',#2977,(#2981,#2988),.PCURVE_S1.);
#2977 = LINE('',#2978,#2979);
#2978 = CARTESIAN_POINT('',(-46.,8.,-50.));
#2979 = VECTOR('',#2980,1.);
#2980 = DIRECTION('',(0.,0.,1.));
#2981 = PCURVE('',#1317,#2982);
#2982 = DEFINITIONAL_REPRESENTATION('',(#2983),#2987);
#2983 = LINE('',#2984,#2985);
#2984 = CARTESIAN_POINT('',(16.,0.));
#2985 = VECTOR('',#2986,1.);
#2986 = DIRECTION('',(0.,-1.));
#2987 = ( GEOMETRIC_REPRESENTATION_CONTEXT(2) 
PARAMETRIC_REPRESENTATION_CONTEXT() REPRESENTATION_CONTEXT('2D SPACE',''
  ) );
#2988 = PCURVE('',#1393,#2989);
#2989 = DEFINITIONAL_REPRESENTATION('',(#2990),#2994);
#2990 = LINE('',#2991,#2992);
#2991 = CARTESIAN_POINT('',(0.,-0.));
#2992 = VECTOR('',#2993,1.);
#2993 = DIRECTION('',(0.,-1.));
#2994 = ( GEOMETRIC_REPRESENTATION_CONTEXT(2) 
PARAMETRIC_REPRESENTATION_CONTEXT() REPRESENTATION_CONTEXT('2D SPACE',''
  ) );
#2995 = ADVANCED_FACE('',(#2996),#1393,.T.);
#2996 = FACE_BOUND('',#2997,.T.);
#2997 = EDGE_LOOP('',(#2998,#2999,#3000,#3001));
#2998 = ORIENTED_EDGE('',*,*,#1380,.T.);
#2999 = ORIENTED_EDGE('',*,*,#2975,.T.);
#3000 = ORIENTED_EDGE('',*,*,#2224,.F.);
#3001 = ORIENTED_EDGE('',*,*,#3002,.F.);
#3002 = EDGE_CURVE('',#1355,#2204,#3003,.T.);
#3003 = SURFACE_CURVE('',#3004,(#3008,#3015),.PCURVE_S1.);
#3004 = LINE('',#3005,#3006);
#3005 = CARTESIAN_POINT('',(-54.,8.,-50.));
#3006 = VECTOR('',#3007,1.);
#3007 = DIRECTION('',(0.,0.,1.));
#3008 = PCURVE('',#1393,#3009);
#3009 = DEFINITIONAL_REPRESENTATION('',(#3010),#3014);
#3010 = LINE('',#3011,#3012);
#3011 = CARTESIAN_POINT('',(8.,0.));
#3012 = VECTOR('',#3013,1.);
#3013 = DIRECTION('',(0.,-1.));
#3014 = ( GEOMETRIC_REPRESENTATION_CONTEXT(2) 
PARAMETRIC_REPRESENTATION_CONTEXT() REPRESENTATION_CONTEXT('2D SPACE',''
  ) );
#3015 = PCURVE('',#1369,#3016);
#3016 = DEFINITIONAL_REPRESENTATION('',(#3017),#3021);
#3017 = LINE('',#3018,#3019);
#3018 = CARTESIAN_POINT('',(0.,0.));
#3019 = VECTOR('',#3020,1.);
#3020 = DIRECTION('',(0.,-1.));
#3021 = ( GEOMETRIC_REPRESENTATION_CONTEXT(2) 
PARAMETRIC_REPRESENTATION_CONTEXT() REPRESENTATION_CONTEXT('2D SPACE',''
  ) );
#3022 = ADVANCED_FACE('',(#3023),#1369,.T.);
#3023 = FACE_BOUND('',#3024,.T.);
#3024 = EDGE_LOOP('',(#3025,#3026,#3027,#3028));
#3025 = ORIENTED_EDGE('',*,*,#1354,.T.);
#3026 = ORIENTED_EDGE('',*,*,#3002,.T.);
#3027 = ORIENTED_EDGE('',*,*,#2203,.F.);
#3028 = ORIENTED_EDGE('',*,*,#3029,.F.);
#3029 = EDGE_CURVE('',#1329,#2183,#3030,.T.);
#3030 = SURFACE_CURVE('',#3031,(#3035,#3042),.PCURVE_S1.);
#3031 = LINE('',#3032,#3033);
#3032 = CARTESIAN_POINT('',(-54.,-8.,-50.));
#3033 = VECTOR('',#3034,1.);
#3034 = DIRECTION('',(0.,0.,1.));
#3035 = PCURVE('',#1369,#3036);
#3036 = DEFINITIONAL_REPRESENTATION('',(#3037),#3041);
#3037 = LINE('',#3038,#3039);
#3038 = CARTESIAN_POINT('',(16.,0.));
#3039 = VECTOR('',#3040,1.);
#3040 = DIRECTION('',(0.,-1.));
#3041 = ( GEOMETRIC_REPRESENTATION_CONTEXT(2) 
PARAMETRIC_REPRESENTATION_CONTEXT() REPRESENTATION_CONTEXT('2D SPACE',''
  ) );
#3042 = PCURVE('',#1343,#3043);
#3043 = DEFINITIONAL_REPRESENTATION('',(#3044),#3048);
#3044 = LINE('',#3045,#3046);
#3045 = CARTESIAN_POINT('',(0.,0.));
#3046 = VECTOR('',#3047,1.);
#3047 = DIRECTION('',(0.,-1.));
#3048 = ( GEOMETRIC_REPRESENTATION_CONTEXT(2) 
PARAMETRIC_REPRESENTATION_CONTEXT() REPRESENTATION_CONTEXT('2D SPACE',''
  ) );
#3049 = ADVANCED_FACE('',(#3050),#1343,.T.);
#3050 = FACE_BOUND('',#3051,.T.);
#3051 = EDGE_LOOP('',(#3052,#3053,#3054,#3055));
#3052 = ORIENTED_EDGE('',*,*,#1328,.T.);
#3053 = ORIENTED_EDGE('',*,*,#3029,.T.);
#3054 = ORIENTED_EDGE('',*,*,#2182,.F.);
#3055 = ORIENTED_EDGE('',*,*,#2953,.F.);
#3056 = ADVANCED_FACE('',(#3057),#1427,.F.);
#3057 = FACE_BOUND('',#3058,.T.);
#3058 = EDGE_LOOP('',(#3059,#3060,#3081,#3082));
#3059 = ORIENTED_EDGE('',*,*,#1406,.T.);
#3060 = ORIENTED_EDGE('',*,*,#3061,.T.);
#3061 = EDGE_CURVE('',#1407,#2246,#3062,.T.);
#3062 = SEAM_CURVE('',#3063,(#3067,#3074),.PCURVE_S1.);
#3063 = LINE('',#3064,#3065);
#3064 = CARTESIAN_POINT('',(-25.35,4.111348061194E-15,-50.));
#3065 = VECTOR('',#3066,1.);
#3066 = DIRECTION('',(0.,0.,1.));
#3067 = PCURVE('',#1427,#3068);
#3068 = DEFINITIONAL_REPRESENTATION('',(#3069),#3073);
#3069 = LINE('',#3070,#3071);
#3070 = CARTESIAN_POINT('',(-6.28318530718,0.));
#3071 = VECTOR('',#3072,1.);
#3072 = DIRECTION('',(-0.,-1.));
#3073 = ( GEOMETRIC_REPRESENTATION_CONTEXT(2) 
PARAMETRIC_REPRESENTATION_CONTEXT() REPRESENTATION_CONTEXT('2D SPACE',''
  ) );
#3074 = PCURVE('',#1427,#3075);
#3075 = DEFINITIONAL_REPRESENTATION('',(#3076),#3080);
#3076 = LINE('',#3077,#3078);
#3077 = CARTESIAN_POINT('',(-0.,0.));
#3078 = VECTOR('',#3079,1.);
#3079 = DIRECTION('',(-0.,-1.));
#3080 = ( GEOMETRIC_REPRESENTATION_CONTEXT(2) 
PARAMETRIC_REPRESENTATION_CONTEXT() REPRESENTATION_CONTEXT('2D SPACE',''
  ) );
#3081 = ORIENTED_EDGE('',*,*,#2245,.F.);
#3082 = ORIENTED_EDGE('',*,*,#3061,.F.);
#3083 = ADVANCED_FACE('',(#3084),#1458,.T.);
#3084 = FACE_BOUND('',#3085,.T.);
#3085 = EDGE_LOOP('',(#3086,#3087,#3108,#3109));
#3086 = ORIENTED_EDGE('',*,*,#1441,.T.);
#3087 = ORIENTED_EDGE('',*,*,#3088,.T.);
#3088 = EDGE_CURVE('',#1444,#2278,#3089,.T.);
#3089 = SURFACE_CURVE('',#3090,(#3094,#3101),.PCURVE_S1.);
#3090 = LINE('',#3091,#3092);
#3091 = CARTESIAN_POINT('',(-22.9,27.4,-50.));
#3092 = VECTOR('',#3093,1.);
#3093 = DIRECTION('',(0.,0.,1.));
#3094 = PCURVE('',#1458,#3095);
#3095 = DEFINITIONAL_REPRESENTATION('',(#3096),#3100);
#3096 = LINE('',#3097,#3098);
#3097 = CARTESIAN_POINT('',(0.,0.));
#3098 = VECTOR('',#3099,1.);
#3099 = DIRECTION('',(0.,-1.));
#3100 = ( GEOMETRIC_REPRESENTATION_CONTEXT(2) 
PARAMETRIC_REPRESENTATION_CONTEXT() REPRESENTATION_CONTEXT('2D SPACE',''
  ) );
#3101 = PCURVE('',#1484,#3102);
#3102 = DEFINITIONAL_REPRESENTATION('',(#3103),#3107);
#3103 = LINE('',#3104,#3105);
#3104 = CARTESIAN_POINT('',(12.2,0.));
#3105 = VECTOR('',#3106,1.);
#3106 = DIRECTION('',(0.,-1.));
#3107 = ( GEOMETRIC_REPRESENTATION_CONTEXT(2) 
PARAMETRIC_REPRESENTATION_CONTEXT() REPRESENTATION_CONTEXT('2D SPACE',''
  ) );
#3108 = ORIENTED_EDGE('',*,*,#2275,.F.);
#3109 = ORIENTED_EDGE('',*,*,#3110,.F.);
#3110 = EDGE_CURVE('',#1442,#2276,#3111,.T.);
#3111 = SURFACE_CURVE('',#3112,(#3116,#3123),.PCURVE_S1.);
#3112 = LINE('',#3113,#3114);
#3113 = CARTESIAN_POINT('',(-22.9,32.6,-50.));
#3114 = VECTOR('',#3115,1.);
#3115 = DIRECTION('',(0.,0.,1.));
#3116 = PCURVE('',#1458,#3117);
#3117 = DEFINITIONAL_REPRESENTATION('',(#3118),#3122);
#3118 = LINE('',#3119,#3120);
#3119 = CARTESIAN_POINT('',(5.2,0.));
#3120 = VECTOR('',#3121,1.);
#3121 = DIRECTION('',(0.,-1.));
#3122 = ( GEOMETRIC_REPRESENTATION_CONTEXT(2) 
PARAMETRIC_REPRESENTATION_CONTEXT() REPRESENTATION_CONTEXT('2D SPACE',''
  ) );
#3123 = PCURVE('',#1534,#3124);
#3124 = DEFINITIONAL_REPRESENTATION('',(#3125),#3129);
#3125 = LINE('',#3126,#3127);
#3126 = CARTESIAN_POINT('',(0.,-0.));
#3127 = VECTOR('',#3128,1.);
#3128 = DIRECTION('',(0.,-1.));
#3129 = ( GEOMETRIC_REPRESENTATION_CONTEXT(2) 
PARAMETRIC_REPRESENTATION_CONTEXT() REPRESENTATION_CONTEXT('2D SPACE',''
  ) );
#3130 = ADVANCED_FACE('',(#3131),#1534,.T.);
#3131 = FACE_BOUND('',#3132,.T.);
#3132 = EDGE_LOOP('',(#3133,#3134,#3135,#3136));
#3133 = ORIENTED_EDGE('',*,*,#1521,.T.);
#3134 = ORIENTED_EDGE('',*,*,#3110,.T.);
#3135 = ORIENTED_EDGE('',*,*,#2340,.F.);
#3136 = ORIENTED_EDGE('',*,*,#3137,.F.);
#3137 = EDGE_CURVE('',#1496,#2320,#3138,.T.);
#3138 = SURFACE_CURVE('',#3139,(#3143,#3150),.PCURVE_S1.);
#3139 = LINE('',#3140,#3141);
#3140 = CARTESIAN_POINT('',(-35.1,32.6,-50.));
#3141 = VECTOR('',#3142,1.);
#3142 = DIRECTION('',(0.,0.,1.));
#3143 = PCURVE('',#1534,#3144);
#3144 = DEFINITIONAL_REPRESENTATION('',(#3145),#3149);
#3145 = LINE('',#3146,#3147);
#3146 = CARTESIAN_POINT('',(12.2,0.));
#3147 = VECTOR('',#3148,1.);
#3148 = DIRECTION('',(0.,-1.));
#3149 = ( GEOMETRIC_REPRESENTATION_CONTEXT(2) 
PARAMETRIC_REPRESENTATION_CONTEXT() REPRESENTATION_CONTEXT('2D SPACE',''
  ) );
#3150 = PCURVE('',#1510,#3151);
#3151 = DEFINITIONAL_REPRESENTATION('',(#3152),#3156);
#3152 = LINE('',#3153,#3154);
#3153 = CARTESIAN_POINT('',(0.,0.));
#3154 = VECTOR('',#3155,1.);
#3155 = DIRECTION('',(0.,-1.));
#3156 = ( GEOMETRIC_REPRESENTATION_CONTEXT(2) 
PARAMETRIC_REPRESENTATION_CONTEXT() REPRESENTATION_CONTEXT('2D SPACE',''
  ) );
#3157 = ADVANCED_FACE('',(#3158),#1484,.T.);
#3158 = FACE_BOUND('',#3159,.T.);
#3159 = EDGE_LOOP('',(#3160,#3161,#3182,#3183));
#3160 = ORIENTED_EDGE('',*,*,#1469,.T.);
#3161 = ORIENTED_EDGE('',*,*,#3162,.T.);
#3162 = EDGE_CURVE('',#1470,#2299,#3163,.T.);
#3163 = SURFACE_CURVE('',#3164,(#3168,#3175),.PCURVE_S1.);
#3164 = LINE('',#3165,#3166);
#3165 = CARTESIAN_POINT('',(-35.1,27.4,-50.));
#3166 = VECTOR('',#3167,1.);
#3167 = DIRECTION('',(0.,0.,1.));
#3168 = PCURVE('',#1484,#3169);
#3169 = DEFINITIONAL_REPRESENTATION('',(#3170),#3174);
#3170 = LINE('',#3171,#3172);
#3171 = CARTESIAN_POINT('',(0.,0.));
#3172 = VECTOR('',#3173,1.);
#3173 = DIRECTION('',(0.,-1.));
#3174 = ( GEOMETRIC_REPRESENTATION_CONTEXT(2) 
PARAMETRIC_REPRESENTATION_CONTEXT() REPRESENTATION_CONTEXT('2D SPACE',''
  ) );
#3175 = PCURVE('',#1510,#3176);
#3176 = DEFINITIONAL_REPRESENTATION('',(#3177),#3181);
#3177 = LINE('',#3178,#3179);
#3178 = CARTESIAN_POINT('',(5.2,0.));
#3179 = VECTOR('',#3180,1.);
#3180 = DIRECTION('',(0.,-1.));
#3181 = ( GEOMETRIC_REPRESENTATION_CONTEXT(2) 
PARAMETRIC_REPRESENTATION_CONTEXT() REPRESENTATION_CONTEXT('2D SPACE',''
  ) );
#3182 = ORIENTED_EDGE('',*,*,#2298,.F.);
#3183 = ORIENTED_EDGE('',*,*,#3088,.F.);
#3184 = ADVANCED_FACE('',(#3185),#1510,.T.);
#3185 = FACE_BOUND('',#3186,.T.);
#3186 = EDGE_LOOP('',(#3187,#3188,#3189,#3190));
#3187 = ORIENTED_EDGE('',*,*,#1495,.T.);
#3188 = ORIENTED_EDGE('',*,*,#3137,.T.);
#3189 = ORIENTED_EDGE('',*,*,#2319,.F.);
#3190 = ORIENTED_EDGE('',*,*,#3162,.F.);
#3191 = ADVANCED_FACE('',(#3192),#1568,.F.);
#3192 = FACE_BOUND('',#3193,.T.);
#3193 = EDGE_LOOP('',(#3194,#3195,#3216,#3217));
#3194 = ORIENTED_EDGE('',*,*,#1547,.T.);
#3195 = ORIENTED_EDGE('',*,*,#3196,.T.);
#3196 = EDGE_CURVE('',#1548,#2362,#3197,.T.);
#3197 = SEAM_CURVE('',#3198,(#3202,#3209),.PCURVE_S1.);
#3198 = LINE('',#3199,#3200);
#3199 = CARTESIAN_POINT('',(2.75,8.972232311226E-16,-50.));
#3200 = VECTOR('',#3201,1.);
#3201 = DIRECTION('',(0.,0.,1.));
#3202 = PCURVE('',#1568,#3203);
#3203 = DEFINITIONAL_REPRESENTATION('',(#3204),#3208);
#3204 = LINE('',#3205,#3206);
#3205 = CARTESIAN_POINT('',(-6.28318530718,0.));
#3206 = VECTOR('',#3207,1.);
#3207 = DIRECTION('',(-0.,-1.));
#3208 = ( GEOMETRIC_REPRESENTATION_CONTEXT(2) 
PARAMETRIC_REPRESENTATION_CONTEXT() REPRESENTATION_CONTEXT('2D SPACE',''
  ) );
#3209 = PCURVE('',#1568,#3210);
#3210 = DEFINITIONAL_REPRESENTATION('',(#3211),#3215);
#3211 = LINE('',#3212,#3213);
#3212 = CARTESIAN_POINT('',(-0.,0.));
#3213 = VECTOR('',#3214,1.);
#3214 = DIRECTION('',(-0.,-1.));
#3215 = ( GEOMETRIC_REPRESENTATION_CONTEXT(2) 
PARAMETRIC_REPRESENTATION_CONTEXT() REPRESENTATION_CONTEXT('2D SPACE',''
  ) );
#3216 = ORIENTED_EDGE('',*,*,#2361,.F.);
#3217 = ORIENTED_EDGE('',*,*,#3196,.F.);
#3218 = ADVANCED_FACE('',(#3219),#1603,.F.);
#3219 = FACE_BOUND('',#3220,.T.);
#3220 = EDGE_LOOP('',(#3221,#3222,#3243,#3244));
#3221 = ORIENTED_EDGE('',*,*,#1582,.T.);
#3222 = ORIENTED_EDGE('',*,*,#3223,.T.);
#3223 = EDGE_CURVE('',#1583,#2392,#3224,.T.);
#3224 = SEAM_CURVE('',#3225,(#3229,#3236),.PCURVE_S1.);
#3225 = LINE('',#3226,#3227);
#3226 = CARTESIAN_POINT('',(-4.006854249492,5.656854249492,-50.));
#3227 = VECTOR('',#3228,1.);
#3228 = DIRECTION('',(0.,0.,1.));
#3229 = PCURVE('',#1603,#3230);
#3230 = DEFINITIONAL_REPRESENTATION('',(#3231),#3235);
#3231 = LINE('',#3232,#3233);
#3232 = CARTESIAN_POINT('',(-6.28318530718,0.));
#3233 = VECTOR('',#3234,1.);
#3234 = DIRECTION('',(-0.,-1.));
#3235 = ( GEOMETRIC_REPRESENTATION_CONTEXT(2) 
PARAMETRIC_REPRESENTATION_CONTEXT() REPRESENTATION_CONTEXT('2D SPACE',''
  ) );
#3236 = PCURVE('',#1603,#3237);
#3237 = DEFINITIONAL_REPRESENTATION('',(#3238),#3242);
#3238 = LINE('',#3239,#3240);
#3239 = CARTESIAN_POINT('',(-0.,0.));
#3240 = VECTOR('',#3241,1.);
#3241 = DIRECTION('',(-0.,-1.));
#3242 = ( GEOMETRIC_REPRESENTATION_CONTEXT(2) 
PARAMETRIC_REPRESENTATION_CONTEXT() REPRESENTATION_CONTEXT('2D SPACE',''
  ) );
#3243 = ORIENTED_EDGE('',*,*,#2391,.F.);
#3244 = ORIENTED_EDGE('',*,*,#3223,.F.);
#3245 = ADVANCED_FACE('',(#3246),#1638,.F.);
#3246 = FACE_BOUND('',#3247,.T.);
#3247 = EDGE_LOOP('',(#3248,#3249,#3270,#3271));
#3248 = ORIENTED_EDGE('',*,*,#1617,.T.);
#3249 = ORIENTED_EDGE('',*,*,#3250,.T.);
#3250 = EDGE_CURVE('',#1618,#2422,#3251,.T.);
#3251 = SEAM_CURVE('',#3252,(#3256,#3263),.PCURVE_S1.);
#3252 = LINE('',#3253,#3254);
#3253 = CARTESIAN_POINT('',(7.306854249492,5.656854249492,-50.));
#3254 = VECTOR('',#3255,1.);
#3255 = DIRECTION('',(0.,0.,1.));
#3256 = PCURVE('',#1638,#3257);
#3257 = DEFINITIONAL_REPRESENTATION('',(#3258),#3262);
#3258 = LINE('',#3259,#3260);
#3259 = CARTESIAN_POINT('',(-6.28318530718,0.));
#3260 = VECTOR('',#3261,1.);
#3261 = DIRECTION('',(-0.,-1.));
#3262 = ( GEOMETRIC_REPRESENTATION_CONTEXT(2) 
PARAMETRIC_REPRESENTATION_CONTEXT() REPRESENTATION_CONTEXT('2D SPACE',''
  ) );
#3263 = PCURVE('',#1638,#3264);
#3264 = DEFINITIONAL_REPRESENTATION('',(#3265),#3269);
#3265 = LINE('',#3266,#3267);
#3266 = CARTESIAN_POINT('',(-0.,0.));
#3267 = VECTOR('',#3268,1.);
#3268 = DIRECTION('',(-0.,-1.));
#3269 = ( GEOMETRIC_REPRESENTATION_CONTEXT(2) 
PARAMETRIC_REPRESENTATION_CONTEXT() REPRESENTATION_CONTEXT('2D SPACE',''
  ) );
#3270 = ORIENTED_EDGE('',*,*,#2421,.F.);
#3271 = ORIENTED_EDGE('',*,*,#3250,.F.);
#3272 = ADVANCED_FACE('',(#3273),#1673,.F.);
#3273 = FACE_BOUND('',#3274,.T.);
#3274 = EDGE_LOOP('',(#3275,#3276,#3297,#3298));
#3275 = ORIENTED_EDGE('',*,*,#1652,.T.);
#3276 = ORIENTED_EDGE('',*,*,#3277,.T.);
#3277 = EDGE_CURVE('',#1653,#2452,#3278,.T.);
#3278 = SEAM_CURVE('',#3279,(#3283,#3290),.PCURVE_S1.);
#3279 = LINE('',#3280,#3281);
#3280 = CARTESIAN_POINT('',(28.65,9.82408909611E-16,-50.));
#3281 = VECTOR('',#3282,1.);
#3282 = DIRECTION('',(0.,0.,1.));
#3283 = PCURVE('',#1673,#3284);
#3284 = DEFINITIONAL_REPRESENTATION('',(#3285),#3289);
#3285 = LINE('',#3286,#3287);
#3286 = CARTESIAN_POINT('',(-6.28318530718,0.));
#3287 = VECTOR('',#3288,1.);
#3288 = DIRECTION('',(-0.,-1.));
#3289 = ( GEOMETRIC_REPRESENTATION_CONTEXT(2) 
PARAMETRIC_REPRESENTATION_CONTEXT() REPRESENTATION_CONTEXT('2D SPACE',''
  ) );
#3290 = PCURVE('',#1673,#3291);
#3291 = DEFINITIONAL_REPRESENTATION('',(#3292),#3296);
#3292 = LINE('',#3293,#3294);
#3293 = CARTESIAN_POINT('',(-0.,0.));
#3294 = VECTOR('',#3295,1.);
#3295 = DIRECTION('',(-0.,-1.));
#3296 = ( GEOMETRIC_REPRESENTATION_CONTEXT(2) 
PARAMETRIC_REPRESENTATION_CONTEXT() REPRESENTATION_CONTEXT('2D SPACE',''
  ) );
#3297 = ORIENTED_EDGE('',*,*,#2451,.F.);
#3298 = ORIENTED_EDGE('',*,*,#3277,.F.);
#3299 = ADVANCED_FACE('',(#3300),#1708,.F.);
#3300 = FACE_BOUND('',#3301,.T.);
#3301 = EDGE_LOOP('',(#3302,#3303,#3324,#3325));
#3302 = ORIENTED_EDGE('',*,*,#1687,.T.);
#3303 = ORIENTED_EDGE('',*,*,#3304,.T.);
#3304 = EDGE_CURVE('',#1688,#2482,#3305,.T.);
#3305 = SEAM_CURVE('',#3306,(#3310,#3317),.PCURVE_S1.);
#3306 = LINE('',#3307,#3308);
#3307 = CARTESIAN_POINT('',(-7.35,30.,-50.));
#3308 = VECTOR('',#3309,1.);
#3309 = DIRECTION('',(0.,0.,1.));
#3310 = PCURVE('',#1708,#3311);
#3311 = DEFINITIONAL_REPRESENTATION('',(#3312),#3316);
#3312 = LINE('',#3313,#3314);
#3313 = CARTESIAN_POINT('',(-6.28318530718,0.));
#3314 = VECTOR('',#3315,1.);
#3315 = DIRECTION('',(-0.,-1.));
#3316 = ( GEOMETRIC_REPRESENTATION_CONTEXT(2) 
PARAMETRIC_REPRESENTATION_CONTEXT() REPRESENTATION_CONTEXT('2D SPACE',''
  ) );
#3317 = PCURVE('',#1708,#3318);
#3318 = DEFINITIONAL_REPRESENTATION('',(#3319),#3323);
#3319 = LINE('',#3320,#3321);
#3320 = CARTESIAN_POINT('',(-0.,0.));
#3321 = VECTOR('',#3322,1.);
#3322 = DIRECTION('',(-0.,-1.));
#3323 = ( GEOMETRIC_REPRESENTATION_CONTEXT(2) 
PARAMETRIC_REPRESENTATION_CONTEXT() REPRESENTATION_CONTEXT('2D SPACE',''
  ) );
#3324 = ORIENTED_EDGE('',*,*,#2481,.F.);
#3325 = ORIENTED_EDGE('',*,*,#3304,.F.);
#3326 = ADVANCED_FACE('',(#3327),#1743,.F.);
#3327 = FACE_BOUND('',#3328,.T.);
#3328 = EDGE_LOOP('',(#3329,#3330,#3351,#3352));
#3329 = ORIENTED_EDGE('',*,*,#1722,.T.);
#3330 = ORIENTED_EDGE('',*,*,#3331,.T.);
#3331 = EDGE_CURVE('',#1723,#2512,#3332,.T.);
#3332 = SEAM_CURVE('',#3333,(#3337,#3344),.PCURVE_S1.);
#3333 = LINE('',#3334,#3335);
#3334 = CARTESIAN_POINT('',(1.65,27.,-50.));
#3335 = VECTOR('',#3336,1.);
#3336 = DIRECTION('',(0.,0.,1.));
#3337 = PCURVE('',#1743,#3338);
#3338 = DEFINITIONAL_REPRESENTATION('',(#3339),#3343);
#3339 = LINE('',#3340,#3341);
#3340 = CARTESIAN_POINT('',(-6.28318530718,0.));
#3341 = VECTOR('',#3342,1.);
#3342 = DIRECTION('',(-0.,-1.));
#3343 = ( GEOMETRIC_REPRESENTATION_CONTEXT(2) 
PARAMETRIC_REPRESENTATION_CONTEXT() REPRESENTATION_CONTEXT('2D SPACE',''
  ) );
#3344 = PCURVE('',#1743,#3345);
#3345 = DEFINITIONAL_REPRESENTATION('',(#3346),#3350);
#3346 = LINE('',#3347,#3348);
#3347 = CARTESIAN_POINT('',(-0.,0.));
#3348 = VECTOR('',#3349,1.);
#3349 = DIRECTION('',(-0.,-1.));
#3350 = ( GEOMETRIC_REPRESENTATION_CONTEXT(2) 
PARAMETRIC_REPRESENTATION_CONTEXT() REPRESENTATION_CONTEXT('2D SPACE',''
  ) );
#3351 = ORIENTED_EDGE('',*,*,#2511,.F.);
#3352 = ORIENTED_EDGE('',*,*,#3331,.F.);
#3353 = ADVANCED_FACE('',(#3354),#1774,.T.);
#3354 = FACE_BOUND('',#3355,.T.);
#3355 = EDGE_LOOP('',(#3356,#3357,#3378,#3379));
#3356 = ORIENTED_EDGE('',*,*,#1757,.T.);
#3357 = ORIENTED_EDGE('',*,*,#3358,.T.);
#3358 = EDGE_CURVE('',#1760,#2544,#3359,.T.);
#3359 = SURFACE_CURVE('',#3360,(#3364,#3371),.PCURVE_S1.);
#3360 = LINE('',#3361,#3362);
#3361 = CARTESIAN_POINT('',(17.1,27.4,-50.));
#3362 = VECTOR('',#3363,1.);
#3363 = DIRECTION('',(0.,0.,1.));
#3364 = PCURVE('',#1774,#3365);
#3365 = DEFINITIONAL_REPRESENTATION('',(#3366),#3370);
#3366 = LINE('',#3367,#3368);
#3367 = CARTESIAN_POINT('',(0.,0.));
#3368 = VECTOR('',#3369,1.);
#3369 = DIRECTION('',(0.,-1.));
#3370 = ( GEOMETRIC_REPRESENTATION_CONTEXT(2) 
PARAMETRIC_REPRESENTATION_CONTEXT() REPRESENTATION_CONTEXT('2D SPACE',''
  ) );
#3371 = PCURVE('',#1800,#3372);
#3372 = DEFINITIONAL_REPRESENTATION('',(#3373),#3377);
#3373 = LINE('',#3374,#3375);
#3374 = CARTESIAN_POINT('',(12.2,0.));
#3375 = VECTOR('',#3376,1.);
#3376 = DIRECTION('',(0.,-1.));
#3377 = ( GEOMETRIC_REPRESENTATION_CONTEXT(2) 
PARAMETRIC_REPRESENTATION_CONTEXT() REPRESENTATION_CONTEXT('2D SPACE',''
  ) );
#3378 = ORIENTED_EDGE('',*,*,#2541,.F.);
#3379 = ORIENTED_EDGE('',*,*,#3380,.F.);
#3380 = EDGE_CURVE('',#1758,#2542,#3381,.T.);
#3381 = SURFACE_CURVE('',#3382,(#3386,#3393),.PCURVE_S1.);
#3382 = LINE('',#3383,#3384);
#3383 = CARTESIAN_POINT('',(17.1,32.6,-50.));
#3384 = VECTOR('',#3385,1.);
#3385 = DIRECTION('',(0.,0.,1.));
#3386 = PCURVE('',#1774,#3387);
#3387 = DEFINITIONAL_REPRESENTATION('',(#3388),#3392);
#3388 = LINE('',#3389,#3390);
#3389 = CARTESIAN_POINT('',(5.2,0.));
#3390 = VECTOR('',#3391,1.);
#3391 = DIRECTION('',(0.,-1.));
#3392 = ( GEOMETRIC_REPRESENTATION_CONTEXT(2) 
PARAMETRIC_REPRESENTATION_CONTEXT() REPRESENTATION_CONTEXT('2D SPACE',''
  ) );
#3393 = PCURVE('',#1850,#3394);
#3394 = DEFINITIONAL_REPRESENTATION('',(#3395),#3399);
#3395 = LINE('',#3396,#3397);
#3396 = CARTESIAN_POINT('',(0.,-0.));
#3397 = VECTOR('',#3398,1.);
#3398 = DIRECTION('',(0.,-1.));
#3399 = ( GEOMETRIC_REPRESENTATION_CONTEXT(2) 
PARAMETRIC_REPRESENTATION_CONTEXT() REPRESENTATION_CONTEXT('2D SPACE',''
  ) );
#3400 = ADVANCED_FACE('',(#3401),#1850,.T.);
#3401 = FACE_BOUND('',#3402,.T.);
#3402 = EDGE_LOOP('',(#3403,#3404,#3405,#3406));
#3403 = ORIENTED_EDGE('',*,*,#1837,.T.);
#3404 = ORIENTED_EDGE('',*,*,#3380,.T.);
#3405 = ORIENTED_EDGE('',*,*,#2606,.F.);
#3406 = ORIENTED_EDGE('',*,*,#3407,.F.);
#3407 = EDGE_CURVE('',#1812,#2586,#3408,.T.);
#3408 = SURFACE_CURVE('',#3409,(#3413,#3420),.PCURVE_S1.);
#3409 = LINE('',#3410,#3411);
#3410 = CARTESIAN_POINT('',(4.9,32.6,-50.));
#3411 = VECTOR('',#3412,1.);
#3412 = DIRECTION('',(0.,0.,1.));
#3413 = PCURVE('',#1850,#3414);
#3414 = DEFINITIONAL_REPRESENTATION('',(#3415),#3419);
#3415 = LINE('',#3416,#3417);
#3416 = CARTESIAN_POINT('',(12.2,0.));
#3417 = VECTOR('',#3418,1.);
#3418 = DIRECTION('',(0.,-1.));
#3419 = ( GEOMETRIC_REPRESENTATION_CONTEXT(2) 
PARAMETRIC_REPRESENTATION_CONTEXT() REPRESENTATION_CONTEXT('2D SPACE',''
  ) );
#3420 = PCURVE('',#1826,#3421);
#3421 = DEFINITIONAL_REPRESENTATION('',(#3422),#3426);
#3422 = LINE('',#3423,#3424);
#3423 = CARTESIAN_POINT('',(0.,0.));
#3424 = VECTOR('',#3425,1.);
#3425 = DIRECTION('',(0.,-1.));
#3426 = ( GEOMETRIC_REPRESENTATION_CONTEXT(2) 
PARAMETRIC_REPRESENTATION_CONTEXT() REPRESENTATION_CONTEXT('2D SPACE',''
  ) );
#3427 = ADVANCED_FACE('',(#3428),#1800,.T.);
#3428 = FACE_BOUND('',#3429,.T.);
#3429 = EDGE_LOOP('',(#3430,#3431,#3452,#3453));
#3430 = ORIENTED_EDGE('',*,*,#1785,.T.);
#3431 = ORIENTED_EDGE('',*,*,#3432,.T.);
#3432 = EDGE_CURVE('',#1786,#2565,#3433,.T.);
#3433 = SURFACE_CURVE('',#3434,(#3438,#3445),.PCURVE_S1.);
#3434 = LINE('',#3435,#3436);
#3435 = CARTESIAN_POINT('',(4.9,27.4,-50.));
#3436 = VECTOR('',#3437,1.);
#3437 = DIRECTION('',(0.,0.,1.));
#3438 = PCURVE('',#1800,#3439);
#3439 = DEFINITIONAL_REPRESENTATION('',(#3440),#3444);
#3440 = LINE('',#3441,#3442);
#3441 = CARTESIAN_POINT('',(0.,0.));
#3442 = VECTOR('',#3443,1.);
#3443 = DIRECTION('',(0.,-1.));
#3444 = ( GEOMETRIC_REPRESENTATION_CONTEXT(2) 
PARAMETRIC_REPRESENTATION_CONTEXT() REPRESENTATION_CONTEXT('2D SPACE',''
  ) );
#3445 = PCURVE('',#1826,#3446);
#3446 = DEFINITIONAL_REPRESENTATION('',(#3447),#3451);
#3447 = LINE('',#3448,#3449);
#3448 = CARTESIAN_POINT('',(5.2,0.));
#3449 = VECTOR('',#3450,1.);
#3450 = DIRECTION('',(0.,-1.));
#3451 = ( GEOMETRIC_REPRESENTATION_CONTEXT(2) 
PARAMETRIC_REPRESENTATION_CONTEXT() REPRESENTATION_CONTEXT('2D SPACE',''
  ) );
#3452 = ORIENTED_EDGE('',*,*,#2564,.F.);
#3453 = ORIENTED_EDGE('',*,*,#3358,.F.);
#3454 = ADVANCED_FACE('',(#3455),#1826,.T.);
#3455 = FACE_BOUND('',#3456,.T.);
#3456 = EDGE_LOOP('',(#3457,#3458,#3459,#3460));
#3457 = ORIENTED_EDGE('',*,*,#1811,.T.);
#3458 = ORIENTED_EDGE('',*,*,#3407,.T.);
#3459 = ORIENTED_EDGE('',*,*,#2585,.F.);
#3460 = ORIENTED_EDGE('',*,*,#3432,.F.);
#3461 = ( GEOMETRIC_REPRESENTATION_CONTEXT(3) 
GLOBAL_UNCERTAINTY_ASSIGNED_CONTEXT((#3465)) 
GLOBAL_UNIT_ASSIGNED_CONTEXT((#3462,#3463,#3464)) REPRESENTATION_CONTEXT
('Context #1','3D Context with UNIT and UNCERTAINTY') );
#3462 = ( LENGTH_UNIT() NAMED_UNIT(*) SI_UNIT(.MILLI.,.METRE.) );
#3463 = ( NAMED_UNIT(*) PLANE_ANGLE_UNIT() SI_UNIT($,.RADIAN.) );
#3464 = ( NAMED_UNIT(*) SI_UNIT($,.STERADIAN.) SOLID_ANGLE_UNIT() );
#3465 = UNCERTAINTY_MEASURE_WITH_UNIT(LENGTH_MEASURE(1.E-07),#3462,
  'distance_accuracy_value','confusion accuracy');
#3466 = CONTEXT_DEPENDENT_SHAPE_REPRESENTATION(#3467,#3469);
#3467 = ( REPRESENTATION_RELATIONSHIP('','',#850,#10) 
REPRESENTATION_RELATIONSHIP_WITH_TRANSFORMATION(#3468) 
SHAPE_REPRESENTATION_RELATIONSHIP() );
#3468 = ITEM_DEFINED_TRANSFORMATION('','',#11,#23);
#3469 = PRODUCT_DEFINITION_SHAPE('Placement','Placement of an item',
  #3470);
#3470 = NEXT_ASSEMBLY_USAGE_OCCURRENCE('13','04_povorotny_stol','',#5,
  #845,$);
#3471 = PRODUCT_RELATED_PRODUCT_CATEGORY('part',$,(#847));
#3472 = SHAPE_DEFINITION_REPRESENTATION(#3473,#3479);
#3473 = PRODUCT_DEFINITION_SHAPE('','',#3474);
#3474 = PRODUCT_DEFINITION('design','',#3475,#3478);
#3475 = PRODUCT_DEFINITION_FORMATION('','',#3476);
#3476 = PRODUCT('mufta_flanc_5mm','mufta_flanc_5mm','',(#3477));
#3477 = PRODUCT_CONTEXT('',#2,'mechanical');
#3478 = PRODUCT_DEFINITION_CONTEXT('part definition',#2,'design');
#3479 = ADVANCED_BREP_SHAPE_REPRESENTATION('',(#11,#3480),#3668);
#3480 = MANIFOLD_SOLID_BREP('',#3481);
#3481 = CLOSED_SHELL('',(#3482,#3570,#3605,#3609,#3664));
#3482 = ADVANCED_FACE('',(#3483),#3497,.T.);
#3483 = FACE_BOUND('',#3484,.F.);
#3484 = EDGE_LOOP('',(#3485,#3515,#3542,#3543));
#3485 = ORIENTED_EDGE('',*,*,#3486,.T.);
#3486 = EDGE_CURVE('',#3487,#3489,#3491,.T.);
#3487 = VERTEX_POINT('',#3488);
#3488 = CARTESIAN_POINT('',(11.,0.,-3.5));
#3489 = VERTEX_POINT('',#3490);
#3490 = CARTESIAN_POINT('',(11.,0.,4.6021954437E-15));
#3491 = SEAM_CURVE('',#3492,(#3496,#3508),.PCURVE_S1.);
#3492 = LINE('',#3493,#3494);
#3493 = CARTESIAN_POINT('',(11.,0.,-3.5));
#3494 = VECTOR('',#3495,1.);
#3495 = DIRECTION('',(-4.183814039727E-16,0.,1.));
#3496 = PCURVE('',#3497,#3502);
#3497 = CYLINDRICAL_SURFACE('',#3498,11.);
#3498 = AXIS2_PLACEMENT_3D('',#3499,#3500,#3501);
#3499 = CARTESIAN_POINT('',(-3.120219254959E-16,0.,-3.5));
#3500 = DIRECTION('',(4.183814039727E-16,-0.,-1.));
#3501 = DIRECTION('',(1.,0.,4.183814039727E-16));
#3502 = DEFINITIONAL_REPRESENTATION('',(#3503),#3507);
#3503 = LINE('',#3504,#3505);
#3504 = CARTESIAN_POINT('',(-0.,0.));
#3505 = VECTOR('',#3506,1.);
#3506 = DIRECTION('',(-0.,-1.));
#3507 = ( GEOMETRIC_REPRESENTATION_CONTEXT(2) 
PARAMETRIC_REPRESENTATION_CONTEXT() REPRESENTATION_CONTEXT('2D SPACE',''
  ) );
#3508 = PCURVE('',#3497,#3509);
#3509 = DEFINITIONAL_REPRESENTATION('',(#3510),#3514);
#3510 = LINE('',#3511,#3512);
#3511 = CARTESIAN_POINT('',(-6.28318530718,0.));
#3512 = VECTOR('',#3513,1.);
#3513 = DIRECTION('',(-0.,-1.));
#3514 = ( GEOMETRIC_REPRESENTATION_CONTEXT(2) 
PARAMETRIC_REPRESENTATION_CONTEXT() REPRESENTATION_CONTEXT('2D SPACE',''
  ) );
#3515 = ORIENTED_EDGE('',*,*,#3516,.T.);
#3516 = EDGE_CURVE('',#3489,#3489,#3517,.T.);
#3517 = SURFACE_CURVE('',#3518,(#3523,#3530),.PCURVE_S1.);
#3518 = CIRCLE('',#3519,11.);
#3519 = AXIS2_PLACEMENT_3D('',#3520,#3521,#3522);
#3520 = CARTESIAN_POINT('',(-1.7763568394E-15,0.,0.));
#3521 = DIRECTION('',(-4.183814039727E-16,0.,1.));
#3522 = DIRECTION('',(1.,0.,4.183814039727E-16));
#3523 = PCURVE('',#3497,#3524);
#3524 = DEFINITIONAL_REPRESENTATION('',(#3525),#3529);
#3525 = LINE('',#3526,#3527);
#3526 = CARTESIAN_POINT('',(-0.,-3.5));
#3527 = VECTOR('',#3528,1.);
#3528 = DIRECTION('',(-1.,0.));
#3529 = ( GEOMETRIC_REPRESENTATION_CONTEXT(2) 
PARAMETRIC_REPRESENTATION_CONTEXT() REPRESENTATION_CONTEXT('2D SPACE',''
  ) );
#3530 = PCURVE('',#3531,#3536);
#3531 = PLANE('',#3532);
#3532 = AXIS2_PLACEMENT_3D('',#3533,#3534,#3535);
#3533 = CARTESIAN_POINT('',(-2.522233275331E-15,-4.490371596874E-16,
    -3.120608304548E-31));
#3534 = DIRECTION('',(-4.183814039727E-16,0.,1.));
#3535 = DIRECTION('',(1.,0.,4.183814039727E-16));
#3536 = DEFINITIONAL_REPRESENTATION('',(#3537),#3541);
#3537 = CIRCLE('',#3538,11.);
#3538 = AXIS2_PLACEMENT_2D('',#3539,#3540);
#3539 = CARTESIAN_POINT('',(7.458764359306E-16,4.490371596874E-16));
#3540 = DIRECTION('',(1.,0.));
#3541 = ( GEOMETRIC_REPRESENTATION_CONTEXT(2) 
PARAMETRIC_REPRESENTATION_CONTEXT() REPRESENTATION_CONTEXT('2D SPACE',''
  ) );
#3542 = ORIENTED_EDGE('',*,*,#3486,.F.);
#3543 = ORIENTED_EDGE('',*,*,#3544,.F.);
#3544 = EDGE_CURVE('',#3487,#3487,#3545,.T.);
#3545 = SURFACE_CURVE('',#3546,(#3551,#3558),.PCURVE_S1.);
#3546 = CIRCLE('',#3547,11.);
#3547 = AXIS2_PLACEMENT_3D('',#3548,#3549,#3550);
#3548 = CARTESIAN_POINT('',(-3.120219254959E-16,0.,-3.5));
#3549 = DIRECTION('',(-4.183814039727E-16,0.,1.));
#3550 = DIRECTION('',(1.,0.,4.183814039727E-16));
#3551 = PCURVE('',#3497,#3552);
#3552 = DEFINITIONAL_REPRESENTATION('',(#3553),#3557);
#3553 = LINE('',#3554,#3555);
#3554 = CARTESIAN_POINT('',(-0.,0.));
#3555 = VECTOR('',#3556,1.);
#3556 = DIRECTION('',(-1.,0.));
#3557 = ( GEOMETRIC_REPRESENTATION_CONTEXT(2) 
PARAMETRIC_REPRESENTATION_CONTEXT() REPRESENTATION_CONTEXT('2D SPACE',''
  ) );
#3558 = PCURVE('',#3559,#3564);
#3559 = PLANE('',#3560);
#3560 = AXIS2_PLACEMENT_3D('',#3561,#3562,#3563);
#3561 = CARTESIAN_POINT('',(-1.057898361426E-15,-4.490371596874E-16,-3.5
    ));
#3562 = DIRECTION('',(-4.183814039727E-16,0.,1.));
#3563 = DIRECTION('',(1.,0.,4.183814039727E-16));
#3564 = DEFINITIONAL_REPRESENTATION('',(#3565),#3569);
#3565 = CIRCLE('',#3566,11.);
#3566 = AXIS2_PLACEMENT_2D('',#3567,#3568);
#3567 = CARTESIAN_POINT('',(7.458764359306E-16,4.490371596874E-16));
#3568 = DIRECTION('',(1.,0.));
#3569 = ( GEOMETRIC_REPRESENTATION_CONTEXT(2) 
PARAMETRIC_REPRESENTATION_CONTEXT() REPRESENTATION_CONTEXT('2D SPACE',''
  ) );
#3570 = ADVANCED_FACE('',(#3571,#3574),#3559,.F.);
#3571 = FACE_BOUND('',#3572,.F.);
#3572 = EDGE_LOOP('',(#3573));
#3573 = ORIENTED_EDGE('',*,*,#3544,.T.);
#3574 = FACE_BOUND('',#3575,.F.);
#3575 = EDGE_LOOP('',(#3576));
#3576 = ORIENTED_EDGE('',*,*,#3577,.F.);
#3577 = EDGE_CURVE('',#3578,#3578,#3580,.T.);
#3578 = VERTEX_POINT('',#3579);
#3579 = CARTESIAN_POINT('',(6.,0.,-3.5));
#3580 = SURFACE_CURVE('',#3581,(#3586,#3593),.PCURVE_S1.);
#3581 = CIRCLE('',#3582,6.);
#3582 = AXIS2_PLACEMENT_3D('',#3583,#3584,#3585);
#3583 = CARTESIAN_POINT('',(-3.120219254959E-16,0.,-3.5));
#3584 = DIRECTION('',(-4.183814039727E-16,0.,1.));
#3585 = DIRECTION('',(1.,0.,4.183814039727E-16));
#3586 = PCURVE('',#3559,#3587);
#3587 = DEFINITIONAL_REPRESENTATION('',(#3588),#3592);
#3588 = CIRCLE('',#3589,6.);
#3589 = AXIS2_PLACEMENT_2D('',#3590,#3591);
#3590 = CARTESIAN_POINT('',(7.458764359306E-16,4.490371596874E-16));
#3591 = DIRECTION('',(1.,0.));
#3592 = ( GEOMETRIC_REPRESENTATION_CONTEXT(2) 
PARAMETRIC_REPRESENTATION_CONTEXT() REPRESENTATION_CONTEXT('2D SPACE',''
  ) );
#3593 = PCURVE('',#3594,#3599);
#3594 = CYLINDRICAL_SURFACE('',#3595,6.);
#3595 = AXIS2_PLACEMENT_3D('',#3596,#3597,#3598);
#3596 = CARTESIAN_POINT('',(3.871792114231E-15,0.,-13.5));
#3597 = DIRECTION('',(4.183814039727E-16,-0.,-1.));
#3598 = DIRECTION('',(1.,0.,4.183814039727E-16));
#3599 = DEFINITIONAL_REPRESENTATION('',(#3600),#3604);
#3600 = LINE('',#3601,#3602);
#3601 = CARTESIAN_POINT('',(-0.,-10.));
#3602 = VECTOR('',#3603,1.);
#3603 = DIRECTION('',(-1.,0.));
#3604 = ( GEOMETRIC_REPRESENTATION_CONTEXT(2) 
PARAMETRIC_REPRESENTATION_CONTEXT() REPRESENTATION_CONTEXT('2D SPACE',''
  ) );
#3605 = ADVANCED_FACE('',(#3606),#3531,.T.);
#3606 = FACE_BOUND('',#3607,.T.);
#3607 = EDGE_LOOP('',(#3608));
#3608 = ORIENTED_EDGE('',*,*,#3516,.T.);
#3609 = ADVANCED_FACE('',(#3610),#3594,.T.);
#3610 = FACE_BOUND('',#3611,.F.);
#3611 = EDGE_LOOP('',(#3612,#3635,#3636,#3637));
#3612 = ORIENTED_EDGE('',*,*,#3613,.T.);
#3613 = EDGE_CURVE('',#3614,#3578,#3616,.T.);
#3614 = VERTEX_POINT('',#3615);
#3615 = CARTESIAN_POINT('',(6.,0.,-13.5));
#3616 = SEAM_CURVE('',#3617,(#3621,#3628),.PCURVE_S1.);
#3617 = LINE('',#3618,#3619);
#3618 = CARTESIAN_POINT('',(6.,0.,-13.5));
#3619 = VECTOR('',#3620,1.);
#3620 = DIRECTION('',(-4.183814039727E-16,0.,1.));
#3621 = PCURVE('',#3594,#3622);
#3622 = DEFINITIONAL_REPRESENTATION('',(#3623),#3627);
#3623 = LINE('',#3624,#3625);
#3624 = CARTESIAN_POINT('',(-0.,0.));
#3625 = VECTOR('',#3626,1.);
#3626 = DIRECTION('',(-0.,-1.));
#3627 = ( GEOMETRIC_REPRESENTATION_CONTEXT(2) 
PARAMETRIC_REPRESENTATION_CONTEXT() REPRESENTATION_CONTEXT('2D SPACE',''
  ) );
#3628 = PCURVE('',#3594,#3629);
#3629 = DEFINITIONAL_REPRESENTATION('',(#3630),#3634);
#3630 = LINE('',#3631,#3632);
#3631 = CARTESIAN_POINT('',(-6.28318530718,0.));
#3632 = VECTOR('',#3633,1.);
#3633 = DIRECTION('',(-0.,-1.));
#3634 = ( GEOMETRIC_REPRESENTATION_CONTEXT(2) 
PARAMETRIC_REPRESENTATION_CONTEXT() REPRESENTATION_CONTEXT('2D SPACE',''
  ) );
#3635 = ORIENTED_EDGE('',*,*,#3577,.T.);
#3636 = ORIENTED_EDGE('',*,*,#3613,.F.);
#3637 = ORIENTED_EDGE('',*,*,#3638,.F.);
#3638 = EDGE_CURVE('',#3614,#3614,#3639,.T.);
#3639 = SURFACE_CURVE('',#3640,(#3645,#3652),.PCURVE_S1.);
#3640 = CIRCLE('',#3641,6.);
#3641 = AXIS2_PLACEMENT_3D('',#3642,#3643,#3644);
#3642 = CARTESIAN_POINT('',(3.871792114231E-15,0.,-13.5));
#3643 = DIRECTION('',(-4.183814039727E-16,0.,1.));
#3644 = DIRECTION('',(1.,0.,4.183814039727E-16));
#3645 = PCURVE('',#3594,#3646);
#3646 = DEFINITIONAL_REPRESENTATION('',(#3647),#3651);
#3647 = LINE('',#3648,#3649);
#3648 = CARTESIAN_POINT('',(-0.,0.));
#3649 = VECTOR('',#3650,1.);
#3650 = DIRECTION('',(-1.,0.));
#3651 = ( GEOMETRIC_REPRESENTATION_CONTEXT(2) 
PARAMETRIC_REPRESENTATION_CONTEXT() REPRESENTATION_CONTEXT('2D SPACE',''
  ) );
#3652 = PCURVE('',#3653,#3658);
#3653 = PLANE('',#3654);
#3654 = AXIS2_PLACEMENT_3D('',#3655,#3656,#3657);
#3655 = CARTESIAN_POINT('',(3.529932081096E-15,-1.70226710729E-17,-13.5)
  );
#3656 = DIRECTION('',(-4.183814039727E-16,0.,1.));
#3657 = DIRECTION('',(1.,0.,4.183814039727E-16));
#3658 = DEFINITIONAL_REPRESENTATION('',(#3659),#3663);
#3659 = CIRCLE('',#3660,6.);
#3660 = AXIS2_PLACEMENT_2D('',#3661,#3662);
#3661 = CARTESIAN_POINT('',(3.418600331349E-16,1.70226710729E-17));
#3662 = DIRECTION('',(1.,0.));
#3663 = ( GEOMETRIC_REPRESENTATION_CONTEXT(2) 
PARAMETRIC_REPRESENTATION_CONTEXT() REPRESENTATION_CONTEXT('2D SPACE',''
  ) );
#3664 = ADVANCED_FACE('',(#3665),#3653,.F.);
#3665 = FACE_BOUND('',#3666,.F.);
#3666 = EDGE_LOOP('',(#3667));
#3667 = ORIENTED_EDGE('',*,*,#3638,.T.);
#3668 = ( GEOMETRIC_REPRESENTATION_CONTEXT(3) 
GLOBAL_UNCERTAINTY_ASSIGNED_CONTEXT((#3672)) 
GLOBAL_UNIT_ASSIGNED_CONTEXT((#3669,#3670,#3671)) REPRESENTATION_CONTEXT
('Context #1','3D Context with UNIT and UNCERTAINTY') );
#3669 = ( LENGTH_UNIT() NAMED_UNIT(*) SI_UNIT(.MILLI.,.METRE.) );
#3670 = ( NAMED_UNIT(*) PLANE_ANGLE_UNIT() SI_UNIT($,.RADIAN.) );
#3671 = ( NAMED_UNIT(*) SI_UNIT($,.STERADIAN.) SOLID_ANGLE_UNIT() );
#3672 = UNCERTAINTY_MEASURE_WITH_UNIT(LENGTH_MEASURE(1.E-07),#3669,
  'distance_accuracy_value','confusion accuracy');
#3673 = CONTEXT_DEPENDENT_SHAPE_REPRESENTATION(#3674,#3676);
#3674 = ( REPRESENTATION_RELATIONSHIP('','',#3479,#10) 
REPRESENTATION_RELATIONSHIP_WITH_TRANSFORMATION(#3675) 
SHAPE_REPRESENTATION_RELATIONSHIP() );
#3675 = ITEM_DEFINED_TRANSFORMATION('','',#11,#27);
#3676 = PRODUCT_DEFINITION_SHAPE('Placement','Placement of an item',
  #3677);
#3677 = NEXT_ASSEMBLY_USAGE_OCCURRENCE('14','mufta_flanc_5mm','',#5,
  #3474,$);
#3678 = PRODUCT_RELATED_PRODUCT_CATEGORY('part',$,(#3476));
#3679 = SHAPE_DEFINITION_REPRESENTATION(#3680,#3686);
#3680 = PRODUCT_DEFINITION_SHAPE('','',#3681);
#3681 = PRODUCT_DEFINITION('design','',#3682,#3685);
#3682 = PRODUCT_DEFINITION_FORMATION('','',#3683);
#3683 = PRODUCT('06_stoyka_levaya','06_stoyka_levaya','',(#3684));
#3684 = PRODUCT_CONTEXT('',#2,'mechanical');
#3685 = PRODUCT_DEFINITION_CONTEXT('part definition',#2,'design');
#3686 = ADVANCED_BREP_SHAPE_REPRESENTATION('',(#11,#3687),#6737);
#3687 = MANIFOLD_SOLID_BREP('',#3688);
#3688 = CLOSED_SHELL('',(#3689,#3807,#4866,#4915,#5772,#5799,#5846,#5873
    ,#5900,#5925,#5932,#5959,#5986,#6011,#6038,#6065,#6090,#6115,#6142,
    #6169,#6196,#6221,#6246,#6273,#6300,#6327,#6354,#6379,#6386,#6413,
    #6460,#6487,#6514,#6521,#6548,#6575,#6602,#6649,#6676,#6703,#6710));
#3689 = ADVANCED_FACE('',(#3690),#3704,.F.);
#3690 = FACE_BOUND('',#3691,.F.);
#3691 = EDGE_LOOP('',(#3692,#3727,#3755,#3783));
#3692 = ORIENTED_EDGE('',*,*,#3693,.F.);
#3693 = EDGE_CURVE('',#3694,#3696,#3698,.T.);
#3694 = VERTEX_POINT('',#3695);
#3695 = CARTESIAN_POINT('',(-42.,32.5,5.));
#3696 = VERTEX_POINT('',#3697);
#3697 = CARTESIAN_POINT('',(-35.,32.5,5.));
#3698 = SURFACE_CURVE('',#3699,(#3703,#3715),.PCURVE_S1.);
#3699 = LINE('',#3700,#3701);
#3700 = CARTESIAN_POINT('',(-42.,32.5,5.));
#3701 = VECTOR('',#3702,1.);
#3702 = DIRECTION('',(1.,-9.686616962803E-19,-2.611704790081E-17));
#3703 = PCURVE('',#3704,#3709);
#3704 = PLANE('',#3705);
#3705 = AXIS2_PLACEMENT_3D('',#3706,#3707,#3708);
#3706 = CARTESIAN_POINT('',(-42.,32.5,5.));
#3707 = DIRECTION('',(2.611704790081E-17,-1.230220894319E-18,1.));
#3708 = DIRECTION('',(1.,-9.686616962803E-19,-2.611704790081E-17));
#3709 = DEFINITIONAL_REPRESENTATION('',(#3710),#3714);
#3710 = LINE('',#3711,#3712);
#3711 = CARTESIAN_POINT('',(0.,0.));
#3712 = VECTOR('',#3713,1.);
#3713 = DIRECTION('',(1.,0.));
#3714 = ( GEOMETRIC_REPRESENTATION_CONTEXT(2) 
PARAMETRIC_REPRESENTATION_CONTEXT() REPRESENTATION_CONTEXT('2D SPACE',''
  ) );
#3715 = PCURVE('',#3716,#3721);
#3716 = PLANE('',#3717);
#3717 = AXIS2_PLACEMENT_3D('',#3718,#3719,#3720);
#3718 = CARTESIAN_POINT('',(-10.02931489345,32.5,37.585640026833));
#3719 = DIRECTION('',(-9.686616962803E-19,-1.,-1.230220894319E-18));
#3720 = DIRECTION('',(1.,-9.686616962803E-19,-2.611704790081E-17));
#3721 = DEFINITIONAL_REPRESENTATION('',(#3722),#3726);
#3722 = LINE('',#3723,#3724);
#3723 = CARTESIAN_POINT('',(-31.97068510654,-32.58564002683));
#3724 = VECTOR('',#3725,1.);
#3725 = DIRECTION('',(1.,0.));
#3726 = ( GEOMETRIC_REPRESENTATION_CONTEXT(2) 
PARAMETRIC_REPRESENTATION_CONTEXT() REPRESENTATION_CONTEXT('2D SPACE',''
  ) );
#3727 = ORIENTED_EDGE('',*,*,#3728,.T.);
#3728 = EDGE_CURVE('',#3694,#3729,#3731,.T.);
#3729 = VERTEX_POINT('',#3730);
#3730 = CARTESIAN_POINT('',(-42.,27.5,5.));
#3731 = SURFACE_CURVE('',#3732,(#3736,#3743),.PCURVE_S1.);
#3732 = LINE('',#3733,#3734);
#3733 = CARTESIAN_POINT('',(-42.,32.5,5.));
#3734 = VECTOR('',#3735,1.);
#3735 = DIRECTION('',(-9.686616962803E-19,-1.,-1.230220894319E-18));
#3736 = PCURVE('',#3704,#3737);
#3737 = DEFINITIONAL_REPRESENTATION('',(#3738),#3742);
#3738 = LINE('',#3739,#3740);
#3739 = CARTESIAN_POINT('',(0.,0.));
#3740 = VECTOR('',#3741,1.);
#3741 = DIRECTION('',(0.,-1.));
#3742 = ( GEOMETRIC_REPRESENTATION_CONTEXT(2) 
PARAMETRIC_REPRESENTATION_CONTEXT() REPRESENTATION_CONTEXT('2D SPACE',''
  ) );
#3743 = PCURVE('',#3744,#3749);
#3744 = PLANE('',#3745);
#3745 = AXIS2_PLACEMENT_3D('',#3746,#3747,#3748);
#3746 = CARTESIAN_POINT('',(-43.995127,32.5,62.720804));
#3747 = DIRECTION('',(0.999403160702,-1.010580924807E-18,
    3.454449854512E-02));
#3748 = DIRECTION('',(3.454449854512E-02,1.196024717585E-18,
    -0.999403160702));
#3749 = DEFINITIONAL_REPRESENTATION('',(#3750),#3754);
#3750 = LINE('',#3751,#3752);
#3751 = CARTESIAN_POINT('',(57.755274617584,0.));
#3752 = VECTOR('',#3753,1.);
#3753 = DIRECTION('',(0.,-1.));
#3754 = ( GEOMETRIC_REPRESENTATION_CONTEXT(2) 
PARAMETRIC_REPRESENTATION_CONTEXT() REPRESENTATION_CONTEXT('2D SPACE',''
  ) );
#3755 = ORIENTED_EDGE('',*,*,#3756,.T.);
#3756 = EDGE_CURVE('',#3729,#3757,#3759,.T.);
#3757 = VERTEX_POINT('',#3758);
#3758 = CARTESIAN_POINT('',(-35.,27.5,5.));
#3759 = SURFACE_CURVE('',#3760,(#3764,#3771),.PCURVE_S1.);
#3760 = LINE('',#3761,#3762);
#3761 = CARTESIAN_POINT('',(-42.,27.5,5.));
#3762 = VECTOR('',#3763,1.);
#3763 = DIRECTION('',(1.,-9.686616962803E-19,-2.611704790081E-17));
#3764 = PCURVE('',#3704,#3765);
#3765 = DEFINITIONAL_REPRESENTATION('',(#3766),#3770);
#3766 = LINE('',#3767,#3768);
#3767 = CARTESIAN_POINT('',(0.,-5.));
#3768 = VECTOR('',#3769,1.);
#3769 = DIRECTION('',(1.,0.));
#3770 = ( GEOMETRIC_REPRESENTATION_CONTEXT(2) 
PARAMETRIC_REPRESENTATION_CONTEXT() REPRESENTATION_CONTEXT('2D SPACE',''
  ) );
#3771 = PCURVE('',#3772,#3777);
#3772 = PLANE('',#3773);
#3773 = AXIS2_PLACEMENT_3D('',#3774,#3775,#3776);
#3774 = CARTESIAN_POINT('',(-10.02931489345,27.5,37.585640026833));
#3775 = DIRECTION('',(-9.686616962803E-19,-1.,-1.230220894319E-18));
#3776 = DIRECTION('',(1.,-9.686616962803E-19,-2.611704790081E-17));
#3777 = DEFINITIONAL_REPRESENTATION('',(#3778),#3782);
#3778 = LINE('',#3779,#3780);
#3779 = CARTESIAN_POINT('',(-31.97068510654,-32.58564002683));
#3780 = VECTOR('',#3781,1.);
#3781 = DIRECTION('',(1.,0.));
#3782 = ( GEOMETRIC_REPRESENTATION_CONTEXT(2) 
PARAMETRIC_REPRESENTATION_CONTEXT() REPRESENTATION_CONTEXT('2D SPACE',''
  ) );
#3783 = ORIENTED_EDGE('',*,*,#3784,.T.);
#3784 = EDGE_CURVE('',#3757,#3696,#3785,.T.);
#3785 = SURFACE_CURVE('',#3786,(#3790,#3796),.PCURVE_S1.);
#3786 = LINE('',#3787,#3788);
#3787 = CARTESIAN_POINT('',(-35.,32.5,5.));
#3788 = VECTOR('',#3789,1.);
#3789 = DIRECTION('',(9.686616962803E-19,1.,1.230220894319E-18));
#3790 = PCURVE('',#3704,#3791);
#3791 = DEFINITIONAL_REPRESENTATION('',(#3792),#3795);
#3792 = B_SPLINE_CURVE_WITH_KNOTS('',1,(#3793,#3794),.UNSPECIFIED.,.F.,
  .F.,(2,2),(-5.,0.),.PIECEWISE_BEZIER_KNOTS.);
#3793 = CARTESIAN_POINT('',(7.,-5.));
#3794 = CARTESIAN_POINT('',(7.,0.));
#3795 = ( GEOMETRIC_REPRESENTATION_CONTEXT(2) 
PARAMETRIC_REPRESENTATION_CONTEXT() REPRESENTATION_CONTEXT('2D SPACE',''
  ) );
#3796 = PCURVE('',#3797,#3802);
#3797 = PLANE('',#3798);
#3798 = AXIS2_PLACEMENT_3D('',#3799,#3800,#3801);
#3799 = CARTESIAN_POINT('',(-35.,32.5,5.01));
#3800 = DIRECTION('',(1.,-9.686616962803E-19,-2.611704790081E-17));
#3801 = DIRECTION('',(-2.611704790081E-17,1.230220894319E-18,-1.));
#3802 = DEFINITIONAL_REPRESENTATION('',(#3803),#3806);
#3803 = B_SPLINE_CURVE_WITH_KNOTS('',1,(#3804,#3805),.UNSPECIFIED.,.F.,
  .F.,(2,2),(-5.,0.),.PIECEWISE_BEZIER_KNOTS.);
#3804 = CARTESIAN_POINT('',(1.E-02,-5.));
#3805 = CARTESIAN_POINT('',(1.E-02,0.));
#3806 = ( GEOMETRIC_REPRESENTATION_CONTEXT(2) 
PARAMETRIC_REPRESENTATION_CONTEXT() REPRESENTATION_CONTEXT('2D SPACE',''
  ) );
#3807 = ADVANCED_FACE('',(#3808,#4479,#4514,#4620,#4655,#4690,#4725,
    #4831),#3716,.F.);
#3808 = FACE_BOUND('',#3809,.F.);
#3809 = EDGE_LOOP('',(#3810,#3841,#3869,#3898,#3919,#3920,#3943,#3971,
    #3999,#4027,#4053,#4079,#4105,#4131,#4157,#4183,#4209,#4235,#4261,
    #4287,#4313,#4341,#4369,#4397,#4425,#4453));
#3810 = ORIENTED_EDGE('',*,*,#3811,.T.);
#3811 = EDGE_CURVE('',#3812,#3814,#3816,.T.);
#3812 = VERTEX_POINT('',#3813);
#3813 = CARTESIAN_POINT('',(21.958966,32.5,56.343068));
#3814 = VERTEX_POINT('',#3815);
#3815 = CARTESIAN_POINT('',(-3.82026,32.5,76.665771));
#3816 = SURFACE_CURVE('',#3817,(#3822,#3829),.PCURVE_S1.);
#3817 = CIRCLE('',#3818,22.000002034728);
#3818 = AXIS2_PLACEMENT_3D('',#3819,#3820,#3821);
#3819 = CARTESIAN_POINT('',(-1.481017317255E-06,32.5,54.999998122575));
#3820 = DIRECTION('',(-9.686616962803E-19,-1.,-1.230220894319E-18));
#3821 = DIRECTION('',(0.998134793186,-1.041958236107E-18,
    6.10486251458E-02));
#3822 = PCURVE('',#3716,#3823);
#3823 = DEFINITIONAL_REPRESENTATION('',(#3824),#3828);
#3824 = CIRCLE('',#3825,22.000002034728);
#3825 = AXIS2_PLACEMENT_2D('',#3826,#3827);
#3826 = CARTESIAN_POINT('',(10.029313412437,17.414358095742));
#3827 = DIRECTION('',(0.998134793186,6.10486251458E-02));
#3828 = ( GEOMETRIC_REPRESENTATION_CONTEXT(2) 
PARAMETRIC_REPRESENTATION_CONTEXT() REPRESENTATION_CONTEXT('2D SPACE',''
  ) );
#3829 = PCURVE('',#3830,#3835);
#3830 = CYLINDRICAL_SURFACE('',#3831,22.000002034728);
#3831 = AXIS2_PLACEMENT_3D('',#3832,#3833,#3834);
#3832 = CARTESIAN_POINT('',(-1.481017317255E-06,32.5,54.999998122575));
#3833 = DIRECTION('',(9.686616962803E-19,1.,1.230220894319E-18));
#3834 = DIRECTION('',(0.998134793186,-1.041958236107E-18,
    6.10486251458E-02));
#3835 = DEFINITIONAL_REPRESENTATION('',(#3836),#3840);
#3836 = LINE('',#3837,#3838);
#3837 = CARTESIAN_POINT('',(-0.,0.));
#3838 = VECTOR('',#3839,1.);
#3839 = DIRECTION('',(-1.,0.));
#3840 = ( GEOMETRIC_REPRESENTATION_CONTEXT(2) 
PARAMETRIC_REPRESENTATION_CONTEXT() REPRESENTATION_CONTEXT('2D SPACE',''
  ) );
#3841 = ORIENTED_EDGE('',*,*,#3842,.T.);
#3842 = EDGE_CURVE('',#3814,#3843,#3845,.T.);
#3843 = VERTEX_POINT('',#3844);
#3844 = CARTESIAN_POINT('',(-37.389185,32.5,70.878462));
#3845 = SURFACE_CURVE('',#3846,(#3850,#3857),.PCURVE_S1.);
#3846 = LINE('',#3847,#3848);
#3847 = CARTESIAN_POINT('',(-3.82026,32.5,76.665771));
#3848 = VECTOR('',#3849,1.);
#3849 = DIRECTION('',(-0.985462262139,1.163587269531E-18,-0.169894466946
    ));
#3850 = PCURVE('',#3716,#3851);
#3851 = DEFINITIONAL_REPRESENTATION('',(#3852),#3856);
#3852 = LINE('',#3853,#3854);
#3853 = CARTESIAN_POINT('',(6.209054893454,39.080130973167));
#3854 = VECTOR('',#3855,1.);
#3855 = DIRECTION('',(-0.985462262139,-0.169894466946));
#3856 = ( GEOMETRIC_REPRESENTATION_CONTEXT(2) 
PARAMETRIC_REPRESENTATION_CONTEXT() REPRESENTATION_CONTEXT('2D SPACE',''
  ) );
#3857 = PCURVE('',#3858,#3863);
#3858 = PLANE('',#3859);
#3859 = AXIS2_PLACEMENT_3D('',#3860,#3861,#3862);
#3860 = CARTESIAN_POINT('',(-3.82026,32.5,76.665771));
#3861 = DIRECTION('',(0.169894466946,1.047766002906E-18,-0.985462262139)
  );
#3862 = DIRECTION('',(-0.985462262139,1.163587269531E-18,-0.169894466946
    ));
#3863 = DEFINITIONAL_REPRESENTATION('',(#3864),#3868);
#3864 = LINE('',#3865,#3866);
#3865 = CARTESIAN_POINT('',(0.,0.));
#3866 = VECTOR('',#3867,1.);
#3867 = DIRECTION('',(1.,0.));
#3868 = ( GEOMETRIC_REPRESENTATION_CONTEXT(2) 
PARAMETRIC_REPRESENTATION_CONTEXT() REPRESENTATION_CONTEXT('2D SPACE',''
  ) );
#3869 = ORIENTED_EDGE('',*,*,#3870,.T.);
#3870 = EDGE_CURVE('',#3843,#3871,#3873,.T.);
#3871 = VERTEX_POINT('',#3872);
#3872 = CARTESIAN_POINT('',(-43.995127,32.5,62.720804));
#3873 = SURFACE_CURVE('',#3874,(#3879,#3886),.PCURVE_S1.);
#3874 = CIRCLE('',#3875,8.000000097651);
#3875 = AXIS2_PLACEMENT_3D('',#3876,#3877,#3878);
#3876 = CARTESIAN_POINT('',(-36.00000027844,32.5,62.999999753355));
#3877 = DIRECTION('',(-9.686616962803E-19,-1.,-1.230220894319E-18));
#3878 = DIRECTION('',(-0.173648088075,-1.043324842527E-18,0.98480776881)
  );
#3879 = PCURVE('',#3716,#3880);
#3880 = DEFINITIONAL_REPRESENTATION('',(#3881),#3885);
#3881 = CIRCLE('',#3882,8.000000097651);
#3882 = AXIS2_PLACEMENT_2D('',#3883,#3884);
#3883 = CARTESIAN_POINT('',(-25.97068538499,25.414359726522));
#3884 = DIRECTION('',(-0.173648088075,0.98480776881));
#3885 = ( GEOMETRIC_REPRESENTATION_CONTEXT(2) 
PARAMETRIC_REPRESENTATION_CONTEXT() REPRESENTATION_CONTEXT('2D SPACE',''
  ) );
#3886 = PCURVE('',#3887,#3892);
#3887 = CYLINDRICAL_SURFACE('',#3888,8.000000097651);
#3888 = AXIS2_PLACEMENT_3D('',#3889,#3890,#3891);
#3889 = CARTESIAN_POINT('',(-36.00000027844,32.5,62.999999753355));
#3890 = DIRECTION('',(9.686616962803E-19,1.,1.230220894319E-18));
#3891 = DIRECTION('',(-0.173648088075,-1.043324842527E-18,0.98480776881)
  );
#3892 = DEFINITIONAL_REPRESENTATION('',(#3893),#3897);
#3893 = LINE('',#3894,#3895);
#3894 = CARTESIAN_POINT('',(-0.,0.));
#3895 = VECTOR('',#3896,1.);
#3896 = DIRECTION('',(-1.,0.));
#3897 = ( GEOMETRIC_REPRESENTATION_CONTEXT(2) 
PARAMETRIC_REPRESENTATION_CONTEXT() REPRESENTATION_CONTEXT('2D SPACE',''
  ) );
#3898 = ORIENTED_EDGE('',*,*,#3899,.T.);
#3899 = EDGE_CURVE('',#3871,#3694,#3900,.T.);
#3900 = SURFACE_CURVE('',#3901,(#3905,#3912),.PCURVE_S1.);
#3901 = LINE('',#3902,#3903);
#3902 = CARTESIAN_POINT('',(-43.995127,32.5,62.720804));
#3903 = VECTOR('',#3904,1.);
#3904 = DIRECTION('',(3.454449854512E-02,1.196024717585E-18,
    -0.999403160702));
#3905 = PCURVE('',#3716,#3906);
#3906 = DEFINITIONAL_REPRESENTATION('',(#3907),#3911);
#3907 = LINE('',#3908,#3909);
#3908 = CARTESIAN_POINT('',(-33.96581210654,25.135163973167));
#3909 = VECTOR('',#3910,1.);
#3910 = DIRECTION('',(3.454449854512E-02,-0.999403160702));
#3911 = ( GEOMETRIC_REPRESENTATION_CONTEXT(2) 
PARAMETRIC_REPRESENTATION_CONTEXT() REPRESENTATION_CONTEXT('2D SPACE',''
  ) );
#3912 = PCURVE('',#3744,#3913);
#3913 = DEFINITIONAL_REPRESENTATION('',(#3914),#3918);
#3914 = LINE('',#3915,#3916);
#3915 = CARTESIAN_POINT('',(0.,0.));
#3916 = VECTOR('',#3917,1.);
#3917 = DIRECTION('',(1.,0.));
#3918 = ( GEOMETRIC_REPRESENTATION_CONTEXT(2) 
PARAMETRIC_REPRESENTATION_CONTEXT() REPRESENTATION_CONTEXT('2D SPACE',''
  ) );
#3919 = ORIENTED_EDGE('',*,*,#3693,.T.);
#3920 = ORIENTED_EDGE('',*,*,#3921,.T.);
#3921 = EDGE_CURVE('',#3696,#3922,#3924,.T.);
#3922 = VERTEX_POINT('',#3923);
#3923 = CARTESIAN_POINT('',(-35.,32.5,1.50990331349E-14));
#3924 = SURFACE_CURVE('',#3925,(#3929,#3936),.PCURVE_S1.);
#3925 = LINE('',#3926,#3927);
#3926 = CARTESIAN_POINT('',(-35.,32.5,5.01));
#3927 = VECTOR('',#3928,1.);
#3928 = DIRECTION('',(-2.611704790081E-17,1.230220894319E-18,-1.));
#3929 = PCURVE('',#3716,#3930);
#3930 = DEFINITIONAL_REPRESENTATION('',(#3931),#3935);
#3931 = LINE('',#3932,#3933);
#3932 = CARTESIAN_POINT('',(-24.97068510654,-32.57564002683));
#3933 = VECTOR('',#3934,1.);
#3934 = DIRECTION('',(0.,-1.));
#3935 = ( GEOMETRIC_REPRESENTATION_CONTEXT(2) 
PARAMETRIC_REPRESENTATION_CONTEXT() REPRESENTATION_CONTEXT('2D SPACE',''
  ) );
#3936 = PCURVE('',#3797,#3937);
#3937 = DEFINITIONAL_REPRESENTATION('',(#3938),#3942);
#3938 = LINE('',#3939,#3940);
#3939 = CARTESIAN_POINT('',(0.,0.));
#3940 = VECTOR('',#3941,1.);
#3941 = DIRECTION('',(1.,0.));
#3942 = ( GEOMETRIC_REPRESENTATION_CONTEXT(2) 
PARAMETRIC_REPRESENTATION_CONTEXT() REPRESENTATION_CONTEXT('2D SPACE',''
  ) );
#3943 = ORIENTED_EDGE('',*,*,#3944,.T.);
#3944 = EDGE_CURVE('',#3922,#3945,#3947,.T.);
#3945 = VERTEX_POINT('',#3946);
#3946 = CARTESIAN_POINT('',(-23.,32.5,1.50990331349E-14));
#3947 = SURFACE_CURVE('',#3948,(#3952,#3959),.PCURVE_S1.);
#3948 = LINE('',#3949,#3950);
#3949 = CARTESIAN_POINT('',(-35.,32.5,1.50990331349E-14));
#3950 = VECTOR('',#3951,1.);
#3951 = DIRECTION('',(1.,-9.686616962803E-19,-2.611704790081E-17));
#3952 = PCURVE('',#3716,#3953);
#3953 = DEFINITIONAL_REPRESENTATION('',(#3954),#3958);
#3954 = LINE('',#3955,#3956);
#3955 = CARTESIAN_POINT('',(-24.97068510654,-37.58564002683));
#3956 = VECTOR('',#3957,1.);
#3957 = DIRECTION('',(1.,0.));
#3958 = ( GEOMETRIC_REPRESENTATION_CONTEXT(2) 
PARAMETRIC_REPRESENTATION_CONTEXT() REPRESENTATION_CONTEXT('2D SPACE',''
  ) );
#3959 = PCURVE('',#3960,#3965);
#3960 = PLANE('',#3961);
#3961 = AXIS2_PLACEMENT_3D('',#3962,#3963,#3964);
#3962 = CARTESIAN_POINT('',(-35.,32.5,1.50990331349E-14));
#3963 = DIRECTION('',(2.611704790081E-17,-1.230220894319E-18,1.));
#3964 = DIRECTION('',(1.,-9.686616962803E-19,-2.611704790081E-17));
#3965 = DEFINITIONAL_REPRESENTATION('',(#3966),#3970);
#3966 = LINE('',#3967,#3968);
#3967 = CARTESIAN_POINT('',(0.,0.));
#3968 = VECTOR('',#3969,1.);
#3969 = DIRECTION('',(1.,0.));
#3970 = ( GEOMETRIC_REPRESENTATION_CONTEXT(2) 
PARAMETRIC_REPRESENTATION_CONTEXT() REPRESENTATION_CONTEXT('2D SPACE',''
  ) );
#3971 = ORIENTED_EDGE('',*,*,#3972,.T.);
#3972 = EDGE_CURVE('',#3945,#3973,#3975,.T.);
#3973 = VERTEX_POINT('',#3974);
#3974 = CARTESIAN_POINT('',(-23.,32.5,5.));
#3975 = SURFACE_CURVE('',#3976,(#3980,#3987),.PCURVE_S1.);
#3976 = LINE('',#3977,#3978);
#3977 = CARTESIAN_POINT('',(-23.,32.5,1.50990331349E-14));
#3978 = VECTOR('',#3979,1.);
#3979 = DIRECTION('',(2.611704790081E-17,-1.230220894319E-18,1.));
#3980 = PCURVE('',#3716,#3981);
#3981 = DEFINITIONAL_REPRESENTATION('',(#3982),#3986);
#3982 = LINE('',#3983,#3984);
#3983 = CARTESIAN_POINT('',(-12.97068510654,-37.58564002683));
#3984 = VECTOR('',#3985,1.);
#3985 = DIRECTION('',(0.,1.));
#3986 = ( GEOMETRIC_REPRESENTATION_CONTEXT(2) 
PARAMETRIC_REPRESENTATION_CONTEXT() REPRESENTATION_CONTEXT('2D SPACE',''
  ) );
#3987 = PCURVE('',#3988,#3993);
#3988 = PLANE('',#3989);
#3989 = AXIS2_PLACEMENT_3D('',#3990,#3991,#3992);
#3990 = CARTESIAN_POINT('',(-23.,32.5,1.50990331349E-14));
#3991 = DIRECTION('',(-1.,9.686616962803E-19,2.611704790081E-17));
#3992 = DIRECTION('',(2.611704790081E-17,-1.230220894319E-18,1.));
#3993 = DEFINITIONAL_REPRESENTATION('',(#3994),#3998);
#3994 = LINE('',#3995,#3996);
#3995 = CARTESIAN_POINT('',(0.,0.));
#3996 = VECTOR('',#3997,1.);
#3997 = DIRECTION('',(1.,0.));
#3998 = ( GEOMETRIC_REPRESENTATION_CONTEXT(2) 
PARAMETRIC_REPRESENTATION_CONTEXT() REPRESENTATION_CONTEXT('2D SPACE',''
  ) );
#3999 = ORIENTED_EDGE('',*,*,#4000,.T.);
#4000 = EDGE_CURVE('',#3973,#4001,#4003,.T.);
#4001 = VERTEX_POINT('',#4002);
#4002 = CARTESIAN_POINT('',(-10.65,32.5,5.));
#4003 = SURFACE_CURVE('',#4004,(#4008,#4015),.PCURVE_S1.);
#4004 = LINE('',#4005,#4006);
#4005 = CARTESIAN_POINT('',(-42.,32.5,5.));
#4006 = VECTOR('',#4007,1.);
#4007 = DIRECTION('',(1.,-9.686616962803E-19,-2.611704790081E-17));
#4008 = PCURVE('',#3716,#4009);
#4009 = DEFINITIONAL_REPRESENTATION('',(#4010),#4014);
#4010 = LINE('',#4011,#4012);
#4011 = CARTESIAN_POINT('',(-31.97068510654,-32.58564002683));
#4012 = VECTOR('',#4013,1.);
#4013 = DIRECTION('',(1.,0.));
#4014 = ( GEOMETRIC_REPRESENTATION_CONTEXT(2) 
PARAMETRIC_REPRESENTATION_CONTEXT() REPRESENTATION_CONTEXT('2D SPACE',''
  ) );
#4015 = PCURVE('',#4016,#4021);
#4016 = PLANE('',#4017);
#4017 = AXIS2_PLACEMENT_3D('',#4018,#4019,#4020);
#4018 = CARTESIAN_POINT('',(-42.,32.5,5.));
#4019 = DIRECTION('',(2.611704790081E-17,-1.230220894319E-18,1.));
#4020 = DIRECTION('',(1.,-9.686616962803E-19,-2.611704790081E-17));
#4021 = DEFINITIONAL_REPRESENTATION('',(#4022),#4026);
#4022 = LINE('',#4023,#4024);
#4023 = CARTESIAN_POINT('',(0.,0.));
#4024 = VECTOR('',#4025,1.);
#4025 = DIRECTION('',(1.,0.));
#4026 = ( GEOMETRIC_REPRESENTATION_CONTEXT(2) 
PARAMETRIC_REPRESENTATION_CONTEXT() REPRESENTATION_CONTEXT('2D SPACE',''
  ) );
#4027 = ORIENTED_EDGE('',*,*,#4028,.F.);
#4028 = EDGE_CURVE('',#4029,#4001,#4031,.T.);
#4029 = VERTEX_POINT('',#4030);
#4030 = CARTESIAN_POINT('',(-10.65,32.5,9.5));
#4031 = SURFACE_CURVE('',#4032,(#4036,#4042),.PCURVE_S1.);
#4032 = LINE('',#4033,#4034);
#4033 = CARTESIAN_POINT('',(-10.65,32.5,21.292820013417));
#4034 = VECTOR('',#4035,1.);
#4035 = DIRECTION('',(-2.611704790081E-17,1.230220894319E-18,-1.));
#4036 = PCURVE('',#3716,#4037);
#4037 = DEFINITIONAL_REPRESENTATION('',(#4038),#4041);
#4038 = B_SPLINE_CURVE_WITH_KNOTS('',1,(#4039,#4040),.UNSPECIFIED.,.F.,
  .F.,(2,2),(6.292820013417,16.292820013417),.PIECEWISE_BEZIER_KNOTS.);
#4039 = CARTESIAN_POINT('',(-0.620685106546,-22.58564002683));
#4040 = CARTESIAN_POINT('',(-0.620685106546,-32.58564002683));
#4041 = ( GEOMETRIC_REPRESENTATION_CONTEXT(2) 
PARAMETRIC_REPRESENTATION_CONTEXT() REPRESENTATION_CONTEXT('2D SPACE',''
  ) );
#4042 = PCURVE('',#4043,#4048);
#4043 = PLANE('',#4044);
#4044 = AXIS2_PLACEMENT_3D('',#4045,#4046,#4047);
#4045 = CARTESIAN_POINT('',(-10.65,82.5,5.));
#4046 = DIRECTION('',(-1.,9.686616962803E-19,2.611704790081E-17));
#4047 = DIRECTION('',(2.611704790081E-17,-1.230220894319E-18,1.));
#4048 = DEFINITIONAL_REPRESENTATION('',(#4049),#4052);
#4049 = B_SPLINE_CURVE_WITH_KNOTS('',1,(#4050,#4051),.UNSPECIFIED.,.F.,
  .F.,(2,2),(6.292820013417,16.292820013417),.PIECEWISE_BEZIER_KNOTS.);
#4050 = CARTESIAN_POINT('',(10.,-50.));
#4051 = CARTESIAN_POINT('',(0.,-50.));
#4052 = ( GEOMETRIC_REPRESENTATION_CONTEXT(2) 
PARAMETRIC_REPRESENTATION_CONTEXT() REPRESENTATION_CONTEXT('2D SPACE',''
  ) );
#4053 = ORIENTED_EDGE('',*,*,#4054,.F.);
#4054 = EDGE_CURVE('',#4055,#4029,#4057,.T.);
#4055 = VERTEX_POINT('',#4056);
#4056 = CARTESIAN_POINT('',(-11.9,32.5,9.5));
#4057 = SURFACE_CURVE('',#4058,(#4062,#4068),.PCURVE_S1.);
#4058 = LINE('',#4059,#4060);
#4059 = CARTESIAN_POINT('',(-8.064657446727,32.5,9.5));
#4060 = VECTOR('',#4061,1.);
#4061 = DIRECTION('',(1.,-9.686616962803E-19,-2.611704790081E-17));
#4062 = PCURVE('',#3716,#4063);
#4063 = DEFINITIONAL_REPRESENTATION('',(#4064),#4067);
#4064 = B_SPLINE_CURVE_WITH_KNOTS('',1,(#4065,#4066),.UNSPECIFIED.,.F.,
  .F.,(2,2),(-3.835342553273,1.964657446727),.PIECEWISE_BEZIER_KNOTS.);
#4065 = CARTESIAN_POINT('',(-1.870685106546,-28.08564002683));
#4066 = CARTESIAN_POINT('',(3.929314893454,-28.08564002683));
#4067 = ( GEOMETRIC_REPRESENTATION_CONTEXT(2) 
PARAMETRIC_REPRESENTATION_CONTEXT() REPRESENTATION_CONTEXT('2D SPACE',''
  ) );
#4068 = PCURVE('',#4069,#4074);
#4069 = PLANE('',#4070);
#4070 = AXIS2_PLACEMENT_3D('',#4071,#4072,#4073);
#4071 = CARTESIAN_POINT('',(-6.1,82.5,9.5));
#4072 = DIRECTION('',(-2.611704790081E-17,1.230220894319E-18,-1.));
#4073 = DIRECTION('',(-1.,9.686616962803E-19,2.611704790081E-17));
#4074 = DEFINITIONAL_REPRESENTATION('',(#4075),#4078);
#4075 = B_SPLINE_CURVE_WITH_KNOTS('',1,(#4076,#4077),.UNSPECIFIED.,.F.,
  .F.,(2,2),(-3.835342553273,1.964657446727),.PIECEWISE_BEZIER_KNOTS.);
#4076 = CARTESIAN_POINT('',(5.8,-50.));
#4077 = CARTESIAN_POINT('',(0.,-50.));
#4078 = ( GEOMETRIC_REPRESENTATION_CONTEXT(2) 
PARAMETRIC_REPRESENTATION_CONTEXT() REPRESENTATION_CONTEXT('2D SPACE',''
  ) );
#4079 = ORIENTED_EDGE('',*,*,#4080,.F.);
#4080 = EDGE_CURVE('',#4081,#4055,#4083,.T.);
#4081 = VERTEX_POINT('',#4082);
#4082 = CARTESIAN_POINT('',(-11.9,32.5,12.1));
#4083 = SURFACE_CURVE('',#4084,(#4088,#4094),.PCURVE_S1.);
#4084 = LINE('',#4085,#4086);
#4085 = CARTESIAN_POINT('',(-11.9,32.5,23.542820013417));
#4086 = VECTOR('',#4087,1.);
#4087 = DIRECTION('',(-2.611704790081E-17,1.230220894319E-18,-1.));
#4088 = PCURVE('',#3716,#4089);
#4089 = DEFINITIONAL_REPRESENTATION('',(#4090),#4093);
#4090 = B_SPLINE_CURVE_WITH_KNOTS('',1,(#4091,#4092),.UNSPECIFIED.,.F.,
  .F.,(2,2),(11.442820013417,14.042820013417),.PIECEWISE_BEZIER_KNOTS.);
#4091 = CARTESIAN_POINT('',(-1.870685106546,-25.48564002683));
#4092 = CARTESIAN_POINT('',(-1.870685106546,-28.08564002683));
#4093 = ( GEOMETRIC_REPRESENTATION_CONTEXT(2) 
PARAMETRIC_REPRESENTATION_CONTEXT() REPRESENTATION_CONTEXT('2D SPACE',''
  ) );
#4094 = PCURVE('',#4095,#4100);
#4095 = PLANE('',#4096);
#4096 = AXIS2_PLACEMENT_3D('',#4097,#4098,#4099);
#4097 = CARTESIAN_POINT('',(-11.9,82.5,9.5));
#4098 = DIRECTION('',(-1.,9.686616962803E-19,2.611704790081E-17));
#4099 = DIRECTION('',(2.611704790081E-17,-1.230220894319E-18,1.));
#4100 = DEFINITIONAL_REPRESENTATION('',(#4101),#4104);
#4101 = B_SPLINE_CURVE_WITH_KNOTS('',1,(#4102,#4103),.UNSPECIFIED.,.F.,
  .F.,(2,2),(11.442820013417,14.042820013417),.PIECEWISE_BEZIER_KNOTS.);
#4102 = CARTESIAN_POINT('',(2.6,-50.));
#4103 = CARTESIAN_POINT('',(0.,-50.));
#4104 = ( GEOMETRIC_REPRESENTATION_CONTEXT(2) 
PARAMETRIC_REPRESENTATION_CONTEXT() REPRESENTATION_CONTEXT('2D SPACE',''
  ) );
#4105 = ORIENTED_EDGE('',*,*,#4106,.F.);
#4106 = EDGE_CURVE('',#4107,#4081,#4109,.T.);
#4107 = VERTEX_POINT('',#4108);
#4108 = CARTESIAN_POINT('',(-10.65,32.5,12.1));
#4109 = SURFACE_CURVE('',#4110,(#4114,#4120),.PCURVE_S1.);
#4110 = LINE('',#4111,#4112);
#4111 = CARTESIAN_POINT('',(-10.96465744672,32.5,12.1));
#4112 = VECTOR('',#4113,1.);
#4113 = DIRECTION('',(-1.,9.686616962803E-19,2.611704790081E-17));
#4114 = PCURVE('',#3716,#4115);
#4115 = DEFINITIONAL_REPRESENTATION('',(#4116),#4119);
#4116 = B_SPLINE_CURVE_WITH_KNOTS('',1,(#4117,#4118),.UNSPECIFIED.,.F.,
  .F.,(2,2),(-4.864657446727,0.935342553273),.PIECEWISE_BEZIER_KNOTS.);
#4117 = CARTESIAN_POINT('',(3.929314893454,-25.48564002683));
#4118 = CARTESIAN_POINT('',(-1.870685106546,-25.48564002683));
#4119 = ( GEOMETRIC_REPRESENTATION_CONTEXT(2) 
PARAMETRIC_REPRESENTATION_CONTEXT() REPRESENTATION_CONTEXT('2D SPACE',''
  ) );
#4120 = PCURVE('',#4121,#4126);
#4121 = PLANE('',#4122);
#4122 = AXIS2_PLACEMENT_3D('',#4123,#4124,#4125);
#4123 = CARTESIAN_POINT('',(-11.9,82.5,12.1));
#4124 = DIRECTION('',(2.611704790081E-17,-1.230220894319E-18,1.));
#4125 = DIRECTION('',(1.,-9.686616962803E-19,-2.611704790081E-17));
#4126 = DEFINITIONAL_REPRESENTATION('',(#4127),#4130);
#4127 = B_SPLINE_CURVE_WITH_KNOTS('',1,(#4128,#4129),.UNSPECIFIED.,.F.,
  .F.,(2,2),(-4.864657446727,0.935342553273),.PIECEWISE_BEZIER_KNOTS.);
#4128 = CARTESIAN_POINT('',(5.8,-50.));
#4129 = CARTESIAN_POINT('',(0.,-50.));
#4130 = ( GEOMETRIC_REPRESENTATION_CONTEXT(2) 
PARAMETRIC_REPRESENTATION_CONTEXT() REPRESENTATION_CONTEXT('2D SPACE',''
  ) );
#4131 = ORIENTED_EDGE('',*,*,#4132,.F.);
#4132 = EDGE_CURVE('',#4133,#4107,#4135,.T.);
#4133 = VERTEX_POINT('',#4134);
#4134 = CARTESIAN_POINT('',(-10.65,32.5,15.));
#4135 = SURFACE_CURVE('',#4136,(#4140,#4146),.PCURVE_S1.);
#4136 = LINE('',#4137,#4138);
#4137 = CARTESIAN_POINT('',(-10.65,32.5,21.292820013417));
#4138 = VECTOR('',#4139,1.);
#4139 = DIRECTION('',(-2.611704790081E-17,1.230220894319E-18,-1.));
#4140 = PCURVE('',#3716,#4141);
#4141 = DEFINITIONAL_REPRESENTATION('',(#4142),#4145);
#4142 = B_SPLINE_CURVE_WITH_KNOTS('',1,(#4143,#4144),.UNSPECIFIED.,.F.,
  .F.,(2,2),(6.292820013417,16.292820013417),.PIECEWISE_BEZIER_KNOTS.);
#4143 = CARTESIAN_POINT('',(-0.620685106546,-22.58564002683));
#4144 = CARTESIAN_POINT('',(-0.620685106546,-32.58564002683));
#4145 = ( GEOMETRIC_REPRESENTATION_CONTEXT(2) 
PARAMETRIC_REPRESENTATION_CONTEXT() REPRESENTATION_CONTEXT('2D SPACE',''
  ) );
#4146 = PCURVE('',#4147,#4152);
#4147 = PLANE('',#4148);
#4148 = AXIS2_PLACEMENT_3D('',#4149,#4150,#4151);
#4149 = CARTESIAN_POINT('',(-10.65,82.5,5.));
#4150 = DIRECTION('',(-1.,9.686616962803E-19,2.611704790081E-17));
#4151 = DIRECTION('',(2.611704790081E-17,-1.230220894319E-18,1.));
#4152 = DEFINITIONAL_REPRESENTATION('',(#4153),#4156);
#4153 = B_SPLINE_CURVE_WITH_KNOTS('',1,(#4154,#4155),.UNSPECIFIED.,.F.,
  .F.,(2,2),(6.292820013417,16.292820013417),.PIECEWISE_BEZIER_KNOTS.);
#4154 = CARTESIAN_POINT('',(10.,-50.));
#4155 = CARTESIAN_POINT('',(0.,-50.));
#4156 = ( GEOMETRIC_REPRESENTATION_CONTEXT(2) 
PARAMETRIC_REPRESENTATION_CONTEXT() REPRESENTATION_CONTEXT('2D SPACE',''
  ) );
#4157 = ORIENTED_EDGE('',*,*,#4158,.F.);
#4158 = EDGE_CURVE('',#4159,#4133,#4161,.T.);
#4159 = VERTEX_POINT('',#4160);
#4160 = CARTESIAN_POINT('',(-7.35,32.5,15.));
#4161 = SURFACE_CURVE('',#4162,(#4166,#4172),.PCURVE_S1.);
#4162 = LINE('',#4163,#4164);
#4163 = CARTESIAN_POINT('',(-10.33965744672,32.5,15.));
#4164 = VECTOR('',#4165,1.);
#4165 = DIRECTION('',(-1.,9.686616962803E-19,2.611704790081E-17));
#4166 = PCURVE('',#3716,#4167);
#4167 = DEFINITIONAL_REPRESENTATION('',(#4168),#4171);
#4168 = B_SPLINE_CURVE_WITH_KNOTS('',1,(#4169,#4170),.UNSPECIFIED.,.F.,
  .F.,(2,2),(-2.989657446727,0.310342553273),.PIECEWISE_BEZIER_KNOTS.);
#4169 = CARTESIAN_POINT('',(2.679314893454,-22.58564002683));
#4170 = CARTESIAN_POINT('',(-0.620685106546,-22.58564002683));
#4171 = ( GEOMETRIC_REPRESENTATION_CONTEXT(2) 
PARAMETRIC_REPRESENTATION_CONTEXT() REPRESENTATION_CONTEXT('2D SPACE',''
  ) );
#4172 = PCURVE('',#4173,#4178);
#4173 = PLANE('',#4174);
#4174 = AXIS2_PLACEMENT_3D('',#4175,#4176,#4177);
#4175 = CARTESIAN_POINT('',(-10.65,82.5,15.));
#4176 = DIRECTION('',(2.611704790081E-17,-1.230220894319E-18,1.));
#4177 = DIRECTION('',(1.,-9.686616962803E-19,-2.611704790081E-17));
#4178 = DEFINITIONAL_REPRESENTATION('',(#4179),#4182);
#4179 = B_SPLINE_CURVE_WITH_KNOTS('',1,(#4180,#4181),.UNSPECIFIED.,.F.,
  .F.,(2,2),(-2.989657446727,0.310342553273),.PIECEWISE_BEZIER_KNOTS.);
#4180 = CARTESIAN_POINT('',(3.3,-50.));
#4181 = CARTESIAN_POINT('',(0.,-50.));
#4182 = ( GEOMETRIC_REPRESENTATION_CONTEXT(2) 
PARAMETRIC_REPRESENTATION_CONTEXT() REPRESENTATION_CONTEXT('2D SPACE',''
  ) );
#4183 = ORIENTED_EDGE('',*,*,#4184,.F.);
#4184 = EDGE_CURVE('',#4185,#4159,#4187,.T.);
#4185 = VERTEX_POINT('',#4186);
#4186 = CARTESIAN_POINT('',(-7.35,32.5,12.1));
#4187 = SURFACE_CURVE('',#4188,(#4192,#4198),.PCURVE_S1.);
#4188 = LINE('',#4189,#4190);
#4189 = CARTESIAN_POINT('',(-7.35,32.5,26.292820013417));
#4190 = VECTOR('',#4191,1.);
#4191 = DIRECTION('',(2.611704790081E-17,-1.230220894319E-18,1.));
#4192 = PCURVE('',#3716,#4193);
#4193 = DEFINITIONAL_REPRESENTATION('',(#4194),#4197);
#4194 = B_SPLINE_CURVE_WITH_KNOTS('',1,(#4195,#4196),.UNSPECIFIED.,.F.,
  .F.,(2,2),(-21.29282001341,-11.29282001341),.PIECEWISE_BEZIER_KNOTS.);
#4195 = CARTESIAN_POINT('',(2.679314893454,-32.58564002683));
#4196 = CARTESIAN_POINT('',(2.679314893454,-22.58564002683));
#4197 = ( GEOMETRIC_REPRESENTATION_CONTEXT(2) 
PARAMETRIC_REPRESENTATION_CONTEXT() REPRESENTATION_CONTEXT('2D SPACE',''
  ) );
#4198 = PCURVE('',#4199,#4204);
#4199 = PLANE('',#4200);
#4200 = AXIS2_PLACEMENT_3D('',#4201,#4202,#4203);
#4201 = CARTESIAN_POINT('',(-7.35,82.5,15.));
#4202 = DIRECTION('',(1.,-9.686616962803E-19,-2.611704790081E-17));
#4203 = DIRECTION('',(-2.611704790081E-17,1.230220894319E-18,-1.));
#4204 = DEFINITIONAL_REPRESENTATION('',(#4205),#4208);
#4205 = B_SPLINE_CURVE_WITH_KNOTS('',1,(#4206,#4207),.UNSPECIFIED.,.F.,
  .F.,(2,2),(-21.29282001341,-11.29282001341),.PIECEWISE_BEZIER_KNOTS.);
#4206 = CARTESIAN_POINT('',(10.,-50.));
#4207 = CARTESIAN_POINT('',(0.,-50.));
#4208 = ( GEOMETRIC_REPRESENTATION_CONTEXT(2) 
PARAMETRIC_REPRESENTATION_CONTEXT() REPRESENTATION_CONTEXT('2D SPACE',''
  ) );
#4209 = ORIENTED_EDGE('',*,*,#4210,.F.);
#4210 = EDGE_CURVE('',#4211,#4185,#4213,.T.);
#4211 = VERTEX_POINT('',#4212);
#4212 = CARTESIAN_POINT('',(-6.1,32.5,12.1));
#4213 = SURFACE_CURVE('',#4214,(#4218,#4224),.PCURVE_S1.);
#4214 = LINE('',#4215,#4216);
#4215 = CARTESIAN_POINT('',(-10.96465744672,32.5,12.1));
#4216 = VECTOR('',#4217,1.);
#4217 = DIRECTION('',(-1.,9.686616962803E-19,2.611704790081E-17));
#4218 = PCURVE('',#3716,#4219);
#4219 = DEFINITIONAL_REPRESENTATION('',(#4220),#4223);
#4220 = B_SPLINE_CURVE_WITH_KNOTS('',1,(#4221,#4222),.UNSPECIFIED.,.F.,
  .F.,(2,2),(-4.864657446727,0.935342553273),.PIECEWISE_BEZIER_KNOTS.);
#4221 = CARTESIAN_POINT('',(3.929314893454,-25.48564002683));
#4222 = CARTESIAN_POINT('',(-1.870685106546,-25.48564002683));
#4223 = ( GEOMETRIC_REPRESENTATION_CONTEXT(2) 
PARAMETRIC_REPRESENTATION_CONTEXT() REPRESENTATION_CONTEXT('2D SPACE',''
  ) );
#4224 = PCURVE('',#4225,#4230);
#4225 = PLANE('',#4226);
#4226 = AXIS2_PLACEMENT_3D('',#4227,#4228,#4229);
#4227 = CARTESIAN_POINT('',(-11.9,82.5,12.1));
#4228 = DIRECTION('',(2.611704790081E-17,-1.230220894319E-18,1.));
#4229 = DIRECTION('',(1.,-9.686616962803E-19,-2.611704790081E-17));
#4230 = DEFINITIONAL_REPRESENTATION('',(#4231),#4234);
#4231 = B_SPLINE_CURVE_WITH_KNOTS('',1,(#4232,#4233),.UNSPECIFIED.,.F.,
  .F.,(2,2),(-4.864657446727,0.935342553273),.PIECEWISE_BEZIER_KNOTS.);
#4232 = CARTESIAN_POINT('',(5.8,-50.));
#4233 = CARTESIAN_POINT('',(0.,-50.));
#4234 = ( GEOMETRIC_REPRESENTATION_CONTEXT(2) 
PARAMETRIC_REPRESENTATION_CONTEXT() REPRESENTATION_CONTEXT('2D SPACE',''
  ) );
#4235 = ORIENTED_EDGE('',*,*,#4236,.F.);
#4236 = EDGE_CURVE('',#4237,#4211,#4239,.T.);
#4237 = VERTEX_POINT('',#4238);
#4238 = CARTESIAN_POINT('',(-6.1,32.5,9.5));
#4239 = SURFACE_CURVE('',#4240,(#4244,#4250),.PCURVE_S1.);
#4240 = LINE('',#4241,#4242);
#4241 = CARTESIAN_POINT('',(-6.1,32.5,24.842820013417));
#4242 = VECTOR('',#4243,1.);
#4243 = DIRECTION('',(2.611704790081E-17,-1.230220894319E-18,1.));
#4244 = PCURVE('',#3716,#4245);
#4245 = DEFINITIONAL_REPRESENTATION('',(#4246),#4249);
#4246 = B_SPLINE_CURVE_WITH_KNOTS('',1,(#4247,#4248),.UNSPECIFIED.,.F.,
  .F.,(2,2),(-15.34282001341,-12.74282001341),.PIECEWISE_BEZIER_KNOTS.);
#4247 = CARTESIAN_POINT('',(3.929314893454,-28.08564002683));
#4248 = CARTESIAN_POINT('',(3.929314893454,-25.48564002683));
#4249 = ( GEOMETRIC_REPRESENTATION_CONTEXT(2) 
PARAMETRIC_REPRESENTATION_CONTEXT() REPRESENTATION_CONTEXT('2D SPACE',''
  ) );
#4250 = PCURVE('',#4251,#4256);
#4251 = PLANE('',#4252);
#4252 = AXIS2_PLACEMENT_3D('',#4253,#4254,#4255);
#4253 = CARTESIAN_POINT('',(-6.1,82.5,12.1));
#4254 = DIRECTION('',(1.,-9.686616962803E-19,-2.611704790081E-17));
#4255 = DIRECTION('',(-2.611704790081E-17,1.230220894319E-18,-1.));
#4256 = DEFINITIONAL_REPRESENTATION('',(#4257),#4260);
#4257 = B_SPLINE_CURVE_WITH_KNOTS('',1,(#4258,#4259),.UNSPECIFIED.,.F.,
  .F.,(2,2),(-15.34282001341,-12.74282001341),.PIECEWISE_BEZIER_KNOTS.);
#4258 = CARTESIAN_POINT('',(2.6,-50.));
#4259 = CARTESIAN_POINT('',(0.,-50.));
#4260 = ( GEOMETRIC_REPRESENTATION_CONTEXT(2) 
PARAMETRIC_REPRESENTATION_CONTEXT() REPRESENTATION_CONTEXT('2D SPACE',''
  ) );
#4261 = ORIENTED_EDGE('',*,*,#4262,.F.);
#4262 = EDGE_CURVE('',#4263,#4237,#4265,.T.);
#4263 = VERTEX_POINT('',#4264);
#4264 = CARTESIAN_POINT('',(-7.35,32.5,9.5));
#4265 = SURFACE_CURVE('',#4266,(#4270,#4276),.PCURVE_S1.);
#4266 = LINE('',#4267,#4268);
#4267 = CARTESIAN_POINT('',(-8.064657446727,32.5,9.5));
#4268 = VECTOR('',#4269,1.);
#4269 = DIRECTION('',(1.,-9.686616962803E-19,-2.611704790081E-17));
#4270 = PCURVE('',#3716,#4271);
#4271 = DEFINITIONAL_REPRESENTATION('',(#4272),#4275);
#4272 = B_SPLINE_CURVE_WITH_KNOTS('',1,(#4273,#4274),.UNSPECIFIED.,.F.,
  .F.,(2,2),(-3.835342553273,1.964657446727),.PIECEWISE_BEZIER_KNOTS.);
#4273 = CARTESIAN_POINT('',(-1.870685106546,-28.08564002683));
#4274 = CARTESIAN_POINT('',(3.929314893454,-28.08564002683));
#4275 = ( GEOMETRIC_REPRESENTATION_CONTEXT(2) 
PARAMETRIC_REPRESENTATION_CONTEXT() REPRESENTATION_CONTEXT('2D SPACE',''
  ) );
#4276 = PCURVE('',#4277,#4282);
#4277 = PLANE('',#4278);
#4278 = AXIS2_PLACEMENT_3D('',#4279,#4280,#4281);
#4279 = CARTESIAN_POINT('',(-6.1,82.5,9.5));
#4280 = DIRECTION('',(-2.611704790081E-17,1.230220894319E-18,-1.));
#4281 = DIRECTION('',(-1.,9.686616962803E-19,2.611704790081E-17));
#4282 = DEFINITIONAL_REPRESENTATION('',(#4283),#4286);
#4283 = B_SPLINE_CURVE_WITH_KNOTS('',1,(#4284,#4285),.UNSPECIFIED.,.F.,
  .F.,(2,2),(-3.835342553273,1.964657446727),.PIECEWISE_BEZIER_KNOTS.);
#4284 = CARTESIAN_POINT('',(5.8,-50.));
#4285 = CARTESIAN_POINT('',(0.,-50.));
#4286 = ( GEOMETRIC_REPRESENTATION_CONTEXT(2) 
PARAMETRIC_REPRESENTATION_CONTEXT() REPRESENTATION_CONTEXT('2D SPACE',''
  ) );
#4287 = ORIENTED_EDGE('',*,*,#4288,.F.);
#4288 = EDGE_CURVE('',#4289,#4263,#4291,.T.);
#4289 = VERTEX_POINT('',#4290);
#4290 = CARTESIAN_POINT('',(-7.35,32.5,5.));
#4291 = SURFACE_CURVE('',#4292,(#4296,#4302),.PCURVE_S1.);
#4292 = LINE('',#4293,#4294);
#4293 = CARTESIAN_POINT('',(-7.35,32.5,26.292820013417));
#4294 = VECTOR('',#4295,1.);
#4295 = DIRECTION('',(2.611704790081E-17,-1.230220894319E-18,1.));
#4296 = PCURVE('',#3716,#4297);
#4297 = DEFINITIONAL_REPRESENTATION('',(#4298),#4301);
#4298 = B_SPLINE_CURVE_WITH_KNOTS('',1,(#4299,#4300),.UNSPECIFIED.,.F.,
  .F.,(2,2),(-21.29282001341,-11.29282001341),.PIECEWISE_BEZIER_KNOTS.);
#4299 = CARTESIAN_POINT('',(2.679314893454,-32.58564002683));
#4300 = CARTESIAN_POINT('',(2.679314893454,-22.58564002683));
#4301 = ( GEOMETRIC_REPRESENTATION_CONTEXT(2) 
PARAMETRIC_REPRESENTATION_CONTEXT() REPRESENTATION_CONTEXT('2D SPACE',''
  ) );
#4302 = PCURVE('',#4303,#4308);
#4303 = PLANE('',#4304);
#4304 = AXIS2_PLACEMENT_3D('',#4305,#4306,#4307);
#4305 = CARTESIAN_POINT('',(-7.35,82.5,15.));
#4306 = DIRECTION('',(1.,-9.686616962803E-19,-2.611704790081E-17));
#4307 = DIRECTION('',(-2.611704790081E-17,1.230220894319E-18,-1.));
#4308 = DEFINITIONAL_REPRESENTATION('',(#4309),#4312);
#4309 = B_SPLINE_CURVE_WITH_KNOTS('',1,(#4310,#4311),.UNSPECIFIED.,.F.,
  .F.,(2,2),(-21.29282001341,-11.29282001341),.PIECEWISE_BEZIER_KNOTS.);
#4310 = CARTESIAN_POINT('',(10.,-50.));
#4311 = CARTESIAN_POINT('',(0.,-50.));
#4312 = ( GEOMETRIC_REPRESENTATION_CONTEXT(2) 
PARAMETRIC_REPRESENTATION_CONTEXT() REPRESENTATION_CONTEXT('2D SPACE',''
  ) );
#4313 = ORIENTED_EDGE('',*,*,#4314,.T.);
#4314 = EDGE_CURVE('',#4289,#4315,#4317,.T.);
#4315 = VERTEX_POINT('',#4316);
#4316 = CARTESIAN_POINT('',(5.,32.5,5.));
#4317 = SURFACE_CURVE('',#4318,(#4322,#4329),.PCURVE_S1.);
#4318 = LINE('',#4319,#4320);
#4319 = CARTESIAN_POINT('',(-42.,32.5,5.));
#4320 = VECTOR('',#4321,1.);
#4321 = DIRECTION('',(1.,-9.686616962803E-19,-2.611704790081E-17));
#4322 = PCURVE('',#3716,#4323);
#4323 = DEFINITIONAL_REPRESENTATION('',(#4324),#4328);
#4324 = LINE('',#4325,#4326);
#4325 = CARTESIAN_POINT('',(-31.97068510654,-32.58564002683));
#4326 = VECTOR('',#4327,1.);
#4327 = DIRECTION('',(1.,0.));
#4328 = ( GEOMETRIC_REPRESENTATION_CONTEXT(2) 
PARAMETRIC_REPRESENTATION_CONTEXT() REPRESENTATION_CONTEXT('2D SPACE',''
  ) );
#4329 = PCURVE('',#4330,#4335);
#4330 = PLANE('',#4331);
#4331 = AXIS2_PLACEMENT_3D('',#4332,#4333,#4334);
#4332 = CARTESIAN_POINT('',(-42.,32.5,5.));
#4333 = DIRECTION('',(2.611704790081E-17,-1.230220894319E-18,1.));
#4334 = DIRECTION('',(1.,-9.686616962803E-19,-2.611704790081E-17));
#4335 = DEFINITIONAL_REPRESENTATION('',(#4336),#4340);
#4336 = LINE('',#4337,#4338);
#4337 = CARTESIAN_POINT('',(0.,0.));
#4338 = VECTOR('',#4339,1.);
#4339 = DIRECTION('',(1.,0.));
#4340 = ( GEOMETRIC_REPRESENTATION_CONTEXT(2) 
PARAMETRIC_REPRESENTATION_CONTEXT() REPRESENTATION_CONTEXT('2D SPACE',''
  ) );
#4341 = ORIENTED_EDGE('',*,*,#4342,.T.);
#4342 = EDGE_CURVE('',#4315,#4343,#4345,.T.);
#4343 = VERTEX_POINT('',#4344);
#4344 = CARTESIAN_POINT('',(5.,32.5,1.42108547152E-14));
#4345 = SURFACE_CURVE('',#4346,(#4350,#4357),.PCURVE_S1.);
#4346 = LINE('',#4347,#4348);
#4347 = CARTESIAN_POINT('',(5.,32.5,5.01));
#4348 = VECTOR('',#4349,1.);
#4349 = DIRECTION('',(-2.611704790081E-17,1.230220894319E-18,-1.));
#4350 = PCURVE('',#3716,#4351);
#4351 = DEFINITIONAL_REPRESENTATION('',(#4352),#4356);
#4352 = LINE('',#4353,#4354);
#4353 = CARTESIAN_POINT('',(15.029314893454,-32.57564002683));
#4354 = VECTOR('',#4355,1.);
#4355 = DIRECTION('',(0.,-1.));
#4356 = ( GEOMETRIC_REPRESENTATION_CONTEXT(2) 
PARAMETRIC_REPRESENTATION_CONTEXT() REPRESENTATION_CONTEXT('2D SPACE',''
  ) );
#4357 = PCURVE('',#4358,#4363);
#4358 = PLANE('',#4359);
#4359 = AXIS2_PLACEMENT_3D('',#4360,#4361,#4362);
#4360 = CARTESIAN_POINT('',(5.,32.5,5.01));
#4361 = DIRECTION('',(1.,-9.686616962803E-19,-2.611704790081E-17));
#4362 = DIRECTION('',(-2.611704790081E-17,1.230220894319E-18,-1.));
#4363 = DEFINITIONAL_REPRESENTATION('',(#4364),#4368);
#4364 = LINE('',#4365,#4366);
#4365 = CARTESIAN_POINT('',(0.,0.));
#4366 = VECTOR('',#4367,1.);
#4367 = DIRECTION('',(1.,0.));
#4368 = ( GEOMETRIC_REPRESENTATION_CONTEXT(2) 
PARAMETRIC_REPRESENTATION_CONTEXT() REPRESENTATION_CONTEXT('2D SPACE',''
  ) );
#4369 = ORIENTED_EDGE('',*,*,#4370,.T.);
#4370 = EDGE_CURVE('',#4343,#4371,#4373,.T.);
#4371 = VERTEX_POINT('',#4372);
#4372 = CARTESIAN_POINT('',(17.,32.5,1.42108547152E-14));
#4373 = SURFACE_CURVE('',#4374,(#4378,#4385),.PCURVE_S1.);
#4374 = LINE('',#4375,#4376);
#4375 = CARTESIAN_POINT('',(5.,32.5,1.42108547152E-14));
#4376 = VECTOR('',#4377,1.);
#4377 = DIRECTION('',(1.,-9.686616962803E-19,-2.611704790081E-17));
#4378 = PCURVE('',#3716,#4379);
#4379 = DEFINITIONAL_REPRESENTATION('',(#4380),#4384);
#4380 = LINE('',#4381,#4382);
#4381 = CARTESIAN_POINT('',(15.029314893454,-37.58564002683));
#4382 = VECTOR('',#4383,1.);
#4383 = DIRECTION('',(1.,0.));
#4384 = ( GEOMETRIC_REPRESENTATION_CONTEXT(2) 
PARAMETRIC_REPRESENTATION_CONTEXT() REPRESENTATION_CONTEXT('2D SPACE',''
  ) );
#4385 = PCURVE('',#4386,#4391);
#4386 = PLANE('',#4387);
#4387 = AXIS2_PLACEMENT_3D('',#4388,#4389,#4390);
#4388 = CARTESIAN_POINT('',(5.,32.5,1.42108547152E-14));
#4389 = DIRECTION('',(2.611704790081E-17,-1.230220894319E-18,1.));
#4390 = DIRECTION('',(1.,-9.686616962803E-19,-2.611704790081E-17));
#4391 = DEFINITIONAL_REPRESENTATION('',(#4392),#4396);
#4392 = LINE('',#4393,#4394);
#4393 = CARTESIAN_POINT('',(0.,0.));
#4394 = VECTOR('',#4395,1.);
#4395 = DIRECTION('',(1.,0.));
#4396 = ( GEOMETRIC_REPRESENTATION_CONTEXT(2) 
PARAMETRIC_REPRESENTATION_CONTEXT() REPRESENTATION_CONTEXT('2D SPACE',''
  ) );
#4397 = ORIENTED_EDGE('',*,*,#4398,.T.);
#4398 = EDGE_CURVE('',#4371,#4399,#4401,.T.);
#4399 = VERTEX_POINT('',#4400);
#4400 = CARTESIAN_POINT('',(17.,32.5,5.));
#4401 = SURFACE_CURVE('',#4402,(#4406,#4413),.PCURVE_S1.);
#4402 = LINE('',#4403,#4404);
#4403 = CARTESIAN_POINT('',(17.,32.5,1.42108547152E-14));
#4404 = VECTOR('',#4405,1.);
#4405 = DIRECTION('',(2.611704790081E-17,-1.230220894319E-18,1.));
#4406 = PCURVE('',#3716,#4407);
#4407 = DEFINITIONAL_REPRESENTATION('',(#4408),#4412);
#4408 = LINE('',#4409,#4410);
#4409 = CARTESIAN_POINT('',(27.029314893454,-37.58564002683));
#4410 = VECTOR('',#4411,1.);
#4411 = DIRECTION('',(0.,1.));
#4412 = ( GEOMETRIC_REPRESENTATION_CONTEXT(2) 
PARAMETRIC_REPRESENTATION_CONTEXT() REPRESENTATION_CONTEXT('2D SPACE',''
  ) );
#4413 = PCURVE('',#4414,#4419);
#4414 = PLANE('',#4415);
#4415 = AXIS2_PLACEMENT_3D('',#4416,#4417,#4418);
#4416 = CARTESIAN_POINT('',(17.,32.5,1.42108547152E-14));
#4417 = DIRECTION('',(-1.,9.686616962803E-19,2.611704790081E-17));
#4418 = DIRECTION('',(2.611704790081E-17,-1.230220894319E-18,1.));
#4419 = DEFINITIONAL_REPRESENTATION('',(#4420),#4424);
#4420 = LINE('',#4421,#4422);
#4421 = CARTESIAN_POINT('',(0.,0.));
#4422 = VECTOR('',#4423,1.);
#4423 = DIRECTION('',(1.,0.));
#4424 = ( GEOMETRIC_REPRESENTATION_CONTEXT(2) 
PARAMETRIC_REPRESENTATION_CONTEXT() REPRESENTATION_CONTEXT('2D SPACE',''
  ) );
#4425 = ORIENTED_EDGE('',*,*,#4426,.T.);
#4426 = EDGE_CURVE('',#4399,#4427,#4429,.T.);
#4427 = VERTEX_POINT('',#4428);
#4428 = CARTESIAN_POINT('',(25.,32.5,5.));
#4429 = SURFACE_CURVE('',#4430,(#4434,#4441),.PCURVE_S1.);
#4430 = LINE('',#4431,#4432);
#4431 = CARTESIAN_POINT('',(-42.,32.5,5.));
#4432 = VECTOR('',#4433,1.);
#4433 = DIRECTION('',(1.,-9.686616962803E-19,-2.611704790081E-17));
#4434 = PCURVE('',#3716,#4435);
#4435 = DEFINITIONAL_REPRESENTATION('',(#4436),#4440);
#4436 = LINE('',#4437,#4438);
#4437 = CARTESIAN_POINT('',(-31.97068510654,-32.58564002683));
#4438 = VECTOR('',#4439,1.);
#4439 = DIRECTION('',(1.,0.));
#4440 = ( GEOMETRIC_REPRESENTATION_CONTEXT(2) 
PARAMETRIC_REPRESENTATION_CONTEXT() REPRESENTATION_CONTEXT('2D SPACE',''
  ) );
#4441 = PCURVE('',#4442,#4447);
#4442 = PLANE('',#4443);
#4443 = AXIS2_PLACEMENT_3D('',#4444,#4445,#4446);
#4444 = CARTESIAN_POINT('',(-42.,32.5,5.));
#4445 = DIRECTION('',(2.611704790081E-17,-1.230220894319E-18,1.));
#4446 = DIRECTION('',(1.,-9.686616962803E-19,-2.611704790081E-17));
#4447 = DEFINITIONAL_REPRESENTATION('',(#4448),#4452);
#4448 = LINE('',#4449,#4450);
#4449 = CARTESIAN_POINT('',(0.,0.));
#4450 = VECTOR('',#4451,1.);
#4451 = DIRECTION('',(1.,0.));
#4452 = ( GEOMETRIC_REPRESENTATION_CONTEXT(2) 
PARAMETRIC_REPRESENTATION_CONTEXT() REPRESENTATION_CONTEXT('2D SPACE',''
  ) );
#4453 = ORIENTED_EDGE('',*,*,#4454,.T.);
#4454 = EDGE_CURVE('',#4427,#3812,#4455,.T.);
#4455 = SURFACE_CURVE('',#4456,(#4460,#4467),.PCURVE_S1.);
#4456 = LINE('',#4457,#4458);
#4457 = CARTESIAN_POINT('',(25.,32.5,5.));
#4458 = VECTOR('',#4459,1.);
#4459 = DIRECTION('',(-5.912606903287E-02,-1.170795493631E-18,
    0.998250523647));
#4460 = PCURVE('',#3716,#4461);
#4461 = DEFINITIONAL_REPRESENTATION('',(#4462),#4466);
#4462 = LINE('',#4463,#4464);
#4463 = CARTESIAN_POINT('',(35.029314893454,-32.58564002683));
#4464 = VECTOR('',#4465,1.);
#4465 = DIRECTION('',(-5.912606903287E-02,0.998250523647));
#4466 = ( GEOMETRIC_REPRESENTATION_CONTEXT(2) 
PARAMETRIC_REPRESENTATION_CONTEXT() REPRESENTATION_CONTEXT('2D SPACE',''
  ) );
#4467 = PCURVE('',#4468,#4473);
#4468 = PLANE('',#4469);
#4469 = AXIS2_PLACEMENT_3D('',#4470,#4471,#4472);
#4470 = CARTESIAN_POINT('',(25.,32.5,5.));
#4471 = DIRECTION('',(-0.998250523647,1.039705171071E-18,
    -5.912606903287E-02));
#4472 = DIRECTION('',(-5.912606903287E-02,-1.170795493631E-18,
    0.998250523647));
#4473 = DEFINITIONAL_REPRESENTATION('',(#4474),#4478);
#4474 = LINE('',#4475,#4476);
#4475 = CARTESIAN_POINT('',(0.,0.));
#4476 = VECTOR('',#4477,1.);
#4477 = DIRECTION('',(1.,0.));
#4478 = ( GEOMETRIC_REPRESENTATION_CONTEXT(2) 
PARAMETRIC_REPRESENTATION_CONTEXT() REPRESENTATION_CONTEXT('2D SPACE',''
  ) );
#4479 = FACE_BOUND('',#4480,.F.);
#4480 = EDGE_LOOP('',(#4481));
#4481 = ORIENTED_EDGE('',*,*,#4482,.T.);
#4482 = EDGE_CURVE('',#4483,#4483,#4485,.T.);
#4483 = VERTEX_POINT('',#4484);
#4484 = CARTESIAN_POINT('',(-33.85,32.5,12.5));
#4485 = SURFACE_CURVE('',#4486,(#4491,#4502),.PCURVE_S1.);
#4486 = CIRCLE('',#4487,1.65);
#4487 = AXIS2_PLACEMENT_3D('',#4488,#4489,#4490);
#4488 = CARTESIAN_POINT('',(-35.5,32.5,12.5));
#4489 = DIRECTION('',(9.686616962803E-19,1.,1.230220894319E-18));
#4490 = DIRECTION('',(1.,-9.686616962803E-19,-2.611704790081E-17));
#4491 = PCURVE('',#3716,#4492);
#4492 = DEFINITIONAL_REPRESENTATION('',(#4493),#4501);
#4493 = ( BOUNDED_CURVE() B_SPLINE_CURVE(2,(#4494,#4495,#4496,#4497,
#4498,#4499,#4500),.UNSPECIFIED.,.T.,.F.) B_SPLINE_CURVE_WITH_KNOTS((1,2
    ,2,2,2,1),(-2.094395102393,0.,2.094395102393,4.188790204786,
6.28318530718,8.377580409573),.UNSPECIFIED.) CURVE() 
GEOMETRIC_REPRESENTATION_ITEM() RATIONAL_B_SPLINE_CURVE((1.,0.5,1.,0.5,
1.,0.5,1.)) REPRESENTATION_ITEM('') );
#4494 = CARTESIAN_POINT('',(-23.82068510654,-25.08564002683));
#4495 = CARTESIAN_POINT('',(-23.82068510654,-27.94352385932));
#4496 = CARTESIAN_POINT('',(-26.29568510654,-26.51458194307));
#4497 = CARTESIAN_POINT('',(-28.77068510654,-25.08564002683));
#4498 = CARTESIAN_POINT('',(-26.29568510654,-23.65669811058));
#4499 = CARTESIAN_POINT('',(-23.82068510654,-22.22775619434));
#4500 = CARTESIAN_POINT('',(-23.82068510654,-25.08564002683));
#4501 = ( GEOMETRIC_REPRESENTATION_CONTEXT(2) 
PARAMETRIC_REPRESENTATION_CONTEXT() REPRESENTATION_CONTEXT('2D SPACE',''
  ) );
#4502 = PCURVE('',#4503,#4508);
#4503 = CYLINDRICAL_SURFACE('',#4504,1.65);
#4504 = AXIS2_PLACEMENT_3D('',#4505,#4506,#4507);
#4505 = CARTESIAN_POINT('',(-35.5,82.5,12.5));
#4506 = DIRECTION('',(9.686616962803E-19,1.,1.230220894319E-18));
#4507 = DIRECTION('',(1.,-9.686616962803E-19,-2.611704790081E-17));
#4508 = DEFINITIONAL_REPRESENTATION('',(#4509),#4513);
#4509 = LINE('',#4510,#4511);
#4510 = CARTESIAN_POINT('',(-6.28318530718,-50.));
#4511 = VECTOR('',#4512,1.);
#4512 = DIRECTION('',(1.,-0.));
#4513 = ( GEOMETRIC_REPRESENTATION_CONTEXT(2) 
PARAMETRIC_REPRESENTATION_CONTEXT() REPRESENTATION_CONTEXT('2D SPACE',''
  ) );
#4514 = FACE_BOUND('',#4515,.F.);
#4515 = EDGE_LOOP('',(#4516,#4544,#4570,#4596));
#4516 = ORIENTED_EDGE('',*,*,#4517,.T.);
#4517 = EDGE_CURVE('',#4518,#4520,#4522,.T.);
#4518 = VERTEX_POINT('',#4519);
#4519 = CARTESIAN_POINT('',(-32.9,32.5,26.1));
#4520 = VERTEX_POINT('',#4521);
#4521 = CARTESIAN_POINT('',(-32.9,32.5,16.9));
#4522 = SURFACE_CURVE('',#4523,(#4527,#4533),.PCURVE_S1.);
#4523 = LINE('',#4524,#4525);
#4524 = CARTESIAN_POINT('',(-32.9,32.5,27.242820013417));
#4525 = VECTOR('',#4526,1.);
#4526 = DIRECTION('',(-2.611704790081E-17,1.230220894319E-18,-1.));
#4527 = PCURVE('',#3716,#4528);
#4528 = DEFINITIONAL_REPRESENTATION('',(#4529),#4532);
#4529 = B_SPLINE_CURVE_WITH_KNOTS('',1,(#4530,#4531),.UNSPECIFIED.,.F.,
  .F.,(2,2),(1.142820013417,10.342820013417),.PIECEWISE_BEZIER_KNOTS.);
#4530 = CARTESIAN_POINT('',(-22.87068510654,-11.48564002683));
#4531 = CARTESIAN_POINT('',(-22.87068510654,-20.68564002683));
#4532 = ( GEOMETRIC_REPRESENTATION_CONTEXT(2) 
PARAMETRIC_REPRESENTATION_CONTEXT() REPRESENTATION_CONTEXT('2D SPACE',''
  ) );
#4533 = PCURVE('',#4534,#4539);
#4534 = PLANE('',#4535);
#4535 = AXIS2_PLACEMENT_3D('',#4536,#4537,#4538);
#4536 = CARTESIAN_POINT('',(-32.9,82.5,16.9));
#4537 = DIRECTION('',(-1.,9.686616962803E-19,2.611704790081E-17));
#4538 = DIRECTION('',(2.611704790081E-17,-1.230220894319E-18,1.));
#4539 = DEFINITIONAL_REPRESENTATION('',(#4540),#4543);
#4540 = B_SPLINE_CURVE_WITH_KNOTS('',1,(#4541,#4542),.UNSPECIFIED.,.F.,
  .F.,(2,2),(1.142820013417,10.342820013417),.PIECEWISE_BEZIER_KNOTS.);
#4541 = CARTESIAN_POINT('',(9.2,-50.));
#4542 = CARTESIAN_POINT('',(0.,-50.));
#4543 = ( GEOMETRIC_REPRESENTATION_CONTEXT(2) 
PARAMETRIC_REPRESENTATION_CONTEXT() REPRESENTATION_CONTEXT('2D SPACE',''
  ) );
#4544 = ORIENTED_EDGE('',*,*,#4545,.T.);
#4545 = EDGE_CURVE('',#4520,#4546,#4548,.T.);
#4546 = VERTEX_POINT('',#4547);
#4547 = CARTESIAN_POINT('',(-38.1,32.5,16.9));
#4548 = SURFACE_CURVE('',#4549,(#4553,#4559),.PCURVE_S1.);
#4549 = LINE('',#4550,#4551);
#4550 = CARTESIAN_POINT('',(-24.06465744672,32.5,16.9));
#4551 = VECTOR('',#4552,1.);
#4552 = DIRECTION('',(-1.,9.686616962803E-19,2.611704790081E-17));
#4553 = PCURVE('',#3716,#4554);
#4554 = DEFINITIONAL_REPRESENTATION('',(#4555),#4558);
#4555 = B_SPLINE_CURVE_WITH_KNOTS('',1,(#4556,#4557),.UNSPECIFIED.,.F.,
  .F.,(2,2),(8.835342553273,14.035342553273),.PIECEWISE_BEZIER_KNOTS.);
#4556 = CARTESIAN_POINT('',(-22.87068510654,-20.68564002683));
#4557 = CARTESIAN_POINT('',(-28.07068510654,-20.68564002683));
#4558 = ( GEOMETRIC_REPRESENTATION_CONTEXT(2) 
PARAMETRIC_REPRESENTATION_CONTEXT() REPRESENTATION_CONTEXT('2D SPACE',''
  ) );
#4559 = PCURVE('',#4560,#4565);
#4560 = PLANE('',#4561);
#4561 = AXIS2_PLACEMENT_3D('',#4562,#4563,#4564);
#4562 = CARTESIAN_POINT('',(-38.1,82.5,16.9));
#4563 = DIRECTION('',(2.611704790081E-17,-1.230220894319E-18,1.));
#4564 = DIRECTION('',(1.,-9.686616962803E-19,-2.611704790081E-17));
#4565 = DEFINITIONAL_REPRESENTATION('',(#4566),#4569);
#4566 = B_SPLINE_CURVE_WITH_KNOTS('',1,(#4567,#4568),.UNSPECIFIED.,.F.,
  .F.,(2,2),(8.835342553273,14.035342553273),.PIECEWISE_BEZIER_KNOTS.);
#4567 = CARTESIAN_POINT('',(5.2,-50.));
#4568 = CARTESIAN_POINT('',(0.,-50.));
#4569 = ( GEOMETRIC_REPRESENTATION_CONTEXT(2) 
PARAMETRIC_REPRESENTATION_CONTEXT() REPRESENTATION_CONTEXT('2D SPACE',''
  ) );
#4570 = ORIENTED_EDGE('',*,*,#4571,.T.);
#4571 = EDGE_CURVE('',#4546,#4572,#4574,.T.);
#4572 = VERTEX_POINT('',#4573);
#4573 = CARTESIAN_POINT('',(-38.1,32.5,26.1));
#4574 = SURFACE_CURVE('',#4575,(#4579,#4585),.PCURVE_S1.);
#4575 = LINE('',#4576,#4577);
#4576 = CARTESIAN_POINT('',(-38.1,32.5,31.842820013417));
#4577 = VECTOR('',#4578,1.);
#4578 = DIRECTION('',(2.611704790081E-17,-1.230220894319E-18,1.));
#4579 = PCURVE('',#3716,#4580);
#4580 = DEFINITIONAL_REPRESENTATION('',(#4581),#4584);
#4581 = B_SPLINE_CURVE_WITH_KNOTS('',1,(#4582,#4583),.UNSPECIFIED.,.F.,
  .F.,(2,2),(-14.94282001341,-5.742820013417),.PIECEWISE_BEZIER_KNOTS.);
#4582 = CARTESIAN_POINT('',(-28.07068510654,-20.68564002683));
#4583 = CARTESIAN_POINT('',(-28.07068510654,-11.48564002683));
#4584 = ( GEOMETRIC_REPRESENTATION_CONTEXT(2) 
PARAMETRIC_REPRESENTATION_CONTEXT() REPRESENTATION_CONTEXT('2D SPACE',''
  ) );
#4585 = PCURVE('',#4586,#4591);
#4586 = PLANE('',#4587);
#4587 = AXIS2_PLACEMENT_3D('',#4588,#4589,#4590);
#4588 = CARTESIAN_POINT('',(-38.1,82.5,26.1));
#4589 = DIRECTION('',(1.,-9.686616962803E-19,-2.611704790081E-17));
#4590 = DIRECTION('',(-2.611704790081E-17,1.230220894319E-18,-1.));
#4591 = DEFINITIONAL_REPRESENTATION('',(#4592),#4595);
#4592 = B_SPLINE_CURVE_WITH_KNOTS('',1,(#4593,#4594),.UNSPECIFIED.,.F.,
  .F.,(2,2),(-14.94282001341,-5.742820013417),.PIECEWISE_BEZIER_KNOTS.);
#4593 = CARTESIAN_POINT('',(9.2,-50.));
#4594 = CARTESIAN_POINT('',(0.,-50.));
#4595 = ( GEOMETRIC_REPRESENTATION_CONTEXT(2) 
PARAMETRIC_REPRESENTATION_CONTEXT() REPRESENTATION_CONTEXT('2D SPACE',''
  ) );
#4596 = ORIENTED_EDGE('',*,*,#4597,.T.);
#4597 = EDGE_CURVE('',#4572,#4518,#4598,.T.);
#4598 = SURFACE_CURVE('',#4599,(#4603,#4609),.PCURVE_S1.);
#4599 = LINE('',#4600,#4601);
#4600 = CARTESIAN_POINT('',(-21.46465744672,32.5,26.1));
#4601 = VECTOR('',#4602,1.);
#4602 = DIRECTION('',(1.,-9.686616962803E-19,-2.611704790081E-17));
#4603 = PCURVE('',#3716,#4604);
#4604 = DEFINITIONAL_REPRESENTATION('',(#4605),#4608);
#4605 = B_SPLINE_CURVE_WITH_KNOTS('',1,(#4606,#4607),.UNSPECIFIED.,.F.,
  .F.,(2,2),(-16.63534255327,-11.43534255327),.PIECEWISE_BEZIER_KNOTS.);
#4606 = CARTESIAN_POINT('',(-28.07068510654,-11.48564002683));
#4607 = CARTESIAN_POINT('',(-22.87068510654,-11.48564002683));
#4608 = ( GEOMETRIC_REPRESENTATION_CONTEXT(2) 
PARAMETRIC_REPRESENTATION_CONTEXT() REPRESENTATION_CONTEXT('2D SPACE',''
  ) );
#4609 = PCURVE('',#4610,#4615);
#4610 = PLANE('',#4611);
#4611 = AXIS2_PLACEMENT_3D('',#4612,#4613,#4614);
#4612 = CARTESIAN_POINT('',(-32.9,82.5,26.1));
#4613 = DIRECTION('',(-2.611704790081E-17,1.230220894319E-18,-1.));
#4614 = DIRECTION('',(-1.,9.686616962803E-19,2.611704790081E-17));
#4615 = DEFINITIONAL_REPRESENTATION('',(#4616),#4619);
#4616 = B_SPLINE_CURVE_WITH_KNOTS('',1,(#4617,#4618),.UNSPECIFIED.,.F.,
  .F.,(2,2),(-16.63534255327,-11.43534255327),.PIECEWISE_BEZIER_KNOTS.);
#4617 = CARTESIAN_POINT('',(5.2,-50.));
#4618 = CARTESIAN_POINT('',(0.,-50.));
#4619 = ( GEOMETRIC_REPRESENTATION_CONTEXT(2) 
PARAMETRIC_REPRESENTATION_CONTEXT() REPRESENTATION_CONTEXT('2D SPACE',''
  ) );
#4620 = FACE_BOUND('',#4621,.F.);
#4621 = EDGE_LOOP('',(#4622));
#4622 = ORIENTED_EDGE('',*,*,#4623,.T.);
#4623 = EDGE_CURVE('',#4624,#4624,#4626,.T.);
#4624 = VERTEX_POINT('',#4625);
#4625 = CARTESIAN_POINT('',(-33.25,32.5,50.));
#4626 = SURFACE_CURVE('',#4627,(#4632,#4643),.PCURVE_S1.);
#4627 = CIRCLE('',#4628,1.65);
#4628 = AXIS2_PLACEMENT_3D('',#4629,#4630,#4631);
#4629 = CARTESIAN_POINT('',(-34.9,32.5,50.));
#4630 = DIRECTION('',(9.686616962803E-19,1.,1.230220894319E-18));
#4631 = DIRECTION('',(1.,-9.686616962803E-19,-2.611704790081E-17));
#4632 = PCURVE('',#3716,#4633);
#4633 = DEFINITIONAL_REPRESENTATION('',(#4634),#4642);
#4634 = ( BOUNDED_CURVE() B_SPLINE_CURVE(2,(#4635,#4636,#4637,#4638,
#4639,#4640,#4641),.UNSPECIFIED.,.T.,.F.) B_SPLINE_CURVE_WITH_KNOTS((1,2
    ,2,2,2,1),(-2.094395102393,0.,2.094395102393,4.188790204786,
6.28318530718,8.377580409573),.UNSPECIFIED.) CURVE() 
GEOMETRIC_REPRESENTATION_ITEM() RATIONAL_B_SPLINE_CURVE((1.,0.5,1.,0.5,
1.,0.5,1.)) REPRESENTATION_ITEM('') );
#4635 = CARTESIAN_POINT('',(-23.22068510654,12.414359973167));
#4636 = CARTESIAN_POINT('',(-23.22068510654,9.556476140678));
#4637 = CARTESIAN_POINT('',(-25.69568510654,10.985418056922));
#4638 = CARTESIAN_POINT('',(-28.17068510654,12.414359973167));
#4639 = CARTESIAN_POINT('',(-25.69568510654,13.843301889411));
#4640 = CARTESIAN_POINT('',(-23.22068510654,15.272243805655));
#4641 = CARTESIAN_POINT('',(-23.22068510654,12.414359973167));
#4642 = ( GEOMETRIC_REPRESENTATION_CONTEXT(2) 
PARAMETRIC_REPRESENTATION_CONTEXT() REPRESENTATION_CONTEXT('2D SPACE',''
  ) );
#4643 = PCURVE('',#4644,#4649);
#4644 = CYLINDRICAL_SURFACE('',#4645,1.65);
#4645 = AXIS2_PLACEMENT_3D('',#4646,#4647,#4648);
#4646 = CARTESIAN_POINT('',(-34.9,82.5,50.));
#4647 = DIRECTION('',(9.686616962803E-19,1.,1.230220894319E-18));
#4648 = DIRECTION('',(1.,-9.686616962803E-19,-2.611704790081E-17));
#4649 = DEFINITIONAL_REPRESENTATION('',(#4650),#4654);
#4650 = LINE('',#4651,#4652);
#4651 = CARTESIAN_POINT('',(-6.28318530718,-50.));
#4652 = VECTOR('',#4653,1.);
#4653 = DIRECTION('',(1.,-0.));
#4654 = ( GEOMETRIC_REPRESENTATION_CONTEXT(2) 
PARAMETRIC_REPRESENTATION_CONTEXT() REPRESENTATION_CONTEXT('2D SPACE',''
  ) );
#4655 = FACE_BOUND('',#4656,.F.);
#4656 = EDGE_LOOP('',(#4657));
#4657 = ORIENTED_EDGE('',*,*,#4658,.T.);
#4658 = EDGE_CURVE('',#4659,#4659,#4661,.T.);
#4659 = VERTEX_POINT('',#4660);
#4660 = CARTESIAN_POINT('',(-33.25,32.5,60.));
#4661 = SURFACE_CURVE('',#4662,(#4667,#4678),.PCURVE_S1.);
#4662 = CIRCLE('',#4663,1.65);
#4663 = AXIS2_PLACEMENT_3D('',#4664,#4665,#4666);
#4664 = CARTESIAN_POINT('',(-34.9,32.5,60.));
#4665 = DIRECTION('',(9.686616962803E-19,1.,1.230220894319E-18));
#4666 = DIRECTION('',(1.,-9.686616962803E-19,-2.611704790081E-17));
#4667 = PCURVE('',#3716,#4668);
#4668 = DEFINITIONAL_REPRESENTATION('',(#4669),#4677);
#4669 = ( BOUNDED_CURVE() B_SPLINE_CURVE(2,(#4670,#4671,#4672,#4673,
#4674,#4675,#4676),.UNSPECIFIED.,.T.,.F.) B_SPLINE_CURVE_WITH_KNOTS((1,2
    ,2,2,2,1),(-2.094395102393,0.,2.094395102393,4.188790204786,
6.28318530718,8.377580409573),.UNSPECIFIED.) CURVE() 
GEOMETRIC_REPRESENTATION_ITEM() RATIONAL_B_SPLINE_CURVE((1.,0.5,1.,0.5,
1.,0.5,1.)) REPRESENTATION_ITEM('') );
#4670 = CARTESIAN_POINT('',(-23.22068510654,22.414359973167));
#4671 = CARTESIAN_POINT('',(-23.22068510654,19.556476140678));
#4672 = CARTESIAN_POINT('',(-25.69568510654,20.985418056922));
#4673 = CARTESIAN_POINT('',(-28.17068510654,22.414359973167));
#4674 = CARTESIAN_POINT('',(-25.69568510654,23.843301889411));
#4675 = CARTESIAN_POINT('',(-23.22068510654,25.272243805655));
#4676 = CARTESIAN_POINT('',(-23.22068510654,22.414359973167));
#4677 = ( GEOMETRIC_REPRESENTATION_CONTEXT(2) 
PARAMETRIC_REPRESENTATION_CONTEXT() REPRESENTATION_CONTEXT('2D SPACE',''
  ) );
#4678 = PCURVE('',#4679,#4684);
#4679 = CYLINDRICAL_SURFACE('',#4680,1.65);
#4680 = AXIS2_PLACEMENT_3D('',#4681,#4682,#4683);
#4681 = CARTESIAN_POINT('',(-34.9,82.5,60.));
#4682 = DIRECTION('',(9.686616962803E-19,1.,1.230220894319E-18));
#4683 = DIRECTION('',(1.,-9.686616962803E-19,-2.611704790081E-17));
#4684 = DEFINITIONAL_REPRESENTATION('',(#4685),#4689);
#4685 = LINE('',#4686,#4687);
#4686 = CARTESIAN_POINT('',(-6.28318530718,-50.));
#4687 = VECTOR('',#4688,1.);
#4688 = DIRECTION('',(1.,-0.));
#4689 = ( GEOMETRIC_REPRESENTATION_CONTEXT(2) 
PARAMETRIC_REPRESENTATION_CONTEXT() REPRESENTATION_CONTEXT('2D SPACE',''
  ) );
#4690 = FACE_BOUND('',#4691,.F.);
#4691 = EDGE_LOOP('',(#4692));
#4692 = ORIENTED_EDGE('',*,*,#4693,.T.);
#4693 = EDGE_CURVE('',#4694,#4694,#4696,.T.);
#4694 = VERTEX_POINT('',#4695);
#4695 = CARTESIAN_POINT('',(16.25,32.5,50.));
#4696 = SURFACE_CURVE('',#4697,(#4702,#4713),.PCURVE_S1.);
#4697 = CIRCLE('',#4698,1.65);
#4698 = AXIS2_PLACEMENT_3D('',#4699,#4700,#4701);
#4699 = CARTESIAN_POINT('',(14.6,32.5,50.));
#4700 = DIRECTION('',(9.686616962803E-19,1.,1.230220894319E-18));
#4701 = DIRECTION('',(1.,-9.686616962803E-19,-2.611704790081E-17));
#4702 = PCURVE('',#3716,#4703);
#4703 = DEFINITIONAL_REPRESENTATION('',(#4704),#4712);
#4704 = ( BOUNDED_CURVE() B_SPLINE_CURVE(2,(#4705,#4706,#4707,#4708,
#4709,#4710,#4711),.UNSPECIFIED.,.T.,.F.) B_SPLINE_CURVE_WITH_KNOTS((1,2
    ,2,2,2,1),(-2.094395102393,0.,2.094395102393,4.188790204786,
6.28318530718,8.377580409573),.UNSPECIFIED.) CURVE() 
GEOMETRIC_REPRESENTATION_ITEM() RATIONAL_B_SPLINE_CURVE((1.,0.5,1.,0.5,
1.,0.5,1.)) REPRESENTATION_ITEM('') );
#4705 = CARTESIAN_POINT('',(26.279314893454,12.414359973167));
#4706 = CARTESIAN_POINT('',(26.279314893454,9.556476140678));
#4707 = CARTESIAN_POINT('',(23.804314893454,10.985418056922));
#4708 = CARTESIAN_POINT('',(21.329314893454,12.414359973167));
#4709 = CARTESIAN_POINT('',(23.804314893454,13.843301889411));
#4710 = CARTESIAN_POINT('',(26.279314893454,15.272243805655));
#4711 = CARTESIAN_POINT('',(26.279314893454,12.414359973167));
#4712 = ( GEOMETRIC_REPRESENTATION_CONTEXT(2) 
PARAMETRIC_REPRESENTATION_CONTEXT() REPRESENTATION_CONTEXT('2D SPACE',''
  ) );
#4713 = PCURVE('',#4714,#4719);
#4714 = CYLINDRICAL_SURFACE('',#4715,1.65);
#4715 = AXIS2_PLACEMENT_3D('',#4716,#4717,#4718);
#4716 = CARTESIAN_POINT('',(14.6,82.5,50.));
#4717 = DIRECTION('',(9.686616962803E-19,1.,1.230220894319E-18));
#4718 = DIRECTION('',(1.,-9.686616962803E-19,-2.611704790081E-17));
#4719 = DEFINITIONAL_REPRESENTATION('',(#4720),#4724);
#4720 = LINE('',#4721,#4722);
#4721 = CARTESIAN_POINT('',(-6.28318530718,-50.));
#4722 = VECTOR('',#4723,1.);
#4723 = DIRECTION('',(1.,-0.));
#4724 = ( GEOMETRIC_REPRESENTATION_CONTEXT(2) 
PARAMETRIC_REPRESENTATION_CONTEXT() REPRESENTATION_CONTEXT('2D SPACE',''
  ) );
#4725 = FACE_BOUND('',#4726,.F.);
#4726 = EDGE_LOOP('',(#4727,#4755,#4781,#4807));
#4727 = ORIENTED_EDGE('',*,*,#4728,.T.);
#4728 = EDGE_CURVE('',#4729,#4731,#4733,.T.);
#4729 = VERTEX_POINT('',#4730);
#4730 = CARTESIAN_POINT('',(-30.75,32.5,44.9));
#4731 = VERTEX_POINT('',#4732);
#4732 = CARTESIAN_POINT('',(-30.75,32.5,65.1));
#4733 = SURFACE_CURVE('',#4734,(#4738,#4744),.PCURVE_S1.);
#4734 = LINE('',#4735,#4736);
#4735 = CARTESIAN_POINT('',(-30.75,32.5,51.342820013417));
#4736 = VECTOR('',#4737,1.);
#4737 = DIRECTION('',(2.611704790081E-17,-1.230220894319E-18,1.));
#4738 = PCURVE('',#3716,#4739);
#4739 = DEFINITIONAL_REPRESENTATION('',(#4740),#4743);
#4740 = B_SPLINE_CURVE_WITH_KNOTS('',1,(#4741,#4742),.UNSPECIFIED.,.F.,
  .F.,(2,2),(-6.442820013417,13.757179986583),.PIECEWISE_BEZIER_KNOTS.);
#4741 = CARTESIAN_POINT('',(-20.72068510654,7.314359973167));
#4742 = CARTESIAN_POINT('',(-20.72068510654,27.514359973167));
#4743 = ( GEOMETRIC_REPRESENTATION_CONTEXT(2) 
PARAMETRIC_REPRESENTATION_CONTEXT() REPRESENTATION_CONTEXT('2D SPACE',''
  ) );
#4744 = PCURVE('',#4745,#4750);
#4745 = PLANE('',#4746);
#4746 = AXIS2_PLACEMENT_3D('',#4747,#4748,#4749);
#4747 = CARTESIAN_POINT('',(-30.75,82.5,65.1));
#4748 = DIRECTION('',(1.,-9.686616962803E-19,-2.611704790081E-17));
#4749 = DIRECTION('',(-2.611704790081E-17,1.230220894319E-18,-1.));
#4750 = DEFINITIONAL_REPRESENTATION('',(#4751),#4754);
#4751 = B_SPLINE_CURVE_WITH_KNOTS('',1,(#4752,#4753),.UNSPECIFIED.,.F.,
  .F.,(2,2),(-6.442820013417,13.757179986583),.PIECEWISE_BEZIER_KNOTS.);
#4752 = CARTESIAN_POINT('',(20.2,-50.));
#4753 = CARTESIAN_POINT('',(0.,-50.));
#4754 = ( GEOMETRIC_REPRESENTATION_CONTEXT(2) 
PARAMETRIC_REPRESENTATION_CONTEXT() REPRESENTATION_CONTEXT('2D SPACE',''
  ) );
#4755 = ORIENTED_EDGE('',*,*,#4756,.T.);
#4756 = EDGE_CURVE('',#4731,#4757,#4759,.T.);
#4757 = VERTEX_POINT('',#4758);
#4758 = CARTESIAN_POINT('',(10.45,32.5,65.1));
#4759 = SURFACE_CURVE('',#4760,(#4764,#4770),.PCURVE_S1.);
#4760 = LINE('',#4761,#4762);
#4761 = CARTESIAN_POINT('',(0.210342553273,32.5,65.1));
#4762 = VECTOR('',#4763,1.);
#4763 = DIRECTION('',(1.,-9.686616962803E-19,-1.985788769688E-16));
#4764 = PCURVE('',#3716,#4765);
#4765 = DEFINITIONAL_REPRESENTATION('',(#4766),#4769);
#4766 = B_SPLINE_CURVE_WITH_KNOTS('',1,(#4767,#4768),.UNSPECIFIED.,.F.,
  .F.,(2,2),(-30.96034255327,10.239657446727),.PIECEWISE_BEZIER_KNOTS.);
#4767 = CARTESIAN_POINT('',(-20.72068510654,27.514359973167));
#4768 = CARTESIAN_POINT('',(20.479314893454,27.514359973167));
#4769 = ( GEOMETRIC_REPRESENTATION_CONTEXT(2) 
PARAMETRIC_REPRESENTATION_CONTEXT() REPRESENTATION_CONTEXT('2D SPACE',''
  ) );
#4770 = PCURVE('',#4771,#4776);
#4771 = PLANE('',#4772);
#4772 = AXIS2_PLACEMENT_3D('',#4773,#4774,#4775);
#4773 = CARTESIAN_POINT('',(10.45,82.5,65.1));
#4774 = DIRECTION('',(-1.985788769688E-16,1.230220894319E-18,-1.));
#4775 = DIRECTION('',(-1.,9.686616962803E-19,1.985788769688E-16));
#4776 = DEFINITIONAL_REPRESENTATION('',(#4777),#4780);
#4777 = B_SPLINE_CURVE_WITH_KNOTS('',1,(#4778,#4779),.UNSPECIFIED.,.F.,
  .F.,(2,2),(-30.96034255327,10.239657446727),.PIECEWISE_BEZIER_KNOTS.);
#4778 = CARTESIAN_POINT('',(41.2,-50.));
#4779 = CARTESIAN_POINT('',(0.,-50.));
#4780 = ( GEOMETRIC_REPRESENTATION_CONTEXT(2) 
PARAMETRIC_REPRESENTATION_CONTEXT() REPRESENTATION_CONTEXT('2D SPACE',''
  ) );
#4781 = ORIENTED_EDGE('',*,*,#4782,.T.);
#4782 = EDGE_CURVE('',#4757,#4783,#4785,.T.);
#4783 = VERTEX_POINT('',#4784);
#4784 = CARTESIAN_POINT('',(10.45,32.5,44.9));
#4785 = SURFACE_CURVE('',#4786,(#4790,#4796),.PCURVE_S1.);
#4786 = LINE('',#4787,#4788);
#4787 = CARTESIAN_POINT('',(10.45,32.5,41.242820013417));
#4788 = VECTOR('',#4789,1.);
#4789 = DIRECTION('',(-2.019939626929E-16,1.230220894319E-18,-1.));
#4790 = PCURVE('',#3716,#4791);
#4791 = DEFINITIONAL_REPRESENTATION('',(#4792),#4795);
#4792 = B_SPLINE_CURVE_WITH_KNOTS('',1,(#4793,#4794),.UNSPECIFIED.,.F.,
  .F.,(2,2),(-23.85717998658,-3.657179986583),.PIECEWISE_BEZIER_KNOTS.);
#4793 = CARTESIAN_POINT('',(20.479314893454,27.514359973167));
#4794 = CARTESIAN_POINT('',(20.479314893454,7.314359973167));
#4795 = ( GEOMETRIC_REPRESENTATION_CONTEXT(2) 
PARAMETRIC_REPRESENTATION_CONTEXT() REPRESENTATION_CONTEXT('2D SPACE',''
  ) );
#4796 = PCURVE('',#4797,#4802);
#4797 = PLANE('',#4798);
#4798 = AXIS2_PLACEMENT_3D('',#4799,#4800,#4801);
#4799 = CARTESIAN_POINT('',(10.45,82.5,44.9));
#4800 = DIRECTION('',(-1.,9.686616962803E-19,2.019939626929E-16));
#4801 = DIRECTION('',(2.019939626929E-16,-1.230220894319E-18,1.));
#4802 = DEFINITIONAL_REPRESENTATION('',(#4803),#4806);
#4803 = B_SPLINE_CURVE_WITH_KNOTS('',1,(#4804,#4805),.UNSPECIFIED.,.F.,
  .F.,(2,2),(-23.85717998658,-3.657179986583),.PIECEWISE_BEZIER_KNOTS.);
#4804 = CARTESIAN_POINT('',(20.2,-50.));
#4805 = CARTESIAN_POINT('',(0.,-50.));
#4806 = ( GEOMETRIC_REPRESENTATION_CONTEXT(2) 
PARAMETRIC_REPRESENTATION_CONTEXT() REPRESENTATION_CONTEXT('2D SPACE',''
  ) );
#4807 = ORIENTED_EDGE('',*,*,#4808,.T.);
#4808 = EDGE_CURVE('',#4783,#4729,#4809,.T.);
#4809 = SURFACE_CURVE('',#4810,(#4814,#4820),.PCURVE_S1.);
#4810 = LINE('',#4811,#4812);
#4811 = CARTESIAN_POINT('',(-20.38965744672,32.5,44.9));
#4812 = VECTOR('',#4813,1.);
#4813 = DIRECTION('',(-1.,9.686616962803E-19,1.985788769688E-16));
#4814 = PCURVE('',#3716,#4815);
#4815 = DEFINITIONAL_REPRESENTATION('',(#4816),#4819);
#4816 = B_SPLINE_CURVE_WITH_KNOTS('',1,(#4817,#4818),.UNSPECIFIED.,.F.,
  .F.,(2,2),(-30.83965744672,10.360342553273),.PIECEWISE_BEZIER_KNOTS.);
#4817 = CARTESIAN_POINT('',(20.479314893454,7.314359973167));
#4818 = CARTESIAN_POINT('',(-20.72068510654,7.314359973167));
#4819 = ( GEOMETRIC_REPRESENTATION_CONTEXT(2) 
PARAMETRIC_REPRESENTATION_CONTEXT() REPRESENTATION_CONTEXT('2D SPACE',''
  ) );
#4820 = PCURVE('',#4821,#4826);
#4821 = PLANE('',#4822);
#4822 = AXIS2_PLACEMENT_3D('',#4823,#4824,#4825);
#4823 = CARTESIAN_POINT('',(-30.75,82.5,44.9));
#4824 = DIRECTION('',(1.985788769688E-16,-1.230220894319E-18,1.));
#4825 = DIRECTION('',(1.,-9.686616962803E-19,-1.985788769688E-16));
#4826 = DEFINITIONAL_REPRESENTATION('',(#4827),#4830);
#4827 = B_SPLINE_CURVE_WITH_KNOTS('',1,(#4828,#4829),.UNSPECIFIED.,.F.,
  .F.,(2,2),(-30.83965744672,10.360342553273),.PIECEWISE_BEZIER_KNOTS.);
#4828 = CARTESIAN_POINT('',(41.2,-50.));
#4829 = CARTESIAN_POINT('',(0.,-50.));
#4830 = ( GEOMETRIC_REPRESENTATION_CONTEXT(2) 
PARAMETRIC_REPRESENTATION_CONTEXT() REPRESENTATION_CONTEXT('2D SPACE',''
  ) );
#4831 = FACE_BOUND('',#4832,.F.);
#4832 = EDGE_LOOP('',(#4833));
#4833 = ORIENTED_EDGE('',*,*,#4834,.T.);
#4834 = EDGE_CURVE('',#4835,#4835,#4837,.T.);
#4835 = VERTEX_POINT('',#4836);
#4836 = CARTESIAN_POINT('',(16.25,32.5,60.));
#4837 = SURFACE_CURVE('',#4838,(#4843,#4854),.PCURVE_S1.);
#4838 = CIRCLE('',#4839,1.65);
#4839 = AXIS2_PLACEMENT_3D('',#4840,#4841,#4842);
#4840 = CARTESIAN_POINT('',(14.6,32.5,60.));
#4841 = DIRECTION('',(9.686616962803E-19,1.,1.230220894319E-18));
#4842 = DIRECTION('',(1.,-9.686616962803E-19,-2.611704790081E-17));
#4843 = PCURVE('',#3716,#4844);
#4844 = DEFINITIONAL_REPRESENTATION('',(#4845),#4853);
#4845 = ( BOUNDED_CURVE() B_SPLINE_CURVE(2,(#4846,#4847,#4848,#4849,
#4850,#4851,#4852),.UNSPECIFIED.,.T.,.F.) B_SPLINE_CURVE_WITH_KNOTS((1,2
    ,2,2,2,1),(-2.094395102393,0.,2.094395102393,4.188790204786,
6.28318530718,8.377580409573),.UNSPECIFIED.) CURVE() 
GEOMETRIC_REPRESENTATION_ITEM() RATIONAL_B_SPLINE_CURVE((1.,0.5,1.,0.5,
1.,0.5,1.)) REPRESENTATION_ITEM('') );
#4846 = CARTESIAN_POINT('',(26.279314893454,22.414359973167));
#4847 = CARTESIAN_POINT('',(26.279314893454,19.556476140678));
#4848 = CARTESIAN_POINT('',(23.804314893454,20.985418056922));
#4849 = CARTESIAN_POINT('',(21.329314893454,22.414359973167));
#4850 = CARTESIAN_POINT('',(23.804314893454,23.843301889411));
#4851 = CARTESIAN_POINT('',(26.279314893454,25.272243805655));
#4852 = CARTESIAN_POINT('',(26.279314893454,22.414359973167));
#4853 = ( GEOMETRIC_REPRESENTATION_CONTEXT(2) 
PARAMETRIC_REPRESENTATION_CONTEXT() REPRESENTATION_CONTEXT('2D SPACE',''
  ) );
#4854 = PCURVE('',#4855,#4860);
#4855 = CYLINDRICAL_SURFACE('',#4856,1.65);
#4856 = AXIS2_PLACEMENT_3D('',#4857,#4858,#4859);
#4857 = CARTESIAN_POINT('',(14.6,82.5,60.));
#4858 = DIRECTION('',(9.686616962803E-19,1.,1.230220894319E-18));
#4859 = DIRECTION('',(1.,-9.686616962803E-19,-2.611704790081E-17));
#4860 = DEFINITIONAL_REPRESENTATION('',(#4861),#4865);
#4861 = LINE('',#4862,#4863);
#4862 = CARTESIAN_POINT('',(-6.28318530718,-50.));
#4863 = VECTOR('',#4864,1.);
#4864 = DIRECTION('',(1.,-0.));
#4865 = ( GEOMETRIC_REPRESENTATION_CONTEXT(2) 
PARAMETRIC_REPRESENTATION_CONTEXT() REPRESENTATION_CONTEXT('2D SPACE',''
  ) );
#4866 = ADVANCED_FACE('',(#4867),#3797,.F.);
#4867 = FACE_BOUND('',#4868,.F.);
#4868 = EDGE_LOOP('',(#4869,#4870,#4871,#4894));
#4869 = ORIENTED_EDGE('',*,*,#3921,.F.);
#4870 = ORIENTED_EDGE('',*,*,#3784,.F.);
#4871 = ORIENTED_EDGE('',*,*,#4872,.T.);
#4872 = EDGE_CURVE('',#3757,#4873,#4875,.T.);
#4873 = VERTEX_POINT('',#4874);
#4874 = CARTESIAN_POINT('',(-35.,27.5,1.50990331349E-14));
#4875 = SURFACE_CURVE('',#4876,(#4880,#4887),.PCURVE_S1.);
#4876 = LINE('',#4877,#4878);
#4877 = CARTESIAN_POINT('',(-35.,27.5,5.01));
#4878 = VECTOR('',#4879,1.);
#4879 = DIRECTION('',(-2.611704790081E-17,1.230220894319E-18,-1.));
#4880 = PCURVE('',#3797,#4881);
#4881 = DEFINITIONAL_REPRESENTATION('',(#4882),#4886);
#4882 = LINE('',#4883,#4884);
#4883 = CARTESIAN_POINT('',(0.,-5.));
#4884 = VECTOR('',#4885,1.);
#4885 = DIRECTION('',(1.,0.));
#4886 = ( GEOMETRIC_REPRESENTATION_CONTEXT(2) 
PARAMETRIC_REPRESENTATION_CONTEXT() REPRESENTATION_CONTEXT('2D SPACE',''
  ) );
#4887 = PCURVE('',#3772,#4888);
#4888 = DEFINITIONAL_REPRESENTATION('',(#4889),#4893);
#4889 = LINE('',#4890,#4891);
#4890 = CARTESIAN_POINT('',(-24.97068510654,-32.57564002683));
#4891 = VECTOR('',#4892,1.);
#4892 = DIRECTION('',(0.,-1.));
#4893 = ( GEOMETRIC_REPRESENTATION_CONTEXT(2) 
PARAMETRIC_REPRESENTATION_CONTEXT() REPRESENTATION_CONTEXT('2D SPACE',''
  ) );
#4894 = ORIENTED_EDGE('',*,*,#4895,.F.);
#4895 = EDGE_CURVE('',#3922,#4873,#4896,.T.);
#4896 = SURFACE_CURVE('',#4897,(#4901,#4908),.PCURVE_S1.);
#4897 = LINE('',#4898,#4899);
#4898 = CARTESIAN_POINT('',(-35.,32.5,1.50990331349E-14));
#4899 = VECTOR('',#4900,1.);
#4900 = DIRECTION('',(-9.686616962803E-19,-1.,-1.230220894319E-18));
#4901 = PCURVE('',#3797,#4902);
#4902 = DEFINITIONAL_REPRESENTATION('',(#4903),#4907);
#4903 = LINE('',#4904,#4905);
#4904 = CARTESIAN_POINT('',(5.01,0.));
#4905 = VECTOR('',#4906,1.);
#4906 = DIRECTION('',(0.,-1.));
#4907 = ( GEOMETRIC_REPRESENTATION_CONTEXT(2) 
PARAMETRIC_REPRESENTATION_CONTEXT() REPRESENTATION_CONTEXT('2D SPACE',''
  ) );
#4908 = PCURVE('',#3960,#4909);
#4909 = DEFINITIONAL_REPRESENTATION('',(#4910),#4914);
#4910 = LINE('',#4911,#4912);
#4911 = CARTESIAN_POINT('',(0.,0.));
#4912 = VECTOR('',#4913,1.);
#4913 = DIRECTION('',(0.,-1.));
#4914 = ( GEOMETRIC_REPRESENTATION_CONTEXT(2) 
PARAMETRIC_REPRESENTATION_CONTEXT() REPRESENTATION_CONTEXT('2D SPACE',''
  ) );
#4915 = ADVANCED_FACE('',(#4916,#5450,#5480,#5566,#5596,#5626,#5656,
    #5742),#3772,.T.);
#4916 = FACE_BOUND('',#4917,.T.);
#4917 = EDGE_LOOP('',(#4918,#4944,#4967,#4991,#5012,#5013,#5014,#5037,
    #5060,#5083,#5104,#5125,#5146,#5167,#5188,#5209,#5230,#5251,#5272,
    #5293,#5314,#5337,#5360,#5383,#5406,#5429));
#4918 = ORIENTED_EDGE('',*,*,#4919,.T.);
#4919 = EDGE_CURVE('',#4920,#4922,#4924,.T.);
#4920 = VERTEX_POINT('',#4921);
#4921 = CARTESIAN_POINT('',(21.958966,27.5,56.343068));
#4922 = VERTEX_POINT('',#4923);
#4923 = CARTESIAN_POINT('',(-3.82026,27.5,76.665771));
#4924 = SURFACE_CURVE('',#4925,(#4930,#4937),.PCURVE_S1.);
#4925 = CIRCLE('',#4926,22.000002034728);
#4926 = AXIS2_PLACEMENT_3D('',#4927,#4928,#4929);
#4927 = CARTESIAN_POINT('',(-1.48101731726E-06,27.5,54.999998122575));
#4928 = DIRECTION('',(-9.686616962803E-19,-1.,-1.230220894319E-18));
#4929 = DIRECTION('',(0.998134793186,-1.041958236107E-18,
    6.10486251458E-02));
#4930 = PCURVE('',#3772,#4931);
#4931 = DEFINITIONAL_REPRESENTATION('',(#4932),#4936);
#4932 = CIRCLE('',#4933,22.000002034728);
#4933 = AXIS2_PLACEMENT_2D('',#4934,#4935);
#4934 = CARTESIAN_POINT('',(10.029313412437,17.414358095742));
#4935 = DIRECTION('',(0.998134793186,6.10486251458E-02));
#4936 = ( GEOMETRIC_REPRESENTATION_CONTEXT(2) 
PARAMETRIC_REPRESENTATION_CONTEXT() REPRESENTATION_CONTEXT('2D SPACE',''
  ) );
#4937 = PCURVE('',#3830,#4938);
#4938 = DEFINITIONAL_REPRESENTATION('',(#4939),#4943);
#4939 = LINE('',#4940,#4941);
#4940 = CARTESIAN_POINT('',(-0.,-5.));
#4941 = VECTOR('',#4942,1.);
#4942 = DIRECTION('',(-1.,0.));
#4943 = ( GEOMETRIC_REPRESENTATION_CONTEXT(2) 
PARAMETRIC_REPRESENTATION_CONTEXT() REPRESENTATION_CONTEXT('2D SPACE',''
  ) );
#4944 = ORIENTED_EDGE('',*,*,#4945,.T.);
#4945 = EDGE_CURVE('',#4922,#4946,#4948,.T.);
#4946 = VERTEX_POINT('',#4947);
#4947 = CARTESIAN_POINT('',(-37.389185,27.5,70.878462));
#4948 = SURFACE_CURVE('',#4949,(#4953,#4960),.PCURVE_S1.);
#4949 = LINE('',#4950,#4951);
#4950 = CARTESIAN_POINT('',(-3.82026,27.5,76.665771));
#4951 = VECTOR('',#4952,1.);
#4952 = DIRECTION('',(-0.985462262139,1.163587269531E-18,-0.169894466946
    ));
#4953 = PCURVE('',#3772,#4954);
#4954 = DEFINITIONAL_REPRESENTATION('',(#4955),#4959);
#4955 = LINE('',#4956,#4957);
#4956 = CARTESIAN_POINT('',(6.209054893454,39.080130973167));
#4957 = VECTOR('',#4958,1.);
#4958 = DIRECTION('',(-0.985462262139,-0.169894466946));
#4959 = ( GEOMETRIC_REPRESENTATION_CONTEXT(2) 
PARAMETRIC_REPRESENTATION_CONTEXT() REPRESENTATION_CONTEXT('2D SPACE',''
  ) );
#4960 = PCURVE('',#3858,#4961);
#4961 = DEFINITIONAL_REPRESENTATION('',(#4962),#4966);
#4962 = LINE('',#4963,#4964);
#4963 = CARTESIAN_POINT('',(0.,-5.));
#4964 = VECTOR('',#4965,1.);
#4965 = DIRECTION('',(1.,0.));
#4966 = ( GEOMETRIC_REPRESENTATION_CONTEXT(2) 
PARAMETRIC_REPRESENTATION_CONTEXT() REPRESENTATION_CONTEXT('2D SPACE',''
  ) );
#4967 = ORIENTED_EDGE('',*,*,#4968,.T.);
#4968 = EDGE_CURVE('',#4946,#4969,#4971,.T.);
#4969 = VERTEX_POINT('',#4970);
#4970 = CARTESIAN_POINT('',(-43.995127,27.5,62.720804));
#4971 = SURFACE_CURVE('',#4972,(#4977,#4984),.PCURVE_S1.);
#4972 = CIRCLE('',#4973,8.000000097651);
#4973 = AXIS2_PLACEMENT_3D('',#4974,#4975,#4976);
#4974 = CARTESIAN_POINT('',(-36.00000027844,27.5,62.999999753355));
#4975 = DIRECTION('',(-9.686616962803E-19,-1.,-1.230220894319E-18));
#4976 = DIRECTION('',(-0.173648088075,-1.043324842527E-18,0.98480776881)
  );
#4977 = PCURVE('',#3772,#4978);
#4978 = DEFINITIONAL_REPRESENTATION('',(#4979),#4983);
#4979 = CIRCLE('',#4980,8.000000097651);
#4980 = AXIS2_PLACEMENT_2D('',#4981,#4982);
#4981 = CARTESIAN_POINT('',(-25.97068538499,25.414359726522));
#4982 = DIRECTION('',(-0.173648088075,0.98480776881));
#4983 = ( GEOMETRIC_REPRESENTATION_CONTEXT(2) 
PARAMETRIC_REPRESENTATION_CONTEXT() REPRESENTATION_CONTEXT('2D SPACE',''
  ) );
#4984 = PCURVE('',#3887,#4985);
#4985 = DEFINITIONAL_REPRESENTATION('',(#4986),#4990);
#4986 = LINE('',#4987,#4988);
#4987 = CARTESIAN_POINT('',(-0.,-5.));
#4988 = VECTOR('',#4989,1.);
#4989 = DIRECTION('',(-1.,0.));
#4990 = ( GEOMETRIC_REPRESENTATION_CONTEXT(2) 
PARAMETRIC_REPRESENTATION_CONTEXT() REPRESENTATION_CONTEXT('2D SPACE',''
  ) );
#4991 = ORIENTED_EDGE('',*,*,#4992,.T.);
#4992 = EDGE_CURVE('',#4969,#3729,#4993,.T.);
#4993 = SURFACE_CURVE('',#4994,(#4998,#5005),.PCURVE_S1.);
#4994 = LINE('',#4995,#4996);
#4995 = CARTESIAN_POINT('',(-43.995127,27.5,62.720804));
#4996 = VECTOR('',#4997,1.);
#4997 = DIRECTION('',(3.454449854512E-02,1.196024717585E-18,
    -0.999403160702));
#4998 = PCURVE('',#3772,#4999);
#4999 = DEFINITIONAL_REPRESENTATION('',(#5000),#5004);
#5000 = LINE('',#5001,#5002);
#5001 = CARTESIAN_POINT('',(-33.96581210654,25.135163973167));
#5002 = VECTOR('',#5003,1.);
#5003 = DIRECTION('',(3.454449854512E-02,-0.999403160702));
#5004 = ( GEOMETRIC_REPRESENTATION_CONTEXT(2) 
PARAMETRIC_REPRESENTATION_CONTEXT() REPRESENTATION_CONTEXT('2D SPACE',''
  ) );
#5005 = PCURVE('',#3744,#5006);
#5006 = DEFINITIONAL_REPRESENTATION('',(#5007),#5011);
#5007 = LINE('',#5008,#5009);
#5008 = CARTESIAN_POINT('',(0.,-5.));
#5009 = VECTOR('',#5010,1.);
#5010 = DIRECTION('',(1.,0.));
#5011 = ( GEOMETRIC_REPRESENTATION_CONTEXT(2) 
PARAMETRIC_REPRESENTATION_CONTEXT() REPRESENTATION_CONTEXT('2D SPACE',''
  ) );
#5012 = ORIENTED_EDGE('',*,*,#3756,.T.);
#5013 = ORIENTED_EDGE('',*,*,#4872,.T.);
#5014 = ORIENTED_EDGE('',*,*,#5015,.T.);
#5015 = EDGE_CURVE('',#4873,#5016,#5018,.T.);
#5016 = VERTEX_POINT('',#5017);
#5017 = CARTESIAN_POINT('',(-23.,27.5,1.50990331349E-14));
#5018 = SURFACE_CURVE('',#5019,(#5023,#5030),.PCURVE_S1.);
#5019 = LINE('',#5020,#5021);
#5020 = CARTESIAN_POINT('',(-35.,27.5,1.50990331349E-14));
#5021 = VECTOR('',#5022,1.);
#5022 = DIRECTION('',(1.,-9.686616962803E-19,-2.611704790081E-17));
#5023 = PCURVE('',#3772,#5024);
#5024 = DEFINITIONAL_REPRESENTATION('',(#5025),#5029);
#5025 = LINE('',#5026,#5027);
#5026 = CARTESIAN_POINT('',(-24.97068510654,-37.58564002683));
#5027 = VECTOR('',#5028,1.);
#5028 = DIRECTION('',(1.,0.));
#5029 = ( GEOMETRIC_REPRESENTATION_CONTEXT(2) 
PARAMETRIC_REPRESENTATION_CONTEXT() REPRESENTATION_CONTEXT('2D SPACE',''
  ) );
#5030 = PCURVE('',#3960,#5031);
#5031 = DEFINITIONAL_REPRESENTATION('',(#5032),#5036);
#5032 = LINE('',#5033,#5034);
#5033 = CARTESIAN_POINT('',(0.,-5.));
#5034 = VECTOR('',#5035,1.);
#5035 = DIRECTION('',(1.,0.));
#5036 = ( GEOMETRIC_REPRESENTATION_CONTEXT(2) 
PARAMETRIC_REPRESENTATION_CONTEXT() REPRESENTATION_CONTEXT('2D SPACE',''
  ) );
#5037 = ORIENTED_EDGE('',*,*,#5038,.T.);
#5038 = EDGE_CURVE('',#5016,#5039,#5041,.T.);
#5039 = VERTEX_POINT('',#5040);
#5040 = CARTESIAN_POINT('',(-23.,27.5,5.));
#5041 = SURFACE_CURVE('',#5042,(#5046,#5053),.PCURVE_S1.);
#5042 = LINE('',#5043,#5044);
#5043 = CARTESIAN_POINT('',(-23.,27.5,1.50990331349E-14));
#5044 = VECTOR('',#5045,1.);
#5045 = DIRECTION('',(2.611704790081E-17,-1.230220894319E-18,1.));
#5046 = PCURVE('',#3772,#5047);
#5047 = DEFINITIONAL_REPRESENTATION('',(#5048),#5052);
#5048 = LINE('',#5049,#5050);
#5049 = CARTESIAN_POINT('',(-12.97068510654,-37.58564002683));
#5050 = VECTOR('',#5051,1.);
#5051 = DIRECTION('',(0.,1.));
#5052 = ( GEOMETRIC_REPRESENTATION_CONTEXT(2) 
PARAMETRIC_REPRESENTATION_CONTEXT() REPRESENTATION_CONTEXT('2D SPACE',''
  ) );
#5053 = PCURVE('',#3988,#5054);
#5054 = DEFINITIONAL_REPRESENTATION('',(#5055),#5059);
#5055 = LINE('',#5056,#5057);
#5056 = CARTESIAN_POINT('',(0.,-5.));
#5057 = VECTOR('',#5058,1.);
#5058 = DIRECTION('',(1.,0.));
#5059 = ( GEOMETRIC_REPRESENTATION_CONTEXT(2) 
PARAMETRIC_REPRESENTATION_CONTEXT() REPRESENTATION_CONTEXT('2D SPACE',''
  ) );
#5060 = ORIENTED_EDGE('',*,*,#5061,.T.);
#5061 = EDGE_CURVE('',#5039,#5062,#5064,.T.);
#5062 = VERTEX_POINT('',#5063);
#5063 = CARTESIAN_POINT('',(-10.65,27.5,5.));
#5064 = SURFACE_CURVE('',#5065,(#5069,#5076),.PCURVE_S1.);
#5065 = LINE('',#5066,#5067);
#5066 = CARTESIAN_POINT('',(-42.,27.5,5.));
#5067 = VECTOR('',#5068,1.);
#5068 = DIRECTION('',(1.,-9.686616962803E-19,-2.611704790081E-17));
#5069 = PCURVE('',#3772,#5070);
#5070 = DEFINITIONAL_REPRESENTATION('',(#5071),#5075);
#5071 = LINE('',#5072,#5073);
#5072 = CARTESIAN_POINT('',(-31.97068510654,-32.58564002683));
#5073 = VECTOR('',#5074,1.);
#5074 = DIRECTION('',(1.,0.));
#5075 = ( GEOMETRIC_REPRESENTATION_CONTEXT(2) 
PARAMETRIC_REPRESENTATION_CONTEXT() REPRESENTATION_CONTEXT('2D SPACE',''
  ) );
#5076 = PCURVE('',#4016,#5077);
#5077 = DEFINITIONAL_REPRESENTATION('',(#5078),#5082);
#5078 = LINE('',#5079,#5080);
#5079 = CARTESIAN_POINT('',(0.,-5.));
#5080 = VECTOR('',#5081,1.);
#5081 = DIRECTION('',(1.,0.));
#5082 = ( GEOMETRIC_REPRESENTATION_CONTEXT(2) 
PARAMETRIC_REPRESENTATION_CONTEXT() REPRESENTATION_CONTEXT('2D SPACE',''
  ) );
#5083 = ORIENTED_EDGE('',*,*,#5084,.F.);
#5084 = EDGE_CURVE('',#5085,#5062,#5087,.T.);
#5085 = VERTEX_POINT('',#5086);
#5086 = CARTESIAN_POINT('',(-10.65,27.5,9.5));
#5087 = SURFACE_CURVE('',#5088,(#5092,#5098),.PCURVE_S1.);
#5088 = LINE('',#5089,#5090);
#5089 = CARTESIAN_POINT('',(-10.65,27.5,21.292820013417));
#5090 = VECTOR('',#5091,1.);
#5091 = DIRECTION('',(-2.611704790081E-17,1.230220894319E-18,-1.));
#5092 = PCURVE('',#3772,#5093);
#5093 = DEFINITIONAL_REPRESENTATION('',(#5094),#5097);
#5094 = B_SPLINE_CURVE_WITH_KNOTS('',1,(#5095,#5096),.UNSPECIFIED.,.F.,
  .F.,(2,2),(6.292820013417,16.292820013417),.PIECEWISE_BEZIER_KNOTS.);
#5095 = CARTESIAN_POINT('',(-0.620685106546,-22.58564002683));
#5096 = CARTESIAN_POINT('',(-0.620685106546,-32.58564002683));
#5097 = ( GEOMETRIC_REPRESENTATION_CONTEXT(2) 
PARAMETRIC_REPRESENTATION_CONTEXT() REPRESENTATION_CONTEXT('2D SPACE',''
  ) );
#5098 = PCURVE('',#4043,#5099);
#5099 = DEFINITIONAL_REPRESENTATION('',(#5100),#5103);
#5100 = B_SPLINE_CURVE_WITH_KNOTS('',1,(#5101,#5102),.UNSPECIFIED.,.F.,
  .F.,(2,2),(6.292820013417,16.292820013417),.PIECEWISE_BEZIER_KNOTS.);
#5101 = CARTESIAN_POINT('',(10.,-55.));
#5102 = CARTESIAN_POINT('',(0.,-55.));
#5103 = ( GEOMETRIC_REPRESENTATION_CONTEXT(2) 
PARAMETRIC_REPRESENTATION_CONTEXT() REPRESENTATION_CONTEXT('2D SPACE',''
  ) );
#5104 = ORIENTED_EDGE('',*,*,#5105,.F.);
#5105 = EDGE_CURVE('',#5106,#5085,#5108,.T.);
#5106 = VERTEX_POINT('',#5107);
#5107 = CARTESIAN_POINT('',(-11.9,27.5,9.5));
#5108 = SURFACE_CURVE('',#5109,(#5113,#5119),.PCURVE_S1.);
#5109 = LINE('',#5110,#5111);
#5110 = CARTESIAN_POINT('',(-8.064657446727,27.5,9.5));
#5111 = VECTOR('',#5112,1.);
#5112 = DIRECTION('',(1.,-9.686616962803E-19,-2.611704790081E-17));
#5113 = PCURVE('',#3772,#5114);
#5114 = DEFINITIONAL_REPRESENTATION('',(#5115),#5118);
#5115 = B_SPLINE_CURVE_WITH_KNOTS('',1,(#5116,#5117),.UNSPECIFIED.,.F.,
  .F.,(2,2),(-3.835342553273,1.964657446727),.PIECEWISE_BEZIER_KNOTS.);
#5116 = CARTESIAN_POINT('',(-1.870685106546,-28.08564002683));
#5117 = CARTESIAN_POINT('',(3.929314893454,-28.08564002683));
#5118 = ( GEOMETRIC_REPRESENTATION_CONTEXT(2) 
PARAMETRIC_REPRESENTATION_CONTEXT() REPRESENTATION_CONTEXT('2D SPACE',''
  ) );
#5119 = PCURVE('',#4069,#5120);
#5120 = DEFINITIONAL_REPRESENTATION('',(#5121),#5124);
#5121 = B_SPLINE_CURVE_WITH_KNOTS('',1,(#5122,#5123),.UNSPECIFIED.,.F.,
  .F.,(2,2),(-3.835342553273,1.964657446727),.PIECEWISE_BEZIER_KNOTS.);
#5122 = CARTESIAN_POINT('',(5.8,-55.));
#5123 = CARTESIAN_POINT('',(0.,-55.));
#5124 = ( GEOMETRIC_REPRESENTATION_CONTEXT(2) 
PARAMETRIC_REPRESENTATION_CONTEXT() REPRESENTATION_CONTEXT('2D SPACE',''
  ) );
#5125 = ORIENTED_EDGE('',*,*,#5126,.F.);
#5126 = EDGE_CURVE('',#5127,#5106,#5129,.T.);
#5127 = VERTEX_POINT('',#5128);
#5128 = CARTESIAN_POINT('',(-11.9,27.5,12.1));
#5129 = SURFACE_CURVE('',#5130,(#5134,#5140),.PCURVE_S1.);
#5130 = LINE('',#5131,#5132);
#5131 = CARTESIAN_POINT('',(-11.9,27.5,23.542820013417));
#5132 = VECTOR('',#5133,1.);
#5133 = DIRECTION('',(-2.611704790081E-17,1.230220894319E-18,-1.));
#5134 = PCURVE('',#3772,#5135);
#5135 = DEFINITIONAL_REPRESENTATION('',(#5136),#5139);
#5136 = B_SPLINE_CURVE_WITH_KNOTS('',1,(#5137,#5138),.UNSPECIFIED.,.F.,
  .F.,(2,2),(11.442820013417,14.042820013417),.PIECEWISE_BEZIER_KNOTS.);
#5137 = CARTESIAN_POINT('',(-1.870685106546,-25.48564002683));
#5138 = CARTESIAN_POINT('',(-1.870685106546,-28.08564002683));
#5139 = ( GEOMETRIC_REPRESENTATION_CONTEXT(2) 
PARAMETRIC_REPRESENTATION_CONTEXT() REPRESENTATION_CONTEXT('2D SPACE',''
  ) );
#5140 = PCURVE('',#4095,#5141);
#5141 = DEFINITIONAL_REPRESENTATION('',(#5142),#5145);
#5142 = B_SPLINE_CURVE_WITH_KNOTS('',1,(#5143,#5144),.UNSPECIFIED.,.F.,
  .F.,(2,2),(11.442820013417,14.042820013417),.PIECEWISE_BEZIER_KNOTS.);
#5143 = CARTESIAN_POINT('',(2.6,-55.));
#5144 = CARTESIAN_POINT('',(0.,-55.));
#5145 = ( GEOMETRIC_REPRESENTATION_CONTEXT(2) 
PARAMETRIC_REPRESENTATION_CONTEXT() REPRESENTATION_CONTEXT('2D SPACE',''
  ) );
#5146 = ORIENTED_EDGE('',*,*,#5147,.F.);
#5147 = EDGE_CURVE('',#5148,#5127,#5150,.T.);
#5148 = VERTEX_POINT('',#5149);
#5149 = CARTESIAN_POINT('',(-10.65,27.5,12.1));
#5150 = SURFACE_CURVE('',#5151,(#5155,#5161),.PCURVE_S1.);
#5151 = LINE('',#5152,#5153);
#5152 = CARTESIAN_POINT('',(-10.96465744672,27.5,12.1));
#5153 = VECTOR('',#5154,1.);
#5154 = DIRECTION('',(-1.,9.686616962803E-19,2.611704790081E-17));
#5155 = PCURVE('',#3772,#5156);
#5156 = DEFINITIONAL_REPRESENTATION('',(#5157),#5160);
#5157 = B_SPLINE_CURVE_WITH_KNOTS('',1,(#5158,#5159),.UNSPECIFIED.,.F.,
  .F.,(2,2),(-4.864657446727,0.935342553273),.PIECEWISE_BEZIER_KNOTS.);
#5158 = CARTESIAN_POINT('',(3.929314893454,-25.48564002683));
#5159 = CARTESIAN_POINT('',(-1.870685106546,-25.48564002683));
#5160 = ( GEOMETRIC_REPRESENTATION_CONTEXT(2) 
PARAMETRIC_REPRESENTATION_CONTEXT() REPRESENTATION_CONTEXT('2D SPACE',''
  ) );
#5161 = PCURVE('',#4121,#5162);
#5162 = DEFINITIONAL_REPRESENTATION('',(#5163),#5166);
#5163 = B_SPLINE_CURVE_WITH_KNOTS('',1,(#5164,#5165),.UNSPECIFIED.,.F.,
  .F.,(2,2),(-4.864657446727,0.935342553273),.PIECEWISE_BEZIER_KNOTS.);
#5164 = CARTESIAN_POINT('',(5.8,-55.));
#5165 = CARTESIAN_POINT('',(0.,-55.));
#5166 = ( GEOMETRIC_REPRESENTATION_CONTEXT(2) 
PARAMETRIC_REPRESENTATION_CONTEXT() REPRESENTATION_CONTEXT('2D SPACE',''
  ) );
#5167 = ORIENTED_EDGE('',*,*,#5168,.F.);
#5168 = EDGE_CURVE('',#5169,#5148,#5171,.T.);
#5169 = VERTEX_POINT('',#5170);
#5170 = CARTESIAN_POINT('',(-10.65,27.5,15.));
#5171 = SURFACE_CURVE('',#5172,(#5176,#5182),.PCURVE_S1.);
#5172 = LINE('',#5173,#5174);
#5173 = CARTESIAN_POINT('',(-10.65,27.5,21.292820013417));
#5174 = VECTOR('',#5175,1.);
#5175 = DIRECTION('',(-2.611704790081E-17,1.230220894319E-18,-1.));
#5176 = PCURVE('',#3772,#5177);
#5177 = DEFINITIONAL_REPRESENTATION('',(#5178),#5181);
#5178 = B_SPLINE_CURVE_WITH_KNOTS('',1,(#5179,#5180),.UNSPECIFIED.,.F.,
  .F.,(2,2),(6.292820013417,16.292820013417),.PIECEWISE_BEZIER_KNOTS.);
#5179 = CARTESIAN_POINT('',(-0.620685106546,-22.58564002683));
#5180 = CARTESIAN_POINT('',(-0.620685106546,-32.58564002683));
#5181 = ( GEOMETRIC_REPRESENTATION_CONTEXT(2) 
PARAMETRIC_REPRESENTATION_CONTEXT() REPRESENTATION_CONTEXT('2D SPACE',''
  ) );
#5182 = PCURVE('',#4147,#5183);
#5183 = DEFINITIONAL_REPRESENTATION('',(#5184),#5187);
#5184 = B_SPLINE_CURVE_WITH_KNOTS('',1,(#5185,#5186),.UNSPECIFIED.,.F.,
  .F.,(2,2),(6.292820013417,16.292820013417),.PIECEWISE_BEZIER_KNOTS.);
#5185 = CARTESIAN_POINT('',(10.,-55.));
#5186 = CARTESIAN_POINT('',(0.,-55.));
#5187 = ( GEOMETRIC_REPRESENTATION_CONTEXT(2) 
PARAMETRIC_REPRESENTATION_CONTEXT() REPRESENTATION_CONTEXT('2D SPACE',''
  ) );
#5188 = ORIENTED_EDGE('',*,*,#5189,.F.);
#5189 = EDGE_CURVE('',#5190,#5169,#5192,.T.);
#5190 = VERTEX_POINT('',#5191);
#5191 = CARTESIAN_POINT('',(-7.35,27.5,15.));
#5192 = SURFACE_CURVE('',#5193,(#5197,#5203),.PCURVE_S1.);
#5193 = LINE('',#5194,#5195);
#5194 = CARTESIAN_POINT('',(-10.33965744672,27.5,15.));
#5195 = VECTOR('',#5196,1.);
#5196 = DIRECTION('',(-1.,9.686616962803E-19,2.611704790081E-17));
#5197 = PCURVE('',#3772,#5198);
#5198 = DEFINITIONAL_REPRESENTATION('',(#5199),#5202);
#5199 = B_SPLINE_CURVE_WITH_KNOTS('',1,(#5200,#5201),.UNSPECIFIED.,.F.,
  .F.,(2,2),(-2.989657446727,0.310342553273),.PIECEWISE_BEZIER_KNOTS.);
#5200 = CARTESIAN_POINT('',(2.679314893454,-22.58564002683));
#5201 = CARTESIAN_POINT('',(-0.620685106546,-22.58564002683));
#5202 = ( GEOMETRIC_REPRESENTATION_CONTEXT(2) 
PARAMETRIC_REPRESENTATION_CONTEXT() REPRESENTATION_CONTEXT('2D SPACE',''
  ) );
#5203 = PCURVE('',#4173,#5204);
#5204 = DEFINITIONAL_REPRESENTATION('',(#5205),#5208);
#5205 = B_SPLINE_CURVE_WITH_KNOTS('',1,(#5206,#5207),.UNSPECIFIED.,.F.,
  .F.,(2,2),(-2.989657446727,0.310342553273),.PIECEWISE_BEZIER_KNOTS.);
#5206 = CARTESIAN_POINT('',(3.3,-55.));
#5207 = CARTESIAN_POINT('',(0.,-55.));
#5208 = ( GEOMETRIC_REPRESENTATION_CONTEXT(2) 
PARAMETRIC_REPRESENTATION_CONTEXT() REPRESENTATION_CONTEXT('2D SPACE',''
  ) );
#5209 = ORIENTED_EDGE('',*,*,#5210,.F.);
#5210 = EDGE_CURVE('',#5211,#5190,#5213,.T.);
#5211 = VERTEX_POINT('',#5212);
#5212 = CARTESIAN_POINT('',(-7.35,27.5,12.1));
#5213 = SURFACE_CURVE('',#5214,(#5218,#5224),.PCURVE_S1.);
#5214 = LINE('',#5215,#5216);
#5215 = CARTESIAN_POINT('',(-7.35,27.5,26.292820013417));
#5216 = VECTOR('',#5217,1.);
#5217 = DIRECTION('',(2.611704790081E-17,-1.230220894319E-18,1.));
#5218 = PCURVE('',#3772,#5219);
#5219 = DEFINITIONAL_REPRESENTATION('',(#5220),#5223);
#5220 = B_SPLINE_CURVE_WITH_KNOTS('',1,(#5221,#5222),.UNSPECIFIED.,.F.,
  .F.,(2,2),(-21.29282001341,-11.29282001341),.PIECEWISE_BEZIER_KNOTS.);
#5221 = CARTESIAN_POINT('',(2.679314893454,-32.58564002683));
#5222 = CARTESIAN_POINT('',(2.679314893454,-22.58564002683));
#5223 = ( GEOMETRIC_REPRESENTATION_CONTEXT(2) 
PARAMETRIC_REPRESENTATION_CONTEXT() REPRESENTATION_CONTEXT('2D SPACE',''
  ) );
#5224 = PCURVE('',#4199,#5225);
#5225 = DEFINITIONAL_REPRESENTATION('',(#5226),#5229);
#5226 = B_SPLINE_CURVE_WITH_KNOTS('',1,(#5227,#5228),.UNSPECIFIED.,.F.,
  .F.,(2,2),(-21.29282001341,-11.29282001341),.PIECEWISE_BEZIER_KNOTS.);
#5227 = CARTESIAN_POINT('',(10.,-55.));
#5228 = CARTESIAN_POINT('',(0.,-55.));
#5229 = ( GEOMETRIC_REPRESENTATION_CONTEXT(2) 
PARAMETRIC_REPRESENTATION_CONTEXT() REPRESENTATION_CONTEXT('2D SPACE',''
  ) );
#5230 = ORIENTED_EDGE('',*,*,#5231,.F.);
#5231 = EDGE_CURVE('',#5232,#5211,#5234,.T.);
#5232 = VERTEX_POINT('',#5233);
#5233 = CARTESIAN_POINT('',(-6.1,27.5,12.1));
#5234 = SURFACE_CURVE('',#5235,(#5239,#5245),.PCURVE_S1.);
#5235 = LINE('',#5236,#5237);
#5236 = CARTESIAN_POINT('',(-10.96465744672,27.5,12.1));
#5237 = VECTOR('',#5238,1.);
#5238 = DIRECTION('',(-1.,9.686616962803E-19,2.611704790081E-17));
#5239 = PCURVE('',#3772,#5240);
#5240 = DEFINITIONAL_REPRESENTATION('',(#5241),#5244);
#5241 = B_SPLINE_CURVE_WITH_KNOTS('',1,(#5242,#5243),.UNSPECIFIED.,.F.,
  .F.,(2,2),(-4.864657446727,0.935342553273),.PIECEWISE_BEZIER_KNOTS.);
#5242 = CARTESIAN_POINT('',(3.929314893454,-25.48564002683));
#5243 = CARTESIAN_POINT('',(-1.870685106546,-25.48564002683));
#5244 = ( GEOMETRIC_REPRESENTATION_CONTEXT(2) 
PARAMETRIC_REPRESENTATION_CONTEXT() REPRESENTATION_CONTEXT('2D SPACE',''
  ) );
#5245 = PCURVE('',#4225,#5246);
#5246 = DEFINITIONAL_REPRESENTATION('',(#5247),#5250);
#5247 = B_SPLINE_CURVE_WITH_KNOTS('',1,(#5248,#5249),.UNSPECIFIED.,.F.,
  .F.,(2,2),(-4.864657446727,0.935342553273),.PIECEWISE_BEZIER_KNOTS.);
#5248 = CARTESIAN_POINT('',(5.8,-55.));
#5249 = CARTESIAN_POINT('',(0.,-55.));
#5250 = ( GEOMETRIC_REPRESENTATION_CONTEXT(2) 
PARAMETRIC_REPRESENTATION_CONTEXT() REPRESENTATION_CONTEXT('2D SPACE',''
  ) );
#5251 = ORIENTED_EDGE('',*,*,#5252,.F.);
#5252 = EDGE_CURVE('',#5253,#5232,#5255,.T.);
#5253 = VERTEX_POINT('',#5254);
#5254 = CARTESIAN_POINT('',(-6.1,27.5,9.5));
#5255 = SURFACE_CURVE('',#5256,(#5260,#5266),.PCURVE_S1.);
#5256 = LINE('',#5257,#5258);
#5257 = CARTESIAN_POINT('',(-6.1,27.5,24.842820013417));
#5258 = VECTOR('',#5259,1.);
#5259 = DIRECTION('',(2.611704790081E-17,-1.230220894319E-18,1.));
#5260 = PCURVE('',#3772,#5261);
#5261 = DEFINITIONAL_REPRESENTATION('',(#5262),#5265);
#5262 = B_SPLINE_CURVE_WITH_KNOTS('',1,(#5263,#5264),.UNSPECIFIED.,.F.,
  .F.,(2,2),(-15.34282001341,-12.74282001341),.PIECEWISE_BEZIER_KNOTS.);
#5263 = CARTESIAN_POINT('',(3.929314893454,-28.08564002683));
#5264 = CARTESIAN_POINT('',(3.929314893454,-25.48564002683));
#5265 = ( GEOMETRIC_REPRESENTATION_CONTEXT(2) 
PARAMETRIC_REPRESENTATION_CONTEXT() REPRESENTATION_CONTEXT('2D SPACE',''
  ) );
#5266 = PCURVE('',#4251,#5267);
#5267 = DEFINITIONAL_REPRESENTATION('',(#5268),#5271);
#5268 = B_SPLINE_CURVE_WITH_KNOTS('',1,(#5269,#5270),.UNSPECIFIED.,.F.,
  .F.,(2,2),(-15.34282001341,-12.74282001341),.PIECEWISE_BEZIER_KNOTS.);
#5269 = CARTESIAN_POINT('',(2.6,-55.));
#5270 = CARTESIAN_POINT('',(0.,-55.));
#5271 = ( GEOMETRIC_REPRESENTATION_CONTEXT(2) 
PARAMETRIC_REPRESENTATION_CONTEXT() REPRESENTATION_CONTEXT('2D SPACE',''
  ) );
#5272 = ORIENTED_EDGE('',*,*,#5273,.F.);
#5273 = EDGE_CURVE('',#5274,#5253,#5276,.T.);
#5274 = VERTEX_POINT('',#5275);
#5275 = CARTESIAN_POINT('',(-7.35,27.5,9.5));
#5276 = SURFACE_CURVE('',#5277,(#5281,#5287),.PCURVE_S1.);
#5277 = LINE('',#5278,#5279);
#5278 = CARTESIAN_POINT('',(-8.064657446727,27.5,9.5));
#5279 = VECTOR('',#5280,1.);
#5280 = DIRECTION('',(1.,-9.686616962803E-19,-2.611704790081E-17));
#5281 = PCURVE('',#3772,#5282);
#5282 = DEFINITIONAL_REPRESENTATION('',(#5283),#5286);
#5283 = B_SPLINE_CURVE_WITH_KNOTS('',1,(#5284,#5285),.UNSPECIFIED.,.F.,
  .F.,(2,2),(-3.835342553273,1.964657446727),.PIECEWISE_BEZIER_KNOTS.);
#5284 = CARTESIAN_POINT('',(-1.870685106546,-28.08564002683));
#5285 = CARTESIAN_POINT('',(3.929314893454,-28.08564002683));
#5286 = ( GEOMETRIC_REPRESENTATION_CONTEXT(2) 
PARAMETRIC_REPRESENTATION_CONTEXT() REPRESENTATION_CONTEXT('2D SPACE',''
  ) );
#5287 = PCURVE('',#4277,#5288);
#5288 = DEFINITIONAL_REPRESENTATION('',(#5289),#5292);
#5289 = B_SPLINE_CURVE_WITH_KNOTS('',1,(#5290,#5291),.UNSPECIFIED.,.F.,
  .F.,(2,2),(-3.835342553273,1.964657446727),.PIECEWISE_BEZIER_KNOTS.);
#5290 = CARTESIAN_POINT('',(5.8,-55.));
#5291 = CARTESIAN_POINT('',(0.,-55.));
#5292 = ( GEOMETRIC_REPRESENTATION_CONTEXT(2) 
PARAMETRIC_REPRESENTATION_CONTEXT() REPRESENTATION_CONTEXT('2D SPACE',''
  ) );
#5293 = ORIENTED_EDGE('',*,*,#5294,.F.);
#5294 = EDGE_CURVE('',#5295,#5274,#5297,.T.);
#5295 = VERTEX_POINT('',#5296);
#5296 = CARTESIAN_POINT('',(-7.35,27.5,5.));
#5297 = SURFACE_CURVE('',#5298,(#5302,#5308),.PCURVE_S1.);
#5298 = LINE('',#5299,#5300);
#5299 = CARTESIAN_POINT('',(-7.35,27.5,26.292820013417));
#5300 = VECTOR('',#5301,1.);
#5301 = DIRECTION('',(2.611704790081E-17,-1.230220894319E-18,1.));
#5302 = PCURVE('',#3772,#5303);
#5303 = DEFINITIONAL_REPRESENTATION('',(#5304),#5307);
#5304 = B_SPLINE_CURVE_WITH_KNOTS('',1,(#5305,#5306),.UNSPECIFIED.,.F.,
  .F.,(2,2),(-21.29282001341,-11.29282001341),.PIECEWISE_BEZIER_KNOTS.);
#5305 = CARTESIAN_POINT('',(2.679314893454,-32.58564002683));
#5306 = CARTESIAN_POINT('',(2.679314893454,-22.58564002683));
#5307 = ( GEOMETRIC_REPRESENTATION_CONTEXT(2) 
PARAMETRIC_REPRESENTATION_CONTEXT() REPRESENTATION_CONTEXT('2D SPACE',''
  ) );
#5308 = PCURVE('',#4303,#5309);
#5309 = DEFINITIONAL_REPRESENTATION('',(#5310),#5313);
#5310 = B_SPLINE_CURVE_WITH_KNOTS('',1,(#5311,#5312),.UNSPECIFIED.,.F.,
  .F.,(2,2),(-21.29282001341,-11.29282001341),.PIECEWISE_BEZIER_KNOTS.);
#5311 = CARTESIAN_POINT('',(10.,-55.));
#5312 = CARTESIAN_POINT('',(0.,-55.));
#5313 = ( GEOMETRIC_REPRESENTATION_CONTEXT(2) 
PARAMETRIC_REPRESENTATION_CONTEXT() REPRESENTATION_CONTEXT('2D SPACE',''
  ) );
#5314 = ORIENTED_EDGE('',*,*,#5315,.T.);
#5315 = EDGE_CURVE('',#5295,#5316,#5318,.T.);
#5316 = VERTEX_POINT('',#5317);
#5317 = CARTESIAN_POINT('',(5.,27.5,5.));
#5318 = SURFACE_CURVE('',#5319,(#5323,#5330),.PCURVE_S1.);
#5319 = LINE('',#5320,#5321);
#5320 = CARTESIAN_POINT('',(-42.,27.5,5.));
#5321 = VECTOR('',#5322,1.);
#5322 = DIRECTION('',(1.,-9.686616962803E-19,-2.611704790081E-17));
#5323 = PCURVE('',#3772,#5324);
#5324 = DEFINITIONAL_REPRESENTATION('',(#5325),#5329);
#5325 = LINE('',#5326,#5327);
#5326 = CARTESIAN_POINT('',(-31.97068510654,-32.58564002683));
#5327 = VECTOR('',#5328,1.);
#5328 = DIRECTION('',(1.,0.));
#5329 = ( GEOMETRIC_REPRESENTATION_CONTEXT(2) 
PARAMETRIC_REPRESENTATION_CONTEXT() REPRESENTATION_CONTEXT('2D SPACE',''
  ) );
#5330 = PCURVE('',#4330,#5331);
#5331 = DEFINITIONAL_REPRESENTATION('',(#5332),#5336);
#5332 = LINE('',#5333,#5334);
#5333 = CARTESIAN_POINT('',(0.,-5.));
#5334 = VECTOR('',#5335,1.);
#5335 = DIRECTION('',(1.,0.));
#5336 = ( GEOMETRIC_REPRESENTATION_CONTEXT(2) 
PARAMETRIC_REPRESENTATION_CONTEXT() REPRESENTATION_CONTEXT('2D SPACE',''
  ) );
#5337 = ORIENTED_EDGE('',*,*,#5338,.T.);
#5338 = EDGE_CURVE('',#5316,#5339,#5341,.T.);
#5339 = VERTEX_POINT('',#5340);
#5340 = CARTESIAN_POINT('',(5.,27.5,1.42108547152E-14));
#5341 = SURFACE_CURVE('',#5342,(#5346,#5353),.PCURVE_S1.);
#5342 = LINE('',#5343,#5344);
#5343 = CARTESIAN_POINT('',(5.,27.5,5.01));
#5344 = VECTOR('',#5345,1.);
#5345 = DIRECTION('',(-2.611704790081E-17,1.230220894319E-18,-1.));
#5346 = PCURVE('',#3772,#5347);
#5347 = DEFINITIONAL_REPRESENTATION('',(#5348),#5352);
#5348 = LINE('',#5349,#5350);
#5349 = CARTESIAN_POINT('',(15.029314893454,-32.57564002683));
#5350 = VECTOR('',#5351,1.);
#5351 = DIRECTION('',(0.,-1.));
#5352 = ( GEOMETRIC_REPRESENTATION_CONTEXT(2) 
PARAMETRIC_REPRESENTATION_CONTEXT() REPRESENTATION_CONTEXT('2D SPACE',''
  ) );
#5353 = PCURVE('',#4358,#5354);
#5354 = DEFINITIONAL_REPRESENTATION('',(#5355),#5359);
#5355 = LINE('',#5356,#5357);
#5356 = CARTESIAN_POINT('',(0.,-5.));
#5357 = VECTOR('',#5358,1.);
#5358 = DIRECTION('',(1.,0.));
#5359 = ( GEOMETRIC_REPRESENTATION_CONTEXT(2) 
PARAMETRIC_REPRESENTATION_CONTEXT() REPRESENTATION_CONTEXT('2D SPACE',''
  ) );
#5360 = ORIENTED_EDGE('',*,*,#5361,.T.);
#5361 = EDGE_CURVE('',#5339,#5362,#5364,.T.);
#5362 = VERTEX_POINT('',#5363);
#5363 = CARTESIAN_POINT('',(17.,27.5,1.42108547152E-14));
#5364 = SURFACE_CURVE('',#5365,(#5369,#5376),.PCURVE_S1.);
#5365 = LINE('',#5366,#5367);
#5366 = CARTESIAN_POINT('',(5.,27.5,1.42108547152E-14));
#5367 = VECTOR('',#5368,1.);
#5368 = DIRECTION('',(1.,-9.686616962803E-19,-2.611704790081E-17));
#5369 = PCURVE('',#3772,#5370);
#5370 = DEFINITIONAL_REPRESENTATION('',(#5371),#5375);
#5371 = LINE('',#5372,#5373);
#5372 = CARTESIAN_POINT('',(15.029314893454,-37.58564002683));
#5373 = VECTOR('',#5374,1.);
#5374 = DIRECTION('',(1.,0.));
#5375 = ( GEOMETRIC_REPRESENTATION_CONTEXT(2) 
PARAMETRIC_REPRESENTATION_CONTEXT() REPRESENTATION_CONTEXT('2D SPACE',''
  ) );
#5376 = PCURVE('',#4386,#5377);
#5377 = DEFINITIONAL_REPRESENTATION('',(#5378),#5382);
#5378 = LINE('',#5379,#5380);
#5379 = CARTESIAN_POINT('',(0.,-5.));
#5380 = VECTOR('',#5381,1.);
#5381 = DIRECTION('',(1.,0.));
#5382 = ( GEOMETRIC_REPRESENTATION_CONTEXT(2) 
PARAMETRIC_REPRESENTATION_CONTEXT() REPRESENTATION_CONTEXT('2D SPACE',''
  ) );
#5383 = ORIENTED_EDGE('',*,*,#5384,.T.);
#5384 = EDGE_CURVE('',#5362,#5385,#5387,.T.);
#5385 = VERTEX_POINT('',#5386);
#5386 = CARTESIAN_POINT('',(17.,27.5,5.));
#5387 = SURFACE_CURVE('',#5388,(#5392,#5399),.PCURVE_S1.);
#5388 = LINE('',#5389,#5390);
#5389 = CARTESIAN_POINT('',(17.,27.5,1.42108547152E-14));
#5390 = VECTOR('',#5391,1.);
#5391 = DIRECTION('',(2.611704790081E-17,-1.230220894319E-18,1.));
#5392 = PCURVE('',#3772,#5393);
#5393 = DEFINITIONAL_REPRESENTATION('',(#5394),#5398);
#5394 = LINE('',#5395,#5396);
#5395 = CARTESIAN_POINT('',(27.029314893454,-37.58564002683));
#5396 = VECTOR('',#5397,1.);
#5397 = DIRECTION('',(0.,1.));
#5398 = ( GEOMETRIC_REPRESENTATION_CONTEXT(2) 
PARAMETRIC_REPRESENTATION_CONTEXT() REPRESENTATION_CONTEXT('2D SPACE',''
  ) );
#5399 = PCURVE('',#4414,#5400);
#5400 = DEFINITIONAL_REPRESENTATION('',(#5401),#5405);
#5401 = LINE('',#5402,#5403);
#5402 = CARTESIAN_POINT('',(0.,-5.));
#5403 = VECTOR('',#5404,1.);
#5404 = DIRECTION('',(1.,0.));
#5405 = ( GEOMETRIC_REPRESENTATION_CONTEXT(2) 
PARAMETRIC_REPRESENTATION_CONTEXT() REPRESENTATION_CONTEXT('2D SPACE',''
  ) );
#5406 = ORIENTED_EDGE('',*,*,#5407,.T.);
#5407 = EDGE_CURVE('',#5385,#5408,#5410,.T.);
#5408 = VERTEX_POINT('',#5409);
#5409 = CARTESIAN_POINT('',(25.,27.5,5.));
#5410 = SURFACE_CURVE('',#5411,(#5415,#5422),.PCURVE_S1.);
#5411 = LINE('',#5412,#5413);
#5412 = CARTESIAN_POINT('',(-42.,27.5,5.));
#5413 = VECTOR('',#5414,1.);
#5414 = DIRECTION('',(1.,-9.686616962803E-19,-2.611704790081E-17));
#5415 = PCURVE('',#3772,#5416);
#5416 = DEFINITIONAL_REPRESENTATION('',(#5417),#5421);
#5417 = LINE('',#5418,#5419);
#5418 = CARTESIAN_POINT('',(-31.97068510654,-32.58564002683));
#5419 = VECTOR('',#5420,1.);
#5420 = DIRECTION('',(1.,0.));
#5421 = ( GEOMETRIC_REPRESENTATION_CONTEXT(2) 
PARAMETRIC_REPRESENTATION_CONTEXT() REPRESENTATION_CONTEXT('2D SPACE',''
  ) );
#5422 = PCURVE('',#4442,#5423);
#5423 = DEFINITIONAL_REPRESENTATION('',(#5424),#5428);
#5424 = LINE('',#5425,#5426);
#5425 = CARTESIAN_POINT('',(0.,-5.));
#5426 = VECTOR('',#5427,1.);
#5427 = DIRECTION('',(1.,0.));
#5428 = ( GEOMETRIC_REPRESENTATION_CONTEXT(2) 
PARAMETRIC_REPRESENTATION_CONTEXT() REPRESENTATION_CONTEXT('2D SPACE',''
  ) );
#5429 = ORIENTED_EDGE('',*,*,#5430,.T.);
#5430 = EDGE_CURVE('',#5408,#4920,#5431,.T.);
#5431 = SURFACE_CURVE('',#5432,(#5436,#5443),.PCURVE_S1.);
#5432 = LINE('',#5433,#5434);
#5433 = CARTESIAN_POINT('',(25.,27.5,5.));
#5434 = VECTOR('',#5435,1.);
#5435 = DIRECTION('',(-5.912606903287E-02,-1.170795493631E-18,
    0.998250523647));
#5436 = PCURVE('',#3772,#5437);
#5437 = DEFINITIONAL_REPRESENTATION('',(#5438),#5442);
#5438 = LINE('',#5439,#5440);
#5439 = CARTESIAN_POINT('',(35.029314893454,-32.58564002683));
#5440 = VECTOR('',#5441,1.);
#5441 = DIRECTION('',(-5.912606903287E-02,0.998250523647));
#5442 = ( GEOMETRIC_REPRESENTATION_CONTEXT(2) 
PARAMETRIC_REPRESENTATION_CONTEXT() REPRESENTATION_CONTEXT('2D SPACE',''
  ) );
#5443 = PCURVE('',#4468,#5444);
#5444 = DEFINITIONAL_REPRESENTATION('',(#5445),#5449);
#5445 = LINE('',#5446,#5447);
#5446 = CARTESIAN_POINT('',(0.,-5.));
#5447 = VECTOR('',#5448,1.);
#5448 = DIRECTION('',(1.,0.));
#5449 = ( GEOMETRIC_REPRESENTATION_CONTEXT(2) 
PARAMETRIC_REPRESENTATION_CONTEXT() REPRESENTATION_CONTEXT('2D SPACE',''
  ) );
#5450 = FACE_BOUND('',#5451,.T.);
#5451 = EDGE_LOOP('',(#5452));
#5452 = ORIENTED_EDGE('',*,*,#5453,.T.);
#5453 = EDGE_CURVE('',#5454,#5454,#5456,.T.);
#5454 = VERTEX_POINT('',#5455);
#5455 = CARTESIAN_POINT('',(-33.85,27.5,12.5));
#5456 = SURFACE_CURVE('',#5457,(#5462,#5473),.PCURVE_S1.);
#5457 = CIRCLE('',#5458,1.65);
#5458 = AXIS2_PLACEMENT_3D('',#5459,#5460,#5461);
#5459 = CARTESIAN_POINT('',(-35.5,27.5,12.5));
#5460 = DIRECTION('',(9.686616962803E-19,1.,1.230220894319E-18));
#5461 = DIRECTION('',(1.,-9.686616962803E-19,-2.611704790081E-17));
#5462 = PCURVE('',#3772,#5463);
#5463 = DEFINITIONAL_REPRESENTATION('',(#5464),#5472);
#5464 = ( BOUNDED_CURVE() B_SPLINE_CURVE(2,(#5465,#5466,#5467,#5468,
#5469,#5470,#5471),.UNSPECIFIED.,.T.,.F.) B_SPLINE_CURVE_WITH_KNOTS((1,2
    ,2,2,2,1),(-2.094395102393,0.,2.094395102393,4.188790204786,
6.28318530718,8.377580409573),.UNSPECIFIED.) CURVE() 
GEOMETRIC_REPRESENTATION_ITEM() RATIONAL_B_SPLINE_CURVE((1.,0.5,1.,0.5,
1.,0.5,1.)) REPRESENTATION_ITEM('') );
#5465 = CARTESIAN_POINT('',(-23.82068510654,-25.08564002683));
#5466 = CARTESIAN_POINT('',(-23.82068510654,-27.94352385932));
#5467 = CARTESIAN_POINT('',(-26.29568510654,-26.51458194307));
#5468 = CARTESIAN_POINT('',(-28.77068510654,-25.08564002683));
#5469 = CARTESIAN_POINT('',(-26.29568510654,-23.65669811058));
#5470 = CARTESIAN_POINT('',(-23.82068510654,-22.22775619434));
#5471 = CARTESIAN_POINT('',(-23.82068510654,-25.08564002683));
#5472 = ( GEOMETRIC_REPRESENTATION_CONTEXT(2) 
PARAMETRIC_REPRESENTATION_CONTEXT() REPRESENTATION_CONTEXT('2D SPACE',''
  ) );
#5473 = PCURVE('',#4503,#5474);
#5474 = DEFINITIONAL_REPRESENTATION('',(#5475),#5479);
#5475 = LINE('',#5476,#5477);
#5476 = CARTESIAN_POINT('',(-6.28318530718,-55.));
#5477 = VECTOR('',#5478,1.);
#5478 = DIRECTION('',(1.,-0.));
#5479 = ( GEOMETRIC_REPRESENTATION_CONTEXT(2) 
PARAMETRIC_REPRESENTATION_CONTEXT() REPRESENTATION_CONTEXT('2D SPACE',''
  ) );
#5480 = FACE_BOUND('',#5481,.T.);
#5481 = EDGE_LOOP('',(#5482,#5505,#5526,#5547));
#5482 = ORIENTED_EDGE('',*,*,#5483,.T.);
#5483 = EDGE_CURVE('',#5484,#5486,#5488,.T.);
#5484 = VERTEX_POINT('',#5485);
#5485 = CARTESIAN_POINT('',(-32.9,27.5,26.1));
#5486 = VERTEX_POINT('',#5487);
#5487 = CARTESIAN_POINT('',(-32.9,27.5,16.9));
#5488 = SURFACE_CURVE('',#5489,(#5493,#5499),.PCURVE_S1.);
#5489 = LINE('',#5490,#5491);
#5490 = CARTESIAN_POINT('',(-32.9,27.5,27.242820013417));
#5491 = VECTOR('',#5492,1.);
#5492 = DIRECTION('',(-2.611704790081E-17,1.230220894319E-18,-1.));
#5493 = PCURVE('',#3772,#5494);
#5494 = DEFINITIONAL_REPRESENTATION('',(#5495),#5498);
#5495 = B_SPLINE_CURVE_WITH_KNOTS('',1,(#5496,#5497),.UNSPECIFIED.,.F.,
  .F.,(2,2),(1.142820013417,10.342820013417),.PIECEWISE_BEZIER_KNOTS.);
#5496 = CARTESIAN_POINT('',(-22.87068510654,-11.48564002683));
#5497 = CARTESIAN_POINT('',(-22.87068510654,-20.68564002683));
#5498 = ( GEOMETRIC_REPRESENTATION_CONTEXT(2) 
PARAMETRIC_REPRESENTATION_CONTEXT() REPRESENTATION_CONTEXT('2D SPACE',''
  ) );
#5499 = PCURVE('',#4534,#5500);
#5500 = DEFINITIONAL_REPRESENTATION('',(#5501),#5504);
#5501 = B_SPLINE_CURVE_WITH_KNOTS('',1,(#5502,#5503),.UNSPECIFIED.,.F.,
  .F.,(2,2),(1.142820013417,10.342820013417),.PIECEWISE_BEZIER_KNOTS.);
#5502 = CARTESIAN_POINT('',(9.2,-55.));
#5503 = CARTESIAN_POINT('',(0.,-55.));
#5504 = ( GEOMETRIC_REPRESENTATION_CONTEXT(2) 
PARAMETRIC_REPRESENTATION_CONTEXT() REPRESENTATION_CONTEXT('2D SPACE',''
  ) );
#5505 = ORIENTED_EDGE('',*,*,#5506,.T.);
#5506 = EDGE_CURVE('',#5486,#5507,#5509,.T.);
#5507 = VERTEX_POINT('',#5508);
#5508 = CARTESIAN_POINT('',(-38.1,27.5,16.9));
#5509 = SURFACE_CURVE('',#5510,(#5514,#5520),.PCURVE_S1.);
#5510 = LINE('',#5511,#5512);
#5511 = CARTESIAN_POINT('',(-24.06465744672,27.5,16.9));
#5512 = VECTOR('',#5513,1.);
#5513 = DIRECTION('',(-1.,9.686616962803E-19,2.611704790081E-17));
#5514 = PCURVE('',#3772,#5515);
#5515 = DEFINITIONAL_REPRESENTATION('',(#5516),#5519);
#5516 = B_SPLINE_CURVE_WITH_KNOTS('',1,(#5517,#5518),.UNSPECIFIED.,.F.,
  .F.,(2,2),(8.835342553273,14.035342553273),.PIECEWISE_BEZIER_KNOTS.);
#5517 = CARTESIAN_POINT('',(-22.87068510654,-20.68564002683));
#5518 = CARTESIAN_POINT('',(-28.07068510654,-20.68564002683));
#5519 = ( GEOMETRIC_REPRESENTATION_CONTEXT(2) 
PARAMETRIC_REPRESENTATION_CONTEXT() REPRESENTATION_CONTEXT('2D SPACE',''
  ) );
#5520 = PCURVE('',#4560,#5521);
#5521 = DEFINITIONAL_REPRESENTATION('',(#5522),#5525);
#5522 = B_SPLINE_CURVE_WITH_KNOTS('',1,(#5523,#5524),.UNSPECIFIED.,.F.,
  .F.,(2,2),(8.835342553273,14.035342553273),.PIECEWISE_BEZIER_KNOTS.);
#5523 = CARTESIAN_POINT('',(5.2,-55.));
#5524 = CARTESIAN_POINT('',(0.,-55.));
#5525 = ( GEOMETRIC_REPRESENTATION_CONTEXT(2) 
PARAMETRIC_REPRESENTATION_CONTEXT() REPRESENTATION_CONTEXT('2D SPACE',''
  ) );
#5526 = ORIENTED_EDGE('',*,*,#5527,.T.);
#5527 = EDGE_CURVE('',#5507,#5528,#5530,.T.);
#5528 = VERTEX_POINT('',#5529);
#5529 = CARTESIAN_POINT('',(-38.1,27.5,26.1));
#5530 = SURFACE_CURVE('',#5531,(#5535,#5541),.PCURVE_S1.);
#5531 = LINE('',#5532,#5533);
#5532 = CARTESIAN_POINT('',(-38.1,27.5,31.842820013417));
#5533 = VECTOR('',#5534,1.);
#5534 = DIRECTION('',(2.611704790081E-17,-1.230220894319E-18,1.));
#5535 = PCURVE('',#3772,#5536);
#5536 = DEFINITIONAL_REPRESENTATION('',(#5537),#5540);
#5537 = B_SPLINE_CURVE_WITH_KNOTS('',1,(#5538,#5539),.UNSPECIFIED.,.F.,
  .F.,(2,2),(-14.94282001341,-5.742820013417),.PIECEWISE_BEZIER_KNOTS.);
#5538 = CARTESIAN_POINT('',(-28.07068510654,-20.68564002683));
#5539 = CARTESIAN_POINT('',(-28.07068510654,-11.48564002683));
#5540 = ( GEOMETRIC_REPRESENTATION_CONTEXT(2) 
PARAMETRIC_REPRESENTATION_CONTEXT() REPRESENTATION_CONTEXT('2D SPACE',''
  ) );
#5541 = PCURVE('',#4586,#5542);
#5542 = DEFINITIONAL_REPRESENTATION('',(#5543),#5546);
#5543 = B_SPLINE_CURVE_WITH_KNOTS('',1,(#5544,#5545),.UNSPECIFIED.,.F.,
  .F.,(2,2),(-14.94282001341,-5.742820013417),.PIECEWISE_BEZIER_KNOTS.);
#5544 = CARTESIAN_POINT('',(9.2,-55.));
#5545 = CARTESIAN_POINT('',(0.,-55.));
#5546 = ( GEOMETRIC_REPRESENTATION_CONTEXT(2) 
PARAMETRIC_REPRESENTATION_CONTEXT() REPRESENTATION_CONTEXT('2D SPACE',''
  ) );
#5547 = ORIENTED_EDGE('',*,*,#5548,.T.);
#5548 = EDGE_CURVE('',#5528,#5484,#5549,.T.);
#5549 = SURFACE_CURVE('',#5550,(#5554,#5560),.PCURVE_S1.);
#5550 = LINE('',#5551,#5552);
#5551 = CARTESIAN_POINT('',(-21.46465744672,27.5,26.1));
#5552 = VECTOR('',#5553,1.);
#5553 = DIRECTION('',(1.,-9.686616962803E-19,-2.611704790081E-17));
#5554 = PCURVE('',#3772,#5555);
#5555 = DEFINITIONAL_REPRESENTATION('',(#5556),#5559);
#5556 = B_SPLINE_CURVE_WITH_KNOTS('',1,(#5557,#5558),.UNSPECIFIED.,.F.,
  .F.,(2,2),(-16.63534255327,-11.43534255327),.PIECEWISE_BEZIER_KNOTS.);
#5557 = CARTESIAN_POINT('',(-28.07068510654,-11.48564002683));
#5558 = CARTESIAN_POINT('',(-22.87068510654,-11.48564002683));
#5559 = ( GEOMETRIC_REPRESENTATION_CONTEXT(2) 
PARAMETRIC_REPRESENTATION_CONTEXT() REPRESENTATION_CONTEXT('2D SPACE',''
  ) );
#5560 = PCURVE('',#4610,#5561);
#5561 = DEFINITIONAL_REPRESENTATION('',(#5562),#5565);
#5562 = B_SPLINE_CURVE_WITH_KNOTS('',1,(#5563,#5564),.UNSPECIFIED.,.F.,
  .F.,(2,2),(-16.63534255327,-11.43534255327),.PIECEWISE_BEZIER_KNOTS.);
#5563 = CARTESIAN_POINT('',(5.2,-55.));
#5564 = CARTESIAN_POINT('',(0.,-55.));
#5565 = ( GEOMETRIC_REPRESENTATION_CONTEXT(2) 
PARAMETRIC_REPRESENTATION_CONTEXT() REPRESENTATION_CONTEXT('2D SPACE',''
  ) );
#5566 = FACE_BOUND('',#5567,.T.);
#5567 = EDGE_LOOP('',(#5568));
#5568 = ORIENTED_EDGE('',*,*,#5569,.T.);
#5569 = EDGE_CURVE('',#5570,#5570,#5572,.T.);
#5570 = VERTEX_POINT('',#5571);
#5571 = CARTESIAN_POINT('',(-33.25,27.5,50.));
#5572 = SURFACE_CURVE('',#5573,(#5578,#5589),.PCURVE_S1.);
#5573 = CIRCLE('',#5574,1.65);
#5574 = AXIS2_PLACEMENT_3D('',#5575,#5576,#5577);
#5575 = CARTESIAN_POINT('',(-34.9,27.5,50.));
#5576 = DIRECTION('',(9.686616962803E-19,1.,1.230220894319E-18));
#5577 = DIRECTION('',(1.,-9.686616962803E-19,-2.611704790081E-17));
#5578 = PCURVE('',#3772,#5579);
#5579 = DEFINITIONAL_REPRESENTATION('',(#5580),#5588);
#5580 = ( BOUNDED_CURVE() B_SPLINE_CURVE(2,(#5581,#5582,#5583,#5584,
#5585,#5586,#5587),.UNSPECIFIED.,.T.,.F.) B_SPLINE_CURVE_WITH_KNOTS((1,2
    ,2,2,2,1),(-2.094395102393,0.,2.094395102393,4.188790204786,
6.28318530718,8.377580409573),.UNSPECIFIED.) CURVE() 
GEOMETRIC_REPRESENTATION_ITEM() RATIONAL_B_SPLINE_CURVE((1.,0.5,1.,0.5,
1.,0.5,1.)) REPRESENTATION_ITEM('') );
#5581 = CARTESIAN_POINT('',(-23.22068510654,12.414359973167));
#5582 = CARTESIAN_POINT('',(-23.22068510654,9.556476140678));
#5583 = CARTESIAN_POINT('',(-25.69568510654,10.985418056922));
#5584 = CARTESIAN_POINT('',(-28.17068510654,12.414359973167));
#5585 = CARTESIAN_POINT('',(-25.69568510654,13.843301889411));
#5586 = CARTESIAN_POINT('',(-23.22068510654,15.272243805655));
#5587 = CARTESIAN_POINT('',(-23.22068510654,12.414359973167));
#5588 = ( GEOMETRIC_REPRESENTATION_CONTEXT(2) 
PARAMETRIC_REPRESENTATION_CONTEXT() REPRESENTATION_CONTEXT('2D SPACE',''
  ) );
#5589 = PCURVE('',#4644,#5590);
#5590 = DEFINITIONAL_REPRESENTATION('',(#5591),#5595);
#5591 = LINE('',#5592,#5593);
#5592 = CARTESIAN_POINT('',(-6.28318530718,-55.));
#5593 = VECTOR('',#5594,1.);
#5594 = DIRECTION('',(1.,-0.));
#5595 = ( GEOMETRIC_REPRESENTATION_CONTEXT(2) 
PARAMETRIC_REPRESENTATION_CONTEXT() REPRESENTATION_CONTEXT('2D SPACE',''
  ) );
#5596 = FACE_BOUND('',#5597,.T.);
#5597 = EDGE_LOOP('',(#5598));
#5598 = ORIENTED_EDGE('',*,*,#5599,.T.);
#5599 = EDGE_CURVE('',#5600,#5600,#5602,.T.);
#5600 = VERTEX_POINT('',#5601);
#5601 = CARTESIAN_POINT('',(-33.25,27.5,60.));
#5602 = SURFACE_CURVE('',#5603,(#5608,#5619),.PCURVE_S1.);
#5603 = CIRCLE('',#5604,1.65);
#5604 = AXIS2_PLACEMENT_3D('',#5605,#5606,#5607);
#5605 = CARTESIAN_POINT('',(-34.9,27.5,60.));
#5606 = DIRECTION('',(9.686616962803E-19,1.,1.230220894319E-18));
#5607 = DIRECTION('',(1.,-9.686616962803E-19,-2.611704790081E-17));
#5608 = PCURVE('',#3772,#5609);
#5609 = DEFINITIONAL_REPRESENTATION('',(#5610),#5618);
#5610 = ( BOUNDED_CURVE() B_SPLINE_CURVE(2,(#5611,#5612,#5613,#5614,
#5615,#5616,#5617),.UNSPECIFIED.,.T.,.F.) B_SPLINE_CURVE_WITH_KNOTS((1,2
    ,2,2,2,1),(-2.094395102393,0.,2.094395102393,4.188790204786,
6.28318530718,8.377580409573),.UNSPECIFIED.) CURVE() 
GEOMETRIC_REPRESENTATION_ITEM() RATIONAL_B_SPLINE_CURVE((1.,0.5,1.,0.5,
1.,0.5,1.)) REPRESENTATION_ITEM('') );
#5611 = CARTESIAN_POINT('',(-23.22068510654,22.414359973167));
#5612 = CARTESIAN_POINT('',(-23.22068510654,19.556476140678));
#5613 = CARTESIAN_POINT('',(-25.69568510654,20.985418056922));
#5614 = CARTESIAN_POINT('',(-28.17068510654,22.414359973167));
#5615 = CARTESIAN_POINT('',(-25.69568510654,23.843301889411));
#5616 = CARTESIAN_POINT('',(-23.22068510654,25.272243805655));
#5617 = CARTESIAN_POINT('',(-23.22068510654,22.414359973167));
#5618 = ( GEOMETRIC_REPRESENTATION_CONTEXT(2) 
PARAMETRIC_REPRESENTATION_CONTEXT() REPRESENTATION_CONTEXT('2D SPACE',''
  ) );
#5619 = PCURVE('',#4679,#5620);
#5620 = DEFINITIONAL_REPRESENTATION('',(#5621),#5625);
#5621 = LINE('',#5622,#5623);
#5622 = CARTESIAN_POINT('',(-6.28318530718,-55.));
#5623 = VECTOR('',#5624,1.);
#5624 = DIRECTION('',(1.,-0.));
#5625 = ( GEOMETRIC_REPRESENTATION_CONTEXT(2) 
PARAMETRIC_REPRESENTATION_CONTEXT() REPRESENTATION_CONTEXT('2D SPACE',''
  ) );
#5626 = FACE_BOUND('',#5627,.T.);
#5627 = EDGE_LOOP('',(#5628));
#5628 = ORIENTED_EDGE('',*,*,#5629,.T.);
#5629 = EDGE_CURVE('',#5630,#5630,#5632,.T.);
#5630 = VERTEX_POINT('',#5631);
#5631 = CARTESIAN_POINT('',(16.25,27.5,50.));
#5632 = SURFACE_CURVE('',#5633,(#5638,#5649),.PCURVE_S1.);
#5633 = CIRCLE('',#5634,1.65);
#5634 = AXIS2_PLACEMENT_3D('',#5635,#5636,#5637);
#5635 = CARTESIAN_POINT('',(14.6,27.5,50.));
#5636 = DIRECTION('',(9.686616962803E-19,1.,1.230220894319E-18));
#5637 = DIRECTION('',(1.,-9.686616962803E-19,-2.611704790081E-17));
#5638 = PCURVE('',#3772,#5639);
#5639 = DEFINITIONAL_REPRESENTATION('',(#5640),#5648);
#5640 = ( BOUNDED_CURVE() B_SPLINE_CURVE(2,(#5641,#5642,#5643,#5644,
#5645,#5646,#5647),.UNSPECIFIED.,.T.,.F.) B_SPLINE_CURVE_WITH_KNOTS((1,2
    ,2,2,2,1),(-2.094395102393,0.,2.094395102393,4.188790204786,
6.28318530718,8.377580409573),.UNSPECIFIED.) CURVE() 
GEOMETRIC_REPRESENTATION_ITEM() RATIONAL_B_SPLINE_CURVE((1.,0.5,1.,0.5,
1.,0.5,1.)) REPRESENTATION_ITEM('') );
#5641 = CARTESIAN_POINT('',(26.279314893454,12.414359973167));
#5642 = CARTESIAN_POINT('',(26.279314893454,9.556476140678));
#5643 = CARTESIAN_POINT('',(23.804314893454,10.985418056922));
#5644 = CARTESIAN_POINT('',(21.329314893454,12.414359973167));
#5645 = CARTESIAN_POINT('',(23.804314893454,13.843301889411));
#5646 = CARTESIAN_POINT('',(26.279314893454,15.272243805655));
#5647 = CARTESIAN_POINT('',(26.279314893454,12.414359973167));
#5648 = ( GEOMETRIC_REPRESENTATION_CONTEXT(2) 
PARAMETRIC_REPRESENTATION_CONTEXT() REPRESENTATION_CONTEXT('2D SPACE',''
  ) );
#5649 = PCURVE('',#4714,#5650);
#5650 = DEFINITIONAL_REPRESENTATION('',(#5651),#5655);
#5651 = LINE('',#5652,#5653);
#5652 = CARTESIAN_POINT('',(-6.28318530718,-55.));
#5653 = VECTOR('',#5654,1.);
#5654 = DIRECTION('',(1.,-0.));
#5655 = ( GEOMETRIC_REPRESENTATION_CONTEXT(2) 
PARAMETRIC_REPRESENTATION_CONTEXT() REPRESENTATION_CONTEXT('2D SPACE',''
  ) );
#5656 = FACE_BOUND('',#5657,.T.);
#5657 = EDGE_LOOP('',(#5658,#5681,#5702,#5723));
#5658 = ORIENTED_EDGE('',*,*,#5659,.T.);
#5659 = EDGE_CURVE('',#5660,#5662,#5664,.T.);
#5660 = VERTEX_POINT('',#5661);
#5661 = CARTESIAN_POINT('',(-30.75,27.5,44.9));
#5662 = VERTEX_POINT('',#5663);
#5663 = CARTESIAN_POINT('',(-30.75,27.5,65.1));
#5664 = SURFACE_CURVE('',#5665,(#5669,#5675),.PCURVE_S1.);
#5665 = LINE('',#5666,#5667);
#5666 = CARTESIAN_POINT('',(-30.75,27.5,51.342820013417));
#5667 = VECTOR('',#5668,1.);
#5668 = DIRECTION('',(2.611704790081E-17,-1.230220894319E-18,1.));
#5669 = PCURVE('',#3772,#5670);
#5670 = DEFINITIONAL_REPRESENTATION('',(#5671),#5674);
#5671 = B_SPLINE_CURVE_WITH_KNOTS('',1,(#5672,#5673),.UNSPECIFIED.,.F.,
  .F.,(2,2),(-6.442820013417,13.757179986583),.PIECEWISE_BEZIER_KNOTS.);
#5672 = CARTESIAN_POINT('',(-20.72068510654,7.314359973167));
#5673 = CARTESIAN_POINT('',(-20.72068510654,27.514359973167));
#5674 = ( GEOMETRIC_REPRESENTATION_CONTEXT(2) 
PARAMETRIC_REPRESENTATION_CONTEXT() REPRESENTATION_CONTEXT('2D SPACE',''
  ) );
#5675 = PCURVE('',#4745,#5676);
#5676 = DEFINITIONAL_REPRESENTATION('',(#5677),#5680);
#5677 = B_SPLINE_CURVE_WITH_KNOTS('',1,(#5678,#5679),.UNSPECIFIED.,.F.,
  .F.,(2,2),(-6.442820013417,13.757179986583),.PIECEWISE_BEZIER_KNOTS.);
#5678 = CARTESIAN_POINT('',(20.2,-55.));
#5679 = CARTESIAN_POINT('',(0.,-55.));
#5680 = ( GEOMETRIC_REPRESENTATION_CONTEXT(2) 
PARAMETRIC_REPRESENTATION_CONTEXT() REPRESENTATION_CONTEXT('2D SPACE',''
  ) );
#5681 = ORIENTED_EDGE('',*,*,#5682,.T.);
#5682 = EDGE_CURVE('',#5662,#5683,#5685,.T.);
#5683 = VERTEX_POINT('',#5684);
#5684 = CARTESIAN_POINT('',(10.45,27.5,65.1));
#5685 = SURFACE_CURVE('',#5686,(#5690,#5696),.PCURVE_S1.);
#5686 = LINE('',#5687,#5688);
#5687 = CARTESIAN_POINT('',(0.210342553273,27.5,65.1));
#5688 = VECTOR('',#5689,1.);
#5689 = DIRECTION('',(1.,-9.686616962803E-19,-1.985788769688E-16));
#5690 = PCURVE('',#3772,#5691);
#5691 = DEFINITIONAL_REPRESENTATION('',(#5692),#5695);
#5692 = B_SPLINE_CURVE_WITH_KNOTS('',1,(#5693,#5694),.UNSPECIFIED.,.F.,
  .F.,(2,2),(-30.96034255327,10.239657446727),.PIECEWISE_BEZIER_KNOTS.);
#5693 = CARTESIAN_POINT('',(-20.72068510654,27.514359973167));
#5694 = CARTESIAN_POINT('',(20.479314893454,27.514359973167));
#5695 = ( GEOMETRIC_REPRESENTATION_CONTEXT(2) 
PARAMETRIC_REPRESENTATION_CONTEXT() REPRESENTATION_CONTEXT('2D SPACE',''
  ) );
#5696 = PCURVE('',#4771,#5697);
#5697 = DEFINITIONAL_REPRESENTATION('',(#5698),#5701);
#5698 = B_SPLINE_CURVE_WITH_KNOTS('',1,(#5699,#5700),.UNSPECIFIED.,.F.,
  .F.,(2,2),(-30.96034255327,10.239657446727),.PIECEWISE_BEZIER_KNOTS.);
#5699 = CARTESIAN_POINT('',(41.2,-55.));
#5700 = CARTESIAN_POINT('',(0.,-55.));
#5701 = ( GEOMETRIC_REPRESENTATION_CONTEXT(2) 
PARAMETRIC_REPRESENTATION_CONTEXT() REPRESENTATION_CONTEXT('2D SPACE',''
  ) );
#5702 = ORIENTED_EDGE('',*,*,#5703,.T.);
#5703 = EDGE_CURVE('',#5683,#5704,#5706,.T.);
#5704 = VERTEX_POINT('',#5705);
#5705 = CARTESIAN_POINT('',(10.45,27.5,44.9));
#5706 = SURFACE_CURVE('',#5707,(#5711,#5717),.PCURVE_S1.);
#5707 = LINE('',#5708,#5709);
#5708 = CARTESIAN_POINT('',(10.45,27.5,41.242820013417));
#5709 = VECTOR('',#5710,1.);
#5710 = DIRECTION('',(-2.019939626929E-16,1.230220894319E-18,-1.));
#5711 = PCURVE('',#3772,#5712);
#5712 = DEFINITIONAL_REPRESENTATION('',(#5713),#5716);
#5713 = B_SPLINE_CURVE_WITH_KNOTS('',1,(#5714,#5715),.UNSPECIFIED.,.F.,
  .F.,(2,2),(-23.85717998658,-3.657179986583),.PIECEWISE_BEZIER_KNOTS.);
#5714 = CARTESIAN_POINT('',(20.479314893454,27.514359973167));
#5715 = CARTESIAN_POINT('',(20.479314893454,7.314359973167));
#5716 = ( GEOMETRIC_REPRESENTATION_CONTEXT(2) 
PARAMETRIC_REPRESENTATION_CONTEXT() REPRESENTATION_CONTEXT('2D SPACE',''
  ) );
#5717 = PCURVE('',#4797,#5718);
#5718 = DEFINITIONAL_REPRESENTATION('',(#5719),#5722);
#5719 = B_SPLINE_CURVE_WITH_KNOTS('',1,(#5720,#5721),.UNSPECIFIED.,.F.,
  .F.,(2,2),(-23.85717998658,-3.657179986583),.PIECEWISE_BEZIER_KNOTS.);
#5720 = CARTESIAN_POINT('',(20.2,-55.));
#5721 = CARTESIAN_POINT('',(0.,-55.));
#5722 = ( GEOMETRIC_REPRESENTATION_CONTEXT(2) 
PARAMETRIC_REPRESENTATION_CONTEXT() REPRESENTATION_CONTEXT('2D SPACE',''
  ) );
#5723 = ORIENTED_EDGE('',*,*,#5724,.T.);
#5724 = EDGE_CURVE('',#5704,#5660,#5725,.T.);
#5725 = SURFACE_CURVE('',#5726,(#5730,#5736),.PCURVE_S1.);
#5726 = LINE('',#5727,#5728);
#5727 = CARTESIAN_POINT('',(-20.38965744672,27.5,44.9));
#5728 = VECTOR('',#5729,1.);
#5729 = DIRECTION('',(-1.,9.686616962803E-19,1.985788769688E-16));
#5730 = PCURVE('',#3772,#5731);
#5731 = DEFINITIONAL_REPRESENTATION('',(#5732),#5735);
#5732 = B_SPLINE_CURVE_WITH_KNOTS('',1,(#5733,#5734),.UNSPECIFIED.,.F.,
  .F.,(2,2),(-30.83965744672,10.360342553273),.PIECEWISE_BEZIER_KNOTS.);
#5733 = CARTESIAN_POINT('',(20.479314893454,7.314359973167));
#5734 = CARTESIAN_POINT('',(-20.72068510654,7.314359973167));
#5735 = ( GEOMETRIC_REPRESENTATION_CONTEXT(2) 
PARAMETRIC_REPRESENTATION_CONTEXT() REPRESENTATION_CONTEXT('2D SPACE',''
  ) );
#5736 = PCURVE('',#4821,#5737);
#5737 = DEFINITIONAL_REPRESENTATION('',(#5738),#5741);
#5738 = B_SPLINE_CURVE_WITH_KNOTS('',1,(#5739,#5740),.UNSPECIFIED.,.F.,
  .F.,(2,2),(-30.83965744672,10.360342553273),.PIECEWISE_BEZIER_KNOTS.);
#5739 = CARTESIAN_POINT('',(41.2,-55.));
#5740 = CARTESIAN_POINT('',(0.,-55.));
#5741 = ( GEOMETRIC_REPRESENTATION_CONTEXT(2) 
PARAMETRIC_REPRESENTATION_CONTEXT() REPRESENTATION_CONTEXT('2D SPACE',''
  ) );
#5742 = FACE_BOUND('',#5743,.T.);
#5743 = EDGE_LOOP('',(#5744));
#5744 = ORIENTED_EDGE('',*,*,#5745,.T.);
#5745 = EDGE_CURVE('',#5746,#5746,#5748,.T.);
#5746 = VERTEX_POINT('',#5747);
#5747 = CARTESIAN_POINT('',(16.25,27.5,60.));
#5748 = SURFACE_CURVE('',#5749,(#5754,#5765),.PCURVE_S1.);
#5749 = CIRCLE('',#5750,1.65);
#5750 = AXIS2_PLACEMENT_3D('',#5751,#5752,#5753);
#5751 = CARTESIAN_POINT('',(14.6,27.5,60.));
#5752 = DIRECTION('',(9.686616962803E-19,1.,1.230220894319E-18));
#5753 = DIRECTION('',(1.,-9.686616962803E-19,-2.611704790081E-17));
#5754 = PCURVE('',#3772,#5755);
#5755 = DEFINITIONAL_REPRESENTATION('',(#5756),#5764);
#5756 = ( BOUNDED_CURVE() B_SPLINE_CURVE(2,(#5757,#5758,#5759,#5760,
#5761,#5762,#5763),.UNSPECIFIED.,.T.,.F.) B_SPLINE_CURVE_WITH_KNOTS((1,2
    ,2,2,2,1),(-2.094395102393,0.,2.094395102393,4.188790204786,
6.28318530718,8.377580409573),.UNSPECIFIED.) CURVE() 
GEOMETRIC_REPRESENTATION_ITEM() RATIONAL_B_SPLINE_CURVE((1.,0.5,1.,0.5,
1.,0.5,1.)) REPRESENTATION_ITEM('') );
#5757 = CARTESIAN_POINT('',(26.279314893454,22.414359973167));
#5758 = CARTESIAN_POINT('',(26.279314893454,19.556476140678));
#5759 = CARTESIAN_POINT('',(23.804314893454,20.985418056922));
#5760 = CARTESIAN_POINT('',(21.329314893454,22.414359973167));
#5761 = CARTESIAN_POINT('',(23.804314893454,23.843301889411));
#5762 = CARTESIAN_POINT('',(26.279314893454,25.272243805655));
#5763 = CARTESIAN_POINT('',(26.279314893454,22.414359973167));
#5764 = ( GEOMETRIC_REPRESENTATION_CONTEXT(2) 
PARAMETRIC_REPRESENTATION_CONTEXT() REPRESENTATION_CONTEXT('2D SPACE',''
  ) );
#5765 = PCURVE('',#4855,#5766);
#5766 = DEFINITIONAL_REPRESENTATION('',(#5767),#5771);
#5767 = LINE('',#5768,#5769);
#5768 = CARTESIAN_POINT('',(-6.28318530718,-55.));
#5769 = VECTOR('',#5770,1.);
#5770 = DIRECTION('',(1.,-0.));
#5771 = ( GEOMETRIC_REPRESENTATION_CONTEXT(2) 
PARAMETRIC_REPRESENTATION_CONTEXT() REPRESENTATION_CONTEXT('2D SPACE',''
  ) );
#5772 = ADVANCED_FACE('',(#5773),#3744,.F.);
#5773 = FACE_BOUND('',#5774,.F.);
#5774 = EDGE_LOOP('',(#5775,#5796,#5797,#5798));
#5775 = ORIENTED_EDGE('',*,*,#5776,.T.);
#5776 = EDGE_CURVE('',#3871,#4969,#5777,.T.);
#5777 = SURFACE_CURVE('',#5778,(#5782,#5789),.PCURVE_S1.);
#5778 = LINE('',#5779,#5780);
#5779 = CARTESIAN_POINT('',(-43.995127,32.5,62.720804));
#5780 = VECTOR('',#5781,1.);
#5781 = DIRECTION('',(-9.686616962803E-19,-1.,-1.230220894319E-18));
#5782 = PCURVE('',#3744,#5783);
#5783 = DEFINITIONAL_REPRESENTATION('',(#5784),#5788);
#5784 = LINE('',#5785,#5786);
#5785 = CARTESIAN_POINT('',(0.,0.));
#5786 = VECTOR('',#5787,1.);
#5787 = DIRECTION('',(0.,-1.));
#5788 = ( GEOMETRIC_REPRESENTATION_CONTEXT(2) 
PARAMETRIC_REPRESENTATION_CONTEXT() REPRESENTATION_CONTEXT('2D SPACE',''
  ) );
#5789 = PCURVE('',#3887,#5790);
#5790 = DEFINITIONAL_REPRESENTATION('',(#5791),#5795);
#5791 = LINE('',#5792,#5793);
#5792 = CARTESIAN_POINT('',(-1.431170049633,0.));
#5793 = VECTOR('',#5794,1.);
#5794 = DIRECTION('',(-0.,-1.));
#5795 = ( GEOMETRIC_REPRESENTATION_CONTEXT(2) 
PARAMETRIC_REPRESENTATION_CONTEXT() REPRESENTATION_CONTEXT('2D SPACE',''
  ) );
#5796 = ORIENTED_EDGE('',*,*,#4992,.T.);
#5797 = ORIENTED_EDGE('',*,*,#3728,.F.);
#5798 = ORIENTED_EDGE('',*,*,#3899,.F.);
#5799 = ADVANCED_FACE('',(#5800),#3830,.T.);
#5800 = FACE_BOUND('',#5801,.F.);
#5801 = EDGE_LOOP('',(#5802,#5823,#5824,#5845));
#5802 = ORIENTED_EDGE('',*,*,#5803,.T.);
#5803 = EDGE_CURVE('',#3812,#4920,#5804,.T.);
#5804 = SURFACE_CURVE('',#5805,(#5809,#5816),.PCURVE_S1.);
#5805 = LINE('',#5806,#5807);
#5806 = CARTESIAN_POINT('',(21.958966,32.5,56.343068));
#5807 = VECTOR('',#5808,1.);
#5808 = DIRECTION('',(-9.686616962803E-19,-1.,-1.230220894319E-18));
#5809 = PCURVE('',#3830,#5810);
#5810 = DEFINITIONAL_REPRESENTATION('',(#5811),#5815);
#5811 = LINE('',#5812,#5813);
#5812 = CARTESIAN_POINT('',(-0.,0.));
#5813 = VECTOR('',#5814,1.);
#5814 = DIRECTION('',(-0.,-1.));
#5815 = ( GEOMETRIC_REPRESENTATION_CONTEXT(2) 
PARAMETRIC_REPRESENTATION_CONTEXT() REPRESENTATION_CONTEXT('2D SPACE',''
  ) );
#5816 = PCURVE('',#4468,#5817);
#5817 = DEFINITIONAL_REPRESENTATION('',(#5818),#5822);
#5818 = LINE('',#5819,#5820);
#5819 = CARTESIAN_POINT('',(51.433048902839,0.));
#5820 = VECTOR('',#5821,1.);
#5821 = DIRECTION('',(0.,-1.));
#5822 = ( GEOMETRIC_REPRESENTATION_CONTEXT(2) 
PARAMETRIC_REPRESENTATION_CONTEXT() REPRESENTATION_CONTEXT('2D SPACE',''
  ) );
#5823 = ORIENTED_EDGE('',*,*,#4919,.T.);
#5824 = ORIENTED_EDGE('',*,*,#5825,.F.);
#5825 = EDGE_CURVE('',#3814,#4922,#5826,.T.);
#5826 = SURFACE_CURVE('',#5827,(#5831,#5838),.PCURVE_S1.);
#5827 = LINE('',#5828,#5829);
#5828 = CARTESIAN_POINT('',(-3.82026,32.5,76.665771));
#5829 = VECTOR('',#5830,1.);
#5830 = DIRECTION('',(-9.686616962803E-19,-1.,-1.230220894319E-18));
#5831 = PCURVE('',#3830,#5832);
#5832 = DEFINITIONAL_REPRESENTATION('',(#5833),#5837);
#5833 = LINE('',#5834,#5835);
#5834 = CARTESIAN_POINT('',(-1.684242561953,0.));
#5835 = VECTOR('',#5836,1.);
#5836 = DIRECTION('',(-0.,-1.));
#5837 = ( GEOMETRIC_REPRESENTATION_CONTEXT(2) 
PARAMETRIC_REPRESENTATION_CONTEXT() REPRESENTATION_CONTEXT('2D SPACE',''
  ) );
#5838 = PCURVE('',#3858,#5839);
#5839 = DEFINITIONAL_REPRESENTATION('',(#5840),#5844);
#5840 = LINE('',#5841,#5842);
#5841 = CARTESIAN_POINT('',(0.,0.));
#5842 = VECTOR('',#5843,1.);
#5843 = DIRECTION('',(0.,-1.));
#5844 = ( GEOMETRIC_REPRESENTATION_CONTEXT(2) 
PARAMETRIC_REPRESENTATION_CONTEXT() REPRESENTATION_CONTEXT('2D SPACE',''
  ) );
#5845 = ORIENTED_EDGE('',*,*,#3811,.F.);
#5846 = ADVANCED_FACE('',(#5847),#4468,.F.);
#5847 = FACE_BOUND('',#5848,.F.);
#5848 = EDGE_LOOP('',(#5849,#5870,#5871,#5872));
#5849 = ORIENTED_EDGE('',*,*,#5850,.T.);
#5850 = EDGE_CURVE('',#4427,#5408,#5851,.T.);
#5851 = SURFACE_CURVE('',#5852,(#5856,#5863),.PCURVE_S1.);
#5852 = LINE('',#5853,#5854);
#5853 = CARTESIAN_POINT('',(25.,32.5,5.));
#5854 = VECTOR('',#5855,1.);
#5855 = DIRECTION('',(-9.686616962803E-19,-1.,-1.230220894319E-18));
#5856 = PCURVE('',#4468,#5857);
#5857 = DEFINITIONAL_REPRESENTATION('',(#5858),#5862);
#5858 = LINE('',#5859,#5860);
#5859 = CARTESIAN_POINT('',(0.,0.));
#5860 = VECTOR('',#5861,1.);
#5861 = DIRECTION('',(0.,-1.));
#5862 = ( GEOMETRIC_REPRESENTATION_CONTEXT(2) 
PARAMETRIC_REPRESENTATION_CONTEXT() REPRESENTATION_CONTEXT('2D SPACE',''
  ) );
#5863 = PCURVE('',#4442,#5864);
#5864 = DEFINITIONAL_REPRESENTATION('',(#5865),#5869);
#5865 = LINE('',#5866,#5867);
#5866 = CARTESIAN_POINT('',(67.,0.));
#5867 = VECTOR('',#5868,1.);
#5868 = DIRECTION('',(0.,-1.));
#5869 = ( GEOMETRIC_REPRESENTATION_CONTEXT(2) 
PARAMETRIC_REPRESENTATION_CONTEXT() REPRESENTATION_CONTEXT('2D SPACE',''
  ) );
#5870 = ORIENTED_EDGE('',*,*,#5430,.T.);
#5871 = ORIENTED_EDGE('',*,*,#5803,.F.);
#5872 = ORIENTED_EDGE('',*,*,#4454,.F.);
#5873 = ADVANCED_FACE('',(#5874),#3858,.F.);
#5874 = FACE_BOUND('',#5875,.F.);
#5875 = EDGE_LOOP('',(#5876,#5877,#5878,#5899));
#5876 = ORIENTED_EDGE('',*,*,#5825,.T.);
#5877 = ORIENTED_EDGE('',*,*,#4945,.T.);
#5878 = ORIENTED_EDGE('',*,*,#5879,.F.);
#5879 = EDGE_CURVE('',#3843,#4946,#5880,.T.);
#5880 = SURFACE_CURVE('',#5881,(#5885,#5892),.PCURVE_S1.);
#5881 = LINE('',#5882,#5883);
#5882 = CARTESIAN_POINT('',(-37.389185,32.5,70.878462));
#5883 = VECTOR('',#5884,1.);
#5884 = DIRECTION('',(-9.686616962803E-19,-1.,-1.230220894319E-18));
#5885 = PCURVE('',#3858,#5886);
#5886 = DEFINITIONAL_REPRESENTATION('',(#5887),#5891);
#5887 = LINE('',#5888,#5889);
#5888 = CARTESIAN_POINT('',(34.064140545699,0.));
#5889 = VECTOR('',#5890,1.);
#5890 = DIRECTION('',(0.,-1.));
#5891 = ( GEOMETRIC_REPRESENTATION_CONTEXT(2) 
PARAMETRIC_REPRESENTATION_CONTEXT() REPRESENTATION_CONTEXT('2D SPACE',''
  ) );
#5892 = PCURVE('',#3887,#5893);
#5893 = DEFINITIONAL_REPRESENTATION('',(#5894),#5898);
#5894 = LINE('',#5895,#5896);
#5895 = CARTESIAN_POINT('',(-0.,0.));
#5896 = VECTOR('',#5897,1.);
#5897 = DIRECTION('',(-0.,-1.));
#5898 = ( GEOMETRIC_REPRESENTATION_CONTEXT(2) 
PARAMETRIC_REPRESENTATION_CONTEXT() REPRESENTATION_CONTEXT('2D SPACE',''
  ) );
#5899 = ORIENTED_EDGE('',*,*,#3842,.F.);
#5900 = ADVANCED_FACE('',(#5901),#4442,.F.);
#5901 = FACE_BOUND('',#5902,.F.);
#5902 = EDGE_LOOP('',(#5903,#5904,#5923,#5924));
#5903 = ORIENTED_EDGE('',*,*,#4426,.F.);
#5904 = ORIENTED_EDGE('',*,*,#5905,.T.);
#5905 = EDGE_CURVE('',#4399,#5385,#5906,.T.);
#5906 = SURFACE_CURVE('',#5907,(#5911,#5917),.PCURVE_S1.);
#5907 = LINE('',#5908,#5909);
#5908 = CARTESIAN_POINT('',(17.,32.5,5.));
#5909 = VECTOR('',#5910,1.);
#5910 = DIRECTION('',(-9.686616962803E-19,-1.,-1.230220894319E-18));
#5911 = PCURVE('',#4442,#5912);
#5912 = DEFINITIONAL_REPRESENTATION('',(#5913),#5916);
#5913 = B_SPLINE_CURVE_WITH_KNOTS('',1,(#5914,#5915),.UNSPECIFIED.,.F.,
  .F.,(2,2),(0.,5.),.PIECEWISE_BEZIER_KNOTS.);
#5914 = CARTESIAN_POINT('',(59.,0.));
#5915 = CARTESIAN_POINT('',(59.,-5.));
#5916 = ( GEOMETRIC_REPRESENTATION_CONTEXT(2) 
PARAMETRIC_REPRESENTATION_CONTEXT() REPRESENTATION_CONTEXT('2D SPACE',''
  ) );
#5917 = PCURVE('',#4414,#5918);
#5918 = DEFINITIONAL_REPRESENTATION('',(#5919),#5922);
#5919 = B_SPLINE_CURVE_WITH_KNOTS('',1,(#5920,#5921),.UNSPECIFIED.,.F.,
  .F.,(2,2),(0.,5.),.PIECEWISE_BEZIER_KNOTS.);
#5920 = CARTESIAN_POINT('',(5.,0.));
#5921 = CARTESIAN_POINT('',(5.,-5.));
#5922 = ( GEOMETRIC_REPRESENTATION_CONTEXT(2) 
PARAMETRIC_REPRESENTATION_CONTEXT() REPRESENTATION_CONTEXT('2D SPACE',''
  ) );
#5923 = ORIENTED_EDGE('',*,*,#5407,.T.);
#5924 = ORIENTED_EDGE('',*,*,#5850,.F.);
#5925 = ADVANCED_FACE('',(#5926),#3887,.T.);
#5926 = FACE_BOUND('',#5927,.F.);
#5927 = EDGE_LOOP('',(#5928,#5929,#5930,#5931));
#5928 = ORIENTED_EDGE('',*,*,#5879,.T.);
#5929 = ORIENTED_EDGE('',*,*,#4968,.T.);
#5930 = ORIENTED_EDGE('',*,*,#5776,.F.);
#5931 = ORIENTED_EDGE('',*,*,#3870,.F.);
#5932 = ADVANCED_FACE('',(#5933),#4414,.F.);
#5933 = FACE_BOUND('',#5934,.F.);
#5934 = EDGE_LOOP('',(#5935,#5936,#5957,#5958));
#5935 = ORIENTED_EDGE('',*,*,#4398,.F.);
#5936 = ORIENTED_EDGE('',*,*,#5937,.T.);
#5937 = EDGE_CURVE('',#4371,#5362,#5938,.T.);
#5938 = SURFACE_CURVE('',#5939,(#5943,#5950),.PCURVE_S1.);
#5939 = LINE('',#5940,#5941);
#5940 = CARTESIAN_POINT('',(17.,32.5,1.42108547152E-14));
#5941 = VECTOR('',#5942,1.);
#5942 = DIRECTION('',(-9.686616962803E-19,-1.,-1.230220894319E-18));
#5943 = PCURVE('',#4414,#5944);
#5944 = DEFINITIONAL_REPRESENTATION('',(#5945),#5949);
#5945 = LINE('',#5946,#5947);
#5946 = CARTESIAN_POINT('',(0.,0.));
#5947 = VECTOR('',#5948,1.);
#5948 = DIRECTION('',(0.,-1.));
#5949 = ( GEOMETRIC_REPRESENTATION_CONTEXT(2) 
PARAMETRIC_REPRESENTATION_CONTEXT() REPRESENTATION_CONTEXT('2D SPACE',''
  ) );
#5950 = PCURVE('',#4386,#5951);
#5951 = DEFINITIONAL_REPRESENTATION('',(#5952),#5956);
#5952 = LINE('',#5953,#5954);
#5953 = CARTESIAN_POINT('',(12.,0.));
#5954 = VECTOR('',#5955,1.);
#5955 = DIRECTION('',(0.,-1.));
#5956 = ( GEOMETRIC_REPRESENTATION_CONTEXT(2) 
PARAMETRIC_REPRESENTATION_CONTEXT() REPRESENTATION_CONTEXT('2D SPACE',''
  ) );
#5957 = ORIENTED_EDGE('',*,*,#5384,.T.);
#5958 = ORIENTED_EDGE('',*,*,#5905,.F.);
#5959 = ADVANCED_FACE('',(#5960),#4386,.F.);
#5960 = FACE_BOUND('',#5961,.F.);
#5961 = EDGE_LOOP('',(#5962,#5983,#5984,#5985));
#5962 = ORIENTED_EDGE('',*,*,#5963,.T.);
#5963 = EDGE_CURVE('',#4343,#5339,#5964,.T.);
#5964 = SURFACE_CURVE('',#5965,(#5969,#5976),.PCURVE_S1.);
#5965 = LINE('',#5966,#5967);
#5966 = CARTESIAN_POINT('',(5.,32.5,1.42108547152E-14));
#5967 = VECTOR('',#5968,1.);
#5968 = DIRECTION('',(-9.686616962803E-19,-1.,-1.230220894319E-18));
#5969 = PCURVE('',#4386,#5970);
#5970 = DEFINITIONAL_REPRESENTATION('',(#5971),#5975);
#5971 = LINE('',#5972,#5973);
#5972 = CARTESIAN_POINT('',(0.,0.));
#5973 = VECTOR('',#5974,1.);
#5974 = DIRECTION('',(0.,-1.));
#5975 = ( GEOMETRIC_REPRESENTATION_CONTEXT(2) 
PARAMETRIC_REPRESENTATION_CONTEXT() REPRESENTATION_CONTEXT('2D SPACE',''
  ) );
#5976 = PCURVE('',#4358,#5977);
#5977 = DEFINITIONAL_REPRESENTATION('',(#5978),#5982);
#5978 = LINE('',#5979,#5980);
#5979 = CARTESIAN_POINT('',(5.01,0.));
#5980 = VECTOR('',#5981,1.);
#5981 = DIRECTION('',(0.,-1.));
#5982 = ( GEOMETRIC_REPRESENTATION_CONTEXT(2) 
PARAMETRIC_REPRESENTATION_CONTEXT() REPRESENTATION_CONTEXT('2D SPACE',''
  ) );
#5983 = ORIENTED_EDGE('',*,*,#5361,.T.);
#5984 = ORIENTED_EDGE('',*,*,#5937,.F.);
#5985 = ORIENTED_EDGE('',*,*,#4370,.F.);
#5986 = ADVANCED_FACE('',(#5987),#4358,.F.);
#5987 = FACE_BOUND('',#5988,.F.);
#5988 = EDGE_LOOP('',(#5989,#5990,#6009,#6010));
#5989 = ORIENTED_EDGE('',*,*,#4342,.F.);
#5990 = ORIENTED_EDGE('',*,*,#5991,.F.);
#5991 = EDGE_CURVE('',#5316,#4315,#5992,.T.);
#5992 = SURFACE_CURVE('',#5993,(#5997,#6003),.PCURVE_S1.);
#5993 = LINE('',#5994,#5995);
#5994 = CARTESIAN_POINT('',(5.,32.5,5.));
#5995 = VECTOR('',#5996,1.);
#5996 = DIRECTION('',(9.686616962803E-19,1.,1.230220894319E-18));
#5997 = PCURVE('',#4358,#5998);
#5998 = DEFINITIONAL_REPRESENTATION('',(#5999),#6002);
#5999 = B_SPLINE_CURVE_WITH_KNOTS('',1,(#6000,#6001),.UNSPECIFIED.,.F.,
  .F.,(2,2),(-5.,0.),.PIECEWISE_BEZIER_KNOTS.);
#6000 = CARTESIAN_POINT('',(1.E-02,-5.));
#6001 = CARTESIAN_POINT('',(1.E-02,0.));
#6002 = ( GEOMETRIC_REPRESENTATION_CONTEXT(2) 
PARAMETRIC_REPRESENTATION_CONTEXT() REPRESENTATION_CONTEXT('2D SPACE',''
  ) );
#6003 = PCURVE('',#4330,#6004);
#6004 = DEFINITIONAL_REPRESENTATION('',(#6005),#6008);
#6005 = B_SPLINE_CURVE_WITH_KNOTS('',1,(#6006,#6007),.UNSPECIFIED.,.F.,
  .F.,(2,2),(-5.,0.),.PIECEWISE_BEZIER_KNOTS.);
#6006 = CARTESIAN_POINT('',(47.,-5.));
#6007 = CARTESIAN_POINT('',(47.,0.));
#6008 = ( GEOMETRIC_REPRESENTATION_CONTEXT(2) 
PARAMETRIC_REPRESENTATION_CONTEXT() REPRESENTATION_CONTEXT('2D SPACE',''
  ) );
#6009 = ORIENTED_EDGE('',*,*,#5338,.T.);
#6010 = ORIENTED_EDGE('',*,*,#5963,.F.);
#6011 = ADVANCED_FACE('',(#6012),#4330,.F.);
#6012 = FACE_BOUND('',#6013,.F.);
#6013 = EDGE_LOOP('',(#6014,#6015,#6036,#6037));
#6014 = ORIENTED_EDGE('',*,*,#4314,.F.);
#6015 = ORIENTED_EDGE('',*,*,#6016,.T.);
#6016 = EDGE_CURVE('',#4289,#5295,#6017,.T.);
#6017 = SURFACE_CURVE('',#6018,(#6022,#6029),.PCURVE_S1.);
#6018 = LINE('',#6019,#6020);
#6019 = CARTESIAN_POINT('',(-7.35,82.5,5.));
#6020 = VECTOR('',#6021,1.);
#6021 = DIRECTION('',(-9.686616962803E-19,-1.,-1.230220894319E-18));
#6022 = PCURVE('',#4330,#6023);
#6023 = DEFINITIONAL_REPRESENTATION('',(#6024),#6028);
#6024 = LINE('',#6025,#6026);
#6025 = CARTESIAN_POINT('',(34.65,50.));
#6026 = VECTOR('',#6027,1.);
#6027 = DIRECTION('',(0.,-1.));
#6028 = ( GEOMETRIC_REPRESENTATION_CONTEXT(2) 
PARAMETRIC_REPRESENTATION_CONTEXT() REPRESENTATION_CONTEXT('2D SPACE',''
  ) );
#6029 = PCURVE('',#4303,#6030);
#6030 = DEFINITIONAL_REPRESENTATION('',(#6031),#6035);
#6031 = LINE('',#6032,#6033);
#6032 = CARTESIAN_POINT('',(10.,0.));
#6033 = VECTOR('',#6034,1.);
#6034 = DIRECTION('',(0.,-1.));
#6035 = ( GEOMETRIC_REPRESENTATION_CONTEXT(2) 
PARAMETRIC_REPRESENTATION_CONTEXT() REPRESENTATION_CONTEXT('2D SPACE',''
  ) );
#6036 = ORIENTED_EDGE('',*,*,#5315,.T.);
#6037 = ORIENTED_EDGE('',*,*,#5991,.T.);
#6038 = ADVANCED_FACE('',(#6039),#3960,.F.);
#6039 = FACE_BOUND('',#6040,.F.);
#6040 = EDGE_LOOP('',(#6041,#6042,#6043,#6064));
#6041 = ORIENTED_EDGE('',*,*,#4895,.T.);
#6042 = ORIENTED_EDGE('',*,*,#5015,.T.);
#6043 = ORIENTED_EDGE('',*,*,#6044,.F.);
#6044 = EDGE_CURVE('',#3945,#5016,#6045,.T.);
#6045 = SURFACE_CURVE('',#6046,(#6050,#6057),.PCURVE_S1.);
#6046 = LINE('',#6047,#6048);
#6047 = CARTESIAN_POINT('',(-23.,32.5,1.50990331349E-14));
#6048 = VECTOR('',#6049,1.);
#6049 = DIRECTION('',(-9.686616962803E-19,-1.,-1.230220894319E-18));
#6050 = PCURVE('',#3960,#6051);
#6051 = DEFINITIONAL_REPRESENTATION('',(#6052),#6056);
#6052 = LINE('',#6053,#6054);
#6053 = CARTESIAN_POINT('',(12.,0.));
#6054 = VECTOR('',#6055,1.);
#6055 = DIRECTION('',(0.,-1.));
#6056 = ( GEOMETRIC_REPRESENTATION_CONTEXT(2) 
PARAMETRIC_REPRESENTATION_CONTEXT() REPRESENTATION_CONTEXT('2D SPACE',''
  ) );
#6057 = PCURVE('',#3988,#6058);
#6058 = DEFINITIONAL_REPRESENTATION('',(#6059),#6063);
#6059 = LINE('',#6060,#6061);
#6060 = CARTESIAN_POINT('',(0.,0.));
#6061 = VECTOR('',#6062,1.);
#6062 = DIRECTION('',(0.,-1.));
#6063 = ( GEOMETRIC_REPRESENTATION_CONTEXT(2) 
PARAMETRIC_REPRESENTATION_CONTEXT() REPRESENTATION_CONTEXT('2D SPACE',''
  ) );
#6064 = ORIENTED_EDGE('',*,*,#3944,.F.);
#6065 = ADVANCED_FACE('',(#6066),#4303,.F.);
#6066 = FACE_BOUND('',#6067,.F.);
#6067 = EDGE_LOOP('',(#6068,#6069,#6070,#6089));
#6068 = ORIENTED_EDGE('',*,*,#6016,.F.);
#6069 = ORIENTED_EDGE('',*,*,#4288,.T.);
#6070 = ORIENTED_EDGE('',*,*,#6071,.F.);
#6071 = EDGE_CURVE('',#5274,#4263,#6072,.T.);
#6072 = SURFACE_CURVE('',#6073,(#6077,#6083),.PCURVE_S1.);
#6073 = LINE('',#6074,#6075);
#6074 = CARTESIAN_POINT('',(-7.35,82.5,9.5));
#6075 = VECTOR('',#6076,1.);
#6076 = DIRECTION('',(9.686616962803E-19,1.,1.230220894319E-18));
#6077 = PCURVE('',#4303,#6078);
#6078 = DEFINITIONAL_REPRESENTATION('',(#6079),#6082);
#6079 = B_SPLINE_CURVE_WITH_KNOTS('',1,(#6080,#6081),.UNSPECIFIED.,.F.,
  .F.,(2,2),(-55.,-50.),.PIECEWISE_BEZIER_KNOTS.);
#6080 = CARTESIAN_POINT('',(5.5,-55.));
#6081 = CARTESIAN_POINT('',(5.5,-50.));
#6082 = ( GEOMETRIC_REPRESENTATION_CONTEXT(2) 
PARAMETRIC_REPRESENTATION_CONTEXT() REPRESENTATION_CONTEXT('2D SPACE',''
  ) );
#6083 = PCURVE('',#4277,#6084);
#6084 = DEFINITIONAL_REPRESENTATION('',(#6085),#6088);
#6085 = B_SPLINE_CURVE_WITH_KNOTS('',1,(#6086,#6087),.UNSPECIFIED.,.F.,
  .F.,(2,2),(-55.,-50.),.PIECEWISE_BEZIER_KNOTS.);
#6086 = CARTESIAN_POINT('',(1.25,-55.));
#6087 = CARTESIAN_POINT('',(1.25,-50.));
#6088 = ( GEOMETRIC_REPRESENTATION_CONTEXT(2) 
PARAMETRIC_REPRESENTATION_CONTEXT() REPRESENTATION_CONTEXT('2D SPACE',''
  ) );
#6089 = ORIENTED_EDGE('',*,*,#5294,.F.);
#6090 = ADVANCED_FACE('',(#6091),#3988,.F.);
#6091 = FACE_BOUND('',#6092,.F.);
#6092 = EDGE_LOOP('',(#6093,#6094,#6095,#6096));
#6093 = ORIENTED_EDGE('',*,*,#3972,.F.);
#6094 = ORIENTED_EDGE('',*,*,#6044,.T.);
#6095 = ORIENTED_EDGE('',*,*,#5038,.T.);
#6096 = ORIENTED_EDGE('',*,*,#6097,.F.);
#6097 = EDGE_CURVE('',#3973,#5039,#6098,.T.);
#6098 = SURFACE_CURVE('',#6099,(#6103,#6109),.PCURVE_S1.);
#6099 = LINE('',#6100,#6101);
#6100 = CARTESIAN_POINT('',(-23.,32.5,5.));
#6101 = VECTOR('',#6102,1.);
#6102 = DIRECTION('',(-9.686616962803E-19,-1.,-1.230220894319E-18));
#6103 = PCURVE('',#3988,#6104);
#6104 = DEFINITIONAL_REPRESENTATION('',(#6105),#6108);
#6105 = B_SPLINE_CURVE_WITH_KNOTS('',1,(#6106,#6107),.UNSPECIFIED.,.F.,
  .F.,(2,2),(0.,5.),.PIECEWISE_BEZIER_KNOTS.);
#6106 = CARTESIAN_POINT('',(5.,0.));
#6107 = CARTESIAN_POINT('',(5.,-5.));
#6108 = ( GEOMETRIC_REPRESENTATION_CONTEXT(2) 
PARAMETRIC_REPRESENTATION_CONTEXT() REPRESENTATION_CONTEXT('2D SPACE',''
  ) );
#6109 = PCURVE('',#4016,#6110);
#6110 = DEFINITIONAL_REPRESENTATION('',(#6111),#6114);
#6111 = B_SPLINE_CURVE_WITH_KNOTS('',1,(#6112,#6113),.UNSPECIFIED.,.F.,
  .F.,(2,2),(0.,5.),.PIECEWISE_BEZIER_KNOTS.);
#6112 = CARTESIAN_POINT('',(19.,0.));
#6113 = CARTESIAN_POINT('',(19.,-5.));
#6114 = ( GEOMETRIC_REPRESENTATION_CONTEXT(2) 
PARAMETRIC_REPRESENTATION_CONTEXT() REPRESENTATION_CONTEXT('2D SPACE',''
  ) );
#6115 = ADVANCED_FACE('',(#6116),#4277,.F.);
#6116 = FACE_BOUND('',#6117,.F.);
#6117 = EDGE_LOOP('',(#6118,#6119,#6140,#6141));
#6118 = ORIENTED_EDGE('',*,*,#4262,.T.);
#6119 = ORIENTED_EDGE('',*,*,#6120,.T.);
#6120 = EDGE_CURVE('',#4237,#5253,#6121,.T.);
#6121 = SURFACE_CURVE('',#6122,(#6126,#6133),.PCURVE_S1.);
#6122 = LINE('',#6123,#6124);
#6123 = CARTESIAN_POINT('',(-6.1,82.5,9.5));
#6124 = VECTOR('',#6125,1.);
#6125 = DIRECTION('',(-9.686616962803E-19,-1.,-1.230220894319E-18));
#6126 = PCURVE('',#4277,#6127);
#6127 = DEFINITIONAL_REPRESENTATION('',(#6128),#6132);
#6128 = LINE('',#6129,#6130);
#6129 = CARTESIAN_POINT('',(0.,-0.));
#6130 = VECTOR('',#6131,1.);
#6131 = DIRECTION('',(0.,-1.));
#6132 = ( GEOMETRIC_REPRESENTATION_CONTEXT(2) 
PARAMETRIC_REPRESENTATION_CONTEXT() REPRESENTATION_CONTEXT('2D SPACE',''
  ) );
#6133 = PCURVE('',#4251,#6134);
#6134 = DEFINITIONAL_REPRESENTATION('',(#6135),#6139);
#6135 = LINE('',#6136,#6137);
#6136 = CARTESIAN_POINT('',(2.6,0.));
#6137 = VECTOR('',#6138,1.);
#6138 = DIRECTION('',(0.,-1.));
#6139 = ( GEOMETRIC_REPRESENTATION_CONTEXT(2) 
PARAMETRIC_REPRESENTATION_CONTEXT() REPRESENTATION_CONTEXT('2D SPACE',''
  ) );
#6140 = ORIENTED_EDGE('',*,*,#5273,.F.);
#6141 = ORIENTED_EDGE('',*,*,#6071,.T.);
#6142 = ADVANCED_FACE('',(#6143),#4016,.F.);
#6143 = FACE_BOUND('',#6144,.F.);
#6144 = EDGE_LOOP('',(#6145,#6146,#6147,#6148));
#6145 = ORIENTED_EDGE('',*,*,#4000,.F.);
#6146 = ORIENTED_EDGE('',*,*,#6097,.T.);
#6147 = ORIENTED_EDGE('',*,*,#5061,.T.);
#6148 = ORIENTED_EDGE('',*,*,#6149,.F.);
#6149 = EDGE_CURVE('',#4001,#5062,#6150,.T.);
#6150 = SURFACE_CURVE('',#6151,(#6155,#6162),.PCURVE_S1.);
#6151 = LINE('',#6152,#6153);
#6152 = CARTESIAN_POINT('',(-10.65,82.5,5.));
#6153 = VECTOR('',#6154,1.);
#6154 = DIRECTION('',(-9.686616962803E-19,-1.,-1.230220894319E-18));
#6155 = PCURVE('',#4016,#6156);
#6156 = DEFINITIONAL_REPRESENTATION('',(#6157),#6161);
#6157 = LINE('',#6158,#6159);
#6158 = CARTESIAN_POINT('',(31.35,50.));
#6159 = VECTOR('',#6160,1.);
#6160 = DIRECTION('',(0.,-1.));
#6161 = ( GEOMETRIC_REPRESENTATION_CONTEXT(2) 
PARAMETRIC_REPRESENTATION_CONTEXT() REPRESENTATION_CONTEXT('2D SPACE',''
  ) );
#6162 = PCURVE('',#4043,#6163);
#6163 = DEFINITIONAL_REPRESENTATION('',(#6164),#6168);
#6164 = LINE('',#6165,#6166);
#6165 = CARTESIAN_POINT('',(0.,0.));
#6166 = VECTOR('',#6167,1.);
#6167 = DIRECTION('',(0.,-1.));
#6168 = ( GEOMETRIC_REPRESENTATION_CONTEXT(2) 
PARAMETRIC_REPRESENTATION_CONTEXT() REPRESENTATION_CONTEXT('2D SPACE',''
  ) );
#6169 = ADVANCED_FACE('',(#6170),#4251,.F.);
#6170 = FACE_BOUND('',#6171,.F.);
#6171 = EDGE_LOOP('',(#6172,#6173,#6194,#6195));
#6172 = ORIENTED_EDGE('',*,*,#4236,.T.);
#6173 = ORIENTED_EDGE('',*,*,#6174,.T.);
#6174 = EDGE_CURVE('',#4211,#5232,#6175,.T.);
#6175 = SURFACE_CURVE('',#6176,(#6180,#6187),.PCURVE_S1.);
#6176 = LINE('',#6177,#6178);
#6177 = CARTESIAN_POINT('',(-6.1,82.5,12.1));
#6178 = VECTOR('',#6179,1.);
#6179 = DIRECTION('',(-9.686616962803E-19,-1.,-1.230220894319E-18));
#6180 = PCURVE('',#4251,#6181);
#6181 = DEFINITIONAL_REPRESENTATION('',(#6182),#6186);
#6182 = LINE('',#6183,#6184);
#6183 = CARTESIAN_POINT('',(0.,0.));
#6184 = VECTOR('',#6185,1.);
#6185 = DIRECTION('',(0.,-1.));
#6186 = ( GEOMETRIC_REPRESENTATION_CONTEXT(2) 
PARAMETRIC_REPRESENTATION_CONTEXT() REPRESENTATION_CONTEXT('2D SPACE',''
  ) );
#6187 = PCURVE('',#4225,#6188);
#6188 = DEFINITIONAL_REPRESENTATION('',(#6189),#6193);
#6189 = LINE('',#6190,#6191);
#6190 = CARTESIAN_POINT('',(5.8,0.));
#6191 = VECTOR('',#6192,1.);
#6192 = DIRECTION('',(0.,-1.));
#6193 = ( GEOMETRIC_REPRESENTATION_CONTEXT(2) 
PARAMETRIC_REPRESENTATION_CONTEXT() REPRESENTATION_CONTEXT('2D SPACE',''
  ) );
#6194 = ORIENTED_EDGE('',*,*,#5252,.F.);
#6195 = ORIENTED_EDGE('',*,*,#6120,.F.);
#6196 = ADVANCED_FACE('',(#6197),#4043,.F.);
#6197 = FACE_BOUND('',#6198,.F.);
#6198 = EDGE_LOOP('',(#6199,#6218,#6219,#6220));
#6199 = ORIENTED_EDGE('',*,*,#6200,.F.);
#6200 = EDGE_CURVE('',#4029,#5085,#6201,.T.);
#6201 = SURFACE_CURVE('',#6202,(#6206,#6212),.PCURVE_S1.);
#6202 = LINE('',#6203,#6204);
#6203 = CARTESIAN_POINT('',(-10.65,82.5,9.5));
#6204 = VECTOR('',#6205,1.);
#6205 = DIRECTION('',(-9.686616962803E-19,-1.,-1.230220894319E-18));
#6206 = PCURVE('',#4043,#6207);
#6207 = DEFINITIONAL_REPRESENTATION('',(#6208),#6211);
#6208 = B_SPLINE_CURVE_WITH_KNOTS('',1,(#6209,#6210),.UNSPECIFIED.,.F.,
  .F.,(2,2),(50.,55.),.PIECEWISE_BEZIER_KNOTS.);
#6209 = CARTESIAN_POINT('',(4.5,-50.));
#6210 = CARTESIAN_POINT('',(4.5,-55.));
#6211 = ( GEOMETRIC_REPRESENTATION_CONTEXT(2) 
PARAMETRIC_REPRESENTATION_CONTEXT() REPRESENTATION_CONTEXT('2D SPACE',''
  ) );
#6212 = PCURVE('',#4069,#6213);
#6213 = DEFINITIONAL_REPRESENTATION('',(#6214),#6217);
#6214 = B_SPLINE_CURVE_WITH_KNOTS('',1,(#6215,#6216),.UNSPECIFIED.,.F.,
  .F.,(2,2),(50.,55.),.PIECEWISE_BEZIER_KNOTS.);
#6215 = CARTESIAN_POINT('',(4.55,-50.));
#6216 = CARTESIAN_POINT('',(4.55,-55.));
#6217 = ( GEOMETRIC_REPRESENTATION_CONTEXT(2) 
PARAMETRIC_REPRESENTATION_CONTEXT() REPRESENTATION_CONTEXT('2D SPACE',''
  ) );
#6218 = ORIENTED_EDGE('',*,*,#4028,.T.);
#6219 = ORIENTED_EDGE('',*,*,#6149,.T.);
#6220 = ORIENTED_EDGE('',*,*,#5084,.F.);
#6221 = ADVANCED_FACE('',(#6222),#4225,.F.);
#6222 = FACE_BOUND('',#6223,.F.);
#6223 = EDGE_LOOP('',(#6224,#6225,#6226,#6245));
#6224 = ORIENTED_EDGE('',*,*,#6174,.F.);
#6225 = ORIENTED_EDGE('',*,*,#4210,.T.);
#6226 = ORIENTED_EDGE('',*,*,#6227,.T.);
#6227 = EDGE_CURVE('',#4185,#5211,#6228,.T.);
#6228 = SURFACE_CURVE('',#6229,(#6233,#6239),.PCURVE_S1.);
#6229 = LINE('',#6230,#6231);
#6230 = CARTESIAN_POINT('',(-7.35,82.5,12.1));
#6231 = VECTOR('',#6232,1.);
#6232 = DIRECTION('',(-9.686616962803E-19,-1.,-1.230220894319E-18));
#6233 = PCURVE('',#4225,#6234);
#6234 = DEFINITIONAL_REPRESENTATION('',(#6235),#6238);
#6235 = B_SPLINE_CURVE_WITH_KNOTS('',1,(#6236,#6237),.UNSPECIFIED.,.F.,
  .F.,(2,2),(50.,55.),.PIECEWISE_BEZIER_KNOTS.);
#6236 = CARTESIAN_POINT('',(4.55,-50.));
#6237 = CARTESIAN_POINT('',(4.55,-55.));
#6238 = ( GEOMETRIC_REPRESENTATION_CONTEXT(2) 
PARAMETRIC_REPRESENTATION_CONTEXT() REPRESENTATION_CONTEXT('2D SPACE',''
  ) );
#6239 = PCURVE('',#4199,#6240);
#6240 = DEFINITIONAL_REPRESENTATION('',(#6241),#6244);
#6241 = B_SPLINE_CURVE_WITH_KNOTS('',1,(#6242,#6243),.UNSPECIFIED.,.F.,
  .F.,(2,2),(50.,55.),.PIECEWISE_BEZIER_KNOTS.);
#6242 = CARTESIAN_POINT('',(2.9,-50.));
#6243 = CARTESIAN_POINT('',(2.9,-55.));
#6244 = ( GEOMETRIC_REPRESENTATION_CONTEXT(2) 
PARAMETRIC_REPRESENTATION_CONTEXT() REPRESENTATION_CONTEXT('2D SPACE',''
  ) );
#6245 = ORIENTED_EDGE('',*,*,#5231,.F.);
#6246 = ADVANCED_FACE('',(#6247),#4069,.F.);
#6247 = FACE_BOUND('',#6248,.F.);
#6248 = EDGE_LOOP('',(#6249,#6270,#6271,#6272));
#6249 = ORIENTED_EDGE('',*,*,#6250,.F.);
#6250 = EDGE_CURVE('',#4055,#5106,#6251,.T.);
#6251 = SURFACE_CURVE('',#6252,(#6256,#6263),.PCURVE_S1.);
#6252 = LINE('',#6253,#6254);
#6253 = CARTESIAN_POINT('',(-11.9,82.5,9.5));
#6254 = VECTOR('',#6255,1.);
#6255 = DIRECTION('',(-9.686616962803E-19,-1.,-1.230220894319E-18));
#6256 = PCURVE('',#4069,#6257);
#6257 = DEFINITIONAL_REPRESENTATION('',(#6258),#6262);
#6258 = LINE('',#6259,#6260);
#6259 = CARTESIAN_POINT('',(5.8,0.));
#6260 = VECTOR('',#6261,1.);
#6261 = DIRECTION('',(0.,-1.));
#6262 = ( GEOMETRIC_REPRESENTATION_CONTEXT(2) 
PARAMETRIC_REPRESENTATION_CONTEXT() REPRESENTATION_CONTEXT('2D SPACE',''
  ) );
#6263 = PCURVE('',#4095,#6264);
#6264 = DEFINITIONAL_REPRESENTATION('',(#6265),#6269);
#6265 = LINE('',#6266,#6267);
#6266 = CARTESIAN_POINT('',(0.,0.));
#6267 = VECTOR('',#6268,1.);
#6268 = DIRECTION('',(0.,-1.));
#6269 = ( GEOMETRIC_REPRESENTATION_CONTEXT(2) 
PARAMETRIC_REPRESENTATION_CONTEXT() REPRESENTATION_CONTEXT('2D SPACE',''
  ) );
#6270 = ORIENTED_EDGE('',*,*,#4054,.T.);
#6271 = ORIENTED_EDGE('',*,*,#6200,.T.);
#6272 = ORIENTED_EDGE('',*,*,#5105,.F.);
#6273 = ADVANCED_FACE('',(#6274),#4199,.F.);
#6274 = FACE_BOUND('',#6275,.F.);
#6275 = EDGE_LOOP('',(#6276,#6277,#6278,#6299));
#6276 = ORIENTED_EDGE('',*,*,#6227,.F.);
#6277 = ORIENTED_EDGE('',*,*,#4184,.T.);
#6278 = ORIENTED_EDGE('',*,*,#6279,.T.);
#6279 = EDGE_CURVE('',#4159,#5190,#6280,.T.);
#6280 = SURFACE_CURVE('',#6281,(#6285,#6292),.PCURVE_S1.);
#6281 = LINE('',#6282,#6283);
#6282 = CARTESIAN_POINT('',(-7.35,82.5,15.));
#6283 = VECTOR('',#6284,1.);
#6284 = DIRECTION('',(-9.686616962803E-19,-1.,-1.230220894319E-18));
#6285 = PCURVE('',#4199,#6286);
#6286 = DEFINITIONAL_REPRESENTATION('',(#6287),#6291);
#6287 = LINE('',#6288,#6289);
#6288 = CARTESIAN_POINT('',(0.,0.));
#6289 = VECTOR('',#6290,1.);
#6290 = DIRECTION('',(0.,-1.));
#6291 = ( GEOMETRIC_REPRESENTATION_CONTEXT(2) 
PARAMETRIC_REPRESENTATION_CONTEXT() REPRESENTATION_CONTEXT('2D SPACE',''
  ) );
#6292 = PCURVE('',#4173,#6293);
#6293 = DEFINITIONAL_REPRESENTATION('',(#6294),#6298);
#6294 = LINE('',#6295,#6296);
#6295 = CARTESIAN_POINT('',(3.3,0.));
#6296 = VECTOR('',#6297,1.);
#6297 = DIRECTION('',(0.,-1.));
#6298 = ( GEOMETRIC_REPRESENTATION_CONTEXT(2) 
PARAMETRIC_REPRESENTATION_CONTEXT() REPRESENTATION_CONTEXT('2D SPACE',''
  ) );
#6299 = ORIENTED_EDGE('',*,*,#5210,.F.);
#6300 = ADVANCED_FACE('',(#6301),#4095,.F.);
#6301 = FACE_BOUND('',#6302,.F.);
#6302 = EDGE_LOOP('',(#6303,#6304,#6305,#6306));
#6303 = ORIENTED_EDGE('',*,*,#4080,.T.);
#6304 = ORIENTED_EDGE('',*,*,#6250,.T.);
#6305 = ORIENTED_EDGE('',*,*,#5126,.F.);
#6306 = ORIENTED_EDGE('',*,*,#6307,.F.);
#6307 = EDGE_CURVE('',#4081,#5127,#6308,.T.);
#6308 = SURFACE_CURVE('',#6309,(#6313,#6320),.PCURVE_S1.);
#6309 = LINE('',#6310,#6311);
#6310 = CARTESIAN_POINT('',(-11.9,82.5,12.1));
#6311 = VECTOR('',#6312,1.);
#6312 = DIRECTION('',(-9.686616962803E-19,-1.,-1.230220894319E-18));
#6313 = PCURVE('',#4095,#6314);
#6314 = DEFINITIONAL_REPRESENTATION('',(#6315),#6319);
#6315 = LINE('',#6316,#6317);
#6316 = CARTESIAN_POINT('',(2.6,0.));
#6317 = VECTOR('',#6318,1.);
#6318 = DIRECTION('',(0.,-1.));
#6319 = ( GEOMETRIC_REPRESENTATION_CONTEXT(2) 
PARAMETRIC_REPRESENTATION_CONTEXT() REPRESENTATION_CONTEXT('2D SPACE',''
  ) );
#6320 = PCURVE('',#4121,#6321);
#6321 = DEFINITIONAL_REPRESENTATION('',(#6322),#6326);
#6322 = LINE('',#6323,#6324);
#6323 = CARTESIAN_POINT('',(0.,0.));
#6324 = VECTOR('',#6325,1.);
#6325 = DIRECTION('',(0.,-1.));
#6326 = ( GEOMETRIC_REPRESENTATION_CONTEXT(2) 
PARAMETRIC_REPRESENTATION_CONTEXT() REPRESENTATION_CONTEXT('2D SPACE',''
  ) );
#6327 = ADVANCED_FACE('',(#6328),#4173,.F.);
#6328 = FACE_BOUND('',#6329,.F.);
#6329 = EDGE_LOOP('',(#6330,#6331,#6352,#6353));
#6330 = ORIENTED_EDGE('',*,*,#4158,.T.);
#6331 = ORIENTED_EDGE('',*,*,#6332,.T.);
#6332 = EDGE_CURVE('',#4133,#5169,#6333,.T.);
#6333 = SURFACE_CURVE('',#6334,(#6338,#6345),.PCURVE_S1.);
#6334 = LINE('',#6335,#6336);
#6335 = CARTESIAN_POINT('',(-10.65,82.5,15.));
#6336 = VECTOR('',#6337,1.);
#6337 = DIRECTION('',(-9.686616962803E-19,-1.,-1.230220894319E-18));
#6338 = PCURVE('',#4173,#6339);
#6339 = DEFINITIONAL_REPRESENTATION('',(#6340),#6344);
#6340 = LINE('',#6341,#6342);
#6341 = CARTESIAN_POINT('',(0.,0.));
#6342 = VECTOR('',#6343,1.);
#6343 = DIRECTION('',(0.,-1.));
#6344 = ( GEOMETRIC_REPRESENTATION_CONTEXT(2) 
PARAMETRIC_REPRESENTATION_CONTEXT() REPRESENTATION_CONTEXT('2D SPACE',''
  ) );
#6345 = PCURVE('',#4147,#6346);
#6346 = DEFINITIONAL_REPRESENTATION('',(#6347),#6351);
#6347 = LINE('',#6348,#6349);
#6348 = CARTESIAN_POINT('',(10.,0.));
#6349 = VECTOR('',#6350,1.);
#6350 = DIRECTION('',(0.,-1.));
#6351 = ( GEOMETRIC_REPRESENTATION_CONTEXT(2) 
PARAMETRIC_REPRESENTATION_CONTEXT() REPRESENTATION_CONTEXT('2D SPACE',''
  ) );
#6352 = ORIENTED_EDGE('',*,*,#5189,.F.);
#6353 = ORIENTED_EDGE('',*,*,#6279,.F.);
#6354 = ADVANCED_FACE('',(#6355),#4121,.F.);
#6355 = FACE_BOUND('',#6356,.F.);
#6356 = EDGE_LOOP('',(#6357,#6358,#6359,#6360));
#6357 = ORIENTED_EDGE('',*,*,#4106,.T.);
#6358 = ORIENTED_EDGE('',*,*,#6307,.T.);
#6359 = ORIENTED_EDGE('',*,*,#5147,.F.);
#6360 = ORIENTED_EDGE('',*,*,#6361,.T.);
#6361 = EDGE_CURVE('',#5148,#4107,#6362,.T.);
#6362 = SURFACE_CURVE('',#6363,(#6367,#6373),.PCURVE_S1.);
#6363 = LINE('',#6364,#6365);
#6364 = CARTESIAN_POINT('',(-10.65,82.5,12.1));
#6365 = VECTOR('',#6366,1.);
#6366 = DIRECTION('',(9.686616962803E-19,1.,1.230220894319E-18));
#6367 = PCURVE('',#4121,#6368);
#6368 = DEFINITIONAL_REPRESENTATION('',(#6369),#6372);
#6369 = B_SPLINE_CURVE_WITH_KNOTS('',1,(#6370,#6371),.UNSPECIFIED.,.F.,
  .F.,(2,2),(-55.,-50.),.PIECEWISE_BEZIER_KNOTS.);
#6370 = CARTESIAN_POINT('',(1.25,-55.));
#6371 = CARTESIAN_POINT('',(1.25,-50.));
#6372 = ( GEOMETRIC_REPRESENTATION_CONTEXT(2) 
PARAMETRIC_REPRESENTATION_CONTEXT() REPRESENTATION_CONTEXT('2D SPACE',''
  ) );
#6373 = PCURVE('',#4147,#6374);
#6374 = DEFINITIONAL_REPRESENTATION('',(#6375),#6378);
#6375 = B_SPLINE_CURVE_WITH_KNOTS('',1,(#6376,#6377),.UNSPECIFIED.,.F.,
  .F.,(2,2),(-55.,-50.),.PIECEWISE_BEZIER_KNOTS.);
#6376 = CARTESIAN_POINT('',(7.1,-55.));
#6377 = CARTESIAN_POINT('',(7.1,-50.));
#6378 = ( GEOMETRIC_REPRESENTATION_CONTEXT(2) 
PARAMETRIC_REPRESENTATION_CONTEXT() REPRESENTATION_CONTEXT('2D SPACE',''
  ) );
#6379 = ADVANCED_FACE('',(#6380),#4147,.F.);
#6380 = FACE_BOUND('',#6381,.F.);
#6381 = EDGE_LOOP('',(#6382,#6383,#6384,#6385));
#6382 = ORIENTED_EDGE('',*,*,#6332,.F.);
#6383 = ORIENTED_EDGE('',*,*,#4132,.T.);
#6384 = ORIENTED_EDGE('',*,*,#6361,.F.);
#6385 = ORIENTED_EDGE('',*,*,#5168,.F.);
#6386 = ADVANCED_FACE('',(#6387),#4503,.F.);
#6387 = FACE_BOUND('',#6388,.T.);
#6388 = EDGE_LOOP('',(#6389,#6390,#6411,#6412));
#6389 = ORIENTED_EDGE('',*,*,#4482,.T.);
#6390 = ORIENTED_EDGE('',*,*,#6391,.T.);
#6391 = EDGE_CURVE('',#4483,#5454,#6392,.T.);
#6392 = SEAM_CURVE('',#6393,(#6397,#6404),.PCURVE_S1.);
#6393 = LINE('',#6394,#6395);
#6394 = CARTESIAN_POINT('',(-33.85,82.5,12.5));
#6395 = VECTOR('',#6396,1.);
#6396 = DIRECTION('',(-9.686616962803E-19,-1.,-1.230220894319E-18));
#6397 = PCURVE('',#4503,#6398);
#6398 = DEFINITIONAL_REPRESENTATION('',(#6399),#6403);
#6399 = LINE('',#6400,#6401);
#6400 = CARTESIAN_POINT('',(-6.28318530718,0.));
#6401 = VECTOR('',#6402,1.);
#6402 = DIRECTION('',(-0.,-1.));
#6403 = ( GEOMETRIC_REPRESENTATION_CONTEXT(2) 
PARAMETRIC_REPRESENTATION_CONTEXT() REPRESENTATION_CONTEXT('2D SPACE',''
  ) );
#6404 = PCURVE('',#4503,#6405);
#6405 = DEFINITIONAL_REPRESENTATION('',(#6406),#6410);
#6406 = LINE('',#6407,#6408);
#6407 = CARTESIAN_POINT('',(-0.,0.));
#6408 = VECTOR('',#6409,1.);
#6409 = DIRECTION('',(-0.,-1.));
#6410 = ( GEOMETRIC_REPRESENTATION_CONTEXT(2) 
PARAMETRIC_REPRESENTATION_CONTEXT() REPRESENTATION_CONTEXT('2D SPACE',''
  ) );
#6411 = ORIENTED_EDGE('',*,*,#5453,.F.);
#6412 = ORIENTED_EDGE('',*,*,#6391,.F.);
#6413 = ADVANCED_FACE('',(#6414),#4534,.T.);
#6414 = FACE_BOUND('',#6415,.T.);
#6415 = EDGE_LOOP('',(#6416,#6417,#6438,#6439));
#6416 = ORIENTED_EDGE('',*,*,#4517,.T.);
#6417 = ORIENTED_EDGE('',*,*,#6418,.T.);
#6418 = EDGE_CURVE('',#4520,#5486,#6419,.T.);
#6419 = SURFACE_CURVE('',#6420,(#6424,#6431),.PCURVE_S1.);
#6420 = LINE('',#6421,#6422);
#6421 = CARTESIAN_POINT('',(-32.9,82.5,16.9));
#6422 = VECTOR('',#6423,1.);
#6423 = DIRECTION('',(-9.686616962803E-19,-1.,-1.230220894319E-18));
#6424 = PCURVE('',#4534,#6425);
#6425 = DEFINITIONAL_REPRESENTATION('',(#6426),#6430);
#6426 = LINE('',#6427,#6428);
#6427 = CARTESIAN_POINT('',(0.,0.));
#6428 = VECTOR('',#6429,1.);
#6429 = DIRECTION('',(0.,-1.));
#6430 = ( GEOMETRIC_REPRESENTATION_CONTEXT(2) 
PARAMETRIC_REPRESENTATION_CONTEXT() REPRESENTATION_CONTEXT('2D SPACE',''
  ) );
#6431 = PCURVE('',#4560,#6432);
#6432 = DEFINITIONAL_REPRESENTATION('',(#6433),#6437);
#6433 = LINE('',#6434,#6435);
#6434 = CARTESIAN_POINT('',(5.2,0.));
#6435 = VECTOR('',#6436,1.);
#6436 = DIRECTION('',(0.,-1.));
#6437 = ( GEOMETRIC_REPRESENTATION_CONTEXT(2) 
PARAMETRIC_REPRESENTATION_CONTEXT() REPRESENTATION_CONTEXT('2D SPACE',''
  ) );
#6438 = ORIENTED_EDGE('',*,*,#5483,.F.);
#6439 = ORIENTED_EDGE('',*,*,#6440,.F.);
#6440 = EDGE_CURVE('',#4518,#5484,#6441,.T.);
#6441 = SURFACE_CURVE('',#6442,(#6446,#6453),.PCURVE_S1.);
#6442 = LINE('',#6443,#6444);
#6443 = CARTESIAN_POINT('',(-32.9,82.5,26.1));
#6444 = VECTOR('',#6445,1.);
#6445 = DIRECTION('',(-9.686616962803E-19,-1.,-1.230220894319E-18));
#6446 = PCURVE('',#4534,#6447);
#6447 = DEFINITIONAL_REPRESENTATION('',(#6448),#6452);
#6448 = LINE('',#6449,#6450);
#6449 = CARTESIAN_POINT('',(9.2,0.));
#6450 = VECTOR('',#6451,1.);
#6451 = DIRECTION('',(0.,-1.));
#6452 = ( GEOMETRIC_REPRESENTATION_CONTEXT(2) 
PARAMETRIC_REPRESENTATION_CONTEXT() REPRESENTATION_CONTEXT('2D SPACE',''
  ) );
#6453 = PCURVE('',#4610,#6454);
#6454 = DEFINITIONAL_REPRESENTATION('',(#6455),#6459);
#6455 = LINE('',#6456,#6457);
#6456 = CARTESIAN_POINT('',(0.,-0.));
#6457 = VECTOR('',#6458,1.);
#6458 = DIRECTION('',(0.,-1.));
#6459 = ( GEOMETRIC_REPRESENTATION_CONTEXT(2) 
PARAMETRIC_REPRESENTATION_CONTEXT() REPRESENTATION_CONTEXT('2D SPACE',''
  ) );
#6460 = ADVANCED_FACE('',(#6461),#4610,.T.);
#6461 = FACE_BOUND('',#6462,.T.);
#6462 = EDGE_LOOP('',(#6463,#6464,#6465,#6466));
#6463 = ORIENTED_EDGE('',*,*,#4597,.T.);
#6464 = ORIENTED_EDGE('',*,*,#6440,.T.);
#6465 = ORIENTED_EDGE('',*,*,#5548,.F.);
#6466 = ORIENTED_EDGE('',*,*,#6467,.F.);
#6467 = EDGE_CURVE('',#4572,#5528,#6468,.T.);
#6468 = SURFACE_CURVE('',#6469,(#6473,#6480),.PCURVE_S1.);
#6469 = LINE('',#6470,#6471);
#6470 = CARTESIAN_POINT('',(-38.1,82.5,26.1));
#6471 = VECTOR('',#6472,1.);
#6472 = DIRECTION('',(-9.686616962803E-19,-1.,-1.230220894319E-18));
#6473 = PCURVE('',#4610,#6474);
#6474 = DEFINITIONAL_REPRESENTATION('',(#6475),#6479);
#6475 = LINE('',#6476,#6477);
#6476 = CARTESIAN_POINT('',(5.2,0.));
#6477 = VECTOR('',#6478,1.);
#6478 = DIRECTION('',(0.,-1.));
#6479 = ( GEOMETRIC_REPRESENTATION_CONTEXT(2) 
PARAMETRIC_REPRESENTATION_CONTEXT() REPRESENTATION_CONTEXT('2D SPACE',''
  ) );
#6480 = PCURVE('',#4586,#6481);
#6481 = DEFINITIONAL_REPRESENTATION('',(#6482),#6486);
#6482 = LINE('',#6483,#6484);
#6483 = CARTESIAN_POINT('',(0.,0.));
#6484 = VECTOR('',#6485,1.);
#6485 = DIRECTION('',(0.,-1.));
#6486 = ( GEOMETRIC_REPRESENTATION_CONTEXT(2) 
PARAMETRIC_REPRESENTATION_CONTEXT() REPRESENTATION_CONTEXT('2D SPACE',''
  ) );
#6487 = ADVANCED_FACE('',(#6488),#4560,.T.);
#6488 = FACE_BOUND('',#6489,.T.);
#6489 = EDGE_LOOP('',(#6490,#6491,#6512,#6513));
#6490 = ORIENTED_EDGE('',*,*,#4545,.T.);
#6491 = ORIENTED_EDGE('',*,*,#6492,.T.);
#6492 = EDGE_CURVE('',#4546,#5507,#6493,.T.);
#6493 = SURFACE_CURVE('',#6494,(#6498,#6505),.PCURVE_S1.);
#6494 = LINE('',#6495,#6496);
#6495 = CARTESIAN_POINT('',(-38.1,82.5,16.9));
#6496 = VECTOR('',#6497,1.);
#6497 = DIRECTION('',(-9.686616962803E-19,-1.,-1.230220894319E-18));
#6498 = PCURVE('',#4560,#6499);
#6499 = DEFINITIONAL_REPRESENTATION('',(#6500),#6504);
#6500 = LINE('',#6501,#6502);
#6501 = CARTESIAN_POINT('',(0.,0.));
#6502 = VECTOR('',#6503,1.);
#6503 = DIRECTION('',(0.,-1.));
#6504 = ( GEOMETRIC_REPRESENTATION_CONTEXT(2) 
PARAMETRIC_REPRESENTATION_CONTEXT() REPRESENTATION_CONTEXT('2D SPACE',''
  ) );
#6505 = PCURVE('',#4586,#6506);
#6506 = DEFINITIONAL_REPRESENTATION('',(#6507),#6511);
#6507 = LINE('',#6508,#6509);
#6508 = CARTESIAN_POINT('',(9.2,0.));
#6509 = VECTOR('',#6510,1.);
#6510 = DIRECTION('',(0.,-1.));
#6511 = ( GEOMETRIC_REPRESENTATION_CONTEXT(2) 
PARAMETRIC_REPRESENTATION_CONTEXT() REPRESENTATION_CONTEXT('2D SPACE',''
  ) );
#6512 = ORIENTED_EDGE('',*,*,#5506,.F.);
#6513 = ORIENTED_EDGE('',*,*,#6418,.F.);
#6514 = ADVANCED_FACE('',(#6515),#4586,.T.);
#6515 = FACE_BOUND('',#6516,.T.);
#6516 = EDGE_LOOP('',(#6517,#6518,#6519,#6520));
#6517 = ORIENTED_EDGE('',*,*,#4571,.T.);
#6518 = ORIENTED_EDGE('',*,*,#6467,.T.);
#6519 = ORIENTED_EDGE('',*,*,#5527,.F.);
#6520 = ORIENTED_EDGE('',*,*,#6492,.F.);
#6521 = ADVANCED_FACE('',(#6522),#4644,.F.);
#6522 = FACE_BOUND('',#6523,.T.);
#6523 = EDGE_LOOP('',(#6524,#6525,#6546,#6547));
#6524 = ORIENTED_EDGE('',*,*,#4623,.T.);
#6525 = ORIENTED_EDGE('',*,*,#6526,.T.);
#6526 = EDGE_CURVE('',#4624,#5570,#6527,.T.);
#6527 = SEAM_CURVE('',#6528,(#6532,#6539),.PCURVE_S1.);
#6528 = LINE('',#6529,#6530);
#6529 = CARTESIAN_POINT('',(-33.25,82.5,50.));
#6530 = VECTOR('',#6531,1.);
#6531 = DIRECTION('',(-9.686616962803E-19,-1.,-1.230220894319E-18));
#6532 = PCURVE('',#4644,#6533);
#6533 = DEFINITIONAL_REPRESENTATION('',(#6534),#6538);
#6534 = LINE('',#6535,#6536);
#6535 = CARTESIAN_POINT('',(-6.28318530718,0.));
#6536 = VECTOR('',#6537,1.);
#6537 = DIRECTION('',(-0.,-1.));
#6538 = ( GEOMETRIC_REPRESENTATION_CONTEXT(2) 
PARAMETRIC_REPRESENTATION_CONTEXT() REPRESENTATION_CONTEXT('2D SPACE',''
  ) );
#6539 = PCURVE('',#4644,#6540);
#6540 = DEFINITIONAL_REPRESENTATION('',(#6541),#6545);
#6541 = LINE('',#6542,#6543);
#6542 = CARTESIAN_POINT('',(-0.,0.));
#6543 = VECTOR('',#6544,1.);
#6544 = DIRECTION('',(-0.,-1.));
#6545 = ( GEOMETRIC_REPRESENTATION_CONTEXT(2) 
PARAMETRIC_REPRESENTATION_CONTEXT() REPRESENTATION_CONTEXT('2D SPACE',''
  ) );
#6546 = ORIENTED_EDGE('',*,*,#5569,.F.);
#6547 = ORIENTED_EDGE('',*,*,#6526,.F.);
#6548 = ADVANCED_FACE('',(#6549),#4679,.F.);
#6549 = FACE_BOUND('',#6550,.T.);
#6550 = EDGE_LOOP('',(#6551,#6552,#6573,#6574));
#6551 = ORIENTED_EDGE('',*,*,#4658,.T.);
#6552 = ORIENTED_EDGE('',*,*,#6553,.T.);
#6553 = EDGE_CURVE('',#4659,#5600,#6554,.T.);
#6554 = SEAM_CURVE('',#6555,(#6559,#6566),.PCURVE_S1.);
#6555 = LINE('',#6556,#6557);
#6556 = CARTESIAN_POINT('',(-33.25,82.5,60.));
#6557 = VECTOR('',#6558,1.);
#6558 = DIRECTION('',(-9.686616962803E-19,-1.,-1.230220894319E-18));
#6559 = PCURVE('',#4679,#6560);
#6560 = DEFINITIONAL_REPRESENTATION('',(#6561),#6565);
#6561 = LINE('',#6562,#6563);
#6562 = CARTESIAN_POINT('',(-6.28318530718,0.));
#6563 = VECTOR('',#6564,1.);
#6564 = DIRECTION('',(-0.,-1.));
#6565 = ( GEOMETRIC_REPRESENTATION_CONTEXT(2) 
PARAMETRIC_REPRESENTATION_CONTEXT() REPRESENTATION_CONTEXT('2D SPACE',''
  ) );
#6566 = PCURVE('',#4679,#6567);
#6567 = DEFINITIONAL_REPRESENTATION('',(#6568),#6572);
#6568 = LINE('',#6569,#6570);
#6569 = CARTESIAN_POINT('',(-0.,0.));
#6570 = VECTOR('',#6571,1.);
#6571 = DIRECTION('',(-0.,-1.));
#6572 = ( GEOMETRIC_REPRESENTATION_CONTEXT(2) 
PARAMETRIC_REPRESENTATION_CONTEXT() REPRESENTATION_CONTEXT('2D SPACE',''
  ) );
#6573 = ORIENTED_EDGE('',*,*,#5599,.F.);
#6574 = ORIENTED_EDGE('',*,*,#6553,.F.);
#6575 = ADVANCED_FACE('',(#6576),#4714,.F.);
#6576 = FACE_BOUND('',#6577,.T.);
#6577 = EDGE_LOOP('',(#6578,#6579,#6600,#6601));
#6578 = ORIENTED_EDGE('',*,*,#4693,.T.);
#6579 = ORIENTED_EDGE('',*,*,#6580,.T.);
#6580 = EDGE_CURVE('',#4694,#5630,#6581,.T.);
#6581 = SEAM_CURVE('',#6582,(#6586,#6593),.PCURVE_S1.);
#6582 = LINE('',#6583,#6584);
#6583 = CARTESIAN_POINT('',(16.25,82.5,50.));
#6584 = VECTOR('',#6585,1.);
#6585 = DIRECTION('',(-9.686616962803E-19,-1.,-1.230220894319E-18));
#6586 = PCURVE('',#4714,#6587);
#6587 = DEFINITIONAL_REPRESENTATION('',(#6588),#6592);
#6588 = LINE('',#6589,#6590);
#6589 = CARTESIAN_POINT('',(-6.28318530718,0.));
#6590 = VECTOR('',#6591,1.);
#6591 = DIRECTION('',(-0.,-1.));
#6592 = ( GEOMETRIC_REPRESENTATION_CONTEXT(2) 
PARAMETRIC_REPRESENTATION_CONTEXT() REPRESENTATION_CONTEXT('2D SPACE',''
  ) );
#6593 = PCURVE('',#4714,#6594);
#6594 = DEFINITIONAL_REPRESENTATION('',(#6595),#6599);
#6595 = LINE('',#6596,#6597);
#6596 = CARTESIAN_POINT('',(-0.,0.));
#6597 = VECTOR('',#6598,1.);
#6598 = DIRECTION('',(-0.,-1.));
#6599 = ( GEOMETRIC_REPRESENTATION_CONTEXT(2) 
PARAMETRIC_REPRESENTATION_CONTEXT() REPRESENTATION_CONTEXT('2D SPACE',''
  ) );
#6600 = ORIENTED_EDGE('',*,*,#5629,.F.);
#6601 = ORIENTED_EDGE('',*,*,#6580,.F.);
#6602 = ADVANCED_FACE('',(#6603),#4745,.T.);
#6603 = FACE_BOUND('',#6604,.T.);
#6604 = EDGE_LOOP('',(#6605,#6606,#6627,#6628));
#6605 = ORIENTED_EDGE('',*,*,#4728,.T.);
#6606 = ORIENTED_EDGE('',*,*,#6607,.T.);
#6607 = EDGE_CURVE('',#4731,#5662,#6608,.T.);
#6608 = SURFACE_CURVE('',#6609,(#6613,#6620),.PCURVE_S1.);
#6609 = LINE('',#6610,#6611);
#6610 = CARTESIAN_POINT('',(-30.75,82.5,65.1));
#6611 = VECTOR('',#6612,1.);
#6612 = DIRECTION('',(-9.686616962803E-19,-1.,-1.230220894319E-18));
#6613 = PCURVE('',#4745,#6614);
#6614 = DEFINITIONAL_REPRESENTATION('',(#6615),#6619);
#6615 = LINE('',#6616,#6617);
#6616 = CARTESIAN_POINT('',(0.,0.));
#6617 = VECTOR('',#6618,1.);
#6618 = DIRECTION('',(0.,-1.));
#6619 = ( GEOMETRIC_REPRESENTATION_CONTEXT(2) 
PARAMETRIC_REPRESENTATION_CONTEXT() REPRESENTATION_CONTEXT('2D SPACE',''
  ) );
#6620 = PCURVE('',#4771,#6621);
#6621 = DEFINITIONAL_REPRESENTATION('',(#6622),#6626);
#6622 = LINE('',#6623,#6624);
#6623 = CARTESIAN_POINT('',(41.2,0.));
#6624 = VECTOR('',#6625,1.);
#6625 = DIRECTION('',(0.,-1.));
#6626 = ( GEOMETRIC_REPRESENTATION_CONTEXT(2) 
PARAMETRIC_REPRESENTATION_CONTEXT() REPRESENTATION_CONTEXT('2D SPACE',''
  ) );
#6627 = ORIENTED_EDGE('',*,*,#5659,.F.);
#6628 = ORIENTED_EDGE('',*,*,#6629,.F.);
#6629 = EDGE_CURVE('',#4729,#5660,#6630,.T.);
#6630 = SURFACE_CURVE('',#6631,(#6635,#6642),.PCURVE_S1.);
#6631 = LINE('',#6632,#6633);
#6632 = CARTESIAN_POINT('',(-30.75,82.5,44.9));
#6633 = VECTOR('',#6634,1.);
#6634 = DIRECTION('',(-9.686616962803E-19,-1.,-1.230220894319E-18));
#6635 = PCURVE('',#4745,#6636);
#6636 = DEFINITIONAL_REPRESENTATION('',(#6637),#6641);
#6637 = LINE('',#6638,#6639);
#6638 = CARTESIAN_POINT('',(20.2,0.));
#6639 = VECTOR('',#6640,1.);
#6640 = DIRECTION('',(0.,-1.));
#6641 = ( GEOMETRIC_REPRESENTATION_CONTEXT(2) 
PARAMETRIC_REPRESENTATION_CONTEXT() REPRESENTATION_CONTEXT('2D SPACE',''
  ) );
#6642 = PCURVE('',#4821,#6643);
#6643 = DEFINITIONAL_REPRESENTATION('',(#6644),#6648);
#6644 = LINE('',#6645,#6646);
#6645 = CARTESIAN_POINT('',(0.,0.));
#6646 = VECTOR('',#6647,1.);
#6647 = DIRECTION('',(0.,-1.));
#6648 = ( GEOMETRIC_REPRESENTATION_CONTEXT(2) 
PARAMETRIC_REPRESENTATION_CONTEXT() REPRESENTATION_CONTEXT('2D SPACE',''
  ) );
#6649 = ADVANCED_FACE('',(#6650),#4821,.T.);
#6650 = FACE_BOUND('',#6651,.T.);
#6651 = EDGE_LOOP('',(#6652,#6653,#6654,#6655));
#6652 = ORIENTED_EDGE('',*,*,#4808,.T.);
#6653 = ORIENTED_EDGE('',*,*,#6629,.T.);
#6654 = ORIENTED_EDGE('',*,*,#5724,.F.);
#6655 = ORIENTED_EDGE('',*,*,#6656,.F.);
#6656 = EDGE_CURVE('',#4783,#5704,#6657,.T.);
#6657 = SURFACE_CURVE('',#6658,(#6662,#6669),.PCURVE_S1.);
#6658 = LINE('',#6659,#6660);
#6659 = CARTESIAN_POINT('',(10.45,82.5,44.9));
#6660 = VECTOR('',#6661,1.);
#6661 = DIRECTION('',(-9.686616962803E-19,-1.,-1.230220894319E-18));
#6662 = PCURVE('',#4821,#6663);
#6663 = DEFINITIONAL_REPRESENTATION('',(#6664),#6668);
#6664 = LINE('',#6665,#6666);
#6665 = CARTESIAN_POINT('',(41.2,0.));
#6666 = VECTOR('',#6667,1.);
#6667 = DIRECTION('',(0.,-1.));
#6668 = ( GEOMETRIC_REPRESENTATION_CONTEXT(2) 
PARAMETRIC_REPRESENTATION_CONTEXT() REPRESENTATION_CONTEXT('2D SPACE',''
  ) );
#6669 = PCURVE('',#4797,#6670);
#6670 = DEFINITIONAL_REPRESENTATION('',(#6671),#6675);
#6671 = LINE('',#6672,#6673);
#6672 = CARTESIAN_POINT('',(0.,0.));
#6673 = VECTOR('',#6674,1.);
#6674 = DIRECTION('',(0.,-1.));
#6675 = ( GEOMETRIC_REPRESENTATION_CONTEXT(2) 
PARAMETRIC_REPRESENTATION_CONTEXT() REPRESENTATION_CONTEXT('2D SPACE',''
  ) );
#6676 = ADVANCED_FACE('',(#6677),#4771,.T.);
#6677 = FACE_BOUND('',#6678,.T.);
#6678 = EDGE_LOOP('',(#6679,#6680,#6701,#6702));
#6679 = ORIENTED_EDGE('',*,*,#4756,.T.);
#6680 = ORIENTED_EDGE('',*,*,#6681,.T.);
#6681 = EDGE_CURVE('',#4757,#5683,#6682,.T.);
#6682 = SURFACE_CURVE('',#6683,(#6687,#6694),.PCURVE_S1.);
#6683 = LINE('',#6684,#6685);
#6684 = CARTESIAN_POINT('',(10.45,82.5,65.1));
#6685 = VECTOR('',#6686,1.);
#6686 = DIRECTION('',(-9.686616962803E-19,-1.,-1.230220894319E-18));
#6687 = PCURVE('',#4771,#6688);
#6688 = DEFINITIONAL_REPRESENTATION('',(#6689),#6693);
#6689 = LINE('',#6690,#6691);
#6690 = CARTESIAN_POINT('',(0.,0.));
#6691 = VECTOR('',#6692,1.);
#6692 = DIRECTION('',(0.,-1.));
#6693 = ( GEOMETRIC_REPRESENTATION_CONTEXT(2) 
PARAMETRIC_REPRESENTATION_CONTEXT() REPRESENTATION_CONTEXT('2D SPACE',''
  ) );
#6694 = PCURVE('',#4797,#6695);
#6695 = DEFINITIONAL_REPRESENTATION('',(#6696),#6700);
#6696 = LINE('',#6697,#6698);
#6697 = CARTESIAN_POINT('',(20.2,0.));
#6698 = VECTOR('',#6699,1.);
#6699 = DIRECTION('',(0.,-1.));
#6700 = ( GEOMETRIC_REPRESENTATION_CONTEXT(2) 
PARAMETRIC_REPRESENTATION_CONTEXT() REPRESENTATION_CONTEXT('2D SPACE',''
  ) );
#6701 = ORIENTED_EDGE('',*,*,#5682,.F.);
#6702 = ORIENTED_EDGE('',*,*,#6607,.F.);
#6703 = ADVANCED_FACE('',(#6704),#4797,.T.);
#6704 = FACE_BOUND('',#6705,.T.);
#6705 = EDGE_LOOP('',(#6706,#6707,#6708,#6709));
#6706 = ORIENTED_EDGE('',*,*,#4782,.T.);
#6707 = ORIENTED_EDGE('',*,*,#6656,.T.);
#6708 = ORIENTED_EDGE('',*,*,#5703,.F.);
#6709 = ORIENTED_EDGE('',*,*,#6681,.F.);
#6710 = ADVANCED_FACE('',(#6711),#4855,.F.);
#6711 = FACE_BOUND('',#6712,.T.);
#6712 = EDGE_LOOP('',(#6713,#6714,#6735,#6736));
#6713 = ORIENTED_EDGE('',*,*,#4834,.T.);
#6714 = ORIENTED_EDGE('',*,*,#6715,.T.);
#6715 = EDGE_CURVE('',#4835,#5746,#6716,.T.);
#6716 = SEAM_CURVE('',#6717,(#6721,#6728),.PCURVE_S1.);
#6717 = LINE('',#6718,#6719);
#6718 = CARTESIAN_POINT('',(16.25,82.5,60.));
#6719 = VECTOR('',#6720,1.);
#6720 = DIRECTION('',(-9.686616962803E-19,-1.,-1.230220894319E-18));
#6721 = PCURVE('',#4855,#6722);
#6722 = DEFINITIONAL_REPRESENTATION('',(#6723),#6727);
#6723 = LINE('',#6724,#6725);
#6724 = CARTESIAN_POINT('',(-6.28318530718,0.));
#6725 = VECTOR('',#6726,1.);
#6726 = DIRECTION('',(-0.,-1.));
#6727 = ( GEOMETRIC_REPRESENTATION_CONTEXT(2) 
PARAMETRIC_REPRESENTATION_CONTEXT() REPRESENTATION_CONTEXT('2D SPACE',''
  ) );
#6728 = PCURVE('',#4855,#6729);
#6729 = DEFINITIONAL_REPRESENTATION('',(#6730),#6734);
#6730 = LINE('',#6731,#6732);
#6731 = CARTESIAN_POINT('',(-0.,0.));
#6732 = VECTOR('',#6733,1.);
#6733 = DIRECTION('',(-0.,-1.));
#6734 = ( GEOMETRIC_REPRESENTATION_CONTEXT(2) 
PARAMETRIC_REPRESENTATION_CONTEXT() REPRESENTATION_CONTEXT('2D SPACE',''
  ) );
#6735 = ORIENTED_EDGE('',*,*,#5745,.F.);
#6736 = ORIENTED_EDGE('',*,*,#6715,.F.);
#6737 = ( GEOMETRIC_REPRESENTATION_CONTEXT(3) 
GLOBAL_UNCERTAINTY_ASSIGNED_CONTEXT((#6741)) 
GLOBAL_UNIT_ASSIGNED_CONTEXT((#6738,#6739,#6740)) REPRESENTATION_CONTEXT
('Context #1','3D Context with UNIT and UNCERTAINTY') );
#6738 = ( LENGTH_UNIT() NAMED_UNIT(*) SI_UNIT(.MILLI.,.METRE.) );
#6739 = ( NAMED_UNIT(*) PLANE_ANGLE_UNIT() SI_UNIT($,.RADIAN.) );
#6740 = ( NAMED_UNIT(*) SI_UNIT($,.STERADIAN.) SOLID_ANGLE_UNIT() );
#6741 = UNCERTAINTY_MEASURE_WITH_UNIT(LENGTH_MEASURE(1.E-07),#6738,
  'distance_accuracy_value','confusion accuracy');
#6742 = CONTEXT_DEPENDENT_SHAPE_REPRESENTATION(#6743,#6745);
#6743 = ( REPRESENTATION_RELATIONSHIP('','',#3686,#10) 
REPRESENTATION_RELATIONSHIP_WITH_TRANSFORMATION(#6744) 
SHAPE_REPRESENTATION_RELATIONSHIP() );
#6744 = ITEM_DEFINED_TRANSFORMATION('','',#11,#31);
#6745 = PRODUCT_DEFINITION_SHAPE('Placement','Placement of an item',
  #6746);
#6746 = NEXT_ASSEMBLY_USAGE_OCCURRENCE('15','06_stoyka_levaya','',#5,
  #3681,$);
#6747 = PRODUCT_RELATED_PRODUCT_CATEGORY('part',$,(#3683));
#6748 = SHAPE_DEFINITION_REPRESENTATION(#6749,#6755);
#6749 = PRODUCT_DEFINITION_SHAPE('','',#6750);
#6750 = PRODUCT_DEFINITION('design','',#6751,#6754);
#6751 = PRODUCT_DEFINITION_FORMATION('','',#6752);
#6752 = PRODUCT('07_stoyka_pravaya','07_stoyka_pravaya','',(#6753));
#6753 = PRODUCT_CONTEXT('',#2,'mechanical');
#6754 = PRODUCT_DEFINITION_CONTEXT('part definition',#2,'design');
#6755 = ADVANCED_BREP_SHAPE_REPRESENTATION('',(#11,#6756),#9558);
#6756 = MANIFOLD_SOLID_BREP('',#6757);
#6757 = CLOSED_SHELL('',(#6758,#6876,#7844,#7893,#8674,#8701,#8748,#8775
    ,#8802,#8827,#8834,#8861,#8888,#8913,#8940,#8967,#8992,#9017,#9044,
    #9071,#9098,#9123,#9148,#9175,#9202,#9229,#9256,#9281,#9288,#9315,
    #9362,#9389,#9416,#9423,#9470,#9497,#9524,#9531));
#6758 = ADVANCED_FACE('',(#6759),#6773,.F.);
#6759 = FACE_BOUND('',#6760,.F.);
#6760 = EDGE_LOOP('',(#6761,#6796,#6824,#6852));
#6761 = ORIENTED_EDGE('',*,*,#6762,.F.);
#6762 = EDGE_CURVE('',#6763,#6765,#6767,.T.);
#6763 = VERTEX_POINT('',#6764);
#6764 = CARTESIAN_POINT('',(-42.,-35.,5.));
#6765 = VERTEX_POINT('',#6766);
#6766 = CARTESIAN_POINT('',(-35.,-35.,5.));
#6767 = SURFACE_CURVE('',#6768,(#6772,#6784),.PCURVE_S1.);
#6768 = LINE('',#6769,#6770);
#6769 = CARTESIAN_POINT('',(-42.,-35.,5.));
#6770 = VECTOR('',#6771,1.);
#6771 = DIRECTION('',(1.,-6.327190051781E-18,1.590644900266E-16));
#6772 = PCURVE('',#6773,#6778);
#6773 = PLANE('',#6774);
#6774 = AXIS2_PLACEMENT_3D('',#6775,#6776,#6777);
#6775 = CARTESIAN_POINT('',(-42.,-35.,5.));
#6776 = DIRECTION('',(-1.590644900266E-16,3.981627848114E-18,1.));
#6777 = DIRECTION('',(1.,-6.327190051781E-18,1.590644900266E-16));
#6778 = DEFINITIONAL_REPRESENTATION('',(#6779),#6783);
#6779 = LINE('',#6780,#6781);
#6780 = CARTESIAN_POINT('',(0.,0.));
#6781 = VECTOR('',#6782,1.);
#6782 = DIRECTION('',(1.,0.));
#6783 = ( GEOMETRIC_REPRESENTATION_CONTEXT(2) 
PARAMETRIC_REPRESENTATION_CONTEXT() REPRESENTATION_CONTEXT('2D SPACE',''
  ) );
#6784 = PCURVE('',#6785,#6790);
#6785 = PLANE('',#6786);
#6786 = AXIS2_PLACEMENT_3D('',#6787,#6788,#6789);
#6787 = CARTESIAN_POINT('',(-10.02931489345,-35.,37.585640026833));
#6788 = DIRECTION('',(-6.327190051781E-18,-1.,3.981627848114E-18));
#6789 = DIRECTION('',(1.,-6.327190051781E-18,1.590644900266E-16));
#6790 = DEFINITIONAL_REPRESENTATION('',(#6791),#6795);
#6791 = LINE('',#6792,#6793);
#6792 = CARTESIAN_POINT('',(-31.97068510654,-32.58564002683));
#6793 = VECTOR('',#6794,1.);
#6794 = DIRECTION('',(1.,0.));
#6795 = ( GEOMETRIC_REPRESENTATION_CONTEXT(2) 
PARAMETRIC_REPRESENTATION_CONTEXT() REPRESENTATION_CONTEXT('2D SPACE',''
  ) );
#6796 = ORIENTED_EDGE('',*,*,#6797,.T.);
#6797 = EDGE_CURVE('',#6763,#6798,#6800,.T.);
#6798 = VERTEX_POINT('',#6799);
#6799 = CARTESIAN_POINT('',(-42.,-40.,5.));
#6800 = SURFACE_CURVE('',#6801,(#6805,#6812),.PCURVE_S1.);
#6801 = LINE('',#6802,#6803);
#6802 = CARTESIAN_POINT('',(-42.,-35.,5.));
#6803 = VECTOR('',#6804,1.);
#6804 = DIRECTION('',(-6.327190051781E-18,-1.,3.981627848114E-18));
#6805 = PCURVE('',#6773,#6806);
#6806 = DEFINITIONAL_REPRESENTATION('',(#6807),#6811);
#6807 = LINE('',#6808,#6809);
#6808 = CARTESIAN_POINT('',(0.,0.));
#6809 = VECTOR('',#6810,1.);
#6810 = DIRECTION('',(0.,-1.));
#6811 = ( GEOMETRIC_REPRESENTATION_CONTEXT(2) 
PARAMETRIC_REPRESENTATION_CONTEXT() REPRESENTATION_CONTEXT('2D SPACE',''
  ) );
#6812 = PCURVE('',#6813,#6818);
#6813 = PLANE('',#6814);
#6814 = AXIS2_PLACEMENT_3D('',#6815,#6816,#6817);
#6815 = CARTESIAN_POINT('',(-43.995127,-35.,62.720804));
#6816 = DIRECTION('',(0.999403160702,-6.185870398703E-18,
    3.454449854512E-02));
#6817 = DIRECTION('',(3.454449854512E-02,-4.197821063681E-18,
    -0.999403160702));
#6818 = DEFINITIONAL_REPRESENTATION('',(#6819),#6823);
#6819 = LINE('',#6820,#6821);
#6820 = CARTESIAN_POINT('',(57.755274617584,0.));
#6821 = VECTOR('',#6822,1.);
#6822 = DIRECTION('',(0.,-1.));
#6823 = ( GEOMETRIC_REPRESENTATION_CONTEXT(2) 
PARAMETRIC_REPRESENTATION_CONTEXT() REPRESENTATION_CONTEXT('2D SPACE',''
  ) );
#6824 = ORIENTED_EDGE('',*,*,#6825,.T.);
#6825 = EDGE_CURVE('',#6798,#6826,#6828,.T.);
#6826 = VERTEX_POINT('',#6827);
#6827 = CARTESIAN_POINT('',(-35.,-40.,5.));
#6828 = SURFACE_CURVE('',#6829,(#6833,#6840),.PCURVE_S1.);
#6829 = LINE('',#6830,#6831);
#6830 = CARTESIAN_POINT('',(-42.,-40.,5.));
#6831 = VECTOR('',#6832,1.);
#6832 = DIRECTION('',(1.,-6.327190051781E-18,1.590644900266E-16));
#6833 = PCURVE('',#6773,#6834);
#6834 = DEFINITIONAL_REPRESENTATION('',(#6835),#6839);
#6835 = LINE('',#6836,#6837);
#6836 = CARTESIAN_POINT('',(0.,-5.));
#6837 = VECTOR('',#6838,1.);
#6838 = DIRECTION('',(1.,0.));
#6839 = ( GEOMETRIC_REPRESENTATION_CONTEXT(2) 
PARAMETRIC_REPRESENTATION_CONTEXT() REPRESENTATION_CONTEXT('2D SPACE',''
  ) );
#6840 = PCURVE('',#6841,#6846);
#6841 = PLANE('',#6842);
#6842 = AXIS2_PLACEMENT_3D('',#6843,#6844,#6845);
#6843 = CARTESIAN_POINT('',(-10.02931489345,-40.,37.585640026833));
#6844 = DIRECTION('',(-6.327190051781E-18,-1.,3.981627848114E-18));
#6845 = DIRECTION('',(1.,-6.327190051781E-18,1.590644900266E-16));
#6846 = DEFINITIONAL_REPRESENTATION('',(#6847),#6851);
#6847 = LINE('',#6848,#6849);
#6848 = CARTESIAN_POINT('',(-31.97068510654,-32.58564002683));
#6849 = VECTOR('',#6850,1.);
#6850 = DIRECTION('',(1.,0.));
#6851 = ( GEOMETRIC_REPRESENTATION_CONTEXT(2) 
PARAMETRIC_REPRESENTATION_CONTEXT() REPRESENTATION_CONTEXT('2D SPACE',''
  ) );
#6852 = ORIENTED_EDGE('',*,*,#6853,.T.);
#6853 = EDGE_CURVE('',#6826,#6765,#6854,.T.);
#6854 = SURFACE_CURVE('',#6855,(#6859,#6865),.PCURVE_S1.);
#6855 = LINE('',#6856,#6857);
#6856 = CARTESIAN_POINT('',(-35.,-35.,5.));
#6857 = VECTOR('',#6858,1.);
#6858 = DIRECTION('',(6.327190051781E-18,1.,-3.981627848114E-18));
#6859 = PCURVE('',#6773,#6860);
#6860 = DEFINITIONAL_REPRESENTATION('',(#6861),#6864);
#6861 = B_SPLINE_CURVE_WITH_KNOTS('',1,(#6862,#6863),.UNSPECIFIED.,.F.,
  .F.,(2,2),(-5.,0.),.PIECEWISE_BEZIER_KNOTS.);
#6862 = CARTESIAN_POINT('',(7.,-5.));
#6863 = CARTESIAN_POINT('',(7.,0.));
#6864 = ( GEOMETRIC_REPRESENTATION_CONTEXT(2) 
PARAMETRIC_REPRESENTATION_CONTEXT() REPRESENTATION_CONTEXT('2D SPACE',''
  ) );
#6865 = PCURVE('',#6866,#6871);
#6866 = PLANE('',#6867);
#6867 = AXIS2_PLACEMENT_3D('',#6868,#6869,#6870);
#6868 = CARTESIAN_POINT('',(-35.,-35.,5.01));
#6869 = DIRECTION('',(1.,-6.327190051781E-18,1.590644900266E-16));
#6870 = DIRECTION('',(1.590644900266E-16,-3.981627848114E-18,-1.));
#6871 = DEFINITIONAL_REPRESENTATION('',(#6872),#6875);
#6872 = B_SPLINE_CURVE_WITH_KNOTS('',1,(#6873,#6874),.UNSPECIFIED.,.F.,
  .F.,(2,2),(-5.,0.),.PIECEWISE_BEZIER_KNOTS.);
#6873 = CARTESIAN_POINT('',(1.E-02,-5.));
#6874 = CARTESIAN_POINT('',(1.E-02,0.));
#6875 = ( GEOMETRIC_REPRESENTATION_CONTEXT(2) 
PARAMETRIC_REPRESENTATION_CONTEXT() REPRESENTATION_CONTEXT('2D SPACE',''
  ) );
#6876 = ADVANCED_FACE('',(#6877,#7548,#7583,#7689,#7809),#6785,.F.);
#6877 = FACE_BOUND('',#6878,.F.);
#6878 = EDGE_LOOP('',(#6879,#6910,#6938,#6967,#6988,#6989,#7012,#7040,
    #7068,#7096,#7122,#7148,#7174,#7200,#7226,#7252,#7278,#7304,#7330,
    #7356,#7382,#7410,#7438,#7466,#7494,#7522));
#6879 = ORIENTED_EDGE('',*,*,#6880,.T.);
#6880 = EDGE_CURVE('',#6881,#6883,#6885,.T.);
#6881 = VERTEX_POINT('',#6882);
#6882 = CARTESIAN_POINT('',(21.958966,-35.,56.343068));
#6883 = VERTEX_POINT('',#6884);
#6884 = CARTESIAN_POINT('',(-3.82026,-35.,76.665771));
#6885 = SURFACE_CURVE('',#6886,(#6891,#6898),.PCURVE_S1.);
#6886 = CIRCLE('',#6887,22.000002034728);
#6887 = AXIS2_PLACEMENT_3D('',#6888,#6889,#6890);
#6888 = CARTESIAN_POINT('',(-1.481017337172E-06,-35.,54.999998122575));
#6889 = DIRECTION('',(-6.327190051781E-18,-1.,3.981627848114E-18));
#6890 = DIRECTION('',(0.998134793186,-6.072315627811E-18,
    6.10486251458E-02));
#6891 = PCURVE('',#6785,#6892);
#6892 = DEFINITIONAL_REPRESENTATION('',(#6893),#6897);
#6893 = CIRCLE('',#6894,22.000002034728);
#6894 = AXIS2_PLACEMENT_2D('',#6895,#6896);
#6895 = CARTESIAN_POINT('',(10.029313412437,17.414358095742));
#6896 = DIRECTION('',(0.998134793186,6.10486251458E-02));
#6897 = ( GEOMETRIC_REPRESENTATION_CONTEXT(2) 
PARAMETRIC_REPRESENTATION_CONTEXT() REPRESENTATION_CONTEXT('2D SPACE',''
  ) );
#6898 = PCURVE('',#6899,#6904);
#6899 = CYLINDRICAL_SURFACE('',#6900,22.000002034728);
#6900 = AXIS2_PLACEMENT_3D('',#6901,#6902,#6903);
#6901 = CARTESIAN_POINT('',(-1.481017337172E-06,-35.,54.999998122575));
#6902 = DIRECTION('',(6.327190051781E-18,1.,-3.981627848114E-18));
#6903 = DIRECTION('',(0.998134793186,-6.072315627811E-18,
    6.10486251458E-02));
#6904 = DEFINITIONAL_REPRESENTATION('',(#6905),#6909);
#6905 = LINE('',#6906,#6907);
#6906 = CARTESIAN_POINT('',(-0.,0.));
#6907 = VECTOR('',#6908,1.);
#6908 = DIRECTION('',(-1.,0.));
#6909 = ( GEOMETRIC_REPRESENTATION_CONTEXT(2) 
PARAMETRIC_REPRESENTATION_CONTEXT() REPRESENTATION_CONTEXT('2D SPACE',''
  ) );
#6910 = ORIENTED_EDGE('',*,*,#6911,.T.);
#6911 = EDGE_CURVE('',#6883,#6912,#6914,.T.);
#6912 = VERTEX_POINT('',#6913);
#6913 = CARTESIAN_POINT('',(-37.389185,-35.,70.878462));
#6914 = SURFACE_CURVE('',#6915,(#6919,#6926),.PCURVE_S1.);
#6915 = LINE('',#6916,#6917);
#6916 = CARTESIAN_POINT('',(-3.82026,-35.,76.665771));
#6917 = VECTOR('',#6918,1.);
#6918 = DIRECTION('',(-0.985462262139,5.55875048058E-18,-0.169894466946)
  );
#6919 = PCURVE('',#6785,#6920);
#6920 = DEFINITIONAL_REPRESENTATION('',(#6921),#6925);
#6921 = LINE('',#6922,#6923);
#6922 = CARTESIAN_POINT('',(6.209054893454,39.080130973167));
#6923 = VECTOR('',#6924,1.);
#6924 = DIRECTION('',(-0.985462262139,-0.169894466946));
#6925 = ( GEOMETRIC_REPRESENTATION_CONTEXT(2) 
PARAMETRIC_REPRESENTATION_CONTEXT() REPRESENTATION_CONTEXT('2D SPACE',''
  ) );
#6926 = PCURVE('',#6927,#6932);
#6927 = PLANE('',#6928);
#6928 = AXIS2_PLACEMENT_3D('',#6929,#6930,#6931);
#6929 = CARTESIAN_POINT('',(-3.82026,-35.,76.665771));
#6930 = DIRECTION('',(0.169894466946,-4.998698567316E-18,-0.985462262139
    ));
#6931 = DIRECTION('',(-0.985462262139,5.55875048058E-18,-0.169894466946)
  );
#6932 = DEFINITIONAL_REPRESENTATION('',(#6933),#6937);
#6933 = LINE('',#6934,#6935);
#6934 = CARTESIAN_POINT('',(0.,0.));
#6935 = VECTOR('',#6936,1.);
#6936 = DIRECTION('',(1.,0.));
#6937 = ( GEOMETRIC_REPRESENTATION_CONTEXT(2) 
PARAMETRIC_REPRESENTATION_CONTEXT() REPRESENTATION_CONTEXT('2D SPACE',''
  ) );
#6938 = ORIENTED_EDGE('',*,*,#6939,.T.);
#6939 = EDGE_CURVE('',#6912,#6940,#6942,.T.);
#6940 = VERTEX_POINT('',#6941);
#6941 = CARTESIAN_POINT('',(-43.995127,-35.,62.720804));
#6942 = SURFACE_CURVE('',#6943,(#6948,#6955),.PCURVE_S1.);
#6943 = CIRCLE('',#6944,8.000000097651);
#6944 = AXIS2_PLACEMENT_3D('',#6945,#6946,#6947);
#6945 = CARTESIAN_POINT('',(-36.00000027844,-35.,62.999999753355));
#6946 = DIRECTION('',(-6.327190051781E-18,-1.,3.981627848114E-18));
#6947 = DIRECTION('',(-0.173648088075,5.01984249271E-18,0.98480776881));
#6948 = PCURVE('',#6785,#6949);
#6949 = DEFINITIONAL_REPRESENTATION('',(#6950),#6954);
#6950 = CIRCLE('',#6951,8.000000097651);
#6951 = AXIS2_PLACEMENT_2D('',#6952,#6953);
#6952 = CARTESIAN_POINT('',(-25.97068538499,25.414359726522));
#6953 = DIRECTION('',(-0.173648088075,0.98480776881));
#6954 = ( GEOMETRIC_REPRESENTATION_CONTEXT(2) 
PARAMETRIC_REPRESENTATION_CONTEXT() REPRESENTATION_CONTEXT('2D SPACE',''
  ) );
#6955 = PCURVE('',#6956,#6961);
#6956 = CYLINDRICAL_SURFACE('',#6957,8.000000097651);
#6957 = AXIS2_PLACEMENT_3D('',#6958,#6959,#6960);
#6958 = CARTESIAN_POINT('',(-36.00000027844,-35.,62.999999753355));
#6959 = DIRECTION('',(6.327190051781E-18,1.,-3.981627848114E-18));
#6960 = DIRECTION('',(-0.173648088075,5.01984249271E-18,0.98480776881));
#6961 = DEFINITIONAL_REPRESENTATION('',(#6962),#6966);
#6962 = LINE('',#6963,#6964);
#6963 = CARTESIAN_POINT('',(-0.,0.));
#6964 = VECTOR('',#6965,1.);
#6965 = DIRECTION('',(-1.,0.));
#6966 = ( GEOMETRIC_REPRESENTATION_CONTEXT(2) 
PARAMETRIC_REPRESENTATION_CONTEXT() REPRESENTATION_CONTEXT('2D SPACE',''
  ) );
#6967 = ORIENTED_EDGE('',*,*,#6968,.T.);
#6968 = EDGE_CURVE('',#6940,#6763,#6969,.T.);
#6969 = SURFACE_CURVE('',#6970,(#6974,#6981),.PCURVE_S1.);
#6970 = LINE('',#6971,#6972);
#6971 = CARTESIAN_POINT('',(-43.995127,-35.,62.720804));
#6972 = VECTOR('',#6973,1.);
#6973 = DIRECTION('',(3.454449854512E-02,-4.197821063681E-18,
    -0.999403160702));
#6974 = PCURVE('',#6785,#6975);
#6975 = DEFINITIONAL_REPRESENTATION('',(#6976),#6980);
#6976 = LINE('',#6977,#6978);
#6977 = CARTESIAN_POINT('',(-33.96581210654,25.135163973167));
#6978 = VECTOR('',#6979,1.);
#6979 = DIRECTION('',(3.454449854512E-02,-0.999403160702));
#6980 = ( GEOMETRIC_REPRESENTATION_CONTEXT(2) 
PARAMETRIC_REPRESENTATION_CONTEXT() REPRESENTATION_CONTEXT('2D SPACE',''
  ) );
#6981 = PCURVE('',#6813,#6982);
#6982 = DEFINITIONAL_REPRESENTATION('',(#6983),#6987);
#6983 = LINE('',#6984,#6985);
#6984 = CARTESIAN_POINT('',(0.,0.));
#6985 = VECTOR('',#6986,1.);
#6986 = DIRECTION('',(1.,0.));
#6987 = ( GEOMETRIC_REPRESENTATION_CONTEXT(2) 
PARAMETRIC_REPRESENTATION_CONTEXT() REPRESENTATION_CONTEXT('2D SPACE',''
  ) );
#6988 = ORIENTED_EDGE('',*,*,#6762,.T.);
#6989 = ORIENTED_EDGE('',*,*,#6990,.T.);
#6990 = EDGE_CURVE('',#6765,#6991,#6993,.T.);
#6991 = VERTEX_POINT('',#6992);
#6992 = CARTESIAN_POINT('',(-35.,-35.,2.48689957516E-14));
#6993 = SURFACE_CURVE('',#6994,(#6998,#7005),.PCURVE_S1.);
#6994 = LINE('',#6995,#6996);
#6995 = CARTESIAN_POINT('',(-35.,-35.,5.01));
#6996 = VECTOR('',#6997,1.);
#6997 = DIRECTION('',(1.590644900266E-16,-3.981627848114E-18,-1.));
#6998 = PCURVE('',#6785,#6999);
#6999 = DEFINITIONAL_REPRESENTATION('',(#7000),#7004);
#7000 = LINE('',#7001,#7002);
#7001 = CARTESIAN_POINT('',(-24.97068510654,-32.57564002683));
#7002 = VECTOR('',#7003,1.);
#7003 = DIRECTION('',(0.,-1.));
#7004 = ( GEOMETRIC_REPRESENTATION_CONTEXT(2) 
PARAMETRIC_REPRESENTATION_CONTEXT() REPRESENTATION_CONTEXT('2D SPACE',''
  ) );
#7005 = PCURVE('',#6866,#7006);
#7006 = DEFINITIONAL_REPRESENTATION('',(#7007),#7011);
#7007 = LINE('',#7008,#7009);
#7008 = CARTESIAN_POINT('',(0.,0.));
#7009 = VECTOR('',#7010,1.);
#7010 = DIRECTION('',(1.,0.));
#7011 = ( GEOMETRIC_REPRESENTATION_CONTEXT(2) 
PARAMETRIC_REPRESENTATION_CONTEXT() REPRESENTATION_CONTEXT('2D SPACE',''
  ) );
#7012 = ORIENTED_EDGE('',*,*,#7013,.T.);
#7013 = EDGE_CURVE('',#6991,#7014,#7016,.T.);
#7014 = VERTEX_POINT('',#7015);
#7015 = CARTESIAN_POINT('',(-23.,-35.,2.6645352591E-14));
#7016 = SURFACE_CURVE('',#7017,(#7021,#7028),.PCURVE_S1.);
#7017 = LINE('',#7018,#7019);
#7018 = CARTESIAN_POINT('',(-35.,-35.,2.48689957516E-14));
#7019 = VECTOR('',#7020,1.);
#7020 = DIRECTION('',(1.,-6.327190051781E-18,1.590644900266E-16));
#7021 = PCURVE('',#6785,#7022);
#7022 = DEFINITIONAL_REPRESENTATION('',(#7023),#7027);
#7023 = LINE('',#7024,#7025);
#7024 = CARTESIAN_POINT('',(-24.97068510654,-37.58564002683));
#7025 = VECTOR('',#7026,1.);
#7026 = DIRECTION('',(1.,0.));
#7027 = ( GEOMETRIC_REPRESENTATION_CONTEXT(2) 
PARAMETRIC_REPRESENTATION_CONTEXT() REPRESENTATION_CONTEXT('2D SPACE',''
  ) );
#7028 = PCURVE('',#7029,#7034);
#7029 = PLANE('',#7030);
#7030 = AXIS2_PLACEMENT_3D('',#7031,#7032,#7033);
#7031 = CARTESIAN_POINT('',(-35.,-35.,2.48689957516E-14));
#7032 = DIRECTION('',(-1.590644900266E-16,3.981627848114E-18,1.));
#7033 = DIRECTION('',(1.,-6.327190051781E-18,1.590644900266E-16));
#7034 = DEFINITIONAL_REPRESENTATION('',(#7035),#7039);
#7035 = LINE('',#7036,#7037);
#7036 = CARTESIAN_POINT('',(0.,0.));
#7037 = VECTOR('',#7038,1.);
#7038 = DIRECTION('',(1.,0.));
#7039 = ( GEOMETRIC_REPRESENTATION_CONTEXT(2) 
PARAMETRIC_REPRESENTATION_CONTEXT() REPRESENTATION_CONTEXT('2D SPACE',''
  ) );
#7040 = ORIENTED_EDGE('',*,*,#7041,.T.);
#7041 = EDGE_CURVE('',#7014,#7042,#7044,.T.);
#7042 = VERTEX_POINT('',#7043);
#7043 = CARTESIAN_POINT('',(-23.,-35.,5.));
#7044 = SURFACE_CURVE('',#7045,(#7049,#7056),.PCURVE_S1.);
#7045 = LINE('',#7046,#7047);
#7046 = CARTESIAN_POINT('',(-23.,-35.,2.6645352591E-14));
#7047 = VECTOR('',#7048,1.);
#7048 = DIRECTION('',(-1.590644900266E-16,3.981627848114E-18,1.));
#7049 = PCURVE('',#6785,#7050);
#7050 = DEFINITIONAL_REPRESENTATION('',(#7051),#7055);
#7051 = LINE('',#7052,#7053);
#7052 = CARTESIAN_POINT('',(-12.97068510654,-37.58564002683));
#7053 = VECTOR('',#7054,1.);
#7054 = DIRECTION('',(0.,1.));
#7055 = ( GEOMETRIC_REPRESENTATION_CONTEXT(2) 
PARAMETRIC_REPRESENTATION_CONTEXT() REPRESENTATION_CONTEXT('2D SPACE',''
  ) );
#7056 = PCURVE('',#7057,#7062);
#7057 = PLANE('',#7058);
#7058 = AXIS2_PLACEMENT_3D('',#7059,#7060,#7061);
#7059 = CARTESIAN_POINT('',(-23.,-35.,2.6645352591E-14));
#7060 = DIRECTION('',(-1.,6.327190051781E-18,-1.590644900266E-16));
#7061 = DIRECTION('',(-1.590644900266E-16,3.981627848114E-18,1.));
#7062 = DEFINITIONAL_REPRESENTATION('',(#7063),#7067);
#7063 = LINE('',#7064,#7065);
#7064 = CARTESIAN_POINT('',(0.,0.));
#7065 = VECTOR('',#7066,1.);
#7066 = DIRECTION('',(1.,0.));
#7067 = ( GEOMETRIC_REPRESENTATION_CONTEXT(2) 
PARAMETRIC_REPRESENTATION_CONTEXT() REPRESENTATION_CONTEXT('2D SPACE',''
  ) );
#7068 = ORIENTED_EDGE('',*,*,#7069,.T.);
#7069 = EDGE_CURVE('',#7042,#7070,#7072,.T.);
#7070 = VERTEX_POINT('',#7071);
#7071 = CARTESIAN_POINT('',(-10.65,-35.,5.));
#7072 = SURFACE_CURVE('',#7073,(#7077,#7084),.PCURVE_S1.);
#7073 = LINE('',#7074,#7075);
#7074 = CARTESIAN_POINT('',(-42.,-35.,5.));
#7075 = VECTOR('',#7076,1.);
#7076 = DIRECTION('',(1.,-6.327190051781E-18,1.590644900266E-16));
#7077 = PCURVE('',#6785,#7078);
#7078 = DEFINITIONAL_REPRESENTATION('',(#7079),#7083);
#7079 = LINE('',#7080,#7081);
#7080 = CARTESIAN_POINT('',(-31.97068510654,-32.58564002683));
#7081 = VECTOR('',#7082,1.);
#7082 = DIRECTION('',(1.,0.));
#7083 = ( GEOMETRIC_REPRESENTATION_CONTEXT(2) 
PARAMETRIC_REPRESENTATION_CONTEXT() REPRESENTATION_CONTEXT('2D SPACE',''
  ) );
#7084 = PCURVE('',#7085,#7090);
#7085 = PLANE('',#7086);
#7086 = AXIS2_PLACEMENT_3D('',#7087,#7088,#7089);
#7087 = CARTESIAN_POINT('',(-42.,-35.,5.));
#7088 = DIRECTION('',(-1.590644900266E-16,3.981627848114E-18,1.));
#7089 = DIRECTION('',(1.,-6.327190051781E-18,1.590644900266E-16));
#7090 = DEFINITIONAL_REPRESENTATION('',(#7091),#7095);
#7091 = LINE('',#7092,#7093);
#7092 = CARTESIAN_POINT('',(0.,0.));
#7093 = VECTOR('',#7094,1.);
#7094 = DIRECTION('',(1.,0.));
#7095 = ( GEOMETRIC_REPRESENTATION_CONTEXT(2) 
PARAMETRIC_REPRESENTATION_CONTEXT() REPRESENTATION_CONTEXT('2D SPACE',''
  ) );
#7096 = ORIENTED_EDGE('',*,*,#7097,.F.);
#7097 = EDGE_CURVE('',#7098,#7070,#7100,.T.);
#7098 = VERTEX_POINT('',#7099);
#7099 = CARTESIAN_POINT('',(-10.65,-35.,9.5));
#7100 = SURFACE_CURVE('',#7101,(#7105,#7111),.PCURVE_S1.);
#7101 = LINE('',#7102,#7103);
#7102 = CARTESIAN_POINT('',(-10.65,-35.,21.292820013417));
#7103 = VECTOR('',#7104,1.);
#7104 = DIRECTION('',(1.590644900266E-16,-3.981627848114E-18,-1.));
#7105 = PCURVE('',#6785,#7106);
#7106 = DEFINITIONAL_REPRESENTATION('',(#7107),#7110);
#7107 = B_SPLINE_CURVE_WITH_KNOTS('',1,(#7108,#7109),.UNSPECIFIED.,.F.,
  .F.,(2,2),(6.292820013417,16.292820013417),.PIECEWISE_BEZIER_KNOTS.);
#7108 = CARTESIAN_POINT('',(-0.620685106546,-22.58564002683));
#7109 = CARTESIAN_POINT('',(-0.620685106546,-32.58564002683));
#7110 = ( GEOMETRIC_REPRESENTATION_CONTEXT(2) 
PARAMETRIC_REPRESENTATION_CONTEXT() REPRESENTATION_CONTEXT('2D SPACE',''
  ) );
#7111 = PCURVE('',#7112,#7117);
#7112 = PLANE('',#7113);
#7113 = AXIS2_PLACEMENT_3D('',#7114,#7115,#7116);
#7114 = CARTESIAN_POINT('',(-10.65,15.,5.));
#7115 = DIRECTION('',(-1.,6.327190051781E-18,-1.590644900266E-16));
#7116 = DIRECTION('',(-1.590644900266E-16,3.981627848114E-18,1.));
#7117 = DEFINITIONAL_REPRESENTATION('',(#7118),#7121);
#7118 = B_SPLINE_CURVE_WITH_KNOTS('',1,(#7119,#7120),.UNSPECIFIED.,.F.,
  .F.,(2,2),(6.292820013417,16.292820013417),.PIECEWISE_BEZIER_KNOTS.);
#7119 = CARTESIAN_POINT('',(10.,-50.));
#7120 = CARTESIAN_POINT('',(0.,-50.));
#7121 = ( GEOMETRIC_REPRESENTATION_CONTEXT(2) 
PARAMETRIC_REPRESENTATION_CONTEXT() REPRESENTATION_CONTEXT('2D SPACE',''
  ) );
#7122 = ORIENTED_EDGE('',*,*,#7123,.F.);
#7123 = EDGE_CURVE('',#7124,#7098,#7126,.T.);
#7124 = VERTEX_POINT('',#7125);
#7125 = CARTESIAN_POINT('',(-11.9,-35.,9.5));
#7126 = SURFACE_CURVE('',#7127,(#7131,#7137),.PCURVE_S1.);
#7127 = LINE('',#7128,#7129);
#7128 = CARTESIAN_POINT('',(-8.064657446727,-35.,9.5));
#7129 = VECTOR('',#7130,1.);
#7130 = DIRECTION('',(1.,-6.327190051781E-18,1.590644900266E-16));
#7131 = PCURVE('',#6785,#7132);
#7132 = DEFINITIONAL_REPRESENTATION('',(#7133),#7136);
#7133 = B_SPLINE_CURVE_WITH_KNOTS('',1,(#7134,#7135),.UNSPECIFIED.,.F.,
  .F.,(2,2),(-3.835342553273,1.964657446727),.PIECEWISE_BEZIER_KNOTS.);
#7134 = CARTESIAN_POINT('',(-1.870685106546,-28.08564002683));
#7135 = CARTESIAN_POINT('',(3.929314893454,-28.08564002683));
#7136 = ( GEOMETRIC_REPRESENTATION_CONTEXT(2) 
PARAMETRIC_REPRESENTATION_CONTEXT() REPRESENTATION_CONTEXT('2D SPACE',''
  ) );
#7137 = PCURVE('',#7138,#7143);
#7138 = PLANE('',#7139);
#7139 = AXIS2_PLACEMENT_3D('',#7140,#7141,#7142);
#7140 = CARTESIAN_POINT('',(-6.1,15.,9.5));
#7141 = DIRECTION('',(1.590644900266E-16,-3.981627848114E-18,-1.));
#7142 = DIRECTION('',(-1.,6.327190051781E-18,-1.590644900266E-16));
#7143 = DEFINITIONAL_REPRESENTATION('',(#7144),#7147);
#7144 = B_SPLINE_CURVE_WITH_KNOTS('',1,(#7145,#7146),.UNSPECIFIED.,.F.,
  .F.,(2,2),(-3.835342553273,1.964657446727),.PIECEWISE_BEZIER_KNOTS.);
#7145 = CARTESIAN_POINT('',(5.8,-50.));
#7146 = CARTESIAN_POINT('',(0.,-50.));
#7147 = ( GEOMETRIC_REPRESENTATION_CONTEXT(2) 
PARAMETRIC_REPRESENTATION_CONTEXT() REPRESENTATION_CONTEXT('2D SPACE',''
  ) );
#7148 = ORIENTED_EDGE('',*,*,#7149,.F.);
#7149 = EDGE_CURVE('',#7150,#7124,#7152,.T.);
#7150 = VERTEX_POINT('',#7151);
#7151 = CARTESIAN_POINT('',(-11.9,-35.,12.1));
#7152 = SURFACE_CURVE('',#7153,(#7157,#7163),.PCURVE_S1.);
#7153 = LINE('',#7154,#7155);
#7154 = CARTESIAN_POINT('',(-11.9,-35.,23.542820013417));
#7155 = VECTOR('',#7156,1.);
#7156 = DIRECTION('',(1.590644900266E-16,-3.981627848114E-18,-1.));
#7157 = PCURVE('',#6785,#7158);
#7158 = DEFINITIONAL_REPRESENTATION('',(#7159),#7162);
#7159 = B_SPLINE_CURVE_WITH_KNOTS('',1,(#7160,#7161),.UNSPECIFIED.,.F.,
  .F.,(2,2),(11.442820013417,14.042820013417),.PIECEWISE_BEZIER_KNOTS.);
#7160 = CARTESIAN_POINT('',(-1.870685106546,-25.48564002683));
#7161 = CARTESIAN_POINT('',(-1.870685106546,-28.08564002683));
#7162 = ( GEOMETRIC_REPRESENTATION_CONTEXT(2) 
PARAMETRIC_REPRESENTATION_CONTEXT() REPRESENTATION_CONTEXT('2D SPACE',''
  ) );
#7163 = PCURVE('',#7164,#7169);
#7164 = PLANE('',#7165);
#7165 = AXIS2_PLACEMENT_3D('',#7166,#7167,#7168);
#7166 = CARTESIAN_POINT('',(-11.9,15.,9.5));
#7167 = DIRECTION('',(-1.,6.327190051781E-18,-1.590644900266E-16));
#7168 = DIRECTION('',(-1.590644900266E-16,3.981627848114E-18,1.));
#7169 = DEFINITIONAL_REPRESENTATION('',(#7170),#7173);
#7170 = B_SPLINE_CURVE_WITH_KNOTS('',1,(#7171,#7172),.UNSPECIFIED.,.F.,
  .F.,(2,2),(11.442820013417,14.042820013417),.PIECEWISE_BEZIER_KNOTS.);
#7171 = CARTESIAN_POINT('',(2.6,-50.));
#7172 = CARTESIAN_POINT('',(0.,-50.));
#7173 = ( GEOMETRIC_REPRESENTATION_CONTEXT(2) 
PARAMETRIC_REPRESENTATION_CONTEXT() REPRESENTATION_CONTEXT('2D SPACE',''
  ) );
#7174 = ORIENTED_EDGE('',*,*,#7175,.F.);
#7175 = EDGE_CURVE('',#7176,#7150,#7178,.T.);
#7176 = VERTEX_POINT('',#7177);
#7177 = CARTESIAN_POINT('',(-10.65,-35.,12.1));
#7178 = SURFACE_CURVE('',#7179,(#7183,#7189),.PCURVE_S1.);
#7179 = LINE('',#7180,#7181);
#7180 = CARTESIAN_POINT('',(-10.96465744672,-35.,12.1));
#7181 = VECTOR('',#7182,1.);
#7182 = DIRECTION('',(-1.,6.327190051781E-18,-1.590644900266E-16));
#7183 = PCURVE('',#6785,#7184);
#7184 = DEFINITIONAL_REPRESENTATION('',(#7185),#7188);
#7185 = B_SPLINE_CURVE_WITH_KNOTS('',1,(#7186,#7187),.UNSPECIFIED.,.F.,
  .F.,(2,2),(-4.864657446727,0.935342553273),.PIECEWISE_BEZIER_KNOTS.);
#7186 = CARTESIAN_POINT('',(3.929314893454,-25.48564002683));
#7187 = CARTESIAN_POINT('',(-1.870685106546,-25.48564002683));
#7188 = ( GEOMETRIC_REPRESENTATION_CONTEXT(2) 
PARAMETRIC_REPRESENTATION_CONTEXT() REPRESENTATION_CONTEXT('2D SPACE',''
  ) );
#7189 = PCURVE('',#7190,#7195);
#7190 = PLANE('',#7191);
#7191 = AXIS2_PLACEMENT_3D('',#7192,#7193,#7194);
#7192 = CARTESIAN_POINT('',(-11.9,15.,12.1));
#7193 = DIRECTION('',(-1.590644900266E-16,3.981627848114E-18,1.));
#7194 = DIRECTION('',(1.,-6.327190051781E-18,1.590644900266E-16));
#7195 = DEFINITIONAL_REPRESENTATION('',(#7196),#7199);
#7196 = B_SPLINE_CURVE_WITH_KNOTS('',1,(#7197,#7198),.UNSPECIFIED.,.F.,
  .F.,(2,2),(-4.864657446727,0.935342553273),.PIECEWISE_BEZIER_KNOTS.);
#7197 = CARTESIAN_POINT('',(5.8,-50.));
#7198 = CARTESIAN_POINT('',(0.,-50.));
#7199 = ( GEOMETRIC_REPRESENTATION_CONTEXT(2) 
PARAMETRIC_REPRESENTATION_CONTEXT() REPRESENTATION_CONTEXT('2D SPACE',''
  ) );
#7200 = ORIENTED_EDGE('',*,*,#7201,.F.);
#7201 = EDGE_CURVE('',#7202,#7176,#7204,.T.);
#7202 = VERTEX_POINT('',#7203);
#7203 = CARTESIAN_POINT('',(-10.65,-35.,15.));
#7204 = SURFACE_CURVE('',#7205,(#7209,#7215),.PCURVE_S1.);
#7205 = LINE('',#7206,#7207);
#7206 = CARTESIAN_POINT('',(-10.65,-35.,21.292820013417));
#7207 = VECTOR('',#7208,1.);
#7208 = DIRECTION('',(1.590644900266E-16,-3.981627848114E-18,-1.));
#7209 = PCURVE('',#6785,#7210);
#7210 = DEFINITIONAL_REPRESENTATION('',(#7211),#7214);
#7211 = B_SPLINE_CURVE_WITH_KNOTS('',1,(#7212,#7213),.UNSPECIFIED.,.F.,
  .F.,(2,2),(6.292820013417,16.292820013417),.PIECEWISE_BEZIER_KNOTS.);
#7212 = CARTESIAN_POINT('',(-0.620685106546,-22.58564002683));
#7213 = CARTESIAN_POINT('',(-0.620685106546,-32.58564002683));
#7214 = ( GEOMETRIC_REPRESENTATION_CONTEXT(2) 
PARAMETRIC_REPRESENTATION_CONTEXT() REPRESENTATION_CONTEXT('2D SPACE',''
  ) );
#7215 = PCURVE('',#7216,#7221);
#7216 = PLANE('',#7217);
#7217 = AXIS2_PLACEMENT_3D('',#7218,#7219,#7220);
#7218 = CARTESIAN_POINT('',(-10.65,15.,5.));
#7219 = DIRECTION('',(-1.,6.327190051781E-18,-1.590644900266E-16));
#7220 = DIRECTION('',(-1.590644900266E-16,3.981627848114E-18,1.));
#7221 = DEFINITIONAL_REPRESENTATION('',(#7222),#7225);
#7222 = B_SPLINE_CURVE_WITH_KNOTS('',1,(#7223,#7224),.UNSPECIFIED.,.F.,
  .F.,(2,2),(6.292820013417,16.292820013417),.PIECEWISE_BEZIER_KNOTS.);
#7223 = CARTESIAN_POINT('',(10.,-50.));
#7224 = CARTESIAN_POINT('',(0.,-50.));
#7225 = ( GEOMETRIC_REPRESENTATION_CONTEXT(2) 
PARAMETRIC_REPRESENTATION_CONTEXT() REPRESENTATION_CONTEXT('2D SPACE',''
  ) );
#7226 = ORIENTED_EDGE('',*,*,#7227,.F.);
#7227 = EDGE_CURVE('',#7228,#7202,#7230,.T.);
#7228 = VERTEX_POINT('',#7229);
#7229 = CARTESIAN_POINT('',(-7.35,-35.,15.));
#7230 = SURFACE_CURVE('',#7231,(#7235,#7241),.PCURVE_S1.);
#7231 = LINE('',#7232,#7233);
#7232 = CARTESIAN_POINT('',(-10.33965744672,-35.,15.));
#7233 = VECTOR('',#7234,1.);
#7234 = DIRECTION('',(-1.,6.327190051781E-18,-1.590644900266E-16));
#7235 = PCURVE('',#6785,#7236);
#7236 = DEFINITIONAL_REPRESENTATION('',(#7237),#7240);
#7237 = B_SPLINE_CURVE_WITH_KNOTS('',1,(#7238,#7239),.UNSPECIFIED.,.F.,
  .F.,(2,2),(-2.989657446727,0.310342553273),.PIECEWISE_BEZIER_KNOTS.);
#7238 = CARTESIAN_POINT('',(2.679314893454,-22.58564002683));
#7239 = CARTESIAN_POINT('',(-0.620685106546,-22.58564002683));
#7240 = ( GEOMETRIC_REPRESENTATION_CONTEXT(2) 
PARAMETRIC_REPRESENTATION_CONTEXT() REPRESENTATION_CONTEXT('2D SPACE',''
  ) );
#7241 = PCURVE('',#7242,#7247);
#7242 = PLANE('',#7243);
#7243 = AXIS2_PLACEMENT_3D('',#7244,#7245,#7246);
#7244 = CARTESIAN_POINT('',(-10.65,15.,15.));
#7245 = DIRECTION('',(-1.590644900266E-16,3.981627848114E-18,1.));
#7246 = DIRECTION('',(1.,-6.327190051781E-18,1.590644900266E-16));
#7247 = DEFINITIONAL_REPRESENTATION('',(#7248),#7251);
#7248 = B_SPLINE_CURVE_WITH_KNOTS('',1,(#7249,#7250),.UNSPECIFIED.,.F.,
  .F.,(2,2),(-2.989657446727,0.310342553273),.PIECEWISE_BEZIER_KNOTS.);
#7249 = CARTESIAN_POINT('',(3.3,-50.));
#7250 = CARTESIAN_POINT('',(0.,-50.));
#7251 = ( GEOMETRIC_REPRESENTATION_CONTEXT(2) 
PARAMETRIC_REPRESENTATION_CONTEXT() REPRESENTATION_CONTEXT('2D SPACE',''
  ) );
#7252 = ORIENTED_EDGE('',*,*,#7253,.F.);
#7253 = EDGE_CURVE('',#7254,#7228,#7256,.T.);
#7254 = VERTEX_POINT('',#7255);
#7255 = CARTESIAN_POINT('',(-7.35,-35.,12.1));
#7256 = SURFACE_CURVE('',#7257,(#7261,#7267),.PCURVE_S1.);
#7257 = LINE('',#7258,#7259);
#7258 = CARTESIAN_POINT('',(-7.35,-35.,26.292820013417));
#7259 = VECTOR('',#7260,1.);
#7260 = DIRECTION('',(-1.590644900266E-16,3.981627848114E-18,1.));
#7261 = PCURVE('',#6785,#7262);
#7262 = DEFINITIONAL_REPRESENTATION('',(#7263),#7266);
#7263 = B_SPLINE_CURVE_WITH_KNOTS('',1,(#7264,#7265),.UNSPECIFIED.,.F.,
  .F.,(2,2),(-21.29282001341,-11.29282001341),.PIECEWISE_BEZIER_KNOTS.);
#7264 = CARTESIAN_POINT('',(2.679314893454,-32.58564002683));
#7265 = CARTESIAN_POINT('',(2.679314893454,-22.58564002683));
#7266 = ( GEOMETRIC_REPRESENTATION_CONTEXT(2) 
PARAMETRIC_REPRESENTATION_CONTEXT() REPRESENTATION_CONTEXT('2D SPACE',''
  ) );
#7267 = PCURVE('',#7268,#7273);
#7268 = PLANE('',#7269);
#7269 = AXIS2_PLACEMENT_3D('',#7270,#7271,#7272);
#7270 = CARTESIAN_POINT('',(-7.35,15.,15.));
#7271 = DIRECTION('',(1.,-6.327190051781E-18,1.590644900266E-16));
#7272 = DIRECTION('',(1.590644900266E-16,-3.981627848114E-18,-1.));
#7273 = DEFINITIONAL_REPRESENTATION('',(#7274),#7277);
#7274 = B_SPLINE_CURVE_WITH_KNOTS('',1,(#7275,#7276),.UNSPECIFIED.,.F.,
  .F.,(2,2),(-21.29282001341,-11.29282001341),.PIECEWISE_BEZIER_KNOTS.);
#7275 = CARTESIAN_POINT('',(10.,-50.));
#7276 = CARTESIAN_POINT('',(0.,-50.));
#7277 = ( GEOMETRIC_REPRESENTATION_CONTEXT(2) 
PARAMETRIC_REPRESENTATION_CONTEXT() REPRESENTATION_CONTEXT('2D SPACE',''
  ) );
#7278 = ORIENTED_EDGE('',*,*,#7279,.F.);
#7279 = EDGE_CURVE('',#7280,#7254,#7282,.T.);
#7280 = VERTEX_POINT('',#7281);
#7281 = CARTESIAN_POINT('',(-6.1,-35.,12.1));
#7282 = SURFACE_CURVE('',#7283,(#7287,#7293),.PCURVE_S1.);
#7283 = LINE('',#7284,#7285);
#7284 = CARTESIAN_POINT('',(-10.96465744672,-35.,12.1));
#7285 = VECTOR('',#7286,1.);
#7286 = DIRECTION('',(-1.,6.327190051781E-18,-1.590644900266E-16));
#7287 = PCURVE('',#6785,#7288);
#7288 = DEFINITIONAL_REPRESENTATION('',(#7289),#7292);
#7289 = B_SPLINE_CURVE_WITH_KNOTS('',1,(#7290,#7291),.UNSPECIFIED.,.F.,
  .F.,(2,2),(-4.864657446727,0.935342553273),.PIECEWISE_BEZIER_KNOTS.);
#7290 = CARTESIAN_POINT('',(3.929314893454,-25.48564002683));
#7291 = CARTESIAN_POINT('',(-1.870685106546,-25.48564002683));
#7292 = ( GEOMETRIC_REPRESENTATION_CONTEXT(2) 
PARAMETRIC_REPRESENTATION_CONTEXT() REPRESENTATION_CONTEXT('2D SPACE',''
  ) );
#7293 = PCURVE('',#7294,#7299);
#7294 = PLANE('',#7295);
#7295 = AXIS2_PLACEMENT_3D('',#7296,#7297,#7298);
#7296 = CARTESIAN_POINT('',(-11.9,15.,12.1));
#7297 = DIRECTION('',(-1.590644900266E-16,3.981627848114E-18,1.));
#7298 = DIRECTION('',(1.,-6.327190051781E-18,1.590644900266E-16));
#7299 = DEFINITIONAL_REPRESENTATION('',(#7300),#7303);
#7300 = B_SPLINE_CURVE_WITH_KNOTS('',1,(#7301,#7302),.UNSPECIFIED.,.F.,
  .F.,(2,2),(-4.864657446727,0.935342553273),.PIECEWISE_BEZIER_KNOTS.);
#7301 = CARTESIAN_POINT('',(5.8,-50.));
#7302 = CARTESIAN_POINT('',(0.,-50.));
#7303 = ( GEOMETRIC_REPRESENTATION_CONTEXT(2) 
PARAMETRIC_REPRESENTATION_CONTEXT() REPRESENTATION_CONTEXT('2D SPACE',''
  ) );
#7304 = ORIENTED_EDGE('',*,*,#7305,.F.);
#7305 = EDGE_CURVE('',#7306,#7280,#7308,.T.);
#7306 = VERTEX_POINT('',#7307);
#7307 = CARTESIAN_POINT('',(-6.1,-35.,9.5));
#7308 = SURFACE_CURVE('',#7309,(#7313,#7319),.PCURVE_S1.);
#7309 = LINE('',#7310,#7311);
#7310 = CARTESIAN_POINT('',(-6.1,-35.,24.842820013417));
#7311 = VECTOR('',#7312,1.);
#7312 = DIRECTION('',(-1.590644900266E-16,3.981627848114E-18,1.));
#7313 = PCURVE('',#6785,#7314);
#7314 = DEFINITIONAL_REPRESENTATION('',(#7315),#7318);
#7315 = B_SPLINE_CURVE_WITH_KNOTS('',1,(#7316,#7317),.UNSPECIFIED.,.F.,
  .F.,(2,2),(-15.34282001341,-12.74282001341),.PIECEWISE_BEZIER_KNOTS.);
#7316 = CARTESIAN_POINT('',(3.929314893454,-28.08564002683));
#7317 = CARTESIAN_POINT('',(3.929314893454,-25.48564002683));
#7318 = ( GEOMETRIC_REPRESENTATION_CONTEXT(2) 
PARAMETRIC_REPRESENTATION_CONTEXT() REPRESENTATION_CONTEXT('2D SPACE',''
  ) );
#7319 = PCURVE('',#7320,#7325);
#7320 = PLANE('',#7321);
#7321 = AXIS2_PLACEMENT_3D('',#7322,#7323,#7324);
#7322 = CARTESIAN_POINT('',(-6.1,15.,12.1));
#7323 = DIRECTION('',(1.,-6.327190051781E-18,1.590644900266E-16));
#7324 = DIRECTION('',(1.590644900266E-16,-3.981627848114E-18,-1.));
#7325 = DEFINITIONAL_REPRESENTATION('',(#7326),#7329);
#7326 = B_SPLINE_CURVE_WITH_KNOTS('',1,(#7327,#7328),.UNSPECIFIED.,.F.,
  .F.,(2,2),(-15.34282001341,-12.74282001341),.PIECEWISE_BEZIER_KNOTS.);
#7327 = CARTESIAN_POINT('',(2.6,-50.));
#7328 = CARTESIAN_POINT('',(0.,-50.));
#7329 = ( GEOMETRIC_REPRESENTATION_CONTEXT(2) 
PARAMETRIC_REPRESENTATION_CONTEXT() REPRESENTATION_CONTEXT('2D SPACE',''
  ) );
#7330 = ORIENTED_EDGE('',*,*,#7331,.F.);
#7331 = EDGE_CURVE('',#7332,#7306,#7334,.T.);
#7332 = VERTEX_POINT('',#7333);
#7333 = CARTESIAN_POINT('',(-7.35,-35.,9.5));
#7334 = SURFACE_CURVE('',#7335,(#7339,#7345),.PCURVE_S1.);
#7335 = LINE('',#7336,#7337);
#7336 = CARTESIAN_POINT('',(-8.064657446727,-35.,9.5));
#7337 = VECTOR('',#7338,1.);
#7338 = DIRECTION('',(1.,-6.327190051781E-18,1.590644900266E-16));
#7339 = PCURVE('',#6785,#7340);
#7340 = DEFINITIONAL_REPRESENTATION('',(#7341),#7344);
#7341 = B_SPLINE_CURVE_WITH_KNOTS('',1,(#7342,#7343),.UNSPECIFIED.,.F.,
  .F.,(2,2),(-3.835342553273,1.964657446727),.PIECEWISE_BEZIER_KNOTS.);
#7342 = CARTESIAN_POINT('',(-1.870685106546,-28.08564002683));
#7343 = CARTESIAN_POINT('',(3.929314893454,-28.08564002683));
#7344 = ( GEOMETRIC_REPRESENTATION_CONTEXT(2) 
PARAMETRIC_REPRESENTATION_CONTEXT() REPRESENTATION_CONTEXT('2D SPACE',''
  ) );
#7345 = PCURVE('',#7346,#7351);
#7346 = PLANE('',#7347);
#7347 = AXIS2_PLACEMENT_3D('',#7348,#7349,#7350);
#7348 = CARTESIAN_POINT('',(-6.1,15.,9.5));
#7349 = DIRECTION('',(1.590644900266E-16,-3.981627848114E-18,-1.));
#7350 = DIRECTION('',(-1.,6.327190051781E-18,-1.590644900266E-16));
#7351 = DEFINITIONAL_REPRESENTATION('',(#7352),#7355);
#7352 = B_SPLINE_CURVE_WITH_KNOTS('',1,(#7353,#7354),.UNSPECIFIED.,.F.,
  .F.,(2,2),(-3.835342553273,1.964657446727),.PIECEWISE_BEZIER_KNOTS.);
#7353 = CARTESIAN_POINT('',(5.8,-50.));
#7354 = CARTESIAN_POINT('',(0.,-50.));
#7355 = ( GEOMETRIC_REPRESENTATION_CONTEXT(2) 
PARAMETRIC_REPRESENTATION_CONTEXT() REPRESENTATION_CONTEXT('2D SPACE',''
  ) );
#7356 = ORIENTED_EDGE('',*,*,#7357,.F.);
#7357 = EDGE_CURVE('',#7358,#7332,#7360,.T.);
#7358 = VERTEX_POINT('',#7359);
#7359 = CARTESIAN_POINT('',(-7.35,-35.,5.));
#7360 = SURFACE_CURVE('',#7361,(#7365,#7371),.PCURVE_S1.);
#7361 = LINE('',#7362,#7363);
#7362 = CARTESIAN_POINT('',(-7.35,-35.,26.292820013417));
#7363 = VECTOR('',#7364,1.);
#7364 = DIRECTION('',(-1.590644900266E-16,3.981627848114E-18,1.));
#7365 = PCURVE('',#6785,#7366);
#7366 = DEFINITIONAL_REPRESENTATION('',(#7367),#7370);
#7367 = B_SPLINE_CURVE_WITH_KNOTS('',1,(#7368,#7369),.UNSPECIFIED.,.F.,
  .F.,(2,2),(-21.29282001341,-11.29282001341),.PIECEWISE_BEZIER_KNOTS.);
#7368 = CARTESIAN_POINT('',(2.679314893454,-32.58564002683));
#7369 = CARTESIAN_POINT('',(2.679314893454,-22.58564002683));
#7370 = ( GEOMETRIC_REPRESENTATION_CONTEXT(2) 
PARAMETRIC_REPRESENTATION_CONTEXT() REPRESENTATION_CONTEXT('2D SPACE',''
  ) );
#7371 = PCURVE('',#7372,#7377);
#7372 = PLANE('',#7373);
#7373 = AXIS2_PLACEMENT_3D('',#7374,#7375,#7376);
#7374 = CARTESIAN_POINT('',(-7.35,15.,15.));
#7375 = DIRECTION('',(1.,-6.327190051781E-18,1.590644900266E-16));
#7376 = DIRECTION('',(1.590644900266E-16,-3.981627848114E-18,-1.));
#7377 = DEFINITIONAL_REPRESENTATION('',(#7378),#7381);
#7378 = B_SPLINE_CURVE_WITH_KNOTS('',1,(#7379,#7380),.UNSPECIFIED.,.F.,
  .F.,(2,2),(-21.29282001341,-11.29282001341),.PIECEWISE_BEZIER_KNOTS.);
#7379 = CARTESIAN_POINT('',(10.,-50.));
#7380 = CARTESIAN_POINT('',(0.,-50.));
#7381 = ( GEOMETRIC_REPRESENTATION_CONTEXT(2) 
PARAMETRIC_REPRESENTATION_CONTEXT() REPRESENTATION_CONTEXT('2D SPACE',''
  ) );
#7382 = ORIENTED_EDGE('',*,*,#7383,.T.);
#7383 = EDGE_CURVE('',#7358,#7384,#7386,.T.);
#7384 = VERTEX_POINT('',#7385);
#7385 = CARTESIAN_POINT('',(5.,-35.,5.));
#7386 = SURFACE_CURVE('',#7387,(#7391,#7398),.PCURVE_S1.);
#7387 = LINE('',#7388,#7389);
#7388 = CARTESIAN_POINT('',(-42.,-35.,5.));
#7389 = VECTOR('',#7390,1.);
#7390 = DIRECTION('',(1.,-6.327190051781E-18,1.590644900266E-16));
#7391 = PCURVE('',#6785,#7392);
#7392 = DEFINITIONAL_REPRESENTATION('',(#7393),#7397);
#7393 = LINE('',#7394,#7395);
#7394 = CARTESIAN_POINT('',(-31.97068510654,-32.58564002683));
#7395 = VECTOR('',#7396,1.);
#7396 = DIRECTION('',(1.,0.));
#7397 = ( GEOMETRIC_REPRESENTATION_CONTEXT(2) 
PARAMETRIC_REPRESENTATION_CONTEXT() REPRESENTATION_CONTEXT('2D SPACE',''
  ) );
#7398 = PCURVE('',#7399,#7404);
#7399 = PLANE('',#7400);
#7400 = AXIS2_PLACEMENT_3D('',#7401,#7402,#7403);
#7401 = CARTESIAN_POINT('',(-42.,-35.,5.));
#7402 = DIRECTION('',(-1.590644900266E-16,3.981627848114E-18,1.));
#7403 = DIRECTION('',(1.,-6.327190051781E-18,1.590644900266E-16));
#7404 = DEFINITIONAL_REPRESENTATION('',(#7405),#7409);
#7405 = LINE('',#7406,#7407);
#7406 = CARTESIAN_POINT('',(0.,0.));
#7407 = VECTOR('',#7408,1.);
#7408 = DIRECTION('',(1.,0.));
#7409 = ( GEOMETRIC_REPRESENTATION_CONTEXT(2) 
PARAMETRIC_REPRESENTATION_CONTEXT() REPRESENTATION_CONTEXT('2D SPACE',''
  ) );
#7410 = ORIENTED_EDGE('',*,*,#7411,.T.);
#7411 = EDGE_CURVE('',#7384,#7412,#7414,.T.);
#7412 = VERTEX_POINT('',#7413);
#7413 = CARTESIAN_POINT('',(5.,-35.,3.10862446895E-14));
#7414 = SURFACE_CURVE('',#7415,(#7419,#7426),.PCURVE_S1.);
#7415 = LINE('',#7416,#7417);
#7416 = CARTESIAN_POINT('',(5.,-35.,5.01));
#7417 = VECTOR('',#7418,1.);
#7418 = DIRECTION('',(1.590644900266E-16,-3.981627848114E-18,-1.));
#7419 = PCURVE('',#6785,#7420);
#7420 = DEFINITIONAL_REPRESENTATION('',(#7421),#7425);
#7421 = LINE('',#7422,#7423);
#7422 = CARTESIAN_POINT('',(15.029314893454,-32.57564002683));
#7423 = VECTOR('',#7424,1.);
#7424 = DIRECTION('',(0.,-1.));
#7425 = ( GEOMETRIC_REPRESENTATION_CONTEXT(2) 
PARAMETRIC_REPRESENTATION_CONTEXT() REPRESENTATION_CONTEXT('2D SPACE',''
  ) );
#7426 = PCURVE('',#7427,#7432);
#7427 = PLANE('',#7428);
#7428 = AXIS2_PLACEMENT_3D('',#7429,#7430,#7431);
#7429 = CARTESIAN_POINT('',(5.,-35.,5.01));
#7430 = DIRECTION('',(1.,-6.327190051781E-18,1.590644900266E-16));
#7431 = DIRECTION('',(1.590644900266E-16,-3.981627848114E-18,-1.));
#7432 = DEFINITIONAL_REPRESENTATION('',(#7433),#7437);
#7433 = LINE('',#7434,#7435);
#7434 = CARTESIAN_POINT('',(0.,0.));
#7435 = VECTOR('',#7436,1.);
#7436 = DIRECTION('',(1.,0.));
#7437 = ( GEOMETRIC_REPRESENTATION_CONTEXT(2) 
PARAMETRIC_REPRESENTATION_CONTEXT() REPRESENTATION_CONTEXT('2D SPACE',''
  ) );
#7438 = ORIENTED_EDGE('',*,*,#7439,.T.);
#7439 = EDGE_CURVE('',#7412,#7440,#7442,.T.);
#7440 = VERTEX_POINT('',#7441);
#7441 = CARTESIAN_POINT('',(17.,-35.,3.28626015289E-14));
#7442 = SURFACE_CURVE('',#7443,(#7447,#7454),.PCURVE_S1.);
#7443 = LINE('',#7444,#7445);
#7444 = CARTESIAN_POINT('',(5.,-35.,3.10862446895E-14));
#7445 = VECTOR('',#7446,1.);
#7446 = DIRECTION('',(1.,-6.327190051781E-18,1.590644900266E-16));
#7447 = PCURVE('',#6785,#7448);
#7448 = DEFINITIONAL_REPRESENTATION('',(#7449),#7453);
#7449 = LINE('',#7450,#7451);
#7450 = CARTESIAN_POINT('',(15.029314893454,-37.58564002683));
#7451 = VECTOR('',#7452,1.);
#7452 = DIRECTION('',(1.,0.));
#7453 = ( GEOMETRIC_REPRESENTATION_CONTEXT(2) 
PARAMETRIC_REPRESENTATION_CONTEXT() REPRESENTATION_CONTEXT('2D SPACE',''
  ) );
#7454 = PCURVE('',#7455,#7460);
#7455 = PLANE('',#7456);
#7456 = AXIS2_PLACEMENT_3D('',#7457,#7458,#7459);
#7457 = CARTESIAN_POINT('',(5.,-35.,3.10862446895E-14));
#7458 = DIRECTION('',(-1.590644900266E-16,3.981627848114E-18,1.));
#7459 = DIRECTION('',(1.,-6.327190051781E-18,1.590644900266E-16));
#7460 = DEFINITIONAL_REPRESENTATION('',(#7461),#7465);
#7461 = LINE('',#7462,#7463);
#7462 = CARTESIAN_POINT('',(0.,0.));
#7463 = VECTOR('',#7464,1.);
#7464 = DIRECTION('',(1.,0.));
#7465 = ( GEOMETRIC_REPRESENTATION_CONTEXT(2) 
PARAMETRIC_REPRESENTATION_CONTEXT() REPRESENTATION_CONTEXT('2D SPACE',''
  ) );
#7466 = ORIENTED_EDGE('',*,*,#7467,.T.);
#7467 = EDGE_CURVE('',#7440,#7468,#7470,.T.);
#7468 = VERTEX_POINT('',#7469);
#7469 = CARTESIAN_POINT('',(17.,-35.,5.));
#7470 = SURFACE_CURVE('',#7471,(#7475,#7482),.PCURVE_S1.);
#7471 = LINE('',#7472,#7473);
#7472 = CARTESIAN_POINT('',(17.,-35.,3.28626015289E-14));
#7473 = VECTOR('',#7474,1.);
#7474 = DIRECTION('',(-1.590644900266E-16,3.981627848114E-18,1.));
#7475 = PCURVE('',#6785,#7476);
#7476 = DEFINITIONAL_REPRESENTATION('',(#7477),#7481);
#7477 = LINE('',#7478,#7479);
#7478 = CARTESIAN_POINT('',(27.029314893454,-37.58564002683));
#7479 = VECTOR('',#7480,1.);
#7480 = DIRECTION('',(0.,1.));
#7481 = ( GEOMETRIC_REPRESENTATION_CONTEXT(2) 
PARAMETRIC_REPRESENTATION_CONTEXT() REPRESENTATION_CONTEXT('2D SPACE',''
  ) );
#7482 = PCURVE('',#7483,#7488);
#7483 = PLANE('',#7484);
#7484 = AXIS2_PLACEMENT_3D('',#7485,#7486,#7487);
#7485 = CARTESIAN_POINT('',(17.,-35.,3.28626015289E-14));
#7486 = DIRECTION('',(-1.,6.327190051781E-18,-1.590644900266E-16));
#7487 = DIRECTION('',(-1.590644900266E-16,3.981627848114E-18,1.));
#7488 = DEFINITIONAL_REPRESENTATION('',(#7489),#7493);
#7489 = LINE('',#7490,#7491);
#7490 = CARTESIAN_POINT('',(0.,0.));
#7491 = VECTOR('',#7492,1.);
#7492 = DIRECTION('',(1.,0.));
#7493 = ( GEOMETRIC_REPRESENTATION_CONTEXT(2) 
PARAMETRIC_REPRESENTATION_CONTEXT() REPRESENTATION_CONTEXT('2D SPACE',''
  ) );
#7494 = ORIENTED_EDGE('',*,*,#7495,.T.);
#7495 = EDGE_CURVE('',#7468,#7496,#7498,.T.);
#7496 = VERTEX_POINT('',#7497);
#7497 = CARTESIAN_POINT('',(25.,-35.,5.));
#7498 = SURFACE_CURVE('',#7499,(#7503,#7510),.PCURVE_S1.);
#7499 = LINE('',#7500,#7501);
#7500 = CARTESIAN_POINT('',(-42.,-35.,5.));
#7501 = VECTOR('',#7502,1.);
#7502 = DIRECTION('',(1.,-6.327190051781E-18,1.590644900266E-16));
#7503 = PCURVE('',#6785,#7504);
#7504 = DEFINITIONAL_REPRESENTATION('',(#7505),#7509);
#7505 = LINE('',#7506,#7507);
#7506 = CARTESIAN_POINT('',(-31.97068510654,-32.58564002683));
#7507 = VECTOR('',#7508,1.);
#7508 = DIRECTION('',(1.,0.));
#7509 = ( GEOMETRIC_REPRESENTATION_CONTEXT(2) 
PARAMETRIC_REPRESENTATION_CONTEXT() REPRESENTATION_CONTEXT('2D SPACE',''
  ) );
#7510 = PCURVE('',#7511,#7516);
#7511 = PLANE('',#7512);
#7512 = AXIS2_PLACEMENT_3D('',#7513,#7514,#7515);
#7513 = CARTESIAN_POINT('',(-42.,-35.,5.));
#7514 = DIRECTION('',(-1.590644900266E-16,3.981627848114E-18,1.));
#7515 = DIRECTION('',(1.,-6.327190051781E-18,1.590644900266E-16));
#7516 = DEFINITIONAL_REPRESENTATION('',(#7517),#7521);
#7517 = LINE('',#7518,#7519);
#7518 = CARTESIAN_POINT('',(0.,0.));
#7519 = VECTOR('',#7520,1.);
#7520 = DIRECTION('',(1.,0.));
#7521 = ( GEOMETRIC_REPRESENTATION_CONTEXT(2) 
PARAMETRIC_REPRESENTATION_CONTEXT() REPRESENTATION_CONTEXT('2D SPACE',''
  ) );
#7522 = ORIENTED_EDGE('',*,*,#7523,.T.);
#7523 = EDGE_CURVE('',#7496,#6881,#7524,.T.);
#7524 = SURFACE_CURVE('',#7525,(#7529,#7536),.PCURVE_S1.);
#7525 = LINE('',#7526,#7527);
#7526 = CARTESIAN_POINT('',(25.,-35.,5.));
#7527 = VECTOR('',#7528,1.);
#7528 = DIRECTION('',(-5.912606903287E-02,4.348763960132E-18,
    0.998250523647));
#7529 = PCURVE('',#6785,#7530);
#7530 = DEFINITIONAL_REPRESENTATION('',(#7531),#7535);
#7531 = LINE('',#7532,#7533);
#7532 = CARTESIAN_POINT('',(35.029314893454,-32.58564002683));
#7533 = VECTOR('',#7534,1.);
#7534 = DIRECTION('',(-5.912606903287E-02,0.998250523647));
#7535 = ( GEOMETRIC_REPRESENTATION_CONTEXT(2) 
PARAMETRIC_REPRESENTATION_CONTEXT() REPRESENTATION_CONTEXT('2D SPACE',''
  ) );
#7536 = PCURVE('',#7537,#7542);
#7537 = PLANE('',#7538);
#7538 = AXIS2_PLACEMENT_3D('',#7539,#7540,#7541);
#7539 = CARTESIAN_POINT('',(25.,-35.,5.));
#7540 = DIRECTION('',(-0.998250523647,6.080702779391E-18,
    -5.912606903287E-02));
#7541 = DIRECTION('',(-5.912606903287E-02,4.348763960132E-18,
    0.998250523647));
#7542 = DEFINITIONAL_REPRESENTATION('',(#7543),#7547);
#7543 = LINE('',#7544,#7545);
#7544 = CARTESIAN_POINT('',(0.,0.));
#7545 = VECTOR('',#7546,1.);
#7546 = DIRECTION('',(1.,0.));
#7547 = ( GEOMETRIC_REPRESENTATION_CONTEXT(2) 
PARAMETRIC_REPRESENTATION_CONTEXT() REPRESENTATION_CONTEXT('2D SPACE',''
  ) );
#7548 = FACE_BOUND('',#7549,.F.);
#7549 = EDGE_LOOP('',(#7550));
#7550 = ORIENTED_EDGE('',*,*,#7551,.T.);
#7551 = EDGE_CURVE('',#7552,#7552,#7554,.T.);
#7552 = VERTEX_POINT('',#7553);
#7553 = CARTESIAN_POINT('',(-33.85,-35.,12.5));
#7554 = SURFACE_CURVE('',#7555,(#7560,#7571),.PCURVE_S1.);
#7555 = CIRCLE('',#7556,1.65);
#7556 = AXIS2_PLACEMENT_3D('',#7557,#7558,#7559);
#7557 = CARTESIAN_POINT('',(-35.5,-35.,12.5));
#7558 = DIRECTION('',(6.327190051781E-18,1.,-3.981627848114E-18));
#7559 = DIRECTION('',(1.,-6.327190051781E-18,1.590644900266E-16));
#7560 = PCURVE('',#6785,#7561);
#7561 = DEFINITIONAL_REPRESENTATION('',(#7562),#7570);
#7562 = ( BOUNDED_CURVE() B_SPLINE_CURVE(2,(#7563,#7564,#7565,#7566,
#7567,#7568,#7569),.UNSPECIFIED.,.T.,.F.) B_SPLINE_CURVE_WITH_KNOTS((1,2
    ,2,2,2,1),(-2.094395102393,0.,2.094395102393,4.188790204786,
6.28318530718,8.377580409573),.UNSPECIFIED.) CURVE() 
GEOMETRIC_REPRESENTATION_ITEM() RATIONAL_B_SPLINE_CURVE((1.,0.5,1.,0.5,
1.,0.5,1.)) REPRESENTATION_ITEM('') );
#7563 = CARTESIAN_POINT('',(-23.82068510654,-25.08564002683));
#7564 = CARTESIAN_POINT('',(-23.82068510654,-27.94352385932));
#7565 = CARTESIAN_POINT('',(-26.29568510654,-26.51458194307));
#7566 = CARTESIAN_POINT('',(-28.77068510654,-25.08564002683));
#7567 = CARTESIAN_POINT('',(-26.29568510654,-23.65669811058));
#7568 = CARTESIAN_POINT('',(-23.82068510654,-22.22775619434));
#7569 = CARTESIAN_POINT('',(-23.82068510654,-25.08564002683));
#7570 = ( GEOMETRIC_REPRESENTATION_CONTEXT(2) 
PARAMETRIC_REPRESENTATION_CONTEXT() REPRESENTATION_CONTEXT('2D SPACE',''
  ) );
#7571 = PCURVE('',#7572,#7577);
#7572 = CYLINDRICAL_SURFACE('',#7573,1.65);
#7573 = AXIS2_PLACEMENT_3D('',#7574,#7575,#7576);
#7574 = CARTESIAN_POINT('',(-35.5,15.,12.5));
#7575 = DIRECTION('',(6.327190051781E-18,1.,-3.981627848114E-18));
#7576 = DIRECTION('',(1.,-6.327190051781E-18,1.590644900266E-16));
#7577 = DEFINITIONAL_REPRESENTATION('',(#7578),#7582);
#7578 = LINE('',#7579,#7580);
#7579 = CARTESIAN_POINT('',(-6.28318530718,-50.));
#7580 = VECTOR('',#7581,1.);
#7581 = DIRECTION('',(1.,-0.));
#7582 = ( GEOMETRIC_REPRESENTATION_CONTEXT(2) 
PARAMETRIC_REPRESENTATION_CONTEXT() REPRESENTATION_CONTEXT('2D SPACE',''
  ) );
#7583 = FACE_BOUND('',#7584,.F.);
#7584 = EDGE_LOOP('',(#7585,#7613,#7639,#7665));
#7585 = ORIENTED_EDGE('',*,*,#7586,.T.);
#7586 = EDGE_CURVE('',#7587,#7589,#7591,.T.);
#7587 = VERTEX_POINT('',#7588);
#7588 = CARTESIAN_POINT('',(-32.9,-35.,26.1));
#7589 = VERTEX_POINT('',#7590);
#7590 = CARTESIAN_POINT('',(-32.9,-35.,16.9));
#7591 = SURFACE_CURVE('',#7592,(#7596,#7602),.PCURVE_S1.);
#7592 = LINE('',#7593,#7594);
#7593 = CARTESIAN_POINT('',(-32.9,-35.,27.242820013417));
#7594 = VECTOR('',#7595,1.);
#7595 = DIRECTION('',(1.590644900266E-16,-3.981627848114E-18,-1.));
#7596 = PCURVE('',#6785,#7597);
#7597 = DEFINITIONAL_REPRESENTATION('',(#7598),#7601);
#7598 = B_SPLINE_CURVE_WITH_KNOTS('',1,(#7599,#7600),.UNSPECIFIED.,.F.,
  .F.,(2,2),(1.142820013417,10.342820013417),.PIECEWISE_BEZIER_KNOTS.);
#7599 = CARTESIAN_POINT('',(-22.87068510654,-11.48564002683));
#7600 = CARTESIAN_POINT('',(-22.87068510654,-20.68564002683));
#7601 = ( GEOMETRIC_REPRESENTATION_CONTEXT(2) 
PARAMETRIC_REPRESENTATION_CONTEXT() REPRESENTATION_CONTEXT('2D SPACE',''
  ) );
#7602 = PCURVE('',#7603,#7608);
#7603 = PLANE('',#7604);
#7604 = AXIS2_PLACEMENT_3D('',#7605,#7606,#7607);
#7605 = CARTESIAN_POINT('',(-32.9,15.,16.9));
#7606 = DIRECTION('',(-1.,6.327190051781E-18,-1.590644900266E-16));
#7607 = DIRECTION('',(-1.590644900266E-16,3.981627848114E-18,1.));
#7608 = DEFINITIONAL_REPRESENTATION('',(#7609),#7612);
#7609 = B_SPLINE_CURVE_WITH_KNOTS('',1,(#7610,#7611),.UNSPECIFIED.,.F.,
  .F.,(2,2),(1.142820013417,10.342820013417),.PIECEWISE_BEZIER_KNOTS.);
#7610 = CARTESIAN_POINT('',(9.2,-50.));
#7611 = CARTESIAN_POINT('',(0.,-50.));
#7612 = ( GEOMETRIC_REPRESENTATION_CONTEXT(2) 
PARAMETRIC_REPRESENTATION_CONTEXT() REPRESENTATION_CONTEXT('2D SPACE',''
  ) );
#7613 = ORIENTED_EDGE('',*,*,#7614,.T.);
#7614 = EDGE_CURVE('',#7589,#7615,#7617,.T.);
#7615 = VERTEX_POINT('',#7616);
#7616 = CARTESIAN_POINT('',(-38.1,-35.,16.9));
#7617 = SURFACE_CURVE('',#7618,(#7622,#7628),.PCURVE_S1.);
#7618 = LINE('',#7619,#7620);
#7619 = CARTESIAN_POINT('',(-24.06465744672,-35.,16.9));
#7620 = VECTOR('',#7621,1.);
#7621 = DIRECTION('',(-1.,6.327190051781E-18,-1.590644900266E-16));
#7622 = PCURVE('',#6785,#7623);
#7623 = DEFINITIONAL_REPRESENTATION('',(#7624),#7627);
#7624 = B_SPLINE_CURVE_WITH_KNOTS('',1,(#7625,#7626),.UNSPECIFIED.,.F.,
  .F.,(2,2),(8.835342553273,14.035342553273),.PIECEWISE_BEZIER_KNOTS.);
#7625 = CARTESIAN_POINT('',(-22.87068510654,-20.68564002683));
#7626 = CARTESIAN_POINT('',(-28.07068510654,-20.68564002683));
#7627 = ( GEOMETRIC_REPRESENTATION_CONTEXT(2) 
PARAMETRIC_REPRESENTATION_CONTEXT() REPRESENTATION_CONTEXT('2D SPACE',''
  ) );
#7628 = PCURVE('',#7629,#7634);
#7629 = PLANE('',#7630);
#7630 = AXIS2_PLACEMENT_3D('',#7631,#7632,#7633);
#7631 = CARTESIAN_POINT('',(-38.1,15.,16.9));
#7632 = DIRECTION('',(-1.590644900266E-16,3.981627848114E-18,1.));
#7633 = DIRECTION('',(1.,-6.327190051781E-18,1.590644900266E-16));
#7634 = DEFINITIONAL_REPRESENTATION('',(#7635),#7638);
#7635 = B_SPLINE_CURVE_WITH_KNOTS('',1,(#7636,#7637),.UNSPECIFIED.,.F.,
  .F.,(2,2),(8.835342553273,14.035342553273),.PIECEWISE_BEZIER_KNOTS.);
#7636 = CARTESIAN_POINT('',(5.2,-50.));
#7637 = CARTESIAN_POINT('',(0.,-50.));
#7638 = ( GEOMETRIC_REPRESENTATION_CONTEXT(2) 
PARAMETRIC_REPRESENTATION_CONTEXT() REPRESENTATION_CONTEXT('2D SPACE',''
  ) );
#7639 = ORIENTED_EDGE('',*,*,#7640,.T.);
#7640 = EDGE_CURVE('',#7615,#7641,#7643,.T.);
#7641 = VERTEX_POINT('',#7642);
#7642 = CARTESIAN_POINT('',(-38.1,-35.,26.1));
#7643 = SURFACE_CURVE('',#7644,(#7648,#7654),.PCURVE_S1.);
#7644 = LINE('',#7645,#7646);
#7645 = CARTESIAN_POINT('',(-38.1,-35.,31.842820013417));
#7646 = VECTOR('',#7647,1.);
#7647 = DIRECTION('',(-1.590644900266E-16,3.981627848114E-18,1.));
#7648 = PCURVE('',#6785,#7649);
#7649 = DEFINITIONAL_REPRESENTATION('',(#7650),#7653);
#7650 = B_SPLINE_CURVE_WITH_KNOTS('',1,(#7651,#7652),.UNSPECIFIED.,.F.,
  .F.,(2,2),(-14.94282001341,-5.742820013417),.PIECEWISE_BEZIER_KNOTS.);
#7651 = CARTESIAN_POINT('',(-28.07068510654,-20.68564002683));
#7652 = CARTESIAN_POINT('',(-28.07068510654,-11.48564002683));
#7653 = ( GEOMETRIC_REPRESENTATION_CONTEXT(2) 
PARAMETRIC_REPRESENTATION_CONTEXT() REPRESENTATION_CONTEXT('2D SPACE',''
  ) );
#7654 = PCURVE('',#7655,#7660);
#7655 = PLANE('',#7656);
#7656 = AXIS2_PLACEMENT_3D('',#7657,#7658,#7659);
#7657 = CARTESIAN_POINT('',(-38.1,15.,26.1));
#7658 = DIRECTION('',(1.,-6.327190051781E-18,1.590644900266E-16));
#7659 = DIRECTION('',(1.590644900266E-16,-3.981627848114E-18,-1.));
#7660 = DEFINITIONAL_REPRESENTATION('',(#7661),#7664);
#7661 = B_SPLINE_CURVE_WITH_KNOTS('',1,(#7662,#7663),.UNSPECIFIED.,.F.,
  .F.,(2,2),(-14.94282001341,-5.742820013417),.PIECEWISE_BEZIER_KNOTS.);
#7662 = CARTESIAN_POINT('',(9.2,-50.));
#7663 = CARTESIAN_POINT('',(0.,-50.));
#7664 = ( GEOMETRIC_REPRESENTATION_CONTEXT(2) 
PARAMETRIC_REPRESENTATION_CONTEXT() REPRESENTATION_CONTEXT('2D SPACE',''
  ) );
#7665 = ORIENTED_EDGE('',*,*,#7666,.T.);
#7666 = EDGE_CURVE('',#7641,#7587,#7667,.T.);
#7667 = SURFACE_CURVE('',#7668,(#7672,#7678),.PCURVE_S1.);
#7668 = LINE('',#7669,#7670);
#7669 = CARTESIAN_POINT('',(-21.46465744672,-35.,26.1));
#7670 = VECTOR('',#7671,1.);
#7671 = DIRECTION('',(1.,-6.327190051781E-18,1.590644900266E-16));
#7672 = PCURVE('',#6785,#7673);
#7673 = DEFINITIONAL_REPRESENTATION('',(#7674),#7677);
#7674 = B_SPLINE_CURVE_WITH_KNOTS('',1,(#7675,#7676),.UNSPECIFIED.,.F.,
  .F.,(2,2),(-16.63534255327,-11.43534255327),.PIECEWISE_BEZIER_KNOTS.);
#7675 = CARTESIAN_POINT('',(-28.07068510654,-11.48564002683));
#7676 = CARTESIAN_POINT('',(-22.87068510654,-11.48564002683));
#7677 = ( GEOMETRIC_REPRESENTATION_CONTEXT(2) 
PARAMETRIC_REPRESENTATION_CONTEXT() REPRESENTATION_CONTEXT('2D SPACE',''
  ) );
#7678 = PCURVE('',#7679,#7684);
#7679 = PLANE('',#7680);
#7680 = AXIS2_PLACEMENT_3D('',#7681,#7682,#7683);
#7681 = CARTESIAN_POINT('',(-32.9,15.,26.1));
#7682 = DIRECTION('',(1.590644900266E-16,-3.981627848114E-18,-1.));
#7683 = DIRECTION('',(-1.,6.327190051781E-18,-1.590644900266E-16));
#7684 = DEFINITIONAL_REPRESENTATION('',(#7685),#7688);
#7685 = B_SPLINE_CURVE_WITH_KNOTS('',1,(#7686,#7687),.UNSPECIFIED.,.F.,
  .F.,(2,2),(-16.63534255327,-11.43534255327),.PIECEWISE_BEZIER_KNOTS.);
#7686 = CARTESIAN_POINT('',(5.2,-50.));
#7687 = CARTESIAN_POINT('',(0.,-50.));
#7688 = ( GEOMETRIC_REPRESENTATION_CONTEXT(2) 
PARAMETRIC_REPRESENTATION_CONTEXT() REPRESENTATION_CONTEXT('2D SPACE',''
  ) );
#7689 = FACE_BOUND('',#7690,.F.);
#7690 = EDGE_LOOP('',(#7691,#7719,#7752,#7778));
#7691 = ORIENTED_EDGE('',*,*,#7692,.T.);
#7692 = EDGE_CURVE('',#7693,#7695,#7697,.T.);
#7693 = VERTEX_POINT('',#7694);
#7694 = CARTESIAN_POINT('',(-20.,-35.,39.));
#7695 = VERTEX_POINT('',#7696);
#7696 = CARTESIAN_POINT('',(10.,-35.,39.));
#7697 = SURFACE_CURVE('',#7698,(#7702,#7708),.PCURVE_S1.);
#7698 = LINE('',#7699,#7700);
#7699 = CARTESIAN_POINT('',(-1.465744672705E-02,-35.,39.));
#7700 = VECTOR('',#7701,1.);
#7701 = DIRECTION('',(1.,-6.327190051781E-18,1.590644900266E-16));
#7702 = PCURVE('',#6785,#7703);
#7703 = DEFINITIONAL_REPRESENTATION('',(#7704),#7707);
#7704 = B_SPLINE_CURVE_WITH_KNOTS('',1,(#7705,#7706),.UNSPECIFIED.,.F.,
  .F.,(2,2),(-19.98534255327,10.014657446727),.PIECEWISE_BEZIER_KNOTS.);
#7705 = CARTESIAN_POINT('',(-9.970685106546,1.414359973167));
#7706 = CARTESIAN_POINT('',(20.029314893454,1.414359973167));
#7707 = ( GEOMETRIC_REPRESENTATION_CONTEXT(2) 
PARAMETRIC_REPRESENTATION_CONTEXT() REPRESENTATION_CONTEXT('2D SPACE',''
  ) );
#7708 = PCURVE('',#7709,#7714);
#7709 = PLANE('',#7710);
#7710 = AXIS2_PLACEMENT_3D('',#7711,#7712,#7713);
#7711 = CARTESIAN_POINT('',(10.,65.,39.));
#7712 = DIRECTION('',(1.590644900266E-16,-3.981627848114E-18,-1.));
#7713 = DIRECTION('',(-1.,6.327190051781E-18,-1.590644900266E-16));
#7714 = DEFINITIONAL_REPRESENTATION('',(#7715),#7718);
#7715 = B_SPLINE_CURVE_WITH_KNOTS('',1,(#7716,#7717),.UNSPECIFIED.,.F.,
  .F.,(2,2),(-19.98534255327,10.014657446727),.PIECEWISE_BEZIER_KNOTS.);
#7716 = CARTESIAN_POINT('',(30.,-100.));
#7717 = CARTESIAN_POINT('',(0.,-100.));
#7718 = ( GEOMETRIC_REPRESENTATION_CONTEXT(2) 
PARAMETRIC_REPRESENTATION_CONTEXT() REPRESENTATION_CONTEXT('2D SPACE',''
  ) );
#7719 = ORIENTED_EDGE('',*,*,#7720,.T.);
#7720 = EDGE_CURVE('',#7695,#7721,#7723,.T.);
#7721 = VERTEX_POINT('',#7722);
#7722 = CARTESIAN_POINT('',(10.,-35.,27.));
#7723 = SURFACE_CURVE('',#7724,(#7729,#7740),.PCURVE_S1.);
#7724 = CIRCLE('',#7725,6.);
#7725 = AXIS2_PLACEMENT_3D('',#7726,#7727,#7728);
#7726 = CARTESIAN_POINT('',(10.,-35.,33.));
#7727 = DIRECTION('',(6.327190051781E-18,1.,-3.981627848114E-18));
#7728 = DIRECTION('',(1.590644900266E-16,-3.981627848114E-18,-1.));
#7729 = PCURVE('',#6785,#7730);
#7730 = DEFINITIONAL_REPRESENTATION('',(#7731),#7739);
#7731 = ( BOUNDED_CURVE() B_SPLINE_CURVE(2,(#7732,#7733,#7734,#7735,
#7736,#7737,#7738),.UNSPECIFIED.,.T.,.F.) B_SPLINE_CURVE_WITH_KNOTS((1,2
    ,2,2,2,1),(-2.094395102393,0.,2.094395102393,4.188790204786,
6.28318530718,8.377580409573),.UNSPECIFIED.) CURVE() 
GEOMETRIC_REPRESENTATION_ITEM() RATIONAL_B_SPLINE_CURVE((1.,0.5,1.,0.5,
1.,0.5,1.)) REPRESENTATION_ITEM('') );
#7732 = CARTESIAN_POINT('',(20.029314893454,-10.58564002683));
#7733 = CARTESIAN_POINT('',(9.637010048041,-10.58564002683));
#7734 = CARTESIAN_POINT('',(14.833162470747,-1.585640026833));
#7735 = CARTESIAN_POINT('',(20.029314893454,7.414359973167));
#7736 = CARTESIAN_POINT('',(25.225467316161,-1.585640026833));
#7737 = CARTESIAN_POINT('',(30.421619738867,-10.58564002683));
#7738 = CARTESIAN_POINT('',(20.029314893454,-10.58564002683));
#7739 = ( GEOMETRIC_REPRESENTATION_CONTEXT(2) 
PARAMETRIC_REPRESENTATION_CONTEXT() REPRESENTATION_CONTEXT('2D SPACE',''
  ) );
#7740 = PCURVE('',#7741,#7746);
#7741 = CYLINDRICAL_SURFACE('',#7742,6.);
#7742 = AXIS2_PLACEMENT_3D('',#7743,#7744,#7745);
#7743 = CARTESIAN_POINT('',(10.,65.,33.));
#7744 = DIRECTION('',(6.327190051781E-18,1.,-3.981627848114E-18));
#7745 = DIRECTION('',(1.590644900266E-16,-3.981627848114E-18,-1.));
#7746 = DEFINITIONAL_REPRESENTATION('',(#7747),#7751);
#7747 = LINE('',#7748,#7749);
#7748 = CARTESIAN_POINT('',(-6.28318530718,-100.));
#7749 = VECTOR('',#7750,1.);
#7750 = DIRECTION('',(1.,-0.));
#7751 = ( GEOMETRIC_REPRESENTATION_CONTEXT(2) 
PARAMETRIC_REPRESENTATION_CONTEXT() REPRESENTATION_CONTEXT('2D SPACE',''
  ) );
#7752 = ORIENTED_EDGE('',*,*,#7753,.T.);
#7753 = EDGE_CURVE('',#7721,#7754,#7756,.T.);
#7754 = VERTEX_POINT('',#7755);
#7755 = CARTESIAN_POINT('',(-20.,-35.,27.));
#7756 = SURFACE_CURVE('',#7757,(#7761,#7767),.PCURVE_S1.);
#7757 = LINE('',#7758,#7759);
#7758 = CARTESIAN_POINT('',(-15.01465744672,-35.,27.));
#7759 = VECTOR('',#7760,1.);
#7760 = DIRECTION('',(-1.,6.327190051781E-18,-1.590644900266E-16));
#7761 = PCURVE('',#6785,#7762);
#7762 = DEFINITIONAL_REPRESENTATION('',(#7763),#7766);
#7763 = B_SPLINE_CURVE_WITH_KNOTS('',1,(#7764,#7765),.UNSPECIFIED.,.F.,
  .F.,(2,2),(-25.01465744672,4.985342553273),.PIECEWISE_BEZIER_KNOTS.);
#7764 = CARTESIAN_POINT('',(20.029314893454,-10.58564002683));
#7765 = CARTESIAN_POINT('',(-9.970685106546,-10.58564002683));
#7766 = ( GEOMETRIC_REPRESENTATION_CONTEXT(2) 
PARAMETRIC_REPRESENTATION_CONTEXT() REPRESENTATION_CONTEXT('2D SPACE',''
  ) );
#7767 = PCURVE('',#7768,#7773);
#7768 = PLANE('',#7769);
#7769 = AXIS2_PLACEMENT_3D('',#7770,#7771,#7772);
#7770 = CARTESIAN_POINT('',(-20.,65.,27.));
#7771 = DIRECTION('',(-1.590644900266E-16,3.981627848114E-18,1.));
#7772 = DIRECTION('',(1.,-6.327190051781E-18,1.590644900266E-16));
#7773 = DEFINITIONAL_REPRESENTATION('',(#7774),#7777);
#7774 = B_SPLINE_CURVE_WITH_KNOTS('',1,(#7775,#7776),.UNSPECIFIED.,.F.,
  .F.,(2,2),(-25.01465744672,4.985342553273),.PIECEWISE_BEZIER_KNOTS.);
#7775 = CARTESIAN_POINT('',(30.,-100.));
#7776 = CARTESIAN_POINT('',(0.,-100.));
#7777 = ( GEOMETRIC_REPRESENTATION_CONTEXT(2) 
PARAMETRIC_REPRESENTATION_CONTEXT() REPRESENTATION_CONTEXT('2D SPACE',''
  ) );
#7778 = ORIENTED_EDGE('',*,*,#7779,.T.);
#7779 = EDGE_CURVE('',#7754,#7693,#7780,.T.);
#7780 = SURFACE_CURVE('',#7781,(#7786,#7797),.PCURVE_S1.);
#7781 = CIRCLE('',#7782,6.);
#7782 = AXIS2_PLACEMENT_3D('',#7783,#7784,#7785);
#7783 = CARTESIAN_POINT('',(-20.,-35.,33.));
#7784 = DIRECTION('',(6.327190051781E-18,1.,-3.981627848114E-18));
#7785 = DIRECTION('',(-1.590644900266E-16,3.981627848114E-18,1.));
#7786 = PCURVE('',#6785,#7787);
#7787 = DEFINITIONAL_REPRESENTATION('',(#7788),#7796);
#7788 = ( BOUNDED_CURVE() B_SPLINE_CURVE(2,(#7789,#7790,#7791,#7792,
#7793,#7794,#7795),.UNSPECIFIED.,.T.,.F.) B_SPLINE_CURVE_WITH_KNOTS((1,2
    ,2,2,2,1),(-2.094395102393,0.,2.094395102393,4.188790204786,
6.28318530718,8.377580409573),.UNSPECIFIED.) CURVE() 
GEOMETRIC_REPRESENTATION_ITEM() RATIONAL_B_SPLINE_CURVE((1.,0.5,1.,0.5,
1.,0.5,1.)) REPRESENTATION_ITEM('') );
#7789 = CARTESIAN_POINT('',(-9.970685106546,1.414359973167));
#7790 = CARTESIAN_POINT('',(0.421619738867,1.414359973167));
#7791 = CARTESIAN_POINT('',(-4.774532683839,-7.585640026833));
#7792 = CARTESIAN_POINT('',(-9.970685106546,-16.58564002683));
#7793 = CARTESIAN_POINT('',(-15.16683752925,-7.585640026833));
#7794 = CARTESIAN_POINT('',(-20.36298995195,1.414359973167));
#7795 = CARTESIAN_POINT('',(-9.970685106546,1.414359973167));
#7796 = ( GEOMETRIC_REPRESENTATION_CONTEXT(2) 
PARAMETRIC_REPRESENTATION_CONTEXT() REPRESENTATION_CONTEXT('2D SPACE',''
  ) );
#7797 = PCURVE('',#7798,#7803);
#7798 = CYLINDRICAL_SURFACE('',#7799,6.);
#7799 = AXIS2_PLACEMENT_3D('',#7800,#7801,#7802);
#7800 = CARTESIAN_POINT('',(-20.,65.,33.));
#7801 = DIRECTION('',(6.327190051781E-18,1.,-3.981627848114E-18));
#7802 = DIRECTION('',(-1.590644900266E-16,3.981627848114E-18,1.));
#7803 = DEFINITIONAL_REPRESENTATION('',(#7804),#7808);
#7804 = LINE('',#7805,#7806);
#7805 = CARTESIAN_POINT('',(-6.28318530718,-100.));
#7806 = VECTOR('',#7807,1.);
#7807 = DIRECTION('',(1.,-0.));
#7808 = ( GEOMETRIC_REPRESENTATION_CONTEXT(2) 
PARAMETRIC_REPRESENTATION_CONTEXT() REPRESENTATION_CONTEXT('2D SPACE',''
  ) );
#7809 = FACE_BOUND('',#7810,.F.);
#7810 = EDGE_LOOP('',(#7811));
#7811 = ORIENTED_EDGE('',*,*,#7812,.T.);
#7812 = EDGE_CURVE('',#7813,#7813,#7815,.T.);
#7813 = VERTEX_POINT('',#7814);
#7814 = CARTESIAN_POINT('',(2.15,-35.,55.));
#7815 = SURFACE_CURVE('',#7816,(#7821,#7832),.PCURVE_S1.);
#7816 = CIRCLE('',#7817,2.15);
#7817 = AXIS2_PLACEMENT_3D('',#7818,#7819,#7820);
#7818 = CARTESIAN_POINT('',(-1.328229501953E-14,-35.,55.));
#7819 = DIRECTION('',(6.327190051781E-18,1.,-3.981627848114E-18));
#7820 = DIRECTION('',(1.,-6.327190051781E-18,1.590644900266E-16));
#7821 = PCURVE('',#6785,#7822);
#7822 = DEFINITIONAL_REPRESENTATION('',(#7823),#7831);
#7823 = ( BOUNDED_CURVE() B_SPLINE_CURVE(2,(#7824,#7825,#7826,#7827,
#7828,#7829,#7830),.UNSPECIFIED.,.T.,.F.) B_SPLINE_CURVE_WITH_KNOTS((1,2
    ,2,2,2,1),(-2.094395102393,0.,2.094395102393,4.188790204786,
6.28318530718,8.377580409573),.UNSPECIFIED.) CURVE() 
GEOMETRIC_REPRESENTATION_ITEM() RATIONAL_B_SPLINE_CURVE((1.,0.5,1.,0.5,
1.,0.5,1.)) REPRESENTATION_ITEM('') );
#7824 = CARTESIAN_POINT('',(12.179314893454,17.414359973167));
#7825 = CARTESIAN_POINT('',(12.179314893454,13.690450736894));
#7826 = CARTESIAN_POINT('',(8.954314893454,15.55240535503));
#7827 = CARTESIAN_POINT('',(5.729314893454,17.414359973167));
#7828 = CARTESIAN_POINT('',(8.954314893454,19.276314591303));
#7829 = CARTESIAN_POINT('',(12.179314893454,21.13826920944));
#7830 = CARTESIAN_POINT('',(12.179314893454,17.414359973167));
#7831 = ( GEOMETRIC_REPRESENTATION_CONTEXT(2) 
PARAMETRIC_REPRESENTATION_CONTEXT() REPRESENTATION_CONTEXT('2D SPACE',''
  ) );
#7832 = PCURVE('',#7833,#7838);
#7833 = CYLINDRICAL_SURFACE('',#7834,2.15);
#7834 = AXIS2_PLACEMENT_3D('',#7835,#7836,#7837);
#7835 = CARTESIAN_POINT('',(-1.296593551694E-14,15.,55.));
#7836 = DIRECTION('',(6.327190051781E-18,1.,-3.981627848114E-18));
#7837 = DIRECTION('',(1.,-6.327190051781E-18,1.590644900266E-16));
#7838 = DEFINITIONAL_REPRESENTATION('',(#7839),#7843);
#7839 = LINE('',#7840,#7841);
#7840 = CARTESIAN_POINT('',(-6.28318530718,-50.));
#7841 = VECTOR('',#7842,1.);
#7842 = DIRECTION('',(1.,-0.));
#7843 = ( GEOMETRIC_REPRESENTATION_CONTEXT(2) 
PARAMETRIC_REPRESENTATION_CONTEXT() REPRESENTATION_CONTEXT('2D SPACE',''
  ) );
#7844 = ADVANCED_FACE('',(#7845),#6866,.F.);
#7845 = FACE_BOUND('',#7846,.F.);
#7846 = EDGE_LOOP('',(#7847,#7848,#7849,#7872));
#7847 = ORIENTED_EDGE('',*,*,#6990,.F.);
#7848 = ORIENTED_EDGE('',*,*,#6853,.F.);
#7849 = ORIENTED_EDGE('',*,*,#7850,.T.);
#7850 = EDGE_CURVE('',#6826,#7851,#7853,.T.);
#7851 = VERTEX_POINT('',#7852);
#7852 = CARTESIAN_POINT('',(-35.,-40.,2.48689957516E-14));
#7853 = SURFACE_CURVE('',#7854,(#7858,#7865),.PCURVE_S1.);
#7854 = LINE('',#7855,#7856);
#7855 = CARTESIAN_POINT('',(-35.,-40.,5.01));
#7856 = VECTOR('',#7857,1.);
#7857 = DIRECTION('',(1.590644900266E-16,-3.981627848114E-18,-1.));
#7858 = PCURVE('',#6866,#7859);
#7859 = DEFINITIONAL_REPRESENTATION('',(#7860),#7864);
#7860 = LINE('',#7861,#7862);
#7861 = CARTESIAN_POINT('',(0.,-5.));
#7862 = VECTOR('',#7863,1.);
#7863 = DIRECTION('',(1.,0.));
#7864 = ( GEOMETRIC_REPRESENTATION_CONTEXT(2) 
PARAMETRIC_REPRESENTATION_CONTEXT() REPRESENTATION_CONTEXT('2D SPACE',''
  ) );
#7865 = PCURVE('',#6841,#7866);
#7866 = DEFINITIONAL_REPRESENTATION('',(#7867),#7871);
#7867 = LINE('',#7868,#7869);
#7868 = CARTESIAN_POINT('',(-24.97068510654,-32.57564002683));
#7869 = VECTOR('',#7870,1.);
#7870 = DIRECTION('',(0.,-1.));
#7871 = ( GEOMETRIC_REPRESENTATION_CONTEXT(2) 
PARAMETRIC_REPRESENTATION_CONTEXT() REPRESENTATION_CONTEXT('2D SPACE',''
  ) );
#7872 = ORIENTED_EDGE('',*,*,#7873,.F.);
#7873 = EDGE_CURVE('',#6991,#7851,#7874,.T.);
#7874 = SURFACE_CURVE('',#7875,(#7879,#7886),.PCURVE_S1.);
#7875 = LINE('',#7876,#7877);
#7876 = CARTESIAN_POINT('',(-35.,-35.,2.48689957516E-14));
#7877 = VECTOR('',#7878,1.);
#7878 = DIRECTION('',(-6.327190051781E-18,-1.,3.981627848114E-18));
#7879 = PCURVE('',#6866,#7880);
#7880 = DEFINITIONAL_REPRESENTATION('',(#7881),#7885);
#7881 = LINE('',#7882,#7883);
#7882 = CARTESIAN_POINT('',(5.01,0.));
#7883 = VECTOR('',#7884,1.);
#7884 = DIRECTION('',(0.,-1.));
#7885 = ( GEOMETRIC_REPRESENTATION_CONTEXT(2) 
PARAMETRIC_REPRESENTATION_CONTEXT() REPRESENTATION_CONTEXT('2D SPACE',''
  ) );
#7886 = PCURVE('',#7029,#7887);
#7887 = DEFINITIONAL_REPRESENTATION('',(#7888),#7892);
#7888 = LINE('',#7889,#7890);
#7889 = CARTESIAN_POINT('',(0.,0.));
#7890 = VECTOR('',#7891,1.);
#7891 = DIRECTION('',(0.,-1.));
#7892 = ( GEOMETRIC_REPRESENTATION_CONTEXT(2) 
PARAMETRIC_REPRESENTATION_CONTEXT() REPRESENTATION_CONTEXT('2D SPACE',''
  ) );
#7893 = ADVANCED_FACE('',(#7894,#8428,#8458,#8544,#8644),#6841,.T.);
#7894 = FACE_BOUND('',#7895,.T.);
#7895 = EDGE_LOOP('',(#7896,#7922,#7945,#7969,#7990,#7991,#7992,#8015,
    #8038,#8061,#8082,#8103,#8124,#8145,#8166,#8187,#8208,#8229,#8250,
    #8271,#8292,#8315,#8338,#8361,#8384,#8407));
#7896 = ORIENTED_EDGE('',*,*,#7897,.T.);
#7897 = EDGE_CURVE('',#7898,#7900,#7902,.T.);
#7898 = VERTEX_POINT('',#7899);
#7899 = CARTESIAN_POINT('',(21.958966,-40.,56.343068));
#7900 = VERTEX_POINT('',#7901);
#7901 = CARTESIAN_POINT('',(-3.82026,-40.,76.665771));
#7902 = SURFACE_CURVE('',#7903,(#7908,#7915),.PCURVE_S1.);
#7903 = CIRCLE('',#7904,22.000002034728);
#7904 = AXIS2_PLACEMENT_3D('',#7905,#7906,#7907);
#7905 = CARTESIAN_POINT('',(-1.481017337204E-06,-40.,54.999998122575));
#7906 = DIRECTION('',(-6.327190051781E-18,-1.,3.981627848114E-18));
#7907 = DIRECTION('',(0.998134793186,-6.072315627811E-18,
    6.10486251458E-02));
#7908 = PCURVE('',#6841,#7909);
#7909 = DEFINITIONAL_REPRESENTATION('',(#7910),#7914);
#7910 = CIRCLE('',#7911,22.000002034728);
#7911 = AXIS2_PLACEMENT_2D('',#7912,#7913);
#7912 = CARTESIAN_POINT('',(10.029313412437,17.414358095742));
#7913 = DIRECTION('',(0.998134793186,6.10486251458E-02));
#7914 = ( GEOMETRIC_REPRESENTATION_CONTEXT(2) 
PARAMETRIC_REPRESENTATION_CONTEXT() REPRESENTATION_CONTEXT('2D SPACE',''
  ) );
#7915 = PCURVE('',#6899,#7916);
#7916 = DEFINITIONAL_REPRESENTATION('',(#7917),#7921);
#7917 = LINE('',#7918,#7919);
#7918 = CARTESIAN_POINT('',(-0.,-5.));
#7919 = VECTOR('',#7920,1.);
#7920 = DIRECTION('',(-1.,0.));
#7921 = ( GEOMETRIC_REPRESENTATION_CONTEXT(2) 
PARAMETRIC_REPRESENTATION_CONTEXT() REPRESENTATION_CONTEXT('2D SPACE',''
  ) );
#7922 = ORIENTED_EDGE('',*,*,#7923,.T.);
#7923 = EDGE_CURVE('',#7900,#7924,#7926,.T.);
#7924 = VERTEX_POINT('',#7925);
#7925 = CARTESIAN_POINT('',(-37.389185,-40.,70.878462));
#7926 = SURFACE_CURVE('',#7927,(#7931,#7938),.PCURVE_S1.);
#7927 = LINE('',#7928,#7929);
#7928 = CARTESIAN_POINT('',(-3.82026,-40.,76.665771));
#7929 = VECTOR('',#7930,1.);
#7930 = DIRECTION('',(-0.985462262139,5.55875048058E-18,-0.169894466946)
  );
#7931 = PCURVE('',#6841,#7932);
#7932 = DEFINITIONAL_REPRESENTATION('',(#7933),#7937);
#7933 = LINE('',#7934,#7935);
#7934 = CARTESIAN_POINT('',(6.209054893454,39.080130973167));
#7935 = VECTOR('',#7936,1.);
#7936 = DIRECTION('',(-0.985462262139,-0.169894466946));
#7937 = ( GEOMETRIC_REPRESENTATION_CONTEXT(2) 
PARAMETRIC_REPRESENTATION_CONTEXT() REPRESENTATION_CONTEXT('2D SPACE',''
  ) );
#7938 = PCURVE('',#6927,#7939);
#7939 = DEFINITIONAL_REPRESENTATION('',(#7940),#7944);
#7940 = LINE('',#7941,#7942);
#7941 = CARTESIAN_POINT('',(0.,-5.));
#7942 = VECTOR('',#7943,1.);
#7943 = DIRECTION('',(1.,0.));
#7944 = ( GEOMETRIC_REPRESENTATION_CONTEXT(2) 
PARAMETRIC_REPRESENTATION_CONTEXT() REPRESENTATION_CONTEXT('2D SPACE',''
  ) );
#7945 = ORIENTED_EDGE('',*,*,#7946,.T.);
#7946 = EDGE_CURVE('',#7924,#7947,#7949,.T.);
#7947 = VERTEX_POINT('',#7948);
#7948 = CARTESIAN_POINT('',(-43.995127,-40.,62.720804));
#7949 = SURFACE_CURVE('',#7950,(#7955,#7962),.PCURVE_S1.);
#7950 = CIRCLE('',#7951,8.000000097651);
#7951 = AXIS2_PLACEMENT_3D('',#7952,#7953,#7954);
#7952 = CARTESIAN_POINT('',(-36.00000027844,-40.,62.999999753355));
#7953 = DIRECTION('',(-6.327190051781E-18,-1.,3.981627848114E-18));
#7954 = DIRECTION('',(-0.173648088075,5.01984249271E-18,0.98480776881));
#7955 = PCURVE('',#6841,#7956);
#7956 = DEFINITIONAL_REPRESENTATION('',(#7957),#7961);
#7957 = CIRCLE('',#7958,8.000000097651);
#7958 = AXIS2_PLACEMENT_2D('',#7959,#7960);
#7959 = CARTESIAN_POINT('',(-25.97068538499,25.414359726522));
#7960 = DIRECTION('',(-0.173648088075,0.98480776881));
#7961 = ( GEOMETRIC_REPRESENTATION_CONTEXT(2) 
PARAMETRIC_REPRESENTATION_CONTEXT() REPRESENTATION_CONTEXT('2D SPACE',''
  ) );
#7962 = PCURVE('',#6956,#7963);
#7963 = DEFINITIONAL_REPRESENTATION('',(#7964),#7968);
#7964 = LINE('',#7965,#7966);
#7965 = CARTESIAN_POINT('',(-0.,-5.));
#7966 = VECTOR('',#7967,1.);
#7967 = DIRECTION('',(-1.,0.));
#7968 = ( GEOMETRIC_REPRESENTATION_CONTEXT(2) 
PARAMETRIC_REPRESENTATION_CONTEXT() REPRESENTATION_CONTEXT('2D SPACE',''
  ) );
#7969 = ORIENTED_EDGE('',*,*,#7970,.T.);
#7970 = EDGE_CURVE('',#7947,#6798,#7971,.T.);
#7971 = SURFACE_CURVE('',#7972,(#7976,#7983),.PCURVE_S1.);
#7972 = LINE('',#7973,#7974);
#7973 = CARTESIAN_POINT('',(-43.995127,-40.,62.720804));
#7974 = VECTOR('',#7975,1.);
#7975 = DIRECTION('',(3.454449854512E-02,-4.197821063681E-18,
    -0.999403160702));
#7976 = PCURVE('',#6841,#7977);
#7977 = DEFINITIONAL_REPRESENTATION('',(#7978),#7982);
#7978 = LINE('',#7979,#7980);
#7979 = CARTESIAN_POINT('',(-33.96581210654,25.135163973167));
#7980 = VECTOR('',#7981,1.);
#7981 = DIRECTION('',(3.454449854512E-02,-0.999403160702));
#7982 = ( GEOMETRIC_REPRESENTATION_CONTEXT(2) 
PARAMETRIC_REPRESENTATION_CONTEXT() REPRESENTATION_CONTEXT('2D SPACE',''
  ) );
#7983 = PCURVE('',#6813,#7984);
#7984 = DEFINITIONAL_REPRESENTATION('',(#7985),#7989);
#7985 = LINE('',#7986,#7987);
#7986 = CARTESIAN_POINT('',(0.,-5.));
#7987 = VECTOR('',#7988,1.);
#7988 = DIRECTION('',(1.,0.));
#7989 = ( GEOMETRIC_REPRESENTATION_CONTEXT(2) 
PARAMETRIC_REPRESENTATION_CONTEXT() REPRESENTATION_CONTEXT('2D SPACE',''
  ) );
#7990 = ORIENTED_EDGE('',*,*,#6825,.T.);
#7991 = ORIENTED_EDGE('',*,*,#7850,.T.);
#7992 = ORIENTED_EDGE('',*,*,#7993,.T.);
#7993 = EDGE_CURVE('',#7851,#7994,#7996,.T.);
#7994 = VERTEX_POINT('',#7995);
#7995 = CARTESIAN_POINT('',(-23.,-40.,2.6645352591E-14));
#7996 = SURFACE_CURVE('',#7997,(#8001,#8008),.PCURVE_S1.);
#7997 = LINE('',#7998,#7999);
#7998 = CARTESIAN_POINT('',(-35.,-40.,2.48689957516E-14));
#7999 = VECTOR('',#8000,1.);
#8000 = DIRECTION('',(1.,-6.327190051781E-18,1.590644900266E-16));
#8001 = PCURVE('',#6841,#8002);
#8002 = DEFINITIONAL_REPRESENTATION('',(#8003),#8007);
#8003 = LINE('',#8004,#8005);
#8004 = CARTESIAN_POINT('',(-24.97068510654,-37.58564002683));
#8005 = VECTOR('',#8006,1.);
#8006 = DIRECTION('',(1.,0.));
#8007 = ( GEOMETRIC_REPRESENTATION_CONTEXT(2) 
PARAMETRIC_REPRESENTATION_CONTEXT() REPRESENTATION_CONTEXT('2D SPACE',''
  ) );
#8008 = PCURVE('',#7029,#8009);
#8009 = DEFINITIONAL_REPRESENTATION('',(#8010),#8014);
#8010 = LINE('',#8011,#8012);
#8011 = CARTESIAN_POINT('',(0.,-5.));
#8012 = VECTOR('',#8013,1.);
#8013 = DIRECTION('',(1.,0.));
#8014 = ( GEOMETRIC_REPRESENTATION_CONTEXT(2) 
PARAMETRIC_REPRESENTATION_CONTEXT() REPRESENTATION_CONTEXT('2D SPACE',''
  ) );
#8015 = ORIENTED_EDGE('',*,*,#8016,.T.);
#8016 = EDGE_CURVE('',#7994,#8017,#8019,.T.);
#8017 = VERTEX_POINT('',#8018);
#8018 = CARTESIAN_POINT('',(-23.,-40.,5.));
#8019 = SURFACE_CURVE('',#8020,(#8024,#8031),.PCURVE_S1.);
#8020 = LINE('',#8021,#8022);
#8021 = CARTESIAN_POINT('',(-23.,-40.,2.6645352591E-14));
#8022 = VECTOR('',#8023,1.);
#8023 = DIRECTION('',(-1.590644900266E-16,3.981627848114E-18,1.));
#8024 = PCURVE('',#6841,#8025);
#8025 = DEFINITIONAL_REPRESENTATION('',(#8026),#8030);
#8026 = LINE('',#8027,#8028);
#8027 = CARTESIAN_POINT('',(-12.97068510654,-37.58564002683));
#8028 = VECTOR('',#8029,1.);
#8029 = DIRECTION('',(0.,1.));
#8030 = ( GEOMETRIC_REPRESENTATION_CONTEXT(2) 
PARAMETRIC_REPRESENTATION_CONTEXT() REPRESENTATION_CONTEXT('2D SPACE',''
  ) );
#8031 = PCURVE('',#7057,#8032);
#8032 = DEFINITIONAL_REPRESENTATION('',(#8033),#8037);
#8033 = LINE('',#8034,#8035);
#8034 = CARTESIAN_POINT('',(0.,-5.));
#8035 = VECTOR('',#8036,1.);
#8036 = DIRECTION('',(1.,0.));
#8037 = ( GEOMETRIC_REPRESENTATION_CONTEXT(2) 
PARAMETRIC_REPRESENTATION_CONTEXT() REPRESENTATION_CONTEXT('2D SPACE',''
  ) );
#8038 = ORIENTED_EDGE('',*,*,#8039,.T.);
#8039 = EDGE_CURVE('',#8017,#8040,#8042,.T.);
#8040 = VERTEX_POINT('',#8041);
#8041 = CARTESIAN_POINT('',(-10.65,-40.,5.));
#8042 = SURFACE_CURVE('',#8043,(#8047,#8054),.PCURVE_S1.);
#8043 = LINE('',#8044,#8045);
#8044 = CARTESIAN_POINT('',(-42.,-40.,5.));
#8045 = VECTOR('',#8046,1.);
#8046 = DIRECTION('',(1.,-6.327190051781E-18,1.590644900266E-16));
#8047 = PCURVE('',#6841,#8048);
#8048 = DEFINITIONAL_REPRESENTATION('',(#8049),#8053);
#8049 = LINE('',#8050,#8051);
#8050 = CARTESIAN_POINT('',(-31.97068510654,-32.58564002683));
#8051 = VECTOR('',#8052,1.);
#8052 = DIRECTION('',(1.,0.));
#8053 = ( GEOMETRIC_REPRESENTATION_CONTEXT(2) 
PARAMETRIC_REPRESENTATION_CONTEXT() REPRESENTATION_CONTEXT('2D SPACE',''
  ) );
#8054 = PCURVE('',#7085,#8055);
#8055 = DEFINITIONAL_REPRESENTATION('',(#8056),#8060);
#8056 = LINE('',#8057,#8058);
#8057 = CARTESIAN_POINT('',(0.,-5.));
#8058 = VECTOR('',#8059,1.);
#8059 = DIRECTION('',(1.,0.));
#8060 = ( GEOMETRIC_REPRESENTATION_CONTEXT(2) 
PARAMETRIC_REPRESENTATION_CONTEXT() REPRESENTATION_CONTEXT('2D SPACE',''
  ) );
#8061 = ORIENTED_EDGE('',*,*,#8062,.F.);
#8062 = EDGE_CURVE('',#8063,#8040,#8065,.T.);
#8063 = VERTEX_POINT('',#8064);
#8064 = CARTESIAN_POINT('',(-10.65,-40.,9.5));
#8065 = SURFACE_CURVE('',#8066,(#8070,#8076),.PCURVE_S1.);
#8066 = LINE('',#8067,#8068);
#8067 = CARTESIAN_POINT('',(-10.65,-40.,21.292820013417));
#8068 = VECTOR('',#8069,1.);
#8069 = DIRECTION('',(1.590644900266E-16,-3.981627848114E-18,-1.));
#8070 = PCURVE('',#6841,#8071);
#8071 = DEFINITIONAL_REPRESENTATION('',(#8072),#8075);
#8072 = B_SPLINE_CURVE_WITH_KNOTS('',1,(#8073,#8074),.UNSPECIFIED.,.F.,
  .F.,(2,2),(6.292820013417,16.292820013417),.PIECEWISE_BEZIER_KNOTS.);
#8073 = CARTESIAN_POINT('',(-0.620685106546,-22.58564002683));
#8074 = CARTESIAN_POINT('',(-0.620685106546,-32.58564002683));
#8075 = ( GEOMETRIC_REPRESENTATION_CONTEXT(2) 
PARAMETRIC_REPRESENTATION_CONTEXT() REPRESENTATION_CONTEXT('2D SPACE',''
  ) );
#8076 = PCURVE('',#7112,#8077);
#8077 = DEFINITIONAL_REPRESENTATION('',(#8078),#8081);
#8078 = B_SPLINE_CURVE_WITH_KNOTS('',1,(#8079,#8080),.UNSPECIFIED.,.F.,
  .F.,(2,2),(6.292820013417,16.292820013417),.PIECEWISE_BEZIER_KNOTS.);
#8079 = CARTESIAN_POINT('',(10.,-55.));
#8080 = CARTESIAN_POINT('',(0.,-55.));
#8081 = ( GEOMETRIC_REPRESENTATION_CONTEXT(2) 
PARAMETRIC_REPRESENTATION_CONTEXT() REPRESENTATION_CONTEXT('2D SPACE',''
  ) );
#8082 = ORIENTED_EDGE('',*,*,#8083,.F.);
#8083 = EDGE_CURVE('',#8084,#8063,#8086,.T.);
#8084 = VERTEX_POINT('',#8085);
#8085 = CARTESIAN_POINT('',(-11.9,-40.,9.5));
#8086 = SURFACE_CURVE('',#8087,(#8091,#8097),.PCURVE_S1.);
#8087 = LINE('',#8088,#8089);
#8088 = CARTESIAN_POINT('',(-8.064657446727,-40.,9.5));
#8089 = VECTOR('',#8090,1.);
#8090 = DIRECTION('',(1.,-6.327190051781E-18,1.590644900266E-16));
#8091 = PCURVE('',#6841,#8092);
#8092 = DEFINITIONAL_REPRESENTATION('',(#8093),#8096);
#8093 = B_SPLINE_CURVE_WITH_KNOTS('',1,(#8094,#8095),.UNSPECIFIED.,.F.,
  .F.,(2,2),(-3.835342553273,1.964657446727),.PIECEWISE_BEZIER_KNOTS.);
#8094 = CARTESIAN_POINT('',(-1.870685106546,-28.08564002683));
#8095 = CARTESIAN_POINT('',(3.929314893454,-28.08564002683));
#8096 = ( GEOMETRIC_REPRESENTATION_CONTEXT(2) 
PARAMETRIC_REPRESENTATION_CONTEXT() REPRESENTATION_CONTEXT('2D SPACE',''
  ) );
#8097 = PCURVE('',#7138,#8098);
#8098 = DEFINITIONAL_REPRESENTATION('',(#8099),#8102);
#8099 = B_SPLINE_CURVE_WITH_KNOTS('',1,(#8100,#8101),.UNSPECIFIED.,.F.,
  .F.,(2,2),(-3.835342553273,1.964657446727),.PIECEWISE_BEZIER_KNOTS.);
#8100 = CARTESIAN_POINT('',(5.8,-55.));
#8101 = CARTESIAN_POINT('',(0.,-55.));
#8102 = ( GEOMETRIC_REPRESENTATION_CONTEXT(2) 
PARAMETRIC_REPRESENTATION_CONTEXT() REPRESENTATION_CONTEXT('2D SPACE',''
  ) );
#8103 = ORIENTED_EDGE('',*,*,#8104,.F.);
#8104 = EDGE_CURVE('',#8105,#8084,#8107,.T.);
#8105 = VERTEX_POINT('',#8106);
#8106 = CARTESIAN_POINT('',(-11.9,-40.,12.1));
#8107 = SURFACE_CURVE('',#8108,(#8112,#8118),.PCURVE_S1.);
#8108 = LINE('',#8109,#8110);
#8109 = CARTESIAN_POINT('',(-11.9,-40.,23.542820013417));
#8110 = VECTOR('',#8111,1.);
#8111 = DIRECTION('',(1.590644900266E-16,-3.981627848114E-18,-1.));
#8112 = PCURVE('',#6841,#8113);
#8113 = DEFINITIONAL_REPRESENTATION('',(#8114),#8117);
#8114 = B_SPLINE_CURVE_WITH_KNOTS('',1,(#8115,#8116),.UNSPECIFIED.,.F.,
  .F.,(2,2),(11.442820013417,14.042820013417),.PIECEWISE_BEZIER_KNOTS.);
#8115 = CARTESIAN_POINT('',(-1.870685106546,-25.48564002683));
#8116 = CARTESIAN_POINT('',(-1.870685106546,-28.08564002683));
#8117 = ( GEOMETRIC_REPRESENTATION_CONTEXT(2) 
PARAMETRIC_REPRESENTATION_CONTEXT() REPRESENTATION_CONTEXT('2D SPACE',''
  ) );
#8118 = PCURVE('',#7164,#8119);
#8119 = DEFINITIONAL_REPRESENTATION('',(#8120),#8123);
#8120 = B_SPLINE_CURVE_WITH_KNOTS('',1,(#8121,#8122),.UNSPECIFIED.,.F.,
  .F.,(2,2),(11.442820013417,14.042820013417),.PIECEWISE_BEZIER_KNOTS.);
#8121 = CARTESIAN_POINT('',(2.6,-55.));
#8122 = CARTESIAN_POINT('',(0.,-55.));
#8123 = ( GEOMETRIC_REPRESENTATION_CONTEXT(2) 
PARAMETRIC_REPRESENTATION_CONTEXT() REPRESENTATION_CONTEXT('2D SPACE',''
  ) );
#8124 = ORIENTED_EDGE('',*,*,#8125,.F.);
#8125 = EDGE_CURVE('',#8126,#8105,#8128,.T.);
#8126 = VERTEX_POINT('',#8127);
#8127 = CARTESIAN_POINT('',(-10.65,-40.,12.1));
#8128 = SURFACE_CURVE('',#8129,(#8133,#8139),.PCURVE_S1.);
#8129 = LINE('',#8130,#8131);
#8130 = CARTESIAN_POINT('',(-10.96465744672,-40.,12.1));
#8131 = VECTOR('',#8132,1.);
#8132 = DIRECTION('',(-1.,6.327190051781E-18,-1.590644900266E-16));
#8133 = PCURVE('',#6841,#8134);
#8134 = DEFINITIONAL_REPRESENTATION('',(#8135),#8138);
#8135 = B_SPLINE_CURVE_WITH_KNOTS('',1,(#8136,#8137),.UNSPECIFIED.,.F.,
  .F.,(2,2),(-4.864657446727,0.935342553273),.PIECEWISE_BEZIER_KNOTS.);
#8136 = CARTESIAN_POINT('',(3.929314893454,-25.48564002683));
#8137 = CARTESIAN_POINT('',(-1.870685106546,-25.48564002683));
#8138 = ( GEOMETRIC_REPRESENTATION_CONTEXT(2) 
PARAMETRIC_REPRESENTATION_CONTEXT() REPRESENTATION_CONTEXT('2D SPACE',''
  ) );
#8139 = PCURVE('',#7190,#8140);
#8140 = DEFINITIONAL_REPRESENTATION('',(#8141),#8144);
#8141 = B_SPLINE_CURVE_WITH_KNOTS('',1,(#8142,#8143),.UNSPECIFIED.,.F.,
  .F.,(2,2),(-4.864657446727,0.935342553273),.PIECEWISE_BEZIER_KNOTS.);
#8142 = CARTESIAN_POINT('',(5.8,-55.));
#8143 = CARTESIAN_POINT('',(0.,-55.));
#8144 = ( GEOMETRIC_REPRESENTATION_CONTEXT(2) 
PARAMETRIC_REPRESENTATION_CONTEXT() REPRESENTATION_CONTEXT('2D SPACE',''
  ) );
#8145 = ORIENTED_EDGE('',*,*,#8146,.F.);
#8146 = EDGE_CURVE('',#8147,#8126,#8149,.T.);
#8147 = VERTEX_POINT('',#8148);
#8148 = CARTESIAN_POINT('',(-10.65,-40.,15.));
#8149 = SURFACE_CURVE('',#8150,(#8154,#8160),.PCURVE_S1.);
#8150 = LINE('',#8151,#8152);
#8151 = CARTESIAN_POINT('',(-10.65,-40.,21.292820013417));
#8152 = VECTOR('',#8153,1.);
#8153 = DIRECTION('',(1.590644900266E-16,-3.981627848114E-18,-1.));
#8154 = PCURVE('',#6841,#8155);
#8155 = DEFINITIONAL_REPRESENTATION('',(#8156),#8159);
#8156 = B_SPLINE_CURVE_WITH_KNOTS('',1,(#8157,#8158),.UNSPECIFIED.,.F.,
  .F.,(2,2),(6.292820013417,16.292820013417),.PIECEWISE_BEZIER_KNOTS.);
#8157 = CARTESIAN_POINT('',(-0.620685106546,-22.58564002683));
#8158 = CARTESIAN_POINT('',(-0.620685106546,-32.58564002683));
#8159 = ( GEOMETRIC_REPRESENTATION_CONTEXT(2) 
PARAMETRIC_REPRESENTATION_CONTEXT() REPRESENTATION_CONTEXT('2D SPACE',''
  ) );
#8160 = PCURVE('',#7216,#8161);
#8161 = DEFINITIONAL_REPRESENTATION('',(#8162),#8165);
#8162 = B_SPLINE_CURVE_WITH_KNOTS('',1,(#8163,#8164),.UNSPECIFIED.,.F.,
  .F.,(2,2),(6.292820013417,16.292820013417),.PIECEWISE_BEZIER_KNOTS.);
#8163 = CARTESIAN_POINT('',(10.,-55.));
#8164 = CARTESIAN_POINT('',(0.,-55.));
#8165 = ( GEOMETRIC_REPRESENTATION_CONTEXT(2) 
PARAMETRIC_REPRESENTATION_CONTEXT() REPRESENTATION_CONTEXT('2D SPACE',''
  ) );
#8166 = ORIENTED_EDGE('',*,*,#8167,.F.);
#8167 = EDGE_CURVE('',#8168,#8147,#8170,.T.);
#8168 = VERTEX_POINT('',#8169);
#8169 = CARTESIAN_POINT('',(-7.35,-40.,15.));
#8170 = SURFACE_CURVE('',#8171,(#8175,#8181),.PCURVE_S1.);
#8171 = LINE('',#8172,#8173);
#8172 = CARTESIAN_POINT('',(-10.33965744672,-40.,15.));
#8173 = VECTOR('',#8174,1.);
#8174 = DIRECTION('',(-1.,6.327190051781E-18,-1.590644900266E-16));
#8175 = PCURVE('',#6841,#8176);
#8176 = DEFINITIONAL_REPRESENTATION('',(#8177),#8180);
#8177 = B_SPLINE_CURVE_WITH_KNOTS('',1,(#8178,#8179),.UNSPECIFIED.,.F.,
  .F.,(2,2),(-2.989657446727,0.310342553273),.PIECEWISE_BEZIER_KNOTS.);
#8178 = CARTESIAN_POINT('',(2.679314893454,-22.58564002683));
#8179 = CARTESIAN_POINT('',(-0.620685106546,-22.58564002683));
#8180 = ( GEOMETRIC_REPRESENTATION_CONTEXT(2) 
PARAMETRIC_REPRESENTATION_CONTEXT() REPRESENTATION_CONTEXT('2D SPACE',''
  ) );
#8181 = PCURVE('',#7242,#8182);
#8182 = DEFINITIONAL_REPRESENTATION('',(#8183),#8186);
#8183 = B_SPLINE_CURVE_WITH_KNOTS('',1,(#8184,#8185),.UNSPECIFIED.,.F.,
  .F.,(2,2),(-2.989657446727,0.310342553273),.PIECEWISE_BEZIER_KNOTS.);
#8184 = CARTESIAN_POINT('',(3.3,-55.));
#8185 = CARTESIAN_POINT('',(0.,-55.));
#8186 = ( GEOMETRIC_REPRESENTATION_CONTEXT(2) 
PARAMETRIC_REPRESENTATION_CONTEXT() REPRESENTATION_CONTEXT('2D SPACE',''
  ) );
#8187 = ORIENTED_EDGE('',*,*,#8188,.F.);
#8188 = EDGE_CURVE('',#8189,#8168,#8191,.T.);
#8189 = VERTEX_POINT('',#8190);
#8190 = CARTESIAN_POINT('',(-7.35,-40.,12.1));
#8191 = SURFACE_CURVE('',#8192,(#8196,#8202),.PCURVE_S1.);
#8192 = LINE('',#8193,#8194);
#8193 = CARTESIAN_POINT('',(-7.35,-40.,26.292820013417));
#8194 = VECTOR('',#8195,1.);
#8195 = DIRECTION('',(-1.590644900266E-16,3.981627848114E-18,1.));
#8196 = PCURVE('',#6841,#8197);
#8197 = DEFINITIONAL_REPRESENTATION('',(#8198),#8201);
#8198 = B_SPLINE_CURVE_WITH_KNOTS('',1,(#8199,#8200),.UNSPECIFIED.,.F.,
  .F.,(2,2),(-21.29282001341,-11.29282001341),.PIECEWISE_BEZIER_KNOTS.);
#8199 = CARTESIAN_POINT('',(2.679314893454,-32.58564002683));
#8200 = CARTESIAN_POINT('',(2.679314893454,-22.58564002683));
#8201 = ( GEOMETRIC_REPRESENTATION_CONTEXT(2) 
PARAMETRIC_REPRESENTATION_CONTEXT() REPRESENTATION_CONTEXT('2D SPACE',''
  ) );
#8202 = PCURVE('',#7268,#8203);
#8203 = DEFINITIONAL_REPRESENTATION('',(#8204),#8207);
#8204 = B_SPLINE_CURVE_WITH_KNOTS('',1,(#8205,#8206),.UNSPECIFIED.,.F.,
  .F.,(2,2),(-21.29282001341,-11.29282001341),.PIECEWISE_BEZIER_KNOTS.);
#8205 = CARTESIAN_POINT('',(10.,-55.));
#8206 = CARTESIAN_POINT('',(0.,-55.));
#8207 = ( GEOMETRIC_REPRESENTATION_CONTEXT(2) 
PARAMETRIC_REPRESENTATION_CONTEXT() REPRESENTATION_CONTEXT('2D SPACE',''
  ) );
#8208 = ORIENTED_EDGE('',*,*,#8209,.F.);
#8209 = EDGE_CURVE('',#8210,#8189,#8212,.T.);
#8210 = VERTEX_POINT('',#8211);
#8211 = CARTESIAN_POINT('',(-6.1,-40.,12.1));
#8212 = SURFACE_CURVE('',#8213,(#8217,#8223),.PCURVE_S1.);
#8213 = LINE('',#8214,#8215);
#8214 = CARTESIAN_POINT('',(-10.96465744672,-40.,12.1));
#8215 = VECTOR('',#8216,1.);
#8216 = DIRECTION('',(-1.,6.327190051781E-18,-1.590644900266E-16));
#8217 = PCURVE('',#6841,#8218);
#8218 = DEFINITIONAL_REPRESENTATION('',(#8219),#8222);
#8219 = B_SPLINE_CURVE_WITH_KNOTS('',1,(#8220,#8221),.UNSPECIFIED.,.F.,
  .F.,(2,2),(-4.864657446727,0.935342553273),.PIECEWISE_BEZIER_KNOTS.);
#8220 = CARTESIAN_POINT('',(3.929314893454,-25.48564002683));
#8221 = CARTESIAN_POINT('',(-1.870685106546,-25.48564002683));
#8222 = ( GEOMETRIC_REPRESENTATION_CONTEXT(2) 
PARAMETRIC_REPRESENTATION_CONTEXT() REPRESENTATION_CONTEXT('2D SPACE',''
  ) );
#8223 = PCURVE('',#7294,#8224);
#8224 = DEFINITIONAL_REPRESENTATION('',(#8225),#8228);
#8225 = B_SPLINE_CURVE_WITH_KNOTS('',1,(#8226,#8227),.UNSPECIFIED.,.F.,
  .F.,(2,2),(-4.864657446727,0.935342553273),.PIECEWISE_BEZIER_KNOTS.);
#8226 = CARTESIAN_POINT('',(5.8,-55.));
#8227 = CARTESIAN_POINT('',(0.,-55.));
#8228 = ( GEOMETRIC_REPRESENTATION_CONTEXT(2) 
PARAMETRIC_REPRESENTATION_CONTEXT() REPRESENTATION_CONTEXT('2D SPACE',''
  ) );
#8229 = ORIENTED_EDGE('',*,*,#8230,.F.);
#8230 = EDGE_CURVE('',#8231,#8210,#8233,.T.);
#8231 = VERTEX_POINT('',#8232);
#8232 = CARTESIAN_POINT('',(-6.1,-40.,9.5));
#8233 = SURFACE_CURVE('',#8234,(#8238,#8244),.PCURVE_S1.);
#8234 = LINE('',#8235,#8236);
#8235 = CARTESIAN_POINT('',(-6.1,-40.,24.842820013417));
#8236 = VECTOR('',#8237,1.);
#8237 = DIRECTION('',(-1.590644900266E-16,3.981627848114E-18,1.));
#8238 = PCURVE('',#6841,#8239);
#8239 = DEFINITIONAL_REPRESENTATION('',(#8240),#8243);
#8240 = B_SPLINE_CURVE_WITH_KNOTS('',1,(#8241,#8242),.UNSPECIFIED.,.F.,
  .F.,(2,2),(-15.34282001341,-12.74282001341),.PIECEWISE_BEZIER_KNOTS.);
#8241 = CARTESIAN_POINT('',(3.929314893454,-28.08564002683));
#8242 = CARTESIAN_POINT('',(3.929314893454,-25.48564002683));
#8243 = ( GEOMETRIC_REPRESENTATION_CONTEXT(2) 
PARAMETRIC_REPRESENTATION_CONTEXT() REPRESENTATION_CONTEXT('2D SPACE',''
  ) );
#8244 = PCURVE('',#7320,#8245);
#8245 = DEFINITIONAL_REPRESENTATION('',(#8246),#8249);
#8246 = B_SPLINE_CURVE_WITH_KNOTS('',1,(#8247,#8248),.UNSPECIFIED.,.F.,
  .F.,(2,2),(-15.34282001341,-12.74282001341),.PIECEWISE_BEZIER_KNOTS.);
#8247 = CARTESIAN_POINT('',(2.6,-55.));
#8248 = CARTESIAN_POINT('',(0.,-55.));
#8249 = ( GEOMETRIC_REPRESENTATION_CONTEXT(2) 
PARAMETRIC_REPRESENTATION_CONTEXT() REPRESENTATION_CONTEXT('2D SPACE',''
  ) );
#8250 = ORIENTED_EDGE('',*,*,#8251,.F.);
#8251 = EDGE_CURVE('',#8252,#8231,#8254,.T.);
#8252 = VERTEX_POINT('',#8253);
#8253 = CARTESIAN_POINT('',(-7.35,-40.,9.5));
#8254 = SURFACE_CURVE('',#8255,(#8259,#8265),.PCURVE_S1.);
#8255 = LINE('',#8256,#8257);
#8256 = CARTESIAN_POINT('',(-8.064657446727,-40.,9.5));
#8257 = VECTOR('',#8258,1.);
#8258 = DIRECTION('',(1.,-6.327190051781E-18,1.590644900266E-16));
#8259 = PCURVE('',#6841,#8260);
#8260 = DEFINITIONAL_REPRESENTATION('',(#8261),#8264);
#8261 = B_SPLINE_CURVE_WITH_KNOTS('',1,(#8262,#8263),.UNSPECIFIED.,.F.,
  .F.,(2,2),(-3.835342553273,1.964657446727),.PIECEWISE_BEZIER_KNOTS.);
#8262 = CARTESIAN_POINT('',(-1.870685106546,-28.08564002683));
#8263 = CARTESIAN_POINT('',(3.929314893454,-28.08564002683));
#8264 = ( GEOMETRIC_REPRESENTATION_CONTEXT(2) 
PARAMETRIC_REPRESENTATION_CONTEXT() REPRESENTATION_CONTEXT('2D SPACE',''
  ) );
#8265 = PCURVE('',#7346,#8266);
#8266 = DEFINITIONAL_REPRESENTATION('',(#8267),#8270);
#8267 = B_SPLINE_CURVE_WITH_KNOTS('',1,(#8268,#8269),.UNSPECIFIED.,.F.,
  .F.,(2,2),(-3.835342553273,1.964657446727),.PIECEWISE_BEZIER_KNOTS.);
#8268 = CARTESIAN_POINT('',(5.8,-55.));
#8269 = CARTESIAN_POINT('',(0.,-55.));
#8270 = ( GEOMETRIC_REPRESENTATION_CONTEXT(2) 
PARAMETRIC_REPRESENTATION_CONTEXT() REPRESENTATION_CONTEXT('2D SPACE',''
  ) );
#8271 = ORIENTED_EDGE('',*,*,#8272,.F.);
#8272 = EDGE_CURVE('',#8273,#8252,#8275,.T.);
#8273 = VERTEX_POINT('',#8274);
#8274 = CARTESIAN_POINT('',(-7.35,-40.,5.));
#8275 = SURFACE_CURVE('',#8276,(#8280,#8286),.PCURVE_S1.);
#8276 = LINE('',#8277,#8278);
#8277 = CARTESIAN_POINT('',(-7.35,-40.,26.292820013417));
#8278 = VECTOR('',#8279,1.);
#8279 = DIRECTION('',(-1.590644900266E-16,3.981627848114E-18,1.));
#8280 = PCURVE('',#6841,#8281);
#8281 = DEFINITIONAL_REPRESENTATION('',(#8282),#8285);
#8282 = B_SPLINE_CURVE_WITH_KNOTS('',1,(#8283,#8284),.UNSPECIFIED.,.F.,
  .F.,(2,2),(-21.29282001341,-11.29282001341),.PIECEWISE_BEZIER_KNOTS.);
#8283 = CARTESIAN_POINT('',(2.679314893454,-32.58564002683));
#8284 = CARTESIAN_POINT('',(2.679314893454,-22.58564002683));
#8285 = ( GEOMETRIC_REPRESENTATION_CONTEXT(2) 
PARAMETRIC_REPRESENTATION_CONTEXT() REPRESENTATION_CONTEXT('2D SPACE',''
  ) );
#8286 = PCURVE('',#7372,#8287);
#8287 = DEFINITIONAL_REPRESENTATION('',(#8288),#8291);
#8288 = B_SPLINE_CURVE_WITH_KNOTS('',1,(#8289,#8290),.UNSPECIFIED.,.F.,
  .F.,(2,2),(-21.29282001341,-11.29282001341),.PIECEWISE_BEZIER_KNOTS.);
#8289 = CARTESIAN_POINT('',(10.,-55.));
#8290 = CARTESIAN_POINT('',(0.,-55.));
#8291 = ( GEOMETRIC_REPRESENTATION_CONTEXT(2) 
PARAMETRIC_REPRESENTATION_CONTEXT() REPRESENTATION_CONTEXT('2D SPACE',''
  ) );
#8292 = ORIENTED_EDGE('',*,*,#8293,.T.);
#8293 = EDGE_CURVE('',#8273,#8294,#8296,.T.);
#8294 = VERTEX_POINT('',#8295);
#8295 = CARTESIAN_POINT('',(5.,-40.,5.));
#8296 = SURFACE_CURVE('',#8297,(#8301,#8308),.PCURVE_S1.);
#8297 = LINE('',#8298,#8299);
#8298 = CARTESIAN_POINT('',(-42.,-40.,5.));
#8299 = VECTOR('',#8300,1.);
#8300 = DIRECTION('',(1.,-6.327190051781E-18,1.590644900266E-16));
#8301 = PCURVE('',#6841,#8302);
#8302 = DEFINITIONAL_REPRESENTATION('',(#8303),#8307);
#8303 = LINE('',#8304,#8305);
#8304 = CARTESIAN_POINT('',(-31.97068510654,-32.58564002683));
#8305 = VECTOR('',#8306,1.);
#8306 = DIRECTION('',(1.,0.));
#8307 = ( GEOMETRIC_REPRESENTATION_CONTEXT(2) 
PARAMETRIC_REPRESENTATION_CONTEXT() REPRESENTATION_CONTEXT('2D SPACE',''
  ) );
#8308 = PCURVE('',#7399,#8309);
#8309 = DEFINITIONAL_REPRESENTATION('',(#8310),#8314);
#8310 = LINE('',#8311,#8312);
#8311 = CARTESIAN_POINT('',(0.,-5.));
#8312 = VECTOR('',#8313,1.);
#8313 = DIRECTION('',(1.,0.));
#8314 = ( GEOMETRIC_REPRESENTATION_CONTEXT(2) 
PARAMETRIC_REPRESENTATION_CONTEXT() REPRESENTATION_CONTEXT('2D SPACE',''
  ) );
#8315 = ORIENTED_EDGE('',*,*,#8316,.T.);
#8316 = EDGE_CURVE('',#8294,#8317,#8319,.T.);
#8317 = VERTEX_POINT('',#8318);
#8318 = CARTESIAN_POINT('',(5.,-40.,3.10862446895E-14));
#8319 = SURFACE_CURVE('',#8320,(#8324,#8331),.PCURVE_S1.);
#8320 = LINE('',#8321,#8322);
#8321 = CARTESIAN_POINT('',(5.,-40.,5.01));
#8322 = VECTOR('',#8323,1.);
#8323 = DIRECTION('',(1.590644900266E-16,-3.981627848114E-18,-1.));
#8324 = PCURVE('',#6841,#8325);
#8325 = DEFINITIONAL_REPRESENTATION('',(#8326),#8330);
#8326 = LINE('',#8327,#8328);
#8327 = CARTESIAN_POINT('',(15.029314893454,-32.57564002683));
#8328 = VECTOR('',#8329,1.);
#8329 = DIRECTION('',(0.,-1.));
#8330 = ( GEOMETRIC_REPRESENTATION_CONTEXT(2) 
PARAMETRIC_REPRESENTATION_CONTEXT() REPRESENTATION_CONTEXT('2D SPACE',''
  ) );
#8331 = PCURVE('',#7427,#8332);
#8332 = DEFINITIONAL_REPRESENTATION('',(#8333),#8337);
#8333 = LINE('',#8334,#8335);
#8334 = CARTESIAN_POINT('',(0.,-5.));
#8335 = VECTOR('',#8336,1.);
#8336 = DIRECTION('',(1.,0.));
#8337 = ( GEOMETRIC_REPRESENTATION_CONTEXT(2) 
PARAMETRIC_REPRESENTATION_CONTEXT() REPRESENTATION_CONTEXT('2D SPACE',''
  ) );
#8338 = ORIENTED_EDGE('',*,*,#8339,.T.);
#8339 = EDGE_CURVE('',#8317,#8340,#8342,.T.);
#8340 = VERTEX_POINT('',#8341);
#8341 = CARTESIAN_POINT('',(17.,-40.,3.28626015289E-14));
#8342 = SURFACE_CURVE('',#8343,(#8347,#8354),.PCURVE_S1.);
#8343 = LINE('',#8344,#8345);
#8344 = CARTESIAN_POINT('',(5.,-40.,3.10862446895E-14));
#8345 = VECTOR('',#8346,1.);
#8346 = DIRECTION('',(1.,-6.327190051781E-18,1.590644900266E-16));
#8347 = PCURVE('',#6841,#8348);
#8348 = DEFINITIONAL_REPRESENTATION('',(#8349),#8353);
#8349 = LINE('',#8350,#8351);
#8350 = CARTESIAN_POINT('',(15.029314893454,-37.58564002683));
#8351 = VECTOR('',#8352,1.);
#8352 = DIRECTION('',(1.,0.));
#8353 = ( GEOMETRIC_REPRESENTATION_CONTEXT(2) 
PARAMETRIC_REPRESENTATION_CONTEXT() REPRESENTATION_CONTEXT('2D SPACE',''
  ) );
#8354 = PCURVE('',#7455,#8355);
#8355 = DEFINITIONAL_REPRESENTATION('',(#8356),#8360);
#8356 = LINE('',#8357,#8358);
#8357 = CARTESIAN_POINT('',(0.,-5.));
#8358 = VECTOR('',#8359,1.);
#8359 = DIRECTION('',(1.,0.));
#8360 = ( GEOMETRIC_REPRESENTATION_CONTEXT(2) 
PARAMETRIC_REPRESENTATION_CONTEXT() REPRESENTATION_CONTEXT('2D SPACE',''
  ) );
#8361 = ORIENTED_EDGE('',*,*,#8362,.T.);
#8362 = EDGE_CURVE('',#8340,#8363,#8365,.T.);
#8363 = VERTEX_POINT('',#8364);
#8364 = CARTESIAN_POINT('',(17.,-40.,5.));
#8365 = SURFACE_CURVE('',#8366,(#8370,#8377),.PCURVE_S1.);
#8366 = LINE('',#8367,#8368);
#8367 = CARTESIAN_POINT('',(17.,-40.,3.28626015289E-14));
#8368 = VECTOR('',#8369,1.);
#8369 = DIRECTION('',(-1.590644900266E-16,3.981627848114E-18,1.));
#8370 = PCURVE('',#6841,#8371);
#8371 = DEFINITIONAL_REPRESENTATION('',(#8372),#8376);
#8372 = LINE('',#8373,#8374);
#8373 = CARTESIAN_POINT('',(27.029314893454,-37.58564002683));
#8374 = VECTOR('',#8375,1.);
#8375 = DIRECTION('',(0.,1.));
#8376 = ( GEOMETRIC_REPRESENTATION_CONTEXT(2) 
PARAMETRIC_REPRESENTATION_CONTEXT() REPRESENTATION_CONTEXT('2D SPACE',''
  ) );
#8377 = PCURVE('',#7483,#8378);
#8378 = DEFINITIONAL_REPRESENTATION('',(#8379),#8383);
#8379 = LINE('',#8380,#8381);
#8380 = CARTESIAN_POINT('',(0.,-5.));
#8381 = VECTOR('',#8382,1.);
#8382 = DIRECTION('',(1.,0.));
#8383 = ( GEOMETRIC_REPRESENTATION_CONTEXT(2) 
PARAMETRIC_REPRESENTATION_CONTEXT() REPRESENTATION_CONTEXT('2D SPACE',''
  ) );
#8384 = ORIENTED_EDGE('',*,*,#8385,.T.);
#8385 = EDGE_CURVE('',#8363,#8386,#8388,.T.);
#8386 = VERTEX_POINT('',#8387);
#8387 = CARTESIAN_POINT('',(25.,-40.,5.));
#8388 = SURFACE_CURVE('',#8389,(#8393,#8400),.PCURVE_S1.);
#8389 = LINE('',#8390,#8391);
#8390 = CARTESIAN_POINT('',(-42.,-40.,5.));
#8391 = VECTOR('',#8392,1.);
#8392 = DIRECTION('',(1.,-6.327190051781E-18,1.590644900266E-16));
#8393 = PCURVE('',#6841,#8394);
#8394 = DEFINITIONAL_REPRESENTATION('',(#8395),#8399);
#8395 = LINE('',#8396,#8397);
#8396 = CARTESIAN_POINT('',(-31.97068510654,-32.58564002683));
#8397 = VECTOR('',#8398,1.);
#8398 = DIRECTION('',(1.,0.));
#8399 = ( GEOMETRIC_REPRESENTATION_CONTEXT(2) 
PARAMETRIC_REPRESENTATION_CONTEXT() REPRESENTATION_CONTEXT('2D SPACE',''
  ) );
#8400 = PCURVE('',#7511,#8401);
#8401 = DEFINITIONAL_REPRESENTATION('',(#8402),#8406);
#8402 = LINE('',#8403,#8404);
#8403 = CARTESIAN_POINT('',(0.,-5.));
#8404 = VECTOR('',#8405,1.);
#8405 = DIRECTION('',(1.,0.));
#8406 = ( GEOMETRIC_REPRESENTATION_CONTEXT(2) 
PARAMETRIC_REPRESENTATION_CONTEXT() REPRESENTATION_CONTEXT('2D SPACE',''
  ) );
#8407 = ORIENTED_EDGE('',*,*,#8408,.T.);
#8408 = EDGE_CURVE('',#8386,#7898,#8409,.T.);
#8409 = SURFACE_CURVE('',#8410,(#8414,#8421),.PCURVE_S1.);
#8410 = LINE('',#8411,#8412);
#8411 = CARTESIAN_POINT('',(25.,-40.,5.));
#8412 = VECTOR('',#8413,1.);
#8413 = DIRECTION('',(-5.912606903287E-02,4.348763960132E-18,
    0.998250523647));
#8414 = PCURVE('',#6841,#8415);
#8415 = DEFINITIONAL_REPRESENTATION('',(#8416),#8420);
#8416 = LINE('',#8417,#8418);
#8417 = CARTESIAN_POINT('',(35.029314893454,-32.58564002683));
#8418 = VECTOR('',#8419,1.);
#8419 = DIRECTION('',(-5.912606903287E-02,0.998250523647));
#8420 = ( GEOMETRIC_REPRESENTATION_CONTEXT(2) 
PARAMETRIC_REPRESENTATION_CONTEXT() REPRESENTATION_CONTEXT('2D SPACE',''
  ) );
#8421 = PCURVE('',#7537,#8422);
#8422 = DEFINITIONAL_REPRESENTATION('',(#8423),#8427);
#8423 = LINE('',#8424,#8425);
#8424 = CARTESIAN_POINT('',(0.,-5.));
#8425 = VECTOR('',#8426,1.);
#8426 = DIRECTION('',(1.,0.));
#8427 = ( GEOMETRIC_REPRESENTATION_CONTEXT(2) 
PARAMETRIC_REPRESENTATION_CONTEXT() REPRESENTATION_CONTEXT('2D SPACE',''
  ) );
#8428 = FACE_BOUND('',#8429,.T.);
#8429 = EDGE_LOOP('',(#8430));
#8430 = ORIENTED_EDGE('',*,*,#8431,.T.);
#8431 = EDGE_CURVE('',#8432,#8432,#8434,.T.);
#8432 = VERTEX_POINT('',#8433);
#8433 = CARTESIAN_POINT('',(-33.85,-40.,12.5));
#8434 = SURFACE_CURVE('',#8435,(#8440,#8451),.PCURVE_S1.);
#8435 = CIRCLE('',#8436,1.65);
#8436 = AXIS2_PLACEMENT_3D('',#8437,#8438,#8439);
#8437 = CARTESIAN_POINT('',(-35.5,-40.,12.5));
#8438 = DIRECTION('',(6.327190051781E-18,1.,-3.981627848114E-18));
#8439 = DIRECTION('',(1.,-6.327190051781E-18,1.590644900266E-16));
#8440 = PCURVE('',#6841,#8441);
#8441 = DEFINITIONAL_REPRESENTATION('',(#8442),#8450);
#8442 = ( BOUNDED_CURVE() B_SPLINE_CURVE(2,(#8443,#8444,#8445,#8446,
#8447,#8448,#8449),.UNSPECIFIED.,.T.,.F.) B_SPLINE_CURVE_WITH_KNOTS((1,2
    ,2,2,2,1),(-2.094395102393,0.,2.094395102393,4.188790204786,
6.28318530718,8.377580409573),.UNSPECIFIED.) CURVE() 
GEOMETRIC_REPRESENTATION_ITEM() RATIONAL_B_SPLINE_CURVE((1.,0.5,1.,0.5,
1.,0.5,1.)) REPRESENTATION_ITEM('') );
#8443 = CARTESIAN_POINT('',(-23.82068510654,-25.08564002683));
#8444 = CARTESIAN_POINT('',(-23.82068510654,-27.94352385932));
#8445 = CARTESIAN_POINT('',(-26.29568510654,-26.51458194307));
#8446 = CARTESIAN_POINT('',(-28.77068510654,-25.08564002683));
#8447 = CARTESIAN_POINT('',(-26.29568510654,-23.65669811058));
#8448 = CARTESIAN_POINT('',(-23.82068510654,-22.22775619434));
#8449 = CARTESIAN_POINT('',(-23.82068510654,-25.08564002683));
#8450 = ( GEOMETRIC_REPRESENTATION_CONTEXT(2) 
PARAMETRIC_REPRESENTATION_CONTEXT() REPRESENTATION_CONTEXT('2D SPACE',''
  ) );
#8451 = PCURVE('',#7572,#8452);
#8452 = DEFINITIONAL_REPRESENTATION('',(#8453),#8457);
#8453 = LINE('',#8454,#8455);
#8454 = CARTESIAN_POINT('',(-6.28318530718,-55.));
#8455 = VECTOR('',#8456,1.);
#8456 = DIRECTION('',(1.,-0.));
#8457 = ( GEOMETRIC_REPRESENTATION_CONTEXT(2) 
PARAMETRIC_REPRESENTATION_CONTEXT() REPRESENTATION_CONTEXT('2D SPACE',''
  ) );
#8458 = FACE_BOUND('',#8459,.T.);
#8459 = EDGE_LOOP('',(#8460,#8483,#8504,#8525));
#8460 = ORIENTED_EDGE('',*,*,#8461,.T.);
#8461 = EDGE_CURVE('',#8462,#8464,#8466,.T.);
#8462 = VERTEX_POINT('',#8463);
#8463 = CARTESIAN_POINT('',(-32.9,-40.,26.1));
#8464 = VERTEX_POINT('',#8465);
#8465 = CARTESIAN_POINT('',(-32.9,-40.,16.9));
#8466 = SURFACE_CURVE('',#8467,(#8471,#8477),.PCURVE_S1.);
#8467 = LINE('',#8468,#8469);
#8468 = CARTESIAN_POINT('',(-32.9,-40.,27.242820013417));
#8469 = VECTOR('',#8470,1.);
#8470 = DIRECTION('',(1.590644900266E-16,-3.981627848114E-18,-1.));
#8471 = PCURVE('',#6841,#8472);
#8472 = DEFINITIONAL_REPRESENTATION('',(#8473),#8476);
#8473 = B_SPLINE_CURVE_WITH_KNOTS('',1,(#8474,#8475),.UNSPECIFIED.,.F.,
  .F.,(2,2),(1.142820013417,10.342820013417),.PIECEWISE_BEZIER_KNOTS.);
#8474 = CARTESIAN_POINT('',(-22.87068510654,-11.48564002683));
#8475 = CARTESIAN_POINT('',(-22.87068510654,-20.68564002683));
#8476 = ( GEOMETRIC_REPRESENTATION_CONTEXT(2) 
PARAMETRIC_REPRESENTATION_CONTEXT() REPRESENTATION_CONTEXT('2D SPACE',''
  ) );
#8477 = PCURVE('',#7603,#8478);
#8478 = DEFINITIONAL_REPRESENTATION('',(#8479),#8482);
#8479 = B_SPLINE_CURVE_WITH_KNOTS('',1,(#8480,#8481),.UNSPECIFIED.,.F.,
  .F.,(2,2),(1.142820013417,10.342820013417),.PIECEWISE_BEZIER_KNOTS.);
#8480 = CARTESIAN_POINT('',(9.2,-55.));
#8481 = CARTESIAN_POINT('',(0.,-55.));
#8482 = ( GEOMETRIC_REPRESENTATION_CONTEXT(2) 
PARAMETRIC_REPRESENTATION_CONTEXT() REPRESENTATION_CONTEXT('2D SPACE',''
  ) );
#8483 = ORIENTED_EDGE('',*,*,#8484,.T.);
#8484 = EDGE_CURVE('',#8464,#8485,#8487,.T.);
#8485 = VERTEX_POINT('',#8486);
#8486 = CARTESIAN_POINT('',(-38.1,-40.,16.9));
#8487 = SURFACE_CURVE('',#8488,(#8492,#8498),.PCURVE_S1.);
#8488 = LINE('',#8489,#8490);
#8489 = CARTESIAN_POINT('',(-24.06465744672,-40.,16.9));
#8490 = VECTOR('',#8491,1.);
#8491 = DIRECTION('',(-1.,6.327190051781E-18,-1.590644900266E-16));
#8492 = PCURVE('',#6841,#8493);
#8493 = DEFINITIONAL_REPRESENTATION('',(#8494),#8497);
#8494 = B_SPLINE_CURVE_WITH_KNOTS('',1,(#8495,#8496),.UNSPECIFIED.,.F.,
  .F.,(2,2),(8.835342553273,14.035342553273),.PIECEWISE_BEZIER_KNOTS.);
#8495 = CARTESIAN_POINT('',(-22.87068510654,-20.68564002683));
#8496 = CARTESIAN_POINT('',(-28.07068510654,-20.68564002683));
#8497 = ( GEOMETRIC_REPRESENTATION_CONTEXT(2) 
PARAMETRIC_REPRESENTATION_CONTEXT() REPRESENTATION_CONTEXT('2D SPACE',''
  ) );
#8498 = PCURVE('',#7629,#8499);
#8499 = DEFINITIONAL_REPRESENTATION('',(#8500),#8503);
#8500 = B_SPLINE_CURVE_WITH_KNOTS('',1,(#8501,#8502),.UNSPECIFIED.,.F.,
  .F.,(2,2),(8.835342553273,14.035342553273),.PIECEWISE_BEZIER_KNOTS.);
#8501 = CARTESIAN_POINT('',(5.2,-55.));
#8502 = CARTESIAN_POINT('',(0.,-55.));
#8503 = ( GEOMETRIC_REPRESENTATION_CONTEXT(2) 
PARAMETRIC_REPRESENTATION_CONTEXT() REPRESENTATION_CONTEXT('2D SPACE',''
  ) );
#8504 = ORIENTED_EDGE('',*,*,#8505,.T.);
#8505 = EDGE_CURVE('',#8485,#8506,#8508,.T.);
#8506 = VERTEX_POINT('',#8507);
#8507 = CARTESIAN_POINT('',(-38.1,-40.,26.1));
#8508 = SURFACE_CURVE('',#8509,(#8513,#8519),.PCURVE_S1.);
#8509 = LINE('',#8510,#8511);
#8510 = CARTESIAN_POINT('',(-38.1,-40.,31.842820013417));
#8511 = VECTOR('',#8512,1.);
#8512 = DIRECTION('',(-1.590644900266E-16,3.981627848114E-18,1.));
#8513 = PCURVE('',#6841,#8514);
#8514 = DEFINITIONAL_REPRESENTATION('',(#8515),#8518);
#8515 = B_SPLINE_CURVE_WITH_KNOTS('',1,(#8516,#8517),.UNSPECIFIED.,.F.,
  .F.,(2,2),(-14.94282001341,-5.742820013417),.PIECEWISE_BEZIER_KNOTS.);
#8516 = CARTESIAN_POINT('',(-28.07068510654,-20.68564002683));
#8517 = CARTESIAN_POINT('',(-28.07068510654,-11.48564002683));
#8518 = ( GEOMETRIC_REPRESENTATION_CONTEXT(2) 
PARAMETRIC_REPRESENTATION_CONTEXT() REPRESENTATION_CONTEXT('2D SPACE',''
  ) );
#8519 = PCURVE('',#7655,#8520);
#8520 = DEFINITIONAL_REPRESENTATION('',(#8521),#8524);
#8521 = B_SPLINE_CURVE_WITH_KNOTS('',1,(#8522,#8523),.UNSPECIFIED.,.F.,
  .F.,(2,2),(-14.94282001341,-5.742820013417),.PIECEWISE_BEZIER_KNOTS.);
#8522 = CARTESIAN_POINT('',(9.2,-55.));
#8523 = CARTESIAN_POINT('',(0.,-55.));
#8524 = ( GEOMETRIC_REPRESENTATION_CONTEXT(2) 
PARAMETRIC_REPRESENTATION_CONTEXT() REPRESENTATION_CONTEXT('2D SPACE',''
  ) );
#8525 = ORIENTED_EDGE('',*,*,#8526,.T.);
#8526 = EDGE_CURVE('',#8506,#8462,#8527,.T.);
#8527 = SURFACE_CURVE('',#8528,(#8532,#8538),.PCURVE_S1.);
#8528 = LINE('',#8529,#8530);
#8529 = CARTESIAN_POINT('',(-21.46465744672,-40.,26.1));
#8530 = VECTOR('',#8531,1.);
#8531 = DIRECTION('',(1.,-6.327190051781E-18,1.590644900266E-16));
#8532 = PCURVE('',#6841,#8533);
#8533 = DEFINITIONAL_REPRESENTATION('',(#8534),#8537);
#8534 = B_SPLINE_CURVE_WITH_KNOTS('',1,(#8535,#8536),.UNSPECIFIED.,.F.,
  .F.,(2,2),(-16.63534255327,-11.43534255327),.PIECEWISE_BEZIER_KNOTS.);
#8535 = CARTESIAN_POINT('',(-28.07068510654,-11.48564002683));
#8536 = CARTESIAN_POINT('',(-22.87068510654,-11.48564002683));
#8537 = ( GEOMETRIC_REPRESENTATION_CONTEXT(2) 
PARAMETRIC_REPRESENTATION_CONTEXT() REPRESENTATION_CONTEXT('2D SPACE',''
  ) );
#8538 = PCURVE('',#7679,#8539);
#8539 = DEFINITIONAL_REPRESENTATION('',(#8540),#8543);
#8540 = B_SPLINE_CURVE_WITH_KNOTS('',1,(#8541,#8542),.UNSPECIFIED.,.F.,
  .F.,(2,2),(-16.63534255327,-11.43534255327),.PIECEWISE_BEZIER_KNOTS.);
#8541 = CARTESIAN_POINT('',(5.2,-55.));
#8542 = CARTESIAN_POINT('',(0.,-55.));
#8543 = ( GEOMETRIC_REPRESENTATION_CONTEXT(2) 
PARAMETRIC_REPRESENTATION_CONTEXT() REPRESENTATION_CONTEXT('2D SPACE',''
  ) );
#8544 = FACE_BOUND('',#8545,.T.);
#8545 = EDGE_LOOP('',(#8546,#8569,#8597,#8618));
#8546 = ORIENTED_EDGE('',*,*,#8547,.T.);
#8547 = EDGE_CURVE('',#8548,#8550,#8552,.T.);
#8548 = VERTEX_POINT('',#8549);
#8549 = CARTESIAN_POINT('',(-20.,-40.,39.));
#8550 = VERTEX_POINT('',#8551);
#8551 = CARTESIAN_POINT('',(10.,-40.,39.));
#8552 = SURFACE_CURVE('',#8553,(#8557,#8563),.PCURVE_S1.);
#8553 = LINE('',#8554,#8555);
#8554 = CARTESIAN_POINT('',(-1.465744672705E-02,-40.,39.));
#8555 = VECTOR('',#8556,1.);
#8556 = DIRECTION('',(1.,-6.327190051781E-18,1.590644900266E-16));
#8557 = PCURVE('',#6841,#8558);
#8558 = DEFINITIONAL_REPRESENTATION('',(#8559),#8562);
#8559 = B_SPLINE_CURVE_WITH_KNOTS('',1,(#8560,#8561),.UNSPECIFIED.,.F.,
  .F.,(2,2),(-19.98534255327,10.014657446727),.PIECEWISE_BEZIER_KNOTS.);
#8560 = CARTESIAN_POINT('',(-9.970685106546,1.414359973167));
#8561 = CARTESIAN_POINT('',(20.029314893454,1.414359973167));
#8562 = ( GEOMETRIC_REPRESENTATION_CONTEXT(2) 
PARAMETRIC_REPRESENTATION_CONTEXT() REPRESENTATION_CONTEXT('2D SPACE',''
  ) );
#8563 = PCURVE('',#7709,#8564);
#8564 = DEFINITIONAL_REPRESENTATION('',(#8565),#8568);
#8565 = B_SPLINE_CURVE_WITH_KNOTS('',1,(#8566,#8567),.UNSPECIFIED.,.F.,
  .F.,(2,2),(-19.98534255327,10.014657446727),.PIECEWISE_BEZIER_KNOTS.);
#8566 = CARTESIAN_POINT('',(30.,-105.));
#8567 = CARTESIAN_POINT('',(0.,-105.));
#8568 = ( GEOMETRIC_REPRESENTATION_CONTEXT(2) 
PARAMETRIC_REPRESENTATION_CONTEXT() REPRESENTATION_CONTEXT('2D SPACE',''
  ) );
#8569 = ORIENTED_EDGE('',*,*,#8570,.T.);
#8570 = EDGE_CURVE('',#8550,#8571,#8573,.T.);
#8571 = VERTEX_POINT('',#8572);
#8572 = CARTESIAN_POINT('',(10.,-40.,27.));
#8573 = SURFACE_CURVE('',#8574,(#8579,#8590),.PCURVE_S1.);
#8574 = CIRCLE('',#8575,6.);
#8575 = AXIS2_PLACEMENT_3D('',#8576,#8577,#8578);
#8576 = CARTESIAN_POINT('',(10.,-40.,33.));
#8577 = DIRECTION('',(6.327190051781E-18,1.,-3.981627848114E-18));
#8578 = DIRECTION('',(1.590644900266E-16,-3.981627848114E-18,-1.));
#8579 = PCURVE('',#6841,#8580);
#8580 = DEFINITIONAL_REPRESENTATION('',(#8581),#8589);
#8581 = ( BOUNDED_CURVE() B_SPLINE_CURVE(2,(#8582,#8583,#8584,#8585,
#8586,#8587,#8588),.UNSPECIFIED.,.T.,.F.) B_SPLINE_CURVE_WITH_KNOTS((1,2
    ,2,2,2,1),(-2.094395102393,0.,2.094395102393,4.188790204786,
6.28318530718,8.377580409573),.UNSPECIFIED.) CURVE() 
GEOMETRIC_REPRESENTATION_ITEM() RATIONAL_B_SPLINE_CURVE((1.,0.5,1.,0.5,
1.,0.5,1.)) REPRESENTATION_ITEM('') );
#8582 = CARTESIAN_POINT('',(20.029314893454,-10.58564002683));
#8583 = CARTESIAN_POINT('',(9.637010048041,-10.58564002683));
#8584 = CARTESIAN_POINT('',(14.833162470747,-1.585640026833));
#8585 = CARTESIAN_POINT('',(20.029314893454,7.414359973167));
#8586 = CARTESIAN_POINT('',(25.225467316161,-1.585640026833));
#8587 = CARTESIAN_POINT('',(30.421619738867,-10.58564002683));
#8588 = CARTESIAN_POINT('',(20.029314893454,-10.58564002683));
#8589 = ( GEOMETRIC_REPRESENTATION_CONTEXT(2) 
PARAMETRIC_REPRESENTATION_CONTEXT() REPRESENTATION_CONTEXT('2D SPACE',''
  ) );
#8590 = PCURVE('',#7741,#8591);
#8591 = DEFINITIONAL_REPRESENTATION('',(#8592),#8596);
#8592 = LINE('',#8593,#8594);
#8593 = CARTESIAN_POINT('',(-6.28318530718,-105.));
#8594 = VECTOR('',#8595,1.);
#8595 = DIRECTION('',(1.,-0.));
#8596 = ( GEOMETRIC_REPRESENTATION_CONTEXT(2) 
PARAMETRIC_REPRESENTATION_CONTEXT() REPRESENTATION_CONTEXT('2D SPACE',''
  ) );
#8597 = ORIENTED_EDGE('',*,*,#8598,.T.);
#8598 = EDGE_CURVE('',#8571,#8599,#8601,.T.);
#8599 = VERTEX_POINT('',#8600);
#8600 = CARTESIAN_POINT('',(-20.,-40.,27.));
#8601 = SURFACE_CURVE('',#8602,(#8606,#8612),.PCURVE_S1.);
#8602 = LINE('',#8603,#8604);
#8603 = CARTESIAN_POINT('',(-15.01465744672,-40.,27.));
#8604 = VECTOR('',#8605,1.);
#8605 = DIRECTION('',(-1.,6.327190051781E-18,-1.590644900266E-16));
#8606 = PCURVE('',#6841,#8607);
#8607 = DEFINITIONAL_REPRESENTATION('',(#8608),#8611);
#8608 = B_SPLINE_CURVE_WITH_KNOTS('',1,(#8609,#8610),.UNSPECIFIED.,.F.,
  .F.,(2,2),(-25.01465744672,4.985342553273),.PIECEWISE_BEZIER_KNOTS.);
#8609 = CARTESIAN_POINT('',(20.029314893454,-10.58564002683));
#8610 = CARTESIAN_POINT('',(-9.970685106546,-10.58564002683));
#8611 = ( GEOMETRIC_REPRESENTATION_CONTEXT(2) 
PARAMETRIC_REPRESENTATION_CONTEXT() REPRESENTATION_CONTEXT('2D SPACE',''
  ) );
#8612 = PCURVE('',#7768,#8613);
#8613 = DEFINITIONAL_REPRESENTATION('',(#8614),#8617);
#8614 = B_SPLINE_CURVE_WITH_KNOTS('',1,(#8615,#8616),.UNSPECIFIED.,.F.,
  .F.,(2,2),(-25.01465744672,4.985342553273),.PIECEWISE_BEZIER_KNOTS.);
#8615 = CARTESIAN_POINT('',(30.,-105.));
#8616 = CARTESIAN_POINT('',(0.,-105.));
#8617 = ( GEOMETRIC_REPRESENTATION_CONTEXT(2) 
PARAMETRIC_REPRESENTATION_CONTEXT() REPRESENTATION_CONTEXT('2D SPACE',''
  ) );
#8618 = ORIENTED_EDGE('',*,*,#8619,.T.);
#8619 = EDGE_CURVE('',#8599,#8548,#8620,.T.);
#8620 = SURFACE_CURVE('',#8621,(#8626,#8637),.PCURVE_S1.);
#8621 = CIRCLE('',#8622,6.);
#8622 = AXIS2_PLACEMENT_3D('',#8623,#8624,#8625);
#8623 = CARTESIAN_POINT('',(-20.,-40.,33.));
#8624 = DIRECTION('',(6.327190051781E-18,1.,-3.981627848114E-18));
#8625 = DIRECTION('',(-1.590644900266E-16,3.981627848114E-18,1.));
#8626 = PCURVE('',#6841,#8627);
#8627 = DEFINITIONAL_REPRESENTATION('',(#8628),#8636);
#8628 = ( BOUNDED_CURVE() B_SPLINE_CURVE(2,(#8629,#8630,#8631,#8632,
#8633,#8634,#8635),.UNSPECIFIED.,.T.,.F.) B_SPLINE_CURVE_WITH_KNOTS((1,2
    ,2,2,2,1),(-2.094395102393,0.,2.094395102393,4.188790204786,
6.28318530718,8.377580409573),.UNSPECIFIED.) CURVE() 
GEOMETRIC_REPRESENTATION_ITEM() RATIONAL_B_SPLINE_CURVE((1.,0.5,1.,0.5,
1.,0.5,1.)) REPRESENTATION_ITEM('') );
#8629 = CARTESIAN_POINT('',(-9.970685106546,1.414359973167));
#8630 = CARTESIAN_POINT('',(0.421619738867,1.414359973167));
#8631 = CARTESIAN_POINT('',(-4.774532683839,-7.585640026833));
#8632 = CARTESIAN_POINT('',(-9.970685106546,-16.58564002683));
#8633 = CARTESIAN_POINT('',(-15.16683752925,-7.585640026833));
#8634 = CARTESIAN_POINT('',(-20.36298995195,1.414359973167));
#8635 = CARTESIAN_POINT('',(-9.970685106546,1.414359973167));
#8636 = ( GEOMETRIC_REPRESENTATION_CONTEXT(2) 
PARAMETRIC_REPRESENTATION_CONTEXT() REPRESENTATION_CONTEXT('2D SPACE',''
  ) );
#8637 = PCURVE('',#7798,#8638);
#8638 = DEFINITIONAL_REPRESENTATION('',(#8639),#8643);
#8639 = LINE('',#8640,#8641);
#8640 = CARTESIAN_POINT('',(-6.28318530718,-105.));
#8641 = VECTOR('',#8642,1.);
#8642 = DIRECTION('',(1.,-0.));
#8643 = ( GEOMETRIC_REPRESENTATION_CONTEXT(2) 
PARAMETRIC_REPRESENTATION_CONTEXT() REPRESENTATION_CONTEXT('2D SPACE',''
  ) );
#8644 = FACE_BOUND('',#8645,.T.);
#8645 = EDGE_LOOP('',(#8646));
#8646 = ORIENTED_EDGE('',*,*,#8647,.T.);
#8647 = EDGE_CURVE('',#8648,#8648,#8650,.T.);
#8648 = VERTEX_POINT('',#8649);
#8649 = CARTESIAN_POINT('',(2.15,-40.,55.));
#8650 = SURFACE_CURVE('',#8651,(#8656,#8667),.PCURVE_S1.);
#8651 = CIRCLE('',#8652,2.15);
#8652 = AXIS2_PLACEMENT_3D('',#8653,#8654,#8655);
#8653 = CARTESIAN_POINT('',(-1.331393096979E-14,-40.,55.));
#8654 = DIRECTION('',(6.327190051781E-18,1.,-3.981627848114E-18));
#8655 = DIRECTION('',(1.,-6.327190051781E-18,1.590644900266E-16));
#8656 = PCURVE('',#6841,#8657);
#8657 = DEFINITIONAL_REPRESENTATION('',(#8658),#8666);
#8658 = ( BOUNDED_CURVE() B_SPLINE_CURVE(2,(#8659,#8660,#8661,#8662,
#8663,#8664,#8665),.UNSPECIFIED.,.T.,.F.) B_SPLINE_CURVE_WITH_KNOTS((1,2
    ,2,2,2,1),(-2.094395102393,0.,2.094395102393,4.188790204786,
6.28318530718,8.377580409573),.UNSPECIFIED.) CURVE() 
GEOMETRIC_REPRESENTATION_ITEM() RATIONAL_B_SPLINE_CURVE((1.,0.5,1.,0.5,
1.,0.5,1.)) REPRESENTATION_ITEM('') );
#8659 = CARTESIAN_POINT('',(12.179314893454,17.414359973167));
#8660 = CARTESIAN_POINT('',(12.179314893454,13.690450736894));
#8661 = CARTESIAN_POINT('',(8.954314893454,15.55240535503));
#8662 = CARTESIAN_POINT('',(5.729314893454,17.414359973167));
#8663 = CARTESIAN_POINT('',(8.954314893454,19.276314591303));
#8664 = CARTESIAN_POINT('',(12.179314893454,21.13826920944));
#8665 = CARTESIAN_POINT('',(12.179314893454,17.414359973167));
#8666 = ( GEOMETRIC_REPRESENTATION_CONTEXT(2) 
PARAMETRIC_REPRESENTATION_CONTEXT() REPRESENTATION_CONTEXT('2D SPACE',''
  ) );
#8667 = PCURVE('',#7833,#8668);
#8668 = DEFINITIONAL_REPRESENTATION('',(#8669),#8673);
#8669 = LINE('',#8670,#8671);
#8670 = CARTESIAN_POINT('',(-6.28318530718,-55.));
#8671 = VECTOR('',#8672,1.);
#8672 = DIRECTION('',(1.,-0.));
#8673 = ( GEOMETRIC_REPRESENTATION_CONTEXT(2) 
PARAMETRIC_REPRESENTATION_CONTEXT() REPRESENTATION_CONTEXT('2D SPACE',''
  ) );
#8674 = ADVANCED_FACE('',(#8675),#6813,.F.);
#8675 = FACE_BOUND('',#8676,.F.);
#8676 = EDGE_LOOP('',(#8677,#8698,#8699,#8700));
#8677 = ORIENTED_EDGE('',*,*,#8678,.T.);
#8678 = EDGE_CURVE('',#6940,#7947,#8679,.T.);
#8679 = SURFACE_CURVE('',#8680,(#8684,#8691),.PCURVE_S1.);
#8680 = LINE('',#8681,#8682);
#8681 = CARTESIAN_POINT('',(-43.995127,-35.,62.720804));
#8682 = VECTOR('',#8683,1.);
#8683 = DIRECTION('',(-6.327190051781E-18,-1.,3.981627848114E-18));
#8684 = PCURVE('',#6813,#8685);
#8685 = DEFINITIONAL_REPRESENTATION('',(#8686),#8690);
#8686 = LINE('',#8687,#8688);
#8687 = CARTESIAN_POINT('',(0.,0.));
#8688 = VECTOR('',#8689,1.);
#8689 = DIRECTION('',(0.,-1.));
#8690 = ( GEOMETRIC_REPRESENTATION_CONTEXT(2) 
PARAMETRIC_REPRESENTATION_CONTEXT() REPRESENTATION_CONTEXT('2D SPACE',''
  ) );
#8691 = PCURVE('',#6956,#8692);
#8692 = DEFINITIONAL_REPRESENTATION('',(#8693),#8697);
#8693 = LINE('',#8694,#8695);
#8694 = CARTESIAN_POINT('',(-1.431170049633,0.));
#8695 = VECTOR('',#8696,1.);
#8696 = DIRECTION('',(-0.,-1.));
#8697 = ( GEOMETRIC_REPRESENTATION_CONTEXT(2) 
PARAMETRIC_REPRESENTATION_CONTEXT() REPRESENTATION_CONTEXT('2D SPACE',''
  ) );
#8698 = ORIENTED_EDGE('',*,*,#7970,.T.);
#8699 = ORIENTED_EDGE('',*,*,#6797,.F.);
#8700 = ORIENTED_EDGE('',*,*,#6968,.F.);
#8701 = ADVANCED_FACE('',(#8702),#6899,.T.);
#8702 = FACE_BOUND('',#8703,.F.);
#8703 = EDGE_LOOP('',(#8704,#8725,#8726,#8747));
#8704 = ORIENTED_EDGE('',*,*,#8705,.T.);
#8705 = EDGE_CURVE('',#6881,#7898,#8706,.T.);
#8706 = SURFACE_CURVE('',#8707,(#8711,#8718),.PCURVE_S1.);
#8707 = LINE('',#8708,#8709);
#8708 = CARTESIAN_POINT('',(21.958966,-35.,56.343068));
#8709 = VECTOR('',#8710,1.);
#8710 = DIRECTION('',(-6.327190051781E-18,-1.,3.981627848114E-18));
#8711 = PCURVE('',#6899,#8712);
#8712 = DEFINITIONAL_REPRESENTATION('',(#8713),#8717);
#8713 = LINE('',#8714,#8715);
#8714 = CARTESIAN_POINT('',(-0.,0.));
#8715 = VECTOR('',#8716,1.);
#8716 = DIRECTION('',(-0.,-1.));
#8717 = ( GEOMETRIC_REPRESENTATION_CONTEXT(2) 
PARAMETRIC_REPRESENTATION_CONTEXT() REPRESENTATION_CONTEXT('2D SPACE',''
  ) );
#8718 = PCURVE('',#7537,#8719);
#8719 = DEFINITIONAL_REPRESENTATION('',(#8720),#8724);
#8720 = LINE('',#8721,#8722);
#8721 = CARTESIAN_POINT('',(51.433048902839,0.));
#8722 = VECTOR('',#8723,1.);
#8723 = DIRECTION('',(0.,-1.));
#8724 = ( GEOMETRIC_REPRESENTATION_CONTEXT(2) 
PARAMETRIC_REPRESENTATION_CONTEXT() REPRESENTATION_CONTEXT('2D SPACE',''
  ) );
#8725 = ORIENTED_EDGE('',*,*,#7897,.T.);
#8726 = ORIENTED_EDGE('',*,*,#8727,.F.);
#8727 = EDGE_CURVE('',#6883,#7900,#8728,.T.);
#8728 = SURFACE_CURVE('',#8729,(#8733,#8740),.PCURVE_S1.);
#8729 = LINE('',#8730,#8731);
#8730 = CARTESIAN_POINT('',(-3.82026,-35.,76.665771));
#8731 = VECTOR('',#8732,1.);
#8732 = DIRECTION('',(-6.327190051781E-18,-1.,3.981627848114E-18));
#8733 = PCURVE('',#6899,#8734);
#8734 = DEFINITIONAL_REPRESENTATION('',(#8735),#8739);
#8735 = LINE('',#8736,#8737);
#8736 = CARTESIAN_POINT('',(-1.684242561953,0.));
#8737 = VECTOR('',#8738,1.);
#8738 = DIRECTION('',(-0.,-1.));
#8739 = ( GEOMETRIC_REPRESENTATION_CONTEXT(2) 
PARAMETRIC_REPRESENTATION_CONTEXT() REPRESENTATION_CONTEXT('2D SPACE',''
  ) );
#8740 = PCURVE('',#6927,#8741);
#8741 = DEFINITIONAL_REPRESENTATION('',(#8742),#8746);
#8742 = LINE('',#8743,#8744);
#8743 = CARTESIAN_POINT('',(0.,0.));
#8744 = VECTOR('',#8745,1.);
#8745 = DIRECTION('',(0.,-1.));
#8746 = ( GEOMETRIC_REPRESENTATION_CONTEXT(2) 
PARAMETRIC_REPRESENTATION_CONTEXT() REPRESENTATION_CONTEXT('2D SPACE',''
  ) );
#8747 = ORIENTED_EDGE('',*,*,#6880,.F.);
#8748 = ADVANCED_FACE('',(#8749),#7537,.F.);
#8749 = FACE_BOUND('',#8750,.F.);
#8750 = EDGE_LOOP('',(#8751,#8772,#8773,#8774));
#8751 = ORIENTED_EDGE('',*,*,#8752,.T.);
#8752 = EDGE_CURVE('',#7496,#8386,#8753,.T.);
#8753 = SURFACE_CURVE('',#8754,(#8758,#8765),.PCURVE_S1.);
#8754 = LINE('',#8755,#8756);
#8755 = CARTESIAN_POINT('',(25.,-35.,5.));
#8756 = VECTOR('',#8757,1.);
#8757 = DIRECTION('',(-6.327190051781E-18,-1.,3.981627848114E-18));
#8758 = PCURVE('',#7537,#8759);
#8759 = DEFINITIONAL_REPRESENTATION('',(#8760),#8764);
#8760 = LINE('',#8761,#8762);
#8761 = CARTESIAN_POINT('',(0.,0.));
#8762 = VECTOR('',#8763,1.);
#8763 = DIRECTION('',(0.,-1.));
#8764 = ( GEOMETRIC_REPRESENTATION_CONTEXT(2) 
PARAMETRIC_REPRESENTATION_CONTEXT() REPRESENTATION_CONTEXT('2D SPACE',''
  ) );
#8765 = PCURVE('',#7511,#8766);
#8766 = DEFINITIONAL_REPRESENTATION('',(#8767),#8771);
#8767 = LINE('',#8768,#8769);
#8768 = CARTESIAN_POINT('',(67.,0.));
#8769 = VECTOR('',#8770,1.);
#8770 = DIRECTION('',(0.,-1.));
#8771 = ( GEOMETRIC_REPRESENTATION_CONTEXT(2) 
PARAMETRIC_REPRESENTATION_CONTEXT() REPRESENTATION_CONTEXT('2D SPACE',''
  ) );
#8772 = ORIENTED_EDGE('',*,*,#8408,.T.);
#8773 = ORIENTED_EDGE('',*,*,#8705,.F.);
#8774 = ORIENTED_EDGE('',*,*,#7523,.F.);
#8775 = ADVANCED_FACE('',(#8776),#6927,.F.);
#8776 = FACE_BOUND('',#8777,.F.);
#8777 = EDGE_LOOP('',(#8778,#8779,#8780,#8801));
#8778 = ORIENTED_EDGE('',*,*,#8727,.T.);
#8779 = ORIENTED_EDGE('',*,*,#7923,.T.);
#8780 = ORIENTED_EDGE('',*,*,#8781,.F.);
#8781 = EDGE_CURVE('',#6912,#7924,#8782,.T.);
#8782 = SURFACE_CURVE('',#8783,(#8787,#8794),.PCURVE_S1.);
#8783 = LINE('',#8784,#8785);
#8784 = CARTESIAN_POINT('',(-37.389185,-35.,70.878462));
#8785 = VECTOR('',#8786,1.);
#8786 = DIRECTION('',(-6.327190051781E-18,-1.,3.981627848114E-18));
#8787 = PCURVE('',#6927,#8788);
#8788 = DEFINITIONAL_REPRESENTATION('',(#8789),#8793);
#8789 = LINE('',#8790,#8791);
#8790 = CARTESIAN_POINT('',(34.064140545699,0.));
#8791 = VECTOR('',#8792,1.);
#8792 = DIRECTION('',(0.,-1.));
#8793 = ( GEOMETRIC_REPRESENTATION_CONTEXT(2) 
PARAMETRIC_REPRESENTATION_CONTEXT() REPRESENTATION_CONTEXT('2D SPACE',''
  ) );
#8794 = PCURVE('',#6956,#8795);
#8795 = DEFINITIONAL_REPRESENTATION('',(#8796),#8800);
#8796 = LINE('',#8797,#8798);
#8797 = CARTESIAN_POINT('',(-0.,0.));
#8798 = VECTOR('',#8799,1.);
#8799 = DIRECTION('',(-0.,-1.));
#8800 = ( GEOMETRIC_REPRESENTATION_CONTEXT(2) 
PARAMETRIC_REPRESENTATION_CONTEXT() REPRESENTATION_CONTEXT('2D SPACE',''
  ) );
#8801 = ORIENTED_EDGE('',*,*,#6911,.F.);
#8802 = ADVANCED_FACE('',(#8803),#7511,.F.);
#8803 = FACE_BOUND('',#8804,.F.);
#8804 = EDGE_LOOP('',(#8805,#8806,#8825,#8826));
#8805 = ORIENTED_EDGE('',*,*,#7495,.F.);
#8806 = ORIENTED_EDGE('',*,*,#8807,.T.);
#8807 = EDGE_CURVE('',#7468,#8363,#8808,.T.);
#8808 = SURFACE_CURVE('',#8809,(#8813,#8819),.PCURVE_S1.);
#8809 = LINE('',#8810,#8811);
#8810 = CARTESIAN_POINT('',(17.,-35.,5.));
#8811 = VECTOR('',#8812,1.);
#8812 = DIRECTION('',(-6.327190051781E-18,-1.,3.981627848114E-18));
#8813 = PCURVE('',#7511,#8814);
#8814 = DEFINITIONAL_REPRESENTATION('',(#8815),#8818);
#8815 = B_SPLINE_CURVE_WITH_KNOTS('',1,(#8816,#8817),.UNSPECIFIED.,.F.,
  .F.,(2,2),(0.,5.),.PIECEWISE_BEZIER_KNOTS.);
#8816 = CARTESIAN_POINT('',(59.,0.));
#8817 = CARTESIAN_POINT('',(59.,-5.));
#8818 = ( GEOMETRIC_REPRESENTATION_CONTEXT(2) 
PARAMETRIC_REPRESENTATION_CONTEXT() REPRESENTATION_CONTEXT('2D SPACE',''
  ) );
#8819 = PCURVE('',#7483,#8820);
#8820 = DEFINITIONAL_REPRESENTATION('',(#8821),#8824);
#8821 = B_SPLINE_CURVE_WITH_KNOTS('',1,(#8822,#8823),.UNSPECIFIED.,.F.,
  .F.,(2,2),(0.,5.),.PIECEWISE_BEZIER_KNOTS.);
#8822 = CARTESIAN_POINT('',(5.,0.));
#8823 = CARTESIAN_POINT('',(5.,-5.));
#8824 = ( GEOMETRIC_REPRESENTATION_CONTEXT(2) 
PARAMETRIC_REPRESENTATION_CONTEXT() REPRESENTATION_CONTEXT('2D SPACE',''
  ) );
#8825 = ORIENTED_EDGE('',*,*,#8385,.T.);
#8826 = ORIENTED_EDGE('',*,*,#8752,.F.);
#8827 = ADVANCED_FACE('',(#8828),#6956,.T.);
#8828 = FACE_BOUND('',#8829,.F.);
#8829 = EDGE_LOOP('',(#8830,#8831,#8832,#8833));
#8830 = ORIENTED_EDGE('',*,*,#8781,.T.);
#8831 = ORIENTED_EDGE('',*,*,#7946,.T.);
#8832 = ORIENTED_EDGE('',*,*,#8678,.F.);
#8833 = ORIENTED_EDGE('',*,*,#6939,.F.);
#8834 = ADVANCED_FACE('',(#8835),#7483,.F.);
#8835 = FACE_BOUND('',#8836,.F.);
#8836 = EDGE_LOOP('',(#8837,#8838,#8859,#8860));
#8837 = ORIENTED_EDGE('',*,*,#7467,.F.);
#8838 = ORIENTED_EDGE('',*,*,#8839,.T.);
#8839 = EDGE_CURVE('',#7440,#8340,#8840,.T.);
#8840 = SURFACE_CURVE('',#8841,(#8845,#8852),.PCURVE_S1.);
#8841 = LINE('',#8842,#8843);
#8842 = CARTESIAN_POINT('',(17.,-35.,3.28626015289E-14));
#8843 = VECTOR('',#8844,1.);
#8844 = DIRECTION('',(-6.327190051781E-18,-1.,3.981627848114E-18));
#8845 = PCURVE('',#7483,#8846);
#8846 = DEFINITIONAL_REPRESENTATION('',(#8847),#8851);
#8847 = LINE('',#8848,#8849);
#8848 = CARTESIAN_POINT('',(0.,0.));
#8849 = VECTOR('',#8850,1.);
#8850 = DIRECTION('',(0.,-1.));
#8851 = ( GEOMETRIC_REPRESENTATION_CONTEXT(2) 
PARAMETRIC_REPRESENTATION_CONTEXT() REPRESENTATION_CONTEXT('2D SPACE',''
  ) );
#8852 = PCURVE('',#7455,#8853);
#8853 = DEFINITIONAL_REPRESENTATION('',(#8854),#8858);
#8854 = LINE('',#8855,#8856);
#8855 = CARTESIAN_POINT('',(12.,0.));
#8856 = VECTOR('',#8857,1.);
#8857 = DIRECTION('',(0.,-1.));
#8858 = ( GEOMETRIC_REPRESENTATION_CONTEXT(2) 
PARAMETRIC_REPRESENTATION_CONTEXT() REPRESENTATION_CONTEXT('2D SPACE',''
  ) );
#8859 = ORIENTED_EDGE('',*,*,#8362,.T.);
#8860 = ORIENTED_EDGE('',*,*,#8807,.F.);
#8861 = ADVANCED_FACE('',(#8862),#7455,.F.);
#8862 = FACE_BOUND('',#8863,.F.);
#8863 = EDGE_LOOP('',(#8864,#8885,#8886,#8887));
#8864 = ORIENTED_EDGE('',*,*,#8865,.T.);
#8865 = EDGE_CURVE('',#7412,#8317,#8866,.T.);
#8866 = SURFACE_CURVE('',#8867,(#8871,#8878),.PCURVE_S1.);
#8867 = LINE('',#8868,#8869);
#8868 = CARTESIAN_POINT('',(5.,-35.,3.10862446895E-14));
#8869 = VECTOR('',#8870,1.);
#8870 = DIRECTION('',(-6.327190051781E-18,-1.,3.981627848114E-18));
#8871 = PCURVE('',#7455,#8872);
#8872 = DEFINITIONAL_REPRESENTATION('',(#8873),#8877);
#8873 = LINE('',#8874,#8875);
#8874 = CARTESIAN_POINT('',(0.,0.));
#8875 = VECTOR('',#8876,1.);
#8876 = DIRECTION('',(0.,-1.));
#8877 = ( GEOMETRIC_REPRESENTATION_CONTEXT(2) 
PARAMETRIC_REPRESENTATION_CONTEXT() REPRESENTATION_CONTEXT('2D SPACE',''
  ) );
#8878 = PCURVE('',#7427,#8879);
#8879 = DEFINITIONAL_REPRESENTATION('',(#8880),#8884);
#8880 = LINE('',#8881,#8882);
#8881 = CARTESIAN_POINT('',(5.01,0.));
#8882 = VECTOR('',#8883,1.);
#8883 = DIRECTION('',(0.,-1.));
#8884 = ( GEOMETRIC_REPRESENTATION_CONTEXT(2) 
PARAMETRIC_REPRESENTATION_CONTEXT() REPRESENTATION_CONTEXT('2D SPACE',''
  ) );
#8885 = ORIENTED_EDGE('',*,*,#8339,.T.);
#8886 = ORIENTED_EDGE('',*,*,#8839,.F.);
#8887 = ORIENTED_EDGE('',*,*,#7439,.F.);
#8888 = ADVANCED_FACE('',(#8889),#7427,.F.);
#8889 = FACE_BOUND('',#8890,.F.);
#8890 = EDGE_LOOP('',(#8891,#8892,#8911,#8912));
#8891 = ORIENTED_EDGE('',*,*,#7411,.F.);
#8892 = ORIENTED_EDGE('',*,*,#8893,.F.);
#8893 = EDGE_CURVE('',#8294,#7384,#8894,.T.);
#8894 = SURFACE_CURVE('',#8895,(#8899,#8905),.PCURVE_S1.);
#8895 = LINE('',#8896,#8897);
#8896 = CARTESIAN_POINT('',(5.,-35.,5.));
#8897 = VECTOR('',#8898,1.);
#8898 = DIRECTION('',(6.327190051781E-18,1.,-3.981627848114E-18));
#8899 = PCURVE('',#7427,#8900);
#8900 = DEFINITIONAL_REPRESENTATION('',(#8901),#8904);
#8901 = B_SPLINE_CURVE_WITH_KNOTS('',1,(#8902,#8903),.UNSPECIFIED.,.F.,
  .F.,(2,2),(-5.,0.),.PIECEWISE_BEZIER_KNOTS.);
#8902 = CARTESIAN_POINT('',(1.E-02,-5.));
#8903 = CARTESIAN_POINT('',(1.E-02,0.));
#8904 = ( GEOMETRIC_REPRESENTATION_CONTEXT(2) 
PARAMETRIC_REPRESENTATION_CONTEXT() REPRESENTATION_CONTEXT('2D SPACE',''
  ) );
#8905 = PCURVE('',#7399,#8906);
#8906 = DEFINITIONAL_REPRESENTATION('',(#8907),#8910);
#8907 = B_SPLINE_CURVE_WITH_KNOTS('',1,(#8908,#8909),.UNSPECIFIED.,.F.,
  .F.,(2,2),(-5.,0.),.PIECEWISE_BEZIER_KNOTS.);
#8908 = CARTESIAN_POINT('',(47.,-5.));
#8909 = CARTESIAN_POINT('',(47.,0.));
#8910 = ( GEOMETRIC_REPRESENTATION_CONTEXT(2) 
PARAMETRIC_REPRESENTATION_CONTEXT() REPRESENTATION_CONTEXT('2D SPACE',''
  ) );
#8911 = ORIENTED_EDGE('',*,*,#8316,.T.);
#8912 = ORIENTED_EDGE('',*,*,#8865,.F.);
#8913 = ADVANCED_FACE('',(#8914),#7399,.F.);
#8914 = FACE_BOUND('',#8915,.F.);
#8915 = EDGE_LOOP('',(#8916,#8917,#8938,#8939));
#8916 = ORIENTED_EDGE('',*,*,#7383,.F.);
#8917 = ORIENTED_EDGE('',*,*,#8918,.T.);
#8918 = EDGE_CURVE('',#7358,#8273,#8919,.T.);
#8919 = SURFACE_CURVE('',#8920,(#8924,#8931),.PCURVE_S1.);
#8920 = LINE('',#8921,#8922);
#8921 = CARTESIAN_POINT('',(-7.35,15.,5.));
#8922 = VECTOR('',#8923,1.);
#8923 = DIRECTION('',(-6.327190051781E-18,-1.,3.981627848114E-18));
#8924 = PCURVE('',#7399,#8925);
#8925 = DEFINITIONAL_REPRESENTATION('',(#8926),#8930);
#8926 = LINE('',#8927,#8928);
#8927 = CARTESIAN_POINT('',(34.65,50.));
#8928 = VECTOR('',#8929,1.);
#8929 = DIRECTION('',(0.,-1.));
#8930 = ( GEOMETRIC_REPRESENTATION_CONTEXT(2) 
PARAMETRIC_REPRESENTATION_CONTEXT() REPRESENTATION_CONTEXT('2D SPACE',''
  ) );
#8931 = PCURVE('',#7372,#8932);
#8932 = DEFINITIONAL_REPRESENTATION('',(#8933),#8937);
#8933 = LINE('',#8934,#8935);
#8934 = CARTESIAN_POINT('',(10.,0.));
#8935 = VECTOR('',#8936,1.);
#8936 = DIRECTION('',(0.,-1.));
#8937 = ( GEOMETRIC_REPRESENTATION_CONTEXT(2) 
PARAMETRIC_REPRESENTATION_CONTEXT() REPRESENTATION_CONTEXT('2D SPACE',''
  ) );
#8938 = ORIENTED_EDGE('',*,*,#8293,.T.);
#8939 = ORIENTED_EDGE('',*,*,#8893,.T.);
#8940 = ADVANCED_FACE('',(#8941),#7029,.F.);
#8941 = FACE_BOUND('',#8942,.F.);
#8942 = EDGE_LOOP('',(#8943,#8944,#8945,#8966));
#8943 = ORIENTED_EDGE('',*,*,#7873,.T.);
#8944 = ORIENTED_EDGE('',*,*,#7993,.T.);
#8945 = ORIENTED_EDGE('',*,*,#8946,.F.);
#8946 = EDGE_CURVE('',#7014,#7994,#8947,.T.);
#8947 = SURFACE_CURVE('',#8948,(#8952,#8959),.PCURVE_S1.);
#8948 = LINE('',#8949,#8950);
#8949 = CARTESIAN_POINT('',(-23.,-35.,2.6645352591E-14));
#8950 = VECTOR('',#8951,1.);
#8951 = DIRECTION('',(-6.327190051781E-18,-1.,3.981627848114E-18));
#8952 = PCURVE('',#7029,#8953);
#8953 = DEFINITIONAL_REPRESENTATION('',(#8954),#8958);
#8954 = LINE('',#8955,#8956);
#8955 = CARTESIAN_POINT('',(12.,0.));
#8956 = VECTOR('',#8957,1.);
#8957 = DIRECTION('',(0.,-1.));
#8958 = ( GEOMETRIC_REPRESENTATION_CONTEXT(2) 
PARAMETRIC_REPRESENTATION_CONTEXT() REPRESENTATION_CONTEXT('2D SPACE',''
  ) );
#8959 = PCURVE('',#7057,#8960);
#8960 = DEFINITIONAL_REPRESENTATION('',(#8961),#8965);
#8961 = LINE('',#8962,#8963);
#8962 = CARTESIAN_POINT('',(0.,0.));
#8963 = VECTOR('',#8964,1.);
#8964 = DIRECTION('',(0.,-1.));
#8965 = ( GEOMETRIC_REPRESENTATION_CONTEXT(2) 
PARAMETRIC_REPRESENTATION_CONTEXT() REPRESENTATION_CONTEXT('2D SPACE',''
  ) );
#8966 = ORIENTED_EDGE('',*,*,#7013,.F.);
#8967 = ADVANCED_FACE('',(#8968),#7372,.F.);
#8968 = FACE_BOUND('',#8969,.F.);
#8969 = EDGE_LOOP('',(#8970,#8971,#8972,#8991));
#8970 = ORIENTED_EDGE('',*,*,#8918,.F.);
#8971 = ORIENTED_EDGE('',*,*,#7357,.T.);
#8972 = ORIENTED_EDGE('',*,*,#8973,.F.);
#8973 = EDGE_CURVE('',#8252,#7332,#8974,.T.);
#8974 = SURFACE_CURVE('',#8975,(#8979,#8985),.PCURVE_S1.);
#8975 = LINE('',#8976,#8977);
#8976 = CARTESIAN_POINT('',(-7.35,15.,9.5));
#8977 = VECTOR('',#8978,1.);
#8978 = DIRECTION('',(6.327190051781E-18,1.,-3.981627848114E-18));
#8979 = PCURVE('',#7372,#8980);
#8980 = DEFINITIONAL_REPRESENTATION('',(#8981),#8984);
#8981 = B_SPLINE_CURVE_WITH_KNOTS('',1,(#8982,#8983),.UNSPECIFIED.,.F.,
  .F.,(2,2),(-55.,-50.),.PIECEWISE_BEZIER_KNOTS.);
#8982 = CARTESIAN_POINT('',(5.5,-55.));
#8983 = CARTESIAN_POINT('',(5.5,-50.));
#8984 = ( GEOMETRIC_REPRESENTATION_CONTEXT(2) 
PARAMETRIC_REPRESENTATION_CONTEXT() REPRESENTATION_CONTEXT('2D SPACE',''
  ) );
#8985 = PCURVE('',#7346,#8986);
#8986 = DEFINITIONAL_REPRESENTATION('',(#8987),#8990);
#8987 = B_SPLINE_CURVE_WITH_KNOTS('',1,(#8988,#8989),.UNSPECIFIED.,.F.,
  .F.,(2,2),(-55.,-50.),.PIECEWISE_BEZIER_KNOTS.);
#8988 = CARTESIAN_POINT('',(1.25,-55.));
#8989 = CARTESIAN_POINT('',(1.25,-50.));
#8990 = ( GEOMETRIC_REPRESENTATION_CONTEXT(2) 
PARAMETRIC_REPRESENTATION_CONTEXT() REPRESENTATION_CONTEXT('2D SPACE',''
  ) );
#8991 = ORIENTED_EDGE('',*,*,#8272,.F.);
#8992 = ADVANCED_FACE('',(#8993),#7057,.F.);
#8993 = FACE_BOUND('',#8994,.F.);
#8994 = EDGE_LOOP('',(#8995,#8996,#8997,#8998));
#8995 = ORIENTED_EDGE('',*,*,#7041,.F.);
#8996 = ORIENTED_EDGE('',*,*,#8946,.T.);
#8997 = ORIENTED_EDGE('',*,*,#8016,.T.);
#8998 = ORIENTED_EDGE('',*,*,#8999,.F.);
#8999 = EDGE_CURVE('',#7042,#8017,#9000,.T.);
#9000 = SURFACE_CURVE('',#9001,(#9005,#9011),.PCURVE_S1.);
#9001 = LINE('',#9002,#9003);
#9002 = CARTESIAN_POINT('',(-23.,-35.,5.));
#9003 = VECTOR('',#9004,1.);
#9004 = DIRECTION('',(-6.327190051781E-18,-1.,3.981627848114E-18));
#9005 = PCURVE('',#7057,#9006);
#9006 = DEFINITIONAL_REPRESENTATION('',(#9007),#9010);
#9007 = B_SPLINE_CURVE_WITH_KNOTS('',1,(#9008,#9009),.UNSPECIFIED.,.F.,
  .F.,(2,2),(0.,5.),.PIECEWISE_BEZIER_KNOTS.);
#9008 = CARTESIAN_POINT('',(5.,0.));
#9009 = CARTESIAN_POINT('',(5.,-5.));
#9010 = ( GEOMETRIC_REPRESENTATION_CONTEXT(2) 
PARAMETRIC_REPRESENTATION_CONTEXT() REPRESENTATION_CONTEXT('2D SPACE',''
  ) );
#9011 = PCURVE('',#7085,#9012);
#9012 = DEFINITIONAL_REPRESENTATION('',(#9013),#9016);
#9013 = B_SPLINE_CURVE_WITH_KNOTS('',1,(#9014,#9015),.UNSPECIFIED.,.F.,
  .F.,(2,2),(0.,5.),.PIECEWISE_BEZIER_KNOTS.);
#9014 = CARTESIAN_POINT('',(19.,0.));
#9015 = CARTESIAN_POINT('',(19.,-5.));
#9016 = ( GEOMETRIC_REPRESENTATION_CONTEXT(2) 
PARAMETRIC_REPRESENTATION_CONTEXT() REPRESENTATION_CONTEXT('2D SPACE',''
  ) );
#9017 = ADVANCED_FACE('',(#9018),#7346,.F.);
#9018 = FACE_BOUND('',#9019,.F.);
#9019 = EDGE_LOOP('',(#9020,#9021,#9042,#9043));
#9020 = ORIENTED_EDGE('',*,*,#7331,.T.);
#9021 = ORIENTED_EDGE('',*,*,#9022,.T.);
#9022 = EDGE_CURVE('',#7306,#8231,#9023,.T.);
#9023 = SURFACE_CURVE('',#9024,(#9028,#9035),.PCURVE_S1.);
#9024 = LINE('',#9025,#9026);
#9025 = CARTESIAN_POINT('',(-6.1,15.,9.5));
#9026 = VECTOR('',#9027,1.);
#9027 = DIRECTION('',(-6.327190051781E-18,-1.,3.981627848114E-18));
#9028 = PCURVE('',#7346,#9029);
#9029 = DEFINITIONAL_REPRESENTATION('',(#9030),#9034);
#9030 = LINE('',#9031,#9032);
#9031 = CARTESIAN_POINT('',(0.,-0.));
#9032 = VECTOR('',#9033,1.);
#9033 = DIRECTION('',(0.,-1.));
#9034 = ( GEOMETRIC_REPRESENTATION_CONTEXT(2) 
PARAMETRIC_REPRESENTATION_CONTEXT() REPRESENTATION_CONTEXT('2D SPACE',''
  ) );
#9035 = PCURVE('',#7320,#9036);
#9036 = DEFINITIONAL_REPRESENTATION('',(#9037),#9041);
#9037 = LINE('',#9038,#9039);
#9038 = CARTESIAN_POINT('',(2.6,0.));
#9039 = VECTOR('',#9040,1.);
#9040 = DIRECTION('',(0.,-1.));
#9041 = ( GEOMETRIC_REPRESENTATION_CONTEXT(2) 
PARAMETRIC_REPRESENTATION_CONTEXT() REPRESENTATION_CONTEXT('2D SPACE',''
  ) );
#9042 = ORIENTED_EDGE('',*,*,#8251,.F.);
#9043 = ORIENTED_EDGE('',*,*,#8973,.T.);
#9044 = ADVANCED_FACE('',(#9045),#7085,.F.);
#9045 = FACE_BOUND('',#9046,.F.);
#9046 = EDGE_LOOP('',(#9047,#9048,#9049,#9050));
#9047 = ORIENTED_EDGE('',*,*,#7069,.F.);
#9048 = ORIENTED_EDGE('',*,*,#8999,.T.);
#9049 = ORIENTED_EDGE('',*,*,#8039,.T.);
#9050 = ORIENTED_EDGE('',*,*,#9051,.F.);
#9051 = EDGE_CURVE('',#7070,#8040,#9052,.T.);
#9052 = SURFACE_CURVE('',#9053,(#9057,#9064),.PCURVE_S1.);
#9053 = LINE('',#9054,#9055);
#9054 = CARTESIAN_POINT('',(-10.65,15.,5.));
#9055 = VECTOR('',#9056,1.);
#9056 = DIRECTION('',(-6.327190051781E-18,-1.,3.981627848114E-18));
#9057 = PCURVE('',#7085,#9058);
#9058 = DEFINITIONAL_REPRESENTATION('',(#9059),#9063);
#9059 = LINE('',#9060,#9061);
#9060 = CARTESIAN_POINT('',(31.35,50.));
#9061 = VECTOR('',#9062,1.);
#9062 = DIRECTION('',(0.,-1.));
#9063 = ( GEOMETRIC_REPRESENTATION_CONTEXT(2) 
PARAMETRIC_REPRESENTATION_CONTEXT() REPRESENTATION_CONTEXT('2D SPACE',''
  ) );
#9064 = PCURVE('',#7112,#9065);
#9065 = DEFINITIONAL_REPRESENTATION('',(#9066),#9070);
#9066 = LINE('',#9067,#9068);
#9067 = CARTESIAN_POINT('',(0.,0.));
#9068 = VECTOR('',#9069,1.);
#9069 = DIRECTION('',(0.,-1.));
#9070 = ( GEOMETRIC_REPRESENTATION_CONTEXT(2) 
PARAMETRIC_REPRESENTATION_CONTEXT() REPRESENTATION_CONTEXT('2D SPACE',''
  ) );
#9071 = ADVANCED_FACE('',(#9072),#7320,.F.);
#9072 = FACE_BOUND('',#9073,.F.);
#9073 = EDGE_LOOP('',(#9074,#9075,#9096,#9097));
#9074 = ORIENTED_EDGE('',*,*,#7305,.T.);
#9075 = ORIENTED_EDGE('',*,*,#9076,.T.);
#9076 = EDGE_CURVE('',#7280,#8210,#9077,.T.);
#9077 = SURFACE_CURVE('',#9078,(#9082,#9089),.PCURVE_S1.);
#9078 = LINE('',#9079,#9080);
#9079 = CARTESIAN_POINT('',(-6.1,15.,12.1));
#9080 = VECTOR('',#9081,1.);
#9081 = DIRECTION('',(-6.327190051781E-18,-1.,3.981627848114E-18));
#9082 = PCURVE('',#7320,#9083);
#9083 = DEFINITIONAL_REPRESENTATION('',(#9084),#9088);
#9084 = LINE('',#9085,#9086);
#9085 = CARTESIAN_POINT('',(0.,0.));
#9086 = VECTOR('',#9087,1.);
#9087 = DIRECTION('',(0.,-1.));
#9088 = ( GEOMETRIC_REPRESENTATION_CONTEXT(2) 
PARAMETRIC_REPRESENTATION_CONTEXT() REPRESENTATION_CONTEXT('2D SPACE',''
  ) );
#9089 = PCURVE('',#7294,#9090);
#9090 = DEFINITIONAL_REPRESENTATION('',(#9091),#9095);
#9091 = LINE('',#9092,#9093);
#9092 = CARTESIAN_POINT('',(5.8,0.));
#9093 = VECTOR('',#9094,1.);
#9094 = DIRECTION('',(0.,-1.));
#9095 = ( GEOMETRIC_REPRESENTATION_CONTEXT(2) 
PARAMETRIC_REPRESENTATION_CONTEXT() REPRESENTATION_CONTEXT('2D SPACE',''
  ) );
#9096 = ORIENTED_EDGE('',*,*,#8230,.F.);
#9097 = ORIENTED_EDGE('',*,*,#9022,.F.);
#9098 = ADVANCED_FACE('',(#9099),#7112,.F.);
#9099 = FACE_BOUND('',#9100,.F.);
#9100 = EDGE_LOOP('',(#9101,#9120,#9121,#9122));
#9101 = ORIENTED_EDGE('',*,*,#9102,.F.);
#9102 = EDGE_CURVE('',#7098,#8063,#9103,.T.);
#9103 = SURFACE_CURVE('',#9104,(#9108,#9114),.PCURVE_S1.);
#9104 = LINE('',#9105,#9106);
#9105 = CARTESIAN_POINT('',(-10.65,15.,9.5));
#9106 = VECTOR('',#9107,1.);
#9107 = DIRECTION('',(-6.327190051781E-18,-1.,3.981627848114E-18));
#9108 = PCURVE('',#7112,#9109);
#9109 = DEFINITIONAL_REPRESENTATION('',(#9110),#9113);
#9110 = B_SPLINE_CURVE_WITH_KNOTS('',1,(#9111,#9112),.UNSPECIFIED.,.F.,
  .F.,(2,2),(50.,55.),.PIECEWISE_BEZIER_KNOTS.);
#9111 = CARTESIAN_POINT('',(4.5,-50.));
#9112 = CARTESIAN_POINT('',(4.5,-55.));
#9113 = ( GEOMETRIC_REPRESENTATION_CONTEXT(2) 
PARAMETRIC_REPRESENTATION_CONTEXT() REPRESENTATION_CONTEXT('2D SPACE',''
  ) );
#9114 = PCURVE('',#7138,#9115);
#9115 = DEFINITIONAL_REPRESENTATION('',(#9116),#9119);
#9116 = B_SPLINE_CURVE_WITH_KNOTS('',1,(#9117,#9118),.UNSPECIFIED.,.F.,
  .F.,(2,2),(50.,55.),.PIECEWISE_BEZIER_KNOTS.);
#9117 = CARTESIAN_POINT('',(4.55,-50.));
#9118 = CARTESIAN_POINT('',(4.55,-55.));
#9119 = ( GEOMETRIC_REPRESENTATION_CONTEXT(2) 
PARAMETRIC_REPRESENTATION_CONTEXT() REPRESENTATION_CONTEXT('2D SPACE',''
  ) );
#9120 = ORIENTED_EDGE('',*,*,#7097,.T.);
#9121 = ORIENTED_EDGE('',*,*,#9051,.T.);
#9122 = ORIENTED_EDGE('',*,*,#8062,.F.);
#9123 = ADVANCED_FACE('',(#9124),#7294,.F.);
#9124 = FACE_BOUND('',#9125,.F.);
#9125 = EDGE_LOOP('',(#9126,#9127,#9128,#9147));
#9126 = ORIENTED_EDGE('',*,*,#9076,.F.);
#9127 = ORIENTED_EDGE('',*,*,#7279,.T.);
#9128 = ORIENTED_EDGE('',*,*,#9129,.T.);
#9129 = EDGE_CURVE('',#7254,#8189,#9130,.T.);
#9130 = SURFACE_CURVE('',#9131,(#9135,#9141),.PCURVE_S1.);
#9131 = LINE('',#9132,#9133);
#9132 = CARTESIAN_POINT('',(-7.35,15.,12.1));
#9133 = VECTOR('',#9134,1.);
#9134 = DIRECTION('',(-6.327190051781E-18,-1.,3.981627848114E-18));
#9135 = PCURVE('',#7294,#9136);
#9136 = DEFINITIONAL_REPRESENTATION('',(#9137),#9140);
#9137 = B_SPLINE_CURVE_WITH_KNOTS('',1,(#9138,#9139),.UNSPECIFIED.,.F.,
  .F.,(2,2),(50.,55.),.PIECEWISE_BEZIER_KNOTS.);
#9138 = CARTESIAN_POINT('',(4.55,-50.));
#9139 = CARTESIAN_POINT('',(4.55,-55.));
#9140 = ( GEOMETRIC_REPRESENTATION_CONTEXT(2) 
PARAMETRIC_REPRESENTATION_CONTEXT() REPRESENTATION_CONTEXT('2D SPACE',''
  ) );
#9141 = PCURVE('',#7268,#9142);
#9142 = DEFINITIONAL_REPRESENTATION('',(#9143),#9146);
#9143 = B_SPLINE_CURVE_WITH_KNOTS('',1,(#9144,#9145),.UNSPECIFIED.,.F.,
  .F.,(2,2),(50.,55.),.PIECEWISE_BEZIER_KNOTS.);
#9144 = CARTESIAN_POINT('',(2.9,-50.));
#9145 = CARTESIAN_POINT('',(2.9,-55.));
#9146 = ( GEOMETRIC_REPRESENTATION_CONTEXT(2) 
PARAMETRIC_REPRESENTATION_CONTEXT() REPRESENTATION_CONTEXT('2D SPACE',''
  ) );
#9147 = ORIENTED_EDGE('',*,*,#8209,.F.);
#9148 = ADVANCED_FACE('',(#9149),#7138,.F.);
#9149 = FACE_BOUND('',#9150,.F.);
#9150 = EDGE_LOOP('',(#9151,#9172,#9173,#9174));
#9151 = ORIENTED_EDGE('',*,*,#9152,.F.);
#9152 = EDGE_CURVE('',#7124,#8084,#9153,.T.);
#9153 = SURFACE_CURVE('',#9154,(#9158,#9165),.PCURVE_S1.);
#9154 = LINE('',#9155,#9156);
#9155 = CARTESIAN_POINT('',(-11.9,15.,9.5));
#9156 = VECTOR('',#9157,1.);
#9157 = DIRECTION('',(-6.327190051781E-18,-1.,3.981627848114E-18));
#9158 = PCURVE('',#7138,#9159);
#9159 = DEFINITIONAL_REPRESENTATION('',(#9160),#9164);
#9160 = LINE('',#9161,#9162);
#9161 = CARTESIAN_POINT('',(5.8,0.));
#9162 = VECTOR('',#9163,1.);
#9163 = DIRECTION('',(0.,-1.));
#9164 = ( GEOMETRIC_REPRESENTATION_CONTEXT(2) 
PARAMETRIC_REPRESENTATION_CONTEXT() REPRESENTATION_CONTEXT('2D SPACE',''
  ) );
#9165 = PCURVE('',#7164,#9166);
#9166 = DEFINITIONAL_REPRESENTATION('',(#9167),#9171);
#9167 = LINE('',#9168,#9169);
#9168 = CARTESIAN_POINT('',(0.,0.));
#9169 = VECTOR('',#9170,1.);
#9170 = DIRECTION('',(0.,-1.));
#9171 = ( GEOMETRIC_REPRESENTATION_CONTEXT(2) 
PARAMETRIC_REPRESENTATION_CONTEXT() REPRESENTATION_CONTEXT('2D SPACE',''
  ) );
#9172 = ORIENTED_EDGE('',*,*,#7123,.T.);
#9173 = ORIENTED_EDGE('',*,*,#9102,.T.);
#9174 = ORIENTED_EDGE('',*,*,#8083,.F.);
#9175 = ADVANCED_FACE('',(#9176),#7268,.F.);
#9176 = FACE_BOUND('',#9177,.F.);
#9177 = EDGE_LOOP('',(#9178,#9179,#9180,#9201));
#9178 = ORIENTED_EDGE('',*,*,#9129,.F.);
#9179 = ORIENTED_EDGE('',*,*,#7253,.T.);
#9180 = ORIENTED_EDGE('',*,*,#9181,.T.);
#9181 = EDGE_CURVE('',#7228,#8168,#9182,.T.);
#9182 = SURFACE_CURVE('',#9183,(#9187,#9194),.PCURVE_S1.);
#9183 = LINE('',#9184,#9185);
#9184 = CARTESIAN_POINT('',(-7.35,15.,15.));
#9185 = VECTOR('',#9186,1.);
#9186 = DIRECTION('',(-6.327190051781E-18,-1.,3.981627848114E-18));
#9187 = PCURVE('',#7268,#9188);
#9188 = DEFINITIONAL_REPRESENTATION('',(#9189),#9193);
#9189 = LINE('',#9190,#9191);
#9190 = CARTESIAN_POINT('',(0.,0.));
#9191 = VECTOR('',#9192,1.);
#9192 = DIRECTION('',(0.,-1.));
#9193 = ( GEOMETRIC_REPRESENTATION_CONTEXT(2) 
PARAMETRIC_REPRESENTATION_CONTEXT() REPRESENTATION_CONTEXT('2D SPACE',''
  ) );
#9194 = PCURVE('',#7242,#9195);
#9195 = DEFINITIONAL_REPRESENTATION('',(#9196),#9200);
#9196 = LINE('',#9197,#9198);
#9197 = CARTESIAN_POINT('',(3.3,0.));
#9198 = VECTOR('',#9199,1.);
#9199 = DIRECTION('',(0.,-1.));
#9200 = ( GEOMETRIC_REPRESENTATION_CONTEXT(2) 
PARAMETRIC_REPRESENTATION_CONTEXT() REPRESENTATION_CONTEXT('2D SPACE',''
  ) );
#9201 = ORIENTED_EDGE('',*,*,#8188,.F.);
#9202 = ADVANCED_FACE('',(#9203),#7164,.F.);
#9203 = FACE_BOUND('',#9204,.F.);
#9204 = EDGE_LOOP('',(#9205,#9206,#9207,#9208));
#9205 = ORIENTED_EDGE('',*,*,#7149,.T.);
#9206 = ORIENTED_EDGE('',*,*,#9152,.T.);
#9207 = ORIENTED_EDGE('',*,*,#8104,.F.);
#9208 = ORIENTED_EDGE('',*,*,#9209,.F.);
#9209 = EDGE_CURVE('',#7150,#8105,#9210,.T.);
#9210 = SURFACE_CURVE('',#9211,(#9215,#9222),.PCURVE_S1.);
#9211 = LINE('',#9212,#9213);
#9212 = CARTESIAN_POINT('',(-11.9,15.,12.1));
#9213 = VECTOR('',#9214,1.);
#9214 = DIRECTION('',(-6.327190051781E-18,-1.,3.981627848114E-18));
#9215 = PCURVE('',#7164,#9216);
#9216 = DEFINITIONAL_REPRESENTATION('',(#9217),#9221);
#9217 = LINE('',#9218,#9219);
#9218 = CARTESIAN_POINT('',(2.6,0.));
#9219 = VECTOR('',#9220,1.);
#9220 = DIRECTION('',(0.,-1.));
#9221 = ( GEOMETRIC_REPRESENTATION_CONTEXT(2) 
PARAMETRIC_REPRESENTATION_CONTEXT() REPRESENTATION_CONTEXT('2D SPACE',''
  ) );
#9222 = PCURVE('',#7190,#9223);
#9223 = DEFINITIONAL_REPRESENTATION('',(#9224),#9228);
#9224 = LINE('',#9225,#9226);
#9225 = CARTESIAN_POINT('',(0.,0.));
#9226 = VECTOR('',#9227,1.);
#9227 = DIRECTION('',(0.,-1.));
#9228 = ( GEOMETRIC_REPRESENTATION_CONTEXT(2) 
PARAMETRIC_REPRESENTATION_CONTEXT() REPRESENTATION_CONTEXT('2D SPACE',''
  ) );
#9229 = ADVANCED_FACE('',(#9230),#7242,.F.);
#9230 = FACE_BOUND('',#9231,.F.);
#9231 = EDGE_LOOP('',(#9232,#9233,#9254,#9255));
#9232 = ORIENTED_EDGE('',*,*,#7227,.T.);
#9233 = ORIENTED_EDGE('',*,*,#9234,.T.);
#9234 = EDGE_CURVE('',#7202,#8147,#9235,.T.);
#9235 = SURFACE_CURVE('',#9236,(#9240,#9247),.PCURVE_S1.);
#9236 = LINE('',#9237,#9238);
#9237 = CARTESIAN_POINT('',(-10.65,15.,15.));
#9238 = VECTOR('',#9239,1.);
#9239 = DIRECTION('',(-6.327190051781E-18,-1.,3.981627848114E-18));
#9240 = PCURVE('',#7242,#9241);
#9241 = DEFINITIONAL_REPRESENTATION('',(#9242),#9246);
#9242 = LINE('',#9243,#9244);
#9243 = CARTESIAN_POINT('',(0.,0.));
#9244 = VECTOR('',#9245,1.);
#9245 = DIRECTION('',(0.,-1.));
#9246 = ( GEOMETRIC_REPRESENTATION_CONTEXT(2) 
PARAMETRIC_REPRESENTATION_CONTEXT() REPRESENTATION_CONTEXT('2D SPACE',''
  ) );
#9247 = PCURVE('',#7216,#9248);
#9248 = DEFINITIONAL_REPRESENTATION('',(#9249),#9253);
#9249 = LINE('',#9250,#9251);
#9250 = CARTESIAN_POINT('',(10.,0.));
#9251 = VECTOR('',#9252,1.);
#9252 = DIRECTION('',(0.,-1.));
#9253 = ( GEOMETRIC_REPRESENTATION_CONTEXT(2) 
PARAMETRIC_REPRESENTATION_CONTEXT() REPRESENTATION_CONTEXT('2D SPACE',''
  ) );
#9254 = ORIENTED_EDGE('',*,*,#8167,.F.);
#9255 = ORIENTED_EDGE('',*,*,#9181,.F.);
#9256 = ADVANCED_FACE('',(#9257),#7190,.F.);
#9257 = FACE_BOUND('',#9258,.F.);
#9258 = EDGE_LOOP('',(#9259,#9260,#9261,#9262));
#9259 = ORIENTED_EDGE('',*,*,#7175,.T.);
#9260 = ORIENTED_EDGE('',*,*,#9209,.T.);
#9261 = ORIENTED_EDGE('',*,*,#8125,.F.);
#9262 = ORIENTED_EDGE('',*,*,#9263,.T.);
#9263 = EDGE_CURVE('',#8126,#7176,#9264,.T.);
#9264 = SURFACE_CURVE('',#9265,(#9269,#9275),.PCURVE_S1.);
#9265 = LINE('',#9266,#9267);
#9266 = CARTESIAN_POINT('',(-10.65,15.,12.1));
#9267 = VECTOR('',#9268,1.);
#9268 = DIRECTION('',(6.327190051781E-18,1.,-3.981627848114E-18));
#9269 = PCURVE('',#7190,#9270);
#9270 = DEFINITIONAL_REPRESENTATION('',(#9271),#9274);
#9271 = B_SPLINE_CURVE_WITH_KNOTS('',1,(#9272,#9273),.UNSPECIFIED.,.F.,
  .F.,(2,2),(-55.,-50.),.PIECEWISE_BEZIER_KNOTS.);
#9272 = CARTESIAN_POINT('',(1.25,-55.));
#9273 = CARTESIAN_POINT('',(1.25,-50.));
#9274 = ( GEOMETRIC_REPRESENTATION_CONTEXT(2) 
PARAMETRIC_REPRESENTATION_CONTEXT() REPRESENTATION_CONTEXT('2D SPACE',''
  ) );
#9275 = PCURVE('',#7216,#9276);
#9276 = DEFINITIONAL_REPRESENTATION('',(#9277),#9280);
#9277 = B_SPLINE_CURVE_WITH_KNOTS('',1,(#9278,#9279),.UNSPECIFIED.,.F.,
  .F.,(2,2),(-55.,-50.),.PIECEWISE_BEZIER_KNOTS.);
#9278 = CARTESIAN_POINT('',(7.1,-55.));
#9279 = CARTESIAN_POINT('',(7.1,-50.));
#9280 = ( GEOMETRIC_REPRESENTATION_CONTEXT(2) 
PARAMETRIC_REPRESENTATION_CONTEXT() REPRESENTATION_CONTEXT('2D SPACE',''
  ) );
#9281 = ADVANCED_FACE('',(#9282),#7216,.F.);
#9282 = FACE_BOUND('',#9283,.F.);
#9283 = EDGE_LOOP('',(#9284,#9285,#9286,#9287));
#9284 = ORIENTED_EDGE('',*,*,#9234,.F.);
#9285 = ORIENTED_EDGE('',*,*,#7201,.T.);
#9286 = ORIENTED_EDGE('',*,*,#9263,.F.);
#9287 = ORIENTED_EDGE('',*,*,#8146,.F.);
#9288 = ADVANCED_FACE('',(#9289),#7572,.F.);
#9289 = FACE_BOUND('',#9290,.T.);
#9290 = EDGE_LOOP('',(#9291,#9292,#9313,#9314));
#9291 = ORIENTED_EDGE('',*,*,#7551,.T.);
#9292 = ORIENTED_EDGE('',*,*,#9293,.T.);
#9293 = EDGE_CURVE('',#7552,#8432,#9294,.T.);
#9294 = SEAM_CURVE('',#9295,(#9299,#9306),.PCURVE_S1.);
#9295 = LINE('',#9296,#9297);
#9296 = CARTESIAN_POINT('',(-33.85,15.,12.5));
#9297 = VECTOR('',#9298,1.);
#9298 = DIRECTION('',(-6.327190051781E-18,-1.,3.981627848114E-18));
#9299 = PCURVE('',#7572,#9300);
#9300 = DEFINITIONAL_REPRESENTATION('',(#9301),#9305);
#9301 = LINE('',#9302,#9303);
#9302 = CARTESIAN_POINT('',(-6.28318530718,0.));
#9303 = VECTOR('',#9304,1.);
#9304 = DIRECTION('',(-0.,-1.));
#9305 = ( GEOMETRIC_REPRESENTATION_CONTEXT(2) 
PARAMETRIC_REPRESENTATION_CONTEXT() REPRESENTATION_CONTEXT('2D SPACE',''
  ) );
#9306 = PCURVE('',#7572,#9307);
#9307 = DEFINITIONAL_REPRESENTATION('',(#9308),#9312);
#9308 = LINE('',#9309,#9310);
#9309 = CARTESIAN_POINT('',(-0.,0.));
#9310 = VECTOR('',#9311,1.);
#9311 = DIRECTION('',(-0.,-1.));
#9312 = ( GEOMETRIC_REPRESENTATION_CONTEXT(2) 
PARAMETRIC_REPRESENTATION_CONTEXT() REPRESENTATION_CONTEXT('2D SPACE',''
  ) );
#9313 = ORIENTED_EDGE('',*,*,#8431,.F.);
#9314 = ORIENTED_EDGE('',*,*,#9293,.F.);
#9315 = ADVANCED_FACE('',(#9316),#7603,.T.);
#9316 = FACE_BOUND('',#9317,.T.);
#9317 = EDGE_LOOP('',(#9318,#9319,#9340,#9341));
#9318 = ORIENTED_EDGE('',*,*,#7586,.T.);
#9319 = ORIENTED_EDGE('',*,*,#9320,.T.);
#9320 = EDGE_CURVE('',#7589,#8464,#9321,.T.);
#9321 = SURFACE_CURVE('',#9322,(#9326,#9333),.PCURVE_S1.);
#9322 = LINE('',#9323,#9324);
#9323 = CARTESIAN_POINT('',(-32.9,15.,16.9));
#9324 = VECTOR('',#9325,1.);
#9325 = DIRECTION('',(-6.327190051781E-18,-1.,3.981627848114E-18));
#9326 = PCURVE('',#7603,#9327);
#9327 = DEFINITIONAL_REPRESENTATION('',(#9328),#9332);
#9328 = LINE('',#9329,#9330);
#9329 = CARTESIAN_POINT('',(0.,0.));
#9330 = VECTOR('',#9331,1.);
#9331 = DIRECTION('',(0.,-1.));
#9332 = ( GEOMETRIC_REPRESENTATION_CONTEXT(2) 
PARAMETRIC_REPRESENTATION_CONTEXT() REPRESENTATION_CONTEXT('2D SPACE',''
  ) );
#9333 = PCURVE('',#7629,#9334);
#9334 = DEFINITIONAL_REPRESENTATION('',(#9335),#9339);
#9335 = LINE('',#9336,#9337);
#9336 = CARTESIAN_POINT('',(5.2,0.));
#9337 = VECTOR('',#9338,1.);
#9338 = DIRECTION('',(0.,-1.));
#9339 = ( GEOMETRIC_REPRESENTATION_CONTEXT(2) 
PARAMETRIC_REPRESENTATION_CONTEXT() REPRESENTATION_CONTEXT('2D SPACE',''
  ) );
#9340 = ORIENTED_EDGE('',*,*,#8461,.F.);
#9341 = ORIENTED_EDGE('',*,*,#9342,.F.);
#9342 = EDGE_CURVE('',#7587,#8462,#9343,.T.);
#9343 = SURFACE_CURVE('',#9344,(#9348,#9355),.PCURVE_S1.);
#9344 = LINE('',#9345,#9346);
#9345 = CARTESIAN_POINT('',(-32.9,15.,26.1));
#9346 = VECTOR('',#9347,1.);
#9347 = DIRECTION('',(-6.327190051781E-18,-1.,3.981627848114E-18));
#9348 = PCURVE('',#7603,#9349);
#9349 = DEFINITIONAL_REPRESENTATION('',(#9350),#9354);
#9350 = LINE('',#9351,#9352);
#9351 = CARTESIAN_POINT('',(9.2,0.));
#9352 = VECTOR('',#9353,1.);
#9353 = DIRECTION('',(0.,-1.));
#9354 = ( GEOMETRIC_REPRESENTATION_CONTEXT(2) 
PARAMETRIC_REPRESENTATION_CONTEXT() REPRESENTATION_CONTEXT('2D SPACE',''
  ) );
#9355 = PCURVE('',#7679,#9356);
#9356 = DEFINITIONAL_REPRESENTATION('',(#9357),#9361);
#9357 = LINE('',#9358,#9359);
#9358 = CARTESIAN_POINT('',(0.,-0.));
#9359 = VECTOR('',#9360,1.);
#9360 = DIRECTION('',(0.,-1.));
#9361 = ( GEOMETRIC_REPRESENTATION_CONTEXT(2) 
PARAMETRIC_REPRESENTATION_CONTEXT() REPRESENTATION_CONTEXT('2D SPACE',''
  ) );
#9362 = ADVANCED_FACE('',(#9363),#7679,.T.);
#9363 = FACE_BOUND('',#9364,.T.);
#9364 = EDGE_LOOP('',(#9365,#9366,#9367,#9368));
#9365 = ORIENTED_EDGE('',*,*,#7666,.T.);
#9366 = ORIENTED_EDGE('',*,*,#9342,.T.);
#9367 = ORIENTED_EDGE('',*,*,#8526,.F.);
#9368 = ORIENTED_EDGE('',*,*,#9369,.F.);
#9369 = EDGE_CURVE('',#7641,#8506,#9370,.T.);
#9370 = SURFACE_CURVE('',#9371,(#9375,#9382),.PCURVE_S1.);
#9371 = LINE('',#9372,#9373);
#9372 = CARTESIAN_POINT('',(-38.1,15.,26.1));
#9373 = VECTOR('',#9374,1.);
#9374 = DIRECTION('',(-6.327190051781E-18,-1.,3.981627848114E-18));
#9375 = PCURVE('',#7679,#9376);
#9376 = DEFINITIONAL_REPRESENTATION('',(#9377),#9381);
#9377 = LINE('',#9378,#9379);
#9378 = CARTESIAN_POINT('',(5.2,0.));
#9379 = VECTOR('',#9380,1.);
#9380 = DIRECTION('',(0.,-1.));
#9381 = ( GEOMETRIC_REPRESENTATION_CONTEXT(2) 
PARAMETRIC_REPRESENTATION_CONTEXT() REPRESENTATION_CONTEXT('2D SPACE',''
  ) );
#9382 = PCURVE('',#7655,#9383);
#9383 = DEFINITIONAL_REPRESENTATION('',(#9384),#9388);
#9384 = LINE('',#9385,#9386);
#9385 = CARTESIAN_POINT('',(0.,0.));
#9386 = VECTOR('',#9387,1.);
#9387 = DIRECTION('',(0.,-1.));
#9388 = ( GEOMETRIC_REPRESENTATION_CONTEXT(2) 
PARAMETRIC_REPRESENTATION_CONTEXT() REPRESENTATION_CONTEXT('2D SPACE',''
  ) );
#9389 = ADVANCED_FACE('',(#9390),#7629,.T.);
#9390 = FACE_BOUND('',#9391,.T.);
#9391 = EDGE_LOOP('',(#9392,#9393,#9414,#9415));
#9392 = ORIENTED_EDGE('',*,*,#7614,.T.);
#9393 = ORIENTED_EDGE('',*,*,#9394,.T.);
#9394 = EDGE_CURVE('',#7615,#8485,#9395,.T.);
#9395 = SURFACE_CURVE('',#9396,(#9400,#9407),.PCURVE_S1.);
#9396 = LINE('',#9397,#9398);
#9397 = CARTESIAN_POINT('',(-38.1,15.,16.9));
#9398 = VECTOR('',#9399,1.);
#9399 = DIRECTION('',(-6.327190051781E-18,-1.,3.981627848114E-18));
#9400 = PCURVE('',#7629,#9401);
#9401 = DEFINITIONAL_REPRESENTATION('',(#9402),#9406);
#9402 = LINE('',#9403,#9404);
#9403 = CARTESIAN_POINT('',(0.,0.));
#9404 = VECTOR('',#9405,1.);
#9405 = DIRECTION('',(0.,-1.));
#9406 = ( GEOMETRIC_REPRESENTATION_CONTEXT(2) 
PARAMETRIC_REPRESENTATION_CONTEXT() REPRESENTATION_CONTEXT('2D SPACE',''
  ) );
#9407 = PCURVE('',#7655,#9408);
#9408 = DEFINITIONAL_REPRESENTATION('',(#9409),#9413);
#9409 = LINE('',#9410,#9411);
#9410 = CARTESIAN_POINT('',(9.2,0.));
#9411 = VECTOR('',#9412,1.);
#9412 = DIRECTION('',(0.,-1.));
#9413 = ( GEOMETRIC_REPRESENTATION_CONTEXT(2) 
PARAMETRIC_REPRESENTATION_CONTEXT() REPRESENTATION_CONTEXT('2D SPACE',''
  ) );
#9414 = ORIENTED_EDGE('',*,*,#8484,.F.);
#9415 = ORIENTED_EDGE('',*,*,#9320,.F.);
#9416 = ADVANCED_FACE('',(#9417),#7655,.T.);
#9417 = FACE_BOUND('',#9418,.T.);
#9418 = EDGE_LOOP('',(#9419,#9420,#9421,#9422));
#9419 = ORIENTED_EDGE('',*,*,#7640,.T.);
#9420 = ORIENTED_EDGE('',*,*,#9369,.T.);
#9421 = ORIENTED_EDGE('',*,*,#8505,.F.);
#9422 = ORIENTED_EDGE('',*,*,#9394,.F.);
#9423 = ADVANCED_FACE('',(#9424),#7709,.T.);
#9424 = FACE_BOUND('',#9425,.T.);
#9425 = EDGE_LOOP('',(#9426,#9427,#9448,#9449));
#9426 = ORIENTED_EDGE('',*,*,#7692,.T.);
#9427 = ORIENTED_EDGE('',*,*,#9428,.T.);
#9428 = EDGE_CURVE('',#7695,#8550,#9429,.T.);
#9429 = SURFACE_CURVE('',#9430,(#9434,#9441),.PCURVE_S1.);
#9430 = LINE('',#9431,#9432);
#9431 = CARTESIAN_POINT('',(10.,65.,39.));
#9432 = VECTOR('',#9433,1.);
#9433 = DIRECTION('',(-6.327190051781E-18,-1.,3.981627848114E-18));
#9434 = PCURVE('',#7709,#9435);
#9435 = DEFINITIONAL_REPRESENTATION('',(#9436),#9440);
#9436 = LINE('',#9437,#9438);
#9437 = CARTESIAN_POINT('',(0.,-0.));
#9438 = VECTOR('',#9439,1.);
#9439 = DIRECTION('',(0.,-1.));
#9440 = ( GEOMETRIC_REPRESENTATION_CONTEXT(2) 
PARAMETRIC_REPRESENTATION_CONTEXT() REPRESENTATION_CONTEXT('2D SPACE',''
  ) );
#9441 = PCURVE('',#7741,#9442);
#9442 = DEFINITIONAL_REPRESENTATION('',(#9443),#9447);
#9443 = LINE('',#9444,#9445);
#9444 = CARTESIAN_POINT('',(-3.14159265359,0.));
#9445 = VECTOR('',#9446,1.);
#9446 = DIRECTION('',(-0.,-1.));
#9447 = ( GEOMETRIC_REPRESENTATION_CONTEXT(2) 
PARAMETRIC_REPRESENTATION_CONTEXT() REPRESENTATION_CONTEXT('2D SPACE',''
  ) );
#9448 = ORIENTED_EDGE('',*,*,#8547,.F.);
#9449 = ORIENTED_EDGE('',*,*,#9450,.F.);
#9450 = EDGE_CURVE('',#7693,#8548,#9451,.T.);
#9451 = SURFACE_CURVE('',#9452,(#9456,#9463),.PCURVE_S1.);
#9452 = LINE('',#9453,#9454);
#9453 = CARTESIAN_POINT('',(-20.,65.,39.));
#9454 = VECTOR('',#9455,1.);
#9455 = DIRECTION('',(-6.327190051781E-18,-1.,3.981627848114E-18));
#9456 = PCURVE('',#7709,#9457);
#9457 = DEFINITIONAL_REPRESENTATION('',(#9458),#9462);
#9458 = LINE('',#9459,#9460);
#9459 = CARTESIAN_POINT('',(30.,0.));
#9460 = VECTOR('',#9461,1.);
#9461 = DIRECTION('',(0.,-1.));
#9462 = ( GEOMETRIC_REPRESENTATION_CONTEXT(2) 
PARAMETRIC_REPRESENTATION_CONTEXT() REPRESENTATION_CONTEXT('2D SPACE',''
  ) );
#9463 = PCURVE('',#7798,#9464);
#9464 = DEFINITIONAL_REPRESENTATION('',(#9465),#9469);
#9465 = LINE('',#9466,#9467);
#9466 = CARTESIAN_POINT('',(-0.,0.));
#9467 = VECTOR('',#9468,1.);
#9468 = DIRECTION('',(-0.,-1.));
#9469 = ( GEOMETRIC_REPRESENTATION_CONTEXT(2) 
PARAMETRIC_REPRESENTATION_CONTEXT() REPRESENTATION_CONTEXT('2D SPACE',''
  ) );
#9470 = ADVANCED_FACE('',(#9471),#7798,.F.);
#9471 = FACE_BOUND('',#9472,.T.);
#9472 = EDGE_LOOP('',(#9473,#9474,#9475,#9476));
#9473 = ORIENTED_EDGE('',*,*,#7779,.T.);
#9474 = ORIENTED_EDGE('',*,*,#9450,.T.);
#9475 = ORIENTED_EDGE('',*,*,#8619,.F.);
#9476 = ORIENTED_EDGE('',*,*,#9477,.F.);
#9477 = EDGE_CURVE('',#7754,#8599,#9478,.T.);
#9478 = SURFACE_CURVE('',#9479,(#9483,#9490),.PCURVE_S1.);
#9479 = LINE('',#9480,#9481);
#9480 = CARTESIAN_POINT('',(-20.,65.,27.));
#9481 = VECTOR('',#9482,1.);
#9482 = DIRECTION('',(-6.327190051781E-18,-1.,3.981627848114E-18));
#9483 = PCURVE('',#7798,#9484);
#9484 = DEFINITIONAL_REPRESENTATION('',(#9485),#9489);
#9485 = LINE('',#9486,#9487);
#9486 = CARTESIAN_POINT('',(-3.14159265359,0.));
#9487 = VECTOR('',#9488,1.);
#9488 = DIRECTION('',(-0.,-1.));
#9489 = ( GEOMETRIC_REPRESENTATION_CONTEXT(2) 
PARAMETRIC_REPRESENTATION_CONTEXT() REPRESENTATION_CONTEXT('2D SPACE',''
  ) );
#9490 = PCURVE('',#7768,#9491);
#9491 = DEFINITIONAL_REPRESENTATION('',(#9492),#9496);
#9492 = LINE('',#9493,#9494);
#9493 = CARTESIAN_POINT('',(0.,0.));
#9494 = VECTOR('',#9495,1.);
#9495 = DIRECTION('',(0.,-1.));
#9496 = ( GEOMETRIC_REPRESENTATION_CONTEXT(2) 
PARAMETRIC_REPRESENTATION_CONTEXT() REPRESENTATION_CONTEXT('2D SPACE',''
  ) );
#9497 = ADVANCED_FACE('',(#9498),#7768,.T.);
#9498 = FACE_BOUND('',#9499,.T.);
#9499 = EDGE_LOOP('',(#9500,#9501,#9502,#9503));
#9500 = ORIENTED_EDGE('',*,*,#7753,.T.);
#9501 = ORIENTED_EDGE('',*,*,#9477,.T.);
#9502 = ORIENTED_EDGE('',*,*,#8598,.F.);
#9503 = ORIENTED_EDGE('',*,*,#9504,.F.);
#9504 = EDGE_CURVE('',#7721,#8571,#9505,.T.);
#9505 = SURFACE_CURVE('',#9506,(#9510,#9517),.PCURVE_S1.);
#9506 = LINE('',#9507,#9508);
#9507 = CARTESIAN_POINT('',(10.,65.,27.));
#9508 = VECTOR('',#9509,1.);
#9509 = DIRECTION('',(-6.327190051781E-18,-1.,3.981627848114E-18));
#9510 = PCURVE('',#7768,#9511);
#9511 = DEFINITIONAL_REPRESENTATION('',(#9512),#9516);
#9512 = LINE('',#9513,#9514);
#9513 = CARTESIAN_POINT('',(30.,0.));
#9514 = VECTOR('',#9515,1.);
#9515 = DIRECTION('',(0.,-1.));
#9516 = ( GEOMETRIC_REPRESENTATION_CONTEXT(2) 
PARAMETRIC_REPRESENTATION_CONTEXT() REPRESENTATION_CONTEXT('2D SPACE',''
  ) );
#9517 = PCURVE('',#7741,#9518);
#9518 = DEFINITIONAL_REPRESENTATION('',(#9519),#9523);
#9519 = LINE('',#9520,#9521);
#9520 = CARTESIAN_POINT('',(-0.,0.));
#9521 = VECTOR('',#9522,1.);
#9522 = DIRECTION('',(-0.,-1.));
#9523 = ( GEOMETRIC_REPRESENTATION_CONTEXT(2) 
PARAMETRIC_REPRESENTATION_CONTEXT() REPRESENTATION_CONTEXT('2D SPACE',''
  ) );
#9524 = ADVANCED_FACE('',(#9525),#7741,.F.);
#9525 = FACE_BOUND('',#9526,.T.);
#9526 = EDGE_LOOP('',(#9527,#9528,#9529,#9530));
#9527 = ORIENTED_EDGE('',*,*,#7720,.T.);
#9528 = ORIENTED_EDGE('',*,*,#9504,.T.);
#9529 = ORIENTED_EDGE('',*,*,#8570,.F.);
#9530 = ORIENTED_EDGE('',*,*,#9428,.F.);
#9531 = ADVANCED_FACE('',(#9532),#7833,.F.);
#9532 = FACE_BOUND('',#9533,.T.);
#9533 = EDGE_LOOP('',(#9534,#9535,#9556,#9557));
#9534 = ORIENTED_EDGE('',*,*,#7812,.T.);
#9535 = ORIENTED_EDGE('',*,*,#9536,.T.);
#9536 = EDGE_CURVE('',#7813,#8648,#9537,.T.);
#9537 = SEAM_CURVE('',#9538,(#9542,#9549),.PCURVE_S1.);
#9538 = LINE('',#9539,#9540);
#9539 = CARTESIAN_POINT('',(2.15,15.,55.));
#9540 = VECTOR('',#9541,1.);
#9541 = DIRECTION('',(-6.327190051781E-18,-1.,3.981627848114E-18));
#9542 = PCURVE('',#7833,#9543);
#9543 = DEFINITIONAL_REPRESENTATION('',(#9544),#9548);
#9544 = LINE('',#9545,#9546);
#9545 = CARTESIAN_POINT('',(-6.28318530718,0.));
#9546 = VECTOR('',#9547,1.);
#9547 = DIRECTION('',(-0.,-1.));
#9548 = ( GEOMETRIC_REPRESENTATION_CONTEXT(2) 
PARAMETRIC_REPRESENTATION_CONTEXT() REPRESENTATION_CONTEXT('2D SPACE',''
  ) );
#9549 = PCURVE('',#7833,#9550);
#9550 = DEFINITIONAL_REPRESENTATION('',(#9551),#9555);
#9551 = LINE('',#9552,#9553);
#9552 = CARTESIAN_POINT('',(-0.,0.));
#9553 = VECTOR('',#9554,1.);
#9554 = DIRECTION('',(-0.,-1.));
#9555 = ( GEOMETRIC_REPRESENTATION_CONTEXT(2) 
PARAMETRIC_REPRESENTATION_CONTEXT() REPRESENTATION_CONTEXT('2D SPACE',''
  ) );
#9556 = ORIENTED_EDGE('',*,*,#8647,.F.);
#9557 = ORIENTED_EDGE('',*,*,#9536,.F.);
#9558 = ( GEOMETRIC_REPRESENTATION_CONTEXT(3) 
GLOBAL_UNCERTAINTY_ASSIGNED_CONTEXT((#9562)) 
GLOBAL_UNIT_ASSIGNED_CONTEXT((#9559,#9560,#9561)) REPRESENTATION_CONTEXT
('Context #1','3D Context with UNIT and UNCERTAINTY') );
#9559 = ( LENGTH_UNIT() NAMED_UNIT(*) SI_UNIT(.MILLI.,.METRE.) );
#9560 = ( NAMED_UNIT(*) PLANE_ANGLE_UNIT() SI_UNIT($,.RADIAN.) );
#9561 = ( NAMED_UNIT(*) SI_UNIT($,.STERADIAN.) SOLID_ANGLE_UNIT() );
#9562 = UNCERTAINTY_MEASURE_WITH_UNIT(LENGTH_MEASURE(1.E-07),#9559,
  'distance_accuracy_value','confusion accuracy');
#9563 = CONTEXT_DEPENDENT_SHAPE_REPRESENTATION(#9564,#9566);
#9564 = ( REPRESENTATION_RELATIONSHIP('','',#6755,#10) 
REPRESENTATION_RELATIONSHIP_WITH_TRANSFORMATION(#9565) 
SHAPE_REPRESENTATION_RELATIONSHIP() );
#9565 = ITEM_DEFINED_TRANSFORMATION('','',#11,#35);
#9566 = PRODUCT_DEFINITION_SHAPE('Placement','Placement of an item',
  #9567);
#9567 = NEXT_ASSEMBLY_USAGE_OCCURRENCE('16','07_stoyka_pravaya','',#5,
  #6750,$);
#9568 = PRODUCT_RELATED_PRODUCT_CATEGORY('part',$,(#6752));
#9569 = SHAPE_DEFINITION_REPRESENTATION(#9570,#9576);
#9570 = PRODUCT_DEFINITION_SHAPE('','',#9571);
#9571 = PRODUCT_DEFINITION('design','',#9572,#9575);
#9572 = PRODUCT_DEFINITION_FORMATION('','',#9573);
#9573 = PRODUCT('08_peremychka','08_peremychka','',(#9574));
#9574 = PRODUCT_CONTEXT('',#2,'mechanical');
#9575 = PRODUCT_DEFINITION_CONTEXT('part definition',#2,'design');
#9576 = ADVANCED_BREP_SHAPE_REPRESENTATION('',(#11,#9577),#12619);
#9577 = MANIFOLD_SOLID_BREP('',#9578);
#9578 = CLOSED_SHELL('',(#9579,#9699,#9775,#9851,#10845,#11664,#11689,
    #11714,#11759,#11786,#11813,#11838,#11863,#11890,#11917,#11944,
    #11971,#11996,#12021,#12048,#12075,#12102,#12129,#12154,#12179,
    #12206,#12233,#12260,#12285,#12292,#12319,#12346,#12371,#12398,
    #12425,#12450,#12477,#12504,#12511,#12558,#12585,#12612));
#9579 = ADVANCED_FACE('',(#9580),#9594,.F.);
#9580 = FACE_BOUND('',#9581,.F.);
#9581 = EDGE_LOOP('',(#9582,#9617,#9645,#9673));
#9582 = ORIENTED_EDGE('',*,*,#9583,.T.);
#9583 = EDGE_CURVE('',#9584,#9586,#9588,.T.);
#9584 = VERTEX_POINT('',#9585);
#9585 = CARTESIAN_POINT('',(-38.,-35.,7.));
#9586 = VERTEX_POINT('',#9587);
#9587 = CARTESIAN_POINT('',(-33.,-35.,7.));
#9588 = SURFACE_CURVE('',#9589,(#9593,#9605),.PCURVE_S1.);
#9589 = LINE('',#9590,#9591);
#9590 = CARTESIAN_POINT('',(-38.,-35.,7.));
#9591 = VECTOR('',#9592,1.);
#9592 = DIRECTION('',(1.,0.,0.));
#9593 = PCURVE('',#9594,#9599);
#9594 = PLANE('',#9595);
#9595 = AXIS2_PLACEMENT_3D('',#9596,#9597,#9598);
#9596 = CARTESIAN_POINT('',(-38.,-35.,7.));
#9597 = DIRECTION('',(0.,0.,1.));
#9598 = DIRECTION('',(0.,1.,0.));
#9599 = DEFINITIONAL_REPRESENTATION('',(#9600),#9604);
#9600 = LINE('',#9601,#9602);
#9601 = CARTESIAN_POINT('',(0.,0.));
#9602 = VECTOR('',#9603,1.);
#9603 = DIRECTION('',(0.,-1.));
#9604 = ( GEOMETRIC_REPRESENTATION_CONTEXT(2) 
PARAMETRIC_REPRESENTATION_CONTEXT() REPRESENTATION_CONTEXT('2D SPACE',''
  ) );
#9605 = PCURVE('',#9606,#9611);
#9606 = PLANE('',#9607);
#9607 = AXIS2_PLACEMENT_3D('',#9608,#9609,#9610);
#9608 = CARTESIAN_POINT('',(-38.,-35.,29.));
#9609 = DIRECTION('',(0.,1.,0.));
#9610 = DIRECTION('',(0.,0.,-1.));
#9611 = DEFINITIONAL_REPRESENTATION('',(#9612),#9616);
#9612 = LINE('',#9613,#9614);
#9613 = CARTESIAN_POINT('',(22.,0.));
#9614 = VECTOR('',#9615,1.);
#9615 = DIRECTION('',(0.,-1.));
#9616 = ( GEOMETRIC_REPRESENTATION_CONTEXT(2) 
PARAMETRIC_REPRESENTATION_CONTEXT() REPRESENTATION_CONTEXT('2D SPACE',''
  ) );
#9617 = ORIENTED_EDGE('',*,*,#9618,.T.);
#9618 = EDGE_CURVE('',#9586,#9619,#9621,.T.);
#9619 = VERTEX_POINT('',#9620);
#9620 = CARTESIAN_POINT('',(-33.,27.5,7.));
#9621 = SURFACE_CURVE('',#9622,(#9626,#9633),.PCURVE_S1.);
#9622 = LINE('',#9623,#9624);
#9623 = CARTESIAN_POINT('',(-33.,-35.,7.));
#9624 = VECTOR('',#9625,1.);
#9625 = DIRECTION('',(0.,1.,0.));
#9626 = PCURVE('',#9594,#9627);
#9627 = DEFINITIONAL_REPRESENTATION('',(#9628),#9632);
#9628 = LINE('',#9629,#9630);
#9629 = CARTESIAN_POINT('',(0.,-5.));
#9630 = VECTOR('',#9631,1.);
#9631 = DIRECTION('',(1.,0.));
#9632 = ( GEOMETRIC_REPRESENTATION_CONTEXT(2) 
PARAMETRIC_REPRESENTATION_CONTEXT() REPRESENTATION_CONTEXT('2D SPACE',''
  ) );
#9633 = PCURVE('',#9634,#9639);
#9634 = PLANE('',#9635);
#9635 = AXIS2_PLACEMENT_3D('',#9636,#9637,#9638);
#9636 = CARTESIAN_POINT('',(-33.,-3.75,18.));
#9637 = DIRECTION('',(1.,0.,0.));
#9638 = DIRECTION('',(0.,1.,0.));
#9639 = DEFINITIONAL_REPRESENTATION('',(#9640),#9644);
#9640 = LINE('',#9641,#9642);
#9641 = CARTESIAN_POINT('',(-31.25,-11.));
#9642 = VECTOR('',#9643,1.);
#9643 = DIRECTION('',(1.,0.));
#9644 = ( GEOMETRIC_REPRESENTATION_CONTEXT(2) 
PARAMETRIC_REPRESENTATION_CONTEXT() REPRESENTATION_CONTEXT('2D SPACE',''
  ) );
#9645 = ORIENTED_EDGE('',*,*,#9646,.F.);
#9646 = EDGE_CURVE('',#9647,#9619,#9649,.T.);
#9647 = VERTEX_POINT('',#9648);
#9648 = CARTESIAN_POINT('',(-38.,27.5,7.));
#9649 = SURFACE_CURVE('',#9650,(#9654,#9661),.PCURVE_S1.);
#9650 = LINE('',#9651,#9652);
#9651 = CARTESIAN_POINT('',(-38.,27.5,7.));
#9652 = VECTOR('',#9653,1.);
#9653 = DIRECTION('',(1.,0.,0.));
#9654 = PCURVE('',#9594,#9655);
#9655 = DEFINITIONAL_REPRESENTATION('',(#9656),#9660);
#9656 = LINE('',#9657,#9658);
#9657 = CARTESIAN_POINT('',(62.5,0.));
#9658 = VECTOR('',#9659,1.);
#9659 = DIRECTION('',(0.,-1.));
#9660 = ( GEOMETRIC_REPRESENTATION_CONTEXT(2) 
PARAMETRIC_REPRESENTATION_CONTEXT() REPRESENTATION_CONTEXT('2D SPACE',''
  ) );
#9661 = PCURVE('',#9662,#9667);
#9662 = PLANE('',#9663);
#9663 = AXIS2_PLACEMENT_3D('',#9664,#9665,#9666);
#9664 = CARTESIAN_POINT('',(-38.,27.5,7.));
#9665 = DIRECTION('',(0.,-1.,0.));
#9666 = DIRECTION('',(0.,0.,1.));
#9667 = DEFINITIONAL_REPRESENTATION('',(#9668),#9672);
#9668 = LINE('',#9669,#9670);
#9669 = CARTESIAN_POINT('',(0.,0.));
#9670 = VECTOR('',#9671,1.);
#9671 = DIRECTION('',(0.,-1.));
#9672 = ( GEOMETRIC_REPRESENTATION_CONTEXT(2) 
PARAMETRIC_REPRESENTATION_CONTEXT() REPRESENTATION_CONTEXT('2D SPACE',''
  ) );
#9673 = ORIENTED_EDGE('',*,*,#9674,.F.);
#9674 = EDGE_CURVE('',#9584,#9647,#9675,.T.);
#9675 = SURFACE_CURVE('',#9676,(#9680,#9687),.PCURVE_S1.);
#9676 = LINE('',#9677,#9678);
#9677 = CARTESIAN_POINT('',(-38.,-35.,7.));
#9678 = VECTOR('',#9679,1.);
#9679 = DIRECTION('',(0.,1.,0.));
#9680 = PCURVE('',#9594,#9681);
#9681 = DEFINITIONAL_REPRESENTATION('',(#9682),#9686);
#9682 = LINE('',#9683,#9684);
#9683 = CARTESIAN_POINT('',(0.,0.));
#9684 = VECTOR('',#9685,1.);
#9685 = DIRECTION('',(1.,0.));
#9686 = ( GEOMETRIC_REPRESENTATION_CONTEXT(2) 
PARAMETRIC_REPRESENTATION_CONTEXT() REPRESENTATION_CONTEXT('2D SPACE',''
  ) );
#9687 = PCURVE('',#9688,#9693);
#9688 = PLANE('',#9689);
#9689 = AXIS2_PLACEMENT_3D('',#9690,#9691,#9692);
#9690 = CARTESIAN_POINT('',(-38.,-3.75,18.));
#9691 = DIRECTION('',(1.,0.,0.));
#9692 = DIRECTION('',(0.,1.,0.));
#9693 = DEFINITIONAL_REPRESENTATION('',(#9694),#9698);
#9694 = LINE('',#9695,#9696);
#9695 = CARTESIAN_POINT('',(-31.25,-11.));
#9696 = VECTOR('',#9697,1.);
#9697 = DIRECTION('',(1.,0.));
#9698 = ( GEOMETRIC_REPRESENTATION_CONTEXT(2) 
PARAMETRIC_REPRESENTATION_CONTEXT() REPRESENTATION_CONTEXT('2D SPACE',''
  ) );
#9699 = ADVANCED_FACE('',(#9700),#9606,.F.);
#9700 = FACE_BOUND('',#9701,.F.);
#9701 = EDGE_LOOP('',(#9702,#9725,#9753,#9774));
#9702 = ORIENTED_EDGE('',*,*,#9703,.F.);
#9703 = EDGE_CURVE('',#9704,#9584,#9706,.T.);
#9704 = VERTEX_POINT('',#9705);
#9705 = CARTESIAN_POINT('',(-38.,-35.,10.85));
#9706 = SURFACE_CURVE('',#9707,(#9711,#9718),.PCURVE_S1.);
#9707 = LINE('',#9708,#9709);
#9708 = CARTESIAN_POINT('',(-38.,-35.,29.));
#9709 = VECTOR('',#9710,1.);
#9710 = DIRECTION('',(0.,0.,-1.));
#9711 = PCURVE('',#9606,#9712);
#9712 = DEFINITIONAL_REPRESENTATION('',(#9713),#9717);
#9713 = LINE('',#9714,#9715);
#9714 = CARTESIAN_POINT('',(0.,0.));
#9715 = VECTOR('',#9716,1.);
#9716 = DIRECTION('',(1.,0.));
#9717 = ( GEOMETRIC_REPRESENTATION_CONTEXT(2) 
PARAMETRIC_REPRESENTATION_CONTEXT() REPRESENTATION_CONTEXT('2D SPACE',''
  ) );
#9718 = PCURVE('',#9688,#9719);
#9719 = DEFINITIONAL_REPRESENTATION('',(#9720),#9724);
#9720 = LINE('',#9721,#9722);
#9721 = CARTESIAN_POINT('',(-31.25,11.));
#9722 = VECTOR('',#9723,1.);
#9723 = DIRECTION('',(0.,-1.));
#9724 = ( GEOMETRIC_REPRESENTATION_CONTEXT(2) 
PARAMETRIC_REPRESENTATION_CONTEXT() REPRESENTATION_CONTEXT('2D SPACE',''
  ) );
#9725 = ORIENTED_EDGE('',*,*,#9726,.T.);
#9726 = EDGE_CURVE('',#9704,#9727,#9729,.T.);
#9727 = VERTEX_POINT('',#9728);
#9728 = CARTESIAN_POINT('',(-33.,-35.,10.85));
#9729 = SURFACE_CURVE('',#9730,(#9734,#9741),.PCURVE_S1.);
#9730 = LINE('',#9731,#9732);
#9731 = CARTESIAN_POINT('',(-88.,-35.,10.85));
#9732 = VECTOR('',#9733,1.);
#9733 = DIRECTION('',(1.,0.,0.));
#9734 = PCURVE('',#9606,#9735);
#9735 = DEFINITIONAL_REPRESENTATION('',(#9736),#9740);
#9736 = LINE('',#9737,#9738);
#9737 = CARTESIAN_POINT('',(18.15,50.));
#9738 = VECTOR('',#9739,1.);
#9739 = DIRECTION('',(0.,-1.));
#9740 = ( GEOMETRIC_REPRESENTATION_CONTEXT(2) 
PARAMETRIC_REPRESENTATION_CONTEXT() REPRESENTATION_CONTEXT('2D SPACE',''
  ) );
#9741 = PCURVE('',#9742,#9747);
#9742 = PLANE('',#9743);
#9743 = AXIS2_PLACEMENT_3D('',#9744,#9745,#9746);
#9744 = CARTESIAN_POINT('',(-88.,-25.,10.85));
#9745 = DIRECTION('',(0.,0.,-1.));
#9746 = DIRECTION('',(0.,-1.,0.));
#9747 = DEFINITIONAL_REPRESENTATION('',(#9748),#9752);
#9748 = LINE('',#9749,#9750);
#9749 = CARTESIAN_POINT('',(10.,0.));
#9750 = VECTOR('',#9751,1.);
#9751 = DIRECTION('',(0.,-1.));
#9752 = ( GEOMETRIC_REPRESENTATION_CONTEXT(2) 
PARAMETRIC_REPRESENTATION_CONTEXT() REPRESENTATION_CONTEXT('2D SPACE',''
  ) );
#9753 = ORIENTED_EDGE('',*,*,#9754,.T.);
#9754 = EDGE_CURVE('',#9727,#9586,#9755,.T.);
#9755 = SURFACE_CURVE('',#9756,(#9760,#9767),.PCURVE_S1.);
#9756 = LINE('',#9757,#9758);
#9757 = CARTESIAN_POINT('',(-33.,-35.,29.));
#9758 = VECTOR('',#9759,1.);
#9759 = DIRECTION('',(0.,0.,-1.));
#9760 = PCURVE('',#9606,#9761);
#9761 = DEFINITIONAL_REPRESENTATION('',(#9762),#9766);
#9762 = LINE('',#9763,#9764);
#9763 = CARTESIAN_POINT('',(0.,-5.));
#9764 = VECTOR('',#9765,1.);
#9765 = DIRECTION('',(1.,0.));
#9766 = ( GEOMETRIC_REPRESENTATION_CONTEXT(2) 
PARAMETRIC_REPRESENTATION_CONTEXT() REPRESENTATION_CONTEXT('2D SPACE',''
  ) );
#9767 = PCURVE('',#9634,#9768);
#9768 = DEFINITIONAL_REPRESENTATION('',(#9769),#9773);
#9769 = LINE('',#9770,#9771);
#9770 = CARTESIAN_POINT('',(-31.25,11.));
#9771 = VECTOR('',#9772,1.);
#9772 = DIRECTION('',(0.,-1.));
#9773 = ( GEOMETRIC_REPRESENTATION_CONTEXT(2) 
PARAMETRIC_REPRESENTATION_CONTEXT() REPRESENTATION_CONTEXT('2D SPACE',''
  ) );
#9774 = ORIENTED_EDGE('',*,*,#9583,.F.);
#9775 = ADVANCED_FACE('',(#9776),#9662,.F.);
#9776 = FACE_BOUND('',#9777,.F.);
#9777 = EDGE_LOOP('',(#9778,#9801,#9802,#9825));
#9778 = ORIENTED_EDGE('',*,*,#9779,.F.);
#9779 = EDGE_CURVE('',#9647,#9780,#9782,.T.);
#9780 = VERTEX_POINT('',#9781);
#9781 = CARTESIAN_POINT('',(-38.,27.5,10.85));
#9782 = SURFACE_CURVE('',#9783,(#9787,#9794),.PCURVE_S1.);
#9783 = LINE('',#9784,#9785);
#9784 = CARTESIAN_POINT('',(-38.,27.5,7.));
#9785 = VECTOR('',#9786,1.);
#9786 = DIRECTION('',(0.,0.,1.));
#9787 = PCURVE('',#9662,#9788);
#9788 = DEFINITIONAL_REPRESENTATION('',(#9789),#9793);
#9789 = LINE('',#9790,#9791);
#9790 = CARTESIAN_POINT('',(0.,0.));
#9791 = VECTOR('',#9792,1.);
#9792 = DIRECTION('',(1.,0.));
#9793 = ( GEOMETRIC_REPRESENTATION_CONTEXT(2) 
PARAMETRIC_REPRESENTATION_CONTEXT() REPRESENTATION_CONTEXT('2D SPACE',''
  ) );
#9794 = PCURVE('',#9688,#9795);
#9795 = DEFINITIONAL_REPRESENTATION('',(#9796),#9800);
#9796 = LINE('',#9797,#9798);
#9797 = CARTESIAN_POINT('',(31.25,-11.));
#9798 = VECTOR('',#9799,1.);
#9799 = DIRECTION('',(0.,1.));
#9800 = ( GEOMETRIC_REPRESENTATION_CONTEXT(2) 
PARAMETRIC_REPRESENTATION_CONTEXT() REPRESENTATION_CONTEXT('2D SPACE',''
  ) );
#9801 = ORIENTED_EDGE('',*,*,#9646,.T.);
#9802 = ORIENTED_EDGE('',*,*,#9803,.T.);
#9803 = EDGE_CURVE('',#9619,#9804,#9806,.T.);
#9804 = VERTEX_POINT('',#9805);
#9805 = CARTESIAN_POINT('',(-33.,27.5,10.85));
#9806 = SURFACE_CURVE('',#9807,(#9811,#9818),.PCURVE_S1.);
#9807 = LINE('',#9808,#9809);
#9808 = CARTESIAN_POINT('',(-33.,27.5,7.));
#9809 = VECTOR('',#9810,1.);
#9810 = DIRECTION('',(0.,0.,1.));
#9811 = PCURVE('',#9662,#9812);
#9812 = DEFINITIONAL_REPRESENTATION('',(#9813),#9817);
#9813 = LINE('',#9814,#9815);
#9814 = CARTESIAN_POINT('',(0.,-5.));
#9815 = VECTOR('',#9816,1.);
#9816 = DIRECTION('',(1.,0.));
#9817 = ( GEOMETRIC_REPRESENTATION_CONTEXT(2) 
PARAMETRIC_REPRESENTATION_CONTEXT() REPRESENTATION_CONTEXT('2D SPACE',''
  ) );
#9818 = PCURVE('',#9634,#9819);
#9819 = DEFINITIONAL_REPRESENTATION('',(#9820),#9824);
#9820 = LINE('',#9821,#9822);
#9821 = CARTESIAN_POINT('',(31.25,-11.));
#9822 = VECTOR('',#9823,1.);
#9823 = DIRECTION('',(0.,1.));
#9824 = ( GEOMETRIC_REPRESENTATION_CONTEXT(2) 
PARAMETRIC_REPRESENTATION_CONTEXT() REPRESENTATION_CONTEXT('2D SPACE',''
  ) );
#9825 = ORIENTED_EDGE('',*,*,#9826,.F.);
#9826 = EDGE_CURVE('',#9780,#9804,#9827,.T.);
#9827 = SURFACE_CURVE('',#9828,(#9832,#9839),.PCURVE_S1.);
#9828 = LINE('',#9829,#9830);
#9829 = CARTESIAN_POINT('',(-88.,27.5,10.85));
#9830 = VECTOR('',#9831,1.);
#9831 = DIRECTION('',(1.,0.,0.));
#9832 = PCURVE('',#9662,#9833);
#9833 = DEFINITIONAL_REPRESENTATION('',(#9834),#9838);
#9834 = LINE('',#9835,#9836);
#9835 = CARTESIAN_POINT('',(3.85,50.));
#9836 = VECTOR('',#9837,1.);
#9837 = DIRECTION('',(0.,-1.));
#9838 = ( GEOMETRIC_REPRESENTATION_CONTEXT(2) 
PARAMETRIC_REPRESENTATION_CONTEXT() REPRESENTATION_CONTEXT('2D SPACE',''
  ) );
#9839 = PCURVE('',#9840,#9845);
#9840 = PLANE('',#9841);
#9841 = AXIS2_PLACEMENT_3D('',#9842,#9843,#9844);
#9842 = CARTESIAN_POINT('',(-88.,27.5,10.85));
#9843 = DIRECTION('',(0.,0.,-1.));
#9844 = DIRECTION('',(0.,-1.,0.));
#9845 = DEFINITIONAL_REPRESENTATION('',(#9846),#9850);
#9846 = LINE('',#9847,#9848);
#9847 = CARTESIAN_POINT('',(0.,-0.));
#9848 = VECTOR('',#9849,1.);
#9849 = DIRECTION('',(0.,-1.));
#9850 = ( GEOMETRIC_REPRESENTATION_CONTEXT(2) 
PARAMETRIC_REPRESENTATION_CONTEXT() REPRESENTATION_CONTEXT('2D SPACE',''
  ) );
#9851 = ADVANCED_FACE('',(#9852,#10725),#9688,.F.);
#9852 = FACE_BOUND('',#9853,.F.);
#9853 = EDGE_LOOP('',(#9854,#9884,#9912,#9940,#9968,#9996,#10024,#10052,
    #10080,#10108,#10136,#10162,#10188,#10214,#10240,#10266,#10292,
    #10318,#10344,#10370,#10396,#10415,#10416,#10417,#10418,#10439,
    #10465,#10491,#10517,#10543,#10569,#10595,#10621,#10647,#10673,
    #10699));
#9854 = ORIENTED_EDGE('',*,*,#9855,.T.);
#9855 = EDGE_CURVE('',#9856,#9858,#9860,.T.);
#9856 = VERTEX_POINT('',#9857);
#9857 = CARTESIAN_POINT('',(-38.,27.5,17.));
#9858 = VERTEX_POINT('',#9859);
#9859 = CARTESIAN_POINT('',(-38.,32.5,17.));
#9860 = SURFACE_CURVE('',#9861,(#9865,#9872),.PCURVE_S1.);
#9861 = LINE('',#9862,#9863);
#9862 = CARTESIAN_POINT('',(-38.,27.49,17.));
#9863 = VECTOR('',#9864,1.);
#9864 = DIRECTION('',(0.,1.,0.));
#9865 = PCURVE('',#9688,#9866);
#9866 = DEFINITIONAL_REPRESENTATION('',(#9867),#9871);
#9867 = LINE('',#9868,#9869);
#9868 = CARTESIAN_POINT('',(31.24,-1.));
#9869 = VECTOR('',#9870,1.);
#9870 = DIRECTION('',(1.,0.));
#9871 = ( GEOMETRIC_REPRESENTATION_CONTEXT(2) 
PARAMETRIC_REPRESENTATION_CONTEXT() REPRESENTATION_CONTEXT('2D SPACE',''
  ) );
#9872 = PCURVE('',#9873,#9878);
#9873 = PLANE('',#9874);
#9874 = AXIS2_PLACEMENT_3D('',#9875,#9876,#9877);
#9875 = CARTESIAN_POINT('',(-38.,27.49,17.));
#9876 = DIRECTION('',(0.,0.,1.));
#9877 = DIRECTION('',(0.,1.,0.));
#9878 = DEFINITIONAL_REPRESENTATION('',(#9879),#9883);
#9879 = LINE('',#9880,#9881);
#9880 = CARTESIAN_POINT('',(0.,0.));
#9881 = VECTOR('',#9882,1.);
#9882 = DIRECTION('',(1.,0.));
#9883 = ( GEOMETRIC_REPRESENTATION_CONTEXT(2) 
PARAMETRIC_REPRESENTATION_CONTEXT() REPRESENTATION_CONTEXT('2D SPACE',''
  ) );
#9884 = ORIENTED_EDGE('',*,*,#9885,.T.);
#9885 = EDGE_CURVE('',#9858,#9886,#9888,.T.);
#9886 = VERTEX_POINT('',#9887);
#9887 = CARTESIAN_POINT('',(-38.,32.5,26.));
#9888 = SURFACE_CURVE('',#9889,(#9893,#9900),.PCURVE_S1.);
#9889 = LINE('',#9890,#9891);
#9890 = CARTESIAN_POINT('',(-38.,32.5,17.));
#9891 = VECTOR('',#9892,1.);
#9892 = DIRECTION('',(0.,0.,1.));
#9893 = PCURVE('',#9688,#9894);
#9894 = DEFINITIONAL_REPRESENTATION('',(#9895),#9899);
#9895 = LINE('',#9896,#9897);
#9896 = CARTESIAN_POINT('',(36.25,-1.));
#9897 = VECTOR('',#9898,1.);
#9898 = DIRECTION('',(0.,1.));
#9899 = ( GEOMETRIC_REPRESENTATION_CONTEXT(2) 
PARAMETRIC_REPRESENTATION_CONTEXT() REPRESENTATION_CONTEXT('2D SPACE',''
  ) );
#9900 = PCURVE('',#9901,#9906);
#9901 = PLANE('',#9902);
#9902 = AXIS2_PLACEMENT_3D('',#9903,#9904,#9905);
#9903 = CARTESIAN_POINT('',(-38.,32.5,17.));
#9904 = DIRECTION('',(0.,-1.,0.));
#9905 = DIRECTION('',(0.,0.,1.));
#9906 = DEFINITIONAL_REPRESENTATION('',(#9907),#9911);
#9907 = LINE('',#9908,#9909);
#9908 = CARTESIAN_POINT('',(0.,0.));
#9909 = VECTOR('',#9910,1.);
#9910 = DIRECTION('',(1.,0.));
#9911 = ( GEOMETRIC_REPRESENTATION_CONTEXT(2) 
PARAMETRIC_REPRESENTATION_CONTEXT() REPRESENTATION_CONTEXT('2D SPACE',''
  ) );
#9912 = ORIENTED_EDGE('',*,*,#9913,.T.);
#9913 = EDGE_CURVE('',#9886,#9914,#9916,.T.);
#9914 = VERTEX_POINT('',#9915);
#9915 = CARTESIAN_POINT('',(-38.,27.5,26.));
#9916 = SURFACE_CURVE('',#9917,(#9921,#9928),.PCURVE_S1.);
#9917 = LINE('',#9918,#9919);
#9918 = CARTESIAN_POINT('',(-38.,32.5,26.));
#9919 = VECTOR('',#9920,1.);
#9920 = DIRECTION('',(0.,-1.,0.));
#9921 = PCURVE('',#9688,#9922);
#9922 = DEFINITIONAL_REPRESENTATION('',(#9923),#9927);
#9923 = LINE('',#9924,#9925);
#9924 = CARTESIAN_POINT('',(36.25,8.));
#9925 = VECTOR('',#9926,1.);
#9926 = DIRECTION('',(-1.,0.));
#9927 = ( GEOMETRIC_REPRESENTATION_CONTEXT(2) 
PARAMETRIC_REPRESENTATION_CONTEXT() REPRESENTATION_CONTEXT('2D SPACE',''
  ) );
#9928 = PCURVE('',#9929,#9934);
#9929 = PLANE('',#9930);
#9930 = AXIS2_PLACEMENT_3D('',#9931,#9932,#9933);
#9931 = CARTESIAN_POINT('',(-38.,32.5,26.));
#9932 = DIRECTION('',(0.,0.,-1.));
#9933 = DIRECTION('',(0.,-1.,0.));
#9934 = DEFINITIONAL_REPRESENTATION('',(#9935),#9939);
#9935 = LINE('',#9936,#9937);
#9936 = CARTESIAN_POINT('',(0.,-0.));
#9937 = VECTOR('',#9938,1.);
#9938 = DIRECTION('',(1.,0.));
#9939 = ( GEOMETRIC_REPRESENTATION_CONTEXT(2) 
PARAMETRIC_REPRESENTATION_CONTEXT() REPRESENTATION_CONTEXT('2D SPACE',''
  ) );
#9940 = ORIENTED_EDGE('',*,*,#9941,.T.);
#9941 = EDGE_CURVE('',#9914,#9942,#9944,.T.);
#9942 = VERTEX_POINT('',#9943);
#9943 = CARTESIAN_POINT('',(-38.,27.5,29.));
#9944 = SURFACE_CURVE('',#9945,(#9949,#9956),.PCURVE_S1.);
#9945 = LINE('',#9946,#9947);
#9946 = CARTESIAN_POINT('',(-38.,27.5,7.));
#9947 = VECTOR('',#9948,1.);
#9948 = DIRECTION('',(0.,0.,1.));
#9949 = PCURVE('',#9688,#9950);
#9950 = DEFINITIONAL_REPRESENTATION('',(#9951),#9955);
#9951 = LINE('',#9952,#9953);
#9952 = CARTESIAN_POINT('',(31.25,-11.));
#9953 = VECTOR('',#9954,1.);
#9954 = DIRECTION('',(0.,1.));
#9955 = ( GEOMETRIC_REPRESENTATION_CONTEXT(2) 
PARAMETRIC_REPRESENTATION_CONTEXT() REPRESENTATION_CONTEXT('2D SPACE',''
  ) );
#9956 = PCURVE('',#9957,#9962);
#9957 = PLANE('',#9958);
#9958 = AXIS2_PLACEMENT_3D('',#9959,#9960,#9961);
#9959 = CARTESIAN_POINT('',(-38.,27.5,7.));
#9960 = DIRECTION('',(0.,-1.,0.));
#9961 = DIRECTION('',(0.,0.,1.));
#9962 = DEFINITIONAL_REPRESENTATION('',(#9963),#9967);
#9963 = LINE('',#9964,#9965);
#9964 = CARTESIAN_POINT('',(0.,0.));
#9965 = VECTOR('',#9966,1.);
#9966 = DIRECTION('',(1.,0.));
#9967 = ( GEOMETRIC_REPRESENTATION_CONTEXT(2) 
PARAMETRIC_REPRESENTATION_CONTEXT() REPRESENTATION_CONTEXT('2D SPACE',''
  ) );
#9968 = ORIENTED_EDGE('',*,*,#9969,.T.);
#9969 = EDGE_CURVE('',#9942,#9970,#9972,.T.);
#9970 = VERTEX_POINT('',#9971);
#9971 = CARTESIAN_POINT('',(-38.,-35.,29.));
#9972 = SURFACE_CURVE('',#9973,(#9977,#9984),.PCURVE_S1.);
#9973 = LINE('',#9974,#9975);
#9974 = CARTESIAN_POINT('',(-38.,27.5,29.));
#9975 = VECTOR('',#9976,1.);
#9976 = DIRECTION('',(0.,-1.,0.));
#9977 = PCURVE('',#9688,#9978);
#9978 = DEFINITIONAL_REPRESENTATION('',(#9979),#9983);
#9979 = LINE('',#9980,#9981);
#9980 = CARTESIAN_POINT('',(31.25,11.));
#9981 = VECTOR('',#9982,1.);
#9982 = DIRECTION('',(-1.,0.));
#9983 = ( GEOMETRIC_REPRESENTATION_CONTEXT(2) 
PARAMETRIC_REPRESENTATION_CONTEXT() REPRESENTATION_CONTEXT('2D SPACE',''
  ) );
#9984 = PCURVE('',#9985,#9990);
#9985 = PLANE('',#9986);
#9986 = AXIS2_PLACEMENT_3D('',#9987,#9988,#9989);
#9987 = CARTESIAN_POINT('',(-38.,27.5,29.));
#9988 = DIRECTION('',(0.,0.,-1.));
#9989 = DIRECTION('',(0.,-1.,0.));
#9990 = DEFINITIONAL_REPRESENTATION('',(#9991),#9995);
#9991 = LINE('',#9992,#9993);
#9992 = CARTESIAN_POINT('',(0.,-0.));
#9993 = VECTOR('',#9994,1.);
#9994 = DIRECTION('',(1.,0.));
#9995 = ( GEOMETRIC_REPRESENTATION_CONTEXT(2) 
PARAMETRIC_REPRESENTATION_CONTEXT() REPRESENTATION_CONTEXT('2D SPACE',''
  ) );
#9996 = ORIENTED_EDGE('',*,*,#9997,.T.);
#9997 = EDGE_CURVE('',#9970,#9998,#10000,.T.);
#9998 = VERTEX_POINT('',#9999);
#9999 = CARTESIAN_POINT('',(-38.,-35.,26.));
#10000 = SURFACE_CURVE('',#10001,(#10005,#10012),.PCURVE_S1.);
#10001 = LINE('',#10002,#10003);
#10002 = CARTESIAN_POINT('',(-38.,-35.,29.));
#10003 = VECTOR('',#10004,1.);
#10004 = DIRECTION('',(0.,0.,-1.));
#10005 = PCURVE('',#9688,#10006);
#10006 = DEFINITIONAL_REPRESENTATION('',(#10007),#10011);
#10007 = LINE('',#10008,#10009);
#10008 = CARTESIAN_POINT('',(-31.25,11.));
#10009 = VECTOR('',#10010,1.);
#10010 = DIRECTION('',(0.,-1.));
#10011 = ( GEOMETRIC_REPRESENTATION_CONTEXT(2) 
PARAMETRIC_REPRESENTATION_CONTEXT() REPRESENTATION_CONTEXT('2D SPACE',''
  ) );
#10012 = PCURVE('',#10013,#10018);
#10013 = PLANE('',#10014);
#10014 = AXIS2_PLACEMENT_3D('',#10015,#10016,#10017);
#10015 = CARTESIAN_POINT('',(-38.,-35.,29.));
#10016 = DIRECTION('',(0.,1.,0.));
#10017 = DIRECTION('',(0.,0.,-1.));
#10018 = DEFINITIONAL_REPRESENTATION('',(#10019),#10023);
#10019 = LINE('',#10020,#10021);
#10020 = CARTESIAN_POINT('',(0.,0.));
#10021 = VECTOR('',#10022,1.);
#10022 = DIRECTION('',(1.,0.));
#10023 = ( GEOMETRIC_REPRESENTATION_CONTEXT(2) 
PARAMETRIC_REPRESENTATION_CONTEXT() REPRESENTATION_CONTEXT('2D SPACE',''
  ) );
#10024 = ORIENTED_EDGE('',*,*,#10025,.T.);
#10025 = EDGE_CURVE('',#9998,#10026,#10028,.T.);
#10026 = VERTEX_POINT('',#10027);
#10027 = CARTESIAN_POINT('',(-38.,-40.,26.));
#10028 = SURFACE_CURVE('',#10029,(#10033,#10040),.PCURVE_S1.);
#10029 = LINE('',#10030,#10031);
#10030 = CARTESIAN_POINT('',(-38.,-34.99,26.));
#10031 = VECTOR('',#10032,1.);
#10032 = DIRECTION('',(0.,-1.,0.));
#10033 = PCURVE('',#9688,#10034);
#10034 = DEFINITIONAL_REPRESENTATION('',(#10035),#10039);
#10035 = LINE('',#10036,#10037);
#10036 = CARTESIAN_POINT('',(-31.24,8.));
#10037 = VECTOR('',#10038,1.);
#10038 = DIRECTION('',(-1.,0.));
#10039 = ( GEOMETRIC_REPRESENTATION_CONTEXT(2) 
PARAMETRIC_REPRESENTATION_CONTEXT() REPRESENTATION_CONTEXT('2D SPACE',''
  ) );
#10040 = PCURVE('',#10041,#10046);
#10041 = PLANE('',#10042);
#10042 = AXIS2_PLACEMENT_3D('',#10043,#10044,#10045);
#10043 = CARTESIAN_POINT('',(-38.,-34.99,26.));
#10044 = DIRECTION('',(0.,0.,-1.));
#10045 = DIRECTION('',(0.,-1.,0.));
#10046 = DEFINITIONAL_REPRESENTATION('',(#10047),#10051);
#10047 = LINE('',#10048,#10049);
#10048 = CARTESIAN_POINT('',(0.,-0.));
#10049 = VECTOR('',#10050,1.);
#10050 = DIRECTION('',(1.,0.));
#10051 = ( GEOMETRIC_REPRESENTATION_CONTEXT(2) 
PARAMETRIC_REPRESENTATION_CONTEXT() REPRESENTATION_CONTEXT('2D SPACE',''
  ) );
#10052 = ORIENTED_EDGE('',*,*,#10053,.T.);
#10053 = EDGE_CURVE('',#10026,#10054,#10056,.T.);
#10054 = VERTEX_POINT('',#10055);
#10055 = CARTESIAN_POINT('',(-38.,-40.,17.));
#10056 = SURFACE_CURVE('',#10057,(#10061,#10068),.PCURVE_S1.);
#10057 = LINE('',#10058,#10059);
#10058 = CARTESIAN_POINT('',(-38.,-40.,26.));
#10059 = VECTOR('',#10060,1.);
#10060 = DIRECTION('',(0.,0.,-1.));
#10061 = PCURVE('',#9688,#10062);
#10062 = DEFINITIONAL_REPRESENTATION('',(#10063),#10067);
#10063 = LINE('',#10064,#10065);
#10064 = CARTESIAN_POINT('',(-36.25,8.));
#10065 = VECTOR('',#10066,1.);
#10066 = DIRECTION('',(0.,-1.));
#10067 = ( GEOMETRIC_REPRESENTATION_CONTEXT(2) 
PARAMETRIC_REPRESENTATION_CONTEXT() REPRESENTATION_CONTEXT('2D SPACE',''
  ) );
#10068 = PCURVE('',#10069,#10074);
#10069 = PLANE('',#10070);
#10070 = AXIS2_PLACEMENT_3D('',#10071,#10072,#10073);
#10071 = CARTESIAN_POINT('',(-38.,-40.,26.));
#10072 = DIRECTION('',(0.,1.,0.));
#10073 = DIRECTION('',(0.,0.,-1.));
#10074 = DEFINITIONAL_REPRESENTATION('',(#10075),#10079);
#10075 = LINE('',#10076,#10077);
#10076 = CARTESIAN_POINT('',(0.,0.));
#10077 = VECTOR('',#10078,1.);
#10078 = DIRECTION('',(1.,0.));
#10079 = ( GEOMETRIC_REPRESENTATION_CONTEXT(2) 
PARAMETRIC_REPRESENTATION_CONTEXT() REPRESENTATION_CONTEXT('2D SPACE',''
  ) );
#10080 = ORIENTED_EDGE('',*,*,#10081,.T.);
#10081 = EDGE_CURVE('',#10054,#10082,#10084,.T.);
#10082 = VERTEX_POINT('',#10083);
#10083 = CARTESIAN_POINT('',(-38.,-35.,17.));
#10084 = SURFACE_CURVE('',#10085,(#10089,#10096),.PCURVE_S1.);
#10085 = LINE('',#10086,#10087);
#10086 = CARTESIAN_POINT('',(-38.,-40.,17.));
#10087 = VECTOR('',#10088,1.);
#10088 = DIRECTION('',(0.,1.,0.));
#10089 = PCURVE('',#9688,#10090);
#10090 = DEFINITIONAL_REPRESENTATION('',(#10091),#10095);
#10091 = LINE('',#10092,#10093);
#10092 = CARTESIAN_POINT('',(-36.25,-1.));
#10093 = VECTOR('',#10094,1.);
#10094 = DIRECTION('',(1.,0.));
#10095 = ( GEOMETRIC_REPRESENTATION_CONTEXT(2) 
PARAMETRIC_REPRESENTATION_CONTEXT() REPRESENTATION_CONTEXT('2D SPACE',''
  ) );
#10096 = PCURVE('',#10097,#10102);
#10097 = PLANE('',#10098);
#10098 = AXIS2_PLACEMENT_3D('',#10099,#10100,#10101);
#10099 = CARTESIAN_POINT('',(-38.,-40.,17.));
#10100 = DIRECTION('',(0.,0.,1.));
#10101 = DIRECTION('',(0.,1.,0.));
#10102 = DEFINITIONAL_REPRESENTATION('',(#10103),#10107);
#10103 = LINE('',#10104,#10105);
#10104 = CARTESIAN_POINT('',(0.,0.));
#10105 = VECTOR('',#10106,1.);
#10106 = DIRECTION('',(1.,0.));
#10107 = ( GEOMETRIC_REPRESENTATION_CONTEXT(2) 
PARAMETRIC_REPRESENTATION_CONTEXT() REPRESENTATION_CONTEXT('2D SPACE',''
  ) );
#10108 = ORIENTED_EDGE('',*,*,#10109,.T.);
#10109 = EDGE_CURVE('',#10082,#10110,#10112,.T.);
#10110 = VERTEX_POINT('',#10111);
#10111 = CARTESIAN_POINT('',(-38.,-35.,14.15));
#10112 = SURFACE_CURVE('',#10113,(#10117,#10124),.PCURVE_S1.);
#10113 = LINE('',#10114,#10115);
#10114 = CARTESIAN_POINT('',(-38.,-35.,29.));
#10115 = VECTOR('',#10116,1.);
#10116 = DIRECTION('',(0.,0.,-1.));
#10117 = PCURVE('',#9688,#10118);
#10118 = DEFINITIONAL_REPRESENTATION('',(#10119),#10123);
#10119 = LINE('',#10120,#10121);
#10120 = CARTESIAN_POINT('',(-31.25,11.));
#10121 = VECTOR('',#10122,1.);
#10122 = DIRECTION('',(0.,-1.));
#10123 = ( GEOMETRIC_REPRESENTATION_CONTEXT(2) 
PARAMETRIC_REPRESENTATION_CONTEXT() REPRESENTATION_CONTEXT('2D SPACE',''
  ) );
#10124 = PCURVE('',#10125,#10130);
#10125 = PLANE('',#10126);
#10126 = AXIS2_PLACEMENT_3D('',#10127,#10128,#10129);
#10127 = CARTESIAN_POINT('',(-38.,-35.,29.));
#10128 = DIRECTION('',(0.,1.,0.));
#10129 = DIRECTION('',(0.,0.,-1.));
#10130 = DEFINITIONAL_REPRESENTATION('',(#10131),#10135);
#10131 = LINE('',#10132,#10133);
#10132 = CARTESIAN_POINT('',(0.,0.));
#10133 = VECTOR('',#10134,1.);
#10134 = DIRECTION('',(1.,0.));
#10135 = ( GEOMETRIC_REPRESENTATION_CONTEXT(2) 
PARAMETRIC_REPRESENTATION_CONTEXT() REPRESENTATION_CONTEXT('2D SPACE',''
  ) );
#10136 = ORIENTED_EDGE('',*,*,#10137,.F.);
#10137 = EDGE_CURVE('',#10138,#10110,#10140,.T.);
#10138 = VERTEX_POINT('',#10139);
#10139 = CARTESIAN_POINT('',(-38.,-30.5,14.15));
#10140 = SURFACE_CURVE('',#10141,(#10145,#10151),.PCURVE_S1.);
#10141 = LINE('',#10142,#10143);
#10142 = CARTESIAN_POINT('',(-38.,-19.375,14.15));
#10143 = VECTOR('',#10144,1.);
#10144 = DIRECTION('',(0.,-1.,0.));
#10145 = PCURVE('',#9688,#10146);
#10146 = DEFINITIONAL_REPRESENTATION('',(#10147),#10150);
#10147 = B_SPLINE_CURVE_WITH_KNOTS('',1,(#10148,#10149),.UNSPECIFIED.,
  .F.,.F.,(2,2),(5.625,15.625),.PIECEWISE_BEZIER_KNOTS.);
#10148 = CARTESIAN_POINT('',(-21.25,-3.85));
#10149 = CARTESIAN_POINT('',(-31.25,-3.85));
#10150 = ( GEOMETRIC_REPRESENTATION_CONTEXT(2) 
PARAMETRIC_REPRESENTATION_CONTEXT() REPRESENTATION_CONTEXT('2D SPACE',''
  ) );
#10151 = PCURVE('',#10152,#10157);
#10152 = PLANE('',#10153);
#10153 = AXIS2_PLACEMENT_3D('',#10154,#10155,#10156);
#10154 = CARTESIAN_POINT('',(-88.,-35.,14.15));
#10155 = DIRECTION('',(0.,0.,1.));
#10156 = DIRECTION('',(0.,1.,0.));
#10157 = DEFINITIONAL_REPRESENTATION('',(#10158),#10161);
#10158 = B_SPLINE_CURVE_WITH_KNOTS('',1,(#10159,#10160),.UNSPECIFIED.,
  .F.,.F.,(2,2),(5.625,15.625),.PIECEWISE_BEZIER_KNOTS.);
#10159 = CARTESIAN_POINT('',(10.,-50.));
#10160 = CARTESIAN_POINT('',(0.,-50.));
#10161 = ( GEOMETRIC_REPRESENTATION_CONTEXT(2) 
PARAMETRIC_REPRESENTATION_CONTEXT() REPRESENTATION_CONTEXT('2D SPACE',''
  ) );
#10162 = ORIENTED_EDGE('',*,*,#10163,.F.);
#10163 = EDGE_CURVE('',#10164,#10138,#10166,.T.);
#10164 = VERTEX_POINT('',#10165);
#10165 = CARTESIAN_POINT('',(-38.,-30.5,15.4));
#10166 = SURFACE_CURVE('',#10167,(#10171,#10177),.PCURVE_S1.);
#10167 = LINE('',#10168,#10169);
#10168 = CARTESIAN_POINT('',(-38.,-30.5,13.8));
#10169 = VECTOR('',#10170,1.);
#10170 = DIRECTION('',(0.,0.,-1.));
#10171 = PCURVE('',#9688,#10172);
#10172 = DEFINITIONAL_REPRESENTATION('',(#10173),#10176);
#10173 = B_SPLINE_CURVE_WITH_KNOTS('',1,(#10174,#10175),.UNSPECIFIED.,
  .F.,.F.,(2,2),(-1.6,4.2),.PIECEWISE_BEZIER_KNOTS.);
#10174 = CARTESIAN_POINT('',(-26.75,-2.6));
#10175 = CARTESIAN_POINT('',(-26.75,-8.4));
#10176 = ( GEOMETRIC_REPRESENTATION_CONTEXT(2) 
PARAMETRIC_REPRESENTATION_CONTEXT() REPRESENTATION_CONTEXT('2D SPACE',''
  ) );
#10177 = PCURVE('',#10178,#10183);
#10178 = PLANE('',#10179);
#10179 = AXIS2_PLACEMENT_3D('',#10180,#10181,#10182);
#10180 = CARTESIAN_POINT('',(-88.,-30.5,9.6));
#10181 = DIRECTION('',(0.,-1.,0.));
#10182 = DIRECTION('',(0.,0.,1.));
#10183 = DEFINITIONAL_REPRESENTATION('',(#10184),#10187);
#10184 = B_SPLINE_CURVE_WITH_KNOTS('',1,(#10185,#10186),.UNSPECIFIED.,
  .F.,.F.,(2,2),(-1.6,4.2),.PIECEWISE_BEZIER_KNOTS.);
#10185 = CARTESIAN_POINT('',(5.8,-50.));
#10186 = CARTESIAN_POINT('',(0.,-50.));
#10187 = ( GEOMETRIC_REPRESENTATION_CONTEXT(2) 
PARAMETRIC_REPRESENTATION_CONTEXT() REPRESENTATION_CONTEXT('2D SPACE',''
  ) );
#10188 = ORIENTED_EDGE('',*,*,#10189,.F.);
#10189 = EDGE_CURVE('',#10190,#10164,#10192,.T.);
#10190 = VERTEX_POINT('',#10191);
#10191 = CARTESIAN_POINT('',(-38.,-27.9,15.4));
#10192 = SURFACE_CURVE('',#10193,(#10197,#10203),.PCURVE_S1.);
#10193 = LINE('',#10194,#10195);
#10194 = CARTESIAN_POINT('',(-38.,-17.125,15.4));
#10195 = VECTOR('',#10196,1.);
#10196 = DIRECTION('',(0.,-1.,0.));
#10197 = PCURVE('',#9688,#10198);
#10198 = DEFINITIONAL_REPRESENTATION('',(#10199),#10202);
#10199 = B_SPLINE_CURVE_WITH_KNOTS('',1,(#10200,#10201),.UNSPECIFIED.,
  .F.,.F.,(2,2),(10.775,13.375),.PIECEWISE_BEZIER_KNOTS.);
#10200 = CARTESIAN_POINT('',(-24.15,-2.6));
#10201 = CARTESIAN_POINT('',(-26.75,-2.6));
#10202 = ( GEOMETRIC_REPRESENTATION_CONTEXT(2) 
PARAMETRIC_REPRESENTATION_CONTEXT() REPRESENTATION_CONTEXT('2D SPACE',''
  ) );
#10203 = PCURVE('',#10204,#10209);
#10204 = PLANE('',#10205);
#10205 = AXIS2_PLACEMENT_3D('',#10206,#10207,#10208);
#10206 = CARTESIAN_POINT('',(-88.,-30.5,15.4));
#10207 = DIRECTION('',(0.,0.,1.));
#10208 = DIRECTION('',(0.,1.,0.));
#10209 = DEFINITIONAL_REPRESENTATION('',(#10210),#10213);
#10210 = B_SPLINE_CURVE_WITH_KNOTS('',1,(#10211,#10212),.UNSPECIFIED.,
  .F.,.F.,(2,2),(10.775,13.375),.PIECEWISE_BEZIER_KNOTS.);
#10211 = CARTESIAN_POINT('',(2.6,-50.));
#10212 = CARTESIAN_POINT('',(0.,-50.));
#10213 = ( GEOMETRIC_REPRESENTATION_CONTEXT(2) 
PARAMETRIC_REPRESENTATION_CONTEXT() REPRESENTATION_CONTEXT('2D SPACE',''
  ) );
#10214 = ORIENTED_EDGE('',*,*,#10215,.F.);
#10215 = EDGE_CURVE('',#10216,#10190,#10218,.T.);
#10216 = VERTEX_POINT('',#10217);
#10217 = CARTESIAN_POINT('',(-38.,-27.9,14.15));
#10218 = SURFACE_CURVE('',#10219,(#10223,#10229),.PCURVE_S1.);
#10219 = LINE('',#10220,#10221);
#10220 = CARTESIAN_POINT('',(-38.,-27.9,16.7));
#10221 = VECTOR('',#10222,1.);
#10222 = DIRECTION('',(0.,0.,1.));
#10223 = PCURVE('',#9688,#10224);
#10224 = DEFINITIONAL_REPRESENTATION('',(#10225),#10228);
#10225 = B_SPLINE_CURVE_WITH_KNOTS('',1,(#10226,#10227),.UNSPECIFIED.,
  .F.,.F.,(2,2),(-7.1,-1.3),.PIECEWISE_BEZIER_KNOTS.);
#10226 = CARTESIAN_POINT('',(-24.15,-8.4));
#10227 = CARTESIAN_POINT('',(-24.15,-2.6));
#10228 = ( GEOMETRIC_REPRESENTATION_CONTEXT(2) 
PARAMETRIC_REPRESENTATION_CONTEXT() REPRESENTATION_CONTEXT('2D SPACE',''
  ) );
#10229 = PCURVE('',#10230,#10235);
#10230 = PLANE('',#10231);
#10231 = AXIS2_PLACEMENT_3D('',#10232,#10233,#10234);
#10232 = CARTESIAN_POINT('',(-88.,-27.9,15.4));
#10233 = DIRECTION('',(0.,1.,0.));
#10234 = DIRECTION('',(0.,0.,-1.));
#10235 = DEFINITIONAL_REPRESENTATION('',(#10236),#10239);
#10236 = B_SPLINE_CURVE_WITH_KNOTS('',1,(#10237,#10238),.UNSPECIFIED.,
  .F.,.F.,(2,2),(-7.1,-1.3),.PIECEWISE_BEZIER_KNOTS.);
#10237 = CARTESIAN_POINT('',(5.8,-50.));
#10238 = CARTESIAN_POINT('',(0.,-50.));
#10239 = ( GEOMETRIC_REPRESENTATION_CONTEXT(2) 
PARAMETRIC_REPRESENTATION_CONTEXT() REPRESENTATION_CONTEXT('2D SPACE',''
  ) );
#10240 = ORIENTED_EDGE('',*,*,#10241,.F.);
#10241 = EDGE_CURVE('',#10242,#10216,#10244,.T.);
#10242 = VERTEX_POINT('',#10243);
#10243 = CARTESIAN_POINT('',(-38.,-25.,14.15));
#10244 = SURFACE_CURVE('',#10245,(#10249,#10255),.PCURVE_S1.);
#10245 = LINE('',#10246,#10247);
#10246 = CARTESIAN_POINT('',(-38.,-19.375,14.15));
#10247 = VECTOR('',#10248,1.);
#10248 = DIRECTION('',(0.,-1.,0.));
#10249 = PCURVE('',#9688,#10250);
#10250 = DEFINITIONAL_REPRESENTATION('',(#10251),#10254);
#10251 = B_SPLINE_CURVE_WITH_KNOTS('',1,(#10252,#10253),.UNSPECIFIED.,
  .F.,.F.,(2,2),(5.625,15.625),.PIECEWISE_BEZIER_KNOTS.);
#10252 = CARTESIAN_POINT('',(-21.25,-3.85));
#10253 = CARTESIAN_POINT('',(-31.25,-3.85));
#10254 = ( GEOMETRIC_REPRESENTATION_CONTEXT(2) 
PARAMETRIC_REPRESENTATION_CONTEXT() REPRESENTATION_CONTEXT('2D SPACE',''
  ) );
#10255 = PCURVE('',#10256,#10261);
#10256 = PLANE('',#10257);
#10257 = AXIS2_PLACEMENT_3D('',#10258,#10259,#10260);
#10258 = CARTESIAN_POINT('',(-88.,-35.,14.15));
#10259 = DIRECTION('',(0.,0.,1.));
#10260 = DIRECTION('',(0.,1.,0.));
#10261 = DEFINITIONAL_REPRESENTATION('',(#10262),#10265);
#10262 = B_SPLINE_CURVE_WITH_KNOTS('',1,(#10263,#10264),.UNSPECIFIED.,
  .F.,.F.,(2,2),(5.625,15.625),.PIECEWISE_BEZIER_KNOTS.);
#10263 = CARTESIAN_POINT('',(10.,-50.));
#10264 = CARTESIAN_POINT('',(0.,-50.));
#10265 = ( GEOMETRIC_REPRESENTATION_CONTEXT(2) 
PARAMETRIC_REPRESENTATION_CONTEXT() REPRESENTATION_CONTEXT('2D SPACE',''
  ) );
#10266 = ORIENTED_EDGE('',*,*,#10267,.F.);
#10267 = EDGE_CURVE('',#10268,#10242,#10270,.T.);
#10268 = VERTEX_POINT('',#10269);
#10269 = CARTESIAN_POINT('',(-38.,-25.,10.85));
#10270 = SURFACE_CURVE('',#10271,(#10275,#10281),.PCURVE_S1.);
#10271 = LINE('',#10272,#10273);
#10272 = CARTESIAN_POINT('',(-38.,-25.,16.075));
#10273 = VECTOR('',#10274,1.);
#10274 = DIRECTION('',(0.,0.,1.));
#10275 = PCURVE('',#9688,#10276);
#10276 = DEFINITIONAL_REPRESENTATION('',(#10277),#10280);
#10277 = B_SPLINE_CURVE_WITH_KNOTS('',1,(#10278,#10279),.UNSPECIFIED.,
  .F.,.F.,(2,2),(-5.225,-1.925),.PIECEWISE_BEZIER_KNOTS.);
#10278 = CARTESIAN_POINT('',(-21.25,-7.15));
#10279 = CARTESIAN_POINT('',(-21.25,-3.85));
#10280 = ( GEOMETRIC_REPRESENTATION_CONTEXT(2) 
PARAMETRIC_REPRESENTATION_CONTEXT() REPRESENTATION_CONTEXT('2D SPACE',''
  ) );
#10281 = PCURVE('',#10282,#10287);
#10282 = PLANE('',#10283);
#10283 = AXIS2_PLACEMENT_3D('',#10284,#10285,#10286);
#10284 = CARTESIAN_POINT('',(-88.,-25.,14.15));
#10285 = DIRECTION('',(0.,1.,0.));
#10286 = DIRECTION('',(0.,0.,-1.));
#10287 = DEFINITIONAL_REPRESENTATION('',(#10288),#10291);
#10288 = B_SPLINE_CURVE_WITH_KNOTS('',1,(#10289,#10290),.UNSPECIFIED.,
  .F.,.F.,(2,2),(-5.225,-1.925),.PIECEWISE_BEZIER_KNOTS.);
#10289 = CARTESIAN_POINT('',(3.3,-50.));
#10290 = CARTESIAN_POINT('',(0.,-50.));
#10291 = ( GEOMETRIC_REPRESENTATION_CONTEXT(2) 
PARAMETRIC_REPRESENTATION_CONTEXT() REPRESENTATION_CONTEXT('2D SPACE',''
  ) );
#10292 = ORIENTED_EDGE('',*,*,#10293,.F.);
#10293 = EDGE_CURVE('',#10294,#10268,#10296,.T.);
#10294 = VERTEX_POINT('',#10295);
#10295 = CARTESIAN_POINT('',(-38.,-27.9,10.85));
#10296 = SURFACE_CURVE('',#10297,(#10301,#10307),.PCURVE_S1.);
#10297 = LINE('',#10298,#10299);
#10298 = CARTESIAN_POINT('',(-38.,-14.375,10.85));
#10299 = VECTOR('',#10300,1.);
#10300 = DIRECTION('',(0.,1.,0.));
#10301 = PCURVE('',#9688,#10302);
#10302 = DEFINITIONAL_REPRESENTATION('',(#10303),#10306);
#10303 = B_SPLINE_CURVE_WITH_KNOTS('',1,(#10304,#10305),.UNSPECIFIED.,
  .F.,.F.,(2,2),(-20.625,-10.625),.PIECEWISE_BEZIER_KNOTS.);
#10304 = CARTESIAN_POINT('',(-31.25,-7.15));
#10305 = CARTESIAN_POINT('',(-21.25,-7.15));
#10306 = ( GEOMETRIC_REPRESENTATION_CONTEXT(2) 
PARAMETRIC_REPRESENTATION_CONTEXT() REPRESENTATION_CONTEXT('2D SPACE',''
  ) );
#10307 = PCURVE('',#10308,#10313);
#10308 = PLANE('',#10309);
#10309 = AXIS2_PLACEMENT_3D('',#10310,#10311,#10312);
#10310 = CARTESIAN_POINT('',(-88.,-25.,10.85));
#10311 = DIRECTION('',(0.,0.,-1.));
#10312 = DIRECTION('',(0.,-1.,0.));
#10313 = DEFINITIONAL_REPRESENTATION('',(#10314),#10317);
#10314 = B_SPLINE_CURVE_WITH_KNOTS('',1,(#10315,#10316),.UNSPECIFIED.,
  .F.,.F.,(2,2),(-20.625,-10.625),.PIECEWISE_BEZIER_KNOTS.);
#10315 = CARTESIAN_POINT('',(10.,-50.));
#10316 = CARTESIAN_POINT('',(0.,-50.));
#10317 = ( GEOMETRIC_REPRESENTATION_CONTEXT(2) 
PARAMETRIC_REPRESENTATION_CONTEXT() REPRESENTATION_CONTEXT('2D SPACE',''
  ) );
#10318 = ORIENTED_EDGE('',*,*,#10319,.F.);
#10319 = EDGE_CURVE('',#10320,#10294,#10322,.T.);
#10320 = VERTEX_POINT('',#10321);
#10321 = CARTESIAN_POINT('',(-38.,-27.9,9.6));
#10322 = SURFACE_CURVE('',#10323,(#10327,#10333),.PCURVE_S1.);
#10323 = LINE('',#10324,#10325);
#10324 = CARTESIAN_POINT('',(-38.,-27.9,16.7));
#10325 = VECTOR('',#10326,1.);
#10326 = DIRECTION('',(0.,0.,1.));
#10327 = PCURVE('',#9688,#10328);
#10328 = DEFINITIONAL_REPRESENTATION('',(#10329),#10332);
#10329 = B_SPLINE_CURVE_WITH_KNOTS('',1,(#10330,#10331),.UNSPECIFIED.,
  .F.,.F.,(2,2),(-7.1,-1.3),.PIECEWISE_BEZIER_KNOTS.);
#10330 = CARTESIAN_POINT('',(-24.15,-8.4));
#10331 = CARTESIAN_POINT('',(-24.15,-2.6));
#10332 = ( GEOMETRIC_REPRESENTATION_CONTEXT(2) 
PARAMETRIC_REPRESENTATION_CONTEXT() REPRESENTATION_CONTEXT('2D SPACE',''
  ) );
#10333 = PCURVE('',#10334,#10339);
#10334 = PLANE('',#10335);
#10335 = AXIS2_PLACEMENT_3D('',#10336,#10337,#10338);
#10336 = CARTESIAN_POINT('',(-88.,-27.9,15.4));
#10337 = DIRECTION('',(0.,1.,0.));
#10338 = DIRECTION('',(0.,0.,-1.));
#10339 = DEFINITIONAL_REPRESENTATION('',(#10340),#10343);
#10340 = B_SPLINE_CURVE_WITH_KNOTS('',1,(#10341,#10342),.UNSPECIFIED.,
  .F.,.F.,(2,2),(-7.1,-1.3),.PIECEWISE_BEZIER_KNOTS.);
#10341 = CARTESIAN_POINT('',(5.8,-50.));
#10342 = CARTESIAN_POINT('',(0.,-50.));
#10343 = ( GEOMETRIC_REPRESENTATION_CONTEXT(2) 
PARAMETRIC_REPRESENTATION_CONTEXT() REPRESENTATION_CONTEXT('2D SPACE',''
  ) );
#10344 = ORIENTED_EDGE('',*,*,#10345,.F.);
#10345 = EDGE_CURVE('',#10346,#10320,#10348,.T.);
#10346 = VERTEX_POINT('',#10347);
#10347 = CARTESIAN_POINT('',(-38.,-30.5,9.6));
#10348 = SURFACE_CURVE('',#10349,(#10353,#10359),.PCURVE_S1.);
#10349 = LINE('',#10350,#10351);
#10350 = CARTESIAN_POINT('',(-38.,-15.825,9.6));
#10351 = VECTOR('',#10352,1.);
#10352 = DIRECTION('',(0.,1.,0.));
#10353 = PCURVE('',#9688,#10354);
#10354 = DEFINITIONAL_REPRESENTATION('',(#10355),#10358);
#10355 = B_SPLINE_CURVE_WITH_KNOTS('',1,(#10356,#10357),.UNSPECIFIED.,
  .F.,.F.,(2,2),(-14.675,-12.075),.PIECEWISE_BEZIER_KNOTS.);
#10356 = CARTESIAN_POINT('',(-26.75,-8.4));
#10357 = CARTESIAN_POINT('',(-24.15,-8.4));
#10358 = ( GEOMETRIC_REPRESENTATION_CONTEXT(2) 
PARAMETRIC_REPRESENTATION_CONTEXT() REPRESENTATION_CONTEXT('2D SPACE',''
  ) );
#10359 = PCURVE('',#10360,#10365);
#10360 = PLANE('',#10361);
#10361 = AXIS2_PLACEMENT_3D('',#10362,#10363,#10364);
#10362 = CARTESIAN_POINT('',(-88.,-27.9,9.6));
#10363 = DIRECTION('',(0.,0.,-1.));
#10364 = DIRECTION('',(0.,-1.,0.));
#10365 = DEFINITIONAL_REPRESENTATION('',(#10366),#10369);
#10366 = B_SPLINE_CURVE_WITH_KNOTS('',1,(#10367,#10368),.UNSPECIFIED.,
  .F.,.F.,(2,2),(-14.675,-12.075),.PIECEWISE_BEZIER_KNOTS.);
#10367 = CARTESIAN_POINT('',(2.6,-50.));
#10368 = CARTESIAN_POINT('',(0.,-50.));
#10369 = ( GEOMETRIC_REPRESENTATION_CONTEXT(2) 
PARAMETRIC_REPRESENTATION_CONTEXT() REPRESENTATION_CONTEXT('2D SPACE',''
  ) );
#10370 = ORIENTED_EDGE('',*,*,#10371,.F.);
#10371 = EDGE_CURVE('',#10372,#10346,#10374,.T.);
#10372 = VERTEX_POINT('',#10373);
#10373 = CARTESIAN_POINT('',(-38.,-30.5,10.85));
#10374 = SURFACE_CURVE('',#10375,(#10379,#10385),.PCURVE_S1.);
#10375 = LINE('',#10376,#10377);
#10376 = CARTESIAN_POINT('',(-38.,-30.5,13.8));
#10377 = VECTOR('',#10378,1.);
#10378 = DIRECTION('',(0.,0.,-1.));
#10379 = PCURVE('',#9688,#10380);
#10380 = DEFINITIONAL_REPRESENTATION('',(#10381),#10384);
#10381 = B_SPLINE_CURVE_WITH_KNOTS('',1,(#10382,#10383),.UNSPECIFIED.,
  .F.,.F.,(2,2),(-1.6,4.2),.PIECEWISE_BEZIER_KNOTS.);
#10382 = CARTESIAN_POINT('',(-26.75,-2.6));
#10383 = CARTESIAN_POINT('',(-26.75,-8.4));
#10384 = ( GEOMETRIC_REPRESENTATION_CONTEXT(2) 
PARAMETRIC_REPRESENTATION_CONTEXT() REPRESENTATION_CONTEXT('2D SPACE',''
  ) );
#10385 = PCURVE('',#10386,#10391);
#10386 = PLANE('',#10387);
#10387 = AXIS2_PLACEMENT_3D('',#10388,#10389,#10390);
#10388 = CARTESIAN_POINT('',(-88.,-30.5,9.6));
#10389 = DIRECTION('',(0.,-1.,0.));
#10390 = DIRECTION('',(0.,0.,1.));
#10391 = DEFINITIONAL_REPRESENTATION('',(#10392),#10395);
#10392 = B_SPLINE_CURVE_WITH_KNOTS('',1,(#10393,#10394),.UNSPECIFIED.,
  .F.,.F.,(2,2),(-1.6,4.2),.PIECEWISE_BEZIER_KNOTS.);
#10393 = CARTESIAN_POINT('',(5.8,-50.));
#10394 = CARTESIAN_POINT('',(0.,-50.));
#10395 = ( GEOMETRIC_REPRESENTATION_CONTEXT(2) 
PARAMETRIC_REPRESENTATION_CONTEXT() REPRESENTATION_CONTEXT('2D SPACE',''
  ) );
#10396 = ORIENTED_EDGE('',*,*,#10397,.F.);
#10397 = EDGE_CURVE('',#9704,#10372,#10398,.T.);
#10398 = SURFACE_CURVE('',#10399,(#10403,#10409),.PCURVE_S1.);
#10399 = LINE('',#10400,#10401);
#10400 = CARTESIAN_POINT('',(-38.,-14.375,10.85));
#10401 = VECTOR('',#10402,1.);
#10402 = DIRECTION('',(0.,1.,0.));
#10403 = PCURVE('',#9688,#10404);
#10404 = DEFINITIONAL_REPRESENTATION('',(#10405),#10408);
#10405 = B_SPLINE_CURVE_WITH_KNOTS('',1,(#10406,#10407),.UNSPECIFIED.,
  .F.,.F.,(2,2),(-20.625,-10.625),.PIECEWISE_BEZIER_KNOTS.);
#10406 = CARTESIAN_POINT('',(-31.25,-7.15));
#10407 = CARTESIAN_POINT('',(-21.25,-7.15));
#10408 = ( GEOMETRIC_REPRESENTATION_CONTEXT(2) 
PARAMETRIC_REPRESENTATION_CONTEXT() REPRESENTATION_CONTEXT('2D SPACE',''
  ) );
#10409 = PCURVE('',#9742,#10410);
#10410 = DEFINITIONAL_REPRESENTATION('',(#10411),#10414);
#10411 = B_SPLINE_CURVE_WITH_KNOTS('',1,(#10412,#10413),.UNSPECIFIED.,
  .F.,.F.,(2,2),(-20.625,-10.625),.PIECEWISE_BEZIER_KNOTS.);
#10412 = CARTESIAN_POINT('',(10.,-50.));
#10413 = CARTESIAN_POINT('',(0.,-50.));
#10414 = ( GEOMETRIC_REPRESENTATION_CONTEXT(2) 
PARAMETRIC_REPRESENTATION_CONTEXT() REPRESENTATION_CONTEXT('2D SPACE',''
  ) );
#10415 = ORIENTED_EDGE('',*,*,#9703,.T.);
#10416 = ORIENTED_EDGE('',*,*,#9674,.T.);
#10417 = ORIENTED_EDGE('',*,*,#9779,.T.);
#10418 = ORIENTED_EDGE('',*,*,#10419,.F.);
#10419 = EDGE_CURVE('',#10420,#9780,#10422,.T.);
#10420 = VERTEX_POINT('',#10421);
#10421 = CARTESIAN_POINT('',(-38.,23.,10.85));
#10422 = SURFACE_CURVE('',#10423,(#10427,#10433),.PCURVE_S1.);
#10423 = LINE('',#10424,#10425);
#10424 = CARTESIAN_POINT('',(-38.,11.875,10.85));
#10425 = VECTOR('',#10426,1.);
#10426 = DIRECTION('',(0.,1.,0.));
#10427 = PCURVE('',#9688,#10428);
#10428 = DEFINITIONAL_REPRESENTATION('',(#10429),#10432);
#10429 = B_SPLINE_CURVE_WITH_KNOTS('',1,(#10430,#10431),.UNSPECIFIED.,
  .F.,.F.,(2,2),(5.625,15.625),.PIECEWISE_BEZIER_KNOTS.);
#10430 = CARTESIAN_POINT('',(21.25,-7.15));
#10431 = CARTESIAN_POINT('',(31.25,-7.15));
#10432 = ( GEOMETRIC_REPRESENTATION_CONTEXT(2) 
PARAMETRIC_REPRESENTATION_CONTEXT() REPRESENTATION_CONTEXT('2D SPACE',''
  ) );
#10433 = PCURVE('',#9840,#10434);
#10434 = DEFINITIONAL_REPRESENTATION('',(#10435),#10438);
#10435 = B_SPLINE_CURVE_WITH_KNOTS('',1,(#10436,#10437),.UNSPECIFIED.,
  .F.,.F.,(2,2),(5.625,15.625),.PIECEWISE_BEZIER_KNOTS.);
#10436 = CARTESIAN_POINT('',(10.,-50.));
#10437 = CARTESIAN_POINT('',(0.,-50.));
#10438 = ( GEOMETRIC_REPRESENTATION_CONTEXT(2) 
PARAMETRIC_REPRESENTATION_CONTEXT() REPRESENTATION_CONTEXT('2D SPACE',''
  ) );
#10439 = ORIENTED_EDGE('',*,*,#10440,.F.);
#10440 = EDGE_CURVE('',#10441,#10420,#10443,.T.);
#10441 = VERTEX_POINT('',#10442);
#10442 = CARTESIAN_POINT('',(-38.,23.,9.6));
#10443 = SURFACE_CURVE('',#10444,(#10448,#10454),.PCURVE_S1.);
#10444 = LINE('',#10445,#10446);
#10445 = CARTESIAN_POINT('',(-38.,23.,16.7));
#10446 = VECTOR('',#10447,1.);
#10447 = DIRECTION('',(0.,0.,1.));
#10448 = PCURVE('',#9688,#10449);
#10449 = DEFINITIONAL_REPRESENTATION('',(#10450),#10453);
#10450 = B_SPLINE_CURVE_WITH_KNOTS('',1,(#10451,#10452),.UNSPECIFIED.,
  .F.,.F.,(2,2),(-7.1,-1.3),.PIECEWISE_BEZIER_KNOTS.);
#10451 = CARTESIAN_POINT('',(26.75,-8.4));
#10452 = CARTESIAN_POINT('',(26.75,-2.6));
#10453 = ( GEOMETRIC_REPRESENTATION_CONTEXT(2) 
PARAMETRIC_REPRESENTATION_CONTEXT() REPRESENTATION_CONTEXT('2D SPACE',''
  ) );
#10454 = PCURVE('',#10455,#10460);
#10455 = PLANE('',#10456);
#10456 = AXIS2_PLACEMENT_3D('',#10457,#10458,#10459);
#10457 = CARTESIAN_POINT('',(-88.,23.,15.4));
#10458 = DIRECTION('',(0.,1.,0.));
#10459 = DIRECTION('',(0.,0.,-1.));
#10460 = DEFINITIONAL_REPRESENTATION('',(#10461),#10464);
#10461 = B_SPLINE_CURVE_WITH_KNOTS('',1,(#10462,#10463),.UNSPECIFIED.,
  .F.,.F.,(2,2),(-7.1,-1.3),.PIECEWISE_BEZIER_KNOTS.);
#10462 = CARTESIAN_POINT('',(5.8,-50.));
#10463 = CARTESIAN_POINT('',(0.,-50.));
#10464 = ( GEOMETRIC_REPRESENTATION_CONTEXT(2) 
PARAMETRIC_REPRESENTATION_CONTEXT() REPRESENTATION_CONTEXT('2D SPACE',''
  ) );
#10465 = ORIENTED_EDGE('',*,*,#10466,.F.);
#10466 = EDGE_CURVE('',#10467,#10441,#10469,.T.);
#10467 = VERTEX_POINT('',#10468);
#10468 = CARTESIAN_POINT('',(-38.,20.4,9.6));
#10469 = SURFACE_CURVE('',#10470,(#10474,#10480),.PCURVE_S1.);
#10470 = LINE('',#10471,#10472);
#10471 = CARTESIAN_POINT('',(-38.,9.625,9.6));
#10472 = VECTOR('',#10473,1.);
#10473 = DIRECTION('',(0.,1.,0.));
#10474 = PCURVE('',#9688,#10475);
#10475 = DEFINITIONAL_REPRESENTATION('',(#10476),#10479);
#10476 = B_SPLINE_CURVE_WITH_KNOTS('',1,(#10477,#10478),.UNSPECIFIED.,
  .F.,.F.,(2,2),(10.775,13.375),.PIECEWISE_BEZIER_KNOTS.);
#10477 = CARTESIAN_POINT('',(24.15,-8.4));
#10478 = CARTESIAN_POINT('',(26.75,-8.4));
#10479 = ( GEOMETRIC_REPRESENTATION_CONTEXT(2) 
PARAMETRIC_REPRESENTATION_CONTEXT() REPRESENTATION_CONTEXT('2D SPACE',''
  ) );
#10480 = PCURVE('',#10481,#10486);
#10481 = PLANE('',#10482);
#10482 = AXIS2_PLACEMENT_3D('',#10483,#10484,#10485);
#10483 = CARTESIAN_POINT('',(-88.,23.,9.6));
#10484 = DIRECTION('',(0.,0.,-1.));
#10485 = DIRECTION('',(0.,-1.,0.));
#10486 = DEFINITIONAL_REPRESENTATION('',(#10487),#10490);
#10487 = B_SPLINE_CURVE_WITH_KNOTS('',1,(#10488,#10489),.UNSPECIFIED.,
  .F.,.F.,(2,2),(10.775,13.375),.PIECEWISE_BEZIER_KNOTS.);
#10488 = CARTESIAN_POINT('',(2.6,-50.));
#10489 = CARTESIAN_POINT('',(0.,-50.));
#10490 = ( GEOMETRIC_REPRESENTATION_CONTEXT(2) 
PARAMETRIC_REPRESENTATION_CONTEXT() REPRESENTATION_CONTEXT('2D SPACE',''
  ) );
#10491 = ORIENTED_EDGE('',*,*,#10492,.F.);
#10492 = EDGE_CURVE('',#10493,#10467,#10495,.T.);
#10493 = VERTEX_POINT('',#10494);
#10494 = CARTESIAN_POINT('',(-38.,20.4,10.85));
#10495 = SURFACE_CURVE('',#10496,(#10500,#10506),.PCURVE_S1.);
#10496 = LINE('',#10497,#10498);
#10497 = CARTESIAN_POINT('',(-38.,20.4,13.8));
#10498 = VECTOR('',#10499,1.);
#10499 = DIRECTION('',(0.,0.,-1.));
#10500 = PCURVE('',#9688,#10501);
#10501 = DEFINITIONAL_REPRESENTATION('',(#10502),#10505);
#10502 = B_SPLINE_CURVE_WITH_KNOTS('',1,(#10503,#10504),.UNSPECIFIED.,
  .F.,.F.,(2,2),(-1.6,4.2),.PIECEWISE_BEZIER_KNOTS.);
#10503 = CARTESIAN_POINT('',(24.15,-2.6));
#10504 = CARTESIAN_POINT('',(24.15,-8.4));
#10505 = ( GEOMETRIC_REPRESENTATION_CONTEXT(2) 
PARAMETRIC_REPRESENTATION_CONTEXT() REPRESENTATION_CONTEXT('2D SPACE',''
  ) );
#10506 = PCURVE('',#10507,#10512);
#10507 = PLANE('',#10508);
#10508 = AXIS2_PLACEMENT_3D('',#10509,#10510,#10511);
#10509 = CARTESIAN_POINT('',(-88.,20.4,9.6));
#10510 = DIRECTION('',(0.,-1.,0.));
#10511 = DIRECTION('',(0.,0.,1.));
#10512 = DEFINITIONAL_REPRESENTATION('',(#10513),#10516);
#10513 = B_SPLINE_CURVE_WITH_KNOTS('',1,(#10514,#10515),.UNSPECIFIED.,
  .F.,.F.,(2,2),(-1.6,4.2),.PIECEWISE_BEZIER_KNOTS.);
#10514 = CARTESIAN_POINT('',(5.8,-50.));
#10515 = CARTESIAN_POINT('',(0.,-50.));
#10516 = ( GEOMETRIC_REPRESENTATION_CONTEXT(2) 
PARAMETRIC_REPRESENTATION_CONTEXT() REPRESENTATION_CONTEXT('2D SPACE',''
  ) );
#10517 = ORIENTED_EDGE('',*,*,#10518,.F.);
#10518 = EDGE_CURVE('',#10519,#10493,#10521,.T.);
#10519 = VERTEX_POINT('',#10520);
#10520 = CARTESIAN_POINT('',(-38.,17.5,10.85));
#10521 = SURFACE_CURVE('',#10522,(#10526,#10532),.PCURVE_S1.);
#10522 = LINE('',#10523,#10524);
#10523 = CARTESIAN_POINT('',(-38.,11.875,10.85));
#10524 = VECTOR('',#10525,1.);
#10525 = DIRECTION('',(0.,1.,0.));
#10526 = PCURVE('',#9688,#10527);
#10527 = DEFINITIONAL_REPRESENTATION('',(#10528),#10531);
#10528 = B_SPLINE_CURVE_WITH_KNOTS('',1,(#10529,#10530),.UNSPECIFIED.,
  .F.,.F.,(2,2),(5.625,15.625),.PIECEWISE_BEZIER_KNOTS.);
#10529 = CARTESIAN_POINT('',(21.25,-7.15));
#10530 = CARTESIAN_POINT('',(31.25,-7.15));
#10531 = ( GEOMETRIC_REPRESENTATION_CONTEXT(2) 
PARAMETRIC_REPRESENTATION_CONTEXT() REPRESENTATION_CONTEXT('2D SPACE',''
  ) );
#10532 = PCURVE('',#10533,#10538);
#10533 = PLANE('',#10534);
#10534 = AXIS2_PLACEMENT_3D('',#10535,#10536,#10537);
#10535 = CARTESIAN_POINT('',(-88.,27.5,10.85));
#10536 = DIRECTION('',(0.,0.,-1.));
#10537 = DIRECTION('',(0.,-1.,0.));
#10538 = DEFINITIONAL_REPRESENTATION('',(#10539),#10542);
#10539 = B_SPLINE_CURVE_WITH_KNOTS('',1,(#10540,#10541),.UNSPECIFIED.,
  .F.,.F.,(2,2),(5.625,15.625),.PIECEWISE_BEZIER_KNOTS.);
#10540 = CARTESIAN_POINT('',(10.,-50.));
#10541 = CARTESIAN_POINT('',(0.,-50.));
#10542 = ( GEOMETRIC_REPRESENTATION_CONTEXT(2) 
PARAMETRIC_REPRESENTATION_CONTEXT() REPRESENTATION_CONTEXT('2D SPACE',''
  ) );
#10543 = ORIENTED_EDGE('',*,*,#10544,.F.);
#10544 = EDGE_CURVE('',#10545,#10519,#10547,.T.);
#10545 = VERTEX_POINT('',#10546);
#10546 = CARTESIAN_POINT('',(-38.,17.5,14.15));
#10547 = SURFACE_CURVE('',#10548,(#10552,#10558),.PCURVE_S1.);
#10548 = LINE('',#10549,#10550);
#10549 = CARTESIAN_POINT('',(-38.,17.5,14.425));
#10550 = VECTOR('',#10551,1.);
#10551 = DIRECTION('',(0.,0.,-1.));
#10552 = PCURVE('',#9688,#10553);
#10553 = DEFINITIONAL_REPRESENTATION('',(#10554),#10557);
#10554 = B_SPLINE_CURVE_WITH_KNOTS('',1,(#10555,#10556),.UNSPECIFIED.,
  .F.,.F.,(2,2),(0.275,3.575),.PIECEWISE_BEZIER_KNOTS.);
#10555 = CARTESIAN_POINT('',(21.25,-3.85));
#10556 = CARTESIAN_POINT('',(21.25,-7.15));
#10557 = ( GEOMETRIC_REPRESENTATION_CONTEXT(2) 
PARAMETRIC_REPRESENTATION_CONTEXT() REPRESENTATION_CONTEXT('2D SPACE',''
  ) );
#10558 = PCURVE('',#10559,#10564);
#10559 = PLANE('',#10560);
#10560 = AXIS2_PLACEMENT_3D('',#10561,#10562,#10563);
#10561 = CARTESIAN_POINT('',(-88.,17.5,10.85));
#10562 = DIRECTION('',(0.,-1.,0.));
#10563 = DIRECTION('',(0.,0.,1.));
#10564 = DEFINITIONAL_REPRESENTATION('',(#10565),#10568);
#10565 = B_SPLINE_CURVE_WITH_KNOTS('',1,(#10566,#10567),.UNSPECIFIED.,
  .F.,.F.,(2,2),(0.275,3.575),.PIECEWISE_BEZIER_KNOTS.);
#10566 = CARTESIAN_POINT('',(3.3,-50.));
#10567 = CARTESIAN_POINT('',(0.,-50.));
#10568 = ( GEOMETRIC_REPRESENTATION_CONTEXT(2) 
PARAMETRIC_REPRESENTATION_CONTEXT() REPRESENTATION_CONTEXT('2D SPACE',''
  ) );
#10569 = ORIENTED_EDGE('',*,*,#10570,.F.);
#10570 = EDGE_CURVE('',#10571,#10545,#10573,.T.);
#10571 = VERTEX_POINT('',#10572);
#10572 = CARTESIAN_POINT('',(-38.,20.4,14.15));
#10573 = SURFACE_CURVE('',#10574,(#10578,#10584),.PCURVE_S1.);
#10574 = LINE('',#10575,#10576);
#10575 = CARTESIAN_POINT('',(-38.,6.875,14.15));
#10576 = VECTOR('',#10577,1.);
#10577 = DIRECTION('',(0.,-1.,0.));
#10578 = PCURVE('',#9688,#10579);
#10579 = DEFINITIONAL_REPRESENTATION('',(#10580),#10583);
#10580 = B_SPLINE_CURVE_WITH_KNOTS('',1,(#10581,#10582),.UNSPECIFIED.,
  .F.,.F.,(2,2),(-20.625,-10.625),.PIECEWISE_BEZIER_KNOTS.);
#10581 = CARTESIAN_POINT('',(31.25,-3.85));
#10582 = CARTESIAN_POINT('',(21.25,-3.85));
#10583 = ( GEOMETRIC_REPRESENTATION_CONTEXT(2) 
PARAMETRIC_REPRESENTATION_CONTEXT() REPRESENTATION_CONTEXT('2D SPACE',''
  ) );
#10584 = PCURVE('',#10585,#10590);
#10585 = PLANE('',#10586);
#10586 = AXIS2_PLACEMENT_3D('',#10587,#10588,#10589);
#10587 = CARTESIAN_POINT('',(-88.,17.5,14.15));
#10588 = DIRECTION('',(0.,0.,1.));
#10589 = DIRECTION('',(0.,1.,0.));
#10590 = DEFINITIONAL_REPRESENTATION('',(#10591),#10594);
#10591 = B_SPLINE_CURVE_WITH_KNOTS('',1,(#10592,#10593),.UNSPECIFIED.,
  .F.,.F.,(2,2),(-20.625,-10.625),.PIECEWISE_BEZIER_KNOTS.);
#10592 = CARTESIAN_POINT('',(10.,-50.));
#10593 = CARTESIAN_POINT('',(0.,-50.));
#10594 = ( GEOMETRIC_REPRESENTATION_CONTEXT(2) 
PARAMETRIC_REPRESENTATION_CONTEXT() REPRESENTATION_CONTEXT('2D SPACE',''
  ) );
#10595 = ORIENTED_EDGE('',*,*,#10596,.F.);
#10596 = EDGE_CURVE('',#10597,#10571,#10599,.T.);
#10597 = VERTEX_POINT('',#10598);
#10598 = CARTESIAN_POINT('',(-38.,20.4,15.4));
#10599 = SURFACE_CURVE('',#10600,(#10604,#10610),.PCURVE_S1.);
#10600 = LINE('',#10601,#10602);
#10601 = CARTESIAN_POINT('',(-38.,20.4,13.8));
#10602 = VECTOR('',#10603,1.);
#10603 = DIRECTION('',(0.,0.,-1.));
#10604 = PCURVE('',#9688,#10605);
#10605 = DEFINITIONAL_REPRESENTATION('',(#10606),#10609);
#10606 = B_SPLINE_CURVE_WITH_KNOTS('',1,(#10607,#10608),.UNSPECIFIED.,
  .F.,.F.,(2,2),(-1.6,4.2),.PIECEWISE_BEZIER_KNOTS.);
#10607 = CARTESIAN_POINT('',(24.15,-2.6));
#10608 = CARTESIAN_POINT('',(24.15,-8.4));
#10609 = ( GEOMETRIC_REPRESENTATION_CONTEXT(2) 
PARAMETRIC_REPRESENTATION_CONTEXT() REPRESENTATION_CONTEXT('2D SPACE',''
  ) );
#10610 = PCURVE('',#10611,#10616);
#10611 = PLANE('',#10612);
#10612 = AXIS2_PLACEMENT_3D('',#10613,#10614,#10615);
#10613 = CARTESIAN_POINT('',(-88.,20.4,9.6));
#10614 = DIRECTION('',(0.,-1.,0.));
#10615 = DIRECTION('',(0.,0.,1.));
#10616 = DEFINITIONAL_REPRESENTATION('',(#10617),#10620);
#10617 = B_SPLINE_CURVE_WITH_KNOTS('',1,(#10618,#10619),.UNSPECIFIED.,
  .F.,.F.,(2,2),(-1.6,4.2),.PIECEWISE_BEZIER_KNOTS.);
#10618 = CARTESIAN_POINT('',(5.8,-50.));
#10619 = CARTESIAN_POINT('',(0.,-50.));
#10620 = ( GEOMETRIC_REPRESENTATION_CONTEXT(2) 
PARAMETRIC_REPRESENTATION_CONTEXT() REPRESENTATION_CONTEXT('2D SPACE',''
  ) );
#10621 = ORIENTED_EDGE('',*,*,#10622,.F.);
#10622 = EDGE_CURVE('',#10623,#10597,#10625,.T.);
#10623 = VERTEX_POINT('',#10624);
#10624 = CARTESIAN_POINT('',(-38.,23.,15.4));
#10625 = SURFACE_CURVE('',#10626,(#10630,#10636),.PCURVE_S1.);
#10626 = LINE('',#10627,#10628);
#10627 = CARTESIAN_POINT('',(-38.,8.325,15.4));
#10628 = VECTOR('',#10629,1.);
#10629 = DIRECTION('',(0.,-1.,0.));
#10630 = PCURVE('',#9688,#10631);
#10631 = DEFINITIONAL_REPRESENTATION('',(#10632),#10635);
#10632 = B_SPLINE_CURVE_WITH_KNOTS('',1,(#10633,#10634),.UNSPECIFIED.,
  .F.,.F.,(2,2),(-14.675,-12.075),.PIECEWISE_BEZIER_KNOTS.);
#10633 = CARTESIAN_POINT('',(26.75,-2.6));
#10634 = CARTESIAN_POINT('',(24.15,-2.6));
#10635 = ( GEOMETRIC_REPRESENTATION_CONTEXT(2) 
PARAMETRIC_REPRESENTATION_CONTEXT() REPRESENTATION_CONTEXT('2D SPACE',''
  ) );
#10636 = PCURVE('',#10637,#10642);
#10637 = PLANE('',#10638);
#10638 = AXIS2_PLACEMENT_3D('',#10639,#10640,#10641);
#10639 = CARTESIAN_POINT('',(-88.,20.4,15.4));
#10640 = DIRECTION('',(0.,0.,1.));
#10641 = DIRECTION('',(0.,1.,0.));
#10642 = DEFINITIONAL_REPRESENTATION('',(#10643),#10646);
#10643 = B_SPLINE_CURVE_WITH_KNOTS('',1,(#10644,#10645),.UNSPECIFIED.,
  .F.,.F.,(2,2),(-14.675,-12.075),.PIECEWISE_BEZIER_KNOTS.);
#10644 = CARTESIAN_POINT('',(2.6,-50.));
#10645 = CARTESIAN_POINT('',(0.,-50.));
#10646 = ( GEOMETRIC_REPRESENTATION_CONTEXT(2) 
PARAMETRIC_REPRESENTATION_CONTEXT() REPRESENTATION_CONTEXT('2D SPACE',''
  ) );
#10647 = ORIENTED_EDGE('',*,*,#10648,.F.);
#10648 = EDGE_CURVE('',#10649,#10623,#10651,.T.);
#10649 = VERTEX_POINT('',#10650);
#10650 = CARTESIAN_POINT('',(-38.,23.,14.15));
#10651 = SURFACE_CURVE('',#10652,(#10656,#10662),.PCURVE_S1.);
#10652 = LINE('',#10653,#10654);
#10653 = CARTESIAN_POINT('',(-38.,23.,16.7));
#10654 = VECTOR('',#10655,1.);
#10655 = DIRECTION('',(0.,0.,1.));
#10656 = PCURVE('',#9688,#10657);
#10657 = DEFINITIONAL_REPRESENTATION('',(#10658),#10661);
#10658 = B_SPLINE_CURVE_WITH_KNOTS('',1,(#10659,#10660),.UNSPECIFIED.,
  .F.,.F.,(2,2),(-7.1,-1.3),.PIECEWISE_BEZIER_KNOTS.);
#10659 = CARTESIAN_POINT('',(26.75,-8.4));
#10660 = CARTESIAN_POINT('',(26.75,-2.6));
#10661 = ( GEOMETRIC_REPRESENTATION_CONTEXT(2) 
PARAMETRIC_REPRESENTATION_CONTEXT() REPRESENTATION_CONTEXT('2D SPACE',''
  ) );
#10662 = PCURVE('',#10663,#10668);
#10663 = PLANE('',#10664);
#10664 = AXIS2_PLACEMENT_3D('',#10665,#10666,#10667);
#10665 = CARTESIAN_POINT('',(-88.,23.,15.4));
#10666 = DIRECTION('',(0.,1.,0.));
#10667 = DIRECTION('',(0.,0.,-1.));
#10668 = DEFINITIONAL_REPRESENTATION('',(#10669),#10672);
#10669 = B_SPLINE_CURVE_WITH_KNOTS('',1,(#10670,#10671),.UNSPECIFIED.,
  .F.,.F.,(2,2),(-7.1,-1.3),.PIECEWISE_BEZIER_KNOTS.);
#10670 = CARTESIAN_POINT('',(5.8,-50.));
#10671 = CARTESIAN_POINT('',(0.,-50.));
#10672 = ( GEOMETRIC_REPRESENTATION_CONTEXT(2) 
PARAMETRIC_REPRESENTATION_CONTEXT() REPRESENTATION_CONTEXT('2D SPACE',''
  ) );
#10673 = ORIENTED_EDGE('',*,*,#10674,.F.);
#10674 = EDGE_CURVE('',#10675,#10649,#10677,.T.);
#10675 = VERTEX_POINT('',#10676);
#10676 = CARTESIAN_POINT('',(-38.,27.5,14.15));
#10677 = SURFACE_CURVE('',#10678,(#10682,#10688),.PCURVE_S1.);
#10678 = LINE('',#10679,#10680);
#10679 = CARTESIAN_POINT('',(-38.,6.875,14.15));
#10680 = VECTOR('',#10681,1.);
#10681 = DIRECTION('',(0.,-1.,0.));
#10682 = PCURVE('',#9688,#10683);
#10683 = DEFINITIONAL_REPRESENTATION('',(#10684),#10687);
#10684 = B_SPLINE_CURVE_WITH_KNOTS('',1,(#10685,#10686),.UNSPECIFIED.,
  .F.,.F.,(2,2),(-20.625,-10.625),.PIECEWISE_BEZIER_KNOTS.);
#10685 = CARTESIAN_POINT('',(31.25,-3.85));
#10686 = CARTESIAN_POINT('',(21.25,-3.85));
#10687 = ( GEOMETRIC_REPRESENTATION_CONTEXT(2) 
PARAMETRIC_REPRESENTATION_CONTEXT() REPRESENTATION_CONTEXT('2D SPACE',''
  ) );
#10688 = PCURVE('',#10689,#10694);
#10689 = PLANE('',#10690);
#10690 = AXIS2_PLACEMENT_3D('',#10691,#10692,#10693);
#10691 = CARTESIAN_POINT('',(-88.,17.5,14.15));
#10692 = DIRECTION('',(0.,0.,1.));
#10693 = DIRECTION('',(0.,1.,0.));
#10694 = DEFINITIONAL_REPRESENTATION('',(#10695),#10698);
#10695 = B_SPLINE_CURVE_WITH_KNOTS('',1,(#10696,#10697),.UNSPECIFIED.,
  .F.,.F.,(2,2),(-20.625,-10.625),.PIECEWISE_BEZIER_KNOTS.);
#10696 = CARTESIAN_POINT('',(10.,-50.));
#10697 = CARTESIAN_POINT('',(0.,-50.));
#10698 = ( GEOMETRIC_REPRESENTATION_CONTEXT(2) 
PARAMETRIC_REPRESENTATION_CONTEXT() REPRESENTATION_CONTEXT('2D SPACE',''
  ) );
#10699 = ORIENTED_EDGE('',*,*,#10700,.T.);
#10700 = EDGE_CURVE('',#10675,#9856,#10701,.T.);
#10701 = SURFACE_CURVE('',#10702,(#10706,#10713),.PCURVE_S1.);
#10702 = LINE('',#10703,#10704);
#10703 = CARTESIAN_POINT('',(-38.,27.5,7.));
#10704 = VECTOR('',#10705,1.);
#10705 = DIRECTION('',(0.,0.,1.));
#10706 = PCURVE('',#9688,#10707);
#10707 = DEFINITIONAL_REPRESENTATION('',(#10708),#10712);
#10708 = LINE('',#10709,#10710);
#10709 = CARTESIAN_POINT('',(31.25,-11.));
#10710 = VECTOR('',#10711,1.);
#10711 = DIRECTION('',(0.,1.));
#10712 = ( GEOMETRIC_REPRESENTATION_CONTEXT(2) 
PARAMETRIC_REPRESENTATION_CONTEXT() REPRESENTATION_CONTEXT('2D SPACE',''
  ) );
#10713 = PCURVE('',#10714,#10719);
#10714 = PLANE('',#10715);
#10715 = AXIS2_PLACEMENT_3D('',#10716,#10717,#10718);
#10716 = CARTESIAN_POINT('',(-38.,27.5,7.));
#10717 = DIRECTION('',(0.,-1.,0.));
#10718 = DIRECTION('',(0.,0.,1.));
#10719 = DEFINITIONAL_REPRESENTATION('',(#10720),#10724);
#10720 = LINE('',#10721,#10722);
#10721 = CARTESIAN_POINT('',(0.,0.));
#10722 = VECTOR('',#10723,1.);
#10723 = DIRECTION('',(1.,0.));
#10724 = ( GEOMETRIC_REPRESENTATION_CONTEXT(2) 
PARAMETRIC_REPRESENTATION_CONTEXT() REPRESENTATION_CONTEXT('2D SPACE',''
  ) );
#10725 = FACE_BOUND('',#10726,.F.);
#10726 = EDGE_LOOP('',(#10727,#10755,#10788,#10814));
#10727 = ORIENTED_EDGE('',*,*,#10728,.T.);
#10728 = EDGE_CURVE('',#10729,#10731,#10733,.T.);
#10729 = VERTEX_POINT('',#10730);
#10730 = CARTESIAN_POINT('',(-38.,-17.75,25.));
#10731 = VERTEX_POINT('',#10732);
#10732 = CARTESIAN_POINT('',(-38.,10.25,25.));
#10733 = SURFACE_CURVE('',#10734,(#10738,#10744),.PCURVE_S1.);
#10734 = LINE('',#10735,#10736);
#10735 = CARTESIAN_POINT('',(-38.,3.25,25.));
#10736 = VECTOR('',#10737,1.);
#10737 = DIRECTION('',(0.,1.,0.));
#10738 = PCURVE('',#9688,#10739);
#10739 = DEFINITIONAL_REPRESENTATION('',(#10740),#10743);
#10740 = B_SPLINE_CURVE_WITH_KNOTS('',1,(#10741,#10742),.UNSPECIFIED.,
  .F.,.F.,(2,2),(-21.,7.),.PIECEWISE_BEZIER_KNOTS.);
#10741 = CARTESIAN_POINT('',(-14.,7.));
#10742 = CARTESIAN_POINT('',(14.,7.));
#10743 = ( GEOMETRIC_REPRESENTATION_CONTEXT(2) 
PARAMETRIC_REPRESENTATION_CONTEXT() REPRESENTATION_CONTEXT('2D SPACE',''
  ) );
#10744 = PCURVE('',#10745,#10750);
#10745 = PLANE('',#10746);
#10746 = AXIS2_PLACEMENT_3D('',#10747,#10748,#10749);
#10747 = CARTESIAN_POINT('',(-43.,10.25,25.));
#10748 = DIRECTION('',(0.,0.,-1.));
#10749 = DIRECTION('',(0.,-1.,0.));
#10750 = DEFINITIONAL_REPRESENTATION('',(#10751),#10754);
#10751 = B_SPLINE_CURVE_WITH_KNOTS('',1,(#10752,#10753),.UNSPECIFIED.,
  .F.,.F.,(2,2),(-21.,7.),.PIECEWISE_BEZIER_KNOTS.);
#10752 = CARTESIAN_POINT('',(28.,-5.));
#10753 = CARTESIAN_POINT('',(0.,-5.));
#10754 = ( GEOMETRIC_REPRESENTATION_CONTEXT(2) 
PARAMETRIC_REPRESENTATION_CONTEXT() REPRESENTATION_CONTEXT('2D SPACE',''
  ) );
#10755 = ORIENTED_EDGE('',*,*,#10756,.T.);
#10756 = EDGE_CURVE('',#10731,#10757,#10759,.T.);
#10757 = VERTEX_POINT('',#10758);
#10758 = CARTESIAN_POINT('',(-38.,10.25,15.));
#10759 = SURFACE_CURVE('',#10760,(#10765,#10776),.PCURVE_S1.);
#10760 = CIRCLE('',#10761,5.);
#10761 = AXIS2_PLACEMENT_3D('',#10762,#10763,#10764);
#10762 = CARTESIAN_POINT('',(-38.,10.25,20.));
#10763 = DIRECTION('',(-1.,-0.,-0.));
#10764 = DIRECTION('',(0.,0.,-1.));
#10765 = PCURVE('',#9688,#10766);
#10766 = DEFINITIONAL_REPRESENTATION('',(#10767),#10775);
#10767 = ( BOUNDED_CURVE() B_SPLINE_CURVE(2,(#10768,#10769,#10770,#10771
    ,#10772,#10773,#10774),.UNSPECIFIED.,.T.,.F.) 
B_SPLINE_CURVE_WITH_KNOTS((1,2,2,2,2,1),(-2.094395102393,0.,
    2.094395102393,4.188790204786,6.28318530718,8.377580409573),
.UNSPECIFIED.) CURVE() GEOMETRIC_REPRESENTATION_ITEM() 
RATIONAL_B_SPLINE_CURVE((1.,0.5,1.,0.5,1.,0.5,1.)) REPRESENTATION_ITEM(
  '') );
#10768 = CARTESIAN_POINT('',(14.,-3.));
#10769 = CARTESIAN_POINT('',(5.339745962156,-3.));
#10770 = CARTESIAN_POINT('',(9.669872981078,4.5));
#10771 = CARTESIAN_POINT('',(14.,12.));
#10772 = CARTESIAN_POINT('',(18.330127018922,4.5));
#10773 = CARTESIAN_POINT('',(22.660254037844,-3.));
#10774 = CARTESIAN_POINT('',(14.,-3.));
#10775 = ( GEOMETRIC_REPRESENTATION_CONTEXT(2) 
PARAMETRIC_REPRESENTATION_CONTEXT() REPRESENTATION_CONTEXT('2D SPACE',''
  ) );
#10776 = PCURVE('',#10777,#10782);
#10777 = CYLINDRICAL_SURFACE('',#10778,5.);
#10778 = AXIS2_PLACEMENT_3D('',#10779,#10780,#10781);
#10779 = CARTESIAN_POINT('',(-43.,10.25,20.));
#10780 = DIRECTION('',(-1.,-0.,-0.));
#10781 = DIRECTION('',(0.,0.,-1.));
#10782 = DEFINITIONAL_REPRESENTATION('',(#10783),#10787);
#10783 = LINE('',#10784,#10785);
#10784 = CARTESIAN_POINT('',(-6.28318530718,-5.));
#10785 = VECTOR('',#10786,1.);
#10786 = DIRECTION('',(1.,-0.));
#10787 = ( GEOMETRIC_REPRESENTATION_CONTEXT(2) 
PARAMETRIC_REPRESENTATION_CONTEXT() REPRESENTATION_CONTEXT('2D SPACE',''
  ) );
#10788 = ORIENTED_EDGE('',*,*,#10789,.T.);
#10789 = EDGE_CURVE('',#10757,#10790,#10792,.T.);
#10790 = VERTEX_POINT('',#10791);
#10791 = CARTESIAN_POINT('',(-38.,-17.75,15.));
#10792 = SURFACE_CURVE('',#10793,(#10797,#10803),.PCURVE_S1.);
#10793 = LINE('',#10794,#10795);
#10794 = CARTESIAN_POINT('',(-38.,-10.75,15.));
#10795 = VECTOR('',#10796,1.);
#10796 = DIRECTION('',(0.,-1.,0.));
#10797 = PCURVE('',#9688,#10798);
#10798 = DEFINITIONAL_REPRESENTATION('',(#10799),#10802);
#10799 = B_SPLINE_CURVE_WITH_KNOTS('',1,(#10800,#10801),.UNSPECIFIED.,
  .F.,.F.,(2,2),(-21.,7.),.PIECEWISE_BEZIER_KNOTS.);
#10800 = CARTESIAN_POINT('',(14.,-3.));
#10801 = CARTESIAN_POINT('',(-14.,-3.));
#10802 = ( GEOMETRIC_REPRESENTATION_CONTEXT(2) 
PARAMETRIC_REPRESENTATION_CONTEXT() REPRESENTATION_CONTEXT('2D SPACE',''
  ) );
#10803 = PCURVE('',#10804,#10809);
#10804 = PLANE('',#10805);
#10805 = AXIS2_PLACEMENT_3D('',#10806,#10807,#10808);
#10806 = CARTESIAN_POINT('',(-43.,-17.75,15.));
#10807 = DIRECTION('',(0.,0.,1.));
#10808 = DIRECTION('',(0.,1.,0.));
#10809 = DEFINITIONAL_REPRESENTATION('',(#10810),#10813);
#10810 = B_SPLINE_CURVE_WITH_KNOTS('',1,(#10811,#10812),.UNSPECIFIED.,
  .F.,.F.,(2,2),(-21.,7.),.PIECEWISE_BEZIER_KNOTS.);
#10811 = CARTESIAN_POINT('',(28.,-5.));
#10812 = CARTESIAN_POINT('',(0.,-5.));
#10813 = ( GEOMETRIC_REPRESENTATION_CONTEXT(2) 
PARAMETRIC_REPRESENTATION_CONTEXT() REPRESENTATION_CONTEXT('2D SPACE',''
  ) );
#10814 = ORIENTED_EDGE('',*,*,#10815,.T.);
#10815 = EDGE_CURVE('',#10790,#10729,#10816,.T.);
#10816 = SURFACE_CURVE('',#10817,(#10822,#10833),.PCURVE_S1.);
#10817 = CIRCLE('',#10818,5.);
#10818 = AXIS2_PLACEMENT_3D('',#10819,#10820,#10821);
#10819 = CARTESIAN_POINT('',(-38.,-17.75,20.));
#10820 = DIRECTION('',(-1.,0.,0.));
#10821 = DIRECTION('',(0.,0.,1.));
#10822 = PCURVE('',#9688,#10823);
#10823 = DEFINITIONAL_REPRESENTATION('',(#10824),#10832);
#10824 = ( BOUNDED_CURVE() B_SPLINE_CURVE(2,(#10825,#10826,#10827,#10828
    ,#10829,#10830,#10831),.UNSPECIFIED.,.T.,.F.) 
B_SPLINE_CURVE_WITH_KNOTS((1,2,2,2,2,1),(-2.094395102393,0.,
    2.094395102393,4.188790204786,6.28318530718,8.377580409573),
.UNSPECIFIED.) CURVE() GEOMETRIC_REPRESENTATION_ITEM() 
RATIONAL_B_SPLINE_CURVE((1.,0.5,1.,0.5,1.,0.5,1.)) REPRESENTATION_ITEM(
  '') );
#10825 = CARTESIAN_POINT('',(-14.,7.));
#10826 = CARTESIAN_POINT('',(-5.339745962156,7.));
#10827 = CARTESIAN_POINT('',(-9.669872981078,-0.5));
#10828 = CARTESIAN_POINT('',(-14.,-8.));
#10829 = CARTESIAN_POINT('',(-18.33012701892,-0.5));
#10830 = CARTESIAN_POINT('',(-22.66025403784,7.));
#10831 = CARTESIAN_POINT('',(-14.,7.));
#10832 = ( GEOMETRIC_REPRESENTATION_CONTEXT(2) 
PARAMETRIC_REPRESENTATION_CONTEXT() REPRESENTATION_CONTEXT('2D SPACE',''
  ) );
#10833 = PCURVE('',#10834,#10839);
#10834 = CYLINDRICAL_SURFACE('',#10835,5.);
#10835 = AXIS2_PLACEMENT_3D('',#10836,#10837,#10838);
#10836 = CARTESIAN_POINT('',(-43.,-17.75,20.));
#10837 = DIRECTION('',(-1.,0.,0.));
#10838 = DIRECTION('',(0.,0.,1.));
#10839 = DEFINITIONAL_REPRESENTATION('',(#10840),#10844);
#10840 = LINE('',#10841,#10842);
#10841 = CARTESIAN_POINT('',(-6.28318530718,-5.));
#10842 = VECTOR('',#10843,1.);
#10843 = DIRECTION('',(1.,-0.));
#10844 = ( GEOMETRIC_REPRESENTATION_CONTEXT(2) 
PARAMETRIC_REPRESENTATION_CONTEXT() REPRESENTATION_CONTEXT('2D SPACE',''
  ) );
#10845 = ADVANCED_FACE('',(#10846,#11564),#9634,.T.);
#10846 = FACE_BOUND('',#10847,.T.);
#10847 = EDGE_LOOP('',(#10848,#10873,#10896,#10919,#10942,#10965,#10988,
    #11011,#11034,#11057,#11080,#11101,#11122,#11143,#11164,#11185,
    #11206,#11227,#11248,#11269,#11290,#11309,#11310,#11311,#11312,
    #11333,#11354,#11375,#11396,#11417,#11438,#11459,#11480,#11501,
    #11522,#11543));
#10848 = ORIENTED_EDGE('',*,*,#10849,.T.);
#10849 = EDGE_CURVE('',#10850,#10852,#10854,.T.);
#10850 = VERTEX_POINT('',#10851);
#10851 = CARTESIAN_POINT('',(-33.,27.5,17.));
#10852 = VERTEX_POINT('',#10853);
#10853 = CARTESIAN_POINT('',(-33.,32.5,17.));
#10854 = SURFACE_CURVE('',#10855,(#10859,#10866),.PCURVE_S1.);
#10855 = LINE('',#10856,#10857);
#10856 = CARTESIAN_POINT('',(-33.,27.49,17.));
#10857 = VECTOR('',#10858,1.);
#10858 = DIRECTION('',(0.,1.,0.));
#10859 = PCURVE('',#9634,#10860);
#10860 = DEFINITIONAL_REPRESENTATION('',(#10861),#10865);
#10861 = LINE('',#10862,#10863);
#10862 = CARTESIAN_POINT('',(31.24,-1.));
#10863 = VECTOR('',#10864,1.);
#10864 = DIRECTION('',(1.,0.));
#10865 = ( GEOMETRIC_REPRESENTATION_CONTEXT(2) 
PARAMETRIC_REPRESENTATION_CONTEXT() REPRESENTATION_CONTEXT('2D SPACE',''
  ) );
#10866 = PCURVE('',#9873,#10867);
#10867 = DEFINITIONAL_REPRESENTATION('',(#10868),#10872);
#10868 = LINE('',#10869,#10870);
#10869 = CARTESIAN_POINT('',(0.,-5.));
#10870 = VECTOR('',#10871,1.);
#10871 = DIRECTION('',(1.,0.));
#10872 = ( GEOMETRIC_REPRESENTATION_CONTEXT(2) 
PARAMETRIC_REPRESENTATION_CONTEXT() REPRESENTATION_CONTEXT('2D SPACE',''
  ) );
#10873 = ORIENTED_EDGE('',*,*,#10874,.T.);
#10874 = EDGE_CURVE('',#10852,#10875,#10877,.T.);
#10875 = VERTEX_POINT('',#10876);
#10876 = CARTESIAN_POINT('',(-33.,32.5,26.));
#10877 = SURFACE_CURVE('',#10878,(#10882,#10889),.PCURVE_S1.);
#10878 = LINE('',#10879,#10880);
#10879 = CARTESIAN_POINT('',(-33.,32.5,17.));
#10880 = VECTOR('',#10881,1.);
#10881 = DIRECTION('',(0.,0.,1.));
#10882 = PCURVE('',#9634,#10883);
#10883 = DEFINITIONAL_REPRESENTATION('',(#10884),#10888);
#10884 = LINE('',#10885,#10886);
#10885 = CARTESIAN_POINT('',(36.25,-1.));
#10886 = VECTOR('',#10887,1.);
#10887 = DIRECTION('',(0.,1.));
#10888 = ( GEOMETRIC_REPRESENTATION_CONTEXT(2) 
PARAMETRIC_REPRESENTATION_CONTEXT() REPRESENTATION_CONTEXT('2D SPACE',''
  ) );
#10889 = PCURVE('',#9901,#10890);
#10890 = DEFINITIONAL_REPRESENTATION('',(#10891),#10895);
#10891 = LINE('',#10892,#10893);
#10892 = CARTESIAN_POINT('',(0.,-5.));
#10893 = VECTOR('',#10894,1.);
#10894 = DIRECTION('',(1.,0.));
#10895 = ( GEOMETRIC_REPRESENTATION_CONTEXT(2) 
PARAMETRIC_REPRESENTATION_CONTEXT() REPRESENTATION_CONTEXT('2D SPACE',''
  ) );
#10896 = ORIENTED_EDGE('',*,*,#10897,.T.);
#10897 = EDGE_CURVE('',#10875,#10898,#10900,.T.);
#10898 = VERTEX_POINT('',#10899);
#10899 = CARTESIAN_POINT('',(-33.,27.5,26.));
#10900 = SURFACE_CURVE('',#10901,(#10905,#10912),.PCURVE_S1.);
#10901 = LINE('',#10902,#10903);
#10902 = CARTESIAN_POINT('',(-33.,32.5,26.));
#10903 = VECTOR('',#10904,1.);
#10904 = DIRECTION('',(0.,-1.,0.));
#10905 = PCURVE('',#9634,#10906);
#10906 = DEFINITIONAL_REPRESENTATION('',(#10907),#10911);
#10907 = LINE('',#10908,#10909);
#10908 = CARTESIAN_POINT('',(36.25,8.));
#10909 = VECTOR('',#10910,1.);
#10910 = DIRECTION('',(-1.,0.));
#10911 = ( GEOMETRIC_REPRESENTATION_CONTEXT(2) 
PARAMETRIC_REPRESENTATION_CONTEXT() REPRESENTATION_CONTEXT('2D SPACE',''
  ) );
#10912 = PCURVE('',#9929,#10913);
#10913 = DEFINITIONAL_REPRESENTATION('',(#10914),#10918);
#10914 = LINE('',#10915,#10916);
#10915 = CARTESIAN_POINT('',(0.,-5.));
#10916 = VECTOR('',#10917,1.);
#10917 = DIRECTION('',(1.,0.));
#10918 = ( GEOMETRIC_REPRESENTATION_CONTEXT(2) 
PARAMETRIC_REPRESENTATION_CONTEXT() REPRESENTATION_CONTEXT('2D SPACE',''
  ) );
#10919 = ORIENTED_EDGE('',*,*,#10920,.T.);
#10920 = EDGE_CURVE('',#10898,#10921,#10923,.T.);
#10921 = VERTEX_POINT('',#10922);
#10922 = CARTESIAN_POINT('',(-33.,27.5,29.));
#10923 = SURFACE_CURVE('',#10924,(#10928,#10935),.PCURVE_S1.);
#10924 = LINE('',#10925,#10926);
#10925 = CARTESIAN_POINT('',(-33.,27.5,7.));
#10926 = VECTOR('',#10927,1.);
#10927 = DIRECTION('',(0.,0.,1.));
#10928 = PCURVE('',#9634,#10929);
#10929 = DEFINITIONAL_REPRESENTATION('',(#10930),#10934);
#10930 = LINE('',#10931,#10932);
#10931 = CARTESIAN_POINT('',(31.25,-11.));
#10932 = VECTOR('',#10933,1.);
#10933 = DIRECTION('',(0.,1.));
#10934 = ( GEOMETRIC_REPRESENTATION_CONTEXT(2) 
PARAMETRIC_REPRESENTATION_CONTEXT() REPRESENTATION_CONTEXT('2D SPACE',''
  ) );
#10935 = PCURVE('',#9957,#10936);
#10936 = DEFINITIONAL_REPRESENTATION('',(#10937),#10941);
#10937 = LINE('',#10938,#10939);
#10938 = CARTESIAN_POINT('',(0.,-5.));
#10939 = VECTOR('',#10940,1.);
#10940 = DIRECTION('',(1.,0.));
#10941 = ( GEOMETRIC_REPRESENTATION_CONTEXT(2) 
PARAMETRIC_REPRESENTATION_CONTEXT() REPRESENTATION_CONTEXT('2D SPACE',''
  ) );
#10942 = ORIENTED_EDGE('',*,*,#10943,.T.);
#10943 = EDGE_CURVE('',#10921,#10944,#10946,.T.);
#10944 = VERTEX_POINT('',#10945);
#10945 = CARTESIAN_POINT('',(-33.,-35.,29.));
#10946 = SURFACE_CURVE('',#10947,(#10951,#10958),.PCURVE_S1.);
#10947 = LINE('',#10948,#10949);
#10948 = CARTESIAN_POINT('',(-33.,27.5,29.));
#10949 = VECTOR('',#10950,1.);
#10950 = DIRECTION('',(0.,-1.,0.));
#10951 = PCURVE('',#9634,#10952);
#10952 = DEFINITIONAL_REPRESENTATION('',(#10953),#10957);
#10953 = LINE('',#10954,#10955);
#10954 = CARTESIAN_POINT('',(31.25,11.));
#10955 = VECTOR('',#10956,1.);
#10956 = DIRECTION('',(-1.,0.));
#10957 = ( GEOMETRIC_REPRESENTATION_CONTEXT(2) 
PARAMETRIC_REPRESENTATION_CONTEXT() REPRESENTATION_CONTEXT('2D SPACE',''
  ) );
#10958 = PCURVE('',#9985,#10959);
#10959 = DEFINITIONAL_REPRESENTATION('',(#10960),#10964);
#10960 = LINE('',#10961,#10962);
#10961 = CARTESIAN_POINT('',(0.,-5.));
#10962 = VECTOR('',#10963,1.);
#10963 = DIRECTION('',(1.,0.));
#10964 = ( GEOMETRIC_REPRESENTATION_CONTEXT(2) 
PARAMETRIC_REPRESENTATION_CONTEXT() REPRESENTATION_CONTEXT('2D SPACE',''
  ) );
#10965 = ORIENTED_EDGE('',*,*,#10966,.T.);
#10966 = EDGE_CURVE('',#10944,#10967,#10969,.T.);
#10967 = VERTEX_POINT('',#10968);
#10968 = CARTESIAN_POINT('',(-33.,-35.,26.));
#10969 = SURFACE_CURVE('',#10970,(#10974,#10981),.PCURVE_S1.);
#10970 = LINE('',#10971,#10972);
#10971 = CARTESIAN_POINT('',(-33.,-35.,29.));
#10972 = VECTOR('',#10973,1.);
#10973 = DIRECTION('',(0.,0.,-1.));
#10974 = PCURVE('',#9634,#10975);
#10975 = DEFINITIONAL_REPRESENTATION('',(#10976),#10980);
#10976 = LINE('',#10977,#10978);
#10977 = CARTESIAN_POINT('',(-31.25,11.));
#10978 = VECTOR('',#10979,1.);
#10979 = DIRECTION('',(0.,-1.));
#10980 = ( GEOMETRIC_REPRESENTATION_CONTEXT(2) 
PARAMETRIC_REPRESENTATION_CONTEXT() REPRESENTATION_CONTEXT('2D SPACE',''
  ) );
#10981 = PCURVE('',#10013,#10982);
#10982 = DEFINITIONAL_REPRESENTATION('',(#10983),#10987);
#10983 = LINE('',#10984,#10985);
#10984 = CARTESIAN_POINT('',(0.,-5.));
#10985 = VECTOR('',#10986,1.);
#10986 = DIRECTION('',(1.,0.));
#10987 = ( GEOMETRIC_REPRESENTATION_CONTEXT(2) 
PARAMETRIC_REPRESENTATION_CONTEXT() REPRESENTATION_CONTEXT('2D SPACE',''
  ) );
#10988 = ORIENTED_EDGE('',*,*,#10989,.T.);
#10989 = EDGE_CURVE('',#10967,#10990,#10992,.T.);
#10990 = VERTEX_POINT('',#10991);
#10991 = CARTESIAN_POINT('',(-33.,-40.,26.));
#10992 = SURFACE_CURVE('',#10993,(#10997,#11004),.PCURVE_S1.);
#10993 = LINE('',#10994,#10995);
#10994 = CARTESIAN_POINT('',(-33.,-34.99,26.));
#10995 = VECTOR('',#10996,1.);
#10996 = DIRECTION('',(0.,-1.,0.));
#10997 = PCURVE('',#9634,#10998);
#10998 = DEFINITIONAL_REPRESENTATION('',(#10999),#11003);
#10999 = LINE('',#11000,#11001);
#11000 = CARTESIAN_POINT('',(-31.24,8.));
#11001 = VECTOR('',#11002,1.);
#11002 = DIRECTION('',(-1.,0.));
#11003 = ( GEOMETRIC_REPRESENTATION_CONTEXT(2) 
PARAMETRIC_REPRESENTATION_CONTEXT() REPRESENTATION_CONTEXT('2D SPACE',''
  ) );
#11004 = PCURVE('',#10041,#11005);
#11005 = DEFINITIONAL_REPRESENTATION('',(#11006),#11010);
#11006 = LINE('',#11007,#11008);
#11007 = CARTESIAN_POINT('',(0.,-5.));
#11008 = VECTOR('',#11009,1.);
#11009 = DIRECTION('',(1.,0.));
#11010 = ( GEOMETRIC_REPRESENTATION_CONTEXT(2) 
PARAMETRIC_REPRESENTATION_CONTEXT() REPRESENTATION_CONTEXT('2D SPACE',''
  ) );
#11011 = ORIENTED_EDGE('',*,*,#11012,.T.);
#11012 = EDGE_CURVE('',#10990,#11013,#11015,.T.);
#11013 = VERTEX_POINT('',#11014);
#11014 = CARTESIAN_POINT('',(-33.,-40.,17.));
#11015 = SURFACE_CURVE('',#11016,(#11020,#11027),.PCURVE_S1.);
#11016 = LINE('',#11017,#11018);
#11017 = CARTESIAN_POINT('',(-33.,-40.,26.));
#11018 = VECTOR('',#11019,1.);
#11019 = DIRECTION('',(0.,0.,-1.));
#11020 = PCURVE('',#9634,#11021);
#11021 = DEFINITIONAL_REPRESENTATION('',(#11022),#11026);
#11022 = LINE('',#11023,#11024);
#11023 = CARTESIAN_POINT('',(-36.25,8.));
#11024 = VECTOR('',#11025,1.);
#11025 = DIRECTION('',(0.,-1.));
#11026 = ( GEOMETRIC_REPRESENTATION_CONTEXT(2) 
PARAMETRIC_REPRESENTATION_CONTEXT() REPRESENTATION_CONTEXT('2D SPACE',''
  ) );
#11027 = PCURVE('',#10069,#11028);
#11028 = DEFINITIONAL_REPRESENTATION('',(#11029),#11033);
#11029 = LINE('',#11030,#11031);
#11030 = CARTESIAN_POINT('',(0.,-5.));
#11031 = VECTOR('',#11032,1.);
#11032 = DIRECTION('',(1.,0.));
#11033 = ( GEOMETRIC_REPRESENTATION_CONTEXT(2) 
PARAMETRIC_REPRESENTATION_CONTEXT() REPRESENTATION_CONTEXT('2D SPACE',''
  ) );
#11034 = ORIENTED_EDGE('',*,*,#11035,.T.);
#11035 = EDGE_CURVE('',#11013,#11036,#11038,.T.);
#11036 = VERTEX_POINT('',#11037);
#11037 = CARTESIAN_POINT('',(-33.,-35.,17.));
#11038 = SURFACE_CURVE('',#11039,(#11043,#11050),.PCURVE_S1.);
#11039 = LINE('',#11040,#11041);
#11040 = CARTESIAN_POINT('',(-33.,-40.,17.));
#11041 = VECTOR('',#11042,1.);
#11042 = DIRECTION('',(0.,1.,0.));
#11043 = PCURVE('',#9634,#11044);
#11044 = DEFINITIONAL_REPRESENTATION('',(#11045),#11049);
#11045 = LINE('',#11046,#11047);
#11046 = CARTESIAN_POINT('',(-36.25,-1.));
#11047 = VECTOR('',#11048,1.);
#11048 = DIRECTION('',(1.,0.));
#11049 = ( GEOMETRIC_REPRESENTATION_CONTEXT(2) 
PARAMETRIC_REPRESENTATION_CONTEXT() REPRESENTATION_CONTEXT('2D SPACE',''
  ) );
#11050 = PCURVE('',#10097,#11051);
#11051 = DEFINITIONAL_REPRESENTATION('',(#11052),#11056);
#11052 = LINE('',#11053,#11054);
#11053 = CARTESIAN_POINT('',(0.,-5.));
#11054 = VECTOR('',#11055,1.);
#11055 = DIRECTION('',(1.,0.));
#11056 = ( GEOMETRIC_REPRESENTATION_CONTEXT(2) 
PARAMETRIC_REPRESENTATION_CONTEXT() REPRESENTATION_CONTEXT('2D SPACE',''
  ) );
#11057 = ORIENTED_EDGE('',*,*,#11058,.T.);
#11058 = EDGE_CURVE('',#11036,#11059,#11061,.T.);
#11059 = VERTEX_POINT('',#11060);
#11060 = CARTESIAN_POINT('',(-33.,-35.,14.15));
#11061 = SURFACE_CURVE('',#11062,(#11066,#11073),.PCURVE_S1.);
#11062 = LINE('',#11063,#11064);
#11063 = CARTESIAN_POINT('',(-33.,-35.,29.));
#11064 = VECTOR('',#11065,1.);
#11065 = DIRECTION('',(0.,0.,-1.));
#11066 = PCURVE('',#9634,#11067);
#11067 = DEFINITIONAL_REPRESENTATION('',(#11068),#11072);
#11068 = LINE('',#11069,#11070);
#11069 = CARTESIAN_POINT('',(-31.25,11.));
#11070 = VECTOR('',#11071,1.);
#11071 = DIRECTION('',(0.,-1.));
#11072 = ( GEOMETRIC_REPRESENTATION_CONTEXT(2) 
PARAMETRIC_REPRESENTATION_CONTEXT() REPRESENTATION_CONTEXT('2D SPACE',''
  ) );
#11073 = PCURVE('',#10125,#11074);
#11074 = DEFINITIONAL_REPRESENTATION('',(#11075),#11079);
#11075 = LINE('',#11076,#11077);
#11076 = CARTESIAN_POINT('',(0.,-5.));
#11077 = VECTOR('',#11078,1.);
#11078 = DIRECTION('',(1.,0.));
#11079 = ( GEOMETRIC_REPRESENTATION_CONTEXT(2) 
PARAMETRIC_REPRESENTATION_CONTEXT() REPRESENTATION_CONTEXT('2D SPACE',''
  ) );
#11080 = ORIENTED_EDGE('',*,*,#11081,.F.);
#11081 = EDGE_CURVE('',#11082,#11059,#11084,.T.);
#11082 = VERTEX_POINT('',#11083);
#11083 = CARTESIAN_POINT('',(-33.,-30.5,14.15));
#11084 = SURFACE_CURVE('',#11085,(#11089,#11095),.PCURVE_S1.);
#11085 = LINE('',#11086,#11087);
#11086 = CARTESIAN_POINT('',(-33.,-19.375,14.15));
#11087 = VECTOR('',#11088,1.);
#11088 = DIRECTION('',(0.,-1.,0.));
#11089 = PCURVE('',#9634,#11090);
#11090 = DEFINITIONAL_REPRESENTATION('',(#11091),#11094);
#11091 = B_SPLINE_CURVE_WITH_KNOTS('',1,(#11092,#11093),.UNSPECIFIED.,
  .F.,.F.,(2,2),(5.625,15.625),.PIECEWISE_BEZIER_KNOTS.);
#11092 = CARTESIAN_POINT('',(-21.25,-3.85));
#11093 = CARTESIAN_POINT('',(-31.25,-3.85));
#11094 = ( GEOMETRIC_REPRESENTATION_CONTEXT(2) 
PARAMETRIC_REPRESENTATION_CONTEXT() REPRESENTATION_CONTEXT('2D SPACE',''
  ) );
#11095 = PCURVE('',#10152,#11096);
#11096 = DEFINITIONAL_REPRESENTATION('',(#11097),#11100);
#11097 = B_SPLINE_CURVE_WITH_KNOTS('',1,(#11098,#11099),.UNSPECIFIED.,
  .F.,.F.,(2,2),(5.625,15.625),.PIECEWISE_BEZIER_KNOTS.);
#11098 = CARTESIAN_POINT('',(10.,-55.));
#11099 = CARTESIAN_POINT('',(0.,-55.));
#11100 = ( GEOMETRIC_REPRESENTATION_CONTEXT(2) 
PARAMETRIC_REPRESENTATION_CONTEXT() REPRESENTATION_CONTEXT('2D SPACE',''
  ) );
#11101 = ORIENTED_EDGE('',*,*,#11102,.F.);
#11102 = EDGE_CURVE('',#11103,#11082,#11105,.T.);
#11103 = VERTEX_POINT('',#11104);
#11104 = CARTESIAN_POINT('',(-33.,-30.5,15.4));
#11105 = SURFACE_CURVE('',#11106,(#11110,#11116),.PCURVE_S1.);
#11106 = LINE('',#11107,#11108);
#11107 = CARTESIAN_POINT('',(-33.,-30.5,13.8));
#11108 = VECTOR('',#11109,1.);
#11109 = DIRECTION('',(0.,0.,-1.));
#11110 = PCURVE('',#9634,#11111);
#11111 = DEFINITIONAL_REPRESENTATION('',(#11112),#11115);
#11112 = B_SPLINE_CURVE_WITH_KNOTS('',1,(#11113,#11114),.UNSPECIFIED.,
  .F.,.F.,(2,2),(-1.6,4.2),.PIECEWISE_BEZIER_KNOTS.);
#11113 = CARTESIAN_POINT('',(-26.75,-2.6));
#11114 = CARTESIAN_POINT('',(-26.75,-8.4));
#11115 = ( GEOMETRIC_REPRESENTATION_CONTEXT(2) 
PARAMETRIC_REPRESENTATION_CONTEXT() REPRESENTATION_CONTEXT('2D SPACE',''
  ) );
#11116 = PCURVE('',#10178,#11117);
#11117 = DEFINITIONAL_REPRESENTATION('',(#11118),#11121);
#11118 = B_SPLINE_CURVE_WITH_KNOTS('',1,(#11119,#11120),.UNSPECIFIED.,
  .F.,.F.,(2,2),(-1.6,4.2),.PIECEWISE_BEZIER_KNOTS.);
#11119 = CARTESIAN_POINT('',(5.8,-55.));
#11120 = CARTESIAN_POINT('',(0.,-55.));
#11121 = ( GEOMETRIC_REPRESENTATION_CONTEXT(2) 
PARAMETRIC_REPRESENTATION_CONTEXT() REPRESENTATION_CONTEXT('2D SPACE',''
  ) );
#11122 = ORIENTED_EDGE('',*,*,#11123,.F.);
#11123 = EDGE_CURVE('',#11124,#11103,#11126,.T.);
#11124 = VERTEX_POINT('',#11125);
#11125 = CARTESIAN_POINT('',(-33.,-27.9,15.4));
#11126 = SURFACE_CURVE('',#11127,(#11131,#11137),.PCURVE_S1.);
#11127 = LINE('',#11128,#11129);
#11128 = CARTESIAN_POINT('',(-33.,-17.125,15.4));
#11129 = VECTOR('',#11130,1.);
#11130 = DIRECTION('',(0.,-1.,0.));
#11131 = PCURVE('',#9634,#11132);
#11132 = DEFINITIONAL_REPRESENTATION('',(#11133),#11136);
#11133 = B_SPLINE_CURVE_WITH_KNOTS('',1,(#11134,#11135),.UNSPECIFIED.,
  .F.,.F.,(2,2),(10.775,13.375),.PIECEWISE_BEZIER_KNOTS.);
#11134 = CARTESIAN_POINT('',(-24.15,-2.6));
#11135 = CARTESIAN_POINT('',(-26.75,-2.6));
#11136 = ( GEOMETRIC_REPRESENTATION_CONTEXT(2) 
PARAMETRIC_REPRESENTATION_CONTEXT() REPRESENTATION_CONTEXT('2D SPACE',''
  ) );
#11137 = PCURVE('',#10204,#11138);
#11138 = DEFINITIONAL_REPRESENTATION('',(#11139),#11142);
#11139 = B_SPLINE_CURVE_WITH_KNOTS('',1,(#11140,#11141),.UNSPECIFIED.,
  .F.,.F.,(2,2),(10.775,13.375),.PIECEWISE_BEZIER_KNOTS.);
#11140 = CARTESIAN_POINT('',(2.6,-55.));
#11141 = CARTESIAN_POINT('',(0.,-55.));
#11142 = ( GEOMETRIC_REPRESENTATION_CONTEXT(2) 
PARAMETRIC_REPRESENTATION_CONTEXT() REPRESENTATION_CONTEXT('2D SPACE',''
  ) );
#11143 = ORIENTED_EDGE('',*,*,#11144,.F.);
#11144 = EDGE_CURVE('',#11145,#11124,#11147,.T.);
#11145 = VERTEX_POINT('',#11146);
#11146 = CARTESIAN_POINT('',(-33.,-27.9,14.15));
#11147 = SURFACE_CURVE('',#11148,(#11152,#11158),.PCURVE_S1.);
#11148 = LINE('',#11149,#11150);
#11149 = CARTESIAN_POINT('',(-33.,-27.9,16.7));
#11150 = VECTOR('',#11151,1.);
#11151 = DIRECTION('',(0.,0.,1.));
#11152 = PCURVE('',#9634,#11153);
#11153 = DEFINITIONAL_REPRESENTATION('',(#11154),#11157);
#11154 = B_SPLINE_CURVE_WITH_KNOTS('',1,(#11155,#11156),.UNSPECIFIED.,
  .F.,.F.,(2,2),(-7.1,-1.3),.PIECEWISE_BEZIER_KNOTS.);
#11155 = CARTESIAN_POINT('',(-24.15,-8.4));
#11156 = CARTESIAN_POINT('',(-24.15,-2.6));
#11157 = ( GEOMETRIC_REPRESENTATION_CONTEXT(2) 
PARAMETRIC_REPRESENTATION_CONTEXT() REPRESENTATION_CONTEXT('2D SPACE',''
  ) );
#11158 = PCURVE('',#10230,#11159);
#11159 = DEFINITIONAL_REPRESENTATION('',(#11160),#11163);
#11160 = B_SPLINE_CURVE_WITH_KNOTS('',1,(#11161,#11162),.UNSPECIFIED.,
  .F.,.F.,(2,2),(-7.1,-1.3),.PIECEWISE_BEZIER_KNOTS.);
#11161 = CARTESIAN_POINT('',(5.8,-55.));
#11162 = CARTESIAN_POINT('',(0.,-55.));
#11163 = ( GEOMETRIC_REPRESENTATION_CONTEXT(2) 
PARAMETRIC_REPRESENTATION_CONTEXT() REPRESENTATION_CONTEXT('2D SPACE',''
  ) );
#11164 = ORIENTED_EDGE('',*,*,#11165,.F.);
#11165 = EDGE_CURVE('',#11166,#11145,#11168,.T.);
#11166 = VERTEX_POINT('',#11167);
#11167 = CARTESIAN_POINT('',(-33.,-25.,14.15));
#11168 = SURFACE_CURVE('',#11169,(#11173,#11179),.PCURVE_S1.);
#11169 = LINE('',#11170,#11171);
#11170 = CARTESIAN_POINT('',(-33.,-19.375,14.15));
#11171 = VECTOR('',#11172,1.);
#11172 = DIRECTION('',(0.,-1.,0.));
#11173 = PCURVE('',#9634,#11174);
#11174 = DEFINITIONAL_REPRESENTATION('',(#11175),#11178);
#11175 = B_SPLINE_CURVE_WITH_KNOTS('',1,(#11176,#11177),.UNSPECIFIED.,
  .F.,.F.,(2,2),(5.625,15.625),.PIECEWISE_BEZIER_KNOTS.);
#11176 = CARTESIAN_POINT('',(-21.25,-3.85));
#11177 = CARTESIAN_POINT('',(-31.25,-3.85));
#11178 = ( GEOMETRIC_REPRESENTATION_CONTEXT(2) 
PARAMETRIC_REPRESENTATION_CONTEXT() REPRESENTATION_CONTEXT('2D SPACE',''
  ) );
#11179 = PCURVE('',#10256,#11180);
#11180 = DEFINITIONAL_REPRESENTATION('',(#11181),#11184);
#11181 = B_SPLINE_CURVE_WITH_KNOTS('',1,(#11182,#11183),.UNSPECIFIED.,
  .F.,.F.,(2,2),(5.625,15.625),.PIECEWISE_BEZIER_KNOTS.);
#11182 = CARTESIAN_POINT('',(10.,-55.));
#11183 = CARTESIAN_POINT('',(0.,-55.));
#11184 = ( GEOMETRIC_REPRESENTATION_CONTEXT(2) 
PARAMETRIC_REPRESENTATION_CONTEXT() REPRESENTATION_CONTEXT('2D SPACE',''
  ) );
#11185 = ORIENTED_EDGE('',*,*,#11186,.F.);
#11186 = EDGE_CURVE('',#11187,#11166,#11189,.T.);
#11187 = VERTEX_POINT('',#11188);
#11188 = CARTESIAN_POINT('',(-33.,-25.,10.85));
#11189 = SURFACE_CURVE('',#11190,(#11194,#11200),.PCURVE_S1.);
#11190 = LINE('',#11191,#11192);
#11191 = CARTESIAN_POINT('',(-33.,-25.,16.075));
#11192 = VECTOR('',#11193,1.);
#11193 = DIRECTION('',(0.,0.,1.));
#11194 = PCURVE('',#9634,#11195);
#11195 = DEFINITIONAL_REPRESENTATION('',(#11196),#11199);
#11196 = B_SPLINE_CURVE_WITH_KNOTS('',1,(#11197,#11198),.UNSPECIFIED.,
  .F.,.F.,(2,2),(-5.225,-1.925),.PIECEWISE_BEZIER_KNOTS.);
#11197 = CARTESIAN_POINT('',(-21.25,-7.15));
#11198 = CARTESIAN_POINT('',(-21.25,-3.85));
#11199 = ( GEOMETRIC_REPRESENTATION_CONTEXT(2) 
PARAMETRIC_REPRESENTATION_CONTEXT() REPRESENTATION_CONTEXT('2D SPACE',''
  ) );
#11200 = PCURVE('',#10282,#11201);
#11201 = DEFINITIONAL_REPRESENTATION('',(#11202),#11205);
#11202 = B_SPLINE_CURVE_WITH_KNOTS('',1,(#11203,#11204),.UNSPECIFIED.,
  .F.,.F.,(2,2),(-5.225,-1.925),.PIECEWISE_BEZIER_KNOTS.);
#11203 = CARTESIAN_POINT('',(3.3,-55.));
#11204 = CARTESIAN_POINT('',(0.,-55.));
#11205 = ( GEOMETRIC_REPRESENTATION_CONTEXT(2) 
PARAMETRIC_REPRESENTATION_CONTEXT() REPRESENTATION_CONTEXT('2D SPACE',''
  ) );
#11206 = ORIENTED_EDGE('',*,*,#11207,.F.);
#11207 = EDGE_CURVE('',#11208,#11187,#11210,.T.);
#11208 = VERTEX_POINT('',#11209);
#11209 = CARTESIAN_POINT('',(-33.,-27.9,10.85));
#11210 = SURFACE_CURVE('',#11211,(#11215,#11221),.PCURVE_S1.);
#11211 = LINE('',#11212,#11213);
#11212 = CARTESIAN_POINT('',(-33.,-14.375,10.85));
#11213 = VECTOR('',#11214,1.);
#11214 = DIRECTION('',(0.,1.,0.));
#11215 = PCURVE('',#9634,#11216);
#11216 = DEFINITIONAL_REPRESENTATION('',(#11217),#11220);
#11217 = B_SPLINE_CURVE_WITH_KNOTS('',1,(#11218,#11219),.UNSPECIFIED.,
  .F.,.F.,(2,2),(-20.625,-10.625),.PIECEWISE_BEZIER_KNOTS.);
#11218 = CARTESIAN_POINT('',(-31.25,-7.15));
#11219 = CARTESIAN_POINT('',(-21.25,-7.15));
#11220 = ( GEOMETRIC_REPRESENTATION_CONTEXT(2) 
PARAMETRIC_REPRESENTATION_CONTEXT() REPRESENTATION_CONTEXT('2D SPACE',''
  ) );
#11221 = PCURVE('',#10308,#11222);
#11222 = DEFINITIONAL_REPRESENTATION('',(#11223),#11226);
#11223 = B_SPLINE_CURVE_WITH_KNOTS('',1,(#11224,#11225),.UNSPECIFIED.,
  .F.,.F.,(2,2),(-20.625,-10.625),.PIECEWISE_BEZIER_KNOTS.);
#11224 = CARTESIAN_POINT('',(10.,-55.));
#11225 = CARTESIAN_POINT('',(0.,-55.));
#11226 = ( GEOMETRIC_REPRESENTATION_CONTEXT(2) 
PARAMETRIC_REPRESENTATION_CONTEXT() REPRESENTATION_CONTEXT('2D SPACE',''
  ) );
#11227 = ORIENTED_EDGE('',*,*,#11228,.F.);
#11228 = EDGE_CURVE('',#11229,#11208,#11231,.T.);
#11229 = VERTEX_POINT('',#11230);
#11230 = CARTESIAN_POINT('',(-33.,-27.9,9.6));
#11231 = SURFACE_CURVE('',#11232,(#11236,#11242),.PCURVE_S1.);
#11232 = LINE('',#11233,#11234);
#11233 = CARTESIAN_POINT('',(-33.,-27.9,16.7));
#11234 = VECTOR('',#11235,1.);
#11235 = DIRECTION('',(0.,0.,1.));
#11236 = PCURVE('',#9634,#11237);
#11237 = DEFINITIONAL_REPRESENTATION('',(#11238),#11241);
#11238 = B_SPLINE_CURVE_WITH_KNOTS('',1,(#11239,#11240),.UNSPECIFIED.,
  .F.,.F.,(2,2),(-7.1,-1.3),.PIECEWISE_BEZIER_KNOTS.);
#11239 = CARTESIAN_POINT('',(-24.15,-8.4));
#11240 = CARTESIAN_POINT('',(-24.15,-2.6));
#11241 = ( GEOMETRIC_REPRESENTATION_CONTEXT(2) 
PARAMETRIC_REPRESENTATION_CONTEXT() REPRESENTATION_CONTEXT('2D SPACE',''
  ) );
#11242 = PCURVE('',#10334,#11243);
#11243 = DEFINITIONAL_REPRESENTATION('',(#11244),#11247);
#11244 = B_SPLINE_CURVE_WITH_KNOTS('',1,(#11245,#11246),.UNSPECIFIED.,
  .F.,.F.,(2,2),(-7.1,-1.3),.PIECEWISE_BEZIER_KNOTS.);
#11245 = CARTESIAN_POINT('',(5.8,-55.));
#11246 = CARTESIAN_POINT('',(0.,-55.));
#11247 = ( GEOMETRIC_REPRESENTATION_CONTEXT(2) 
PARAMETRIC_REPRESENTATION_CONTEXT() REPRESENTATION_CONTEXT('2D SPACE',''
  ) );
#11248 = ORIENTED_EDGE('',*,*,#11249,.F.);
#11249 = EDGE_CURVE('',#11250,#11229,#11252,.T.);
#11250 = VERTEX_POINT('',#11251);
#11251 = CARTESIAN_POINT('',(-33.,-30.5,9.6));
#11252 = SURFACE_CURVE('',#11253,(#11257,#11263),.PCURVE_S1.);
#11253 = LINE('',#11254,#11255);
#11254 = CARTESIAN_POINT('',(-33.,-15.825,9.6));
#11255 = VECTOR('',#11256,1.);
#11256 = DIRECTION('',(0.,1.,0.));
#11257 = PCURVE('',#9634,#11258);
#11258 = DEFINITIONAL_REPRESENTATION('',(#11259),#11262);
#11259 = B_SPLINE_CURVE_WITH_KNOTS('',1,(#11260,#11261),.UNSPECIFIED.,
  .F.,.F.,(2,2),(-14.675,-12.075),.PIECEWISE_BEZIER_KNOTS.);
#11260 = CARTESIAN_POINT('',(-26.75,-8.4));
#11261 = CARTESIAN_POINT('',(-24.15,-8.4));
#11262 = ( GEOMETRIC_REPRESENTATION_CONTEXT(2) 
PARAMETRIC_REPRESENTATION_CONTEXT() REPRESENTATION_CONTEXT('2D SPACE',''
  ) );
#11263 = PCURVE('',#10360,#11264);
#11264 = DEFINITIONAL_REPRESENTATION('',(#11265),#11268);
#11265 = B_SPLINE_CURVE_WITH_KNOTS('',1,(#11266,#11267),.UNSPECIFIED.,
  .F.,.F.,(2,2),(-14.675,-12.075),.PIECEWISE_BEZIER_KNOTS.);
#11266 = CARTESIAN_POINT('',(2.6,-55.));
#11267 = CARTESIAN_POINT('',(0.,-55.));
#11268 = ( GEOMETRIC_REPRESENTATION_CONTEXT(2) 
PARAMETRIC_REPRESENTATION_CONTEXT() REPRESENTATION_CONTEXT('2D SPACE',''
  ) );
#11269 = ORIENTED_EDGE('',*,*,#11270,.F.);
#11270 = EDGE_CURVE('',#11271,#11250,#11273,.T.);
#11271 = VERTEX_POINT('',#11272);
#11272 = CARTESIAN_POINT('',(-33.,-30.5,10.85));
#11273 = SURFACE_CURVE('',#11274,(#11278,#11284),.PCURVE_S1.);
#11274 = LINE('',#11275,#11276);
#11275 = CARTESIAN_POINT('',(-33.,-30.5,13.8));
#11276 = VECTOR('',#11277,1.);
#11277 = DIRECTION('',(0.,0.,-1.));
#11278 = PCURVE('',#9634,#11279);
#11279 = DEFINITIONAL_REPRESENTATION('',(#11280),#11283);
#11280 = B_SPLINE_CURVE_WITH_KNOTS('',1,(#11281,#11282),.UNSPECIFIED.,
  .F.,.F.,(2,2),(-1.6,4.2),.PIECEWISE_BEZIER_KNOTS.);
#11281 = CARTESIAN_POINT('',(-26.75,-2.6));
#11282 = CARTESIAN_POINT('',(-26.75,-8.4));
#11283 = ( GEOMETRIC_REPRESENTATION_CONTEXT(2) 
PARAMETRIC_REPRESENTATION_CONTEXT() REPRESENTATION_CONTEXT('2D SPACE',''
  ) );
#11284 = PCURVE('',#10386,#11285);
#11285 = DEFINITIONAL_REPRESENTATION('',(#11286),#11289);
#11286 = B_SPLINE_CURVE_WITH_KNOTS('',1,(#11287,#11288),.UNSPECIFIED.,
  .F.,.F.,(2,2),(-1.6,4.2),.PIECEWISE_BEZIER_KNOTS.);
#11287 = CARTESIAN_POINT('',(5.8,-55.));
#11288 = CARTESIAN_POINT('',(0.,-55.));
#11289 = ( GEOMETRIC_REPRESENTATION_CONTEXT(2) 
PARAMETRIC_REPRESENTATION_CONTEXT() REPRESENTATION_CONTEXT('2D SPACE',''
  ) );
#11290 = ORIENTED_EDGE('',*,*,#11291,.F.);
#11291 = EDGE_CURVE('',#9727,#11271,#11292,.T.);
#11292 = SURFACE_CURVE('',#11293,(#11297,#11303),.PCURVE_S1.);
#11293 = LINE('',#11294,#11295);
#11294 = CARTESIAN_POINT('',(-33.,-14.375,10.85));
#11295 = VECTOR('',#11296,1.);
#11296 = DIRECTION('',(0.,1.,0.));
#11297 = PCURVE('',#9634,#11298);
#11298 = DEFINITIONAL_REPRESENTATION('',(#11299),#11302);
#11299 = B_SPLINE_CURVE_WITH_KNOTS('',1,(#11300,#11301),.UNSPECIFIED.,
  .F.,.F.,(2,2),(-20.625,-10.625),.PIECEWISE_BEZIER_KNOTS.);
#11300 = CARTESIAN_POINT('',(-31.25,-7.15));
#11301 = CARTESIAN_POINT('',(-21.25,-7.15));
#11302 = ( GEOMETRIC_REPRESENTATION_CONTEXT(2) 
PARAMETRIC_REPRESENTATION_CONTEXT() REPRESENTATION_CONTEXT('2D SPACE',''
  ) );
#11303 = PCURVE('',#9742,#11304);
#11304 = DEFINITIONAL_REPRESENTATION('',(#11305),#11308);
#11305 = B_SPLINE_CURVE_WITH_KNOTS('',1,(#11306,#11307),.UNSPECIFIED.,
  .F.,.F.,(2,2),(-20.625,-10.625),.PIECEWISE_BEZIER_KNOTS.);
#11306 = CARTESIAN_POINT('',(10.,-55.));
#11307 = CARTESIAN_POINT('',(0.,-55.));
#11308 = ( GEOMETRIC_REPRESENTATION_CONTEXT(2) 
PARAMETRIC_REPRESENTATION_CONTEXT() REPRESENTATION_CONTEXT('2D SPACE',''
  ) );
#11309 = ORIENTED_EDGE('',*,*,#9754,.T.);
#11310 = ORIENTED_EDGE('',*,*,#9618,.T.);
#11311 = ORIENTED_EDGE('',*,*,#9803,.T.);
#11312 = ORIENTED_EDGE('',*,*,#11313,.F.);
#11313 = EDGE_CURVE('',#11314,#9804,#11316,.T.);
#11314 = VERTEX_POINT('',#11315);
#11315 = CARTESIAN_POINT('',(-33.,23.,10.85));
#11316 = SURFACE_CURVE('',#11317,(#11321,#11327),.PCURVE_S1.);
#11317 = LINE('',#11318,#11319);
#11318 = CARTESIAN_POINT('',(-33.,11.875,10.85));
#11319 = VECTOR('',#11320,1.);
#11320 = DIRECTION('',(0.,1.,0.));
#11321 = PCURVE('',#9634,#11322);
#11322 = DEFINITIONAL_REPRESENTATION('',(#11323),#11326);
#11323 = B_SPLINE_CURVE_WITH_KNOTS('',1,(#11324,#11325),.UNSPECIFIED.,
  .F.,.F.,(2,2),(5.625,15.625),.PIECEWISE_BEZIER_KNOTS.);
#11324 = CARTESIAN_POINT('',(21.25,-7.15));
#11325 = CARTESIAN_POINT('',(31.25,-7.15));
#11326 = ( GEOMETRIC_REPRESENTATION_CONTEXT(2) 
PARAMETRIC_REPRESENTATION_CONTEXT() REPRESENTATION_CONTEXT('2D SPACE',''
  ) );
#11327 = PCURVE('',#9840,#11328);
#11328 = DEFINITIONAL_REPRESENTATION('',(#11329),#11332);
#11329 = B_SPLINE_CURVE_WITH_KNOTS('',1,(#11330,#11331),.UNSPECIFIED.,
  .F.,.F.,(2,2),(5.625,15.625),.PIECEWISE_BEZIER_KNOTS.);
#11330 = CARTESIAN_POINT('',(10.,-55.));
#11331 = CARTESIAN_POINT('',(0.,-55.));
#11332 = ( GEOMETRIC_REPRESENTATION_CONTEXT(2) 
PARAMETRIC_REPRESENTATION_CONTEXT() REPRESENTATION_CONTEXT('2D SPACE',''
  ) );
#11333 = ORIENTED_EDGE('',*,*,#11334,.F.);
#11334 = EDGE_CURVE('',#11335,#11314,#11337,.T.);
#11335 = VERTEX_POINT('',#11336);
#11336 = CARTESIAN_POINT('',(-33.,23.,9.6));
#11337 = SURFACE_CURVE('',#11338,(#11342,#11348),.PCURVE_S1.);
#11338 = LINE('',#11339,#11340);
#11339 = CARTESIAN_POINT('',(-33.,23.,16.7));
#11340 = VECTOR('',#11341,1.);
#11341 = DIRECTION('',(0.,0.,1.));
#11342 = PCURVE('',#9634,#11343);
#11343 = DEFINITIONAL_REPRESENTATION('',(#11344),#11347);
#11344 = B_SPLINE_CURVE_WITH_KNOTS('',1,(#11345,#11346),.UNSPECIFIED.,
  .F.,.F.,(2,2),(-7.1,-1.3),.PIECEWISE_BEZIER_KNOTS.);
#11345 = CARTESIAN_POINT('',(26.75,-8.4));
#11346 = CARTESIAN_POINT('',(26.75,-2.6));
#11347 = ( GEOMETRIC_REPRESENTATION_CONTEXT(2) 
PARAMETRIC_REPRESENTATION_CONTEXT() REPRESENTATION_CONTEXT('2D SPACE',''
  ) );
#11348 = PCURVE('',#10455,#11349);
#11349 = DEFINITIONAL_REPRESENTATION('',(#11350),#11353);
#11350 = B_SPLINE_CURVE_WITH_KNOTS('',1,(#11351,#11352),.UNSPECIFIED.,
  .F.,.F.,(2,2),(-7.1,-1.3),.PIECEWISE_BEZIER_KNOTS.);
#11351 = CARTESIAN_POINT('',(5.8,-55.));
#11352 = CARTESIAN_POINT('',(0.,-55.));
#11353 = ( GEOMETRIC_REPRESENTATION_CONTEXT(2) 
PARAMETRIC_REPRESENTATION_CONTEXT() REPRESENTATION_CONTEXT('2D SPACE',''
  ) );
#11354 = ORIENTED_EDGE('',*,*,#11355,.F.);
#11355 = EDGE_CURVE('',#11356,#11335,#11358,.T.);
#11356 = VERTEX_POINT('',#11357);
#11357 = CARTESIAN_POINT('',(-33.,20.4,9.6));
#11358 = SURFACE_CURVE('',#11359,(#11363,#11369),.PCURVE_S1.);
#11359 = LINE('',#11360,#11361);
#11360 = CARTESIAN_POINT('',(-33.,9.625,9.6));
#11361 = VECTOR('',#11362,1.);
#11362 = DIRECTION('',(0.,1.,0.));
#11363 = PCURVE('',#9634,#11364);
#11364 = DEFINITIONAL_REPRESENTATION('',(#11365),#11368);
#11365 = B_SPLINE_CURVE_WITH_KNOTS('',1,(#11366,#11367),.UNSPECIFIED.,
  .F.,.F.,(2,2),(10.775,13.375),.PIECEWISE_BEZIER_KNOTS.);
#11366 = CARTESIAN_POINT('',(24.15,-8.4));
#11367 = CARTESIAN_POINT('',(26.75,-8.4));
#11368 = ( GEOMETRIC_REPRESENTATION_CONTEXT(2) 
PARAMETRIC_REPRESENTATION_CONTEXT() REPRESENTATION_CONTEXT('2D SPACE',''
  ) );
#11369 = PCURVE('',#10481,#11370);
#11370 = DEFINITIONAL_REPRESENTATION('',(#11371),#11374);
#11371 = B_SPLINE_CURVE_WITH_KNOTS('',1,(#11372,#11373),.UNSPECIFIED.,
  .F.,.F.,(2,2),(10.775,13.375),.PIECEWISE_BEZIER_KNOTS.);
#11372 = CARTESIAN_POINT('',(2.6,-55.));
#11373 = CARTESIAN_POINT('',(0.,-55.));
#11374 = ( GEOMETRIC_REPRESENTATION_CONTEXT(2) 
PARAMETRIC_REPRESENTATION_CONTEXT() REPRESENTATION_CONTEXT('2D SPACE',''
  ) );
#11375 = ORIENTED_EDGE('',*,*,#11376,.F.);
#11376 = EDGE_CURVE('',#11377,#11356,#11379,.T.);
#11377 = VERTEX_POINT('',#11378);
#11378 = CARTESIAN_POINT('',(-33.,20.4,10.85));
#11379 = SURFACE_CURVE('',#11380,(#11384,#11390),.PCURVE_S1.);
#11380 = LINE('',#11381,#11382);
#11381 = CARTESIAN_POINT('',(-33.,20.4,13.8));
#11382 = VECTOR('',#11383,1.);
#11383 = DIRECTION('',(0.,0.,-1.));
#11384 = PCURVE('',#9634,#11385);
#11385 = DEFINITIONAL_REPRESENTATION('',(#11386),#11389);
#11386 = B_SPLINE_CURVE_WITH_KNOTS('',1,(#11387,#11388),.UNSPECIFIED.,
  .F.,.F.,(2,2),(-1.6,4.2),.PIECEWISE_BEZIER_KNOTS.);
#11387 = CARTESIAN_POINT('',(24.15,-2.6));
#11388 = CARTESIAN_POINT('',(24.15,-8.4));
#11389 = ( GEOMETRIC_REPRESENTATION_CONTEXT(2) 
PARAMETRIC_REPRESENTATION_CONTEXT() REPRESENTATION_CONTEXT('2D SPACE',''
  ) );
#11390 = PCURVE('',#10507,#11391);
#11391 = DEFINITIONAL_REPRESENTATION('',(#11392),#11395);
#11392 = B_SPLINE_CURVE_WITH_KNOTS('',1,(#11393,#11394),.UNSPECIFIED.,
  .F.,.F.,(2,2),(-1.6,4.2),.PIECEWISE_BEZIER_KNOTS.);
#11393 = CARTESIAN_POINT('',(5.8,-55.));
#11394 = CARTESIAN_POINT('',(0.,-55.));
#11395 = ( GEOMETRIC_REPRESENTATION_CONTEXT(2) 
PARAMETRIC_REPRESENTATION_CONTEXT() REPRESENTATION_CONTEXT('2D SPACE',''
  ) );
#11396 = ORIENTED_EDGE('',*,*,#11397,.F.);
#11397 = EDGE_CURVE('',#11398,#11377,#11400,.T.);
#11398 = VERTEX_POINT('',#11399);
#11399 = CARTESIAN_POINT('',(-33.,17.5,10.85));
#11400 = SURFACE_CURVE('',#11401,(#11405,#11411),.PCURVE_S1.);
#11401 = LINE('',#11402,#11403);
#11402 = CARTESIAN_POINT('',(-33.,11.875,10.85));
#11403 = VECTOR('',#11404,1.);
#11404 = DIRECTION('',(0.,1.,0.));
#11405 = PCURVE('',#9634,#11406);
#11406 = DEFINITIONAL_REPRESENTATION('',(#11407),#11410);
#11407 = B_SPLINE_CURVE_WITH_KNOTS('',1,(#11408,#11409),.UNSPECIFIED.,
  .F.,.F.,(2,2),(5.625,15.625),.PIECEWISE_BEZIER_KNOTS.);
#11408 = CARTESIAN_POINT('',(21.25,-7.15));
#11409 = CARTESIAN_POINT('',(31.25,-7.15));
#11410 = ( GEOMETRIC_REPRESENTATION_CONTEXT(2) 
PARAMETRIC_REPRESENTATION_CONTEXT() REPRESENTATION_CONTEXT('2D SPACE',''
  ) );
#11411 = PCURVE('',#10533,#11412);
#11412 = DEFINITIONAL_REPRESENTATION('',(#11413),#11416);
#11413 = B_SPLINE_CURVE_WITH_KNOTS('',1,(#11414,#11415),.UNSPECIFIED.,
  .F.,.F.,(2,2),(5.625,15.625),.PIECEWISE_BEZIER_KNOTS.);
#11414 = CARTESIAN_POINT('',(10.,-55.));
#11415 = CARTESIAN_POINT('',(0.,-55.));
#11416 = ( GEOMETRIC_REPRESENTATION_CONTEXT(2) 
PARAMETRIC_REPRESENTATION_CONTEXT() REPRESENTATION_CONTEXT('2D SPACE',''
  ) );
#11417 = ORIENTED_EDGE('',*,*,#11418,.F.);
#11418 = EDGE_CURVE('',#11419,#11398,#11421,.T.);
#11419 = VERTEX_POINT('',#11420);
#11420 = CARTESIAN_POINT('',(-33.,17.5,14.15));
#11421 = SURFACE_CURVE('',#11422,(#11426,#11432),.PCURVE_S1.);
#11422 = LINE('',#11423,#11424);
#11423 = CARTESIAN_POINT('',(-33.,17.5,14.425));
#11424 = VECTOR('',#11425,1.);
#11425 = DIRECTION('',(0.,0.,-1.));
#11426 = PCURVE('',#9634,#11427);
#11427 = DEFINITIONAL_REPRESENTATION('',(#11428),#11431);
#11428 = B_SPLINE_CURVE_WITH_KNOTS('',1,(#11429,#11430),.UNSPECIFIED.,
  .F.,.F.,(2,2),(0.275,3.575),.PIECEWISE_BEZIER_KNOTS.);
#11429 = CARTESIAN_POINT('',(21.25,-3.85));
#11430 = CARTESIAN_POINT('',(21.25,-7.15));
#11431 = ( GEOMETRIC_REPRESENTATION_CONTEXT(2) 
PARAMETRIC_REPRESENTATION_CONTEXT() REPRESENTATION_CONTEXT('2D SPACE',''
  ) );
#11432 = PCURVE('',#10559,#11433);
#11433 = DEFINITIONAL_REPRESENTATION('',(#11434),#11437);
#11434 = B_SPLINE_CURVE_WITH_KNOTS('',1,(#11435,#11436),.UNSPECIFIED.,
  .F.,.F.,(2,2),(0.275,3.575),.PIECEWISE_BEZIER_KNOTS.);
#11435 = CARTESIAN_POINT('',(3.3,-55.));
#11436 = CARTESIAN_POINT('',(0.,-55.));
#11437 = ( GEOMETRIC_REPRESENTATION_CONTEXT(2) 
PARAMETRIC_REPRESENTATION_CONTEXT() REPRESENTATION_CONTEXT('2D SPACE',''
  ) );
#11438 = ORIENTED_EDGE('',*,*,#11439,.F.);
#11439 = EDGE_CURVE('',#11440,#11419,#11442,.T.);
#11440 = VERTEX_POINT('',#11441);
#11441 = CARTESIAN_POINT('',(-33.,20.4,14.15));
#11442 = SURFACE_CURVE('',#11443,(#11447,#11453),.PCURVE_S1.);
#11443 = LINE('',#11444,#11445);
#11444 = CARTESIAN_POINT('',(-33.,6.875,14.15));
#11445 = VECTOR('',#11446,1.);
#11446 = DIRECTION('',(0.,-1.,0.));
#11447 = PCURVE('',#9634,#11448);
#11448 = DEFINITIONAL_REPRESENTATION('',(#11449),#11452);
#11449 = B_SPLINE_CURVE_WITH_KNOTS('',1,(#11450,#11451),.UNSPECIFIED.,
  .F.,.F.,(2,2),(-20.625,-10.625),.PIECEWISE_BEZIER_KNOTS.);
#11450 = CARTESIAN_POINT('',(31.25,-3.85));
#11451 = CARTESIAN_POINT('',(21.25,-3.85));
#11452 = ( GEOMETRIC_REPRESENTATION_CONTEXT(2) 
PARAMETRIC_REPRESENTATION_CONTEXT() REPRESENTATION_CONTEXT('2D SPACE',''
  ) );
#11453 = PCURVE('',#10585,#11454);
#11454 = DEFINITIONAL_REPRESENTATION('',(#11455),#11458);
#11455 = B_SPLINE_CURVE_WITH_KNOTS('',1,(#11456,#11457),.UNSPECIFIED.,
  .F.,.F.,(2,2),(-20.625,-10.625),.PIECEWISE_BEZIER_KNOTS.);
#11456 = CARTESIAN_POINT('',(10.,-55.));
#11457 = CARTESIAN_POINT('',(0.,-55.));
#11458 = ( GEOMETRIC_REPRESENTATION_CONTEXT(2) 
PARAMETRIC_REPRESENTATION_CONTEXT() REPRESENTATION_CONTEXT('2D SPACE',''
  ) );
#11459 = ORIENTED_EDGE('',*,*,#11460,.F.);
#11460 = EDGE_CURVE('',#11461,#11440,#11463,.T.);
#11461 = VERTEX_POINT('',#11462);
#11462 = CARTESIAN_POINT('',(-33.,20.4,15.4));
#11463 = SURFACE_CURVE('',#11464,(#11468,#11474),.PCURVE_S1.);
#11464 = LINE('',#11465,#11466);
#11465 = CARTESIAN_POINT('',(-33.,20.4,13.8));
#11466 = VECTOR('',#11467,1.);
#11467 = DIRECTION('',(0.,0.,-1.));
#11468 = PCURVE('',#9634,#11469);
#11469 = DEFINITIONAL_REPRESENTATION('',(#11470),#11473);
#11470 = B_SPLINE_CURVE_WITH_KNOTS('',1,(#11471,#11472),.UNSPECIFIED.,
  .F.,.F.,(2,2),(-1.6,4.2),.PIECEWISE_BEZIER_KNOTS.);
#11471 = CARTESIAN_POINT('',(24.15,-2.6));
#11472 = CARTESIAN_POINT('',(24.15,-8.4));
#11473 = ( GEOMETRIC_REPRESENTATION_CONTEXT(2) 
PARAMETRIC_REPRESENTATION_CONTEXT() REPRESENTATION_CONTEXT('2D SPACE',''
  ) );
#11474 = PCURVE('',#10611,#11475);
#11475 = DEFINITIONAL_REPRESENTATION('',(#11476),#11479);
#11476 = B_SPLINE_CURVE_WITH_KNOTS('',1,(#11477,#11478),.UNSPECIFIED.,
  .F.,.F.,(2,2),(-1.6,4.2),.PIECEWISE_BEZIER_KNOTS.);
#11477 = CARTESIAN_POINT('',(5.8,-55.));
#11478 = CARTESIAN_POINT('',(0.,-55.));
#11479 = ( GEOMETRIC_REPRESENTATION_CONTEXT(2) 
PARAMETRIC_REPRESENTATION_CONTEXT() REPRESENTATION_CONTEXT('2D SPACE',''
  ) );
#11480 = ORIENTED_EDGE('',*,*,#11481,.F.);
#11481 = EDGE_CURVE('',#11482,#11461,#11484,.T.);
#11482 = VERTEX_POINT('',#11483);
#11483 = CARTESIAN_POINT('',(-33.,23.,15.4));
#11484 = SURFACE_CURVE('',#11485,(#11489,#11495),.PCURVE_S1.);
#11485 = LINE('',#11486,#11487);
#11486 = CARTESIAN_POINT('',(-33.,8.325,15.4));
#11487 = VECTOR('',#11488,1.);
#11488 = DIRECTION('',(0.,-1.,0.));
#11489 = PCURVE('',#9634,#11490);
#11490 = DEFINITIONAL_REPRESENTATION('',(#11491),#11494);
#11491 = B_SPLINE_CURVE_WITH_KNOTS('',1,(#11492,#11493),.UNSPECIFIED.,
  .F.,.F.,(2,2),(-14.675,-12.075),.PIECEWISE_BEZIER_KNOTS.);
#11492 = CARTESIAN_POINT('',(26.75,-2.6));
#11493 = CARTESIAN_POINT('',(24.15,-2.6));
#11494 = ( GEOMETRIC_REPRESENTATION_CONTEXT(2) 
PARAMETRIC_REPRESENTATION_CONTEXT() REPRESENTATION_CONTEXT('2D SPACE',''
  ) );
#11495 = PCURVE('',#10637,#11496);
#11496 = DEFINITIONAL_REPRESENTATION('',(#11497),#11500);
#11497 = B_SPLINE_CURVE_WITH_KNOTS('',1,(#11498,#11499),.UNSPECIFIED.,
  .F.,.F.,(2,2),(-14.675,-12.075),.PIECEWISE_BEZIER_KNOTS.);
#11498 = CARTESIAN_POINT('',(2.6,-55.));
#11499 = CARTESIAN_POINT('',(0.,-55.));
#11500 = ( GEOMETRIC_REPRESENTATION_CONTEXT(2) 
PARAMETRIC_REPRESENTATION_CONTEXT() REPRESENTATION_CONTEXT('2D SPACE',''
  ) );
#11501 = ORIENTED_EDGE('',*,*,#11502,.F.);
#11502 = EDGE_CURVE('',#11503,#11482,#11505,.T.);
#11503 = VERTEX_POINT('',#11504);
#11504 = CARTESIAN_POINT('',(-33.,23.,14.15));
#11505 = SURFACE_CURVE('',#11506,(#11510,#11516),.PCURVE_S1.);
#11506 = LINE('',#11507,#11508);
#11507 = CARTESIAN_POINT('',(-33.,23.,16.7));
#11508 = VECTOR('',#11509,1.);
#11509 = DIRECTION('',(0.,0.,1.));
#11510 = PCURVE('',#9634,#11511);
#11511 = DEFINITIONAL_REPRESENTATION('',(#11512),#11515);
#11512 = B_SPLINE_CURVE_WITH_KNOTS('',1,(#11513,#11514),.UNSPECIFIED.,
  .F.,.F.,(2,2),(-7.1,-1.3),.PIECEWISE_BEZIER_KNOTS.);
#11513 = CARTESIAN_POINT('',(26.75,-8.4));
#11514 = CARTESIAN_POINT('',(26.75,-2.6));
#11515 = ( GEOMETRIC_REPRESENTATION_CONTEXT(2) 
PARAMETRIC_REPRESENTATION_CONTEXT() REPRESENTATION_CONTEXT('2D SPACE',''
  ) );
#11516 = PCURVE('',#10663,#11517);
#11517 = DEFINITIONAL_REPRESENTATION('',(#11518),#11521);
#11518 = B_SPLINE_CURVE_WITH_KNOTS('',1,(#11519,#11520),.UNSPECIFIED.,
  .F.,.F.,(2,2),(-7.1,-1.3),.PIECEWISE_BEZIER_KNOTS.);
#11519 = CARTESIAN_POINT('',(5.8,-55.));
#11520 = CARTESIAN_POINT('',(0.,-55.));
#11521 = ( GEOMETRIC_REPRESENTATION_CONTEXT(2) 
PARAMETRIC_REPRESENTATION_CONTEXT() REPRESENTATION_CONTEXT('2D SPACE',''
  ) );
#11522 = ORIENTED_EDGE('',*,*,#11523,.F.);
#11523 = EDGE_CURVE('',#11524,#11503,#11526,.T.);
#11524 = VERTEX_POINT('',#11525);
#11525 = CARTESIAN_POINT('',(-33.,27.5,14.15));
#11526 = SURFACE_CURVE('',#11527,(#11531,#11537),.PCURVE_S1.);
#11527 = LINE('',#11528,#11529);
#11528 = CARTESIAN_POINT('',(-33.,6.875,14.15));
#11529 = VECTOR('',#11530,1.);
#11530 = DIRECTION('',(0.,-1.,0.));
#11531 = PCURVE('',#9634,#11532);
#11532 = DEFINITIONAL_REPRESENTATION('',(#11533),#11536);
#11533 = B_SPLINE_CURVE_WITH_KNOTS('',1,(#11534,#11535),.UNSPECIFIED.,
  .F.,.F.,(2,2),(-20.625,-10.625),.PIECEWISE_BEZIER_KNOTS.);
#11534 = CARTESIAN_POINT('',(31.25,-3.85));
#11535 = CARTESIAN_POINT('',(21.25,-3.85));
#11536 = ( GEOMETRIC_REPRESENTATION_CONTEXT(2) 
PARAMETRIC_REPRESENTATION_CONTEXT() REPRESENTATION_CONTEXT('2D SPACE',''
  ) );
#11537 = PCURVE('',#10689,#11538);
#11538 = DEFINITIONAL_REPRESENTATION('',(#11539),#11542);
#11539 = B_SPLINE_CURVE_WITH_KNOTS('',1,(#11540,#11541),.UNSPECIFIED.,
  .F.,.F.,(2,2),(-20.625,-10.625),.PIECEWISE_BEZIER_KNOTS.);
#11540 = CARTESIAN_POINT('',(10.,-55.));
#11541 = CARTESIAN_POINT('',(0.,-55.));
#11542 = ( GEOMETRIC_REPRESENTATION_CONTEXT(2) 
PARAMETRIC_REPRESENTATION_CONTEXT() REPRESENTATION_CONTEXT('2D SPACE',''
  ) );
#11543 = ORIENTED_EDGE('',*,*,#11544,.T.);
#11544 = EDGE_CURVE('',#11524,#10850,#11545,.T.);
#11545 = SURFACE_CURVE('',#11546,(#11550,#11557),.PCURVE_S1.);
#11546 = LINE('',#11547,#11548);
#11547 = CARTESIAN_POINT('',(-33.,27.5,7.));
#11548 = VECTOR('',#11549,1.);
#11549 = DIRECTION('',(0.,0.,1.));
#11550 = PCURVE('',#9634,#11551);
#11551 = DEFINITIONAL_REPRESENTATION('',(#11552),#11556);
#11552 = LINE('',#11553,#11554);
#11553 = CARTESIAN_POINT('',(31.25,-11.));
#11554 = VECTOR('',#11555,1.);
#11555 = DIRECTION('',(0.,1.));
#11556 = ( GEOMETRIC_REPRESENTATION_CONTEXT(2) 
PARAMETRIC_REPRESENTATION_CONTEXT() REPRESENTATION_CONTEXT('2D SPACE',''
  ) );
#11557 = PCURVE('',#10714,#11558);
#11558 = DEFINITIONAL_REPRESENTATION('',(#11559),#11563);
#11559 = LINE('',#11560,#11561);
#11560 = CARTESIAN_POINT('',(0.,-5.));
#11561 = VECTOR('',#11562,1.);
#11562 = DIRECTION('',(1.,0.));
#11563 = ( GEOMETRIC_REPRESENTATION_CONTEXT(2) 
PARAMETRIC_REPRESENTATION_CONTEXT() REPRESENTATION_CONTEXT('2D SPACE',''
  ) );
#11564 = FACE_BOUND('',#11565,.T.);
#11565 = EDGE_LOOP('',(#11566,#11589,#11617,#11638));
#11566 = ORIENTED_EDGE('',*,*,#11567,.T.);
#11567 = EDGE_CURVE('',#11568,#11570,#11572,.T.);
#11568 = VERTEX_POINT('',#11569);
#11569 = CARTESIAN_POINT('',(-33.,-17.75,25.));
#11570 = VERTEX_POINT('',#11571);
#11571 = CARTESIAN_POINT('',(-33.,10.25,25.));
#11572 = SURFACE_CURVE('',#11573,(#11577,#11583),.PCURVE_S1.);
#11573 = LINE('',#11574,#11575);
#11574 = CARTESIAN_POINT('',(-33.,3.25,25.));
#11575 = VECTOR('',#11576,1.);
#11576 = DIRECTION('',(0.,1.,0.));
#11577 = PCURVE('',#9634,#11578);
#11578 = DEFINITIONAL_REPRESENTATION('',(#11579),#11582);
#11579 = B_SPLINE_CURVE_WITH_KNOTS('',1,(#11580,#11581),.UNSPECIFIED.,
  .F.,.F.,(2,2),(-21.,7.),.PIECEWISE_BEZIER_KNOTS.);
#11580 = CARTESIAN_POINT('',(-14.,7.));
#11581 = CARTESIAN_POINT('',(14.,7.));
#11582 = ( GEOMETRIC_REPRESENTATION_CONTEXT(2) 
PARAMETRIC_REPRESENTATION_CONTEXT() REPRESENTATION_CONTEXT('2D SPACE',''
  ) );
#11583 = PCURVE('',#10745,#11584);
#11584 = DEFINITIONAL_REPRESENTATION('',(#11585),#11588);
#11585 = B_SPLINE_CURVE_WITH_KNOTS('',1,(#11586,#11587),.UNSPECIFIED.,
  .F.,.F.,(2,2),(-21.,7.),.PIECEWISE_BEZIER_KNOTS.);
#11586 = CARTESIAN_POINT('',(28.,-10.));
#11587 = CARTESIAN_POINT('',(0.,-10.));
#11588 = ( GEOMETRIC_REPRESENTATION_CONTEXT(2) 
PARAMETRIC_REPRESENTATION_CONTEXT() REPRESENTATION_CONTEXT('2D SPACE',''
  ) );
#11589 = ORIENTED_EDGE('',*,*,#11590,.T.);
#11590 = EDGE_CURVE('',#11570,#11591,#11593,.T.);
#11591 = VERTEX_POINT('',#11592);
#11592 = CARTESIAN_POINT('',(-33.,10.25,15.));
#11593 = SURFACE_CURVE('',#11594,(#11599,#11610),.PCURVE_S1.);
#11594 = CIRCLE('',#11595,5.);
#11595 = AXIS2_PLACEMENT_3D('',#11596,#11597,#11598);
#11596 = CARTESIAN_POINT('',(-33.,10.25,20.));
#11597 = DIRECTION('',(-1.,-0.,-0.));
#11598 = DIRECTION('',(0.,0.,-1.));
#11599 = PCURVE('',#9634,#11600);
#11600 = DEFINITIONAL_REPRESENTATION('',(#11601),#11609);
#11601 = ( BOUNDED_CURVE() B_SPLINE_CURVE(2,(#11602,#11603,#11604,#11605
    ,#11606,#11607,#11608),.UNSPECIFIED.,.T.,.F.) 
B_SPLINE_CURVE_WITH_KNOTS((1,2,2,2,2,1),(-2.094395102393,0.,
    2.094395102393,4.188790204786,6.28318530718,8.377580409573),
.UNSPECIFIED.) CURVE() GEOMETRIC_REPRESENTATION_ITEM() 
RATIONAL_B_SPLINE_CURVE((1.,0.5,1.,0.5,1.,0.5,1.)) REPRESENTATION_ITEM(
  '') );
#11602 = CARTESIAN_POINT('',(14.,-3.));
#11603 = CARTESIAN_POINT('',(5.339745962156,-3.));
#11604 = CARTESIAN_POINT('',(9.669872981078,4.5));
#11605 = CARTESIAN_POINT('',(14.,12.));
#11606 = CARTESIAN_POINT('',(18.330127018922,4.5));
#11607 = CARTESIAN_POINT('',(22.660254037844,-3.));
#11608 = CARTESIAN_POINT('',(14.,-3.));
#11609 = ( GEOMETRIC_REPRESENTATION_CONTEXT(2) 
PARAMETRIC_REPRESENTATION_CONTEXT() REPRESENTATION_CONTEXT('2D SPACE',''
  ) );
#11610 = PCURVE('',#10777,#11611);
#11611 = DEFINITIONAL_REPRESENTATION('',(#11612),#11616);
#11612 = LINE('',#11613,#11614);
#11613 = CARTESIAN_POINT('',(-6.28318530718,-10.));
#11614 = VECTOR('',#11615,1.);
#11615 = DIRECTION('',(1.,-0.));
#11616 = ( GEOMETRIC_REPRESENTATION_CONTEXT(2) 
PARAMETRIC_REPRESENTATION_CONTEXT() REPRESENTATION_CONTEXT('2D SPACE',''
  ) );
#11617 = ORIENTED_EDGE('',*,*,#11618,.T.);
#11618 = EDGE_CURVE('',#11591,#11619,#11621,.T.);
#11619 = VERTEX_POINT('',#11620);
#11620 = CARTESIAN_POINT('',(-33.,-17.75,15.));
#11621 = SURFACE_CURVE('',#11622,(#11626,#11632),.PCURVE_S1.);
#11622 = LINE('',#11623,#11624);
#11623 = CARTESIAN_POINT('',(-33.,-10.75,15.));
#11624 = VECTOR('',#11625,1.);
#11625 = DIRECTION('',(0.,-1.,0.));
#11626 = PCURVE('',#9634,#11627);
#11627 = DEFINITIONAL_REPRESENTATION('',(#11628),#11631);
#11628 = B_SPLINE_CURVE_WITH_KNOTS('',1,(#11629,#11630),.UNSPECIFIED.,
  .F.,.F.,(2,2),(-21.,7.),.PIECEWISE_BEZIER_KNOTS.);
#11629 = CARTESIAN_POINT('',(14.,-3.));
#11630 = CARTESIAN_POINT('',(-14.,-3.));
#11631 = ( GEOMETRIC_REPRESENTATION_CONTEXT(2) 
PARAMETRIC_REPRESENTATION_CONTEXT() REPRESENTATION_CONTEXT('2D SPACE',''
  ) );
#11632 = PCURVE('',#10804,#11633);
#11633 = DEFINITIONAL_REPRESENTATION('',(#11634),#11637);
#11634 = B_SPLINE_CURVE_WITH_KNOTS('',1,(#11635,#11636),.UNSPECIFIED.,
  .F.,.F.,(2,2),(-21.,7.),.PIECEWISE_BEZIER_KNOTS.);
#11635 = CARTESIAN_POINT('',(28.,-10.));
#11636 = CARTESIAN_POINT('',(0.,-10.));
#11637 = ( GEOMETRIC_REPRESENTATION_CONTEXT(2) 
PARAMETRIC_REPRESENTATION_CONTEXT() REPRESENTATION_CONTEXT('2D SPACE',''
  ) );
#11638 = ORIENTED_EDGE('',*,*,#11639,.T.);
#11639 = EDGE_CURVE('',#11619,#11568,#11640,.T.);
#11640 = SURFACE_CURVE('',#11641,(#11646,#11657),.PCURVE_S1.);
#11641 = CIRCLE('',#11642,5.);
#11642 = AXIS2_PLACEMENT_3D('',#11643,#11644,#11645);
#11643 = CARTESIAN_POINT('',(-33.,-17.75,20.));
#11644 = DIRECTION('',(-1.,0.,0.));
#11645 = DIRECTION('',(0.,0.,1.));
#11646 = PCURVE('',#9634,#11647);
#11647 = DEFINITIONAL_REPRESENTATION('',(#11648),#11656);
#11648 = ( BOUNDED_CURVE() B_SPLINE_CURVE(2,(#11649,#11650,#11651,#11652
    ,#11653,#11654,#11655),.UNSPECIFIED.,.T.,.F.) 
B_SPLINE_CURVE_WITH_KNOTS((1,2,2,2,2,1),(-2.094395102393,0.,
    2.094395102393,4.188790204786,6.28318530718,8.377580409573),
.UNSPECIFIED.) CURVE() GEOMETRIC_REPRESENTATION_ITEM() 
RATIONAL_B_SPLINE_CURVE((1.,0.5,1.,0.5,1.,0.5,1.)) REPRESENTATION_ITEM(
  '') );
#11649 = CARTESIAN_POINT('',(-14.,7.));
#11650 = CARTESIAN_POINT('',(-5.339745962156,7.));
#11651 = CARTESIAN_POINT('',(-9.669872981078,-0.5));
#11652 = CARTESIAN_POINT('',(-14.,-8.));
#11653 = CARTESIAN_POINT('',(-18.33012701892,-0.5));
#11654 = CARTESIAN_POINT('',(-22.66025403784,7.));
#11655 = CARTESIAN_POINT('',(-14.,7.));
#11656 = ( GEOMETRIC_REPRESENTATION_CONTEXT(2) 
PARAMETRIC_REPRESENTATION_CONTEXT() REPRESENTATION_CONTEXT('2D SPACE',''
  ) );
#11657 = PCURVE('',#10834,#11658);
#11658 = DEFINITIONAL_REPRESENTATION('',(#11659),#11663);
#11659 = LINE('',#11660,#11661);
#11660 = CARTESIAN_POINT('',(-6.28318530718,-10.));
#11661 = VECTOR('',#11662,1.);
#11662 = DIRECTION('',(1.,-0.));
#11663 = ( GEOMETRIC_REPRESENTATION_CONTEXT(2) 
PARAMETRIC_REPRESENTATION_CONTEXT() REPRESENTATION_CONTEXT('2D SPACE',''
  ) );
#11664 = ADVANCED_FACE('',(#11665),#9742,.F.);
#11665 = FACE_BOUND('',#11666,.F.);
#11666 = EDGE_LOOP('',(#11667,#11668,#11669,#11688));
#11667 = ORIENTED_EDGE('',*,*,#9726,.F.);
#11668 = ORIENTED_EDGE('',*,*,#10397,.T.);
#11669 = ORIENTED_EDGE('',*,*,#11670,.F.);
#11670 = EDGE_CURVE('',#11271,#10372,#11671,.T.);
#11671 = SURFACE_CURVE('',#11672,(#11676,#11682),.PCURVE_S1.);
#11672 = LINE('',#11673,#11674);
#11673 = CARTESIAN_POINT('',(-88.,-30.5,10.85));
#11674 = VECTOR('',#11675,1.);
#11675 = DIRECTION('',(-1.,-0.,-0.));
#11676 = PCURVE('',#9742,#11677);
#11677 = DEFINITIONAL_REPRESENTATION('',(#11678),#11681);
#11678 = B_SPLINE_CURVE_WITH_KNOTS('',1,(#11679,#11680),.UNSPECIFIED.,
  .F.,.F.,(2,2),(-55.,-50.),.PIECEWISE_BEZIER_KNOTS.);
#11679 = CARTESIAN_POINT('',(5.5,-55.));
#11680 = CARTESIAN_POINT('',(5.5,-50.));
#11681 = ( GEOMETRIC_REPRESENTATION_CONTEXT(2) 
PARAMETRIC_REPRESENTATION_CONTEXT() REPRESENTATION_CONTEXT('2D SPACE',''
  ) );
#11682 = PCURVE('',#10386,#11683);
#11683 = DEFINITIONAL_REPRESENTATION('',(#11684),#11687);
#11684 = B_SPLINE_CURVE_WITH_KNOTS('',1,(#11685,#11686),.UNSPECIFIED.,
  .F.,.F.,(2,2),(-55.,-50.),.PIECEWISE_BEZIER_KNOTS.);
#11685 = CARTESIAN_POINT('',(1.25,-55.));
#11686 = CARTESIAN_POINT('',(1.25,-50.));
#11687 = ( GEOMETRIC_REPRESENTATION_CONTEXT(2) 
PARAMETRIC_REPRESENTATION_CONTEXT() REPRESENTATION_CONTEXT('2D SPACE',''
  ) );
#11688 = ORIENTED_EDGE('',*,*,#11291,.F.);
#11689 = ADVANCED_FACE('',(#11690),#9840,.F.);
#11690 = FACE_BOUND('',#11691,.F.);
#11691 = EDGE_LOOP('',(#11692,#11711,#11712,#11713));
#11692 = ORIENTED_EDGE('',*,*,#11693,.F.);
#11693 = EDGE_CURVE('',#10420,#11314,#11694,.T.);
#11694 = SURFACE_CURVE('',#11695,(#11699,#11705),.PCURVE_S1.);
#11695 = LINE('',#11696,#11697);
#11696 = CARTESIAN_POINT('',(-88.,23.,10.85));
#11697 = VECTOR('',#11698,1.);
#11698 = DIRECTION('',(1.,0.,0.));
#11699 = PCURVE('',#9840,#11700);
#11700 = DEFINITIONAL_REPRESENTATION('',(#11701),#11704);
#11701 = B_SPLINE_CURVE_WITH_KNOTS('',1,(#11702,#11703),.UNSPECIFIED.,
  .F.,.F.,(2,2),(50.,55.),.PIECEWISE_BEZIER_KNOTS.);
#11702 = CARTESIAN_POINT('',(4.5,-50.));
#11703 = CARTESIAN_POINT('',(4.5,-55.));
#11704 = ( GEOMETRIC_REPRESENTATION_CONTEXT(2) 
PARAMETRIC_REPRESENTATION_CONTEXT() REPRESENTATION_CONTEXT('2D SPACE',''
  ) );
#11705 = PCURVE('',#10455,#11706);
#11706 = DEFINITIONAL_REPRESENTATION('',(#11707),#11710);
#11707 = B_SPLINE_CURVE_WITH_KNOTS('',1,(#11708,#11709),.UNSPECIFIED.,
  .F.,.F.,(2,2),(50.,55.),.PIECEWISE_BEZIER_KNOTS.);
#11708 = CARTESIAN_POINT('',(4.55,-50.));
#11709 = CARTESIAN_POINT('',(4.55,-55.));
#11710 = ( GEOMETRIC_REPRESENTATION_CONTEXT(2) 
PARAMETRIC_REPRESENTATION_CONTEXT() REPRESENTATION_CONTEXT('2D SPACE',''
  ) );
#11711 = ORIENTED_EDGE('',*,*,#10419,.T.);
#11712 = ORIENTED_EDGE('',*,*,#9826,.T.);
#11713 = ORIENTED_EDGE('',*,*,#11313,.F.);
#11714 = ADVANCED_FACE('',(#11715),#9873,.F.);
#11715 = FACE_BOUND('',#11716,.F.);
#11716 = EDGE_LOOP('',(#11717,#11718,#11737,#11738));
#11717 = ORIENTED_EDGE('',*,*,#9855,.F.);
#11718 = ORIENTED_EDGE('',*,*,#11719,.F.);
#11719 = EDGE_CURVE('',#10850,#9856,#11720,.T.);
#11720 = SURFACE_CURVE('',#11721,(#11725,#11731),.PCURVE_S1.);
#11721 = LINE('',#11722,#11723);
#11722 = CARTESIAN_POINT('',(-38.,27.5,17.));
#11723 = VECTOR('',#11724,1.);
#11724 = DIRECTION('',(-1.,0.,0.));
#11725 = PCURVE('',#9873,#11726);
#11726 = DEFINITIONAL_REPRESENTATION('',(#11727),#11730);
#11727 = B_SPLINE_CURVE_WITH_KNOTS('',1,(#11728,#11729),.UNSPECIFIED.,
  .F.,.F.,(2,2),(-5.,0.),.PIECEWISE_BEZIER_KNOTS.);
#11728 = CARTESIAN_POINT('',(1.E-02,-5.));
#11729 = CARTESIAN_POINT('',(1.E-02,0.));
#11730 = ( GEOMETRIC_REPRESENTATION_CONTEXT(2) 
PARAMETRIC_REPRESENTATION_CONTEXT() REPRESENTATION_CONTEXT('2D SPACE',''
  ) );
#11731 = PCURVE('',#10714,#11732);
#11732 = DEFINITIONAL_REPRESENTATION('',(#11733),#11736);
#11733 = B_SPLINE_CURVE_WITH_KNOTS('',1,(#11734,#11735),.UNSPECIFIED.,
  .F.,.F.,(2,2),(-5.,0.),.PIECEWISE_BEZIER_KNOTS.);
#11734 = CARTESIAN_POINT('',(10.,-5.));
#11735 = CARTESIAN_POINT('',(10.,0.));
#11736 = ( GEOMETRIC_REPRESENTATION_CONTEXT(2) 
PARAMETRIC_REPRESENTATION_CONTEXT() REPRESENTATION_CONTEXT('2D SPACE',''
  ) );
#11737 = ORIENTED_EDGE('',*,*,#10849,.T.);
#11738 = ORIENTED_EDGE('',*,*,#11739,.F.);
#11739 = EDGE_CURVE('',#9858,#10852,#11740,.T.);
#11740 = SURFACE_CURVE('',#11741,(#11745,#11752),.PCURVE_S1.);
#11741 = LINE('',#11742,#11743);
#11742 = CARTESIAN_POINT('',(-38.,32.5,17.));
#11743 = VECTOR('',#11744,1.);
#11744 = DIRECTION('',(1.,0.,0.));
#11745 = PCURVE('',#9873,#11746);
#11746 = DEFINITIONAL_REPRESENTATION('',(#11747),#11751);
#11747 = LINE('',#11748,#11749);
#11748 = CARTESIAN_POINT('',(5.01,0.));
#11749 = VECTOR('',#11750,1.);
#11750 = DIRECTION('',(0.,-1.));
#11751 = ( GEOMETRIC_REPRESENTATION_CONTEXT(2) 
PARAMETRIC_REPRESENTATION_CONTEXT() REPRESENTATION_CONTEXT('2D SPACE',''
  ) );
#11752 = PCURVE('',#9901,#11753);
#11753 = DEFINITIONAL_REPRESENTATION('',(#11754),#11758);
#11754 = LINE('',#11755,#11756);
#11755 = CARTESIAN_POINT('',(0.,0.));
#11756 = VECTOR('',#11757,1.);
#11757 = DIRECTION('',(0.,-1.));
#11758 = ( GEOMETRIC_REPRESENTATION_CONTEXT(2) 
PARAMETRIC_REPRESENTATION_CONTEXT() REPRESENTATION_CONTEXT('2D SPACE',''
  ) );
#11759 = ADVANCED_FACE('',(#11760),#10714,.F.);
#11760 = FACE_BOUND('',#11761,.F.);
#11761 = EDGE_LOOP('',(#11762,#11763,#11784,#11785));
#11762 = ORIENTED_EDGE('',*,*,#10700,.F.);
#11763 = ORIENTED_EDGE('',*,*,#11764,.T.);
#11764 = EDGE_CURVE('',#10675,#11524,#11765,.T.);
#11765 = SURFACE_CURVE('',#11766,(#11770,#11777),.PCURVE_S1.);
#11766 = LINE('',#11767,#11768);
#11767 = CARTESIAN_POINT('',(-88.,27.5,14.15));
#11768 = VECTOR('',#11769,1.);
#11769 = DIRECTION('',(1.,0.,0.));
#11770 = PCURVE('',#10714,#11771);
#11771 = DEFINITIONAL_REPRESENTATION('',(#11772),#11776);
#11772 = LINE('',#11773,#11774);
#11773 = CARTESIAN_POINT('',(7.15,50.));
#11774 = VECTOR('',#11775,1.);
#11775 = DIRECTION('',(0.,-1.));
#11776 = ( GEOMETRIC_REPRESENTATION_CONTEXT(2) 
PARAMETRIC_REPRESENTATION_CONTEXT() REPRESENTATION_CONTEXT('2D SPACE',''
  ) );
#11777 = PCURVE('',#10689,#11778);
#11778 = DEFINITIONAL_REPRESENTATION('',(#11779),#11783);
#11779 = LINE('',#11780,#11781);
#11780 = CARTESIAN_POINT('',(10.,0.));
#11781 = VECTOR('',#11782,1.);
#11782 = DIRECTION('',(0.,-1.));
#11783 = ( GEOMETRIC_REPRESENTATION_CONTEXT(2) 
PARAMETRIC_REPRESENTATION_CONTEXT() REPRESENTATION_CONTEXT('2D SPACE',''
  ) );
#11784 = ORIENTED_EDGE('',*,*,#11544,.T.);
#11785 = ORIENTED_EDGE('',*,*,#11719,.T.);
#11786 = ADVANCED_FACE('',(#11787),#9901,.F.);
#11787 = FACE_BOUND('',#11788,.F.);
#11788 = EDGE_LOOP('',(#11789,#11790,#11791,#11812));
#11789 = ORIENTED_EDGE('',*,*,#11739,.T.);
#11790 = ORIENTED_EDGE('',*,*,#10874,.T.);
#11791 = ORIENTED_EDGE('',*,*,#11792,.F.);
#11792 = EDGE_CURVE('',#9886,#10875,#11793,.T.);
#11793 = SURFACE_CURVE('',#11794,(#11798,#11805),.PCURVE_S1.);
#11794 = LINE('',#11795,#11796);
#11795 = CARTESIAN_POINT('',(-38.,32.5,26.));
#11796 = VECTOR('',#11797,1.);
#11797 = DIRECTION('',(1.,0.,0.));
#11798 = PCURVE('',#9901,#11799);
#11799 = DEFINITIONAL_REPRESENTATION('',(#11800),#11804);
#11800 = LINE('',#11801,#11802);
#11801 = CARTESIAN_POINT('',(9.,0.));
#11802 = VECTOR('',#11803,1.);
#11803 = DIRECTION('',(0.,-1.));
#11804 = ( GEOMETRIC_REPRESENTATION_CONTEXT(2) 
PARAMETRIC_REPRESENTATION_CONTEXT() REPRESENTATION_CONTEXT('2D SPACE',''
  ) );
#11805 = PCURVE('',#9929,#11806);
#11806 = DEFINITIONAL_REPRESENTATION('',(#11807),#11811);
#11807 = LINE('',#11808,#11809);
#11808 = CARTESIAN_POINT('',(0.,-0.));
#11809 = VECTOR('',#11810,1.);
#11810 = DIRECTION('',(0.,-1.));
#11811 = ( GEOMETRIC_REPRESENTATION_CONTEXT(2) 
PARAMETRIC_REPRESENTATION_CONTEXT() REPRESENTATION_CONTEXT('2D SPACE',''
  ) );
#11812 = ORIENTED_EDGE('',*,*,#9885,.F.);
#11813 = ADVANCED_FACE('',(#11814),#10689,.F.);
#11814 = FACE_BOUND('',#11815,.F.);
#11815 = EDGE_LOOP('',(#11816,#11817,#11818,#11837));
#11816 = ORIENTED_EDGE('',*,*,#11764,.F.);
#11817 = ORIENTED_EDGE('',*,*,#10674,.T.);
#11818 = ORIENTED_EDGE('',*,*,#11819,.F.);
#11819 = EDGE_CURVE('',#11503,#10649,#11820,.T.);
#11820 = SURFACE_CURVE('',#11821,(#11825,#11831),.PCURVE_S1.);
#11821 = LINE('',#11822,#11823);
#11822 = CARTESIAN_POINT('',(-88.,23.,14.15));
#11823 = VECTOR('',#11824,1.);
#11824 = DIRECTION('',(-1.,0.,0.));
#11825 = PCURVE('',#10689,#11826);
#11826 = DEFINITIONAL_REPRESENTATION('',(#11827),#11830);
#11827 = B_SPLINE_CURVE_WITH_KNOTS('',1,(#11828,#11829),.UNSPECIFIED.,
  .F.,.F.,(2,2),(-55.,-50.),.PIECEWISE_BEZIER_KNOTS.);
#11828 = CARTESIAN_POINT('',(5.5,-55.));
#11829 = CARTESIAN_POINT('',(5.5,-50.));
#11830 = ( GEOMETRIC_REPRESENTATION_CONTEXT(2) 
PARAMETRIC_REPRESENTATION_CONTEXT() REPRESENTATION_CONTEXT('2D SPACE',''
  ) );
#11831 = PCURVE('',#10663,#11832);
#11832 = DEFINITIONAL_REPRESENTATION('',(#11833),#11836);
#11833 = B_SPLINE_CURVE_WITH_KNOTS('',1,(#11834,#11835),.UNSPECIFIED.,
  .F.,.F.,(2,2),(-55.,-50.),.PIECEWISE_BEZIER_KNOTS.);
#11834 = CARTESIAN_POINT('',(1.25,-55.));
#11835 = CARTESIAN_POINT('',(1.25,-50.));
#11836 = ( GEOMETRIC_REPRESENTATION_CONTEXT(2) 
PARAMETRIC_REPRESENTATION_CONTEXT() REPRESENTATION_CONTEXT('2D SPACE',''
  ) );
#11837 = ORIENTED_EDGE('',*,*,#11523,.F.);
#11838 = ADVANCED_FACE('',(#11839),#9929,.F.);
#11839 = FACE_BOUND('',#11840,.F.);
#11840 = EDGE_LOOP('',(#11841,#11842,#11843,#11844));
#11841 = ORIENTED_EDGE('',*,*,#9913,.F.);
#11842 = ORIENTED_EDGE('',*,*,#11792,.T.);
#11843 = ORIENTED_EDGE('',*,*,#10897,.T.);
#11844 = ORIENTED_EDGE('',*,*,#11845,.F.);
#11845 = EDGE_CURVE('',#9914,#10898,#11846,.T.);
#11846 = SURFACE_CURVE('',#11847,(#11851,#11857),.PCURVE_S1.);
#11847 = LINE('',#11848,#11849);
#11848 = CARTESIAN_POINT('',(-38.,27.5,26.));
#11849 = VECTOR('',#11850,1.);
#11850 = DIRECTION('',(1.,0.,0.));
#11851 = PCURVE('',#9929,#11852);
#11852 = DEFINITIONAL_REPRESENTATION('',(#11853),#11856);
#11853 = B_SPLINE_CURVE_WITH_KNOTS('',1,(#11854,#11855),.UNSPECIFIED.,
  .F.,.F.,(2,2),(0.,5.),.PIECEWISE_BEZIER_KNOTS.);
#11854 = CARTESIAN_POINT('',(5.,0.));
#11855 = CARTESIAN_POINT('',(5.,-5.));
#11856 = ( GEOMETRIC_REPRESENTATION_CONTEXT(2) 
PARAMETRIC_REPRESENTATION_CONTEXT() REPRESENTATION_CONTEXT('2D SPACE',''
  ) );
#11857 = PCURVE('',#9957,#11858);
#11858 = DEFINITIONAL_REPRESENTATION('',(#11859),#11862);
#11859 = B_SPLINE_CURVE_WITH_KNOTS('',1,(#11860,#11861),.UNSPECIFIED.,
  .F.,.F.,(2,2),(0.,5.),.PIECEWISE_BEZIER_KNOTS.);
#11860 = CARTESIAN_POINT('',(19.,0.));
#11861 = CARTESIAN_POINT('',(19.,-5.));
#11862 = ( GEOMETRIC_REPRESENTATION_CONTEXT(2) 
PARAMETRIC_REPRESENTATION_CONTEXT() REPRESENTATION_CONTEXT('2D SPACE',''
  ) );
#11863 = ADVANCED_FACE('',(#11864),#10663,.F.);
#11864 = FACE_BOUND('',#11865,.F.);
#11865 = EDGE_LOOP('',(#11866,#11867,#11888,#11889));
#11866 = ORIENTED_EDGE('',*,*,#10648,.T.);
#11867 = ORIENTED_EDGE('',*,*,#11868,.T.);
#11868 = EDGE_CURVE('',#10623,#11482,#11869,.T.);
#11869 = SURFACE_CURVE('',#11870,(#11874,#11881),.PCURVE_S1.);
#11870 = LINE('',#11871,#11872);
#11871 = CARTESIAN_POINT('',(-88.,23.,15.4));
#11872 = VECTOR('',#11873,1.);
#11873 = DIRECTION('',(1.,0.,0.));
#11874 = PCURVE('',#10663,#11875);
#11875 = DEFINITIONAL_REPRESENTATION('',(#11876),#11880);
#11876 = LINE('',#11877,#11878);
#11877 = CARTESIAN_POINT('',(0.,0.));
#11878 = VECTOR('',#11879,1.);
#11879 = DIRECTION('',(0.,-1.));
#11880 = ( GEOMETRIC_REPRESENTATION_CONTEXT(2) 
PARAMETRIC_REPRESENTATION_CONTEXT() REPRESENTATION_CONTEXT('2D SPACE',''
  ) );
#11881 = PCURVE('',#10637,#11882);
#11882 = DEFINITIONAL_REPRESENTATION('',(#11883),#11887);
#11883 = LINE('',#11884,#11885);
#11884 = CARTESIAN_POINT('',(2.6,0.));
#11885 = VECTOR('',#11886,1.);
#11886 = DIRECTION('',(0.,-1.));
#11887 = ( GEOMETRIC_REPRESENTATION_CONTEXT(2) 
PARAMETRIC_REPRESENTATION_CONTEXT() REPRESENTATION_CONTEXT('2D SPACE',''
  ) );
#11888 = ORIENTED_EDGE('',*,*,#11502,.F.);
#11889 = ORIENTED_EDGE('',*,*,#11819,.T.);
#11890 = ADVANCED_FACE('',(#11891),#9957,.F.);
#11891 = FACE_BOUND('',#11892,.F.);
#11892 = EDGE_LOOP('',(#11893,#11894,#11895,#11896));
#11893 = ORIENTED_EDGE('',*,*,#9941,.F.);
#11894 = ORIENTED_EDGE('',*,*,#11845,.T.);
#11895 = ORIENTED_EDGE('',*,*,#10920,.T.);
#11896 = ORIENTED_EDGE('',*,*,#11897,.F.);
#11897 = EDGE_CURVE('',#9942,#10921,#11898,.T.);
#11898 = SURFACE_CURVE('',#11899,(#11903,#11910),.PCURVE_S1.);
#11899 = LINE('',#11900,#11901);
#11900 = CARTESIAN_POINT('',(-38.,27.5,29.));
#11901 = VECTOR('',#11902,1.);
#11902 = DIRECTION('',(1.,0.,0.));
#11903 = PCURVE('',#9957,#11904);
#11904 = DEFINITIONAL_REPRESENTATION('',(#11905),#11909);
#11905 = LINE('',#11906,#11907);
#11906 = CARTESIAN_POINT('',(22.,0.));
#11907 = VECTOR('',#11908,1.);
#11908 = DIRECTION('',(0.,-1.));
#11909 = ( GEOMETRIC_REPRESENTATION_CONTEXT(2) 
PARAMETRIC_REPRESENTATION_CONTEXT() REPRESENTATION_CONTEXT('2D SPACE',''
  ) );
#11910 = PCURVE('',#9985,#11911);
#11911 = DEFINITIONAL_REPRESENTATION('',(#11912),#11916);
#11912 = LINE('',#11913,#11914);
#11913 = CARTESIAN_POINT('',(0.,-0.));
#11914 = VECTOR('',#11915,1.);
#11915 = DIRECTION('',(0.,-1.));
#11916 = ( GEOMETRIC_REPRESENTATION_CONTEXT(2) 
PARAMETRIC_REPRESENTATION_CONTEXT() REPRESENTATION_CONTEXT('2D SPACE',''
  ) );
#11917 = ADVANCED_FACE('',(#11918),#10637,.F.);
#11918 = FACE_BOUND('',#11919,.F.);
#11919 = EDGE_LOOP('',(#11920,#11921,#11942,#11943));
#11920 = ORIENTED_EDGE('',*,*,#10622,.T.);
#11921 = ORIENTED_EDGE('',*,*,#11922,.T.);
#11922 = EDGE_CURVE('',#10597,#11461,#11923,.T.);
#11923 = SURFACE_CURVE('',#11924,(#11928,#11935),.PCURVE_S1.);
#11924 = LINE('',#11925,#11926);
#11925 = CARTESIAN_POINT('',(-88.,20.4,15.4));
#11926 = VECTOR('',#11927,1.);
#11927 = DIRECTION('',(1.,0.,0.));
#11928 = PCURVE('',#10637,#11929);
#11929 = DEFINITIONAL_REPRESENTATION('',(#11930),#11934);
#11930 = LINE('',#11931,#11932);
#11931 = CARTESIAN_POINT('',(0.,0.));
#11932 = VECTOR('',#11933,1.);
#11933 = DIRECTION('',(0.,-1.));
#11934 = ( GEOMETRIC_REPRESENTATION_CONTEXT(2) 
PARAMETRIC_REPRESENTATION_CONTEXT() REPRESENTATION_CONTEXT('2D SPACE',''
  ) );
#11935 = PCURVE('',#10611,#11936);
#11936 = DEFINITIONAL_REPRESENTATION('',(#11937),#11941);
#11937 = LINE('',#11938,#11939);
#11938 = CARTESIAN_POINT('',(5.8,0.));
#11939 = VECTOR('',#11940,1.);
#11940 = DIRECTION('',(0.,-1.));
#11941 = ( GEOMETRIC_REPRESENTATION_CONTEXT(2) 
PARAMETRIC_REPRESENTATION_CONTEXT() REPRESENTATION_CONTEXT('2D SPACE',''
  ) );
#11942 = ORIENTED_EDGE('',*,*,#11481,.F.);
#11943 = ORIENTED_EDGE('',*,*,#11868,.F.);
#11944 = ADVANCED_FACE('',(#11945),#9985,.F.);
#11945 = FACE_BOUND('',#11946,.F.);
#11946 = EDGE_LOOP('',(#11947,#11948,#11949,#11970));
#11947 = ORIENTED_EDGE('',*,*,#11897,.T.);
#11948 = ORIENTED_EDGE('',*,*,#10943,.T.);
#11949 = ORIENTED_EDGE('',*,*,#11950,.F.);
#11950 = EDGE_CURVE('',#9970,#10944,#11951,.T.);
#11951 = SURFACE_CURVE('',#11952,(#11956,#11963),.PCURVE_S1.);
#11952 = LINE('',#11953,#11954);
#11953 = CARTESIAN_POINT('',(-38.,-35.,29.));
#11954 = VECTOR('',#11955,1.);
#11955 = DIRECTION('',(1.,0.,0.));
#11956 = PCURVE('',#9985,#11957);
#11957 = DEFINITIONAL_REPRESENTATION('',(#11958),#11962);
#11958 = LINE('',#11959,#11960);
#11959 = CARTESIAN_POINT('',(62.5,0.));
#11960 = VECTOR('',#11961,1.);
#11961 = DIRECTION('',(0.,-1.));
#11962 = ( GEOMETRIC_REPRESENTATION_CONTEXT(2) 
PARAMETRIC_REPRESENTATION_CONTEXT() REPRESENTATION_CONTEXT('2D SPACE',''
  ) );
#11963 = PCURVE('',#10013,#11964);
#11964 = DEFINITIONAL_REPRESENTATION('',(#11965),#11969);
#11965 = LINE('',#11966,#11967);
#11966 = CARTESIAN_POINT('',(0.,0.));
#11967 = VECTOR('',#11968,1.);
#11968 = DIRECTION('',(0.,-1.));
#11969 = ( GEOMETRIC_REPRESENTATION_CONTEXT(2) 
PARAMETRIC_REPRESENTATION_CONTEXT() REPRESENTATION_CONTEXT('2D SPACE',''
  ) );
#11970 = ORIENTED_EDGE('',*,*,#9969,.F.);
#11971 = ADVANCED_FACE('',(#11972),#10611,.F.);
#11972 = FACE_BOUND('',#11973,.F.);
#11973 = EDGE_LOOP('',(#11974,#11975,#11976,#11995));
#11974 = ORIENTED_EDGE('',*,*,#11922,.F.);
#11975 = ORIENTED_EDGE('',*,*,#10596,.T.);
#11976 = ORIENTED_EDGE('',*,*,#11977,.T.);
#11977 = EDGE_CURVE('',#10571,#11440,#11978,.T.);
#11978 = SURFACE_CURVE('',#11979,(#11983,#11989),.PCURVE_S1.);
#11979 = LINE('',#11980,#11981);
#11980 = CARTESIAN_POINT('',(-88.,20.4,14.15));
#11981 = VECTOR('',#11982,1.);
#11982 = DIRECTION('',(1.,0.,0.));
#11983 = PCURVE('',#10611,#11984);
#11984 = DEFINITIONAL_REPRESENTATION('',(#11985),#11988);
#11985 = B_SPLINE_CURVE_WITH_KNOTS('',1,(#11986,#11987),.UNSPECIFIED.,
  .F.,.F.,(2,2),(50.,55.),.PIECEWISE_BEZIER_KNOTS.);
#11986 = CARTESIAN_POINT('',(4.55,-50.));
#11987 = CARTESIAN_POINT('',(4.55,-55.));
#11988 = ( GEOMETRIC_REPRESENTATION_CONTEXT(2) 
PARAMETRIC_REPRESENTATION_CONTEXT() REPRESENTATION_CONTEXT('2D SPACE',''
  ) );
#11989 = PCURVE('',#10585,#11990);
#11990 = DEFINITIONAL_REPRESENTATION('',(#11991),#11994);
#11991 = B_SPLINE_CURVE_WITH_KNOTS('',1,(#11992,#11993),.UNSPECIFIED.,
  .F.,.F.,(2,2),(50.,55.),.PIECEWISE_BEZIER_KNOTS.);
#11992 = CARTESIAN_POINT('',(2.9,-50.));
#11993 = CARTESIAN_POINT('',(2.9,-55.));
#11994 = ( GEOMETRIC_REPRESENTATION_CONTEXT(2) 
PARAMETRIC_REPRESENTATION_CONTEXT() REPRESENTATION_CONTEXT('2D SPACE',''
  ) );
#11995 = ORIENTED_EDGE('',*,*,#11460,.F.);
#11996 = ADVANCED_FACE('',(#11997),#10013,.F.);
#11997 = FACE_BOUND('',#11998,.F.);
#11998 = EDGE_LOOP('',(#11999,#12000,#12001,#12002));
#11999 = ORIENTED_EDGE('',*,*,#9997,.F.);
#12000 = ORIENTED_EDGE('',*,*,#11950,.T.);
#12001 = ORIENTED_EDGE('',*,*,#10966,.T.);
#12002 = ORIENTED_EDGE('',*,*,#12003,.T.);
#12003 = EDGE_CURVE('',#10967,#9998,#12004,.T.);
#12004 = SURFACE_CURVE('',#12005,(#12009,#12015),.PCURVE_S1.);
#12005 = LINE('',#12006,#12007);
#12006 = CARTESIAN_POINT('',(-38.,-35.,26.));
#12007 = VECTOR('',#12008,1.);
#12008 = DIRECTION('',(-1.,0.,0.));
#12009 = PCURVE('',#10013,#12010);
#12010 = DEFINITIONAL_REPRESENTATION('',(#12011),#12014);
#12011 = B_SPLINE_CURVE_WITH_KNOTS('',1,(#12012,#12013),.UNSPECIFIED.,
  .F.,.F.,(2,2),(-5.,0.),.PIECEWISE_BEZIER_KNOTS.);
#12012 = CARTESIAN_POINT('',(3.,-5.));
#12013 = CARTESIAN_POINT('',(3.,0.));
#12014 = ( GEOMETRIC_REPRESENTATION_CONTEXT(2) 
PARAMETRIC_REPRESENTATION_CONTEXT() REPRESENTATION_CONTEXT('2D SPACE',''
  ) );
#12015 = PCURVE('',#10041,#12016);
#12016 = DEFINITIONAL_REPRESENTATION('',(#12017),#12020);
#12017 = B_SPLINE_CURVE_WITH_KNOTS('',1,(#12018,#12019),.UNSPECIFIED.,
  .F.,.F.,(2,2),(-5.,0.),.PIECEWISE_BEZIER_KNOTS.);
#12018 = CARTESIAN_POINT('',(9.999999999998E-03,-5.));
#12019 = CARTESIAN_POINT('',(9.999999999998E-03,0.));
#12020 = ( GEOMETRIC_REPRESENTATION_CONTEXT(2) 
PARAMETRIC_REPRESENTATION_CONTEXT() REPRESENTATION_CONTEXT('2D SPACE',''
  ) );
#12021 = ADVANCED_FACE('',(#12022),#10585,.F.);
#12022 = FACE_BOUND('',#12023,.F.);
#12023 = EDGE_LOOP('',(#12024,#12025,#12026,#12047));
#12024 = ORIENTED_EDGE('',*,*,#11977,.F.);
#12025 = ORIENTED_EDGE('',*,*,#10570,.T.);
#12026 = ORIENTED_EDGE('',*,*,#12027,.T.);
#12027 = EDGE_CURVE('',#10545,#11419,#12028,.T.);
#12028 = SURFACE_CURVE('',#12029,(#12033,#12040),.PCURVE_S1.);
#12029 = LINE('',#12030,#12031);
#12030 = CARTESIAN_POINT('',(-88.,17.5,14.15));
#12031 = VECTOR('',#12032,1.);
#12032 = DIRECTION('',(1.,0.,0.));
#12033 = PCURVE('',#10585,#12034);
#12034 = DEFINITIONAL_REPRESENTATION('',(#12035),#12039);
#12035 = LINE('',#12036,#12037);
#12036 = CARTESIAN_POINT('',(0.,0.));
#12037 = VECTOR('',#12038,1.);
#12038 = DIRECTION('',(0.,-1.));
#12039 = ( GEOMETRIC_REPRESENTATION_CONTEXT(2) 
PARAMETRIC_REPRESENTATION_CONTEXT() REPRESENTATION_CONTEXT('2D SPACE',''
  ) );
#12040 = PCURVE('',#10559,#12041);
#12041 = DEFINITIONAL_REPRESENTATION('',(#12042),#12046);
#12042 = LINE('',#12043,#12044);
#12043 = CARTESIAN_POINT('',(3.3,0.));
#12044 = VECTOR('',#12045,1.);
#12045 = DIRECTION('',(0.,-1.));
#12046 = ( GEOMETRIC_REPRESENTATION_CONTEXT(2) 
PARAMETRIC_REPRESENTATION_CONTEXT() REPRESENTATION_CONTEXT('2D SPACE',''
  ) );
#12047 = ORIENTED_EDGE('',*,*,#11439,.F.);
#12048 = ADVANCED_FACE('',(#12049),#10041,.F.);
#12049 = FACE_BOUND('',#12050,.F.);
#12050 = EDGE_LOOP('',(#12051,#12052,#12053,#12054));
#12051 = ORIENTED_EDGE('',*,*,#10025,.F.);
#12052 = ORIENTED_EDGE('',*,*,#12003,.F.);
#12053 = ORIENTED_EDGE('',*,*,#10989,.T.);
#12054 = ORIENTED_EDGE('',*,*,#12055,.F.);
#12055 = EDGE_CURVE('',#10026,#10990,#12056,.T.);
#12056 = SURFACE_CURVE('',#12057,(#12061,#12068),.PCURVE_S1.);
#12057 = LINE('',#12058,#12059);
#12058 = CARTESIAN_POINT('',(-38.,-40.,26.));
#12059 = VECTOR('',#12060,1.);
#12060 = DIRECTION('',(1.,0.,0.));
#12061 = PCURVE('',#10041,#12062);
#12062 = DEFINITIONAL_REPRESENTATION('',(#12063),#12067);
#12063 = LINE('',#12064,#12065);
#12064 = CARTESIAN_POINT('',(5.01,0.));
#12065 = VECTOR('',#12066,1.);
#12066 = DIRECTION('',(0.,-1.));
#12067 = ( GEOMETRIC_REPRESENTATION_CONTEXT(2) 
PARAMETRIC_REPRESENTATION_CONTEXT() REPRESENTATION_CONTEXT('2D SPACE',''
  ) );
#12068 = PCURVE('',#10069,#12069);
#12069 = DEFINITIONAL_REPRESENTATION('',(#12070),#12074);
#12070 = LINE('',#12071,#12072);
#12071 = CARTESIAN_POINT('',(0.,0.));
#12072 = VECTOR('',#12073,1.);
#12073 = DIRECTION('',(0.,-1.));
#12074 = ( GEOMETRIC_REPRESENTATION_CONTEXT(2) 
PARAMETRIC_REPRESENTATION_CONTEXT() REPRESENTATION_CONTEXT('2D SPACE',''
  ) );
#12075 = ADVANCED_FACE('',(#12076),#10559,.F.);
#12076 = FACE_BOUND('',#12077,.F.);
#12077 = EDGE_LOOP('',(#12078,#12079,#12100,#12101));
#12078 = ORIENTED_EDGE('',*,*,#10544,.T.);
#12079 = ORIENTED_EDGE('',*,*,#12080,.T.);
#12080 = EDGE_CURVE('',#10519,#11398,#12081,.T.);
#12081 = SURFACE_CURVE('',#12082,(#12086,#12093),.PCURVE_S1.);
#12082 = LINE('',#12083,#12084);
#12083 = CARTESIAN_POINT('',(-88.,17.5,10.85));
#12084 = VECTOR('',#12085,1.);
#12085 = DIRECTION('',(1.,0.,0.));
#12086 = PCURVE('',#10559,#12087);
#12087 = DEFINITIONAL_REPRESENTATION('',(#12088),#12092);
#12088 = LINE('',#12089,#12090);
#12089 = CARTESIAN_POINT('',(0.,0.));
#12090 = VECTOR('',#12091,1.);
#12091 = DIRECTION('',(0.,-1.));
#12092 = ( GEOMETRIC_REPRESENTATION_CONTEXT(2) 
PARAMETRIC_REPRESENTATION_CONTEXT() REPRESENTATION_CONTEXT('2D SPACE',''
  ) );
#12093 = PCURVE('',#10533,#12094);
#12094 = DEFINITIONAL_REPRESENTATION('',(#12095),#12099);
#12095 = LINE('',#12096,#12097);
#12096 = CARTESIAN_POINT('',(10.,0.));
#12097 = VECTOR('',#12098,1.);
#12098 = DIRECTION('',(0.,-1.));
#12099 = ( GEOMETRIC_REPRESENTATION_CONTEXT(2) 
PARAMETRIC_REPRESENTATION_CONTEXT() REPRESENTATION_CONTEXT('2D SPACE',''
  ) );
#12100 = ORIENTED_EDGE('',*,*,#11418,.F.);
#12101 = ORIENTED_EDGE('',*,*,#12027,.F.);
#12102 = ADVANCED_FACE('',(#12103),#10069,.F.);
#12103 = FACE_BOUND('',#12104,.F.);
#12104 = EDGE_LOOP('',(#12105,#12106,#12107,#12128));
#12105 = ORIENTED_EDGE('',*,*,#12055,.T.);
#12106 = ORIENTED_EDGE('',*,*,#11012,.T.);
#12107 = ORIENTED_EDGE('',*,*,#12108,.F.);
#12108 = EDGE_CURVE('',#10054,#11013,#12109,.T.);
#12109 = SURFACE_CURVE('',#12110,(#12114,#12121),.PCURVE_S1.);
#12110 = LINE('',#12111,#12112);
#12111 = CARTESIAN_POINT('',(-38.,-40.,17.));
#12112 = VECTOR('',#12113,1.);
#12113 = DIRECTION('',(1.,0.,0.));
#12114 = PCURVE('',#10069,#12115);
#12115 = DEFINITIONAL_REPRESENTATION('',(#12116),#12120);
#12116 = LINE('',#12117,#12118);
#12117 = CARTESIAN_POINT('',(9.,0.));
#12118 = VECTOR('',#12119,1.);
#12119 = DIRECTION('',(0.,-1.));
#12120 = ( GEOMETRIC_REPRESENTATION_CONTEXT(2) 
PARAMETRIC_REPRESENTATION_CONTEXT() REPRESENTATION_CONTEXT('2D SPACE',''
  ) );
#12121 = PCURVE('',#10097,#12122);
#12122 = DEFINITIONAL_REPRESENTATION('',(#12123),#12127);
#12123 = LINE('',#12124,#12125);
#12124 = CARTESIAN_POINT('',(0.,0.));
#12125 = VECTOR('',#12126,1.);
#12126 = DIRECTION('',(0.,-1.));
#12127 = ( GEOMETRIC_REPRESENTATION_CONTEXT(2) 
PARAMETRIC_REPRESENTATION_CONTEXT() REPRESENTATION_CONTEXT('2D SPACE',''
  ) );
#12128 = ORIENTED_EDGE('',*,*,#10053,.F.);
#12129 = ADVANCED_FACE('',(#12130),#10533,.F.);
#12130 = FACE_BOUND('',#12131,.F.);
#12131 = EDGE_LOOP('',(#12132,#12133,#12134,#12153));
#12132 = ORIENTED_EDGE('',*,*,#12080,.F.);
#12133 = ORIENTED_EDGE('',*,*,#10518,.T.);
#12134 = ORIENTED_EDGE('',*,*,#12135,.F.);
#12135 = EDGE_CURVE('',#11377,#10493,#12136,.T.);
#12136 = SURFACE_CURVE('',#12137,(#12141,#12147),.PCURVE_S1.);
#12137 = LINE('',#12138,#12139);
#12138 = CARTESIAN_POINT('',(-88.,20.4,10.85));
#12139 = VECTOR('',#12140,1.);
#12140 = DIRECTION('',(-1.,-0.,-0.));
#12141 = PCURVE('',#10533,#12142);
#12142 = DEFINITIONAL_REPRESENTATION('',(#12143),#12146);
#12143 = B_SPLINE_CURVE_WITH_KNOTS('',1,(#12144,#12145),.UNSPECIFIED.,
  .F.,.F.,(2,2),(-55.,-50.),.PIECEWISE_BEZIER_KNOTS.);
#12144 = CARTESIAN_POINT('',(7.1,-55.));
#12145 = CARTESIAN_POINT('',(7.1,-50.));
#12146 = ( GEOMETRIC_REPRESENTATION_CONTEXT(2) 
PARAMETRIC_REPRESENTATION_CONTEXT() REPRESENTATION_CONTEXT('2D SPACE',''
  ) );
#12147 = PCURVE('',#10507,#12148);
#12148 = DEFINITIONAL_REPRESENTATION('',(#12149),#12152);
#12149 = B_SPLINE_CURVE_WITH_KNOTS('',1,(#12150,#12151),.UNSPECIFIED.,
  .F.,.F.,(2,2),(-55.,-50.),.PIECEWISE_BEZIER_KNOTS.);
#12150 = CARTESIAN_POINT('',(1.25,-55.));
#12151 = CARTESIAN_POINT('',(1.25,-50.));
#12152 = ( GEOMETRIC_REPRESENTATION_CONTEXT(2) 
PARAMETRIC_REPRESENTATION_CONTEXT() REPRESENTATION_CONTEXT('2D SPACE',''
  ) );
#12153 = ORIENTED_EDGE('',*,*,#11397,.F.);
#12154 = ADVANCED_FACE('',(#12155),#10097,.F.);
#12155 = FACE_BOUND('',#12156,.F.);
#12156 = EDGE_LOOP('',(#12157,#12158,#12159,#12160));
#12157 = ORIENTED_EDGE('',*,*,#10081,.F.);
#12158 = ORIENTED_EDGE('',*,*,#12108,.T.);
#12159 = ORIENTED_EDGE('',*,*,#11035,.T.);
#12160 = ORIENTED_EDGE('',*,*,#12161,.F.);
#12161 = EDGE_CURVE('',#10082,#11036,#12162,.T.);
#12162 = SURFACE_CURVE('',#12163,(#12167,#12173),.PCURVE_S1.);
#12163 = LINE('',#12164,#12165);
#12164 = CARTESIAN_POINT('',(-38.,-35.,17.));
#12165 = VECTOR('',#12166,1.);
#12166 = DIRECTION('',(1.,0.,0.));
#12167 = PCURVE('',#10097,#12168);
#12168 = DEFINITIONAL_REPRESENTATION('',(#12169),#12172);
#12169 = B_SPLINE_CURVE_WITH_KNOTS('',1,(#12170,#12171),.UNSPECIFIED.,
  .F.,.F.,(2,2),(0.,5.),.PIECEWISE_BEZIER_KNOTS.);
#12170 = CARTESIAN_POINT('',(5.,0.));
#12171 = CARTESIAN_POINT('',(5.,-5.));
#12172 = ( GEOMETRIC_REPRESENTATION_CONTEXT(2) 
PARAMETRIC_REPRESENTATION_CONTEXT() REPRESENTATION_CONTEXT('2D SPACE',''
  ) );
#12173 = PCURVE('',#10125,#12174);
#12174 = DEFINITIONAL_REPRESENTATION('',(#12175),#12178);
#12175 = B_SPLINE_CURVE_WITH_KNOTS('',1,(#12176,#12177),.UNSPECIFIED.,
  .F.,.F.,(2,2),(0.,5.),.PIECEWISE_BEZIER_KNOTS.);
#12176 = CARTESIAN_POINT('',(12.,0.));
#12177 = CARTESIAN_POINT('',(12.,-5.));
#12178 = ( GEOMETRIC_REPRESENTATION_CONTEXT(2) 
PARAMETRIC_REPRESENTATION_CONTEXT() REPRESENTATION_CONTEXT('2D SPACE',''
  ) );
#12179 = ADVANCED_FACE('',(#12180),#10507,.F.);
#12180 = FACE_BOUND('',#12181,.F.);
#12181 = EDGE_LOOP('',(#12182,#12183,#12204,#12205));
#12182 = ORIENTED_EDGE('',*,*,#10492,.T.);
#12183 = ORIENTED_EDGE('',*,*,#12184,.T.);
#12184 = EDGE_CURVE('',#10467,#11356,#12185,.T.);
#12185 = SURFACE_CURVE('',#12186,(#12190,#12197),.PCURVE_S1.);
#12186 = LINE('',#12187,#12188);
#12187 = CARTESIAN_POINT('',(-88.,20.4,9.6));
#12188 = VECTOR('',#12189,1.);
#12189 = DIRECTION('',(1.,0.,0.));
#12190 = PCURVE('',#10507,#12191);
#12191 = DEFINITIONAL_REPRESENTATION('',(#12192),#12196);
#12192 = LINE('',#12193,#12194);
#12193 = CARTESIAN_POINT('',(0.,0.));
#12194 = VECTOR('',#12195,1.);
#12195 = DIRECTION('',(0.,-1.));
#12196 = ( GEOMETRIC_REPRESENTATION_CONTEXT(2) 
PARAMETRIC_REPRESENTATION_CONTEXT() REPRESENTATION_CONTEXT('2D SPACE',''
  ) );
#12197 = PCURVE('',#10481,#12198);
#12198 = DEFINITIONAL_REPRESENTATION('',(#12199),#12203);
#12199 = LINE('',#12200,#12201);
#12200 = CARTESIAN_POINT('',(2.6,0.));
#12201 = VECTOR('',#12202,1.);
#12202 = DIRECTION('',(0.,-1.));
#12203 = ( GEOMETRIC_REPRESENTATION_CONTEXT(2) 
PARAMETRIC_REPRESENTATION_CONTEXT() REPRESENTATION_CONTEXT('2D SPACE',''
  ) );
#12204 = ORIENTED_EDGE('',*,*,#11376,.F.);
#12205 = ORIENTED_EDGE('',*,*,#12135,.T.);
#12206 = ADVANCED_FACE('',(#12207),#10125,.F.);
#12207 = FACE_BOUND('',#12208,.F.);
#12208 = EDGE_LOOP('',(#12209,#12210,#12211,#12212));
#12209 = ORIENTED_EDGE('',*,*,#10109,.F.);
#12210 = ORIENTED_EDGE('',*,*,#12161,.T.);
#12211 = ORIENTED_EDGE('',*,*,#11058,.T.);
#12212 = ORIENTED_EDGE('',*,*,#12213,.F.);
#12213 = EDGE_CURVE('',#10110,#11059,#12214,.T.);
#12214 = SURFACE_CURVE('',#12215,(#12219,#12226),.PCURVE_S1.);
#12215 = LINE('',#12216,#12217);
#12216 = CARTESIAN_POINT('',(-88.,-35.,14.15));
#12217 = VECTOR('',#12218,1.);
#12218 = DIRECTION('',(1.,0.,0.));
#12219 = PCURVE('',#10125,#12220);
#12220 = DEFINITIONAL_REPRESENTATION('',(#12221),#12225);
#12221 = LINE('',#12222,#12223);
#12222 = CARTESIAN_POINT('',(14.85,50.));
#12223 = VECTOR('',#12224,1.);
#12224 = DIRECTION('',(0.,-1.));
#12225 = ( GEOMETRIC_REPRESENTATION_CONTEXT(2) 
PARAMETRIC_REPRESENTATION_CONTEXT() REPRESENTATION_CONTEXT('2D SPACE',''
  ) );
#12226 = PCURVE('',#10152,#12227);
#12227 = DEFINITIONAL_REPRESENTATION('',(#12228),#12232);
#12228 = LINE('',#12229,#12230);
#12229 = CARTESIAN_POINT('',(0.,0.));
#12230 = VECTOR('',#12231,1.);
#12231 = DIRECTION('',(0.,-1.));
#12232 = ( GEOMETRIC_REPRESENTATION_CONTEXT(2) 
PARAMETRIC_REPRESENTATION_CONTEXT() REPRESENTATION_CONTEXT('2D SPACE',''
  ) );
#12233 = ADVANCED_FACE('',(#12234),#10481,.F.);
#12234 = FACE_BOUND('',#12235,.F.);
#12235 = EDGE_LOOP('',(#12236,#12237,#12258,#12259));
#12236 = ORIENTED_EDGE('',*,*,#10466,.T.);
#12237 = ORIENTED_EDGE('',*,*,#12238,.T.);
#12238 = EDGE_CURVE('',#10441,#11335,#12239,.T.);
#12239 = SURFACE_CURVE('',#12240,(#12244,#12251),.PCURVE_S1.);
#12240 = LINE('',#12241,#12242);
#12241 = CARTESIAN_POINT('',(-88.,23.,9.6));
#12242 = VECTOR('',#12243,1.);
#12243 = DIRECTION('',(1.,0.,0.));
#12244 = PCURVE('',#10481,#12245);
#12245 = DEFINITIONAL_REPRESENTATION('',(#12246),#12250);
#12246 = LINE('',#12247,#12248);
#12247 = CARTESIAN_POINT('',(0.,-0.));
#12248 = VECTOR('',#12249,1.);
#12249 = DIRECTION('',(0.,-1.));
#12250 = ( GEOMETRIC_REPRESENTATION_CONTEXT(2) 
PARAMETRIC_REPRESENTATION_CONTEXT() REPRESENTATION_CONTEXT('2D SPACE',''
  ) );
#12251 = PCURVE('',#10455,#12252);
#12252 = DEFINITIONAL_REPRESENTATION('',(#12253),#12257);
#12253 = LINE('',#12254,#12255);
#12254 = CARTESIAN_POINT('',(5.8,0.));
#12255 = VECTOR('',#12256,1.);
#12256 = DIRECTION('',(0.,-1.));
#12257 = ( GEOMETRIC_REPRESENTATION_CONTEXT(2) 
PARAMETRIC_REPRESENTATION_CONTEXT() REPRESENTATION_CONTEXT('2D SPACE',''
  ) );
#12258 = ORIENTED_EDGE('',*,*,#11355,.F.);
#12259 = ORIENTED_EDGE('',*,*,#12184,.F.);
#12260 = ADVANCED_FACE('',(#12261),#10152,.F.);
#12261 = FACE_BOUND('',#12262,.F.);
#12262 = EDGE_LOOP('',(#12263,#12282,#12283,#12284));
#12263 = ORIENTED_EDGE('',*,*,#12264,.F.);
#12264 = EDGE_CURVE('',#10138,#11082,#12265,.T.);
#12265 = SURFACE_CURVE('',#12266,(#12270,#12276),.PCURVE_S1.);
#12266 = LINE('',#12267,#12268);
#12267 = CARTESIAN_POINT('',(-88.,-30.5,14.15));
#12268 = VECTOR('',#12269,1.);
#12269 = DIRECTION('',(1.,0.,0.));
#12270 = PCURVE('',#10152,#12271);
#12271 = DEFINITIONAL_REPRESENTATION('',(#12272),#12275);
#12272 = B_SPLINE_CURVE_WITH_KNOTS('',1,(#12273,#12274),.UNSPECIFIED.,
  .F.,.F.,(2,2),(50.,55.),.PIECEWISE_BEZIER_KNOTS.);
#12273 = CARTESIAN_POINT('',(4.5,-50.));
#12274 = CARTESIAN_POINT('',(4.5,-55.));
#12275 = ( GEOMETRIC_REPRESENTATION_CONTEXT(2) 
PARAMETRIC_REPRESENTATION_CONTEXT() REPRESENTATION_CONTEXT('2D SPACE',''
  ) );
#12276 = PCURVE('',#10178,#12277);
#12277 = DEFINITIONAL_REPRESENTATION('',(#12278),#12281);
#12278 = B_SPLINE_CURVE_WITH_KNOTS('',1,(#12279,#12280),.UNSPECIFIED.,
  .F.,.F.,(2,2),(50.,55.),.PIECEWISE_BEZIER_KNOTS.);
#12279 = CARTESIAN_POINT('',(4.55,-50.));
#12280 = CARTESIAN_POINT('',(4.55,-55.));
#12281 = ( GEOMETRIC_REPRESENTATION_CONTEXT(2) 
PARAMETRIC_REPRESENTATION_CONTEXT() REPRESENTATION_CONTEXT('2D SPACE',''
  ) );
#12282 = ORIENTED_EDGE('',*,*,#10137,.T.);
#12283 = ORIENTED_EDGE('',*,*,#12213,.T.);
#12284 = ORIENTED_EDGE('',*,*,#11081,.F.);
#12285 = ADVANCED_FACE('',(#12286),#10455,.F.);
#12286 = FACE_BOUND('',#12287,.F.);
#12287 = EDGE_LOOP('',(#12288,#12289,#12290,#12291));
#12288 = ORIENTED_EDGE('',*,*,#12238,.F.);
#12289 = ORIENTED_EDGE('',*,*,#10440,.T.);
#12290 = ORIENTED_EDGE('',*,*,#11693,.T.);
#12291 = ORIENTED_EDGE('',*,*,#11334,.F.);
#12292 = ADVANCED_FACE('',(#12293),#10178,.F.);
#12293 = FACE_BOUND('',#12294,.F.);
#12294 = EDGE_LOOP('',(#12295,#12316,#12317,#12318));
#12295 = ORIENTED_EDGE('',*,*,#12296,.F.);
#12296 = EDGE_CURVE('',#10164,#11103,#12297,.T.);
#12297 = SURFACE_CURVE('',#12298,(#12302,#12309),.PCURVE_S1.);
#12298 = LINE('',#12299,#12300);
#12299 = CARTESIAN_POINT('',(-88.,-30.5,15.4));
#12300 = VECTOR('',#12301,1.);
#12301 = DIRECTION('',(1.,0.,0.));
#12302 = PCURVE('',#10178,#12303);
#12303 = DEFINITIONAL_REPRESENTATION('',(#12304),#12308);
#12304 = LINE('',#12305,#12306);
#12305 = CARTESIAN_POINT('',(5.8,0.));
#12306 = VECTOR('',#12307,1.);
#12307 = DIRECTION('',(0.,-1.));
#12308 = ( GEOMETRIC_REPRESENTATION_CONTEXT(2) 
PARAMETRIC_REPRESENTATION_CONTEXT() REPRESENTATION_CONTEXT('2D SPACE',''
  ) );
#12309 = PCURVE('',#10204,#12310);
#12310 = DEFINITIONAL_REPRESENTATION('',(#12311),#12315);
#12311 = LINE('',#12312,#12313);
#12312 = CARTESIAN_POINT('',(0.,0.));
#12313 = VECTOR('',#12314,1.);
#12314 = DIRECTION('',(0.,-1.));
#12315 = ( GEOMETRIC_REPRESENTATION_CONTEXT(2) 
PARAMETRIC_REPRESENTATION_CONTEXT() REPRESENTATION_CONTEXT('2D SPACE',''
  ) );
#12316 = ORIENTED_EDGE('',*,*,#10163,.T.);
#12317 = ORIENTED_EDGE('',*,*,#12264,.T.);
#12318 = ORIENTED_EDGE('',*,*,#11102,.F.);
#12319 = ADVANCED_FACE('',(#12320),#10204,.F.);
#12320 = FACE_BOUND('',#12321,.F.);
#12321 = EDGE_LOOP('',(#12322,#12323,#12324,#12325));
#12322 = ORIENTED_EDGE('',*,*,#10189,.T.);
#12323 = ORIENTED_EDGE('',*,*,#12296,.T.);
#12324 = ORIENTED_EDGE('',*,*,#11123,.F.);
#12325 = ORIENTED_EDGE('',*,*,#12326,.F.);
#12326 = EDGE_CURVE('',#10190,#11124,#12327,.T.);
#12327 = SURFACE_CURVE('',#12328,(#12332,#12339),.PCURVE_S1.);
#12328 = LINE('',#12329,#12330);
#12329 = CARTESIAN_POINT('',(-88.,-27.9,15.4));
#12330 = VECTOR('',#12331,1.);
#12331 = DIRECTION('',(1.,0.,0.));
#12332 = PCURVE('',#10204,#12333);
#12333 = DEFINITIONAL_REPRESENTATION('',(#12334),#12338);
#12334 = LINE('',#12335,#12336);
#12335 = CARTESIAN_POINT('',(2.6,0.));
#12336 = VECTOR('',#12337,1.);
#12337 = DIRECTION('',(0.,-1.));
#12338 = ( GEOMETRIC_REPRESENTATION_CONTEXT(2) 
PARAMETRIC_REPRESENTATION_CONTEXT() REPRESENTATION_CONTEXT('2D SPACE',''
  ) );
#12339 = PCURVE('',#10230,#12340);
#12340 = DEFINITIONAL_REPRESENTATION('',(#12341),#12345);
#12341 = LINE('',#12342,#12343);
#12342 = CARTESIAN_POINT('',(0.,0.));
#12343 = VECTOR('',#12344,1.);
#12344 = DIRECTION('',(0.,-1.));
#12345 = ( GEOMETRIC_REPRESENTATION_CONTEXT(2) 
PARAMETRIC_REPRESENTATION_CONTEXT() REPRESENTATION_CONTEXT('2D SPACE',''
  ) );
#12346 = ADVANCED_FACE('',(#12347),#10230,.F.);
#12347 = FACE_BOUND('',#12348,.F.);
#12348 = EDGE_LOOP('',(#12349,#12350,#12351,#12352));
#12349 = ORIENTED_EDGE('',*,*,#10215,.T.);
#12350 = ORIENTED_EDGE('',*,*,#12326,.T.);
#12351 = ORIENTED_EDGE('',*,*,#11144,.F.);
#12352 = ORIENTED_EDGE('',*,*,#12353,.T.);
#12353 = EDGE_CURVE('',#11145,#10216,#12354,.T.);
#12354 = SURFACE_CURVE('',#12355,(#12359,#12365),.PCURVE_S1.);
#12355 = LINE('',#12356,#12357);
#12356 = CARTESIAN_POINT('',(-88.,-27.9,14.15));
#12357 = VECTOR('',#12358,1.);
#12358 = DIRECTION('',(-1.,0.,0.));
#12359 = PCURVE('',#10230,#12360);
#12360 = DEFINITIONAL_REPRESENTATION('',(#12361),#12364);
#12361 = B_SPLINE_CURVE_WITH_KNOTS('',1,(#12362,#12363),.UNSPECIFIED.,
  .F.,.F.,(2,2),(-55.,-50.),.PIECEWISE_BEZIER_KNOTS.);
#12362 = CARTESIAN_POINT('',(1.25,-55.));
#12363 = CARTESIAN_POINT('',(1.25,-50.));
#12364 = ( GEOMETRIC_REPRESENTATION_CONTEXT(2) 
PARAMETRIC_REPRESENTATION_CONTEXT() REPRESENTATION_CONTEXT('2D SPACE',''
  ) );
#12365 = PCURVE('',#10256,#12366);
#12366 = DEFINITIONAL_REPRESENTATION('',(#12367),#12370);
#12367 = B_SPLINE_CURVE_WITH_KNOTS('',1,(#12368,#12369),.UNSPECIFIED.,
  .F.,.F.,(2,2),(-55.,-50.),.PIECEWISE_BEZIER_KNOTS.);
#12368 = CARTESIAN_POINT('',(7.1,-55.));
#12369 = CARTESIAN_POINT('',(7.1,-50.));
#12370 = ( GEOMETRIC_REPRESENTATION_CONTEXT(2) 
PARAMETRIC_REPRESENTATION_CONTEXT() REPRESENTATION_CONTEXT('2D SPACE',''
  ) );
#12371 = ADVANCED_FACE('',(#12372),#10256,.F.);
#12372 = FACE_BOUND('',#12373,.F.);
#12373 = EDGE_LOOP('',(#12374,#12395,#12396,#12397));
#12374 = ORIENTED_EDGE('',*,*,#12375,.F.);
#12375 = EDGE_CURVE('',#10242,#11166,#12376,.T.);
#12376 = SURFACE_CURVE('',#12377,(#12381,#12388),.PCURVE_S1.);
#12377 = LINE('',#12378,#12379);
#12378 = CARTESIAN_POINT('',(-88.,-25.,14.15));
#12379 = VECTOR('',#12380,1.);
#12380 = DIRECTION('',(1.,0.,0.));
#12381 = PCURVE('',#10256,#12382);
#12382 = DEFINITIONAL_REPRESENTATION('',(#12383),#12387);
#12383 = LINE('',#12384,#12385);
#12384 = CARTESIAN_POINT('',(10.,0.));
#12385 = VECTOR('',#12386,1.);
#12386 = DIRECTION('',(0.,-1.));
#12387 = ( GEOMETRIC_REPRESENTATION_CONTEXT(2) 
PARAMETRIC_REPRESENTATION_CONTEXT() REPRESENTATION_CONTEXT('2D SPACE',''
  ) );
#12388 = PCURVE('',#10282,#12389);
#12389 = DEFINITIONAL_REPRESENTATION('',(#12390),#12394);
#12390 = LINE('',#12391,#12392);
#12391 = CARTESIAN_POINT('',(0.,0.));
#12392 = VECTOR('',#12393,1.);
#12393 = DIRECTION('',(0.,-1.));
#12394 = ( GEOMETRIC_REPRESENTATION_CONTEXT(2) 
PARAMETRIC_REPRESENTATION_CONTEXT() REPRESENTATION_CONTEXT('2D SPACE',''
  ) );
#12395 = ORIENTED_EDGE('',*,*,#10241,.T.);
#12396 = ORIENTED_EDGE('',*,*,#12353,.F.);
#12397 = ORIENTED_EDGE('',*,*,#11165,.F.);
#12398 = ADVANCED_FACE('',(#12399),#10282,.F.);
#12399 = FACE_BOUND('',#12400,.F.);
#12400 = EDGE_LOOP('',(#12401,#12402,#12403,#12404));
#12401 = ORIENTED_EDGE('',*,*,#10267,.T.);
#12402 = ORIENTED_EDGE('',*,*,#12375,.T.);
#12403 = ORIENTED_EDGE('',*,*,#11186,.F.);
#12404 = ORIENTED_EDGE('',*,*,#12405,.F.);
#12405 = EDGE_CURVE('',#10268,#11187,#12406,.T.);
#12406 = SURFACE_CURVE('',#12407,(#12411,#12418),.PCURVE_S1.);
#12407 = LINE('',#12408,#12409);
#12408 = CARTESIAN_POINT('',(-88.,-25.,10.85));
#12409 = VECTOR('',#12410,1.);
#12410 = DIRECTION('',(1.,0.,0.));
#12411 = PCURVE('',#10282,#12412);
#12412 = DEFINITIONAL_REPRESENTATION('',(#12413),#12417);
#12413 = LINE('',#12414,#12415);
#12414 = CARTESIAN_POINT('',(3.3,0.));
#12415 = VECTOR('',#12416,1.);
#12416 = DIRECTION('',(0.,-1.));
#12417 = ( GEOMETRIC_REPRESENTATION_CONTEXT(2) 
PARAMETRIC_REPRESENTATION_CONTEXT() REPRESENTATION_CONTEXT('2D SPACE',''
  ) );
#12418 = PCURVE('',#10308,#12419);
#12419 = DEFINITIONAL_REPRESENTATION('',(#12420),#12424);
#12420 = LINE('',#12421,#12422);
#12421 = CARTESIAN_POINT('',(0.,-0.));
#12422 = VECTOR('',#12423,1.);
#12423 = DIRECTION('',(0.,-1.));
#12424 = ( GEOMETRIC_REPRESENTATION_CONTEXT(2) 
PARAMETRIC_REPRESENTATION_CONTEXT() REPRESENTATION_CONTEXT('2D SPACE',''
  ) );
#12425 = ADVANCED_FACE('',(#12426),#10308,.F.);
#12426 = FACE_BOUND('',#12427,.F.);
#12427 = EDGE_LOOP('',(#12428,#12447,#12448,#12449));
#12428 = ORIENTED_EDGE('',*,*,#12429,.F.);
#12429 = EDGE_CURVE('',#10294,#11208,#12430,.T.);
#12430 = SURFACE_CURVE('',#12431,(#12435,#12441),.PCURVE_S1.);
#12431 = LINE('',#12432,#12433);
#12432 = CARTESIAN_POINT('',(-88.,-27.9,10.85));
#12433 = VECTOR('',#12434,1.);
#12434 = DIRECTION('',(1.,0.,0.));
#12435 = PCURVE('',#10308,#12436);
#12436 = DEFINITIONAL_REPRESENTATION('',(#12437),#12440);
#12437 = B_SPLINE_CURVE_WITH_KNOTS('',1,(#12438,#12439),.UNSPECIFIED.,
  .F.,.F.,(2,2),(50.,55.),.PIECEWISE_BEZIER_KNOTS.);
#12438 = CARTESIAN_POINT('',(2.9,-50.));
#12439 = CARTESIAN_POINT('',(2.9,-55.));
#12440 = ( GEOMETRIC_REPRESENTATION_CONTEXT(2) 
PARAMETRIC_REPRESENTATION_CONTEXT() REPRESENTATION_CONTEXT('2D SPACE',''
  ) );
#12441 = PCURVE('',#10334,#12442);
#12442 = DEFINITIONAL_REPRESENTATION('',(#12443),#12446);
#12443 = B_SPLINE_CURVE_WITH_KNOTS('',1,(#12444,#12445),.UNSPECIFIED.,
  .F.,.F.,(2,2),(50.,55.),.PIECEWISE_BEZIER_KNOTS.);
#12444 = CARTESIAN_POINT('',(4.55,-50.));
#12445 = CARTESIAN_POINT('',(4.55,-55.));
#12446 = ( GEOMETRIC_REPRESENTATION_CONTEXT(2) 
PARAMETRIC_REPRESENTATION_CONTEXT() REPRESENTATION_CONTEXT('2D SPACE',''
  ) );
#12447 = ORIENTED_EDGE('',*,*,#10293,.T.);
#12448 = ORIENTED_EDGE('',*,*,#12405,.T.);
#12449 = ORIENTED_EDGE('',*,*,#11207,.F.);
#12450 = ADVANCED_FACE('',(#12451),#10386,.F.);
#12451 = FACE_BOUND('',#12452,.F.);
#12452 = EDGE_LOOP('',(#12453,#12454,#12475,#12476));
#12453 = ORIENTED_EDGE('',*,*,#10371,.T.);
#12454 = ORIENTED_EDGE('',*,*,#12455,.T.);
#12455 = EDGE_CURVE('',#10346,#11250,#12456,.T.);
#12456 = SURFACE_CURVE('',#12457,(#12461,#12468),.PCURVE_S1.);
#12457 = LINE('',#12458,#12459);
#12458 = CARTESIAN_POINT('',(-88.,-30.5,9.6));
#12459 = VECTOR('',#12460,1.);
#12460 = DIRECTION('',(1.,0.,0.));
#12461 = PCURVE('',#10386,#12462);
#12462 = DEFINITIONAL_REPRESENTATION('',(#12463),#12467);
#12463 = LINE('',#12464,#12465);
#12464 = CARTESIAN_POINT('',(0.,0.));
#12465 = VECTOR('',#12466,1.);
#12466 = DIRECTION('',(0.,-1.));
#12467 = ( GEOMETRIC_REPRESENTATION_CONTEXT(2) 
PARAMETRIC_REPRESENTATION_CONTEXT() REPRESENTATION_CONTEXT('2D SPACE',''
  ) );
#12468 = PCURVE('',#10360,#12469);
#12469 = DEFINITIONAL_REPRESENTATION('',(#12470),#12474);
#12470 = LINE('',#12471,#12472);
#12471 = CARTESIAN_POINT('',(2.6,0.));
#12472 = VECTOR('',#12473,1.);
#12473 = DIRECTION('',(0.,-1.));
#12474 = ( GEOMETRIC_REPRESENTATION_CONTEXT(2) 
PARAMETRIC_REPRESENTATION_CONTEXT() REPRESENTATION_CONTEXT('2D SPACE',''
  ) );
#12475 = ORIENTED_EDGE('',*,*,#11270,.F.);
#12476 = ORIENTED_EDGE('',*,*,#11670,.T.);
#12477 = ADVANCED_FACE('',(#12478),#10334,.F.);
#12478 = FACE_BOUND('',#12479,.F.);
#12479 = EDGE_LOOP('',(#12480,#12501,#12502,#12503));
#12480 = ORIENTED_EDGE('',*,*,#12481,.F.);
#12481 = EDGE_CURVE('',#10320,#11229,#12482,.T.);
#12482 = SURFACE_CURVE('',#12483,(#12487,#12494),.PCURVE_S1.);
#12483 = LINE('',#12484,#12485);
#12484 = CARTESIAN_POINT('',(-88.,-27.9,9.6));
#12485 = VECTOR('',#12486,1.);
#12486 = DIRECTION('',(1.,0.,0.));
#12487 = PCURVE('',#10334,#12488);
#12488 = DEFINITIONAL_REPRESENTATION('',(#12489),#12493);
#12489 = LINE('',#12490,#12491);
#12490 = CARTESIAN_POINT('',(5.8,0.));
#12491 = VECTOR('',#12492,1.);
#12492 = DIRECTION('',(0.,-1.));
#12493 = ( GEOMETRIC_REPRESENTATION_CONTEXT(2) 
PARAMETRIC_REPRESENTATION_CONTEXT() REPRESENTATION_CONTEXT('2D SPACE',''
  ) );
#12494 = PCURVE('',#10360,#12495);
#12495 = DEFINITIONAL_REPRESENTATION('',(#12496),#12500);
#12496 = LINE('',#12497,#12498);
#12497 = CARTESIAN_POINT('',(0.,-0.));
#12498 = VECTOR('',#12499,1.);
#12499 = DIRECTION('',(0.,-1.));
#12500 = ( GEOMETRIC_REPRESENTATION_CONTEXT(2) 
PARAMETRIC_REPRESENTATION_CONTEXT() REPRESENTATION_CONTEXT('2D SPACE',''
  ) );
#12501 = ORIENTED_EDGE('',*,*,#10319,.T.);
#12502 = ORIENTED_EDGE('',*,*,#12429,.T.);
#12503 = ORIENTED_EDGE('',*,*,#11228,.F.);
#12504 = ADVANCED_FACE('',(#12505),#10360,.F.);
#12505 = FACE_BOUND('',#12506,.F.);
#12506 = EDGE_LOOP('',(#12507,#12508,#12509,#12510));
#12507 = ORIENTED_EDGE('',*,*,#10345,.T.);
#12508 = ORIENTED_EDGE('',*,*,#12481,.T.);
#12509 = ORIENTED_EDGE('',*,*,#11249,.F.);
#12510 = ORIENTED_EDGE('',*,*,#12455,.F.);
#12511 = ADVANCED_FACE('',(#12512),#10745,.T.);
#12512 = FACE_BOUND('',#12513,.T.);
#12513 = EDGE_LOOP('',(#12514,#12515,#12536,#12537));
#12514 = ORIENTED_EDGE('',*,*,#10728,.T.);
#12515 = ORIENTED_EDGE('',*,*,#12516,.T.);
#12516 = EDGE_CURVE('',#10731,#11570,#12517,.T.);
#12517 = SURFACE_CURVE('',#12518,(#12522,#12529),.PCURVE_S1.);
#12518 = LINE('',#12519,#12520);
#12519 = CARTESIAN_POINT('',(-43.,10.25,25.));
#12520 = VECTOR('',#12521,1.);
#12521 = DIRECTION('',(1.,0.,0.));
#12522 = PCURVE('',#10745,#12523);
#12523 = DEFINITIONAL_REPRESENTATION('',(#12524),#12528);
#12524 = LINE('',#12525,#12526);
#12525 = CARTESIAN_POINT('',(0.,-0.));
#12526 = VECTOR('',#12527,1.);
#12527 = DIRECTION('',(0.,-1.));
#12528 = ( GEOMETRIC_REPRESENTATION_CONTEXT(2) 
PARAMETRIC_REPRESENTATION_CONTEXT() REPRESENTATION_CONTEXT('2D SPACE',''
  ) );
#12529 = PCURVE('',#10777,#12530);
#12530 = DEFINITIONAL_REPRESENTATION('',(#12531),#12535);
#12531 = LINE('',#12532,#12533);
#12532 = CARTESIAN_POINT('',(-3.14159265359,0.));
#12533 = VECTOR('',#12534,1.);
#12534 = DIRECTION('',(-0.,-1.));
#12535 = ( GEOMETRIC_REPRESENTATION_CONTEXT(2) 
PARAMETRIC_REPRESENTATION_CONTEXT() REPRESENTATION_CONTEXT('2D SPACE',''
  ) );
#12536 = ORIENTED_EDGE('',*,*,#11567,.F.);
#12537 = ORIENTED_EDGE('',*,*,#12538,.F.);
#12538 = EDGE_CURVE('',#10729,#11568,#12539,.T.);
#12539 = SURFACE_CURVE('',#12540,(#12544,#12551),.PCURVE_S1.);
#12540 = LINE('',#12541,#12542);
#12541 = CARTESIAN_POINT('',(-43.,-17.75,25.));
#12542 = VECTOR('',#12543,1.);
#12543 = DIRECTION('',(1.,0.,0.));
#12544 = PCURVE('',#10745,#12545);
#12545 = DEFINITIONAL_REPRESENTATION('',(#12546),#12550);
#12546 = LINE('',#12547,#12548);
#12547 = CARTESIAN_POINT('',(28.,0.));
#12548 = VECTOR('',#12549,1.);
#12549 = DIRECTION('',(0.,-1.));
#12550 = ( GEOMETRIC_REPRESENTATION_CONTEXT(2) 
PARAMETRIC_REPRESENTATION_CONTEXT() REPRESENTATION_CONTEXT('2D SPACE',''
  ) );
#12551 = PCURVE('',#10834,#12552);
#12552 = DEFINITIONAL_REPRESENTATION('',(#12553),#12557);
#12553 = LINE('',#12554,#12555);
#12554 = CARTESIAN_POINT('',(-0.,0.));
#12555 = VECTOR('',#12556,1.);
#12556 = DIRECTION('',(-0.,-1.));
#12557 = ( GEOMETRIC_REPRESENTATION_CONTEXT(2) 
PARAMETRIC_REPRESENTATION_CONTEXT() REPRESENTATION_CONTEXT('2D SPACE',''
  ) );
#12558 = ADVANCED_FACE('',(#12559),#10834,.F.);
#12559 = FACE_BOUND('',#12560,.T.);
#12560 = EDGE_LOOP('',(#12561,#12562,#12563,#12564));
#12561 = ORIENTED_EDGE('',*,*,#10815,.T.);
#12562 = ORIENTED_EDGE('',*,*,#12538,.T.);
#12563 = ORIENTED_EDGE('',*,*,#11639,.F.);
#12564 = ORIENTED_EDGE('',*,*,#12565,.F.);
#12565 = EDGE_CURVE('',#10790,#11619,#12566,.T.);
#12566 = SURFACE_CURVE('',#12567,(#12571,#12578),.PCURVE_S1.);
#12567 = LINE('',#12568,#12569);
#12568 = CARTESIAN_POINT('',(-43.,-17.75,15.));
#12569 = VECTOR('',#12570,1.);
#12570 = DIRECTION('',(1.,0.,0.));
#12571 = PCURVE('',#10834,#12572);
#12572 = DEFINITIONAL_REPRESENTATION('',(#12573),#12577);
#12573 = LINE('',#12574,#12575);
#12574 = CARTESIAN_POINT('',(-3.14159265359,0.));
#12575 = VECTOR('',#12576,1.);
#12576 = DIRECTION('',(-0.,-1.));
#12577 = ( GEOMETRIC_REPRESENTATION_CONTEXT(2) 
PARAMETRIC_REPRESENTATION_CONTEXT() REPRESENTATION_CONTEXT('2D SPACE',''
  ) );
#12578 = PCURVE('',#10804,#12579);
#12579 = DEFINITIONAL_REPRESENTATION('',(#12580),#12584);
#12580 = LINE('',#12581,#12582);
#12581 = CARTESIAN_POINT('',(0.,0.));
#12582 = VECTOR('',#12583,1.);
#12583 = DIRECTION('',(0.,-1.));
#12584 = ( GEOMETRIC_REPRESENTATION_CONTEXT(2) 
PARAMETRIC_REPRESENTATION_CONTEXT() REPRESENTATION_CONTEXT('2D SPACE',''
  ) );
#12585 = ADVANCED_FACE('',(#12586),#10804,.T.);
#12586 = FACE_BOUND('',#12587,.T.);
#12587 = EDGE_LOOP('',(#12588,#12589,#12590,#12591));
#12588 = ORIENTED_EDGE('',*,*,#10789,.T.);
#12589 = ORIENTED_EDGE('',*,*,#12565,.T.);
#12590 = ORIENTED_EDGE('',*,*,#11618,.F.);
#12591 = ORIENTED_EDGE('',*,*,#12592,.F.);
#12592 = EDGE_CURVE('',#10757,#11591,#12593,.T.);
#12593 = SURFACE_CURVE('',#12594,(#12598,#12605),.PCURVE_S1.);
#12594 = LINE('',#12595,#12596);
#12595 = CARTESIAN_POINT('',(-43.,10.25,15.));
#12596 = VECTOR('',#12597,1.);
#12597 = DIRECTION('',(1.,0.,0.));
#12598 = PCURVE('',#10804,#12599);
#12599 = DEFINITIONAL_REPRESENTATION('',(#12600),#12604);
#12600 = LINE('',#12601,#12602);
#12601 = CARTESIAN_POINT('',(28.,0.));
#12602 = VECTOR('',#12603,1.);
#12603 = DIRECTION('',(0.,-1.));
#12604 = ( GEOMETRIC_REPRESENTATION_CONTEXT(2) 
PARAMETRIC_REPRESENTATION_CONTEXT() REPRESENTATION_CONTEXT('2D SPACE',''
  ) );
#12605 = PCURVE('',#10777,#12606);
#12606 = DEFINITIONAL_REPRESENTATION('',(#12607),#12611);
#12607 = LINE('',#12608,#12609);
#12608 = CARTESIAN_POINT('',(-0.,0.));
#12609 = VECTOR('',#12610,1.);
#12610 = DIRECTION('',(-0.,-1.));
#12611 = ( GEOMETRIC_REPRESENTATION_CONTEXT(2) 
PARAMETRIC_REPRESENTATION_CONTEXT() REPRESENTATION_CONTEXT('2D SPACE',''
  ) );
#12612 = ADVANCED_FACE('',(#12613),#10777,.F.);
#12613 = FACE_BOUND('',#12614,.T.);
#12614 = EDGE_LOOP('',(#12615,#12616,#12617,#12618));
#12615 = ORIENTED_EDGE('',*,*,#10756,.T.);
#12616 = ORIENTED_EDGE('',*,*,#12592,.T.);
#12617 = ORIENTED_EDGE('',*,*,#11590,.F.);
#12618 = ORIENTED_EDGE('',*,*,#12516,.F.);
#12619 = ( GEOMETRIC_REPRESENTATION_CONTEXT(3) 
GLOBAL_UNCERTAINTY_ASSIGNED_CONTEXT((#12623)) 
GLOBAL_UNIT_ASSIGNED_CONTEXT((#12620,#12621,#12622)) 
REPRESENTATION_CONTEXT('Context #1',
  '3D Context with UNIT and UNCERTAINTY') );
#12620 = ( LENGTH_UNIT() NAMED_UNIT(*) SI_UNIT(.MILLI.,.METRE.) );
#12621 = ( NAMED_UNIT(*) PLANE_ANGLE_UNIT() SI_UNIT($,.RADIAN.) );
#12622 = ( NAMED_UNIT(*) SI_UNIT($,.STERADIAN.) SOLID_ANGLE_UNIT() );
#12623 = UNCERTAINTY_MEASURE_WITH_UNIT(LENGTH_MEASURE(1.E-07),#12620,
  'distance_accuracy_value','confusion accuracy');
#12624 = CONTEXT_DEPENDENT_SHAPE_REPRESENTATION(#12625,#12627);
#12625 = ( REPRESENTATION_RELATIONSHIP('','',#9576,#10) 
REPRESENTATION_RELATIONSHIP_WITH_TRANSFORMATION(#12626) 
SHAPE_REPRESENTATION_RELATIONSHIP() );
#12626 = ITEM_DEFINED_TRANSFORMATION('','',#11,#39);
#12627 = PRODUCT_DEFINITION_SHAPE('Placement','Placement of an item',
  #12628);
#12628 = NEXT_ASSEMBLY_USAGE_OCCURRENCE('17','08_peremychka','',#5,#9571
  ,$);
#12629 = PRODUCT_RELATED_PRODUCT_CATEGORY('part',$,(#9573));
#12630 = SHAPE_DEFINITION_REPRESENTATION(#12631,#12637);
#12631 = PRODUCT_DEFINITION_SHAPE('','',#12632);
#12632 = PRODUCT_DEFINITION('design','',#12633,#12636);
#12633 = PRODUCT_DEFINITION_FORMATION('','',#12634);
#12634 = PRODUCT('MG996R_plecho','MG996R_plecho','',(#12635));
#12635 = PRODUCT_CONTEXT('',#2,'mechanical');
#12636 = PRODUCT_DEFINITION_CONTEXT('part definition',#2,'design');
#12637 = ADVANCED_BREP_SHAPE_REPRESENTATION('',(#11,#12638),#13768);
#12638 = MANIFOLD_SOLID_BREP('',#12639);
#12639 = CLOSED_SHELL('',(#12640,#12758,#13058,#13107,#13340,#13367,
    #13392,#13419,#13444,#13471,#13529,#13554,#13581,#13608,#13615,
    #13670,#13709,#13764));
#12640 = ADVANCED_FACE('',(#12641),#12655,.F.);
#12641 = FACE_BOUND('',#12642,.F.);
#12642 = EDGE_LOOP('',(#12643,#12678,#12706,#12734));
#12643 = ORIENTED_EDGE('',*,*,#12644,.F.);
#12644 = EDGE_CURVE('',#12645,#12647,#12649,.T.);
#12645 = VERTEX_POINT('',#12646);
#12646 = CARTESIAN_POINT('',(-30.5,62.,45.15));
#12647 = VERTEX_POINT('',#12648);
#12648 = CARTESIAN_POINT('',(-30.5,35.,45.15));
#12649 = SURFACE_CURVE('',#12650,(#12654,#12666),.PCURVE_S1.);
#12650 = LINE('',#12651,#12652);
#12651 = CARTESIAN_POINT('',(-30.5,62.,45.15));
#12652 = VECTOR('',#12653,1.);
#12653 = DIRECTION('',(1.367091061102E-17,-1.,6.587878580665E-17));
#12654 = PCURVE('',#12655,#12660);
#12655 = PLANE('',#12656);
#12656 = AXIS2_PLACEMENT_3D('',#12657,#12658,#12659);
#12657 = CARTESIAN_POINT('',(-30.5,62.,45.15));
#12658 = DIRECTION('',(1.,1.367091061102E-17,-1.066145509054E-17));
#12659 = DIRECTION('',(1.367091061102E-17,-1.,6.587878580665E-17));
#12660 = DEFINITIONAL_REPRESENTATION('',(#12661),#12665);
#12661 = LINE('',#12662,#12663);
#12662 = CARTESIAN_POINT('',(0.,0.));
#12663 = VECTOR('',#12664,1.);
#12664 = DIRECTION('',(1.,0.));
#12665 = ( GEOMETRIC_REPRESENTATION_CONTEXT(2) 
PARAMETRIC_REPRESENTATION_CONTEXT() REPRESENTATION_CONTEXT('2D SPACE',''
  ) );
#12666 = PCURVE('',#12667,#12672);
#12667 = PLANE('',#12668);
#12668 = AXIS2_PLACEMENT_3D('',#12669,#12670,#12671);
#12669 = CARTESIAN_POINT('',(-30.5,62.,45.15));
#12670 = DIRECTION('',(1.066145509054E-17,6.587878580665E-17,1.));
#12671 = DIRECTION('',(1.367091061102E-17,-1.,6.587878580665E-17));
#12672 = DEFINITIONAL_REPRESENTATION('',(#12673),#12677);
#12673 = LINE('',#12674,#12675);
#12674 = CARTESIAN_POINT('',(0.,0.));
#12675 = VECTOR('',#12676,1.);
#12676 = DIRECTION('',(1.,0.));
#12677 = ( GEOMETRIC_REPRESENTATION_CONTEXT(2) 
PARAMETRIC_REPRESENTATION_CONTEXT() REPRESENTATION_CONTEXT('2D SPACE',''
  ) );
#12678 = ORIENTED_EDGE('',*,*,#12679,.T.);
#12679 = EDGE_CURVE('',#12645,#12680,#12682,.T.);
#12680 = VERTEX_POINT('',#12681);
#12681 = CARTESIAN_POINT('',(-30.5,62.,64.85));
#12682 = SURFACE_CURVE('',#12683,(#12687,#12694),.PCURVE_S1.);
#12683 = LINE('',#12684,#12685);
#12684 = CARTESIAN_POINT('',(-30.5,62.,45.15));
#12685 = VECTOR('',#12686,1.);
#12686 = DIRECTION('',(1.066145509054E-17,6.587878580665E-17,1.));
#12687 = PCURVE('',#12655,#12688);
#12688 = DEFINITIONAL_REPRESENTATION('',(#12689),#12693);
#12689 = LINE('',#12690,#12691);
#12690 = CARTESIAN_POINT('',(0.,0.));
#12691 = VECTOR('',#12692,1.);
#12692 = DIRECTION('',(0.,-1.));
#12693 = ( GEOMETRIC_REPRESENTATION_CONTEXT(2) 
PARAMETRIC_REPRESENTATION_CONTEXT() REPRESENTATION_CONTEXT('2D SPACE',''
  ) );
#12694 = PCURVE('',#12695,#12700);
#12695 = PLANE('',#12696);
#12696 = AXIS2_PLACEMENT_3D('',#12697,#12698,#12699);
#12697 = CARTESIAN_POINT('',(-30.5,62.,45.15));
#12698 = DIRECTION('',(1.367091061102E-17,-1.,6.587878580665E-17));
#12699 = DIRECTION('',(1.,1.367091061102E-17,-1.066145509054E-17));
#12700 = DEFINITIONAL_REPRESENTATION('',(#12701),#12705);
#12701 = LINE('',#12702,#12703);
#12702 = CARTESIAN_POINT('',(0.,0.));
#12703 = VECTOR('',#12704,1.);
#12704 = DIRECTION('',(0.,1.));
#12705 = ( GEOMETRIC_REPRESENTATION_CONTEXT(2) 
PARAMETRIC_REPRESENTATION_CONTEXT() REPRESENTATION_CONTEXT('2D SPACE',''
  ) );
#12706 = ORIENTED_EDGE('',*,*,#12707,.T.);
#12707 = EDGE_CURVE('',#12680,#12708,#12710,.T.);
#12708 = VERTEX_POINT('',#12709);
#12709 = CARTESIAN_POINT('',(-30.5,35.,64.85));
#12710 = SURFACE_CURVE('',#12711,(#12715,#12722),.PCURVE_S1.);
#12711 = LINE('',#12712,#12713);
#12712 = CARTESIAN_POINT('',(-30.5,62.,64.85));
#12713 = VECTOR('',#12714,1.);
#12714 = DIRECTION('',(1.367091061102E-17,-1.,6.587878580665E-17));
#12715 = PCURVE('',#12655,#12716);
#12716 = DEFINITIONAL_REPRESENTATION('',(#12717),#12721);
#12717 = LINE('',#12718,#12719);
#12718 = CARTESIAN_POINT('',(0.,-19.7));
#12719 = VECTOR('',#12720,1.);
#12720 = DIRECTION('',(1.,0.));
#12721 = ( GEOMETRIC_REPRESENTATION_CONTEXT(2) 
PARAMETRIC_REPRESENTATION_CONTEXT() REPRESENTATION_CONTEXT('2D SPACE',''
  ) );
#12722 = PCURVE('',#12723,#12728);
#12723 = PLANE('',#12724);
#12724 = AXIS2_PLACEMENT_3D('',#12725,#12726,#12727);
#12725 = CARTESIAN_POINT('',(-30.5,62.,64.85));
#12726 = DIRECTION('',(1.066145509054E-17,6.587878580665E-17,1.));
#12727 = DIRECTION('',(1.367091061102E-17,-1.,6.587878580665E-17));
#12728 = DEFINITIONAL_REPRESENTATION('',(#12729),#12733);
#12729 = LINE('',#12730,#12731);
#12730 = CARTESIAN_POINT('',(0.,0.));
#12731 = VECTOR('',#12732,1.);
#12732 = DIRECTION('',(1.,0.));
#12733 = ( GEOMETRIC_REPRESENTATION_CONTEXT(2) 
PARAMETRIC_REPRESENTATION_CONTEXT() REPRESENTATION_CONTEXT('2D SPACE',''
  ) );
#12734 = ORIENTED_EDGE('',*,*,#12735,.T.);
#12735 = EDGE_CURVE('',#12708,#12647,#12736,.T.);
#12736 = SURFACE_CURVE('',#12737,(#12741,#12747),.PCURVE_S1.);
#12737 = LINE('',#12738,#12739);
#12738 = CARTESIAN_POINT('',(-30.5,35.,45.15));
#12739 = VECTOR('',#12740,1.);
#12740 = DIRECTION('',(-1.066145509054E-17,-6.587878580665E-17,-1.));
#12741 = PCURVE('',#12655,#12742);
#12742 = DEFINITIONAL_REPRESENTATION('',(#12743),#12746);
#12743 = B_SPLINE_CURVE_WITH_KNOTS('',1,(#12744,#12745),.UNSPECIFIED.,
  .F.,.F.,(2,2),(-19.7,0.),.PIECEWISE_BEZIER_KNOTS.);
#12744 = CARTESIAN_POINT('',(27.,-19.7));
#12745 = CARTESIAN_POINT('',(27.,0.));
#12746 = ( GEOMETRIC_REPRESENTATION_CONTEXT(2) 
PARAMETRIC_REPRESENTATION_CONTEXT() REPRESENTATION_CONTEXT('2D SPACE',''
  ) );
#12747 = PCURVE('',#12748,#12753);
#12748 = PLANE('',#12749);
#12749 = AXIS2_PLACEMENT_3D('',#12750,#12751,#12752);
#12750 = CARTESIAN_POINT('',(-37.4,35.,45.15));
#12751 = DIRECTION('',(1.367091061102E-17,-1.,6.587878580665E-17));
#12752 = DIRECTION('',(1.,1.367091061102E-17,-1.066145509054E-17));
#12753 = DEFINITIONAL_REPRESENTATION('',(#12754),#12757);
#12754 = B_SPLINE_CURVE_WITH_KNOTS('',1,(#12755,#12756),.UNSPECIFIED.,
  .F.,.F.,(2,2),(-19.7,0.),.PIECEWISE_BEZIER_KNOTS.);
#12755 = CARTESIAN_POINT('',(6.9,19.7));
#12756 = CARTESIAN_POINT('',(6.9,0.));
#12757 = ( GEOMETRIC_REPRESENTATION_CONTEXT(2) 
PARAMETRIC_REPRESENTATION_CONTEXT() REPRESENTATION_CONTEXT('2D SPACE',''
  ) );
#12758 = ADVANCED_FACE('',(#12759),#12667,.F.);
#12759 = FACE_BOUND('',#12760,.F.);
#12760 = EDGE_LOOP('',(#12761,#12791,#12812,#12813,#12836,#12864,#12892,
    #12920,#12948,#12976,#13004,#13032));
#12761 = ORIENTED_EDGE('',*,*,#12762,.F.);
#12762 = EDGE_CURVE('',#12763,#12765,#12767,.T.);
#12763 = VERTEX_POINT('',#12764);
#12764 = CARTESIAN_POINT('',(10.2,62.,45.15));
#12765 = VERTEX_POINT('',#12766);
#12766 = CARTESIAN_POINT('',(10.2,35.,45.15));
#12767 = SURFACE_CURVE('',#12768,(#12772,#12779),.PCURVE_S1.);
#12768 = LINE('',#12769,#12770);
#12769 = CARTESIAN_POINT('',(10.2,62.,45.15));
#12770 = VECTOR('',#12771,1.);
#12771 = DIRECTION('',(1.367091061102E-17,-1.,6.587878580665E-17));
#12772 = PCURVE('',#12667,#12773);
#12773 = DEFINITIONAL_REPRESENTATION('',(#12774),#12778);
#12774 = LINE('',#12775,#12776);
#12775 = CARTESIAN_POINT('',(0.,40.7));
#12776 = VECTOR('',#12777,1.);
#12777 = DIRECTION('',(1.,0.));
#12778 = ( GEOMETRIC_REPRESENTATION_CONTEXT(2) 
PARAMETRIC_REPRESENTATION_CONTEXT() REPRESENTATION_CONTEXT('2D SPACE',''
  ) );
#12779 = PCURVE('',#12780,#12785);
#12780 = PLANE('',#12781);
#12781 = AXIS2_PLACEMENT_3D('',#12782,#12783,#12784);
#12782 = CARTESIAN_POINT('',(10.2,62.,45.15));
#12783 = DIRECTION('',(1.,1.367091061102E-17,-1.066145509054E-17));
#12784 = DIRECTION('',(1.367091061102E-17,-1.,6.587878580665E-17));
#12785 = DEFINITIONAL_REPRESENTATION('',(#12786),#12790);
#12786 = LINE('',#12787,#12788);
#12787 = CARTESIAN_POINT('',(0.,0.));
#12788 = VECTOR('',#12789,1.);
#12789 = DIRECTION('',(1.,0.));
#12790 = ( GEOMETRIC_REPRESENTATION_CONTEXT(2) 
PARAMETRIC_REPRESENTATION_CONTEXT() REPRESENTATION_CONTEXT('2D SPACE',''
  ) );
#12791 = ORIENTED_EDGE('',*,*,#12792,.F.);
#12792 = EDGE_CURVE('',#12645,#12763,#12793,.T.);
#12793 = SURFACE_CURVE('',#12794,(#12798,#12805),.PCURVE_S1.);
#12794 = LINE('',#12795,#12796);
#12795 = CARTESIAN_POINT('',(-30.5,62.,45.15));
#12796 = VECTOR('',#12797,1.);
#12797 = DIRECTION('',(1.,1.367091061102E-17,-1.066145509054E-17));
#12798 = PCURVE('',#12667,#12799);
#12799 = DEFINITIONAL_REPRESENTATION('',(#12800),#12804);
#12800 = LINE('',#12801,#12802);
#12801 = CARTESIAN_POINT('',(0.,0.));
#12802 = VECTOR('',#12803,1.);
#12803 = DIRECTION('',(0.,1.));
#12804 = ( GEOMETRIC_REPRESENTATION_CONTEXT(2) 
PARAMETRIC_REPRESENTATION_CONTEXT() REPRESENTATION_CONTEXT('2D SPACE',''
  ) );
#12805 = PCURVE('',#12695,#12806);
#12806 = DEFINITIONAL_REPRESENTATION('',(#12807),#12811);
#12807 = LINE('',#12808,#12809);
#12808 = CARTESIAN_POINT('',(0.,0.));
#12809 = VECTOR('',#12810,1.);
#12810 = DIRECTION('',(1.,0.));
#12811 = ( GEOMETRIC_REPRESENTATION_CONTEXT(2) 
PARAMETRIC_REPRESENTATION_CONTEXT() REPRESENTATION_CONTEXT('2D SPACE',''
  ) );
#12812 = ORIENTED_EDGE('',*,*,#12644,.T.);
#12813 = ORIENTED_EDGE('',*,*,#12814,.F.);
#12814 = EDGE_CURVE('',#12815,#12647,#12817,.T.);
#12815 = VERTEX_POINT('',#12816);
#12816 = CARTESIAN_POINT('',(-37.4,35.,45.15));
#12817 = SURFACE_CURVE('',#12818,(#12822,#12829),.PCURVE_S1.);
#12818 = LINE('',#12819,#12820);
#12819 = CARTESIAN_POINT('',(-37.4,35.,45.15));
#12820 = VECTOR('',#12821,1.);
#12821 = DIRECTION('',(1.,1.367091061102E-17,-1.066145509054E-17));
#12822 = PCURVE('',#12667,#12823);
#12823 = DEFINITIONAL_REPRESENTATION('',(#12824),#12828);
#12824 = LINE('',#12825,#12826);
#12825 = CARTESIAN_POINT('',(27.,-6.9));
#12826 = VECTOR('',#12827,1.);
#12827 = DIRECTION('',(0.,1.));
#12828 = ( GEOMETRIC_REPRESENTATION_CONTEXT(2) 
PARAMETRIC_REPRESENTATION_CONTEXT() REPRESENTATION_CONTEXT('2D SPACE',''
  ) );
#12829 = PCURVE('',#12748,#12830);
#12830 = DEFINITIONAL_REPRESENTATION('',(#12831),#12835);
#12831 = LINE('',#12832,#12833);
#12832 = CARTESIAN_POINT('',(0.,0.));
#12833 = VECTOR('',#12834,1.);
#12834 = DIRECTION('',(1.,0.));
#12835 = ( GEOMETRIC_REPRESENTATION_CONTEXT(2) 
PARAMETRIC_REPRESENTATION_CONTEXT() REPRESENTATION_CONTEXT('2D SPACE',''
  ) );
#12836 = ORIENTED_EDGE('',*,*,#12837,.T.);
#12837 = EDGE_CURVE('',#12815,#12838,#12840,.T.);
#12838 = VERTEX_POINT('',#12839);
#12839 = CARTESIAN_POINT('',(-37.4,32.5,45.15));
#12840 = SURFACE_CURVE('',#12841,(#12845,#12852),.PCURVE_S1.);
#12841 = LINE('',#12842,#12843);
#12842 = CARTESIAN_POINT('',(-37.4,35.,45.15));
#12843 = VECTOR('',#12844,1.);
#12844 = DIRECTION('',(1.367091061102E-17,-1.,6.587878580665E-17));
#12845 = PCURVE('',#12667,#12846);
#12846 = DEFINITIONAL_REPRESENTATION('',(#12847),#12851);
#12847 = LINE('',#12848,#12849);
#12848 = CARTESIAN_POINT('',(27.,-6.9));
#12849 = VECTOR('',#12850,1.);
#12850 = DIRECTION('',(1.,0.));
#12851 = ( GEOMETRIC_REPRESENTATION_CONTEXT(2) 
PARAMETRIC_REPRESENTATION_CONTEXT() REPRESENTATION_CONTEXT('2D SPACE',''
  ) );
#12852 = PCURVE('',#12853,#12858);
#12853 = PLANE('',#12854);
#12854 = AXIS2_PLACEMENT_3D('',#12855,#12856,#12857);
#12855 = CARTESIAN_POINT('',(-37.4,35.,45.15));
#12856 = DIRECTION('',(1.,1.367091061102E-17,-1.066145509054E-17));
#12857 = DIRECTION('',(1.367091061102E-17,-1.,6.587878580665E-17));
#12858 = DEFINITIONAL_REPRESENTATION('',(#12859),#12863);
#12859 = LINE('',#12860,#12861);
#12860 = CARTESIAN_POINT('',(0.,0.));
#12861 = VECTOR('',#12862,1.);
#12862 = DIRECTION('',(1.,0.));
#12863 = ( GEOMETRIC_REPRESENTATION_CONTEXT(2) 
PARAMETRIC_REPRESENTATION_CONTEXT() REPRESENTATION_CONTEXT('2D SPACE',''
  ) );
#12864 = ORIENTED_EDGE('',*,*,#12865,.T.);
#12865 = EDGE_CURVE('',#12838,#12866,#12868,.T.);
#12866 = VERTEX_POINT('',#12867);
#12867 = CARTESIAN_POINT('',(-30.5,32.5,45.15));
#12868 = SURFACE_CURVE('',#12869,(#12873,#12880),.PCURVE_S1.);
#12869 = LINE('',#12870,#12871);
#12870 = CARTESIAN_POINT('',(-37.4,32.5,45.15));
#12871 = VECTOR('',#12872,1.);
#12872 = DIRECTION('',(1.,1.367091061102E-17,-1.066145509054E-17));
#12873 = PCURVE('',#12667,#12874);
#12874 = DEFINITIONAL_REPRESENTATION('',(#12875),#12879);
#12875 = LINE('',#12876,#12877);
#12876 = CARTESIAN_POINT('',(29.5,-6.9));
#12877 = VECTOR('',#12878,1.);
#12878 = DIRECTION('',(0.,1.));
#12879 = ( GEOMETRIC_REPRESENTATION_CONTEXT(2) 
PARAMETRIC_REPRESENTATION_CONTEXT() REPRESENTATION_CONTEXT('2D SPACE',''
  ) );
#12880 = PCURVE('',#12881,#12886);
#12881 = PLANE('',#12882);
#12882 = AXIS2_PLACEMENT_3D('',#12883,#12884,#12885);
#12883 = CARTESIAN_POINT('',(-37.4,32.5,45.15));
#12884 = DIRECTION('',(1.367091061102E-17,-1.,6.587878580665E-17));
#12885 = DIRECTION('',(1.,1.367091061102E-17,-1.066145509054E-17));
#12886 = DEFINITIONAL_REPRESENTATION('',(#12887),#12891);
#12887 = LINE('',#12888,#12889);
#12888 = CARTESIAN_POINT('',(0.,0.));
#12889 = VECTOR('',#12890,1.);
#12890 = DIRECTION('',(1.,0.));
#12891 = ( GEOMETRIC_REPRESENTATION_CONTEXT(2) 
PARAMETRIC_REPRESENTATION_CONTEXT() REPRESENTATION_CONTEXT('2D SPACE',''
  ) );
#12892 = ORIENTED_EDGE('',*,*,#12893,.T.);
#12893 = EDGE_CURVE('',#12866,#12894,#12896,.T.);
#12894 = VERTEX_POINT('',#12895);
#12895 = CARTESIAN_POINT('',(-30.5,25.,45.15));
#12896 = SURFACE_CURVE('',#12897,(#12901,#12908),.PCURVE_S1.);
#12897 = LINE('',#12898,#12899);
#12898 = CARTESIAN_POINT('',(-30.5,62.,45.15));
#12899 = VECTOR('',#12900,1.);
#12900 = DIRECTION('',(1.367091061102E-17,-1.,6.587878580665E-17));
#12901 = PCURVE('',#12667,#12902);
#12902 = DEFINITIONAL_REPRESENTATION('',(#12903),#12907);
#12903 = LINE('',#12904,#12905);
#12904 = CARTESIAN_POINT('',(0.,0.));
#12905 = VECTOR('',#12906,1.);
#12906 = DIRECTION('',(1.,0.));
#12907 = ( GEOMETRIC_REPRESENTATION_CONTEXT(2) 
PARAMETRIC_REPRESENTATION_CONTEXT() REPRESENTATION_CONTEXT('2D SPACE',''
  ) );
#12908 = PCURVE('',#12909,#12914);
#12909 = PLANE('',#12910);
#12910 = AXIS2_PLACEMENT_3D('',#12911,#12912,#12913);
#12911 = CARTESIAN_POINT('',(-30.5,62.,45.15));
#12912 = DIRECTION('',(1.,1.367091061102E-17,-1.066145509054E-17));
#12913 = DIRECTION('',(1.367091061102E-17,-1.,6.587878580665E-17));
#12914 = DEFINITIONAL_REPRESENTATION('',(#12915),#12919);
#12915 = LINE('',#12916,#12917);
#12916 = CARTESIAN_POINT('',(0.,0.));
#12917 = VECTOR('',#12918,1.);
#12918 = DIRECTION('',(1.,0.));
#12919 = ( GEOMETRIC_REPRESENTATION_CONTEXT(2) 
PARAMETRIC_REPRESENTATION_CONTEXT() REPRESENTATION_CONTEXT('2D SPACE',''
  ) );
#12920 = ORIENTED_EDGE('',*,*,#12921,.T.);
#12921 = EDGE_CURVE('',#12894,#12922,#12924,.T.);
#12922 = VERTEX_POINT('',#12923);
#12923 = CARTESIAN_POINT('',(10.2,25.,45.15));
#12924 = SURFACE_CURVE('',#12925,(#12929,#12936),.PCURVE_S1.);
#12925 = LINE('',#12926,#12927);
#12926 = CARTESIAN_POINT('',(-30.5,25.,45.15));
#12927 = VECTOR('',#12928,1.);
#12928 = DIRECTION('',(1.,1.367091061102E-17,-1.066145509054E-17));
#12929 = PCURVE('',#12667,#12930);
#12930 = DEFINITIONAL_REPRESENTATION('',(#12931),#12935);
#12931 = LINE('',#12932,#12933);
#12932 = CARTESIAN_POINT('',(37.,0.));
#12933 = VECTOR('',#12934,1.);
#12934 = DIRECTION('',(0.,1.));
#12935 = ( GEOMETRIC_REPRESENTATION_CONTEXT(2) 
PARAMETRIC_REPRESENTATION_CONTEXT() REPRESENTATION_CONTEXT('2D SPACE',''
  ) );
#12936 = PCURVE('',#12937,#12942);
#12937 = PLANE('',#12938);
#12938 = AXIS2_PLACEMENT_3D('',#12939,#12940,#12941);
#12939 = CARTESIAN_POINT('',(-30.5,25.,45.15));
#12940 = DIRECTION('',(1.367091061102E-17,-1.,6.587878580665E-17));
#12941 = DIRECTION('',(1.,1.367091061102E-17,-1.066145509054E-17));
#12942 = DEFINITIONAL_REPRESENTATION('',(#12943),#12947);
#12943 = LINE('',#12944,#12945);
#12944 = CARTESIAN_POINT('',(0.,0.));
#12945 = VECTOR('',#12946,1.);
#12946 = DIRECTION('',(1.,0.));
#12947 = ( GEOMETRIC_REPRESENTATION_CONTEXT(2) 
PARAMETRIC_REPRESENTATION_CONTEXT() REPRESENTATION_CONTEXT('2D SPACE',''
  ) );
#12948 = ORIENTED_EDGE('',*,*,#12949,.F.);
#12949 = EDGE_CURVE('',#12950,#12922,#12952,.T.);
#12950 = VERTEX_POINT('',#12951);
#12951 = CARTESIAN_POINT('',(10.2,32.5,45.15));
#12952 = SURFACE_CURVE('',#12953,(#12957,#12964),.PCURVE_S1.);
#12953 = LINE('',#12954,#12955);
#12954 = CARTESIAN_POINT('',(10.2,62.,45.15));
#12955 = VECTOR('',#12956,1.);
#12956 = DIRECTION('',(1.367091061102E-17,-1.,6.587878580665E-17));
#12957 = PCURVE('',#12667,#12958);
#12958 = DEFINITIONAL_REPRESENTATION('',(#12959),#12963);
#12959 = LINE('',#12960,#12961);
#12960 = CARTESIAN_POINT('',(0.,40.7));
#12961 = VECTOR('',#12962,1.);
#12962 = DIRECTION('',(1.,0.));
#12963 = ( GEOMETRIC_REPRESENTATION_CONTEXT(2) 
PARAMETRIC_REPRESENTATION_CONTEXT() REPRESENTATION_CONTEXT('2D SPACE',''
  ) );
#12964 = PCURVE('',#12965,#12970);
#12965 = PLANE('',#12966);
#12966 = AXIS2_PLACEMENT_3D('',#12967,#12968,#12969);
#12967 = CARTESIAN_POINT('',(10.2,62.,45.15));
#12968 = DIRECTION('',(1.,1.367091061102E-17,-1.066145509054E-17));
#12969 = DIRECTION('',(1.367091061102E-17,-1.,6.587878580665E-17));
#12970 = DEFINITIONAL_REPRESENTATION('',(#12971),#12975);
#12971 = LINE('',#12972,#12973);
#12972 = CARTESIAN_POINT('',(0.,0.));
#12973 = VECTOR('',#12974,1.);
#12974 = DIRECTION('',(1.,0.));
#12975 = ( GEOMETRIC_REPRESENTATION_CONTEXT(2) 
PARAMETRIC_REPRESENTATION_CONTEXT() REPRESENTATION_CONTEXT('2D SPACE',''
  ) );
#12976 = ORIENTED_EDGE('',*,*,#12977,.T.);
#12977 = EDGE_CURVE('',#12950,#12978,#12980,.T.);
#12978 = VERTEX_POINT('',#12979);
#12979 = CARTESIAN_POINT('',(17.1,32.5,45.15));
#12980 = SURFACE_CURVE('',#12981,(#12985,#12992),.PCURVE_S1.);
#12981 = LINE('',#12982,#12983);
#12982 = CARTESIAN_POINT('',(-37.4,32.5,45.15));
#12983 = VECTOR('',#12984,1.);
#12984 = DIRECTION('',(1.,1.367091061102E-17,-1.066145509054E-17));
#12985 = PCURVE('',#12667,#12986);
#12986 = DEFINITIONAL_REPRESENTATION('',(#12987),#12991);
#12987 = LINE('',#12988,#12989);
#12988 = CARTESIAN_POINT('',(29.5,-6.9));
#12989 = VECTOR('',#12990,1.);
#12990 = DIRECTION('',(0.,1.));
#12991 = ( GEOMETRIC_REPRESENTATION_CONTEXT(2) 
PARAMETRIC_REPRESENTATION_CONTEXT() REPRESENTATION_CONTEXT('2D SPACE',''
  ) );
#12992 = PCURVE('',#12993,#12998);
#12993 = PLANE('',#12994);
#12994 = AXIS2_PLACEMENT_3D('',#12995,#12996,#12997);
#12995 = CARTESIAN_POINT('',(-37.4,32.5,45.15));
#12996 = DIRECTION('',(1.367091061102E-17,-1.,6.587878580665E-17));
#12997 = DIRECTION('',(1.,1.367091061102E-17,-1.066145509054E-17));
#12998 = DEFINITIONAL_REPRESENTATION('',(#12999),#13003);
#12999 = LINE('',#13000,#13001);
#13000 = CARTESIAN_POINT('',(0.,0.));
#13001 = VECTOR('',#13002,1.);
#13002 = DIRECTION('',(1.,0.));
#13003 = ( GEOMETRIC_REPRESENTATION_CONTEXT(2) 
PARAMETRIC_REPRESENTATION_CONTEXT() REPRESENTATION_CONTEXT('2D SPACE',''
  ) );
#13004 = ORIENTED_EDGE('',*,*,#13005,.F.);
#13005 = EDGE_CURVE('',#13006,#12978,#13008,.T.);
#13006 = VERTEX_POINT('',#13007);
#13007 = CARTESIAN_POINT('',(17.1,35.,45.15));
#13008 = SURFACE_CURVE('',#13009,(#13013,#13020),.PCURVE_S1.);
#13009 = LINE('',#13010,#13011);
#13010 = CARTESIAN_POINT('',(17.1,35.,45.15));
#13011 = VECTOR('',#13012,1.);
#13012 = DIRECTION('',(1.367091061102E-17,-1.,6.587878580665E-17));
#13013 = PCURVE('',#12667,#13014);
#13014 = DEFINITIONAL_REPRESENTATION('',(#13015),#13019);
#13015 = LINE('',#13016,#13017);
#13016 = CARTESIAN_POINT('',(27.,47.6));
#13017 = VECTOR('',#13018,1.);
#13018 = DIRECTION('',(1.,0.));
#13019 = ( GEOMETRIC_REPRESENTATION_CONTEXT(2) 
PARAMETRIC_REPRESENTATION_CONTEXT() REPRESENTATION_CONTEXT('2D SPACE',''
  ) );
#13020 = PCURVE('',#13021,#13026);
#13021 = PLANE('',#13022);
#13022 = AXIS2_PLACEMENT_3D('',#13023,#13024,#13025);
#13023 = CARTESIAN_POINT('',(17.1,35.,45.15));
#13024 = DIRECTION('',(1.,1.367091061102E-17,-1.066145509054E-17));
#13025 = DIRECTION('',(1.367091061102E-17,-1.,6.587878580665E-17));
#13026 = DEFINITIONAL_REPRESENTATION('',(#13027),#13031);
#13027 = LINE('',#13028,#13029);
#13028 = CARTESIAN_POINT('',(0.,0.));
#13029 = VECTOR('',#13030,1.);
#13030 = DIRECTION('',(1.,0.));
#13031 = ( GEOMETRIC_REPRESENTATION_CONTEXT(2) 
PARAMETRIC_REPRESENTATION_CONTEXT() REPRESENTATION_CONTEXT('2D SPACE',''
  ) );
#13032 = ORIENTED_EDGE('',*,*,#13033,.F.);
#13033 = EDGE_CURVE('',#12765,#13006,#13034,.T.);
#13034 = SURFACE_CURVE('',#13035,(#13039,#13046),.PCURVE_S1.);
#13035 = LINE('',#13036,#13037);
#13036 = CARTESIAN_POINT('',(-37.4,35.,45.15));
#13037 = VECTOR('',#13038,1.);
#13038 = DIRECTION('',(1.,1.367091061102E-17,-1.066145509054E-17));
#13039 = PCURVE('',#12667,#13040);
#13040 = DEFINITIONAL_REPRESENTATION('',(#13041),#13045);
#13041 = LINE('',#13042,#13043);
#13042 = CARTESIAN_POINT('',(27.,-6.9));
#13043 = VECTOR('',#13044,1.);
#13044 = DIRECTION('',(0.,1.));
#13045 = ( GEOMETRIC_REPRESENTATION_CONTEXT(2) 
PARAMETRIC_REPRESENTATION_CONTEXT() REPRESENTATION_CONTEXT('2D SPACE',''
  ) );
#13046 = PCURVE('',#13047,#13052);
#13047 = PLANE('',#13048);
#13048 = AXIS2_PLACEMENT_3D('',#13049,#13050,#13051);
#13049 = CARTESIAN_POINT('',(-37.4,35.,45.15));
#13050 = DIRECTION('',(1.367091061102E-17,-1.,6.587878580665E-17));
#13051 = DIRECTION('',(1.,1.367091061102E-17,-1.066145509054E-17));
#13052 = DEFINITIONAL_REPRESENTATION('',(#13053),#13057);
#13053 = LINE('',#13054,#13055);
#13054 = CARTESIAN_POINT('',(0.,0.));
#13055 = VECTOR('',#13056,1.);
#13056 = DIRECTION('',(1.,0.));
#13057 = ( GEOMETRIC_REPRESENTATION_CONTEXT(2) 
PARAMETRIC_REPRESENTATION_CONTEXT() REPRESENTATION_CONTEXT('2D SPACE',''
  ) );
#13058 = ADVANCED_FACE('',(#13059),#12748,.F.);
#13059 = FACE_BOUND('',#13060,.F.);
#13060 = EDGE_LOOP('',(#13061,#13084,#13105,#13106));
#13061 = ORIENTED_EDGE('',*,*,#13062,.F.);
#13062 = EDGE_CURVE('',#13063,#12708,#13065,.T.);
#13063 = VERTEX_POINT('',#13064);
#13064 = CARTESIAN_POINT('',(-37.4,35.,64.85));
#13065 = SURFACE_CURVE('',#13066,(#13070,#13077),.PCURVE_S1.);
#13066 = LINE('',#13067,#13068);
#13067 = CARTESIAN_POINT('',(-37.4,35.,64.85));
#13068 = VECTOR('',#13069,1.);
#13069 = DIRECTION('',(1.,1.367091061102E-17,-1.066145509054E-17));
#13070 = PCURVE('',#12748,#13071);
#13071 = DEFINITIONAL_REPRESENTATION('',(#13072),#13076);
#13072 = LINE('',#13073,#13074);
#13073 = CARTESIAN_POINT('',(0.,19.7));
#13074 = VECTOR('',#13075,1.);
#13075 = DIRECTION('',(1.,0.));
#13076 = ( GEOMETRIC_REPRESENTATION_CONTEXT(2) 
PARAMETRIC_REPRESENTATION_CONTEXT() REPRESENTATION_CONTEXT('2D SPACE',''
  ) );
#13077 = PCURVE('',#12723,#13078);
#13078 = DEFINITIONAL_REPRESENTATION('',(#13079),#13083);
#13079 = LINE('',#13080,#13081);
#13080 = CARTESIAN_POINT('',(27.,-6.9));
#13081 = VECTOR('',#13082,1.);
#13082 = DIRECTION('',(0.,1.));
#13083 = ( GEOMETRIC_REPRESENTATION_CONTEXT(2) 
PARAMETRIC_REPRESENTATION_CONTEXT() REPRESENTATION_CONTEXT('2D SPACE',''
  ) );
#13084 = ORIENTED_EDGE('',*,*,#13085,.F.);
#13085 = EDGE_CURVE('',#12815,#13063,#13086,.T.);
#13086 = SURFACE_CURVE('',#13087,(#13091,#13098),.PCURVE_S1.);
#13087 = LINE('',#13088,#13089);
#13088 = CARTESIAN_POINT('',(-37.4,35.,45.15));
#13089 = VECTOR('',#13090,1.);
#13090 = DIRECTION('',(1.066145509054E-17,6.587878580665E-17,1.));
#13091 = PCURVE('',#12748,#13092);
#13092 = DEFINITIONAL_REPRESENTATION('',(#13093),#13097);
#13093 = LINE('',#13094,#13095);
#13094 = CARTESIAN_POINT('',(0.,0.));
#13095 = VECTOR('',#13096,1.);
#13096 = DIRECTION('',(0.,1.));
#13097 = ( GEOMETRIC_REPRESENTATION_CONTEXT(2) 
PARAMETRIC_REPRESENTATION_CONTEXT() REPRESENTATION_CONTEXT('2D SPACE',''
  ) );
#13098 = PCURVE('',#12853,#13099);
#13099 = DEFINITIONAL_REPRESENTATION('',(#13100),#13104);
#13100 = LINE('',#13101,#13102);
#13101 = CARTESIAN_POINT('',(0.,0.));
#13102 = VECTOR('',#13103,1.);
#13103 = DIRECTION('',(0.,-1.));
#13104 = ( GEOMETRIC_REPRESENTATION_CONTEXT(2) 
PARAMETRIC_REPRESENTATION_CONTEXT() REPRESENTATION_CONTEXT('2D SPACE',''
  ) );
#13105 = ORIENTED_EDGE('',*,*,#12814,.T.);
#13106 = ORIENTED_EDGE('',*,*,#12735,.F.);
#13107 = ADVANCED_FACE('',(#13108),#12723,.T.);
#13108 = FACE_BOUND('',#13109,.T.);
#13109 = EDGE_LOOP('',(#13110,#13135,#13156,#13157,#13158,#13181,#13204,
    #13227,#13250,#13273,#13296,#13319));
#13110 = ORIENTED_EDGE('',*,*,#13111,.F.);
#13111 = EDGE_CURVE('',#13112,#13114,#13116,.T.);
#13112 = VERTEX_POINT('',#13113);
#13113 = CARTESIAN_POINT('',(10.2,62.,64.85));
#13114 = VERTEX_POINT('',#13115);
#13115 = CARTESIAN_POINT('',(10.2,35.,64.85));
#13116 = SURFACE_CURVE('',#13117,(#13121,#13128),.PCURVE_S1.);
#13117 = LINE('',#13118,#13119);
#13118 = CARTESIAN_POINT('',(10.2,62.,64.85));
#13119 = VECTOR('',#13120,1.);
#13120 = DIRECTION('',(1.367091061102E-17,-1.,6.587878580665E-17));
#13121 = PCURVE('',#12723,#13122);
#13122 = DEFINITIONAL_REPRESENTATION('',(#13123),#13127);
#13123 = LINE('',#13124,#13125);
#13124 = CARTESIAN_POINT('',(0.,40.7));
#13125 = VECTOR('',#13126,1.);
#13126 = DIRECTION('',(1.,0.));
#13127 = ( GEOMETRIC_REPRESENTATION_CONTEXT(2) 
PARAMETRIC_REPRESENTATION_CONTEXT() REPRESENTATION_CONTEXT('2D SPACE',''
  ) );
#13128 = PCURVE('',#12780,#13129);
#13129 = DEFINITIONAL_REPRESENTATION('',(#13130),#13134);
#13130 = LINE('',#13131,#13132);
#13131 = CARTESIAN_POINT('',(0.,-19.7));
#13132 = VECTOR('',#13133,1.);
#13133 = DIRECTION('',(1.,0.));
#13134 = ( GEOMETRIC_REPRESENTATION_CONTEXT(2) 
PARAMETRIC_REPRESENTATION_CONTEXT() REPRESENTATION_CONTEXT('2D SPACE',''
  ) );
#13135 = ORIENTED_EDGE('',*,*,#13136,.F.);
#13136 = EDGE_CURVE('',#12680,#13112,#13137,.T.);
#13137 = SURFACE_CURVE('',#13138,(#13142,#13149),.PCURVE_S1.);
#13138 = LINE('',#13139,#13140);
#13139 = CARTESIAN_POINT('',(-30.5,62.,64.85));
#13140 = VECTOR('',#13141,1.);
#13141 = DIRECTION('',(1.,1.367091061102E-17,-1.066145509054E-17));
#13142 = PCURVE('',#12723,#13143);
#13143 = DEFINITIONAL_REPRESENTATION('',(#13144),#13148);
#13144 = LINE('',#13145,#13146);
#13145 = CARTESIAN_POINT('',(0.,0.));
#13146 = VECTOR('',#13147,1.);
#13147 = DIRECTION('',(0.,1.));
#13148 = ( GEOMETRIC_REPRESENTATION_CONTEXT(2) 
PARAMETRIC_REPRESENTATION_CONTEXT() REPRESENTATION_CONTEXT('2D SPACE',''
  ) );
#13149 = PCURVE('',#12695,#13150);
#13150 = DEFINITIONAL_REPRESENTATION('',(#13151),#13155);
#13151 = LINE('',#13152,#13153);
#13152 = CARTESIAN_POINT('',(0.,19.7));
#13153 = VECTOR('',#13154,1.);
#13154 = DIRECTION('',(1.,0.));
#13155 = ( GEOMETRIC_REPRESENTATION_CONTEXT(2) 
PARAMETRIC_REPRESENTATION_CONTEXT() REPRESENTATION_CONTEXT('2D SPACE',''
  ) );
#13156 = ORIENTED_EDGE('',*,*,#12707,.T.);
#13157 = ORIENTED_EDGE('',*,*,#13062,.F.);
#13158 = ORIENTED_EDGE('',*,*,#13159,.T.);
#13159 = EDGE_CURVE('',#13063,#13160,#13162,.T.);
#13160 = VERTEX_POINT('',#13161);
#13161 = CARTESIAN_POINT('',(-37.4,32.5,64.85));
#13162 = SURFACE_CURVE('',#13163,(#13167,#13174),.PCURVE_S1.);
#13163 = LINE('',#13164,#13165);
#13164 = CARTESIAN_POINT('',(-37.4,35.,64.85));
#13165 = VECTOR('',#13166,1.);
#13166 = DIRECTION('',(1.367091061102E-17,-1.,6.587878580665E-17));
#13167 = PCURVE('',#12723,#13168);
#13168 = DEFINITIONAL_REPRESENTATION('',(#13169),#13173);
#13169 = LINE('',#13170,#13171);
#13170 = CARTESIAN_POINT('',(27.,-6.9));
#13171 = VECTOR('',#13172,1.);
#13172 = DIRECTION('',(1.,0.));
#13173 = ( GEOMETRIC_REPRESENTATION_CONTEXT(2) 
PARAMETRIC_REPRESENTATION_CONTEXT() REPRESENTATION_CONTEXT('2D SPACE',''
  ) );
#13174 = PCURVE('',#12853,#13175);
#13175 = DEFINITIONAL_REPRESENTATION('',(#13176),#13180);
#13176 = LINE('',#13177,#13178);
#13177 = CARTESIAN_POINT('',(0.,-19.7));
#13178 = VECTOR('',#13179,1.);
#13179 = DIRECTION('',(1.,0.));
#13180 = ( GEOMETRIC_REPRESENTATION_CONTEXT(2) 
PARAMETRIC_REPRESENTATION_CONTEXT() REPRESENTATION_CONTEXT('2D SPACE',''
  ) );
#13181 = ORIENTED_EDGE('',*,*,#13182,.T.);
#13182 = EDGE_CURVE('',#13160,#13183,#13185,.T.);
#13183 = VERTEX_POINT('',#13184);
#13184 = CARTESIAN_POINT('',(-30.5,32.5,64.85));
#13185 = SURFACE_CURVE('',#13186,(#13190,#13197),.PCURVE_S1.);
#13186 = LINE('',#13187,#13188);
#13187 = CARTESIAN_POINT('',(-37.4,32.5,64.85));
#13188 = VECTOR('',#13189,1.);
#13189 = DIRECTION('',(1.,1.367091061102E-17,-1.066145509054E-17));
#13190 = PCURVE('',#12723,#13191);
#13191 = DEFINITIONAL_REPRESENTATION('',(#13192),#13196);
#13192 = LINE('',#13193,#13194);
#13193 = CARTESIAN_POINT('',(29.5,-6.9));
#13194 = VECTOR('',#13195,1.);
#13195 = DIRECTION('',(0.,1.));
#13196 = ( GEOMETRIC_REPRESENTATION_CONTEXT(2) 
PARAMETRIC_REPRESENTATION_CONTEXT() REPRESENTATION_CONTEXT('2D SPACE',''
  ) );
#13197 = PCURVE('',#12881,#13198);
#13198 = DEFINITIONAL_REPRESENTATION('',(#13199),#13203);
#13199 = LINE('',#13200,#13201);
#13200 = CARTESIAN_POINT('',(0.,19.7));
#13201 = VECTOR('',#13202,1.);
#13202 = DIRECTION('',(1.,0.));
#13203 = ( GEOMETRIC_REPRESENTATION_CONTEXT(2) 
PARAMETRIC_REPRESENTATION_CONTEXT() REPRESENTATION_CONTEXT('2D SPACE',''
  ) );
#13204 = ORIENTED_EDGE('',*,*,#13205,.T.);
#13205 = EDGE_CURVE('',#13183,#13206,#13208,.T.);
#13206 = VERTEX_POINT('',#13207);
#13207 = CARTESIAN_POINT('',(-30.5,25.,64.85));
#13208 = SURFACE_CURVE('',#13209,(#13213,#13220),.PCURVE_S1.);
#13209 = LINE('',#13210,#13211);
#13210 = CARTESIAN_POINT('',(-30.5,62.,64.85));
#13211 = VECTOR('',#13212,1.);
#13212 = DIRECTION('',(1.367091061102E-17,-1.,6.587878580665E-17));
#13213 = PCURVE('',#12723,#13214);
#13214 = DEFINITIONAL_REPRESENTATION('',(#13215),#13219);
#13215 = LINE('',#13216,#13217);
#13216 = CARTESIAN_POINT('',(0.,0.));
#13217 = VECTOR('',#13218,1.);
#13218 = DIRECTION('',(1.,0.));
#13219 = ( GEOMETRIC_REPRESENTATION_CONTEXT(2) 
PARAMETRIC_REPRESENTATION_CONTEXT() REPRESENTATION_CONTEXT('2D SPACE',''
  ) );
#13220 = PCURVE('',#12909,#13221);
#13221 = DEFINITIONAL_REPRESENTATION('',(#13222),#13226);
#13222 = LINE('',#13223,#13224);
#13223 = CARTESIAN_POINT('',(0.,-19.7));
#13224 = VECTOR('',#13225,1.);
#13225 = DIRECTION('',(1.,0.));
#13226 = ( GEOMETRIC_REPRESENTATION_CONTEXT(2) 
PARAMETRIC_REPRESENTATION_CONTEXT() REPRESENTATION_CONTEXT('2D SPACE',''
  ) );
#13227 = ORIENTED_EDGE('',*,*,#13228,.T.);
#13228 = EDGE_CURVE('',#13206,#13229,#13231,.T.);
#13229 = VERTEX_POINT('',#13230);
#13230 = CARTESIAN_POINT('',(10.2,25.,64.85));
#13231 = SURFACE_CURVE('',#13232,(#13236,#13243),.PCURVE_S1.);
#13232 = LINE('',#13233,#13234);
#13233 = CARTESIAN_POINT('',(-30.5,25.,64.85));
#13234 = VECTOR('',#13235,1.);
#13235 = DIRECTION('',(1.,1.367091061102E-17,-1.066145509054E-17));
#13236 = PCURVE('',#12723,#13237);
#13237 = DEFINITIONAL_REPRESENTATION('',(#13238),#13242);
#13238 = LINE('',#13239,#13240);
#13239 = CARTESIAN_POINT('',(37.,0.));
#13240 = VECTOR('',#13241,1.);
#13241 = DIRECTION('',(0.,1.));
#13242 = ( GEOMETRIC_REPRESENTATION_CONTEXT(2) 
PARAMETRIC_REPRESENTATION_CONTEXT() REPRESENTATION_CONTEXT('2D SPACE',''
  ) );
#13243 = PCURVE('',#12937,#13244);
#13244 = DEFINITIONAL_REPRESENTATION('',(#13245),#13249);
#13245 = LINE('',#13246,#13247);
#13246 = CARTESIAN_POINT('',(0.,19.7));
#13247 = VECTOR('',#13248,1.);
#13248 = DIRECTION('',(1.,0.));
#13249 = ( GEOMETRIC_REPRESENTATION_CONTEXT(2) 
PARAMETRIC_REPRESENTATION_CONTEXT() REPRESENTATION_CONTEXT('2D SPACE',''
  ) );
#13250 = ORIENTED_EDGE('',*,*,#13251,.F.);
#13251 = EDGE_CURVE('',#13252,#13229,#13254,.T.);
#13252 = VERTEX_POINT('',#13253);
#13253 = CARTESIAN_POINT('',(10.2,32.5,64.85));
#13254 = SURFACE_CURVE('',#13255,(#13259,#13266),.PCURVE_S1.);
#13255 = LINE('',#13256,#13257);
#13256 = CARTESIAN_POINT('',(10.2,62.,64.85));
#13257 = VECTOR('',#13258,1.);
#13258 = DIRECTION('',(1.367091061102E-17,-1.,6.587878580665E-17));
#13259 = PCURVE('',#12723,#13260);
#13260 = DEFINITIONAL_REPRESENTATION('',(#13261),#13265);
#13261 = LINE('',#13262,#13263);
#13262 = CARTESIAN_POINT('',(0.,40.7));
#13263 = VECTOR('',#13264,1.);
#13264 = DIRECTION('',(1.,0.));
#13265 = ( GEOMETRIC_REPRESENTATION_CONTEXT(2) 
PARAMETRIC_REPRESENTATION_CONTEXT() REPRESENTATION_CONTEXT('2D SPACE',''
  ) );
#13266 = PCURVE('',#12965,#13267);
#13267 = DEFINITIONAL_REPRESENTATION('',(#13268),#13272);
#13268 = LINE('',#13269,#13270);
#13269 = CARTESIAN_POINT('',(0.,-19.7));
#13270 = VECTOR('',#13271,1.);
#13271 = DIRECTION('',(1.,0.));
#13272 = ( GEOMETRIC_REPRESENTATION_CONTEXT(2) 
PARAMETRIC_REPRESENTATION_CONTEXT() REPRESENTATION_CONTEXT('2D SPACE',''
  ) );
#13273 = ORIENTED_EDGE('',*,*,#13274,.T.);
#13274 = EDGE_CURVE('',#13252,#13275,#13277,.T.);
#13275 = VERTEX_POINT('',#13276);
#13276 = CARTESIAN_POINT('',(17.1,32.5,64.85));
#13277 = SURFACE_CURVE('',#13278,(#13282,#13289),.PCURVE_S1.);
#13278 = LINE('',#13279,#13280);
#13279 = CARTESIAN_POINT('',(-37.4,32.5,64.85));
#13280 = VECTOR('',#13281,1.);
#13281 = DIRECTION('',(1.,1.367091061102E-17,-1.066145509054E-17));
#13282 = PCURVE('',#12723,#13283);
#13283 = DEFINITIONAL_REPRESENTATION('',(#13284),#13288);
#13284 = LINE('',#13285,#13286);
#13285 = CARTESIAN_POINT('',(29.5,-6.9));
#13286 = VECTOR('',#13287,1.);
#13287 = DIRECTION('',(0.,1.));
#13288 = ( GEOMETRIC_REPRESENTATION_CONTEXT(2) 
PARAMETRIC_REPRESENTATION_CONTEXT() REPRESENTATION_CONTEXT('2D SPACE',''
  ) );
#13289 = PCURVE('',#12993,#13290);
#13290 = DEFINITIONAL_REPRESENTATION('',(#13291),#13295);
#13291 = LINE('',#13292,#13293);
#13292 = CARTESIAN_POINT('',(0.,19.7));
#13293 = VECTOR('',#13294,1.);
#13294 = DIRECTION('',(1.,0.));
#13295 = ( GEOMETRIC_REPRESENTATION_CONTEXT(2) 
PARAMETRIC_REPRESENTATION_CONTEXT() REPRESENTATION_CONTEXT('2D SPACE',''
  ) );
#13296 = ORIENTED_EDGE('',*,*,#13297,.F.);
#13297 = EDGE_CURVE('',#13298,#13275,#13300,.T.);
#13298 = VERTEX_POINT('',#13299);
#13299 = CARTESIAN_POINT('',(17.1,35.,64.85));
#13300 = SURFACE_CURVE('',#13301,(#13305,#13312),.PCURVE_S1.);
#13301 = LINE('',#13302,#13303);
#13302 = CARTESIAN_POINT('',(17.1,35.,64.85));
#13303 = VECTOR('',#13304,1.);
#13304 = DIRECTION('',(1.367091061102E-17,-1.,6.587878580665E-17));
#13305 = PCURVE('',#12723,#13306);
#13306 = DEFINITIONAL_REPRESENTATION('',(#13307),#13311);
#13307 = LINE('',#13308,#13309);
#13308 = CARTESIAN_POINT('',(27.,47.6));
#13309 = VECTOR('',#13310,1.);
#13310 = DIRECTION('',(1.,0.));
#13311 = ( GEOMETRIC_REPRESENTATION_CONTEXT(2) 
PARAMETRIC_REPRESENTATION_CONTEXT() REPRESENTATION_CONTEXT('2D SPACE',''
  ) );
#13312 = PCURVE('',#13021,#13313);
#13313 = DEFINITIONAL_REPRESENTATION('',(#13314),#13318);
#13314 = LINE('',#13315,#13316);
#13315 = CARTESIAN_POINT('',(0.,-19.7));
#13316 = VECTOR('',#13317,1.);
#13317 = DIRECTION('',(1.,0.));
#13318 = ( GEOMETRIC_REPRESENTATION_CONTEXT(2) 
PARAMETRIC_REPRESENTATION_CONTEXT() REPRESENTATION_CONTEXT('2D SPACE',''
  ) );
#13319 = ORIENTED_EDGE('',*,*,#13320,.F.);
#13320 = EDGE_CURVE('',#13114,#13298,#13321,.T.);
#13321 = SURFACE_CURVE('',#13322,(#13326,#13333),.PCURVE_S1.);
#13322 = LINE('',#13323,#13324);
#13323 = CARTESIAN_POINT('',(-37.4,35.,64.85));
#13324 = VECTOR('',#13325,1.);
#13325 = DIRECTION('',(1.,1.367091061102E-17,-1.066145509054E-17));
#13326 = PCURVE('',#12723,#13327);
#13327 = DEFINITIONAL_REPRESENTATION('',(#13328),#13332);
#13328 = LINE('',#13329,#13330);
#13329 = CARTESIAN_POINT('',(27.,-6.9));
#13330 = VECTOR('',#13331,1.);
#13331 = DIRECTION('',(0.,1.));
#13332 = ( GEOMETRIC_REPRESENTATION_CONTEXT(2) 
PARAMETRIC_REPRESENTATION_CONTEXT() REPRESENTATION_CONTEXT('2D SPACE',''
  ) );
#13333 = PCURVE('',#13047,#13334);
#13334 = DEFINITIONAL_REPRESENTATION('',(#13335),#13339);
#13335 = LINE('',#13336,#13337);
#13336 = CARTESIAN_POINT('',(0.,19.7));
#13337 = VECTOR('',#13338,1.);
#13338 = DIRECTION('',(1.,0.));
#13339 = ( GEOMETRIC_REPRESENTATION_CONTEXT(2) 
PARAMETRIC_REPRESENTATION_CONTEXT() REPRESENTATION_CONTEXT('2D SPACE',''
  ) );
#13340 = ADVANCED_FACE('',(#13341),#12695,.F.);
#13341 = FACE_BOUND('',#13342,.F.);
#13342 = EDGE_LOOP('',(#13343,#13344,#13345,#13366));
#13343 = ORIENTED_EDGE('',*,*,#12679,.F.);
#13344 = ORIENTED_EDGE('',*,*,#12792,.T.);
#13345 = ORIENTED_EDGE('',*,*,#13346,.T.);
#13346 = EDGE_CURVE('',#12763,#13112,#13347,.T.);
#13347 = SURFACE_CURVE('',#13348,(#13352,#13359),.PCURVE_S1.);
#13348 = LINE('',#13349,#13350);
#13349 = CARTESIAN_POINT('',(10.2,62.,45.15));
#13350 = VECTOR('',#13351,1.);
#13351 = DIRECTION('',(1.066145509054E-17,6.587878580665E-17,1.));
#13352 = PCURVE('',#12695,#13353);
#13353 = DEFINITIONAL_REPRESENTATION('',(#13354),#13358);
#13354 = LINE('',#13355,#13356);
#13355 = CARTESIAN_POINT('',(40.7,0.));
#13356 = VECTOR('',#13357,1.);
#13357 = DIRECTION('',(0.,1.));
#13358 = ( GEOMETRIC_REPRESENTATION_CONTEXT(2) 
PARAMETRIC_REPRESENTATION_CONTEXT() REPRESENTATION_CONTEXT('2D SPACE',''
  ) );
#13359 = PCURVE('',#12780,#13360);
#13360 = DEFINITIONAL_REPRESENTATION('',(#13361),#13365);
#13361 = LINE('',#13362,#13363);
#13362 = CARTESIAN_POINT('',(0.,0.));
#13363 = VECTOR('',#13364,1.);
#13364 = DIRECTION('',(0.,-1.));
#13365 = ( GEOMETRIC_REPRESENTATION_CONTEXT(2) 
PARAMETRIC_REPRESENTATION_CONTEXT() REPRESENTATION_CONTEXT('2D SPACE',''
  ) );
#13366 = ORIENTED_EDGE('',*,*,#13136,.F.);
#13367 = ADVANCED_FACE('',(#13368),#12780,.T.);
#13368 = FACE_BOUND('',#13369,.T.);
#13369 = EDGE_LOOP('',(#13370,#13371,#13372,#13373));
#13370 = ORIENTED_EDGE('',*,*,#12762,.F.);
#13371 = ORIENTED_EDGE('',*,*,#13346,.T.);
#13372 = ORIENTED_EDGE('',*,*,#13111,.T.);
#13373 = ORIENTED_EDGE('',*,*,#13374,.T.);
#13374 = EDGE_CURVE('',#13114,#12765,#13375,.T.);
#13375 = SURFACE_CURVE('',#13376,(#13380,#13386),.PCURVE_S1.);
#13376 = LINE('',#13377,#13378);
#13377 = CARTESIAN_POINT('',(10.2,35.,45.15));
#13378 = VECTOR('',#13379,1.);
#13379 = DIRECTION('',(-1.066145509054E-17,-6.587878580665E-17,-1.));
#13380 = PCURVE('',#12780,#13381);
#13381 = DEFINITIONAL_REPRESENTATION('',(#13382),#13385);
#13382 = B_SPLINE_CURVE_WITH_KNOTS('',1,(#13383,#13384),.UNSPECIFIED.,
  .F.,.F.,(2,2),(-19.7,0.),.PIECEWISE_BEZIER_KNOTS.);
#13383 = CARTESIAN_POINT('',(27.,-19.7));
#13384 = CARTESIAN_POINT('',(27.,0.));
#13385 = ( GEOMETRIC_REPRESENTATION_CONTEXT(2) 
PARAMETRIC_REPRESENTATION_CONTEXT() REPRESENTATION_CONTEXT('2D SPACE',''
  ) );
#13386 = PCURVE('',#13047,#13387);
#13387 = DEFINITIONAL_REPRESENTATION('',(#13388),#13391);
#13388 = B_SPLINE_CURVE_WITH_KNOTS('',1,(#13389,#13390),.UNSPECIFIED.,
  .F.,.F.,(2,2),(-19.7,0.),.PIECEWISE_BEZIER_KNOTS.);
#13389 = CARTESIAN_POINT('',(47.6,19.7));
#13390 = CARTESIAN_POINT('',(47.6,0.));
#13391 = ( GEOMETRIC_REPRESENTATION_CONTEXT(2) 
PARAMETRIC_REPRESENTATION_CONTEXT() REPRESENTATION_CONTEXT('2D SPACE',''
  ) );
#13392 = ADVANCED_FACE('',(#13393),#12853,.F.);
#13393 = FACE_BOUND('',#13394,.F.);
#13394 = EDGE_LOOP('',(#13395,#13396,#13397,#13398));
#13395 = ORIENTED_EDGE('',*,*,#12837,.F.);
#13396 = ORIENTED_EDGE('',*,*,#13085,.T.);
#13397 = ORIENTED_EDGE('',*,*,#13159,.T.);
#13398 = ORIENTED_EDGE('',*,*,#13399,.F.);
#13399 = EDGE_CURVE('',#12838,#13160,#13400,.T.);
#13400 = SURFACE_CURVE('',#13401,(#13405,#13412),.PCURVE_S1.);
#13401 = LINE('',#13402,#13403);
#13402 = CARTESIAN_POINT('',(-37.4,32.5,45.15));
#13403 = VECTOR('',#13404,1.);
#13404 = DIRECTION('',(1.066145509054E-17,6.587878580665E-17,1.));
#13405 = PCURVE('',#12853,#13406);
#13406 = DEFINITIONAL_REPRESENTATION('',(#13407),#13411);
#13407 = LINE('',#13408,#13409);
#13408 = CARTESIAN_POINT('',(2.5,0.));
#13409 = VECTOR('',#13410,1.);
#13410 = DIRECTION('',(0.,-1.));
#13411 = ( GEOMETRIC_REPRESENTATION_CONTEXT(2) 
PARAMETRIC_REPRESENTATION_CONTEXT() REPRESENTATION_CONTEXT('2D SPACE',''
  ) );
#13412 = PCURVE('',#12881,#13413);
#13413 = DEFINITIONAL_REPRESENTATION('',(#13414),#13418);
#13414 = LINE('',#13415,#13416);
#13415 = CARTESIAN_POINT('',(0.,0.));
#13416 = VECTOR('',#13417,1.);
#13417 = DIRECTION('',(0.,1.));
#13418 = ( GEOMETRIC_REPRESENTATION_CONTEXT(2) 
PARAMETRIC_REPRESENTATION_CONTEXT() REPRESENTATION_CONTEXT('2D SPACE',''
  ) );
#13419 = ADVANCED_FACE('',(#13420),#12881,.T.);
#13420 = FACE_BOUND('',#13421,.T.);
#13421 = EDGE_LOOP('',(#13422,#13423,#13424,#13425));
#13422 = ORIENTED_EDGE('',*,*,#13182,.F.);
#13423 = ORIENTED_EDGE('',*,*,#13399,.F.);
#13424 = ORIENTED_EDGE('',*,*,#12865,.T.);
#13425 = ORIENTED_EDGE('',*,*,#13426,.F.);
#13426 = EDGE_CURVE('',#13183,#12866,#13427,.T.);
#13427 = SURFACE_CURVE('',#13428,(#13432,#13438),.PCURVE_S1.);
#13428 = LINE('',#13429,#13430);
#13429 = CARTESIAN_POINT('',(-30.5,32.5,45.15));
#13430 = VECTOR('',#13431,1.);
#13431 = DIRECTION('',(-1.066145509054E-17,-6.587878580665E-17,-1.));
#13432 = PCURVE('',#12881,#13433);
#13433 = DEFINITIONAL_REPRESENTATION('',(#13434),#13437);
#13434 = B_SPLINE_CURVE_WITH_KNOTS('',1,(#13435,#13436),.UNSPECIFIED.,
  .F.,.F.,(2,2),(-19.7,0.),.PIECEWISE_BEZIER_KNOTS.);
#13435 = CARTESIAN_POINT('',(6.9,19.7));
#13436 = CARTESIAN_POINT('',(6.9,0.));
#13437 = ( GEOMETRIC_REPRESENTATION_CONTEXT(2) 
PARAMETRIC_REPRESENTATION_CONTEXT() REPRESENTATION_CONTEXT('2D SPACE',''
  ) );
#13438 = PCURVE('',#12909,#13439);
#13439 = DEFINITIONAL_REPRESENTATION('',(#13440),#13443);
#13440 = B_SPLINE_CURVE_WITH_KNOTS('',1,(#13441,#13442),.UNSPECIFIED.,
  .F.,.F.,(2,2),(-19.7,0.),.PIECEWISE_BEZIER_KNOTS.);
#13441 = CARTESIAN_POINT('',(29.5,-19.7));
#13442 = CARTESIAN_POINT('',(29.5,0.));
#13443 = ( GEOMETRIC_REPRESENTATION_CONTEXT(2) 
PARAMETRIC_REPRESENTATION_CONTEXT() REPRESENTATION_CONTEXT('2D SPACE',''
  ) );
#13444 = ADVANCED_FACE('',(#13445),#12909,.F.);
#13445 = FACE_BOUND('',#13446,.F.);
#13446 = EDGE_LOOP('',(#13447,#13448,#13449,#13450));
#13447 = ORIENTED_EDGE('',*,*,#12893,.F.);
#13448 = ORIENTED_EDGE('',*,*,#13426,.F.);
#13449 = ORIENTED_EDGE('',*,*,#13205,.T.);
#13450 = ORIENTED_EDGE('',*,*,#13451,.F.);
#13451 = EDGE_CURVE('',#12894,#13206,#13452,.T.);
#13452 = SURFACE_CURVE('',#13453,(#13457,#13464),.PCURVE_S1.);
#13453 = LINE('',#13454,#13455);
#13454 = CARTESIAN_POINT('',(-30.5,25.,45.15));
#13455 = VECTOR('',#13456,1.);
#13456 = DIRECTION('',(1.066145509054E-17,6.587878580665E-17,1.));
#13457 = PCURVE('',#12909,#13458);
#13458 = DEFINITIONAL_REPRESENTATION('',(#13459),#13463);
#13459 = LINE('',#13460,#13461);
#13460 = CARTESIAN_POINT('',(37.,0.));
#13461 = VECTOR('',#13462,1.);
#13462 = DIRECTION('',(0.,-1.));
#13463 = ( GEOMETRIC_REPRESENTATION_CONTEXT(2) 
PARAMETRIC_REPRESENTATION_CONTEXT() REPRESENTATION_CONTEXT('2D SPACE',''
  ) );
#13464 = PCURVE('',#12937,#13465);
#13465 = DEFINITIONAL_REPRESENTATION('',(#13466),#13470);
#13466 = LINE('',#13467,#13468);
#13467 = CARTESIAN_POINT('',(0.,0.));
#13468 = VECTOR('',#13469,1.);
#13469 = DIRECTION('',(0.,1.));
#13470 = ( GEOMETRIC_REPRESENTATION_CONTEXT(2) 
PARAMETRIC_REPRESENTATION_CONTEXT() REPRESENTATION_CONTEXT('2D SPACE',''
  ) );
#13471 = ADVANCED_FACE('',(#13472,#13498),#12937,.T.);
#13472 = FACE_BOUND('',#13473,.T.);
#13473 = EDGE_LOOP('',(#13474,#13475,#13476,#13497));
#13474 = ORIENTED_EDGE('',*,*,#13451,.F.);
#13475 = ORIENTED_EDGE('',*,*,#12921,.T.);
#13476 = ORIENTED_EDGE('',*,*,#13477,.T.);
#13477 = EDGE_CURVE('',#12922,#13229,#13478,.T.);
#13478 = SURFACE_CURVE('',#13479,(#13483,#13490),.PCURVE_S1.);
#13479 = LINE('',#13480,#13481);
#13480 = CARTESIAN_POINT('',(10.2,25.,45.15));
#13481 = VECTOR('',#13482,1.);
#13482 = DIRECTION('',(1.066145509054E-17,6.587878580665E-17,1.));
#13483 = PCURVE('',#12937,#13484);
#13484 = DEFINITIONAL_REPRESENTATION('',(#13485),#13489);
#13485 = LINE('',#13486,#13487);
#13486 = CARTESIAN_POINT('',(40.7,0.));
#13487 = VECTOR('',#13488,1.);
#13488 = DIRECTION('',(0.,1.));
#13489 = ( GEOMETRIC_REPRESENTATION_CONTEXT(2) 
PARAMETRIC_REPRESENTATION_CONTEXT() REPRESENTATION_CONTEXT('2D SPACE',''
  ) );
#13490 = PCURVE('',#12965,#13491);
#13491 = DEFINITIONAL_REPRESENTATION('',(#13492),#13496);
#13492 = LINE('',#13493,#13494);
#13493 = CARTESIAN_POINT('',(37.,0.));
#13494 = VECTOR('',#13495,1.);
#13495 = DIRECTION('',(0.,-1.));
#13496 = ( GEOMETRIC_REPRESENTATION_CONTEXT(2) 
PARAMETRIC_REPRESENTATION_CONTEXT() REPRESENTATION_CONTEXT('2D SPACE',''
  ) );
#13497 = ORIENTED_EDGE('',*,*,#13228,.F.);
#13498 = FACE_BOUND('',#13499,.T.);
#13499 = EDGE_LOOP('',(#13500));
#13500 = ORIENTED_EDGE('',*,*,#13501,.F.);
#13501 = EDGE_CURVE('',#13502,#13502,#13504,.T.);
#13502 = VERTEX_POINT('',#13503);
#13503 = CARTESIAN_POINT('',(6.,25.,55.));
#13504 = SURFACE_CURVE('',#13505,(#13510,#13517),.PCURVE_S1.);
#13505 = CIRCLE('',#13506,6.);
#13506 = AXIS2_PLACEMENT_3D('',#13507,#13508,#13509);
#13507 = CARTESIAN_POINT('',(-1.673825009818E-15,25.,55.));
#13508 = DIRECTION('',(1.367091061102E-17,-1.,6.587878580665E-17));
#13509 = DIRECTION('',(1.,1.367091061102E-17,-1.066145509054E-17));
#13510 = PCURVE('',#12937,#13511);
#13511 = DEFINITIONAL_REPRESENTATION('',(#13512),#13516);
#13512 = CIRCLE('',#13513,6.);
#13513 = AXIS2_PLACEMENT_2D('',#13514,#13515);
#13514 = CARTESIAN_POINT('',(30.5,9.85));
#13515 = DIRECTION('',(1.,0.));
#13516 = ( GEOMETRIC_REPRESENTATION_CONTEXT(2) 
PARAMETRIC_REPRESENTATION_CONTEXT() REPRESENTATION_CONTEXT('2D SPACE',''
  ) );
#13517 = PCURVE('',#13518,#13523);
#13518 = CYLINDRICAL_SURFACE('',#13519,6.);
#13519 = AXIS2_PLACEMENT_3D('',#13520,#13521,#13522);
#13520 = CARTESIAN_POINT('',(-1.673825009818E-15,25.,55.));
#13521 = DIRECTION('',(-1.367091061102E-17,1.,-6.587878580665E-17));
#13522 = DIRECTION('',(1.,1.367091061102E-17,-1.066145509054E-17));
#13523 = DEFINITIONAL_REPRESENTATION('',(#13524),#13528);
#13524 = LINE('',#13525,#13526);
#13525 = CARTESIAN_POINT('',(-0.,0.));
#13526 = VECTOR('',#13527,1.);
#13527 = DIRECTION('',(-1.,0.));
#13528 = ( GEOMETRIC_REPRESENTATION_CONTEXT(2) 
PARAMETRIC_REPRESENTATION_CONTEXT() REPRESENTATION_CONTEXT('2D SPACE',''
  ) );
#13529 = ADVANCED_FACE('',(#13530),#12965,.T.);
#13530 = FACE_BOUND('',#13531,.T.);
#13531 = EDGE_LOOP('',(#13532,#13533,#13552,#13553));
#13532 = ORIENTED_EDGE('',*,*,#12949,.F.);
#13533 = ORIENTED_EDGE('',*,*,#13534,.F.);
#13534 = EDGE_CURVE('',#13252,#12950,#13535,.T.);
#13535 = SURFACE_CURVE('',#13536,(#13540,#13546),.PCURVE_S1.);
#13536 = LINE('',#13537,#13538);
#13537 = CARTESIAN_POINT('',(10.2,32.5,45.15));
#13538 = VECTOR('',#13539,1.);
#13539 = DIRECTION('',(-1.066145509054E-17,-6.587878580665E-17,-1.));
#13540 = PCURVE('',#12965,#13541);
#13541 = DEFINITIONAL_REPRESENTATION('',(#13542),#13545);
#13542 = B_SPLINE_CURVE_WITH_KNOTS('',1,(#13543,#13544),.UNSPECIFIED.,
  .F.,.F.,(2,2),(-19.7,0.),.PIECEWISE_BEZIER_KNOTS.);
#13543 = CARTESIAN_POINT('',(29.5,-19.7));
#13544 = CARTESIAN_POINT('',(29.5,0.));
#13545 = ( GEOMETRIC_REPRESENTATION_CONTEXT(2) 
PARAMETRIC_REPRESENTATION_CONTEXT() REPRESENTATION_CONTEXT('2D SPACE',''
  ) );
#13546 = PCURVE('',#12993,#13547);
#13547 = DEFINITIONAL_REPRESENTATION('',(#13548),#13551);
#13548 = B_SPLINE_CURVE_WITH_KNOTS('',1,(#13549,#13550),.UNSPECIFIED.,
  .F.,.F.,(2,2),(-19.7,0.),.PIECEWISE_BEZIER_KNOTS.);
#13549 = CARTESIAN_POINT('',(47.6,19.7));
#13550 = CARTESIAN_POINT('',(47.6,0.));
#13551 = ( GEOMETRIC_REPRESENTATION_CONTEXT(2) 
PARAMETRIC_REPRESENTATION_CONTEXT() REPRESENTATION_CONTEXT('2D SPACE',''
  ) );
#13552 = ORIENTED_EDGE('',*,*,#13251,.T.);
#13553 = ORIENTED_EDGE('',*,*,#13477,.F.);
#13554 = ADVANCED_FACE('',(#13555),#12993,.T.);
#13555 = FACE_BOUND('',#13556,.T.);
#13556 = EDGE_LOOP('',(#13557,#13558,#13559,#13560));
#13557 = ORIENTED_EDGE('',*,*,#13274,.F.);
#13558 = ORIENTED_EDGE('',*,*,#13534,.T.);
#13559 = ORIENTED_EDGE('',*,*,#12977,.T.);
#13560 = ORIENTED_EDGE('',*,*,#13561,.T.);
#13561 = EDGE_CURVE('',#12978,#13275,#13562,.T.);
#13562 = SURFACE_CURVE('',#13563,(#13567,#13574),.PCURVE_S1.);
#13563 = LINE('',#13564,#13565);
#13564 = CARTESIAN_POINT('',(17.1,32.5,45.15));
#13565 = VECTOR('',#13566,1.);
#13566 = DIRECTION('',(1.066145509054E-17,6.587878580665E-17,1.));
#13567 = PCURVE('',#12993,#13568);
#13568 = DEFINITIONAL_REPRESENTATION('',(#13569),#13573);
#13569 = LINE('',#13570,#13571);
#13570 = CARTESIAN_POINT('',(54.5,0.));
#13571 = VECTOR('',#13572,1.);
#13572 = DIRECTION('',(0.,1.));
#13573 = ( GEOMETRIC_REPRESENTATION_CONTEXT(2) 
PARAMETRIC_REPRESENTATION_CONTEXT() REPRESENTATION_CONTEXT('2D SPACE',''
  ) );
#13574 = PCURVE('',#13021,#13575);
#13575 = DEFINITIONAL_REPRESENTATION('',(#13576),#13580);
#13576 = LINE('',#13577,#13578);
#13577 = CARTESIAN_POINT('',(2.5,0.));
#13578 = VECTOR('',#13579,1.);
#13579 = DIRECTION('',(0.,-1.));
#13580 = ( GEOMETRIC_REPRESENTATION_CONTEXT(2) 
PARAMETRIC_REPRESENTATION_CONTEXT() REPRESENTATION_CONTEXT('2D SPACE',''
  ) );
#13581 = ADVANCED_FACE('',(#13582),#13021,.T.);
#13582 = FACE_BOUND('',#13583,.T.);
#13583 = EDGE_LOOP('',(#13584,#13585,#13606,#13607));
#13584 = ORIENTED_EDGE('',*,*,#13005,.F.);
#13585 = ORIENTED_EDGE('',*,*,#13586,.T.);
#13586 = EDGE_CURVE('',#13006,#13298,#13587,.T.);
#13587 = SURFACE_CURVE('',#13588,(#13592,#13599),.PCURVE_S1.);
#13588 = LINE('',#13589,#13590);
#13589 = CARTESIAN_POINT('',(17.1,35.,45.15));
#13590 = VECTOR('',#13591,1.);
#13591 = DIRECTION('',(1.066145509054E-17,6.587878580665E-17,1.));
#13592 = PCURVE('',#13021,#13593);
#13593 = DEFINITIONAL_REPRESENTATION('',(#13594),#13598);
#13594 = LINE('',#13595,#13596);
#13595 = CARTESIAN_POINT('',(0.,0.));
#13596 = VECTOR('',#13597,1.);
#13597 = DIRECTION('',(0.,-1.));
#13598 = ( GEOMETRIC_REPRESENTATION_CONTEXT(2) 
PARAMETRIC_REPRESENTATION_CONTEXT() REPRESENTATION_CONTEXT('2D SPACE',''
  ) );
#13599 = PCURVE('',#13047,#13600);
#13600 = DEFINITIONAL_REPRESENTATION('',(#13601),#13605);
#13601 = LINE('',#13602,#13603);
#13602 = CARTESIAN_POINT('',(54.5,0.));
#13603 = VECTOR('',#13604,1.);
#13604 = DIRECTION('',(0.,1.));
#13605 = ( GEOMETRIC_REPRESENTATION_CONTEXT(2) 
PARAMETRIC_REPRESENTATION_CONTEXT() REPRESENTATION_CONTEXT('2D SPACE',''
  ) );
#13606 = ORIENTED_EDGE('',*,*,#13297,.T.);
#13607 = ORIENTED_EDGE('',*,*,#13561,.F.);
#13608 = ADVANCED_FACE('',(#13609),#13047,.F.);
#13609 = FACE_BOUND('',#13610,.F.);
#13610 = EDGE_LOOP('',(#13611,#13612,#13613,#13614));
#13611 = ORIENTED_EDGE('',*,*,#13320,.F.);
#13612 = ORIENTED_EDGE('',*,*,#13374,.T.);
#13613 = ORIENTED_EDGE('',*,*,#13033,.T.);
#13614 = ORIENTED_EDGE('',*,*,#13586,.T.);
#13615 = ADVANCED_FACE('',(#13616),#13518,.T.);
#13616 = FACE_BOUND('',#13617,.F.);
#13617 = EDGE_LOOP('',(#13618,#13641,#13668,#13669));
#13618 = ORIENTED_EDGE('',*,*,#13619,.T.);
#13619 = EDGE_CURVE('',#13502,#13620,#13622,.T.);
#13620 = VERTEX_POINT('',#13621);
#13621 = CARTESIAN_POINT('',(6.,23.5,55.));
#13622 = SEAM_CURVE('',#13623,(#13627,#13634),.PCURVE_S1.);
#13623 = LINE('',#13624,#13625);
#13624 = CARTESIAN_POINT('',(6.,25.,55.));
#13625 = VECTOR('',#13626,1.);
#13626 = DIRECTION('',(1.367091061102E-17,-1.,6.587878580665E-17));
#13627 = PCURVE('',#13518,#13628);
#13628 = DEFINITIONAL_REPRESENTATION('',(#13629),#13633);
#13629 = LINE('',#13630,#13631);
#13630 = CARTESIAN_POINT('',(-0.,0.));
#13631 = VECTOR('',#13632,1.);
#13632 = DIRECTION('',(-0.,-1.));
#13633 = ( GEOMETRIC_REPRESENTATION_CONTEXT(2) 
PARAMETRIC_REPRESENTATION_CONTEXT() REPRESENTATION_CONTEXT('2D SPACE',''
  ) );
#13634 = PCURVE('',#13518,#13635);
#13635 = DEFINITIONAL_REPRESENTATION('',(#13636),#13640);
#13636 = LINE('',#13637,#13638);
#13637 = CARTESIAN_POINT('',(-6.28318530718,0.));
#13638 = VECTOR('',#13639,1.);
#13639 = DIRECTION('',(-0.,-1.));
#13640 = ( GEOMETRIC_REPRESENTATION_CONTEXT(2) 
PARAMETRIC_REPRESENTATION_CONTEXT() REPRESENTATION_CONTEXT('2D SPACE',''
  ) );
#13641 = ORIENTED_EDGE('',*,*,#13642,.T.);
#13642 = EDGE_CURVE('',#13620,#13620,#13643,.T.);
#13643 = SURFACE_CURVE('',#13644,(#13649,#13656),.PCURVE_S1.);
#13644 = CIRCLE('',#13645,6.);
#13645 = AXIS2_PLACEMENT_3D('',#13646,#13647,#13648);
#13646 = CARTESIAN_POINT('',(-1.653318643901E-15,23.5,55.));
#13647 = DIRECTION('',(1.367091061102E-17,-1.,6.587878580665E-17));
#13648 = DIRECTION('',(1.,1.367091061102E-17,-1.066145509054E-17));
#13649 = PCURVE('',#13518,#13650);
#13650 = DEFINITIONAL_REPRESENTATION('',(#13651),#13655);
#13651 = LINE('',#13652,#13653);
#13652 = CARTESIAN_POINT('',(-0.,-1.5));
#13653 = VECTOR('',#13654,1.);
#13654 = DIRECTION('',(-1.,0.));
#13655 = ( GEOMETRIC_REPRESENTATION_CONTEXT(2) 
PARAMETRIC_REPRESENTATION_CONTEXT() REPRESENTATION_CONTEXT('2D SPACE',''
  ) );
#13656 = PCURVE('',#13657,#13662);
#13657 = PLANE('',#13658);
#13658 = AXIS2_PLACEMENT_3D('',#13659,#13660,#13661);
#13659 = CARTESIAN_POINT('',(-1.995178677036E-15,23.5,55.));
#13660 = DIRECTION('',(1.367091061102E-17,-1.,6.587878580665E-17));
#13661 = DIRECTION('',(1.,1.367091061102E-17,-1.066145509054E-17));
#13662 = DEFINITIONAL_REPRESENTATION('',(#13663),#13667);
#13663 = CIRCLE('',#13664,6.);
#13664 = AXIS2_PLACEMENT_2D('',#13665,#13666);
#13665 = CARTESIAN_POINT('',(3.418600331349E-16,1.70226710729E-17));
#13666 = DIRECTION('',(1.,0.));
#13667 = ( GEOMETRIC_REPRESENTATION_CONTEXT(2) 
PARAMETRIC_REPRESENTATION_CONTEXT() REPRESENTATION_CONTEXT('2D SPACE',''
  ) );
#13668 = ORIENTED_EDGE('',*,*,#13619,.F.);
#13669 = ORIENTED_EDGE('',*,*,#13501,.F.);
#13670 = ADVANCED_FACE('',(#13671,#13674),#13657,.T.);
#13671 = FACE_BOUND('',#13672,.T.);
#13672 = EDGE_LOOP('',(#13673));
#13673 = ORIENTED_EDGE('',*,*,#13642,.T.);
#13674 = FACE_BOUND('',#13675,.T.);
#13675 = EDGE_LOOP('',(#13676));
#13676 = ORIENTED_EDGE('',*,*,#13677,.T.);
#13677 = EDGE_CURVE('',#13678,#13678,#13680,.T.);
#13678 = VERTEX_POINT('',#13679);
#13679 = CARTESIAN_POINT('',(3.,23.5,55.));
#13680 = SURFACE_CURVE('',#13681,(#13686,#13697),.PCURVE_S1.);
#13681 = CIRCLE('',#13682,3.);
#13682 = AXIS2_PLACEMENT_3D('',#13683,#13684,#13685);
#13683 = CARTESIAN_POINT('',(-1.653318643901E-15,23.5,55.));
#13684 = DIRECTION('',(-1.367091061102E-17,1.,-6.587878580665E-17));
#13685 = DIRECTION('',(1.,1.367091061102E-17,-1.066145509054E-17));
#13686 = PCURVE('',#13657,#13687);
#13687 = DEFINITIONAL_REPRESENTATION('',(#13688),#13696);
#13688 = ( BOUNDED_CURVE() B_SPLINE_CURVE(2,(#13689,#13690,#13691,#13692
    ,#13693,#13694,#13695),.UNSPECIFIED.,.T.,.F.) 
B_SPLINE_CURVE_WITH_KNOTS((1,2,2,2,2,1),(-2.094395102393,0.,
    2.094395102393,4.188790204786,6.28318530718,8.377580409573),
.UNSPECIFIED.) CURVE() GEOMETRIC_REPRESENTATION_ITEM() 
RATIONAL_B_SPLINE_CURVE((1.,0.5,1.,0.5,1.,0.5,1.)) REPRESENTATION_ITEM(
  '') );
#13689 = CARTESIAN_POINT('',(3.,1.70226710729E-17));
#13690 = CARTESIAN_POINT('',(3.,-5.196152422707));
#13691 = CARTESIAN_POINT('',(-1.5,-2.598076211353));
#13692 = CARTESIAN_POINT('',(-6.,-7.177654084155E-16));
#13693 = CARTESIAN_POINT('',(-1.5,2.598076211353));
#13694 = CARTESIAN_POINT('',(3.,5.196152422707));
#13695 = CARTESIAN_POINT('',(3.,1.70226710729E-17));
#13696 = ( GEOMETRIC_REPRESENTATION_CONTEXT(2) 
PARAMETRIC_REPRESENTATION_CONTEXT() REPRESENTATION_CONTEXT('2D SPACE',''
  ) );
#13697 = PCURVE('',#13698,#13703);
#13698 = CYLINDRICAL_SURFACE('',#13699,3.);
#13699 = AXIS2_PLACEMENT_3D('',#13700,#13701,#13702);
#13700 = CARTESIAN_POINT('',(-1.673825009818E-15,25.,55.));
#13701 = DIRECTION('',(-1.367091061102E-17,1.,-6.587878580665E-17));
#13702 = DIRECTION('',(1.,1.367091061102E-17,-1.066145509054E-17));
#13703 = DEFINITIONAL_REPRESENTATION('',(#13704),#13708);
#13704 = LINE('',#13705,#13706);
#13705 = CARTESIAN_POINT('',(-6.28318530718,-1.5));
#13706 = VECTOR('',#13707,1.);
#13707 = DIRECTION('',(1.,-0.));
#13708 = ( GEOMETRIC_REPRESENTATION_CONTEXT(2) 
PARAMETRIC_REPRESENTATION_CONTEXT() REPRESENTATION_CONTEXT('2D SPACE',''
  ) );
#13709 = ADVANCED_FACE('',(#13710),#13698,.T.);
#13710 = FACE_BOUND('',#13711,.F.);
#13711 = EDGE_LOOP('',(#13712,#13713,#13736,#13763));
#13712 = ORIENTED_EDGE('',*,*,#13677,.T.);
#13713 = ORIENTED_EDGE('',*,*,#13714,.T.);
#13714 = EDGE_CURVE('',#13678,#13715,#13717,.T.);
#13715 = VERTEX_POINT('',#13716);
#13716 = CARTESIAN_POINT('',(3.,20.5,55.));
#13717 = SEAM_CURVE('',#13718,(#13722,#13729),.PCURVE_S1.);
#13718 = LINE('',#13719,#13720);
#13719 = CARTESIAN_POINT('',(3.,25.,55.));
#13720 = VECTOR('',#13721,1.);
#13721 = DIRECTION('',(1.367091061102E-17,-1.,6.587878580665E-17));
#13722 = PCURVE('',#13698,#13723);
#13723 = DEFINITIONAL_REPRESENTATION('',(#13724),#13728);
#13724 = LINE('',#13725,#13726);
#13725 = CARTESIAN_POINT('',(-6.28318530718,0.));
#13726 = VECTOR('',#13727,1.);
#13727 = DIRECTION('',(-0.,-1.));
#13728 = ( GEOMETRIC_REPRESENTATION_CONTEXT(2) 
PARAMETRIC_REPRESENTATION_CONTEXT() REPRESENTATION_CONTEXT('2D SPACE',''
  ) );
#13729 = PCURVE('',#13698,#13730);
#13730 = DEFINITIONAL_REPRESENTATION('',(#13731),#13735);
#13731 = LINE('',#13732,#13733);
#13732 = CARTESIAN_POINT('',(-0.,0.));
#13733 = VECTOR('',#13734,1.);
#13734 = DIRECTION('',(-0.,-1.));
#13735 = ( GEOMETRIC_REPRESENTATION_CONTEXT(2) 
PARAMETRIC_REPRESENTATION_CONTEXT() REPRESENTATION_CONTEXT('2D SPACE',''
  ) );
#13736 = ORIENTED_EDGE('',*,*,#13737,.T.);
#13737 = EDGE_CURVE('',#13715,#13715,#13738,.T.);
#13738 = SURFACE_CURVE('',#13739,(#13744,#13751),.PCURVE_S1.);
#13739 = CIRCLE('',#13740,3.);
#13740 = AXIS2_PLACEMENT_3D('',#13741,#13742,#13743);
#13741 = CARTESIAN_POINT('',(-1.612305912068E-15,20.5,55.));
#13742 = DIRECTION('',(1.367091061102E-17,-1.,6.587878580665E-17));
#13743 = DIRECTION('',(1.,1.367091061102E-17,-1.066145509054E-17));
#13744 = PCURVE('',#13698,#13745);
#13745 = DEFINITIONAL_REPRESENTATION('',(#13746),#13750);
#13746 = LINE('',#13747,#13748);
#13747 = CARTESIAN_POINT('',(-0.,-4.5));
#13748 = VECTOR('',#13749,1.);
#13749 = DIRECTION('',(-1.,0.));
#13750 = ( GEOMETRIC_REPRESENTATION_CONTEXT(2) 
PARAMETRIC_REPRESENTATION_CONTEXT() REPRESENTATION_CONTEXT('2D SPACE',''
  ) );
#13751 = PCURVE('',#13752,#13757);
#13752 = PLANE('',#13753);
#13753 = AXIS2_PLACEMENT_3D('',#13754,#13755,#13756);
#13754 = CARTESIAN_POINT('',(-1.783235928635E-15,20.5,55.));
#13755 = DIRECTION('',(1.367091061102E-17,-1.,6.587878580665E-17));
#13756 = DIRECTION('',(1.,1.367091061102E-17,-1.066145509054E-17));
#13757 = DEFINITIONAL_REPRESENTATION('',(#13758),#13762);
#13758 = CIRCLE('',#13759,3.);
#13759 = AXIS2_PLACEMENT_2D('',#13760,#13761);
#13760 = CARTESIAN_POINT('',(1.709300165674E-16,8.51133553645E-18));
#13761 = DIRECTION('',(1.,0.));
#13762 = ( GEOMETRIC_REPRESENTATION_CONTEXT(2) 
PARAMETRIC_REPRESENTATION_CONTEXT() REPRESENTATION_CONTEXT('2D SPACE',''
  ) );
#13763 = ORIENTED_EDGE('',*,*,#13714,.F.);
#13764 = ADVANCED_FACE('',(#13765),#13752,.T.);
#13765 = FACE_BOUND('',#13766,.T.);
#13766 = EDGE_LOOP('',(#13767));
#13767 = ORIENTED_EDGE('',*,*,#13737,.T.);
#13768 = ( GEOMETRIC_REPRESENTATION_CONTEXT(3) 
GLOBAL_UNCERTAINTY_ASSIGNED_CONTEXT((#13772)) 
GLOBAL_UNIT_ASSIGNED_CONTEXT((#13769,#13770,#13771)) 
REPRESENTATION_CONTEXT('Context #1',
  '3D Context with UNIT and UNCERTAINTY') );
#13769 = ( LENGTH_UNIT() NAMED_UNIT(*) SI_UNIT(.MILLI.,.METRE.) );
#13770 = ( NAMED_UNIT(*) PLANE_ANGLE_UNIT() SI_UNIT($,.RADIAN.) );
#13771 = ( NAMED_UNIT(*) SI_UNIT($,.STERADIAN.) SOLID_ANGLE_UNIT() );
#13772 = UNCERTAINTY_MEASURE_WITH_UNIT(LENGTH_MEASURE(1.E-07),#13769,
  'distance_accuracy_value','confusion accuracy');
#13773 = CONTEXT_DEPENDENT_SHAPE_REPRESENTATION(#13774,#13776);
#13774 = ( REPRESENTATION_RELATIONSHIP('','',#12637,#10) 
REPRESENTATION_RELATIONSHIP_WITH_TRANSFORMATION(#13775) 
SHAPE_REPRESENTATION_RELATIONSHIP() );
#13775 = ITEM_DEFINED_TRANSFORMATION('','',#11,#43);
#13776 = PRODUCT_DEFINITION_SHAPE('Placement','Placement of an item',
  #13777);
#13777 = NEXT_ASSEMBLY_USAGE_OCCURRENCE('18','MG996R_plecho','',#5,
  #12632,$);
#13778 = PRODUCT_RELATED_PRODUCT_CATEGORY('part',$,(#12634));
#13779 = SHAPE_DEFINITION_REPRESENTATION(#13780,#13786);
#13780 = PRODUCT_DEFINITION_SHAPE('','',#13781);
#13781 = PRODUCT_DEFINITION('design','',#13782,#13785);
#13782 = PRODUCT_DEFINITION_FORMATION('','',#13783);
#13783 = PRODUCT('os_M4_plecho','os_M4_plecho','',(#13784));
#13784 = PRODUCT_CONTEXT('',#2,'mechanical');
#13785 = PRODUCT_DEFINITION_CONTEXT('part definition',#2,'design');
#13786 = ADVANCED_BREP_SHAPE_REPRESENTATION('',(#11,#13787),#13977);
#13787 = MANIFOLD_SOLID_BREP('',#13788);
#13788 = CLOSED_SHELL('',(#13789,#13877,#13916,#13950));
#13789 = ADVANCED_FACE('',(#13790),#13804,.T.);
#13790 = FACE_BOUND('',#13791,.F.);
#13791 = EDGE_LOOP('',(#13792,#13822,#13849,#13850));
#13792 = ORIENTED_EDGE('',*,*,#13793,.T.);
#13793 = EDGE_CURVE('',#13794,#13796,#13798,.T.);
#13794 = VERTEX_POINT('',#13795);
#13795 = CARTESIAN_POINT('',(2.,-42.,55.));
#13796 = VERTEX_POINT('',#13797);
#13797 = CARTESIAN_POINT('',(2.,-32.,55.));
#13798 = SEAM_CURVE('',#13799,(#13803,#13815),.PCURVE_S1.);
#13799 = LINE('',#13800,#13801);
#13800 = CARTESIAN_POINT('',(2.,-42.,55.));
#13801 = VECTOR('',#13802,1.);
#13802 = DIRECTION('',(0.,1.,0.));
#13803 = PCURVE('',#13804,#13809);
#13804 = CYLINDRICAL_SURFACE('',#13805,2.);
#13805 = AXIS2_PLACEMENT_3D('',#13806,#13807,#13808);
#13806 = CARTESIAN_POINT('',(0.,-42.,55.));
#13807 = DIRECTION('',(-0.,-1.,0.));
#13808 = DIRECTION('',(1.,0.,0.));
#13809 = DEFINITIONAL_REPRESENTATION('',(#13810),#13814);
#13810 = LINE('',#13811,#13812);
#13811 = CARTESIAN_POINT('',(-0.,0.));
#13812 = VECTOR('',#13813,1.);
#13813 = DIRECTION('',(-0.,-1.));
#13814 = ( GEOMETRIC_REPRESENTATION_CONTEXT(2) 
PARAMETRIC_REPRESENTATION_CONTEXT() REPRESENTATION_CONTEXT('2D SPACE',''
  ) );
#13815 = PCURVE('',#13804,#13816);
#13816 = DEFINITIONAL_REPRESENTATION('',(#13817),#13821);
#13817 = LINE('',#13818,#13819);
#13818 = CARTESIAN_POINT('',(-6.28318530718,0.));
#13819 = VECTOR('',#13820,1.);
#13820 = DIRECTION('',(-0.,-1.));
#13821 = ( GEOMETRIC_REPRESENTATION_CONTEXT(2) 
PARAMETRIC_REPRESENTATION_CONTEXT() REPRESENTATION_CONTEXT('2D SPACE',''
  ) );
#13822 = ORIENTED_EDGE('',*,*,#13823,.T.);
#13823 = EDGE_CURVE('',#13796,#13796,#13824,.T.);
#13824 = SURFACE_CURVE('',#13825,(#13830,#13837),.PCURVE_S1.);
#13825 = CIRCLE('',#13826,2.);
#13826 = AXIS2_PLACEMENT_3D('',#13827,#13828,#13829);
#13827 = CARTESIAN_POINT('',(0.,-32.,55.));
#13828 = DIRECTION('',(-0.,1.,0.));
#13829 = DIRECTION('',(1.,0.,0.));
#13830 = PCURVE('',#13804,#13831);
#13831 = DEFINITIONAL_REPRESENTATION('',(#13832),#13836);
#13832 = LINE('',#13833,#13834);
#13833 = CARTESIAN_POINT('',(-0.,-10.));
#13834 = VECTOR('',#13835,1.);
#13835 = DIRECTION('',(-1.,0.));
#13836 = ( GEOMETRIC_REPRESENTATION_CONTEXT(2) 
PARAMETRIC_REPRESENTATION_CONTEXT() REPRESENTATION_CONTEXT('2D SPACE',''
  ) );
#13837 = PCURVE('',#13838,#13843);
#13838 = PLANE('',#13839);
#13839 = AXIS2_PLACEMENT_3D('',#13840,#13841,#13842);
#13840 = CARTESIAN_POINT('',(-1.281975124256E-16,-32.,55.));
#13841 = DIRECTION('',(0.,1.,0.));
#13842 = DIRECTION('',(1.,0.,0.));
#13843 = DEFINITIONAL_REPRESENTATION('',(#13844),#13848);
#13844 = CIRCLE('',#13845,2.);
#13845 = AXIS2_PLACEMENT_2D('',#13846,#13847);
#13846 = CARTESIAN_POINT('',(1.281975124256E-16,-1.74751904908E-16));
#13847 = DIRECTION('',(1.,0.));
#13848 = ( GEOMETRIC_REPRESENTATION_CONTEXT(2) 
PARAMETRIC_REPRESENTATION_CONTEXT() REPRESENTATION_CONTEXT('2D SPACE',''
  ) );
#13849 = ORIENTED_EDGE('',*,*,#13793,.F.);
#13850 = ORIENTED_EDGE('',*,*,#13851,.F.);
#13851 = EDGE_CURVE('',#13794,#13794,#13852,.T.);
#13852 = SURFACE_CURVE('',#13853,(#13858,#13865),.PCURVE_S1.);
#13853 = CIRCLE('',#13854,2.);
#13854 = AXIS2_PLACEMENT_3D('',#13855,#13856,#13857);
#13855 = CARTESIAN_POINT('',(0.,-42.,55.));
#13856 = DIRECTION('',(-0.,1.,0.));
#13857 = DIRECTION('',(1.,0.,0.));
#13858 = PCURVE('',#13804,#13859);
#13859 = DEFINITIONAL_REPRESENTATION('',(#13860),#13864);
#13860 = LINE('',#13861,#13862);
#13861 = CARTESIAN_POINT('',(-0.,0.));
#13862 = VECTOR('',#13863,1.);
#13863 = DIRECTION('',(-1.,0.));
#13864 = ( GEOMETRIC_REPRESENTATION_CONTEXT(2) 
PARAMETRIC_REPRESENTATION_CONTEXT() REPRESENTATION_CONTEXT('2D SPACE',''
  ) );
#13865 = PCURVE('',#13866,#13871);
#13866 = PLANE('',#13867);
#13867 = AXIS2_PLACEMENT_3D('',#13868,#13869,#13870);
#13868 = CARTESIAN_POINT('',(-1.281975124256E-16,-42.,55.));
#13869 = DIRECTION('',(0.,1.,0.));
#13870 = DIRECTION('',(1.,0.,0.));
#13871 = DEFINITIONAL_REPRESENTATION('',(#13872),#13876);
#13872 = CIRCLE('',#13873,2.);
#13873 = AXIS2_PLACEMENT_2D('',#13874,#13875);
#13874 = CARTESIAN_POINT('',(1.281975124256E-16,-1.74751904908E-16));
#13875 = DIRECTION('',(1.,0.));
#13876 = ( GEOMETRIC_REPRESENTATION_CONTEXT(2) 
PARAMETRIC_REPRESENTATION_CONTEXT() REPRESENTATION_CONTEXT('2D SPACE',''
  ) );
#13877 = ADVANCED_FACE('',(#13878,#13881),#13866,.F.);
#13878 = FACE_BOUND('',#13879,.F.);
#13879 = EDGE_LOOP('',(#13880));
#13880 = ORIENTED_EDGE('',*,*,#13851,.T.);
#13881 = FACE_BOUND('',#13882,.F.);
#13882 = EDGE_LOOP('',(#13883));
#13883 = ORIENTED_EDGE('',*,*,#13884,.T.);
#13884 = EDGE_CURVE('',#13885,#13885,#13887,.T.);
#13885 = VERTEX_POINT('',#13886);
#13886 = CARTESIAN_POINT('',(1.E-02,-42.,55.));
#13887 = SURFACE_CURVE('',#13888,(#13893,#13904),.PCURVE_S1.);
#13888 = CIRCLE('',#13889,1.E-02);
#13889 = AXIS2_PLACEMENT_3D('',#13890,#13891,#13892);
#13890 = CARTESIAN_POINT('',(0.,-42.,55.));
#13891 = DIRECTION('',(0.,-1.,0.));
#13892 = DIRECTION('',(1.,0.,0.));
#13893 = PCURVE('',#13866,#13894);
#13894 = DEFINITIONAL_REPRESENTATION('',(#13895),#13903);
#13895 = ( BOUNDED_CURVE() B_SPLINE_CURVE(2,(#13896,#13897,#13898,#13899
    ,#13900,#13901,#13902),.UNSPECIFIED.,.T.,.F.) 
B_SPLINE_CURVE_WITH_KNOTS((1,2,2,2,2,1),(-2.094395102393,0.,
    2.094395102393,4.188790204786,6.28318530718,8.377580409573),
.UNSPECIFIED.) CURVE() GEOMETRIC_REPRESENTATION_ITEM() 
RATIONAL_B_SPLINE_CURVE((1.,0.5,1.,0.5,1.,0.5,1.)) REPRESENTATION_ITEM(
  '') );
#13896 = CARTESIAN_POINT('',(1.E-02,-1.74751904908E-16));
#13897 = CARTESIAN_POINT('',(1.E-02,-1.732050807569E-02));
#13898 = CARTESIAN_POINT('',(-5.E-03,-8.660254037845E-03));
#13899 = CARTESIAN_POINT('',(-2.E-02,-1.772011985063E-16));
#13900 = CARTESIAN_POINT('',(-5.E-03,8.660254037844E-03));
#13901 = CARTESIAN_POINT('',(1.E-02,1.732050807569E-02));
#13902 = CARTESIAN_POINT('',(1.E-02,-1.74751904908E-16));
#13903 = ( GEOMETRIC_REPRESENTATION_CONTEXT(2) 
PARAMETRIC_REPRESENTATION_CONTEXT() REPRESENTATION_CONTEXT('2D SPACE',''
  ) );
#13904 = PCURVE('',#13905,#13910);
#13905 = CYLINDRICAL_SURFACE('',#13906,1.E-02);
#13906 = AXIS2_PLACEMENT_3D('',#13907,#13908,#13909);
#13907 = CARTESIAN_POINT('',(0.,-43.,55.));
#13908 = DIRECTION('',(-0.,-1.,0.));
#13909 = DIRECTION('',(1.,0.,0.));
#13910 = DEFINITIONAL_REPRESENTATION('',(#13911),#13915);
#13911 = LINE('',#13912,#13913);
#13912 = CARTESIAN_POINT('',(-6.28318530718,-1.));
#13913 = VECTOR('',#13914,1.);
#13914 = DIRECTION('',(1.,-0.));
#13915 = ( GEOMETRIC_REPRESENTATION_CONTEXT(2) 
PARAMETRIC_REPRESENTATION_CONTEXT() REPRESENTATION_CONTEXT('2D SPACE',''
  ) );
#13916 = ADVANCED_FACE('',(#13917,#13920),#13838,.T.);
#13917 = FACE_BOUND('',#13918,.T.);
#13918 = EDGE_LOOP('',(#13919));
#13919 = ORIENTED_EDGE('',*,*,#13823,.T.);
#13920 = FACE_BOUND('',#13921,.T.);
#13921 = EDGE_LOOP('',(#13922));
#13922 = ORIENTED_EDGE('',*,*,#13923,.T.);
#13923 = EDGE_CURVE('',#13924,#13924,#13926,.T.);
#13924 = VERTEX_POINT('',#13925);
#13925 = CARTESIAN_POINT('',(1.E-02,-32.,55.));
#13926 = SURFACE_CURVE('',#13927,(#13932,#13943),.PCURVE_S1.);
#13927 = CIRCLE('',#13928,1.E-02);
#13928 = AXIS2_PLACEMENT_3D('',#13929,#13930,#13931);
#13929 = CARTESIAN_POINT('',(0.,-32.,55.));
#13930 = DIRECTION('',(0.,-1.,0.));
#13931 = DIRECTION('',(1.,0.,0.));
#13932 = PCURVE('',#13838,#13933);
#13933 = DEFINITIONAL_REPRESENTATION('',(#13934),#13942);
#13934 = ( BOUNDED_CURVE() B_SPLINE_CURVE(2,(#13935,#13936,#13937,#13938
    ,#13939,#13940,#13941),.UNSPECIFIED.,.T.,.F.) 
B_SPLINE_CURVE_WITH_KNOTS((1,2,2,2,2,1),(-2.094395102393,0.,
    2.094395102393,4.188790204786,6.28318530718,8.377580409573),
.UNSPECIFIED.) CURVE() GEOMETRIC_REPRESENTATION_ITEM() 
RATIONAL_B_SPLINE_CURVE((1.,0.5,1.,0.5,1.,0.5,1.)) REPRESENTATION_ITEM(
  '') );
#13935 = CARTESIAN_POINT('',(1.E-02,-1.74751904908E-16));
#13936 = CARTESIAN_POINT('',(1.E-02,-1.732050807569E-02));
#13937 = CARTESIAN_POINT('',(-5.E-03,-8.660254037845E-03));
#13938 = CARTESIAN_POINT('',(-2.E-02,-1.772011985063E-16));
#13939 = CARTESIAN_POINT('',(-5.E-03,8.660254037844E-03));
#13940 = CARTESIAN_POINT('',(1.E-02,1.732050807569E-02));
#13941 = CARTESIAN_POINT('',(1.E-02,-1.74751904908E-16));
#13942 = ( GEOMETRIC_REPRESENTATION_CONTEXT(2) 
PARAMETRIC_REPRESENTATION_CONTEXT() REPRESENTATION_CONTEXT('2D SPACE',''
  ) );
#13943 = PCURVE('',#13905,#13944);
#13944 = DEFINITIONAL_REPRESENTATION('',(#13945),#13949);
#13945 = LINE('',#13946,#13947);
#13946 = CARTESIAN_POINT('',(-6.28318530718,-11.));
#13947 = VECTOR('',#13948,1.);
#13948 = DIRECTION('',(1.,-0.));
#13949 = ( GEOMETRIC_REPRESENTATION_CONTEXT(2) 
PARAMETRIC_REPRESENTATION_CONTEXT() REPRESENTATION_CONTEXT('2D SPACE',''
  ) );
#13950 = ADVANCED_FACE('',(#13951),#13905,.F.);
#13951 = FACE_BOUND('',#13952,.T.);
#13952 = EDGE_LOOP('',(#13953,#13954,#13975,#13976));
#13953 = ORIENTED_EDGE('',*,*,#13884,.T.);
#13954 = ORIENTED_EDGE('',*,*,#13955,.T.);
#13955 = EDGE_CURVE('',#13885,#13924,#13956,.T.);
#13956 = SEAM_CURVE('',#13957,(#13961,#13968),.PCURVE_S1.);
#13957 = LINE('',#13958,#13959);
#13958 = CARTESIAN_POINT('',(1.E-02,-43.,55.));
#13959 = VECTOR('',#13960,1.);
#13960 = DIRECTION('',(0.,1.,0.));
#13961 = PCURVE('',#13905,#13962);
#13962 = DEFINITIONAL_REPRESENTATION('',(#13963),#13967);
#13963 = LINE('',#13964,#13965);
#13964 = CARTESIAN_POINT('',(-6.28318530718,0.));
#13965 = VECTOR('',#13966,1.);
#13966 = DIRECTION('',(-0.,-1.));
#13967 = ( GEOMETRIC_REPRESENTATION_CONTEXT(2) 
PARAMETRIC_REPRESENTATION_CONTEXT() REPRESENTATION_CONTEXT('2D SPACE',''
  ) );
#13968 = PCURVE('',#13905,#13969);
#13969 = DEFINITIONAL_REPRESENTATION('',(#13970),#13974);
#13970 = LINE('',#13971,#13972);
#13971 = CARTESIAN_POINT('',(-0.,0.));
#13972 = VECTOR('',#13973,1.);
#13973 = DIRECTION('',(-0.,-1.));
#13974 = ( GEOMETRIC_REPRESENTATION_CONTEXT(2) 
PARAMETRIC_REPRESENTATION_CONTEXT() REPRESENTATION_CONTEXT('2D SPACE',''
  ) );
#13975 = ORIENTED_EDGE('',*,*,#13923,.F.);
#13976 = ORIENTED_EDGE('',*,*,#13955,.F.);
#13977 = ( GEOMETRIC_REPRESENTATION_CONTEXT(3) 
GLOBAL_UNCERTAINTY_ASSIGNED_CONTEXT((#13981)) 
GLOBAL_UNIT_ASSIGNED_CONTEXT((#13978,#13979,#13980)) 
REPRESENTATION_CONTEXT('Context #1',
  '3D Context with UNIT and UNCERTAINTY') );
#13978 = ( LENGTH_UNIT() NAMED_UNIT(*) SI_UNIT(.MILLI.,.METRE.) );
#13979 = ( NAMED_UNIT(*) PLANE_ANGLE_UNIT() SI_UNIT($,.RADIAN.) );
#13980 = ( NAMED_UNIT(*) SI_UNIT($,.STERADIAN.) SOLID_ANGLE_UNIT() );
#13981 = UNCERTAINTY_MEASURE_WITH_UNIT(LENGTH_MEASURE(1.E-07),#13978,
  'distance_accuracy_value','confusion accuracy');
#13982 = CONTEXT_DEPENDENT_SHAPE_REPRESENTATION(#13983,#13985);
#13983 = ( REPRESENTATION_RELATIONSHIP('','',#13786,#10) 
REPRESENTATION_RELATIONSHIP_WITH_TRANSFORMATION(#13984) 
SHAPE_REPRESENTATION_RELATIONSHIP() );
#13984 = ITEM_DEFINED_TRANSFORMATION('','',#11,#47);
#13985 = PRODUCT_DEFINITION_SHAPE('Placement','Placement of an item',
  #13986);
#13986 = NEXT_ASSEMBLY_USAGE_OCCURRENCE('19','os_M4_plecho','',#5,#13781
  ,$);
#13987 = PRODUCT_RELATED_PRODUCT_CATEGORY('part',$,(#13783));
#13988 = MECHANICAL_DESIGN_GEOMETRIC_PRESENTATION_REPRESENTATION('',(
    #13989),#832);
#13989 = STYLED_ITEM('color',(#13990),#274);
#13990 = PRESENTATION_STYLE_ASSIGNMENT((#13991));
#13991 = SURFACE_STYLE_USAGE(.BOTH.,#13992);
#13992 = SURFACE_SIDE_STYLE('',(#13993,#13997));
#13993 = SURFACE_STYLE_FILL_AREA(#13994);
#13994 = FILL_AREA_STYLE('',(#13995));
#13995 = FILL_AREA_STYLE_COLOUR('',#13996);
#13996 = COLOUR_RGB('',0.120000001395,0.420000006308,0.920000012397);
#13997 = SURFACE_STYLE_RENDERING_WITH_PROPERTIES(.NORMAL_SHADING.,#13996
  ,(#13998));
#13998 = SURFACE_STYLE_TRANSPARENT(0.199999988079);
#13999 = MECHANICAL_DESIGN_GEOMETRIC_PRESENTATION_REPRESENTATION('',(
    #14000),#12619);
#14000 = STYLED_ITEM('color',(#14001),#9577);
#14001 = PRESENTATION_STYLE_ASSIGNMENT((#14002));
#14002 = SURFACE_STYLE_USAGE(.BOTH.,#14003);
#14003 = SURFACE_SIDE_STYLE('',(#14004,#14007));
#14004 = SURFACE_STYLE_FILL_AREA(#14005);
#14005 = FILL_AREA_STYLE('',(#14006));
#14006 = FILL_AREA_STYLE_COLOUR('',#13996);
#14007 = SURFACE_STYLE_RENDERING_WITH_PROPERTIES(.NORMAL_SHADING.,#13996
  ,(#14008));
#14008 = SURFACE_STYLE_TRANSPARENT(0.199999988079);
#14009 = MECHANICAL_DESIGN_GEOMETRIC_PRESENTATION_REPRESENTATION('',(
    #14010),#9558);
#14010 = STYLED_ITEM('color',(#14011),#6756);
#14011 = PRESENTATION_STYLE_ASSIGNMENT((#14012));
#14012 = SURFACE_STYLE_USAGE(.BOTH.,#14013);
#14013 = SURFACE_SIDE_STYLE('',(#14014,#14017));
#14014 = SURFACE_STYLE_FILL_AREA(#14015);
#14015 = FILL_AREA_STYLE('',(#14016));
#14016 = FILL_AREA_STYLE_COLOUR('',#13996);
#14017 = SURFACE_STYLE_RENDERING_WITH_PROPERTIES(.NORMAL_SHADING.,#13996
  ,(#14018));
#14018 = SURFACE_STYLE_TRANSPARENT(0.199999988079);
#14019 = MECHANICAL_DESIGN_GEOMETRIC_PRESENTATION_REPRESENTATION('',(
    #14020),#3461);
#14020 = STYLED_ITEM('color',(#14021),#851);
#14021 = PRESENTATION_STYLE_ASSIGNMENT((#14022));
#14022 = SURFACE_STYLE_USAGE(.BOTH.,#14023);
#14023 = SURFACE_SIDE_STYLE('',(#14024,#14027));
#14024 = SURFACE_STYLE_FILL_AREA(#14025);
#14025 = FILL_AREA_STYLE('',(#14026));
#14026 = FILL_AREA_STYLE_COLOUR('',#13996);
#14027 = SURFACE_STYLE_RENDERING_WITH_PROPERTIES(.NORMAL_SHADING.,#13996
  ,(#14028));
#14028 = SURFACE_STYLE_TRANSPARENT(0.199999988079);
#14029 = MECHANICAL_DESIGN_GEOMETRIC_PRESENTATION_REPRESENTATION('',(
    #14030),#3668);
#14030 = STYLED_ITEM('color',(#14031),#3480);
#14031 = PRESENTATION_STYLE_ASSIGNMENT((#14032));
#14032 = SURFACE_STYLE_USAGE(.BOTH.,#14033);
#14033 = SURFACE_SIDE_STYLE('',(#14034));
#14034 = SURFACE_STYLE_FILL_AREA(#14035);
#14035 = FILL_AREA_STYLE('',(#14036));
#14036 = FILL_AREA_STYLE_COLOUR('',#14037);
#14037 = COLOUR_RGB('',0.850000012718,0.700000005816,0.250000000672);
#14038 = MECHANICAL_DESIGN_GEOMETRIC_PRESENTATION_REPRESENTATION('',(
    #14039),#6737);
#14039 = STYLED_ITEM('color',(#14040),#3687);
#14040 = PRESENTATION_STYLE_ASSIGNMENT((#14041));
#14041 = SURFACE_STYLE_USAGE(.BOTH.,#14042);
#14042 = SURFACE_SIDE_STYLE('',(#14043,#14046));
#14043 = SURFACE_STYLE_FILL_AREA(#14044);
#14044 = FILL_AREA_STYLE('',(#14045));
#14045 = FILL_AREA_STYLE_COLOUR('',#13996);
#14046 = SURFACE_STYLE_RENDERING_WITH_PROPERTIES(.NORMAL_SHADING.,#13996
  ,(#14047));
#14047 = SURFACE_STYLE_TRANSPARENT(0.199999988079);
#14048 = MECHANICAL_DESIGN_GEOMETRIC_PRESENTATION_REPRESENTATION('',(
    #14049),#13977);
#14049 = STYLED_ITEM('color',(#14050),#13787);
#14050 = PRESENTATION_STYLE_ASSIGNMENT((#14051));
#14051 = SURFACE_STYLE_USAGE(.BOTH.,#14052);
#14052 = SURFACE_SIDE_STYLE('',(#14053));
#14053 = SURFACE_STYLE_FILL_AREA(#14054);
#14054 = FILL_AREA_STYLE('',(#14055));
#14055 = FILL_AREA_STYLE_COLOUR('',#14056);
#14056 = COLOUR_RGB('',0.55000000909,0.56000001326,0.599999994755);
#14057 = MECHANICAL_DESIGN_GEOMETRIC_PRESENTATION_REPRESENTATION('',(
    #14058),#13768);
#14058 = STYLED_ITEM('color',(#14059),#12638);
#14059 = PRESENTATION_STYLE_ASSIGNMENT((#14060));
#14060 = SURFACE_STYLE_USAGE(.BOTH.,#14061);
#14061 = SURFACE_SIDE_STYLE('',(#14062));
#14062 = SURFACE_STYLE_FILL_AREA(#14063);
#14063 = FILL_AREA_STYLE('',(#14064));
#14064 = FILL_AREA_STYLE_COLOUR('',#14065);
#14065 = COLOUR_RGB('',0.120000001395,0.120000001395,0.1599999992);
#14066 = MECHANICAL_DESIGN_GEOMETRIC_PRESENTATION_REPRESENTATION('',(
    #14067),#255);
#14067 = STYLED_ITEM('color',(#14068),#65);
#14068 = PRESENTATION_STYLE_ASSIGNMENT((#14069));
#14069 = SURFACE_STYLE_USAGE(.BOTH.,#14070);
#14070 = SURFACE_SIDE_STYLE('',(#14071));
#14071 = SURFACE_STYLE_FILL_AREA(#14072);
#14072 = FILL_AREA_STYLE('',(#14073));
#14073 = FILL_AREA_STYLE_COLOUR('',#14056);
ENDSEC;
END-ISO-10303-21;
