ISO-10303-21;
HEADER;
FILE_DESCRIPTION(('Open CASCADE Model'),'2;1');
FILE_NAME('Open CASCADE Shape Model','2026-10-01T23:57:30',('Author'),(
    'Open CASCADE'),'Open CASCADE STEP processor 7.9','Open CASCADE 7.9'
  ,'Unknown');
FILE_SCHEMA(('AUTOMOTIVE_DESIGN { 1 0 10303 214 1 1 1 1 }'));
ENDSEC;
DATA;
#1 = APPLICATION_PROTOCOL_DEFINITION('international standard',
  'automotive_design',2000,#2);
#2 = APPLICATION_CONTEXT(
  'core data for automotive mechanical design processes');
#3 = SHAPE_DEFINITION_REPRESENTATION(#4,#10);
#4 = PRODUCT_DEFINITION_SHAPE('','',#5);
#5 = PRODUCT_DEFINITION('design','',#6,#9);
#6 = PRODUCT_DEFINITION_FORMATION('','',#7);
#7 = PRODUCT('M5_kist','M5_kist','',(#8));
#8 = PRODUCT_CONTEXT('',#2,'mechanical');
#9 = PRODUCT_DEFINITION_CONTEXT('part definition',#2,'design');
#10 = SHAPE_REPRESENTATION('',(#11,#15,#19,#23,#27,#31),#35);
#11 = AXIS2_PLACEMENT_3D('',#12,#13,#14);
#12 = CARTESIAN_POINT('',(0.,0.,0.));
#13 = DIRECTION('',(0.,0.,1.));
#14 = DIRECTION('',(1.,0.,-0.));
#15 = AXIS2_PLACEMENT_3D('',#16,#17,#18);
#16 = CARTESIAN_POINT('',(0.,0.,0.));
#17 = DIRECTION('',(0.,0.,1.));
#18 = DIRECTION('',(1.,0.,-0.));
#19 = AXIS2_PLACEMENT_3D('',#20,#21,#22);
#20 = CARTESIAN_POINT('',(0.,0.,0.));
#21 = DIRECTION('',(0.,0.,1.));
#22 = DIRECTION('',(1.,0.,-0.));
#23 = AXIS2_PLACEMENT_3D('',#24,#25,#26);
#24 = CARTESIAN_POINT('',(0.,0.,0.));
#25 = DIRECTION('',(0.,0.,1.));
#26 = DIRECTION('',(1.,0.,-0.));
#27 = AXIS2_PLACEMENT_3D('',#28,#29,#30);
#28 = CARTESIAN_POINT('',(0.,0.,0.));
#29 = DIRECTION('',(0.,0.,1.));
#30 = DIRECTION('',(1.,0.,-0.));
#31 = AXIS2_PLACEMENT_3D('',#32,#33,#34);
#32 = CARTESIAN_POINT('',(0.,0.,0.));
#33 = DIRECTION('',(0.,0.,1.));
#34 = DIRECTION('',(1.,0.,-0.));
#35 = ( GEOMETRIC_REPRESENTATION_CONTEXT(3) 
GLOBAL_UNCERTAINTY_ASSIGNED_CONTEXT((#39)) GLOBAL_UNIT_ASSIGNED_CONTEXT(
(#36,#37,#38)) REPRESENTATION_CONTEXT('Context #1',
  '3D Context with UNIT and UNCERTAINTY') );
#36 = ( LENGTH_UNIT() NAMED_UNIT(*) SI_UNIT(.MILLI.,.METRE.) );
#37 = ( NAMED_UNIT(*) PLANE_ANGLE_UNIT() SI_UNIT($,.RADIAN.) );
#38 = ( NAMED_UNIT(*) SI_UNIT($,.STERADIAN.) SOLID_ANGLE_UNIT() );
#39 = UNCERTAINTY_MEASURE_WITH_UNIT(LENGTH_MEASURE(2.E-06),#36,
  'distance_accuracy_value','confusion accuracy');
#40 = PRODUCT_RELATED_PRODUCT_CATEGORY('part',$,(#7));
#41 = SHAPE_DEFINITION_REPRESENTATION(#42,#48);
#42 = PRODUCT_DEFINITION_SHAPE('','',#43);
#43 = PRODUCT_DEFINITION('design','',#44,#47);
#44 = PRODUCT_DEFINITION_FORMATION('','',#45);
#45 = PRODUCT('13_kist_A','13_kist_A','',(#46));
#46 = PRODUCT_CONTEXT('',#2,'mechanical');
#47 = PRODUCT_DEFINITION_CONTEXT('part definition',#2,'design');
#48 = ADVANCED_BREP_SHAPE_REPRESENTATION('',(#11,#49),#2701);
#49 = MANIFOLD_SOLID_BREP('',#50);
#50 = CLOSED_SHELL('',(#51,#171,#247,#323,#1209,#1965,#1992,#2019,#2026,
    #2053,#2080,#2107,#2134,#2161,#2208,#2235,#2262,#2269,#2296,#2323,
    #2350,#2377,#2404,#2431,#2458,#2485,#2512,#2539,#2566,#2593,#2640,
    #2667,#2694));
#51 = ADVANCED_FACE('',(#52),#66,.F.);
#52 = FACE_BOUND('',#53,.F.);
#53 = EDGE_LOOP('',(#54,#89,#117,#145));
#54 = ORIENTED_EDGE('',*,*,#55,.T.);
#55 = EDGE_CURVE('',#56,#58,#60,.T.);
#56 = VERTEX_POINT('',#57);
#57 = CARTESIAN_POINT('',(26.,23.,-25.));
#58 = VERTEX_POINT('',#59);
#59 = CARTESIAN_POINT('',(26.,20.,-25.));
#60 = SURFACE_CURVE('',#61,(#65,#77),.PCURVE_S1.);
#61 = LINE('',#62,#63);
#62 = CARTESIAN_POINT('',(26.,23.,-25.));
#63 = VECTOR('',#64,1.);
#64 = DIRECTION('',(2.022720291611E-18,-1.,5.314831798652E-18));
#65 = PCURVE('',#66,#71);
#66 = PLANE('',#67);
#67 = AXIS2_PLACEMENT_3D('',#68,#69,#70);
#68 = CARTESIAN_POINT('',(26.,23.,-25.));
#69 = DIRECTION('',(-8.865115929176E-17,5.314831798652E-18,1.));
#70 = DIRECTION('',(1.,2.022720291611E-18,8.865115929176E-17));
#71 = DEFINITIONAL_REPRESENTATION('',(#72),#76);
#72 = LINE('',#73,#74);
#73 = CARTESIAN_POINT('',(0.,0.));
#74 = VECTOR('',#75,1.);
#75 = DIRECTION('',(0.,-1.));
#76 = ( GEOMETRIC_REPRESENTATION_CONTEXT(2) 
PARAMETRIC_REPRESENTATION_CONTEXT() REPRESENTATION_CONTEXT('2D SPACE',''
  ) );
#77 = PCURVE('',#78,#83);
#78 = PLANE('',#79);
#79 = AXIS2_PLACEMENT_3D('',#80,#81,#82);
#80 = CARTESIAN_POINT('',(-4.976319,23.,-10.919535));
#81 = DIRECTION('',(0.413810738409,5.675449250838E-18,0.910362934646));
#82 = DIRECTION('',(0.910362934646,-3.579248904803E-19,-0.413810738409)
  );
#83 = DEFINITIONAL_REPRESENTATION('',(#84),#88);
#84 = LINE('',#85,#86);
#85 = CARTESIAN_POINT('',(34.026340288165,0.));
#86 = VECTOR('',#87,1.);
#87 = DIRECTION('',(0.,-1.));
#88 = ( GEOMETRIC_REPRESENTATION_CONTEXT(2) 
PARAMETRIC_REPRESENTATION_CONTEXT() REPRESENTATION_CONTEXT('2D SPACE',''
  ) );
#89 = ORIENTED_EDGE('',*,*,#90,.T.);
#90 = EDGE_CURVE('',#58,#91,#93,.T.);
#91 = VERTEX_POINT('',#92);
#92 = CARTESIAN_POINT('',(41.5,20.,-25.));
#93 = SURFACE_CURVE('',#94,(#98,#105),.PCURVE_S1.);
#94 = LINE('',#95,#96);
#95 = CARTESIAN_POINT('',(26.,20.,-25.));
#96 = VECTOR('',#97,1.);
#97 = DIRECTION('',(1.,2.022720291611E-18,8.865115929176E-17));
#98 = PCURVE('',#66,#99);
#99 = DEFINITIONAL_REPRESENTATION('',(#100),#104);
#100 = LINE('',#101,#102);
#101 = CARTESIAN_POINT('',(0.,-3.));
#102 = VECTOR('',#103,1.);
#103 = DIRECTION('',(1.,0.));
#104 = ( GEOMETRIC_REPRESENTATION_CONTEXT(2) 
PARAMETRIC_REPRESENTATION_CONTEXT() REPRESENTATION_CONTEXT('2D SPACE',''
  ) );
#105 = PCURVE('',#106,#111);
#106 = PLANE('',#107);
#107 = AXIS2_PLACEMENT_3D('',#108,#109,#110);
#108 = CARTESIAN_POINT('',(19.252554970498,20.,-3.720976109002));
#109 = DIRECTION('',(2.022720291611E-18,-1.,5.314831798652E-18));
#110 = DIRECTION('',(1.,2.022720291611E-18,8.865115929176E-17));
#111 = DEFINITIONAL_REPRESENTATION('',(#112),#116);
#112 = LINE('',#113,#114);
#113 = CARTESIAN_POINT('',(6.747445029502,-21.27902389099));
#114 = VECTOR('',#115,1.);
#115 = DIRECTION('',(1.,0.));
#116 = ( GEOMETRIC_REPRESENTATION_CONTEXT(2) 
PARAMETRIC_REPRESENTATION_CONTEXT() REPRESENTATION_CONTEXT('2D SPACE',''
  ) );
#117 = ORIENTED_EDGE('',*,*,#118,.F.);
#118 = EDGE_CURVE('',#119,#91,#121,.T.);
#119 = VERTEX_POINT('',#120);
#120 = CARTESIAN_POINT('',(41.5,23.,-25.));
#121 = SURFACE_CURVE('',#122,(#126,#133),.PCURVE_S1.);
#122 = LINE('',#123,#124);
#123 = CARTESIAN_POINT('',(41.5,23.,-25.));
#124 = VECTOR('',#125,1.);
#125 = DIRECTION('',(2.022720291611E-18,-1.,5.314831798652E-18));
#126 = PCURVE('',#66,#127);
#127 = DEFINITIONAL_REPRESENTATION('',(#128),#132);
#128 = LINE('',#129,#130);
#129 = CARTESIAN_POINT('',(15.5,0.));
#130 = VECTOR('',#131,1.);
#131 = DIRECTION('',(0.,-1.));
#132 = ( GEOMETRIC_REPRESENTATION_CONTEXT(2) 
PARAMETRIC_REPRESENTATION_CONTEXT() REPRESENTATION_CONTEXT('2D SPACE',''
  ) );
#133 = PCURVE('',#134,#139);
#134 = PLANE('',#135);
#135 = AXIS2_PLACEMENT_3D('',#136,#137,#138);
#136 = CARTESIAN_POINT('',(41.5,23.,-25.));
#137 = DIRECTION('',(-1.,-2.022720291611E-18,-8.865115929176E-17));
#138 = DIRECTION('',(-8.865115929176E-17,5.314831798652E-18,1.));
#139 = DEFINITIONAL_REPRESENTATION('',(#140),#144);
#140 = LINE('',#141,#142);
#141 = CARTESIAN_POINT('',(0.,0.));
#142 = VECTOR('',#143,1.);
#143 = DIRECTION('',(0.,-1.));
#144 = ( GEOMETRIC_REPRESENTATION_CONTEXT(2) 
PARAMETRIC_REPRESENTATION_CONTEXT() REPRESENTATION_CONTEXT('2D SPACE',''
  ) );
#145 = ORIENTED_EDGE('',*,*,#146,.F.);
#146 = EDGE_CURVE('',#56,#119,#147,.T.);
#147 = SURFACE_CURVE('',#148,(#152,#159),.PCURVE_S1.);
#148 = LINE('',#149,#150);
#149 = CARTESIAN_POINT('',(26.,23.,-25.));
#150 = VECTOR('',#151,1.);
#151 = DIRECTION('',(1.,2.022720291611E-18,8.865115929176E-17));
#152 = PCURVE('',#66,#153);
#153 = DEFINITIONAL_REPRESENTATION('',(#154),#158);
#154 = LINE('',#155,#156);
#155 = CARTESIAN_POINT('',(0.,0.));
#156 = VECTOR('',#157,1.);
#157 = DIRECTION('',(1.,0.));
#158 = ( GEOMETRIC_REPRESENTATION_CONTEXT(2) 
PARAMETRIC_REPRESENTATION_CONTEXT() REPRESENTATION_CONTEXT('2D SPACE',''
  ) );
#159 = PCURVE('',#160,#165);
#160 = PLANE('',#161);
#161 = AXIS2_PLACEMENT_3D('',#162,#163,#164);
#162 = CARTESIAN_POINT('',(19.252554970498,23.,-3.720976109002));
#163 = DIRECTION('',(2.022720291611E-18,-1.,5.314831798652E-18));
#164 = DIRECTION('',(1.,2.022720291611E-18,8.865115929176E-17));
#165 = DEFINITIONAL_REPRESENTATION('',(#166),#170);
#166 = LINE('',#167,#168);
#167 = CARTESIAN_POINT('',(6.747445029502,-21.27902389099));
#168 = VECTOR('',#169,1.);
#169 = DIRECTION('',(1.,0.));
#170 = ( GEOMETRIC_REPRESENTATION_CONTEXT(2) 
PARAMETRIC_REPRESENTATION_CONTEXT() REPRESENTATION_CONTEXT('2D SPACE',''
  ) );
#171 = ADVANCED_FACE('',(#172),#78,.F.);
#172 = FACE_BOUND('',#173,.F.);
#173 = EDGE_LOOP('',(#174,#204,#225,#226));
#174 = ORIENTED_EDGE('',*,*,#175,.T.);
#175 = EDGE_CURVE('',#176,#178,#180,.T.);
#176 = VERTEX_POINT('',#177);
#177 = CARTESIAN_POINT('',(-4.976319,23.,-10.919535));
#178 = VERTEX_POINT('',#179);
#179 = CARTESIAN_POINT('',(-4.976319,20.,-10.919535));
#180 = SURFACE_CURVE('',#181,(#185,#192),.PCURVE_S1.);
#181 = LINE('',#182,#183);
#182 = CARTESIAN_POINT('',(-4.976319,23.,-10.919535));
#183 = VECTOR('',#184,1.);
#184 = DIRECTION('',(2.022720291611E-18,-1.,5.314831798652E-18));
#185 = PCURVE('',#78,#186);
#186 = DEFINITIONAL_REPRESENTATION('',(#187),#191);
#187 = LINE('',#188,#189);
#188 = CARTESIAN_POINT('',(0.,0.));
#189 = VECTOR('',#190,1.);
#190 = DIRECTION('',(0.,-1.));
#191 = ( GEOMETRIC_REPRESENTATION_CONTEXT(2) 
PARAMETRIC_REPRESENTATION_CONTEXT() REPRESENTATION_CONTEXT('2D SPACE',''
  ) );
#192 = PCURVE('',#193,#198);
#193 = CYLINDRICAL_SURFACE('',#194,11.999999880896);
#194 = AXIS2_PLACEMENT_3D('',#195,#196,#197);
#195 = CARTESIAN_POINT('',(-4.397313180249E-08,23.,9.950825230476E-08));
#196 = DIRECTION('',(-2.022720291611E-18,1.,-5.314831798652E-18));
#197 = DIRECTION('',(-7.845908044764E-02,5.139747178261E-18,
    0.996917334936));
#198 = DEFINITIONAL_REPRESENTATION('',(#199),#203);
#199 = LINE('',#200,#201);
#200 = CARTESIAN_POINT('',(-2.635447177272,0.));
#201 = VECTOR('',#202,1.);
#202 = DIRECTION('',(-0.,-1.));
#203 = ( GEOMETRIC_REPRESENTATION_CONTEXT(2) 
PARAMETRIC_REPRESENTATION_CONTEXT() REPRESENTATION_CONTEXT('2D SPACE',''
  ) );
#204 = ORIENTED_EDGE('',*,*,#205,.T.);
#205 = EDGE_CURVE('',#178,#58,#206,.T.);
#206 = SURFACE_CURVE('',#207,(#211,#218),.PCURVE_S1.);
#207 = LINE('',#208,#209);
#208 = CARTESIAN_POINT('',(-4.976319,20.,-10.919535));
#209 = VECTOR('',#210,1.);
#210 = DIRECTION('',(0.910362934646,-3.579248904803E-19,-0.413810738409)
  );
#211 = PCURVE('',#78,#212);
#212 = DEFINITIONAL_REPRESENTATION('',(#213),#217);
#213 = LINE('',#214,#215);
#214 = CARTESIAN_POINT('',(0.,-3.));
#215 = VECTOR('',#216,1.);
#216 = DIRECTION('',(1.,0.));
#217 = ( GEOMETRIC_REPRESENTATION_CONTEXT(2) 
PARAMETRIC_REPRESENTATION_CONTEXT() REPRESENTATION_CONTEXT('2D SPACE',''
  ) );
#218 = PCURVE('',#106,#219);
#219 = DEFINITIONAL_REPRESENTATION('',(#220),#224);
#220 = LINE('',#221,#222);
#221 = CARTESIAN_POINT('',(-24.22887397049,-7.198558890998));
#222 = VECTOR('',#223,1.);
#223 = DIRECTION('',(0.910362934646,-0.413810738409));
#224 = ( GEOMETRIC_REPRESENTATION_CONTEXT(2) 
PARAMETRIC_REPRESENTATION_CONTEXT() REPRESENTATION_CONTEXT('2D SPACE',''
  ) );
#225 = ORIENTED_EDGE('',*,*,#55,.F.);
#226 = ORIENTED_EDGE('',*,*,#227,.F.);
#227 = EDGE_CURVE('',#176,#56,#228,.T.);
#228 = SURFACE_CURVE('',#229,(#233,#240),.PCURVE_S1.);
#229 = LINE('',#230,#231);
#230 = CARTESIAN_POINT('',(-4.976319,23.,-10.919535));
#231 = VECTOR('',#232,1.);
#232 = DIRECTION('',(0.910362934646,-3.579248904803E-19,-0.413810738409)
  );
#233 = PCURVE('',#78,#234);
#234 = DEFINITIONAL_REPRESENTATION('',(#235),#239);
#235 = LINE('',#236,#237);
#236 = CARTESIAN_POINT('',(0.,0.));
#237 = VECTOR('',#238,1.);
#238 = DIRECTION('',(1.,0.));
#239 = ( GEOMETRIC_REPRESENTATION_CONTEXT(2) 
PARAMETRIC_REPRESENTATION_CONTEXT() REPRESENTATION_CONTEXT('2D SPACE',''
  ) );
#240 = PCURVE('',#160,#241);
#241 = DEFINITIONAL_REPRESENTATION('',(#242),#246);
#242 = LINE('',#243,#244);
#243 = CARTESIAN_POINT('',(-24.22887397049,-7.198558890998));
#244 = VECTOR('',#245,1.);
#245 = DIRECTION('',(0.910362934646,-0.413810738409));
#246 = ( GEOMETRIC_REPRESENTATION_CONTEXT(2) 
PARAMETRIC_REPRESENTATION_CONTEXT() REPRESENTATION_CONTEXT('2D SPACE',''
  ) );
#247 = ADVANCED_FACE('',(#248),#134,.F.);
#248 = FACE_BOUND('',#249,.F.);
#249 = EDGE_LOOP('',(#250,#251,#274,#302));
#250 = ORIENTED_EDGE('',*,*,#118,.T.);
#251 = ORIENTED_EDGE('',*,*,#252,.T.);
#252 = EDGE_CURVE('',#91,#253,#255,.T.);
#253 = VERTEX_POINT('',#254);
#254 = CARTESIAN_POINT('',(41.5,20.,14.));
#255 = SURFACE_CURVE('',#256,(#260,#267),.PCURVE_S1.);
#256 = LINE('',#257,#258);
#257 = CARTESIAN_POINT('',(41.5,20.,-25.));
#258 = VECTOR('',#259,1.);
#259 = DIRECTION('',(-8.865115929176E-17,5.314831798652E-18,1.));
#260 = PCURVE('',#134,#261);
#261 = DEFINITIONAL_REPRESENTATION('',(#262),#266);
#262 = LINE('',#263,#264);
#263 = CARTESIAN_POINT('',(0.,-3.));
#264 = VECTOR('',#265,1.);
#265 = DIRECTION('',(1.,0.));
#266 = ( GEOMETRIC_REPRESENTATION_CONTEXT(2) 
PARAMETRIC_REPRESENTATION_CONTEXT() REPRESENTATION_CONTEXT('2D SPACE',''
  ) );
#267 = PCURVE('',#106,#268);
#268 = DEFINITIONAL_REPRESENTATION('',(#269),#273);
#269 = LINE('',#270,#271);
#270 = CARTESIAN_POINT('',(22.247445029502,-21.27902389099));
#271 = VECTOR('',#272,1.);
#272 = DIRECTION('',(0.,1.));
#273 = ( GEOMETRIC_REPRESENTATION_CONTEXT(2) 
PARAMETRIC_REPRESENTATION_CONTEXT() REPRESENTATION_CONTEXT('2D SPACE',''
  ) );
#274 = ORIENTED_EDGE('',*,*,#275,.F.);
#275 = EDGE_CURVE('',#276,#253,#278,.T.);
#276 = VERTEX_POINT('',#277);
#277 = CARTESIAN_POINT('',(41.5,23.,14.));
#278 = SURFACE_CURVE('',#279,(#283,#290),.PCURVE_S1.);
#279 = LINE('',#280,#281);
#280 = CARTESIAN_POINT('',(41.5,23.,14.));
#281 = VECTOR('',#282,1.);
#282 = DIRECTION('',(2.022720291611E-18,-1.,5.314831798652E-18));
#283 = PCURVE('',#134,#284);
#284 = DEFINITIONAL_REPRESENTATION('',(#285),#289);
#285 = LINE('',#286,#287);
#286 = CARTESIAN_POINT('',(39.,0.));
#287 = VECTOR('',#288,1.);
#288 = DIRECTION('',(0.,-1.));
#289 = ( GEOMETRIC_REPRESENTATION_CONTEXT(2) 
PARAMETRIC_REPRESENTATION_CONTEXT() REPRESENTATION_CONTEXT('2D SPACE',''
  ) );
#290 = PCURVE('',#291,#296);
#291 = PLANE('',#292);
#292 = AXIS2_PLACEMENT_3D('',#293,#294,#295);
#293 = CARTESIAN_POINT('',(41.5,23.,14.));
#294 = DIRECTION('',(8.865115929176E-17,-5.314831798652E-18,-1.));
#295 = DIRECTION('',(-1.,-2.022720291611E-18,-8.865115929176E-17));
#296 = DEFINITIONAL_REPRESENTATION('',(#297),#301);
#297 = LINE('',#298,#299);
#298 = CARTESIAN_POINT('',(0.,-0.));
#299 = VECTOR('',#300,1.);
#300 = DIRECTION('',(0.,-1.));
#301 = ( GEOMETRIC_REPRESENTATION_CONTEXT(2) 
PARAMETRIC_REPRESENTATION_CONTEXT() REPRESENTATION_CONTEXT('2D SPACE',''
  ) );
#302 = ORIENTED_EDGE('',*,*,#303,.F.);
#303 = EDGE_CURVE('',#119,#276,#304,.T.);
#304 = SURFACE_CURVE('',#305,(#309,#316),.PCURVE_S1.);
#305 = LINE('',#306,#307);
#306 = CARTESIAN_POINT('',(41.5,23.,-25.));
#307 = VECTOR('',#308,1.);
#308 = DIRECTION('',(-8.865115929176E-17,5.314831798652E-18,1.));
#309 = PCURVE('',#134,#310);
#310 = DEFINITIONAL_REPRESENTATION('',(#311),#315);
#311 = LINE('',#312,#313);
#312 = CARTESIAN_POINT('',(0.,0.));
#313 = VECTOR('',#314,1.);
#314 = DIRECTION('',(1.,0.));
#315 = ( GEOMETRIC_REPRESENTATION_CONTEXT(2) 
PARAMETRIC_REPRESENTATION_CONTEXT() REPRESENTATION_CONTEXT('2D SPACE',''
  ) );
#316 = PCURVE('',#160,#317);
#317 = DEFINITIONAL_REPRESENTATION('',(#318),#322);
#318 = LINE('',#319,#320);
#319 = CARTESIAN_POINT('',(22.247445029502,-21.27902389099));
#320 = VECTOR('',#321,1.);
#321 = DIRECTION('',(0.,1.));
#322 = ( GEOMETRIC_REPRESENTATION_CONTEXT(2) 
PARAMETRIC_REPRESENTATION_CONTEXT() REPRESENTATION_CONTEXT('2D SPACE',''
  ) );
#323 = ADVANCED_FACE('',(#324,#402,#437,#472,#507,#542,#577,#683,#718,
    #753,#788,#823,#858,#893,#928,#963,#998,#1033,#1068,#1103),#160,.F.
  );
#324 = FACE_BOUND('',#325,.F.);
#325 = EDGE_LOOP('',(#326,#327,#328,#351,#379,#401));
#326 = ORIENTED_EDGE('',*,*,#146,.T.);
#327 = ORIENTED_EDGE('',*,*,#303,.T.);
#328 = ORIENTED_EDGE('',*,*,#329,.T.);
#329 = EDGE_CURVE('',#276,#330,#332,.T.);
#330 = VERTEX_POINT('',#331);
#331 = CARTESIAN_POINT('',(26.,23.,14.));
#332 = SURFACE_CURVE('',#333,(#337,#344),.PCURVE_S1.);
#333 = LINE('',#334,#335);
#334 = CARTESIAN_POINT('',(41.5,23.,14.));
#335 = VECTOR('',#336,1.);
#336 = DIRECTION('',(-1.,-2.022720291611E-18,-8.865115929176E-17));
#337 = PCURVE('',#160,#338);
#338 = DEFINITIONAL_REPRESENTATION('',(#339),#343);
#339 = LINE('',#340,#341);
#340 = CARTESIAN_POINT('',(22.247445029502,17.720976109002));
#341 = VECTOR('',#342,1.);
#342 = DIRECTION('',(-1.,0.));
#343 = ( GEOMETRIC_REPRESENTATION_CONTEXT(2) 
PARAMETRIC_REPRESENTATION_CONTEXT() REPRESENTATION_CONTEXT('2D SPACE',''
  ) );
#344 = PCURVE('',#291,#345);
#345 = DEFINITIONAL_REPRESENTATION('',(#346),#350);
#346 = LINE('',#347,#348);
#347 = CARTESIAN_POINT('',(0.,-0.));
#348 = VECTOR('',#349,1.);
#349 = DIRECTION('',(1.,0.));
#350 = ( GEOMETRIC_REPRESENTATION_CONTEXT(2) 
PARAMETRIC_REPRESENTATION_CONTEXT() REPRESENTATION_CONTEXT('2D SPACE',''
  ) );
#351 = ORIENTED_EDGE('',*,*,#352,.T.);
#352 = EDGE_CURVE('',#330,#353,#355,.T.);
#353 = VERTEX_POINT('',#354);
#354 = CARTESIAN_POINT('',(-0.941509,23.,11.963008));
#355 = SURFACE_CURVE('',#356,(#360,#367),.PCURVE_S1.);
#356 = LINE('',#357,#358);
#357 = CARTESIAN_POINT('',(26.,23.,14.));
#358 = VECTOR('',#359,1.);
#359 = DIRECTION('',(-0.997153916254,-2.417663264593E-18,
    -7.539275361967E-02));
#360 = PCURVE('',#160,#361);
#361 = DEFINITIONAL_REPRESENTATION('',(#362),#366);
#362 = LINE('',#363,#364);
#363 = CARTESIAN_POINT('',(6.747445029502,17.720976109002));
#364 = VECTOR('',#365,1.);
#365 = DIRECTION('',(-0.997153916254,-7.539275361967E-02));
#366 = ( GEOMETRIC_REPRESENTATION_CONTEXT(2) 
PARAMETRIC_REPRESENTATION_CONTEXT() REPRESENTATION_CONTEXT('2D SPACE',''
  ) );
#367 = PCURVE('',#368,#373);
#368 = PLANE('',#369);
#369 = AXIS2_PLACEMENT_3D('',#370,#371,#372);
#370 = CARTESIAN_POINT('',(26.,23.,14.));
#371 = DIRECTION('',(7.539275361967E-02,-5.147206889673E-18,
    -0.997153916254));
#372 = DIRECTION('',(-0.997153916254,-2.417663264593E-18,
    -7.539275361967E-02));
#373 = DEFINITIONAL_REPRESENTATION('',(#374),#378);
#374 = LINE('',#375,#376);
#375 = CARTESIAN_POINT('',(0.,0.));
#376 = VECTOR('',#377,1.);
#377 = DIRECTION('',(1.,0.));
#378 = ( GEOMETRIC_REPRESENTATION_CONTEXT(2) 
PARAMETRIC_REPRESENTATION_CONTEXT() REPRESENTATION_CONTEXT('2D SPACE',''
  ) );
#379 = ORIENTED_EDGE('',*,*,#380,.T.);
#380 = EDGE_CURVE('',#353,#176,#381,.T.);
#381 = SURFACE_CURVE('',#382,(#387,#394),.PCURVE_S1.);
#382 = CIRCLE('',#383,11.999999880896);
#383 = AXIS2_PLACEMENT_3D('',#384,#385,#386);
#384 = CARTESIAN_POINT('',(-4.397313180249E-08,23.,9.950825230476E-08));
#385 = DIRECTION('',(2.022720291611E-18,-1.,5.314831798652E-18));
#386 = DIRECTION('',(-7.845908044764E-02,5.139747178261E-18,
    0.996917334936));
#387 = PCURVE('',#160,#388);
#388 = DEFINITIONAL_REPRESENTATION('',(#389),#393);
#389 = CIRCLE('',#390,11.999999880896);
#390 = AXIS2_PLACEMENT_2D('',#391,#392);
#391 = CARTESIAN_POINT('',(-19.25255501447,3.72097620851));
#392 = DIRECTION('',(-7.845908044764E-02,0.996917334936));
#393 = ( GEOMETRIC_REPRESENTATION_CONTEXT(2) 
PARAMETRIC_REPRESENTATION_CONTEXT() REPRESENTATION_CONTEXT('2D SPACE',''
  ) );
#394 = PCURVE('',#193,#395);
#395 = DEFINITIONAL_REPRESENTATION('',(#396),#400);
#396 = LINE('',#397,#398);
#397 = CARTESIAN_POINT('',(-0.,0.));
#398 = VECTOR('',#399,1.);
#399 = DIRECTION('',(-1.,0.));
#400 = ( GEOMETRIC_REPRESENTATION_CONTEXT(2) 
PARAMETRIC_REPRESENTATION_CONTEXT() REPRESENTATION_CONTEXT('2D SPACE',''
  ) );
#401 = ORIENTED_EDGE('',*,*,#227,.T.);
#402 = FACE_BOUND('',#403,.F.);
#403 = EDGE_LOOP('',(#404));
#404 = ORIENTED_EDGE('',*,*,#405,.T.);
#405 = EDGE_CURVE('',#406,#406,#408,.T.);
#406 = VERTEX_POINT('',#407);
#407 = CARTESIAN_POINT('',(-7.028174593052,23.,-7.778174593052));
#408 = SURFACE_CURVE('',#409,(#414,#425),.PCURVE_S1.);
#409 = CIRCLE('',#410,0.75);
#410 = AXIS2_PLACEMENT_3D('',#411,#412,#413);
#411 = CARTESIAN_POINT('',(-7.778174593052,23.,-7.778174593052));
#412 = DIRECTION('',(-2.022720291611E-18,1.,-5.314831798652E-18));
#413 = DIRECTION('',(1.,2.022720291611E-18,8.865115929176E-17));
#414 = PCURVE('',#160,#415);
#415 = DEFINITIONAL_REPRESENTATION('',(#416),#424);
#416 = ( BOUNDED_CURVE() B_SPLINE_CURVE(2,(#417,#418,#419,#420,#421,#422
,#423),.UNSPECIFIED.,.T.,.F.) B_SPLINE_CURVE_WITH_KNOTS((1,2,2,2,2,1),(
    -2.094395102393,0.,2.094395102393,4.188790204786,6.28318530718,
8.377580409573),.UNSPECIFIED.) CURVE() GEOMETRIC_REPRESENTATION_ITEM() 
RATIONAL_B_SPLINE_CURVE((1.,0.5,1.,0.5,1.,0.5,1.)) REPRESENTATION_ITEM(
  '') );
#417 = CARTESIAN_POINT('',(-26.28072956355,-4.05719848405));
#418 = CARTESIAN_POINT('',(-26.28072956355,-5.356236589727));
#419 = CARTESIAN_POINT('',(-27.40572956355,-4.706717536889));
#420 = CARTESIAN_POINT('',(-28.53072956355,-4.05719848405));
#421 = CARTESIAN_POINT('',(-27.40572956355,-3.407679431212));
#422 = CARTESIAN_POINT('',(-26.28072956355,-2.758160378374));
#423 = CARTESIAN_POINT('',(-26.28072956355,-4.05719848405));
#424 = ( GEOMETRIC_REPRESENTATION_CONTEXT(2) 
PARAMETRIC_REPRESENTATION_CONTEXT() REPRESENTATION_CONTEXT('2D SPACE',''
  ) );
#425 = PCURVE('',#426,#431);
#426 = CYLINDRICAL_SURFACE('',#427,0.75);
#427 = AXIS2_PLACEMENT_3D('',#428,#429,#430);
#428 = CARTESIAN_POINT('',(-7.778174593052,73.,-7.778174593052));
#429 = DIRECTION('',(-2.022720291611E-18,1.,-5.314831798652E-18));
#430 = DIRECTION('',(1.,2.022720291611E-18,8.865115929176E-17));
#431 = DEFINITIONAL_REPRESENTATION('',(#432),#436);
#432 = LINE('',#433,#434);
#433 = CARTESIAN_POINT('',(-6.28318530718,-50.));
#434 = VECTOR('',#435,1.);
#435 = DIRECTION('',(1.,-0.));
#436 = ( GEOMETRIC_REPRESENTATION_CONTEXT(2) 
PARAMETRIC_REPRESENTATION_CONTEXT() REPRESENTATION_CONTEXT('2D SPACE',''
  ) );
#437 = FACE_BOUND('',#438,.F.);
#438 = EDGE_LOOP('',(#439));
#439 = ORIENTED_EDGE('',*,*,#440,.T.);
#440 = EDGE_CURVE('',#441,#441,#443,.T.);
#441 = VERTEX_POINT('',#442);
#442 = CARTESIAN_POINT('',(-5.613961030679,23.,-6.363961030679));
#443 = SURFACE_CURVE('',#444,(#449,#460),.PCURVE_S1.);
#444 = CIRCLE('',#445,0.75);
#445 = AXIS2_PLACEMENT_3D('',#446,#447,#448);
#446 = CARTESIAN_POINT('',(-6.363961030679,23.,-6.363961030679));
#447 = DIRECTION('',(-2.022720291611E-18,1.,-5.314831798652E-18));
#448 = DIRECTION('',(1.,2.022720291611E-18,8.865115929176E-17));
#449 = PCURVE('',#160,#450);
#450 = DEFINITIONAL_REPRESENTATION('',(#451),#459);
#451 = ( BOUNDED_CURVE() B_SPLINE_CURVE(2,(#452,#453,#454,#455,#456,#457
,#458),.UNSPECIFIED.,.T.,.F.) B_SPLINE_CURVE_WITH_KNOTS((1,2,2,2,2,1),(
    -2.094395102393,0.,2.094395102393,4.188790204786,6.28318530718,
8.377580409573),.UNSPECIFIED.) CURVE() GEOMETRIC_REPRESENTATION_ITEM() 
RATIONAL_B_SPLINE_CURVE((1.,0.5,1.,0.5,1.,0.5,1.)) REPRESENTATION_ITEM(
  '') );
#452 = CARTESIAN_POINT('',(-24.86651600117,-2.642984921677));
#453 = CARTESIAN_POINT('',(-24.86651600117,-3.942023027354));
#454 = CARTESIAN_POINT('',(-25.99151600117,-3.292503974516));
#455 = CARTESIAN_POINT('',(-27.11651600117,-2.642984921677));
#456 = CARTESIAN_POINT('',(-25.99151600117,-1.993465868839));
#457 = CARTESIAN_POINT('',(-24.86651600117,-1.343946816001));
#458 = CARTESIAN_POINT('',(-24.86651600117,-2.642984921677));
#459 = ( GEOMETRIC_REPRESENTATION_CONTEXT(2) 
PARAMETRIC_REPRESENTATION_CONTEXT() REPRESENTATION_CONTEXT('2D SPACE',''
  ) );
#460 = PCURVE('',#461,#466);
#461 = CYLINDRICAL_SURFACE('',#462,0.75);
#462 = AXIS2_PLACEMENT_3D('',#463,#464,#465);
#463 = CARTESIAN_POINT('',(-6.363961030679,73.,-6.363961030679));
#464 = DIRECTION('',(-2.022720291611E-18,1.,-5.314831798652E-18));
#465 = DIRECTION('',(1.,2.022720291611E-18,8.865115929176E-17));
#466 = DEFINITIONAL_REPRESENTATION('',(#467),#471);
#467 = LINE('',#468,#469);
#468 = CARTESIAN_POINT('',(-6.28318530718,-50.));
#469 = VECTOR('',#470,1.);
#470 = DIRECTION('',(1.,-0.));
#471 = ( GEOMETRIC_REPRESENTATION_CONTEXT(2) 
PARAMETRIC_REPRESENTATION_CONTEXT() REPRESENTATION_CONTEXT('2D SPACE',''
  ) );
#472 = FACE_BOUND('',#473,.F.);
#473 = EDGE_LOOP('',(#474));
#474 = ORIENTED_EDGE('',*,*,#475,.T.);
#475 = EDGE_CURVE('',#476,#476,#478,.T.);
#476 = VERTEX_POINT('',#477);
#477 = CARTESIAN_POINT('',(9.942388155425,23.,-9.192388155425));
#478 = SURFACE_CURVE('',#479,(#484,#495),.PCURVE_S1.);
#479 = CIRCLE('',#480,0.75);
#480 = AXIS2_PLACEMENT_3D('',#481,#482,#483);
#481 = CARTESIAN_POINT('',(9.192388155425,23.,-9.192388155425));
#482 = DIRECTION('',(-2.022720291611E-18,1.,-5.314831798652E-18));
#483 = DIRECTION('',(1.,2.022720291611E-18,8.865115929176E-17));
#484 = PCURVE('',#160,#485);
#485 = DEFINITIONAL_REPRESENTATION('',(#486),#494);
#486 = ( BOUNDED_CURVE() B_SPLINE_CURVE(2,(#487,#488,#489,#490,#491,#492
,#493),.UNSPECIFIED.,.T.,.F.) B_SPLINE_CURVE_WITH_KNOTS((1,2,2,2,2,1),(
    -2.094395102393,0.,2.094395102393,4.188790204786,6.28318530718,
8.377580409573),.UNSPECIFIED.) CURVE() GEOMETRIC_REPRESENTATION_ITEM() 
RATIONAL_B_SPLINE_CURVE((1.,0.5,1.,0.5,1.,0.5,1.)) REPRESENTATION_ITEM(
  '') );
#487 = CARTESIAN_POINT('',(-9.310166815073,-5.471412046423));
#488 = CARTESIAN_POINT('',(-9.310166815073,-6.7704501521));
#489 = CARTESIAN_POINT('',(-10.43516681507,-6.120931099262));
#490 = CARTESIAN_POINT('',(-11.56016681507,-5.471412046423));
#491 = CARTESIAN_POINT('',(-10.43516681507,-4.821892993585));
#492 = CARTESIAN_POINT('',(-9.310166815073,-4.172373940747));
#493 = CARTESIAN_POINT('',(-9.310166815073,-5.471412046423));
#494 = ( GEOMETRIC_REPRESENTATION_CONTEXT(2) 
PARAMETRIC_REPRESENTATION_CONTEXT() REPRESENTATION_CONTEXT('2D SPACE',''
  ) );
#495 = PCURVE('',#496,#501);
#496 = CYLINDRICAL_SURFACE('',#497,0.75);
#497 = AXIS2_PLACEMENT_3D('',#498,#499,#500);
#498 = CARTESIAN_POINT('',(9.192388155425,73.,-9.192388155425));
#499 = DIRECTION('',(-2.022720291611E-18,1.,-5.314831798652E-18));
#500 = DIRECTION('',(1.,2.022720291611E-18,8.865115929176E-17));
#501 = DEFINITIONAL_REPRESENTATION('',(#502),#506);
#502 = LINE('',#503,#504);
#503 = CARTESIAN_POINT('',(-6.28318530718,-50.));
#504 = VECTOR('',#505,1.);
#505 = DIRECTION('',(1.,-0.));
#506 = ( GEOMETRIC_REPRESENTATION_CONTEXT(2) 
PARAMETRIC_REPRESENTATION_CONTEXT() REPRESENTATION_CONTEXT('2D SPACE',''
  ) );
#507 = FACE_BOUND('',#508,.F.);
#508 = EDGE_LOOP('',(#509));
#509 = ORIENTED_EDGE('',*,*,#510,.T.);
#510 = EDGE_CURVE('',#511,#511,#513,.T.);
#511 = VERTEX_POINT('',#512);
#512 = CARTESIAN_POINT('',(8.528174593052,23.,-7.778174593052));
#513 = SURFACE_CURVE('',#514,(#519,#530),.PCURVE_S1.);
#514 = CIRCLE('',#515,0.75);
#515 = AXIS2_PLACEMENT_3D('',#516,#517,#518);
#516 = CARTESIAN_POINT('',(7.778174593052,23.,-7.778174593052));
#517 = DIRECTION('',(-2.022720291611E-18,1.,-5.314831798652E-18));
#518 = DIRECTION('',(1.,2.022720291611E-18,8.865115929176E-17));
#519 = PCURVE('',#160,#520);
#520 = DEFINITIONAL_REPRESENTATION('',(#521),#529);
#521 = ( BOUNDED_CURVE() B_SPLINE_CURVE(2,(#522,#523,#524,#525,#526,#527
,#528),.UNSPECIFIED.,.T.,.F.) B_SPLINE_CURVE_WITH_KNOTS((1,2,2,2,2,1),(
    -2.094395102393,0.,2.094395102393,4.188790204786,6.28318530718,
8.377580409573),.UNSPECIFIED.) CURVE() GEOMETRIC_REPRESENTATION_ITEM() 
RATIONAL_B_SPLINE_CURVE((1.,0.5,1.,0.5,1.,0.5,1.)) REPRESENTATION_ITEM(
  '') );
#522 = CARTESIAN_POINT('',(-10.72438037744,-4.05719848405));
#523 = CARTESIAN_POINT('',(-10.72438037744,-5.356236589727));
#524 = CARTESIAN_POINT('',(-11.84938037744,-4.706717536889));
#525 = CARTESIAN_POINT('',(-12.97438037744,-4.05719848405));
#526 = CARTESIAN_POINT('',(-11.84938037744,-3.407679431212));
#527 = CARTESIAN_POINT('',(-10.72438037744,-2.758160378374));
#528 = CARTESIAN_POINT('',(-10.72438037744,-4.05719848405));
#529 = ( GEOMETRIC_REPRESENTATION_CONTEXT(2) 
PARAMETRIC_REPRESENTATION_CONTEXT() REPRESENTATION_CONTEXT('2D SPACE',''
  ) );
#530 = PCURVE('',#531,#536);
#531 = CYLINDRICAL_SURFACE('',#532,0.75);
#532 = AXIS2_PLACEMENT_3D('',#533,#534,#535);
#533 = CARTESIAN_POINT('',(7.778174593052,73.,-7.778174593052));
#534 = DIRECTION('',(-2.022720291611E-18,1.,-5.314831798652E-18));
#535 = DIRECTION('',(1.,2.022720291611E-18,8.865115929176E-17));
#536 = DEFINITIONAL_REPRESENTATION('',(#537),#541);
#537 = LINE('',#538,#539);
#538 = CARTESIAN_POINT('',(-6.28318530718,-50.));
#539 = VECTOR('',#540,1.);
#540 = DIRECTION('',(1.,-0.));
#541 = ( GEOMETRIC_REPRESENTATION_CONTEXT(2) 
PARAMETRIC_REPRESENTATION_CONTEXT() REPRESENTATION_CONTEXT('2D SPACE',''
  ) );
#542 = FACE_BOUND('',#543,.F.);
#543 = EDGE_LOOP('',(#544));
#544 = ORIENTED_EDGE('',*,*,#545,.T.);
#545 = EDGE_CURVE('',#546,#546,#548,.T.);
#546 = VERTEX_POINT('',#547);
#547 = CARTESIAN_POINT('',(7.113961030679,23.,-6.363961030679));
#548 = SURFACE_CURVE('',#549,(#554,#565),.PCURVE_S1.);
#549 = CIRCLE('',#550,0.75);
#550 = AXIS2_PLACEMENT_3D('',#551,#552,#553);
#551 = CARTESIAN_POINT('',(6.363961030679,23.,-6.363961030679));
#552 = DIRECTION('',(-2.022720291611E-18,1.,-5.314831798652E-18));
#553 = DIRECTION('',(1.,2.022720291611E-18,8.865115929176E-17));
#554 = PCURVE('',#160,#555);
#555 = DEFINITIONAL_REPRESENTATION('',(#556),#564);
#556 = ( BOUNDED_CURVE() B_SPLINE_CURVE(2,(#557,#558,#559,#560,#561,#562
,#563),.UNSPECIFIED.,.T.,.F.) B_SPLINE_CURVE_WITH_KNOTS((1,2,2,2,2,1),(
    -2.094395102393,0.,2.094395102393,4.188790204786,6.28318530718,
8.377580409573),.UNSPECIFIED.) CURVE() GEOMETRIC_REPRESENTATION_ITEM() 
RATIONAL_B_SPLINE_CURVE((1.,0.5,1.,0.5,1.,0.5,1.)) REPRESENTATION_ITEM(
  '') );
#557 = CARTESIAN_POINT('',(-12.13859393981,-2.642984921677));
#558 = CARTESIAN_POINT('',(-12.13859393981,-3.942023027354));
#559 = CARTESIAN_POINT('',(-13.26359393981,-3.292503974516));
#560 = CARTESIAN_POINT('',(-14.38859393981,-2.642984921677));
#561 = CARTESIAN_POINT('',(-13.26359393981,-1.993465868839));
#562 = CARTESIAN_POINT('',(-12.13859393981,-1.343946816001));
#563 = CARTESIAN_POINT('',(-12.13859393981,-2.642984921677));
#564 = ( GEOMETRIC_REPRESENTATION_CONTEXT(2) 
PARAMETRIC_REPRESENTATION_CONTEXT() REPRESENTATION_CONTEXT('2D SPACE',''
  ) );
#565 = PCURVE('',#566,#571);
#566 = CYLINDRICAL_SURFACE('',#567,0.75);
#567 = AXIS2_PLACEMENT_3D('',#568,#569,#570);
#568 = CARTESIAN_POINT('',(6.363961030679,73.,-6.363961030679));
#569 = DIRECTION('',(-2.022720291611E-18,1.,-5.314831798652E-18));
#570 = DIRECTION('',(1.,2.022720291611E-18,8.865115929176E-17));
#571 = DEFINITIONAL_REPRESENTATION('',(#572),#576);
#572 = LINE('',#573,#574);
#573 = CARTESIAN_POINT('',(-6.28318530718,-50.));
#574 = VECTOR('',#575,1.);
#575 = DIRECTION('',(1.,-0.));
#576 = ( GEOMETRIC_REPRESENTATION_CONTEXT(2) 
PARAMETRIC_REPRESENTATION_CONTEXT() REPRESENTATION_CONTEXT('2D SPACE',''
  ) );
#577 = FACE_BOUND('',#578,.F.);
#578 = EDGE_LOOP('',(#579,#607,#633,#659));
#579 = ORIENTED_EDGE('',*,*,#580,.T.);
#580 = EDGE_CURVE('',#581,#583,#585,.T.);
#581 = VERTEX_POINT('',#582);
#582 = CARTESIAN_POINT('',(38.1,23.,-11.9));
#583 = VERTEX_POINT('',#584);
#584 = CARTESIAN_POINT('',(38.1,23.,-20.1));
#585 = SURFACE_CURVE('',#586,(#590,#596),.PCURVE_S1.);
#586 = LINE('',#587,#588);
#587 = CARTESIAN_POINT('',(38.1,23.,-11.9104880545));
#588 = VECTOR('',#589,1.);
#589 = DIRECTION('',(8.865115929176E-17,-5.314831798652E-18,-1.));
#590 = PCURVE('',#160,#591);
#591 = DEFINITIONAL_REPRESENTATION('',(#592),#595);
#592 = B_SPLINE_CURVE_WITH_KNOTS('',1,(#593,#594),.UNSPECIFIED.,.F.,.F.,
  (2,2),(-1.048805450086E-02,8.189511945499),.PIECEWISE_BEZIER_KNOTS.);
#593 = CARTESIAN_POINT('',(18.847445029502,-8.179023890998));
#594 = CARTESIAN_POINT('',(18.847445029502,-16.37902389099));
#595 = ( GEOMETRIC_REPRESENTATION_CONTEXT(2) 
PARAMETRIC_REPRESENTATION_CONTEXT() REPRESENTATION_CONTEXT('2D SPACE',''
  ) );
#596 = PCURVE('',#597,#602);
#597 = PLANE('',#598);
#598 = AXIS2_PLACEMENT_3D('',#599,#600,#601);
#599 = CARTESIAN_POINT('',(38.1,73.,-20.1));
#600 = DIRECTION('',(-1.,-2.022720291611E-18,-8.865115929176E-17));
#601 = DIRECTION('',(-8.865115929176E-17,5.314831798652E-18,1.));
#602 = DEFINITIONAL_REPRESENTATION('',(#603),#606);
#603 = B_SPLINE_CURVE_WITH_KNOTS('',1,(#604,#605),.UNSPECIFIED.,.F.,.F.,
  (2,2),(-1.048805450086E-02,8.189511945499),.PIECEWISE_BEZIER_KNOTS.);
#604 = CARTESIAN_POINT('',(8.2,-50.));
#605 = CARTESIAN_POINT('',(0.,-50.));
#606 = ( GEOMETRIC_REPRESENTATION_CONTEXT(2) 
PARAMETRIC_REPRESENTATION_CONTEXT() REPRESENTATION_CONTEXT('2D SPACE',''
  ) );
#607 = ORIENTED_EDGE('',*,*,#608,.T.);
#608 = EDGE_CURVE('',#583,#609,#611,.T.);
#609 = VERTEX_POINT('',#610);
#610 = CARTESIAN_POINT('',(34.9,23.,-20.1));
#611 = SURFACE_CURVE('',#612,(#616,#622),.PCURVE_S1.);
#612 = LINE('',#613,#614);
#613 = CARTESIAN_POINT('',(27.076277485249,23.,-20.1));
#614 = VECTOR('',#615,1.);
#615 = DIRECTION('',(-1.,-2.022720291611E-18,-8.865115929176E-17));
#616 = PCURVE('',#160,#617);
#617 = DEFINITIONAL_REPRESENTATION('',(#618),#621);
#618 = B_SPLINE_CURVE_WITH_KNOTS('',1,(#619,#620),.UNSPECIFIED.,.F.,.F.,
  (2,2),(-11.02372251475,-7.823722514751),.PIECEWISE_BEZIER_KNOTS.);
#619 = CARTESIAN_POINT('',(18.847445029502,-16.37902389099));
#620 = CARTESIAN_POINT('',(15.647445029502,-16.37902389099));
#621 = ( GEOMETRIC_REPRESENTATION_CONTEXT(2) 
PARAMETRIC_REPRESENTATION_CONTEXT() REPRESENTATION_CONTEXT('2D SPACE',''
  ) );
#622 = PCURVE('',#623,#628);
#623 = PLANE('',#624);
#624 = AXIS2_PLACEMENT_3D('',#625,#626,#627);
#625 = CARTESIAN_POINT('',(34.9,73.,-20.1));
#626 = DIRECTION('',(-8.865115929176E-17,5.314831798652E-18,1.));
#627 = DIRECTION('',(1.,2.022720291611E-18,8.865115929176E-17));
#628 = DEFINITIONAL_REPRESENTATION('',(#629),#632);
#629 = B_SPLINE_CURVE_WITH_KNOTS('',1,(#630,#631),.UNSPECIFIED.,.F.,.F.,
  (2,2),(-11.02372251475,-7.823722514751),.PIECEWISE_BEZIER_KNOTS.);
#630 = CARTESIAN_POINT('',(3.2,-50.));
#631 = CARTESIAN_POINT('',(0.,-50.));
#632 = ( GEOMETRIC_REPRESENTATION_CONTEXT(2) 
PARAMETRIC_REPRESENTATION_CONTEXT() REPRESENTATION_CONTEXT('2D SPACE',''
  ) );
#633 = ORIENTED_EDGE('',*,*,#634,.T.);
#634 = EDGE_CURVE('',#609,#635,#637,.T.);
#635 = VERTEX_POINT('',#636);
#636 = CARTESIAN_POINT('',(34.9,23.,-11.9));
#637 = SURFACE_CURVE('',#638,(#642,#648),.PCURVE_S1.);
#638 = LINE('',#639,#640);
#639 = CARTESIAN_POINT('',(34.9,23.,-7.810488054501));
#640 = VECTOR('',#641,1.);
#641 = DIRECTION('',(-8.865115929176E-17,5.314831798652E-18,1.));
#642 = PCURVE('',#160,#643);
#643 = DEFINITIONAL_REPRESENTATION('',(#644),#647);
#644 = B_SPLINE_CURVE_WITH_KNOTS('',1,(#645,#646),.UNSPECIFIED.,.F.,.F.,
  (2,2),(-12.28951194549,-4.089511945499),.PIECEWISE_BEZIER_KNOTS.);
#645 = CARTESIAN_POINT('',(15.647445029502,-16.37902389099));
#646 = CARTESIAN_POINT('',(15.647445029502,-8.179023890998));
#647 = ( GEOMETRIC_REPRESENTATION_CONTEXT(2) 
PARAMETRIC_REPRESENTATION_CONTEXT() REPRESENTATION_CONTEXT('2D SPACE',''
  ) );
#648 = PCURVE('',#649,#654);
#649 = PLANE('',#650);
#650 = AXIS2_PLACEMENT_3D('',#651,#652,#653);
#651 = CARTESIAN_POINT('',(34.9,73.,-11.9));
#652 = DIRECTION('',(1.,2.022720291611E-18,8.865115929176E-17));
#653 = DIRECTION('',(8.865115929176E-17,-5.314831798652E-18,-1.));
#654 = DEFINITIONAL_REPRESENTATION('',(#655),#658);
#655 = B_SPLINE_CURVE_WITH_KNOTS('',1,(#656,#657),.UNSPECIFIED.,.F.,.F.,
  (2,2),(-12.28951194549,-4.089511945499),.PIECEWISE_BEZIER_KNOTS.);
#656 = CARTESIAN_POINT('',(8.2,-50.));
#657 = CARTESIAN_POINT('',(0.,-50.));
#658 = ( GEOMETRIC_REPRESENTATION_CONTEXT(2) 
PARAMETRIC_REPRESENTATION_CONTEXT() REPRESENTATION_CONTEXT('2D SPACE',''
  ) );
#659 = ORIENTED_EDGE('',*,*,#660,.T.);
#660 = EDGE_CURVE('',#635,#581,#661,.T.);
#661 = SURFACE_CURVE('',#662,(#666,#672),.PCURVE_S1.);
#662 = LINE('',#663,#664);
#663 = CARTESIAN_POINT('',(28.676277485249,23.,-11.9));
#664 = VECTOR('',#665,1.);
#665 = DIRECTION('',(1.,2.022720291611E-18,8.865115929176E-17));
#666 = PCURVE('',#160,#667);
#667 = DEFINITIONAL_REPRESENTATION('',(#668),#671);
#668 = B_SPLINE_CURVE_WITH_KNOTS('',1,(#669,#670),.UNSPECIFIED.,.F.,.F.,
  (2,2),(6.223722514751,9.423722514751),.PIECEWISE_BEZIER_KNOTS.);
#669 = CARTESIAN_POINT('',(15.647445029502,-8.179023890998));
#670 = CARTESIAN_POINT('',(18.847445029502,-8.179023890998));
#671 = ( GEOMETRIC_REPRESENTATION_CONTEXT(2) 
PARAMETRIC_REPRESENTATION_CONTEXT() REPRESENTATION_CONTEXT('2D SPACE',''
  ) );
#672 = PCURVE('',#673,#678);
#673 = PLANE('',#674);
#674 = AXIS2_PLACEMENT_3D('',#675,#676,#677);
#675 = CARTESIAN_POINT('',(38.1,73.,-11.9));
#676 = DIRECTION('',(8.865115929176E-17,-5.314831798652E-18,-1.));
#677 = DIRECTION('',(-1.,-2.022720291611E-18,-8.865115929176E-17));
#678 = DEFINITIONAL_REPRESENTATION('',(#679),#682);
#679 = B_SPLINE_CURVE_WITH_KNOTS('',1,(#680,#681),.UNSPECIFIED.,.F.,.F.,
  (2,2),(6.223722514751,9.423722514751),.PIECEWISE_BEZIER_KNOTS.);
#680 = CARTESIAN_POINT('',(3.2,-50.));
#681 = CARTESIAN_POINT('',(0.,-50.));
#682 = ( GEOMETRIC_REPRESENTATION_CONTEXT(2) 
PARAMETRIC_REPRESENTATION_CONTEXT() REPRESENTATION_CONTEXT('2D SPACE',''
  ) );
#683 = FACE_BOUND('',#684,.F.);
#684 = EDGE_LOOP('',(#685));
#685 = ORIENTED_EDGE('',*,*,#686,.T.);
#686 = EDGE_CURVE('',#687,#687,#689,.T.);
#687 = VERTEX_POINT('',#688);
#688 = CARTESIAN_POINT('',(21.5,23.,-8.));
#689 = SURFACE_CURVE('',#690,(#695,#706),.PCURVE_S1.);
#690 = CIRCLE('',#691,4.5);
#691 = AXIS2_PLACEMENT_3D('',#692,#693,#694);
#692 = CARTESIAN_POINT('',(17.,23.,-8.));
#693 = DIRECTION('',(-2.022720291611E-18,1.,-5.314831798652E-18));
#694 = DIRECTION('',(1.,2.022720291611E-18,8.865115929176E-17));
#695 = PCURVE('',#160,#696);
#696 = DEFINITIONAL_REPRESENTATION('',(#697),#705);
#697 = ( BOUNDED_CURVE() B_SPLINE_CURVE(2,(#698,#699,#700,#701,#702,#703
,#704),.UNSPECIFIED.,.T.,.F.) B_SPLINE_CURVE_WITH_KNOTS((1,2,2,2,2,1),(
    -2.094395102393,0.,2.094395102393,4.188790204786,6.28318530718,
8.377580409573),.UNSPECIFIED.) CURVE() GEOMETRIC_REPRESENTATION_ITEM() 
RATIONAL_B_SPLINE_CURVE((1.,0.5,1.,0.5,1.,0.5,1.)) REPRESENTATION_ITEM(
  '') );
#698 = CARTESIAN_POINT('',(2.247445029502,-4.279023890998));
#699 = CARTESIAN_POINT('',(2.247445029502,-12.07325252505));
#700 = CARTESIAN_POINT('',(-4.502554970498,-8.176138208028));
#701 = CARTESIAN_POINT('',(-11.25255497049,-4.279023890998));
#702 = CARTESIAN_POINT('',(-4.502554970498,-0.381909573968));
#703 = CARTESIAN_POINT('',(2.247445029502,3.515204743062));
#704 = CARTESIAN_POINT('',(2.247445029502,-4.279023890998));
#705 = ( GEOMETRIC_REPRESENTATION_CONTEXT(2) 
PARAMETRIC_REPRESENTATION_CONTEXT() REPRESENTATION_CONTEXT('2D SPACE',''
  ) );
#706 = PCURVE('',#707,#712);
#707 = CYLINDRICAL_SURFACE('',#708,4.5);
#708 = AXIS2_PLACEMENT_3D('',#709,#710,#711);
#709 = CARTESIAN_POINT('',(17.,123.,-8.));
#710 = DIRECTION('',(-2.022720291611E-18,1.,-5.314831798652E-18));
#711 = DIRECTION('',(1.,2.022720291611E-18,8.865115929176E-17));
#712 = DEFINITIONAL_REPRESENTATION('',(#713),#717);
#713 = LINE('',#714,#715);
#714 = CARTESIAN_POINT('',(-6.28318530718,-100.));
#715 = VECTOR('',#716,1.);
#716 = DIRECTION('',(1.,-0.));
#717 = ( GEOMETRIC_REPRESENTATION_CONTEXT(2) 
PARAMETRIC_REPRESENTATION_CONTEXT() REPRESENTATION_CONTEXT('2D SPACE',''
  ) );
#718 = FACE_BOUND('',#719,.F.);
#719 = EDGE_LOOP('',(#720));
#720 = ORIENTED_EDGE('',*,*,#721,.T.);
#721 = EDGE_CURVE('',#722,#722,#724,.T.);
#722 = VERTEX_POINT('',#723);
#723 = CARTESIAN_POINT('',(-4.199747468306,23.,-4.949747468306));
#724 = SURFACE_CURVE('',#725,(#730,#741),.PCURVE_S1.);
#725 = CIRCLE('',#726,0.75);
#726 = AXIS2_PLACEMENT_3D('',#727,#728,#729);
#727 = CARTESIAN_POINT('',(-4.949747468306,23.,-4.949747468306));
#728 = DIRECTION('',(-2.022720291611E-18,1.,-5.314831798652E-18));
#729 = DIRECTION('',(1.,2.022720291611E-18,8.865115929176E-17));
#730 = PCURVE('',#160,#731);
#731 = DEFINITIONAL_REPRESENTATION('',(#732),#740);
#732 = ( BOUNDED_CURVE() B_SPLINE_CURVE(2,(#733,#734,#735,#736,#737,#738
,#739),.UNSPECIFIED.,.T.,.F.) B_SPLINE_CURVE_WITH_KNOTS((1,2,2,2,2,1),(
    -2.094395102393,0.,2.094395102393,4.188790204786,6.28318530718,
8.377580409573),.UNSPECIFIED.) CURVE() GEOMETRIC_REPRESENTATION_ITEM() 
RATIONAL_B_SPLINE_CURVE((1.,0.5,1.,0.5,1.,0.5,1.)) REPRESENTATION_ITEM(
  '') );
#733 = CARTESIAN_POINT('',(-23.4523024388,-1.228771359304));
#734 = CARTESIAN_POINT('',(-23.4523024388,-2.527809464981));
#735 = CARTESIAN_POINT('',(-24.5773024388,-1.878290412142));
#736 = CARTESIAN_POINT('',(-25.7023024388,-1.228771359304));
#737 = CARTESIAN_POINT('',(-24.5773024388,-0.579252306466));
#738 = CARTESIAN_POINT('',(-23.4523024388,7.026674637255E-02));
#739 = CARTESIAN_POINT('',(-23.4523024388,-1.228771359304));
#740 = ( GEOMETRIC_REPRESENTATION_CONTEXT(2) 
PARAMETRIC_REPRESENTATION_CONTEXT() REPRESENTATION_CONTEXT('2D SPACE',''
  ) );
#741 = PCURVE('',#742,#747);
#742 = CYLINDRICAL_SURFACE('',#743,0.75);
#743 = AXIS2_PLACEMENT_3D('',#744,#745,#746);
#744 = CARTESIAN_POINT('',(-4.949747468306,73.,-4.949747468306));
#745 = DIRECTION('',(-2.022720291611E-18,1.,-5.314831798652E-18));
#746 = DIRECTION('',(1.,2.022720291611E-18,8.865115929176E-17));
#747 = DEFINITIONAL_REPRESENTATION('',(#748),#752);
#748 = LINE('',#749,#750);
#749 = CARTESIAN_POINT('',(-6.28318530718,-50.));
#750 = VECTOR('',#751,1.);
#751 = DIRECTION('',(1.,-0.));
#752 = ( GEOMETRIC_REPRESENTATION_CONTEXT(2) 
PARAMETRIC_REPRESENTATION_CONTEXT() REPRESENTATION_CONTEXT('2D SPACE',''
  ) );
#753 = FACE_BOUND('',#754,.F.);
#754 = EDGE_LOOP('',(#755));
#755 = ORIENTED_EDGE('',*,*,#756,.T.);
#756 = EDGE_CURVE('',#757,#757,#759,.T.);
#757 = VERTEX_POINT('',#758);
#758 = CARTESIAN_POINT('',(3.,23.,-2.815575595253E-14));
#759 = SURFACE_CURVE('',#760,(#765,#776),.PCURVE_S1.);
#760 = CIRCLE('',#761,3.);
#761 = AXIS2_PLACEMENT_3D('',#762,#763,#764);
#762 = CARTESIAN_POINT('',(-6.394884621841E-14,23.,-2.84217094304E-14));
#763 = DIRECTION('',(-2.022720291611E-18,1.,-5.314831798652E-18));
#764 = DIRECTION('',(1.,2.022720291611E-18,8.865115929176E-17));
#765 = PCURVE('',#160,#766);
#766 = DEFINITIONAL_REPRESENTATION('',(#767),#775);
#767 = ( BOUNDED_CURVE() B_SPLINE_CURVE(2,(#768,#769,#770,#771,#772,#773
,#774),.UNSPECIFIED.,.T.,.F.) B_SPLINE_CURVE_WITH_KNOTS((1,2,2,2,2,1),(
    -2.094395102393,0.,2.094395102393,4.188790204786,6.28318530718,
8.377580409573),.UNSPECIFIED.) CURVE() GEOMETRIC_REPRESENTATION_ITEM() 
RATIONAL_B_SPLINE_CURVE((1.,0.5,1.,0.5,1.,0.5,1.)) REPRESENTATION_ITEM(
  '') );
#768 = CARTESIAN_POINT('',(-16.25255497049,3.720976109002));
#769 = CARTESIAN_POINT('',(-16.25255497049,-1.475176313705));
#770 = CARTESIAN_POINT('',(-20.75255497049,1.122899897648));
#771 = CARTESIAN_POINT('',(-25.25255497049,3.720976109002));
#772 = CARTESIAN_POINT('',(-20.75255497049,6.319052320355));
#773 = CARTESIAN_POINT('',(-16.25255497049,8.917128531708));
#774 = CARTESIAN_POINT('',(-16.25255497049,3.720976109002));
#775 = ( GEOMETRIC_REPRESENTATION_CONTEXT(2) 
PARAMETRIC_REPRESENTATION_CONTEXT() REPRESENTATION_CONTEXT('2D SPACE',''
  ) );
#776 = PCURVE('',#777,#782);
#777 = CYLINDRICAL_SURFACE('',#778,3.);
#778 = AXIS2_PLACEMENT_3D('',#779,#780,#781);
#779 = CARTESIAN_POINT('',(-6.404998223299E-14,73.,-2.868745102034E-14)
  );
#780 = DIRECTION('',(-2.022720291611E-18,1.,-5.314831798652E-18));
#781 = DIRECTION('',(1.,2.022720291611E-18,8.865115929176E-17));
#782 = DEFINITIONAL_REPRESENTATION('',(#783),#787);
#783 = LINE('',#784,#785);
#784 = CARTESIAN_POINT('',(-6.28318530718,-50.));
#785 = VECTOR('',#786,1.);
#786 = DIRECTION('',(1.,-0.));
#787 = ( GEOMETRIC_REPRESENTATION_CONTEXT(2) 
PARAMETRIC_REPRESENTATION_CONTEXT() REPRESENTATION_CONTEXT('2D SPACE',''
  ) );
#788 = FACE_BOUND('',#789,.F.);
#789 = EDGE_LOOP('',(#790));
#790 = ORIENTED_EDGE('',*,*,#791,.T.);
#791 = EDGE_CURVE('',#792,#792,#794,.T.);
#792 = VERTEX_POINT('',#793);
#793 = CARTESIAN_POINT('',(5.699747468306,23.,-4.949747468306));
#794 = SURFACE_CURVE('',#795,(#800,#811),.PCURVE_S1.);
#795 = CIRCLE('',#796,0.75);
#796 = AXIS2_PLACEMENT_3D('',#797,#798,#799);
#797 = CARTESIAN_POINT('',(4.949747468306,23.,-4.949747468306));
#798 = DIRECTION('',(-2.022720291611E-18,1.,-5.314831798652E-18));
#799 = DIRECTION('',(1.,2.022720291611E-18,8.865115929176E-17));
#800 = PCURVE('',#160,#801);
#801 = DEFINITIONAL_REPRESENTATION('',(#802),#810);
#802 = ( BOUNDED_CURVE() B_SPLINE_CURVE(2,(#803,#804,#805,#806,#807,#808
,#809),.UNSPECIFIED.,.T.,.F.) B_SPLINE_CURVE_WITH_KNOTS((1,2,2,2,2,1),(
    -2.094395102393,0.,2.094395102393,4.188790204786,6.28318530718,
8.377580409573),.UNSPECIFIED.) CURVE() GEOMETRIC_REPRESENTATION_ITEM() 
RATIONAL_B_SPLINE_CURVE((1.,0.5,1.,0.5,1.,0.5,1.)) REPRESENTATION_ITEM(
  '') );
#803 = CARTESIAN_POINT('',(-13.55280750219,-1.228771359304));
#804 = CARTESIAN_POINT('',(-13.55280750219,-2.527809464981));
#805 = CARTESIAN_POINT('',(-14.67780750219,-1.878290412142));
#806 = CARTESIAN_POINT('',(-15.80280750219,-1.228771359304));
#807 = CARTESIAN_POINT('',(-14.67780750219,-0.579252306466));
#808 = CARTESIAN_POINT('',(-13.55280750219,7.026674637255E-02));
#809 = CARTESIAN_POINT('',(-13.55280750219,-1.228771359304));
#810 = ( GEOMETRIC_REPRESENTATION_CONTEXT(2) 
PARAMETRIC_REPRESENTATION_CONTEXT() REPRESENTATION_CONTEXT('2D SPACE',''
  ) );
#811 = PCURVE('',#812,#817);
#812 = CYLINDRICAL_SURFACE('',#813,0.75);
#813 = AXIS2_PLACEMENT_3D('',#814,#815,#816);
#814 = CARTESIAN_POINT('',(4.949747468306,73.,-4.949747468306));
#815 = DIRECTION('',(-2.022720291611E-18,1.,-5.314831798652E-18));
#816 = DIRECTION('',(1.,2.022720291611E-18,8.865115929176E-17));
#817 = DEFINITIONAL_REPRESENTATION('',(#818),#822);
#818 = LINE('',#819,#820);
#819 = CARTESIAN_POINT('',(-6.28318530718,-50.));
#820 = VECTOR('',#821,1.);
#821 = DIRECTION('',(1.,-0.));
#822 = ( GEOMETRIC_REPRESENTATION_CONTEXT(2) 
PARAMETRIC_REPRESENTATION_CONTEXT() REPRESENTATION_CONTEXT('2D SPACE',''
  ) );
#823 = FACE_BOUND('',#824,.F.);
#824 = EDGE_LOOP('',(#825));
#825 = ORIENTED_EDGE('',*,*,#826,.T.);
#826 = EDGE_CURVE('',#827,#827,#829,.T.);
#827 = VERTEX_POINT('',#828);
#828 = CARTESIAN_POINT('',(-4.199747468306,23.,4.949747468306));
#829 = SURFACE_CURVE('',#830,(#835,#846),.PCURVE_S1.);
#830 = CIRCLE('',#831,0.75);
#831 = AXIS2_PLACEMENT_3D('',#832,#833,#834);
#832 = CARTESIAN_POINT('',(-4.949747468306,23.,4.949747468306));
#833 = DIRECTION('',(-2.022720291611E-18,1.,-5.314831798652E-18));
#834 = DIRECTION('',(1.,2.022720291611E-18,8.865115929176E-17));
#835 = PCURVE('',#160,#836);
#836 = DEFINITIONAL_REPRESENTATION('',(#837),#845);
#837 = ( BOUNDED_CURVE() B_SPLINE_CURVE(2,(#838,#839,#840,#841,#842,#843
,#844),.UNSPECIFIED.,.T.,.F.) B_SPLINE_CURVE_WITH_KNOTS((1,2,2,2,2,1),(
    -2.094395102393,0.,2.094395102393,4.188790204786,6.28318530718,
8.377580409573),.UNSPECIFIED.) CURVE() GEOMETRIC_REPRESENTATION_ITEM() 
RATIONAL_B_SPLINE_CURVE((1.,0.5,1.,0.5,1.,0.5,1.)) REPRESENTATION_ITEM(
  '') );
#838 = CARTESIAN_POINT('',(-23.4523024388,8.670723577308));
#839 = CARTESIAN_POINT('',(-23.4523024388,7.371685471631));
#840 = CARTESIAN_POINT('',(-24.5773024388,8.021204524469));
#841 = CARTESIAN_POINT('',(-25.7023024388,8.670723577308));
#842 = CARTESIAN_POINT('',(-24.5773024388,9.320242630146));
#843 = CARTESIAN_POINT('',(-23.4523024388,9.969761682984));
#844 = CARTESIAN_POINT('',(-23.4523024388,8.670723577308));
#845 = ( GEOMETRIC_REPRESENTATION_CONTEXT(2) 
PARAMETRIC_REPRESENTATION_CONTEXT() REPRESENTATION_CONTEXT('2D SPACE',''
  ) );
#846 = PCURVE('',#847,#852);
#847 = CYLINDRICAL_SURFACE('',#848,0.75);
#848 = AXIS2_PLACEMENT_3D('',#849,#850,#851);
#849 = CARTESIAN_POINT('',(-4.949747468306,73.,4.949747468306));
#850 = DIRECTION('',(-2.022720291611E-18,1.,-5.314831798652E-18));
#851 = DIRECTION('',(1.,2.022720291611E-18,8.865115929176E-17));
#852 = DEFINITIONAL_REPRESENTATION('',(#853),#857);
#853 = LINE('',#854,#855);
#854 = CARTESIAN_POINT('',(-6.28318530718,-50.));
#855 = VECTOR('',#856,1.);
#856 = DIRECTION('',(1.,-0.));
#857 = ( GEOMETRIC_REPRESENTATION_CONTEXT(2) 
PARAMETRIC_REPRESENTATION_CONTEXT() REPRESENTATION_CONTEXT('2D SPACE',''
  ) );
#858 = FACE_BOUND('',#859,.F.);
#859 = EDGE_LOOP('',(#860));
#860 = ORIENTED_EDGE('',*,*,#861,.T.);
#861 = EDGE_CURVE('',#862,#862,#864,.T.);
#862 = VERTEX_POINT('',#863);
#863 = CARTESIAN_POINT('',(-5.613961030679,23.,6.363961030679));
#864 = SURFACE_CURVE('',#865,(#870,#881),.PCURVE_S1.);
#865 = CIRCLE('',#866,0.75);
#866 = AXIS2_PLACEMENT_3D('',#867,#868,#869);
#867 = CARTESIAN_POINT('',(-6.363961030679,23.,6.363961030679));
#868 = DIRECTION('',(-2.022720291611E-18,1.,-5.314831798652E-18));
#869 = DIRECTION('',(1.,2.022720291611E-18,8.865115929176E-17));
#870 = PCURVE('',#160,#871);
#871 = DEFINITIONAL_REPRESENTATION('',(#872),#880);
#872 = ( BOUNDED_CURVE() B_SPLINE_CURVE(2,(#873,#874,#875,#876,#877,#878
,#879),.UNSPECIFIED.,.T.,.F.) B_SPLINE_CURVE_WITH_KNOTS((1,2,2,2,2,1),(
    -2.094395102393,0.,2.094395102393,4.188790204786,6.28318530718,
8.377580409573),.UNSPECIFIED.) CURVE() GEOMETRIC_REPRESENTATION_ITEM() 
RATIONAL_B_SPLINE_CURVE((1.,0.5,1.,0.5,1.,0.5,1.)) REPRESENTATION_ITEM(
  '') );
#873 = CARTESIAN_POINT('',(-24.86651600117,10.084937139681));
#874 = CARTESIAN_POINT('',(-24.86651600117,8.785899034004));
#875 = CARTESIAN_POINT('',(-25.99151600117,9.435418086842));
#876 = CARTESIAN_POINT('',(-27.11651600117,10.084937139681));
#877 = CARTESIAN_POINT('',(-25.99151600117,10.734456192519));
#878 = CARTESIAN_POINT('',(-24.86651600117,11.383975245357));
#879 = CARTESIAN_POINT('',(-24.86651600117,10.084937139681));
#880 = ( GEOMETRIC_REPRESENTATION_CONTEXT(2) 
PARAMETRIC_REPRESENTATION_CONTEXT() REPRESENTATION_CONTEXT('2D SPACE',''
  ) );
#881 = PCURVE('',#882,#887);
#882 = CYLINDRICAL_SURFACE('',#883,0.75);
#883 = AXIS2_PLACEMENT_3D('',#884,#885,#886);
#884 = CARTESIAN_POINT('',(-6.363961030679,73.,6.363961030679));
#885 = DIRECTION('',(-2.022720291611E-18,1.,-5.314831798652E-18));
#886 = DIRECTION('',(1.,2.022720291611E-18,8.865115929176E-17));
#887 = DEFINITIONAL_REPRESENTATION('',(#888),#892);
#888 = LINE('',#889,#890);
#889 = CARTESIAN_POINT('',(-6.28318530718,-50.));
#890 = VECTOR('',#891,1.);
#891 = DIRECTION('',(1.,-0.));
#892 = ( GEOMETRIC_REPRESENTATION_CONTEXT(2) 
PARAMETRIC_REPRESENTATION_CONTEXT() REPRESENTATION_CONTEXT('2D SPACE',''
  ) );
#893 = FACE_BOUND('',#894,.F.);
#894 = EDGE_LOOP('',(#895));
#895 = ORIENTED_EDGE('',*,*,#896,.T.);
#896 = EDGE_CURVE('',#897,#897,#899,.T.);
#897 = VERTEX_POINT('',#898);
#898 = CARTESIAN_POINT('',(-7.028174593052,23.,7.778174593052));
#899 = SURFACE_CURVE('',#900,(#905,#916),.PCURVE_S1.);
#900 = CIRCLE('',#901,0.75);
#901 = AXIS2_PLACEMENT_3D('',#902,#903,#904);
#902 = CARTESIAN_POINT('',(-7.778174593052,23.,7.778174593052));
#903 = DIRECTION('',(-2.022720291611E-18,1.,-5.314831798652E-18));
#904 = DIRECTION('',(1.,2.022720291611E-18,8.865115929176E-17));
#905 = PCURVE('',#160,#906);
#906 = DEFINITIONAL_REPRESENTATION('',(#907),#915);
#907 = ( BOUNDED_CURVE() B_SPLINE_CURVE(2,(#908,#909,#910,#911,#912,#913
,#914),.UNSPECIFIED.,.T.,.F.) B_SPLINE_CURVE_WITH_KNOTS((1,2,2,2,2,1),(
    -2.094395102393,0.,2.094395102393,4.188790204786,6.28318530718,
8.377580409573),.UNSPECIFIED.) CURVE() GEOMETRIC_REPRESENTATION_ITEM() 
RATIONAL_B_SPLINE_CURVE((1.,0.5,1.,0.5,1.,0.5,1.)) REPRESENTATION_ITEM(
  '') );
#908 = CARTESIAN_POINT('',(-26.28072956355,11.499150702054));
#909 = CARTESIAN_POINT('',(-26.28072956355,10.200112596377));
#910 = CARTESIAN_POINT('',(-27.40572956355,10.849631649215));
#911 = CARTESIAN_POINT('',(-28.53072956355,11.499150702054));
#912 = CARTESIAN_POINT('',(-27.40572956355,12.148669754892));
#913 = CARTESIAN_POINT('',(-26.28072956355,12.79818880773));
#914 = CARTESIAN_POINT('',(-26.28072956355,11.499150702054));
#915 = ( GEOMETRIC_REPRESENTATION_CONTEXT(2) 
PARAMETRIC_REPRESENTATION_CONTEXT() REPRESENTATION_CONTEXT('2D SPACE',''
  ) );
#916 = PCURVE('',#917,#922);
#917 = CYLINDRICAL_SURFACE('',#918,0.75);
#918 = AXIS2_PLACEMENT_3D('',#919,#920,#921);
#919 = CARTESIAN_POINT('',(-7.778174593052,73.,7.778174593052));
#920 = DIRECTION('',(-2.022720291611E-18,1.,-5.314831798652E-18));
#921 = DIRECTION('',(1.,2.022720291611E-18,8.865115929176E-17));
#922 = DEFINITIONAL_REPRESENTATION('',(#923),#927);
#923 = LINE('',#924,#925);
#924 = CARTESIAN_POINT('',(-6.28318530718,-50.));
#925 = VECTOR('',#926,1.);
#926 = DIRECTION('',(1.,-0.));
#927 = ( GEOMETRIC_REPRESENTATION_CONTEXT(2) 
PARAMETRIC_REPRESENTATION_CONTEXT() REPRESENTATION_CONTEXT('2D SPACE',''
  ) );
#928 = FACE_BOUND('',#929,.F.);
#929 = EDGE_LOOP('',(#930));
#930 = ORIENTED_EDGE('',*,*,#931,.T.);
#931 = EDGE_CURVE('',#932,#932,#934,.T.);
#932 = VERTEX_POINT('',#933);
#933 = CARTESIAN_POINT('',(5.699747468306,23.,4.949747468306));
#934 = SURFACE_CURVE('',#935,(#940,#951),.PCURVE_S1.);
#935 = CIRCLE('',#936,0.75);
#936 = AXIS2_PLACEMENT_3D('',#937,#938,#939);
#937 = CARTESIAN_POINT('',(4.949747468306,23.,4.949747468306));
#938 = DIRECTION('',(-2.022720291611E-18,1.,-5.314831798652E-18));
#939 = DIRECTION('',(1.,2.022720291611E-18,8.865115929176E-17));
#940 = PCURVE('',#160,#941);
#941 = DEFINITIONAL_REPRESENTATION('',(#942),#950);
#942 = ( BOUNDED_CURVE() B_SPLINE_CURVE(2,(#943,#944,#945,#946,#947,#948
,#949),.UNSPECIFIED.,.T.,.F.) B_SPLINE_CURVE_WITH_KNOTS((1,2,2,2,2,1),(
    -2.094395102393,0.,2.094395102393,4.188790204786,6.28318530718,
8.377580409573),.UNSPECIFIED.) CURVE() GEOMETRIC_REPRESENTATION_ITEM() 
RATIONAL_B_SPLINE_CURVE((1.,0.5,1.,0.5,1.,0.5,1.)) REPRESENTATION_ITEM(
  '') );
#943 = CARTESIAN_POINT('',(-13.55280750219,8.670723577308));
#944 = CARTESIAN_POINT('',(-13.55280750219,7.371685471631));
#945 = CARTESIAN_POINT('',(-14.67780750219,8.021204524469));
#946 = CARTESIAN_POINT('',(-15.80280750219,8.670723577308));
#947 = CARTESIAN_POINT('',(-14.67780750219,9.320242630146));
#948 = CARTESIAN_POINT('',(-13.55280750219,9.969761682984));
#949 = CARTESIAN_POINT('',(-13.55280750219,8.670723577308));
#950 = ( GEOMETRIC_REPRESENTATION_CONTEXT(2) 
PARAMETRIC_REPRESENTATION_CONTEXT() REPRESENTATION_CONTEXT('2D SPACE',''
  ) );
#951 = PCURVE('',#952,#957);
#952 = CYLINDRICAL_SURFACE('',#953,0.75);
#953 = AXIS2_PLACEMENT_3D('',#954,#955,#956);
#954 = CARTESIAN_POINT('',(4.949747468306,73.,4.949747468306));
#955 = DIRECTION('',(-2.022720291611E-18,1.,-5.314831798652E-18));
#956 = DIRECTION('',(1.,2.022720291611E-18,8.865115929176E-17));
#957 = DEFINITIONAL_REPRESENTATION('',(#958),#962);
#958 = LINE('',#959,#960);
#959 = CARTESIAN_POINT('',(-6.28318530718,-50.));
#960 = VECTOR('',#961,1.);
#961 = DIRECTION('',(1.,-0.));
#962 = ( GEOMETRIC_REPRESENTATION_CONTEXT(2) 
PARAMETRIC_REPRESENTATION_CONTEXT() REPRESENTATION_CONTEXT('2D SPACE',''
  ) );
#963 = FACE_BOUND('',#964,.F.);
#964 = EDGE_LOOP('',(#965));
#965 = ORIENTED_EDGE('',*,*,#966,.T.);
#966 = EDGE_CURVE('',#967,#967,#969,.T.);
#967 = VERTEX_POINT('',#968);
#968 = CARTESIAN_POINT('',(7.113961030679,23.,6.363961030679));
#969 = SURFACE_CURVE('',#970,(#975,#986),.PCURVE_S1.);
#970 = CIRCLE('',#971,0.75);
#971 = AXIS2_PLACEMENT_3D('',#972,#973,#974);
#972 = CARTESIAN_POINT('',(6.363961030679,23.,6.363961030679));
#973 = DIRECTION('',(-2.022720291611E-18,1.,-5.314831798652E-18));
#974 = DIRECTION('',(1.,2.022720291611E-18,8.865115929176E-17));
#975 = PCURVE('',#160,#976);
#976 = DEFINITIONAL_REPRESENTATION('',(#977),#985);
#977 = ( BOUNDED_CURVE() B_SPLINE_CURVE(2,(#978,#979,#980,#981,#982,#983
,#984),.UNSPECIFIED.,.T.,.F.) B_SPLINE_CURVE_WITH_KNOTS((1,2,2,2,2,1),(
    -2.094395102393,0.,2.094395102393,4.188790204786,6.28318530718,
8.377580409573),.UNSPECIFIED.) CURVE() GEOMETRIC_REPRESENTATION_ITEM() 
RATIONAL_B_SPLINE_CURVE((1.,0.5,1.,0.5,1.,0.5,1.)) REPRESENTATION_ITEM(
  '') );
#978 = CARTESIAN_POINT('',(-12.13859393981,10.084937139681));
#979 = CARTESIAN_POINT('',(-12.13859393981,8.785899034004));
#980 = CARTESIAN_POINT('',(-13.26359393981,9.435418086842));
#981 = CARTESIAN_POINT('',(-14.38859393981,10.084937139681));
#982 = CARTESIAN_POINT('',(-13.26359393981,10.734456192519));
#983 = CARTESIAN_POINT('',(-12.13859393981,11.383975245357));
#984 = CARTESIAN_POINT('',(-12.13859393981,10.084937139681));
#985 = ( GEOMETRIC_REPRESENTATION_CONTEXT(2) 
PARAMETRIC_REPRESENTATION_CONTEXT() REPRESENTATION_CONTEXT('2D SPACE',''
  ) );
#986 = PCURVE('',#987,#992);
#987 = CYLINDRICAL_SURFACE('',#988,0.75);
#988 = AXIS2_PLACEMENT_3D('',#989,#990,#991);
#989 = CARTESIAN_POINT('',(6.363961030679,73.,6.363961030679));
#990 = DIRECTION('',(-2.022720291611E-18,1.,-5.314831798652E-18));
#991 = DIRECTION('',(1.,2.022720291611E-18,8.865115929176E-17));
#992 = DEFINITIONAL_REPRESENTATION('',(#993),#997);
#993 = LINE('',#994,#995);
#994 = CARTESIAN_POINT('',(-6.28318530718,-50.));
#995 = VECTOR('',#996,1.);
#996 = DIRECTION('',(1.,-0.));
#997 = ( GEOMETRIC_REPRESENTATION_CONTEXT(2) 
PARAMETRIC_REPRESENTATION_CONTEXT() REPRESENTATION_CONTEXT('2D SPACE',''
  ) );
#998 = FACE_BOUND('',#999,.F.);
#999 = EDGE_LOOP('',(#1000));
#1000 = ORIENTED_EDGE('',*,*,#1001,.T.);
#1001 = EDGE_CURVE('',#1002,#1002,#1004,.T.);
#1002 = VERTEX_POINT('',#1003);
#1003 = CARTESIAN_POINT('',(8.528174593052,23.,7.778174593052));
#1004 = SURFACE_CURVE('',#1005,(#1010,#1021),.PCURVE_S1.);
#1005 = CIRCLE('',#1006,0.75);
#1006 = AXIS2_PLACEMENT_3D('',#1007,#1008,#1009);
#1007 = CARTESIAN_POINT('',(7.778174593052,23.,7.778174593052));
#1008 = DIRECTION('',(-2.022720291611E-18,1.,-5.314831798652E-18));
#1009 = DIRECTION('',(1.,2.022720291611E-18,8.865115929176E-17));
#1010 = PCURVE('',#160,#1011);
#1011 = DEFINITIONAL_REPRESENTATION('',(#1012),#1020);
#1012 = ( BOUNDED_CURVE() B_SPLINE_CURVE(2,(#1013,#1014,#1015,#1016,
#1017,#1018,#1019),.UNSPECIFIED.,.T.,.F.) B_SPLINE_CURVE_WITH_KNOTS((1,2
    ,2,2,2,1),(-2.094395102393,0.,2.094395102393,4.188790204786,
6.28318530718,8.377580409573),.UNSPECIFIED.) CURVE() 
GEOMETRIC_REPRESENTATION_ITEM() RATIONAL_B_SPLINE_CURVE((1.,0.5,1.,0.5,
1.,0.5,1.)) REPRESENTATION_ITEM('') );
#1013 = CARTESIAN_POINT('',(-10.72438037744,11.499150702054));
#1014 = CARTESIAN_POINT('',(-10.72438037744,10.200112596377));
#1015 = CARTESIAN_POINT('',(-11.84938037744,10.849631649215));
#1016 = CARTESIAN_POINT('',(-12.97438037744,11.499150702054));
#1017 = CARTESIAN_POINT('',(-11.84938037744,12.148669754892));
#1018 = CARTESIAN_POINT('',(-10.72438037744,12.79818880773));
#1019 = CARTESIAN_POINT('',(-10.72438037744,11.499150702054));
#1020 = ( GEOMETRIC_REPRESENTATION_CONTEXT(2) 
PARAMETRIC_REPRESENTATION_CONTEXT() REPRESENTATION_CONTEXT('2D SPACE',''
  ) );
#1021 = PCURVE('',#1022,#1027);
#1022 = CYLINDRICAL_SURFACE('',#1023,0.75);
#1023 = AXIS2_PLACEMENT_3D('',#1024,#1025,#1026);
#1024 = CARTESIAN_POINT('',(7.778174593052,73.,7.778174593052));
#1025 = DIRECTION('',(-2.022720291611E-18,1.,-5.314831798652E-18));
#1026 = DIRECTION('',(1.,2.022720291611E-18,8.865115929176E-17));
#1027 = DEFINITIONAL_REPRESENTATION('',(#1028),#1032);
#1028 = LINE('',#1029,#1030);
#1029 = CARTESIAN_POINT('',(-6.28318530718,-50.));
#1030 = VECTOR('',#1031,1.);
#1031 = DIRECTION('',(1.,-0.));
#1032 = ( GEOMETRIC_REPRESENTATION_CONTEXT(2) 
PARAMETRIC_REPRESENTATION_CONTEXT() REPRESENTATION_CONTEXT('2D SPACE',''
  ) );
#1033 = FACE_BOUND('',#1034,.F.);
#1034 = EDGE_LOOP('',(#1035));
#1035 = ORIENTED_EDGE('',*,*,#1036,.T.);
#1036 = EDGE_CURVE('',#1037,#1037,#1039,.T.);
#1037 = VERTEX_POINT('',#1038);
#1038 = CARTESIAN_POINT('',(9.942388155425,23.,9.192388155425));
#1039 = SURFACE_CURVE('',#1040,(#1045,#1056),.PCURVE_S1.);
#1040 = CIRCLE('',#1041,0.75);
#1041 = AXIS2_PLACEMENT_3D('',#1042,#1043,#1044);
#1042 = CARTESIAN_POINT('',(9.192388155425,23.,9.192388155425));
#1043 = DIRECTION('',(-2.022720291611E-18,1.,-5.314831798652E-18));
#1044 = DIRECTION('',(1.,2.022720291611E-18,8.865115929176E-17));
#1045 = PCURVE('',#160,#1046);
#1046 = DEFINITIONAL_REPRESENTATION('',(#1047),#1055);
#1047 = ( BOUNDED_CURVE() B_SPLINE_CURVE(2,(#1048,#1049,#1050,#1051,
#1052,#1053,#1054),.UNSPECIFIED.,.T.,.F.) B_SPLINE_CURVE_WITH_KNOTS((1,2
    ,2,2,2,1),(-2.094395102393,0.,2.094395102393,4.188790204786,
6.28318530718,8.377580409573),.UNSPECIFIED.) CURVE() 
GEOMETRIC_REPRESENTATION_ITEM() RATIONAL_B_SPLINE_CURVE((1.,0.5,1.,0.5,
1.,0.5,1.)) REPRESENTATION_ITEM('') );
#1048 = CARTESIAN_POINT('',(-9.310166815073,12.913364264427));
#1049 = CARTESIAN_POINT('',(-9.310166815073,11.61432615875));
#1050 = CARTESIAN_POINT('',(-10.43516681507,12.263845211589));
#1051 = CARTESIAN_POINT('',(-11.56016681507,12.913364264427));
#1052 = CARTESIAN_POINT('',(-10.43516681507,13.562883317265));
#1053 = CARTESIAN_POINT('',(-9.310166815073,14.212402370104));
#1054 = CARTESIAN_POINT('',(-9.310166815073,12.913364264427));
#1055 = ( GEOMETRIC_REPRESENTATION_CONTEXT(2) 
PARAMETRIC_REPRESENTATION_CONTEXT() REPRESENTATION_CONTEXT('2D SPACE',''
  ) );
#1056 = PCURVE('',#1057,#1062);
#1057 = CYLINDRICAL_SURFACE('',#1058,0.75);
#1058 = AXIS2_PLACEMENT_3D('',#1059,#1060,#1061);
#1059 = CARTESIAN_POINT('',(9.192388155425,73.,9.192388155425));
#1060 = DIRECTION('',(-2.022720291611E-18,1.,-5.314831798652E-18));
#1061 = DIRECTION('',(1.,2.022720291611E-18,8.865115929176E-17));
#1062 = DEFINITIONAL_REPRESENTATION('',(#1063),#1067);
#1063 = LINE('',#1064,#1065);
#1064 = CARTESIAN_POINT('',(-6.28318530718,-50.));
#1065 = VECTOR('',#1066,1.);
#1066 = DIRECTION('',(1.,-0.));
#1067 = ( GEOMETRIC_REPRESENTATION_CONTEXT(2) 
PARAMETRIC_REPRESENTATION_CONTEXT() REPRESENTATION_CONTEXT('2D SPACE',''
  ) );
#1068 = FACE_BOUND('',#1069,.F.);
#1069 = EDGE_LOOP('',(#1070));
#1070 = ORIENTED_EDGE('',*,*,#1071,.T.);
#1071 = EDGE_CURVE('',#1072,#1072,#1074,.T.);
#1072 = VERTEX_POINT('',#1073);
#1073 = CARTESIAN_POINT('',(38.15,23.,-5.));
#1074 = SURFACE_CURVE('',#1075,(#1080,#1091),.PCURVE_S1.);
#1075 = CIRCLE('',#1076,1.65);
#1076 = AXIS2_PLACEMENT_3D('',#1077,#1078,#1079);
#1077 = CARTESIAN_POINT('',(36.5,23.,-5.));
#1078 = DIRECTION('',(-2.022720291611E-18,1.,-5.314831798652E-18));
#1079 = DIRECTION('',(1.,2.022720291611E-18,8.865115929176E-17));
#1080 = PCURVE('',#160,#1081);
#1081 = DEFINITIONAL_REPRESENTATION('',(#1082),#1090);
#1082 = ( BOUNDED_CURVE() B_SPLINE_CURVE(2,(#1083,#1084,#1085,#1086,
#1087,#1088,#1089),.UNSPECIFIED.,.T.,.F.) B_SPLINE_CURVE_WITH_KNOTS((1,2
    ,2,2,2,1),(-2.094395102393,0.,2.094395102393,4.188790204786,
6.28318530718,8.377580409573),.UNSPECIFIED.) CURVE() 
GEOMETRIC_REPRESENTATION_ITEM() RATIONAL_B_SPLINE_CURVE((1.,0.5,1.,0.5,
1.,0.5,1.)) REPRESENTATION_ITEM('') );
#1083 = CARTESIAN_POINT('',(18.897445029502,-1.279023890998));
#1084 = CARTESIAN_POINT('',(18.897445029502,-4.136907723487));
#1085 = CARTESIAN_POINT('',(16.422445029502,-2.707965807243));
#1086 = CARTESIAN_POINT('',(13.947445029502,-1.279023890998));
#1087 = CARTESIAN_POINT('',(16.422445029502,0.149918025246));
#1088 = CARTESIAN_POINT('',(18.897445029502,1.57885994149));
#1089 = CARTESIAN_POINT('',(18.897445029502,-1.279023890998));
#1090 = ( GEOMETRIC_REPRESENTATION_CONTEXT(2) 
PARAMETRIC_REPRESENTATION_CONTEXT() REPRESENTATION_CONTEXT('2D SPACE',''
  ) );
#1091 = PCURVE('',#1092,#1097);
#1092 = CYLINDRICAL_SURFACE('',#1093,1.65);
#1093 = AXIS2_PLACEMENT_3D('',#1094,#1095,#1096);
#1094 = CARTESIAN_POINT('',(36.5,73.,-5.));
#1095 = DIRECTION('',(-2.022720291611E-18,1.,-5.314831798652E-18));
#1096 = DIRECTION('',(1.,2.022720291611E-18,8.865115929176E-17));
#1097 = DEFINITIONAL_REPRESENTATION('',(#1098),#1102);
#1098 = LINE('',#1099,#1100);
#1099 = CARTESIAN_POINT('',(-6.28318530718,-50.));
#1100 = VECTOR('',#1101,1.);
#1101 = DIRECTION('',(1.,-0.));
#1102 = ( GEOMETRIC_REPRESENTATION_CONTEXT(2) 
PARAMETRIC_REPRESENTATION_CONTEXT() REPRESENTATION_CONTEXT('2D SPACE',''
  ) );
#1103 = FACE_BOUND('',#1104,.F.);
#1104 = EDGE_LOOP('',(#1105,#1133,#1159,#1185));
#1105 = ORIENTED_EDGE('',*,*,#1106,.T.);
#1106 = EDGE_CURVE('',#1107,#1109,#1111,.T.);
#1107 = VERTEX_POINT('',#1108);
#1108 = CARTESIAN_POINT('',(38.1,23.,10.1));
#1109 = VERTEX_POINT('',#1110);
#1110 = CARTESIAN_POINT('',(38.1,23.,1.9));
#1111 = SURFACE_CURVE('',#1112,(#1116,#1122),.PCURVE_S1.);
#1112 = LINE('',#1113,#1114);
#1113 = CARTESIAN_POINT('',(38.1,23.,-0.910488054501));
#1114 = VECTOR('',#1115,1.);
#1115 = DIRECTION('',(8.865115929176E-17,-5.314831798652E-18,-1.));
#1116 = PCURVE('',#160,#1117);
#1117 = DEFINITIONAL_REPRESENTATION('',(#1118),#1121);
#1118 = B_SPLINE_CURVE_WITH_KNOTS('',1,(#1119,#1120),.UNSPECIFIED.,.F.,
  .F.,(2,2),(-11.0104880545,-2.810488054501),.PIECEWISE_BEZIER_KNOTS.);
#1119 = CARTESIAN_POINT('',(18.847445029502,13.820976109002));
#1120 = CARTESIAN_POINT('',(18.847445029502,5.620976109002));
#1121 = ( GEOMETRIC_REPRESENTATION_CONTEXT(2) 
PARAMETRIC_REPRESENTATION_CONTEXT() REPRESENTATION_CONTEXT('2D SPACE',''
  ) );
#1122 = PCURVE('',#1123,#1128);
#1123 = PLANE('',#1124);
#1124 = AXIS2_PLACEMENT_3D('',#1125,#1126,#1127);
#1125 = CARTESIAN_POINT('',(38.1,73.,1.9));
#1126 = DIRECTION('',(-1.,-2.022720291611E-18,-8.865115929176E-17));
#1127 = DIRECTION('',(-8.865115929176E-17,5.314831798652E-18,1.));
#1128 = DEFINITIONAL_REPRESENTATION('',(#1129),#1132);
#1129 = B_SPLINE_CURVE_WITH_KNOTS('',1,(#1130,#1131),.UNSPECIFIED.,.F.,
  .F.,(2,2),(-11.0104880545,-2.810488054501),.PIECEWISE_BEZIER_KNOTS.);
#1130 = CARTESIAN_POINT('',(8.2,-50.));
#1131 = CARTESIAN_POINT('',(0.,-50.));
#1132 = ( GEOMETRIC_REPRESENTATION_CONTEXT(2) 
PARAMETRIC_REPRESENTATION_CONTEXT() REPRESENTATION_CONTEXT('2D SPACE',''
  ) );
#1133 = ORIENTED_EDGE('',*,*,#1134,.T.);
#1134 = EDGE_CURVE('',#1109,#1135,#1137,.T.);
#1135 = VERTEX_POINT('',#1136);
#1136 = CARTESIAN_POINT('',(34.9,23.,1.9));
#1137 = SURFACE_CURVE('',#1138,(#1142,#1148),.PCURVE_S1.);
#1138 = LINE('',#1139,#1140);
#1139 = CARTESIAN_POINT('',(27.076277485249,23.,1.9));
#1140 = VECTOR('',#1141,1.);
#1141 = DIRECTION('',(-1.,-2.022720291611E-18,-8.865115929176E-17));
#1142 = PCURVE('',#160,#1143);
#1143 = DEFINITIONAL_REPRESENTATION('',(#1144),#1147);
#1144 = B_SPLINE_CURVE_WITH_KNOTS('',1,(#1145,#1146),.UNSPECIFIED.,.F.,
  .F.,(2,2),(-11.02372251475,-7.823722514751),.PIECEWISE_BEZIER_KNOTS.);
#1145 = CARTESIAN_POINT('',(18.847445029502,5.620976109002));
#1146 = CARTESIAN_POINT('',(15.647445029502,5.620976109002));
#1147 = ( GEOMETRIC_REPRESENTATION_CONTEXT(2) 
PARAMETRIC_REPRESENTATION_CONTEXT() REPRESENTATION_CONTEXT('2D SPACE',''
  ) );
#1148 = PCURVE('',#1149,#1154);
#1149 = PLANE('',#1150);
#1150 = AXIS2_PLACEMENT_3D('',#1151,#1152,#1153);
#1151 = CARTESIAN_POINT('',(34.9,73.,1.9));
#1152 = DIRECTION('',(-8.865115929176E-17,5.314831798652E-18,1.));
#1153 = DIRECTION('',(1.,2.022720291611E-18,8.865115929176E-17));
#1154 = DEFINITIONAL_REPRESENTATION('',(#1155),#1158);
#1155 = B_SPLINE_CURVE_WITH_KNOTS('',1,(#1156,#1157),.UNSPECIFIED.,.F.,
  .F.,(2,2),(-11.02372251475,-7.823722514751),.PIECEWISE_BEZIER_KNOTS.);
#1156 = CARTESIAN_POINT('',(3.2,-50.));
#1157 = CARTESIAN_POINT('',(0.,-50.));
#1158 = ( GEOMETRIC_REPRESENTATION_CONTEXT(2) 
PARAMETRIC_REPRESENTATION_CONTEXT() REPRESENTATION_CONTEXT('2D SPACE',''
  ) );
#1159 = ORIENTED_EDGE('',*,*,#1160,.T.);
#1160 = EDGE_CURVE('',#1135,#1161,#1163,.T.);
#1161 = VERTEX_POINT('',#1162);
#1162 = CARTESIAN_POINT('',(34.9,23.,10.1));
#1163 = SURFACE_CURVE('',#1164,(#1168,#1174),.PCURVE_S1.);
#1164 = LINE('',#1165,#1166);
#1165 = CARTESIAN_POINT('',(34.9,23.,3.189511945499));
#1166 = VECTOR('',#1167,1.);
#1167 = DIRECTION('',(-8.865115929176E-17,5.314831798652E-18,1.));
#1168 = PCURVE('',#160,#1169);
#1169 = DEFINITIONAL_REPRESENTATION('',(#1170),#1173);
#1170 = B_SPLINE_CURVE_WITH_KNOTS('',1,(#1171,#1172),.UNSPECIFIED.,.F.,
  .F.,(2,2),(-1.289511945499,6.910488054501),.PIECEWISE_BEZIER_KNOTS.);
#1171 = CARTESIAN_POINT('',(15.647445029502,5.620976109002));
#1172 = CARTESIAN_POINT('',(15.647445029502,13.820976109002));
#1173 = ( GEOMETRIC_REPRESENTATION_CONTEXT(2) 
PARAMETRIC_REPRESENTATION_CONTEXT() REPRESENTATION_CONTEXT('2D SPACE',''
  ) );
#1174 = PCURVE('',#1175,#1180);
#1175 = PLANE('',#1176);
#1176 = AXIS2_PLACEMENT_3D('',#1177,#1178,#1179);
#1177 = CARTESIAN_POINT('',(34.9,73.,10.1));
#1178 = DIRECTION('',(1.,2.022720291611E-18,8.865115929176E-17));
#1179 = DIRECTION('',(8.865115929176E-17,-5.314831798652E-18,-1.));
#1180 = DEFINITIONAL_REPRESENTATION('',(#1181),#1184);
#1181 = B_SPLINE_CURVE_WITH_KNOTS('',1,(#1182,#1183),.UNSPECIFIED.,.F.,
  .F.,(2,2),(-1.289511945499,6.910488054501),.PIECEWISE_BEZIER_KNOTS.);
#1182 = CARTESIAN_POINT('',(8.2,-50.));
#1183 = CARTESIAN_POINT('',(0.,-50.));
#1184 = ( GEOMETRIC_REPRESENTATION_CONTEXT(2) 
PARAMETRIC_REPRESENTATION_CONTEXT() REPRESENTATION_CONTEXT('2D SPACE',''
  ) );
#1185 = ORIENTED_EDGE('',*,*,#1186,.T.);
#1186 = EDGE_CURVE('',#1161,#1107,#1187,.T.);
#1187 = SURFACE_CURVE('',#1188,(#1192,#1198),.PCURVE_S1.);
#1188 = LINE('',#1189,#1190);
#1189 = CARTESIAN_POINT('',(28.676277485249,23.,10.1));
#1190 = VECTOR('',#1191,1.);
#1191 = DIRECTION('',(1.,2.022720291611E-18,8.865115929176E-17));
#1192 = PCURVE('',#160,#1193);
#1193 = DEFINITIONAL_REPRESENTATION('',(#1194),#1197);
#1194 = B_SPLINE_CURVE_WITH_KNOTS('',1,(#1195,#1196),.UNSPECIFIED.,.F.,
  .F.,(2,2),(6.223722514751,9.423722514751),.PIECEWISE_BEZIER_KNOTS.);
#1195 = CARTESIAN_POINT('',(15.647445029502,13.820976109002));
#1196 = CARTESIAN_POINT('',(18.847445029502,13.820976109002));
#1197 = ( GEOMETRIC_REPRESENTATION_CONTEXT(2) 
PARAMETRIC_REPRESENTATION_CONTEXT() REPRESENTATION_CONTEXT('2D SPACE',''
  ) );
#1198 = PCURVE('',#1199,#1204);
#1199 = PLANE('',#1200);
#1200 = AXIS2_PLACEMENT_3D('',#1201,#1202,#1203);
#1201 = CARTESIAN_POINT('',(38.1,73.,10.1));
#1202 = DIRECTION('',(8.865115929176E-17,-5.314831798652E-18,-1.));
#1203 = DIRECTION('',(-1.,-2.022720291611E-18,-8.865115929176E-17));
#1204 = DEFINITIONAL_REPRESENTATION('',(#1205),#1208);
#1205 = B_SPLINE_CURVE_WITH_KNOTS('',1,(#1206,#1207),.UNSPECIFIED.,.F.,
  .F.,(2,2),(6.223722514751,9.423722514751),.PIECEWISE_BEZIER_KNOTS.);
#1206 = CARTESIAN_POINT('',(3.2,-50.));
#1207 = CARTESIAN_POINT('',(0.,-50.));
#1208 = ( GEOMETRIC_REPRESENTATION_CONTEXT(2) 
PARAMETRIC_REPRESENTATION_CONTEXT() REPRESENTATION_CONTEXT('2D SPACE',''
  ) );
#1209 = ADVANCED_FACE('',(#1210,#1283,#1313,#1343,#1373,#1403,#1433,
    #1519,#1549,#1579,#1609,#1639,#1669,#1699,#1729,#1759,#1789,#1819,
    #1849,#1879),#106,.T.);
#1210 = FACE_BOUND('',#1211,.T.);
#1211 = EDGE_LOOP('',(#1212,#1213,#1214,#1237,#1260,#1282));
#1212 = ORIENTED_EDGE('',*,*,#90,.T.);
#1213 = ORIENTED_EDGE('',*,*,#252,.T.);
#1214 = ORIENTED_EDGE('',*,*,#1215,.T.);
#1215 = EDGE_CURVE('',#253,#1216,#1218,.T.);
#1216 = VERTEX_POINT('',#1217);
#1217 = CARTESIAN_POINT('',(26.,20.,14.));
#1218 = SURFACE_CURVE('',#1219,(#1223,#1230),.PCURVE_S1.);
#1219 = LINE('',#1220,#1221);
#1220 = CARTESIAN_POINT('',(41.5,20.,14.));
#1221 = VECTOR('',#1222,1.);
#1222 = DIRECTION('',(-1.,-2.022720291611E-18,-8.865115929176E-17));
#1223 = PCURVE('',#106,#1224);
#1224 = DEFINITIONAL_REPRESENTATION('',(#1225),#1229);
#1225 = LINE('',#1226,#1227);
#1226 = CARTESIAN_POINT('',(22.247445029502,17.720976109002));
#1227 = VECTOR('',#1228,1.);
#1228 = DIRECTION('',(-1.,0.));
#1229 = ( GEOMETRIC_REPRESENTATION_CONTEXT(2) 
PARAMETRIC_REPRESENTATION_CONTEXT() REPRESENTATION_CONTEXT('2D SPACE',''
  ) );
#1230 = PCURVE('',#291,#1231);
#1231 = DEFINITIONAL_REPRESENTATION('',(#1232),#1236);
#1232 = LINE('',#1233,#1234);
#1233 = CARTESIAN_POINT('',(0.,-3.));
#1234 = VECTOR('',#1235,1.);
#1235 = DIRECTION('',(1.,0.));
#1236 = ( GEOMETRIC_REPRESENTATION_CONTEXT(2) 
PARAMETRIC_REPRESENTATION_CONTEXT() REPRESENTATION_CONTEXT('2D SPACE',''
  ) );
#1237 = ORIENTED_EDGE('',*,*,#1238,.T.);
#1238 = EDGE_CURVE('',#1216,#1239,#1241,.T.);
#1239 = VERTEX_POINT('',#1240);
#1240 = CARTESIAN_POINT('',(-0.941509,20.,11.963008));
#1241 = SURFACE_CURVE('',#1242,(#1246,#1253),.PCURVE_S1.);
#1242 = LINE('',#1243,#1244);
#1243 = CARTESIAN_POINT('',(26.,20.,14.));
#1244 = VECTOR('',#1245,1.);
#1245 = DIRECTION('',(-0.997153916254,-2.417663264593E-18,
    -7.539275361967E-02));
#1246 = PCURVE('',#106,#1247);
#1247 = DEFINITIONAL_REPRESENTATION('',(#1248),#1252);
#1248 = LINE('',#1249,#1250);
#1249 = CARTESIAN_POINT('',(6.747445029502,17.720976109002));
#1250 = VECTOR('',#1251,1.);
#1251 = DIRECTION('',(-0.997153916254,-7.539275361967E-02));
#1252 = ( GEOMETRIC_REPRESENTATION_CONTEXT(2) 
PARAMETRIC_REPRESENTATION_CONTEXT() REPRESENTATION_CONTEXT('2D SPACE',''
  ) );
#1253 = PCURVE('',#368,#1254);
#1254 = DEFINITIONAL_REPRESENTATION('',(#1255),#1259);
#1255 = LINE('',#1256,#1257);
#1256 = CARTESIAN_POINT('',(0.,-3.));
#1257 = VECTOR('',#1258,1.);
#1258 = DIRECTION('',(1.,0.));
#1259 = ( GEOMETRIC_REPRESENTATION_CONTEXT(2) 
PARAMETRIC_REPRESENTATION_CONTEXT() REPRESENTATION_CONTEXT('2D SPACE',''
  ) );
#1260 = ORIENTED_EDGE('',*,*,#1261,.T.);
#1261 = EDGE_CURVE('',#1239,#178,#1262,.T.);
#1262 = SURFACE_CURVE('',#1263,(#1268,#1275),.PCURVE_S1.);
#1263 = CIRCLE('',#1264,11.999999880896);
#1264 = AXIS2_PLACEMENT_3D('',#1265,#1266,#1267);
#1265 = CARTESIAN_POINT('',(-4.397313179642E-08,20.,9.95082523207E-08));
#1266 = DIRECTION('',(2.022720291611E-18,-1.,5.314831798652E-18));
#1267 = DIRECTION('',(-7.845908044764E-02,5.139747178261E-18,
    0.996917334936));
#1268 = PCURVE('',#106,#1269);
#1269 = DEFINITIONAL_REPRESENTATION('',(#1270),#1274);
#1270 = CIRCLE('',#1271,11.999999880896);
#1271 = AXIS2_PLACEMENT_2D('',#1272,#1273);
#1272 = CARTESIAN_POINT('',(-19.25255501447,3.72097620851));
#1273 = DIRECTION('',(-7.845908044764E-02,0.996917334936));
#1274 = ( GEOMETRIC_REPRESENTATION_CONTEXT(2) 
PARAMETRIC_REPRESENTATION_CONTEXT() REPRESENTATION_CONTEXT('2D SPACE',''
  ) );
#1275 = PCURVE('',#193,#1276);
#1276 = DEFINITIONAL_REPRESENTATION('',(#1277),#1281);
#1277 = LINE('',#1278,#1279);
#1278 = CARTESIAN_POINT('',(-0.,-3.));
#1279 = VECTOR('',#1280,1.);
#1280 = DIRECTION('',(-1.,0.));
#1281 = ( GEOMETRIC_REPRESENTATION_CONTEXT(2) 
PARAMETRIC_REPRESENTATION_CONTEXT() REPRESENTATION_CONTEXT('2D SPACE',''
  ) );
#1282 = ORIENTED_EDGE('',*,*,#205,.T.);
#1283 = FACE_BOUND('',#1284,.T.);
#1284 = EDGE_LOOP('',(#1285));
#1285 = ORIENTED_EDGE('',*,*,#1286,.T.);
#1286 = EDGE_CURVE('',#1287,#1287,#1289,.T.);
#1287 = VERTEX_POINT('',#1288);
#1288 = CARTESIAN_POINT('',(-7.028174593052,20.,-7.778174593052));
#1289 = SURFACE_CURVE('',#1290,(#1295,#1306),.PCURVE_S1.);
#1290 = CIRCLE('',#1291,0.75);
#1291 = AXIS2_PLACEMENT_3D('',#1292,#1293,#1294);
#1292 = CARTESIAN_POINT('',(-7.778174593052,20.,-7.778174593052));
#1293 = DIRECTION('',(-2.022720291611E-18,1.,-5.314831798652E-18));
#1294 = DIRECTION('',(1.,2.022720291611E-18,8.865115929176E-17));
#1295 = PCURVE('',#106,#1296);
#1296 = DEFINITIONAL_REPRESENTATION('',(#1297),#1305);
#1297 = ( BOUNDED_CURVE() B_SPLINE_CURVE(2,(#1298,#1299,#1300,#1301,
#1302,#1303,#1304),.UNSPECIFIED.,.T.,.F.) B_SPLINE_CURVE_WITH_KNOTS((1,2
    ,2,2,2,1),(-2.094395102393,0.,2.094395102393,4.188790204786,
6.28318530718,8.377580409573),.UNSPECIFIED.) CURVE() 
GEOMETRIC_REPRESENTATION_ITEM() RATIONAL_B_SPLINE_CURVE((1.,0.5,1.,0.5,
1.,0.5,1.)) REPRESENTATION_ITEM('') );
#1298 = CARTESIAN_POINT('',(-26.28072956355,-4.05719848405));
#1299 = CARTESIAN_POINT('',(-26.28072956355,-5.356236589727));
#1300 = CARTESIAN_POINT('',(-27.40572956355,-4.706717536889));
#1301 = CARTESIAN_POINT('',(-28.53072956355,-4.05719848405));
#1302 = CARTESIAN_POINT('',(-27.40572956355,-3.407679431212));
#1303 = CARTESIAN_POINT('',(-26.28072956355,-2.758160378374));
#1304 = CARTESIAN_POINT('',(-26.28072956355,-4.05719848405));
#1305 = ( GEOMETRIC_REPRESENTATION_CONTEXT(2) 
PARAMETRIC_REPRESENTATION_CONTEXT() REPRESENTATION_CONTEXT('2D SPACE',''
  ) );
#1306 = PCURVE('',#426,#1307);
#1307 = DEFINITIONAL_REPRESENTATION('',(#1308),#1312);
#1308 = LINE('',#1309,#1310);
#1309 = CARTESIAN_POINT('',(-6.28318530718,-53.));
#1310 = VECTOR('',#1311,1.);
#1311 = DIRECTION('',(1.,-0.));
#1312 = ( GEOMETRIC_REPRESENTATION_CONTEXT(2) 
PARAMETRIC_REPRESENTATION_CONTEXT() REPRESENTATION_CONTEXT('2D SPACE',''
  ) );
#1313 = FACE_BOUND('',#1314,.T.);
#1314 = EDGE_LOOP('',(#1315));
#1315 = ORIENTED_EDGE('',*,*,#1316,.T.);
#1316 = EDGE_CURVE('',#1317,#1317,#1319,.T.);
#1317 = VERTEX_POINT('',#1318);
#1318 = CARTESIAN_POINT('',(-5.613961030679,20.,-6.363961030679));
#1319 = SURFACE_CURVE('',#1320,(#1325,#1336),.PCURVE_S1.);
#1320 = CIRCLE('',#1321,0.75);
#1321 = AXIS2_PLACEMENT_3D('',#1322,#1323,#1324);
#1322 = CARTESIAN_POINT('',(-6.363961030679,20.,-6.363961030679));
#1323 = DIRECTION('',(-2.022720291611E-18,1.,-5.314831798652E-18));
#1324 = DIRECTION('',(1.,2.022720291611E-18,8.865115929176E-17));
#1325 = PCURVE('',#106,#1326);
#1326 = DEFINITIONAL_REPRESENTATION('',(#1327),#1335);
#1327 = ( BOUNDED_CURVE() B_SPLINE_CURVE(2,(#1328,#1329,#1330,#1331,
#1332,#1333,#1334),.UNSPECIFIED.,.T.,.F.) B_SPLINE_CURVE_WITH_KNOTS((1,2
    ,2,2,2,1),(-2.094395102393,0.,2.094395102393,4.188790204786,
6.28318530718,8.377580409573),.UNSPECIFIED.) CURVE() 
GEOMETRIC_REPRESENTATION_ITEM() RATIONAL_B_SPLINE_CURVE((1.,0.5,1.,0.5,
1.,0.5,1.)) REPRESENTATION_ITEM('') );
#1328 = CARTESIAN_POINT('',(-24.86651600117,-2.642984921677));
#1329 = CARTESIAN_POINT('',(-24.86651600117,-3.942023027354));
#1330 = CARTESIAN_POINT('',(-25.99151600117,-3.292503974516));
#1331 = CARTESIAN_POINT('',(-27.11651600117,-2.642984921677));
#1332 = CARTESIAN_POINT('',(-25.99151600117,-1.993465868839));
#1333 = CARTESIAN_POINT('',(-24.86651600117,-1.343946816001));
#1334 = CARTESIAN_POINT('',(-24.86651600117,-2.642984921677));
#1335 = ( GEOMETRIC_REPRESENTATION_CONTEXT(2) 
PARAMETRIC_REPRESENTATION_CONTEXT() REPRESENTATION_CONTEXT('2D SPACE',''
  ) );
#1336 = PCURVE('',#461,#1337);
#1337 = DEFINITIONAL_REPRESENTATION('',(#1338),#1342);
#1338 = LINE('',#1339,#1340);
#1339 = CARTESIAN_POINT('',(-6.28318530718,-53.));
#1340 = VECTOR('',#1341,1.);
#1341 = DIRECTION('',(1.,-0.));
#1342 = ( GEOMETRIC_REPRESENTATION_CONTEXT(2) 
PARAMETRIC_REPRESENTATION_CONTEXT() REPRESENTATION_CONTEXT('2D SPACE',''
  ) );
#1343 = FACE_BOUND('',#1344,.T.);
#1344 = EDGE_LOOP('',(#1345));
#1345 = ORIENTED_EDGE('',*,*,#1346,.T.);
#1346 = EDGE_CURVE('',#1347,#1347,#1349,.T.);
#1347 = VERTEX_POINT('',#1348);
#1348 = CARTESIAN_POINT('',(9.942388155425,20.,-9.192388155425));
#1349 = SURFACE_CURVE('',#1350,(#1355,#1366),.PCURVE_S1.);
#1350 = CIRCLE('',#1351,0.75);
#1351 = AXIS2_PLACEMENT_3D('',#1352,#1353,#1354);
#1352 = CARTESIAN_POINT('',(9.192388155425,20.,-9.192388155425));
#1353 = DIRECTION('',(-2.022720291611E-18,1.,-5.314831798652E-18));
#1354 = DIRECTION('',(1.,2.022720291611E-18,8.865115929176E-17));
#1355 = PCURVE('',#106,#1356);
#1356 = DEFINITIONAL_REPRESENTATION('',(#1357),#1365);
#1357 = ( BOUNDED_CURVE() B_SPLINE_CURVE(2,(#1358,#1359,#1360,#1361,
#1362,#1363,#1364),.UNSPECIFIED.,.T.,.F.) B_SPLINE_CURVE_WITH_KNOTS((1,2
    ,2,2,2,1),(-2.094395102393,0.,2.094395102393,4.188790204786,
6.28318530718,8.377580409573),.UNSPECIFIED.) CURVE() 
GEOMETRIC_REPRESENTATION_ITEM() RATIONAL_B_SPLINE_CURVE((1.,0.5,1.,0.5,
1.,0.5,1.)) REPRESENTATION_ITEM('') );
#1358 = CARTESIAN_POINT('',(-9.310166815073,-5.471412046423));
#1359 = CARTESIAN_POINT('',(-9.310166815073,-6.7704501521));
#1360 = CARTESIAN_POINT('',(-10.43516681507,-6.120931099262));
#1361 = CARTESIAN_POINT('',(-11.56016681507,-5.471412046423));
#1362 = CARTESIAN_POINT('',(-10.43516681507,-4.821892993585));
#1363 = CARTESIAN_POINT('',(-9.310166815073,-4.172373940747));
#1364 = CARTESIAN_POINT('',(-9.310166815073,-5.471412046423));
#1365 = ( GEOMETRIC_REPRESENTATION_CONTEXT(2) 
PARAMETRIC_REPRESENTATION_CONTEXT() REPRESENTATION_CONTEXT('2D SPACE',''
  ) );
#1366 = PCURVE('',#496,#1367);
#1367 = DEFINITIONAL_REPRESENTATION('',(#1368),#1372);
#1368 = LINE('',#1369,#1370);
#1369 = CARTESIAN_POINT('',(-6.28318530718,-53.));
#1370 = VECTOR('',#1371,1.);
#1371 = DIRECTION('',(1.,-0.));
#1372 = ( GEOMETRIC_REPRESENTATION_CONTEXT(2) 
PARAMETRIC_REPRESENTATION_CONTEXT() REPRESENTATION_CONTEXT('2D SPACE',''
  ) );
#1373 = FACE_BOUND('',#1374,.T.);
#1374 = EDGE_LOOP('',(#1375));
#1375 = ORIENTED_EDGE('',*,*,#1376,.T.);
#1376 = EDGE_CURVE('',#1377,#1377,#1379,.T.);
#1377 = VERTEX_POINT('',#1378);
#1378 = CARTESIAN_POINT('',(8.528174593052,20.,-7.778174593052));
#1379 = SURFACE_CURVE('',#1380,(#1385,#1396),.PCURVE_S1.);
#1380 = CIRCLE('',#1381,0.75);
#1381 = AXIS2_PLACEMENT_3D('',#1382,#1383,#1384);
#1382 = CARTESIAN_POINT('',(7.778174593052,20.,-7.778174593052));
#1383 = DIRECTION('',(-2.022720291611E-18,1.,-5.314831798652E-18));
#1384 = DIRECTION('',(1.,2.022720291611E-18,8.865115929176E-17));
#1385 = PCURVE('',#106,#1386);
#1386 = DEFINITIONAL_REPRESENTATION('',(#1387),#1395);
#1387 = ( BOUNDED_CURVE() B_SPLINE_CURVE(2,(#1388,#1389,#1390,#1391,
#1392,#1393,#1394),.UNSPECIFIED.,.T.,.F.) B_SPLINE_CURVE_WITH_KNOTS((1,2
    ,2,2,2,1),(-2.094395102393,0.,2.094395102393,4.188790204786,
6.28318530718,8.377580409573),.UNSPECIFIED.) CURVE() 
GEOMETRIC_REPRESENTATION_ITEM() RATIONAL_B_SPLINE_CURVE((1.,0.5,1.,0.5,
1.,0.5,1.)) REPRESENTATION_ITEM('') );
#1388 = CARTESIAN_POINT('',(-10.72438037744,-4.05719848405));
#1389 = CARTESIAN_POINT('',(-10.72438037744,-5.356236589727));
#1390 = CARTESIAN_POINT('',(-11.84938037744,-4.706717536889));
#1391 = CARTESIAN_POINT('',(-12.97438037744,-4.05719848405));
#1392 = CARTESIAN_POINT('',(-11.84938037744,-3.407679431212));
#1393 = CARTESIAN_POINT('',(-10.72438037744,-2.758160378374));
#1394 = CARTESIAN_POINT('',(-10.72438037744,-4.05719848405));
#1395 = ( GEOMETRIC_REPRESENTATION_CONTEXT(2) 
PARAMETRIC_REPRESENTATION_CONTEXT() REPRESENTATION_CONTEXT('2D SPACE',''
  ) );
#1396 = PCURVE('',#531,#1397);
#1397 = DEFINITIONAL_REPRESENTATION('',(#1398),#1402);
#1398 = LINE('',#1399,#1400);
#1399 = CARTESIAN_POINT('',(-6.28318530718,-53.));
#1400 = VECTOR('',#1401,1.);
#1401 = DIRECTION('',(1.,-0.));
#1402 = ( GEOMETRIC_REPRESENTATION_CONTEXT(2) 
PARAMETRIC_REPRESENTATION_CONTEXT() REPRESENTATION_CONTEXT('2D SPACE',''
  ) );
#1403 = FACE_BOUND('',#1404,.T.);
#1404 = EDGE_LOOP('',(#1405));
#1405 = ORIENTED_EDGE('',*,*,#1406,.T.);
#1406 = EDGE_CURVE('',#1407,#1407,#1409,.T.);
#1407 = VERTEX_POINT('',#1408);
#1408 = CARTESIAN_POINT('',(7.113961030679,20.,-6.363961030679));
#1409 = SURFACE_CURVE('',#1410,(#1415,#1426),.PCURVE_S1.);
#1410 = CIRCLE('',#1411,0.75);
#1411 = AXIS2_PLACEMENT_3D('',#1412,#1413,#1414);
#1412 = CARTESIAN_POINT('',(6.363961030679,20.,-6.363961030679));
#1413 = DIRECTION('',(-2.022720291611E-18,1.,-5.314831798652E-18));
#1414 = DIRECTION('',(1.,2.022720291611E-18,8.865115929176E-17));
#1415 = PCURVE('',#106,#1416);
#1416 = DEFINITIONAL_REPRESENTATION('',(#1417),#1425);
#1417 = ( BOUNDED_CURVE() B_SPLINE_CURVE(2,(#1418,#1419,#1420,#1421,
#1422,#1423,#1424),.UNSPECIFIED.,.T.,.F.) B_SPLINE_CURVE_WITH_KNOTS((1,2
    ,2,2,2,1),(-2.094395102393,0.,2.094395102393,4.188790204786,
6.28318530718,8.377580409573),.UNSPECIFIED.) CURVE() 
GEOMETRIC_REPRESENTATION_ITEM() RATIONAL_B_SPLINE_CURVE((1.,0.5,1.,0.5,
1.,0.5,1.)) REPRESENTATION_ITEM('') );
#1418 = CARTESIAN_POINT('',(-12.13859393981,-2.642984921677));
#1419 = CARTESIAN_POINT('',(-12.13859393981,-3.942023027354));
#1420 = CARTESIAN_POINT('',(-13.26359393981,-3.292503974516));
#1421 = CARTESIAN_POINT('',(-14.38859393981,-2.642984921677));
#1422 = CARTESIAN_POINT('',(-13.26359393981,-1.993465868839));
#1423 = CARTESIAN_POINT('',(-12.13859393981,-1.343946816001));
#1424 = CARTESIAN_POINT('',(-12.13859393981,-2.642984921677));
#1425 = ( GEOMETRIC_REPRESENTATION_CONTEXT(2) 
PARAMETRIC_REPRESENTATION_CONTEXT() REPRESENTATION_CONTEXT('2D SPACE',''
  ) );
#1426 = PCURVE('',#566,#1427);
#1427 = DEFINITIONAL_REPRESENTATION('',(#1428),#1432);
#1428 = LINE('',#1429,#1430);
#1429 = CARTESIAN_POINT('',(-6.28318530718,-53.));
#1430 = VECTOR('',#1431,1.);
#1431 = DIRECTION('',(1.,-0.));
#1432 = ( GEOMETRIC_REPRESENTATION_CONTEXT(2) 
PARAMETRIC_REPRESENTATION_CONTEXT() REPRESENTATION_CONTEXT('2D SPACE',''
  ) );
#1433 = FACE_BOUND('',#1434,.T.);
#1434 = EDGE_LOOP('',(#1435,#1458,#1479,#1500));
#1435 = ORIENTED_EDGE('',*,*,#1436,.T.);
#1436 = EDGE_CURVE('',#1437,#1439,#1441,.T.);
#1437 = VERTEX_POINT('',#1438);
#1438 = CARTESIAN_POINT('',(38.1,20.,-11.9));
#1439 = VERTEX_POINT('',#1440);
#1440 = CARTESIAN_POINT('',(38.1,20.,-20.1));
#1441 = SURFACE_CURVE('',#1442,(#1446,#1452),.PCURVE_S1.);
#1442 = LINE('',#1443,#1444);
#1443 = CARTESIAN_POINT('',(38.1,20.,-11.9104880545));
#1444 = VECTOR('',#1445,1.);
#1445 = DIRECTION('',(8.865115929176E-17,-5.314831798652E-18,-1.));
#1446 = PCURVE('',#106,#1447);
#1447 = DEFINITIONAL_REPRESENTATION('',(#1448),#1451);
#1448 = B_SPLINE_CURVE_WITH_KNOTS('',1,(#1449,#1450),.UNSPECIFIED.,.F.,
  .F.,(2,2),(-1.048805450086E-02,8.189511945499),
  .PIECEWISE_BEZIER_KNOTS.);
#1449 = CARTESIAN_POINT('',(18.847445029502,-8.179023890998));
#1450 = CARTESIAN_POINT('',(18.847445029502,-16.37902389099));
#1451 = ( GEOMETRIC_REPRESENTATION_CONTEXT(2) 
PARAMETRIC_REPRESENTATION_CONTEXT() REPRESENTATION_CONTEXT('2D SPACE',''
  ) );
#1452 = PCURVE('',#597,#1453);
#1453 = DEFINITIONAL_REPRESENTATION('',(#1454),#1457);
#1454 = B_SPLINE_CURVE_WITH_KNOTS('',1,(#1455,#1456),.UNSPECIFIED.,.F.,
  .F.,(2,2),(-1.048805450086E-02,8.189511945499),
  .PIECEWISE_BEZIER_KNOTS.);
#1455 = CARTESIAN_POINT('',(8.2,-53.));
#1456 = CARTESIAN_POINT('',(0.,-53.));
#1457 = ( GEOMETRIC_REPRESENTATION_CONTEXT(2) 
PARAMETRIC_REPRESENTATION_CONTEXT() REPRESENTATION_CONTEXT('2D SPACE',''
  ) );
#1458 = ORIENTED_EDGE('',*,*,#1459,.T.);
#1459 = EDGE_CURVE('',#1439,#1460,#1462,.T.);
#1460 = VERTEX_POINT('',#1461);
#1461 = CARTESIAN_POINT('',(34.9,20.,-20.1));
#1462 = SURFACE_CURVE('',#1463,(#1467,#1473),.PCURVE_S1.);
#1463 = LINE('',#1464,#1465);
#1464 = CARTESIAN_POINT('',(27.076277485249,20.,-20.1));
#1465 = VECTOR('',#1466,1.);
#1466 = DIRECTION('',(-1.,-2.022720291611E-18,-8.865115929176E-17));
#1467 = PCURVE('',#106,#1468);
#1468 = DEFINITIONAL_REPRESENTATION('',(#1469),#1472);
#1469 = B_SPLINE_CURVE_WITH_KNOTS('',1,(#1470,#1471),.UNSPECIFIED.,.F.,
  .F.,(2,2),(-11.02372251475,-7.823722514751),.PIECEWISE_BEZIER_KNOTS.);
#1470 = CARTESIAN_POINT('',(18.847445029502,-16.37902389099));
#1471 = CARTESIAN_POINT('',(15.647445029502,-16.37902389099));
#1472 = ( GEOMETRIC_REPRESENTATION_CONTEXT(2) 
PARAMETRIC_REPRESENTATION_CONTEXT() REPRESENTATION_CONTEXT('2D SPACE',''
  ) );
#1473 = PCURVE('',#623,#1474);
#1474 = DEFINITIONAL_REPRESENTATION('',(#1475),#1478);
#1475 = B_SPLINE_CURVE_WITH_KNOTS('',1,(#1476,#1477),.UNSPECIFIED.,.F.,
  .F.,(2,2),(-11.02372251475,-7.823722514751),.PIECEWISE_BEZIER_KNOTS.);
#1476 = CARTESIAN_POINT('',(3.2,-53.));
#1477 = CARTESIAN_POINT('',(0.,-53.));
#1478 = ( GEOMETRIC_REPRESENTATION_CONTEXT(2) 
PARAMETRIC_REPRESENTATION_CONTEXT() REPRESENTATION_CONTEXT('2D SPACE',''
  ) );
#1479 = ORIENTED_EDGE('',*,*,#1480,.T.);
#1480 = EDGE_CURVE('',#1460,#1481,#1483,.T.);
#1481 = VERTEX_POINT('',#1482);
#1482 = CARTESIAN_POINT('',(34.9,20.,-11.9));
#1483 = SURFACE_CURVE('',#1484,(#1488,#1494),.PCURVE_S1.);
#1484 = LINE('',#1485,#1486);
#1485 = CARTESIAN_POINT('',(34.9,20.,-7.810488054501));
#1486 = VECTOR('',#1487,1.);
#1487 = DIRECTION('',(-8.865115929176E-17,5.314831798652E-18,1.));
#1488 = PCURVE('',#106,#1489);
#1489 = DEFINITIONAL_REPRESENTATION('',(#1490),#1493);
#1490 = B_SPLINE_CURVE_WITH_KNOTS('',1,(#1491,#1492),.UNSPECIFIED.,.F.,
  .F.,(2,2),(-12.28951194549,-4.089511945499),.PIECEWISE_BEZIER_KNOTS.);
#1491 = CARTESIAN_POINT('',(15.647445029502,-16.37902389099));
#1492 = CARTESIAN_POINT('',(15.647445029502,-8.179023890998));
#1493 = ( GEOMETRIC_REPRESENTATION_CONTEXT(2) 
PARAMETRIC_REPRESENTATION_CONTEXT() REPRESENTATION_CONTEXT('2D SPACE',''
  ) );
#1494 = PCURVE('',#649,#1495);
#1495 = DEFINITIONAL_REPRESENTATION('',(#1496),#1499);
#1496 = B_SPLINE_CURVE_WITH_KNOTS('',1,(#1497,#1498),.UNSPECIFIED.,.F.,
  .F.,(2,2),(-12.28951194549,-4.089511945499),.PIECEWISE_BEZIER_KNOTS.);
#1497 = CARTESIAN_POINT('',(8.2,-53.));
#1498 = CARTESIAN_POINT('',(0.,-53.));
#1499 = ( GEOMETRIC_REPRESENTATION_CONTEXT(2) 
PARAMETRIC_REPRESENTATION_CONTEXT() REPRESENTATION_CONTEXT('2D SPACE',''
  ) );
#1500 = ORIENTED_EDGE('',*,*,#1501,.T.);
#1501 = EDGE_CURVE('',#1481,#1437,#1502,.T.);
#1502 = SURFACE_CURVE('',#1503,(#1507,#1513),.PCURVE_S1.);
#1503 = LINE('',#1504,#1505);
#1504 = CARTESIAN_POINT('',(28.676277485249,20.,-11.9));
#1505 = VECTOR('',#1506,1.);
#1506 = DIRECTION('',(1.,2.022720291611E-18,8.865115929176E-17));
#1507 = PCURVE('',#106,#1508);
#1508 = DEFINITIONAL_REPRESENTATION('',(#1509),#1512);
#1509 = B_SPLINE_CURVE_WITH_KNOTS('',1,(#1510,#1511),.UNSPECIFIED.,.F.,
  .F.,(2,2),(6.223722514751,9.423722514751),.PIECEWISE_BEZIER_KNOTS.);
#1510 = CARTESIAN_POINT('',(15.647445029502,-8.179023890998));
#1511 = CARTESIAN_POINT('',(18.847445029502,-8.179023890998));
#1512 = ( GEOMETRIC_REPRESENTATION_CONTEXT(2) 
PARAMETRIC_REPRESENTATION_CONTEXT() REPRESENTATION_CONTEXT('2D SPACE',''
  ) );
#1513 = PCURVE('',#673,#1514);
#1514 = DEFINITIONAL_REPRESENTATION('',(#1515),#1518);
#1515 = B_SPLINE_CURVE_WITH_KNOTS('',1,(#1516,#1517),.UNSPECIFIED.,.F.,
  .F.,(2,2),(6.223722514751,9.423722514751),.PIECEWISE_BEZIER_KNOTS.);
#1516 = CARTESIAN_POINT('',(3.2,-53.));
#1517 = CARTESIAN_POINT('',(0.,-53.));
#1518 = ( GEOMETRIC_REPRESENTATION_CONTEXT(2) 
PARAMETRIC_REPRESENTATION_CONTEXT() REPRESENTATION_CONTEXT('2D SPACE',''
  ) );
#1519 = FACE_BOUND('',#1520,.T.);
#1520 = EDGE_LOOP('',(#1521));
#1521 = ORIENTED_EDGE('',*,*,#1522,.T.);
#1522 = EDGE_CURVE('',#1523,#1523,#1525,.T.);
#1523 = VERTEX_POINT('',#1524);
#1524 = CARTESIAN_POINT('',(21.5,20.,-8.));
#1525 = SURFACE_CURVE('',#1526,(#1531,#1542),.PCURVE_S1.);
#1526 = CIRCLE('',#1527,4.5);
#1527 = AXIS2_PLACEMENT_3D('',#1528,#1529,#1530);
#1528 = CARTESIAN_POINT('',(17.,20.,-8.));
#1529 = DIRECTION('',(-2.022720291611E-18,1.,-5.314831798652E-18));
#1530 = DIRECTION('',(1.,2.022720291611E-18,8.865115929176E-17));
#1531 = PCURVE('',#106,#1532);
#1532 = DEFINITIONAL_REPRESENTATION('',(#1533),#1541);
#1533 = ( BOUNDED_CURVE() B_SPLINE_CURVE(2,(#1534,#1535,#1536,#1537,
#1538,#1539,#1540),.UNSPECIFIED.,.T.,.F.) B_SPLINE_CURVE_WITH_KNOTS((1,2
    ,2,2,2,1),(-2.094395102393,0.,2.094395102393,4.188790204786,
6.28318530718,8.377580409573),.UNSPECIFIED.) CURVE() 
GEOMETRIC_REPRESENTATION_ITEM() RATIONAL_B_SPLINE_CURVE((1.,0.5,1.,0.5,
1.,0.5,1.)) REPRESENTATION_ITEM('') );
#1534 = CARTESIAN_POINT('',(2.247445029502,-4.279023890998));
#1535 = CARTESIAN_POINT('',(2.247445029502,-12.07325252505));
#1536 = CARTESIAN_POINT('',(-4.502554970498,-8.176138208028));
#1537 = CARTESIAN_POINT('',(-11.25255497049,-4.279023890998));
#1538 = CARTESIAN_POINT('',(-4.502554970498,-0.381909573968));
#1539 = CARTESIAN_POINT('',(2.247445029502,3.515204743062));
#1540 = CARTESIAN_POINT('',(2.247445029502,-4.279023890998));
#1541 = ( GEOMETRIC_REPRESENTATION_CONTEXT(2) 
PARAMETRIC_REPRESENTATION_CONTEXT() REPRESENTATION_CONTEXT('2D SPACE',''
  ) );
#1542 = PCURVE('',#707,#1543);
#1543 = DEFINITIONAL_REPRESENTATION('',(#1544),#1548);
#1544 = LINE('',#1545,#1546);
#1545 = CARTESIAN_POINT('',(-6.28318530718,-103.));
#1546 = VECTOR('',#1547,1.);
#1547 = DIRECTION('',(1.,-0.));
#1548 = ( GEOMETRIC_REPRESENTATION_CONTEXT(2) 
PARAMETRIC_REPRESENTATION_CONTEXT() REPRESENTATION_CONTEXT('2D SPACE',''
  ) );
#1549 = FACE_BOUND('',#1550,.T.);
#1550 = EDGE_LOOP('',(#1551));
#1551 = ORIENTED_EDGE('',*,*,#1552,.T.);
#1552 = EDGE_CURVE('',#1553,#1553,#1555,.T.);
#1553 = VERTEX_POINT('',#1554);
#1554 = CARTESIAN_POINT('',(-4.199747468306,20.,-4.949747468306));
#1555 = SURFACE_CURVE('',#1556,(#1561,#1572),.PCURVE_S1.);
#1556 = CIRCLE('',#1557,0.75);
#1557 = AXIS2_PLACEMENT_3D('',#1558,#1559,#1560);
#1558 = CARTESIAN_POINT('',(-4.949747468306,20.,-4.949747468306));
#1559 = DIRECTION('',(-2.022720291611E-18,1.,-5.314831798652E-18));
#1560 = DIRECTION('',(1.,2.022720291611E-18,8.865115929176E-17));
#1561 = PCURVE('',#106,#1562);
#1562 = DEFINITIONAL_REPRESENTATION('',(#1563),#1571);
#1563 = ( BOUNDED_CURVE() B_SPLINE_CURVE(2,(#1564,#1565,#1566,#1567,
#1568,#1569,#1570),.UNSPECIFIED.,.T.,.F.) B_SPLINE_CURVE_WITH_KNOTS((1,2
    ,2,2,2,1),(-2.094395102393,0.,2.094395102393,4.188790204786,
6.28318530718,8.377580409573),.UNSPECIFIED.) CURVE() 
GEOMETRIC_REPRESENTATION_ITEM() RATIONAL_B_SPLINE_CURVE((1.,0.5,1.,0.5,
1.,0.5,1.)) REPRESENTATION_ITEM('') );
#1564 = CARTESIAN_POINT('',(-23.4523024388,-1.228771359304));
#1565 = CARTESIAN_POINT('',(-23.4523024388,-2.527809464981));
#1566 = CARTESIAN_POINT('',(-24.5773024388,-1.878290412142));
#1567 = CARTESIAN_POINT('',(-25.7023024388,-1.228771359304));
#1568 = CARTESIAN_POINT('',(-24.5773024388,-0.579252306466));
#1569 = CARTESIAN_POINT('',(-23.4523024388,7.026674637255E-02));
#1570 = CARTESIAN_POINT('',(-23.4523024388,-1.228771359304));
#1571 = ( GEOMETRIC_REPRESENTATION_CONTEXT(2) 
PARAMETRIC_REPRESENTATION_CONTEXT() REPRESENTATION_CONTEXT('2D SPACE',''
  ) );
#1572 = PCURVE('',#742,#1573);
#1573 = DEFINITIONAL_REPRESENTATION('',(#1574),#1578);
#1574 = LINE('',#1575,#1576);
#1575 = CARTESIAN_POINT('',(-6.28318530718,-53.));
#1576 = VECTOR('',#1577,1.);
#1577 = DIRECTION('',(1.,-0.));
#1578 = ( GEOMETRIC_REPRESENTATION_CONTEXT(2) 
PARAMETRIC_REPRESENTATION_CONTEXT() REPRESENTATION_CONTEXT('2D SPACE',''
  ) );
#1579 = FACE_BOUND('',#1580,.T.);
#1580 = EDGE_LOOP('',(#1581));
#1581 = ORIENTED_EDGE('',*,*,#1582,.T.);
#1582 = EDGE_CURVE('',#1583,#1583,#1585,.T.);
#1583 = VERTEX_POINT('',#1584);
#1584 = CARTESIAN_POINT('',(3.,20.,-2.813981145713E-14));
#1585 = SURFACE_CURVE('',#1586,(#1591,#1602),.PCURVE_S1.);
#1586 = CIRCLE('',#1587,3.);
#1587 = AXIS2_PLACEMENT_3D('',#1588,#1589,#1590);
#1588 = CARTESIAN_POINT('',(-6.394277805753E-14,20.,-2.840576493501E-14)
  );
#1589 = DIRECTION('',(-2.022720291611E-18,1.,-5.314831798652E-18));
#1590 = DIRECTION('',(1.,2.022720291611E-18,8.865115929176E-17));
#1591 = PCURVE('',#106,#1592);
#1592 = DEFINITIONAL_REPRESENTATION('',(#1593),#1601);
#1593 = ( BOUNDED_CURVE() B_SPLINE_CURVE(2,(#1594,#1595,#1596,#1597,
#1598,#1599,#1600),.UNSPECIFIED.,.T.,.F.) B_SPLINE_CURVE_WITH_KNOTS((1,2
    ,2,2,2,1),(-2.094395102393,0.,2.094395102393,4.188790204786,
6.28318530718,8.377580409573),.UNSPECIFIED.) CURVE() 
GEOMETRIC_REPRESENTATION_ITEM() RATIONAL_B_SPLINE_CURVE((1.,0.5,1.,0.5,
1.,0.5,1.)) REPRESENTATION_ITEM('') );
#1594 = CARTESIAN_POINT('',(-16.25255497049,3.720976109002));
#1595 = CARTESIAN_POINT('',(-16.25255497049,-1.475176313705));
#1596 = CARTESIAN_POINT('',(-20.75255497049,1.122899897648));
#1597 = CARTESIAN_POINT('',(-25.25255497049,3.720976109002));
#1598 = CARTESIAN_POINT('',(-20.75255497049,6.319052320355));
#1599 = CARTESIAN_POINT('',(-16.25255497049,8.917128531708));
#1600 = CARTESIAN_POINT('',(-16.25255497049,3.720976109002));
#1601 = ( GEOMETRIC_REPRESENTATION_CONTEXT(2) 
PARAMETRIC_REPRESENTATION_CONTEXT() REPRESENTATION_CONTEXT('2D SPACE',''
  ) );
#1602 = PCURVE('',#777,#1603);
#1603 = DEFINITIONAL_REPRESENTATION('',(#1604),#1608);
#1604 = LINE('',#1605,#1606);
#1605 = CARTESIAN_POINT('',(-6.28318530718,-53.));
#1606 = VECTOR('',#1607,1.);
#1607 = DIRECTION('',(1.,-0.));
#1608 = ( GEOMETRIC_REPRESENTATION_CONTEXT(2) 
PARAMETRIC_REPRESENTATION_CONTEXT() REPRESENTATION_CONTEXT('2D SPACE',''
  ) );
#1609 = FACE_BOUND('',#1610,.T.);
#1610 = EDGE_LOOP('',(#1611));
#1611 = ORIENTED_EDGE('',*,*,#1612,.T.);
#1612 = EDGE_CURVE('',#1613,#1613,#1615,.T.);
#1613 = VERTEX_POINT('',#1614);
#1614 = CARTESIAN_POINT('',(5.699747468306,20.,-4.949747468306));
#1615 = SURFACE_CURVE('',#1616,(#1621,#1632),.PCURVE_S1.);
#1616 = CIRCLE('',#1617,0.75);
#1617 = AXIS2_PLACEMENT_3D('',#1618,#1619,#1620);
#1618 = CARTESIAN_POINT('',(4.949747468306,20.,-4.949747468306));
#1619 = DIRECTION('',(-2.022720291611E-18,1.,-5.314831798652E-18));
#1620 = DIRECTION('',(1.,2.022720291611E-18,8.865115929176E-17));
#1621 = PCURVE('',#106,#1622);
#1622 = DEFINITIONAL_REPRESENTATION('',(#1623),#1631);
#1623 = ( BOUNDED_CURVE() B_SPLINE_CURVE(2,(#1624,#1625,#1626,#1627,
#1628,#1629,#1630),.UNSPECIFIED.,.T.,.F.) B_SPLINE_CURVE_WITH_KNOTS((1,2
    ,2,2,2,1),(-2.094395102393,0.,2.094395102393,4.188790204786,
6.28318530718,8.377580409573),.UNSPECIFIED.) CURVE() 
GEOMETRIC_REPRESENTATION_ITEM() RATIONAL_B_SPLINE_CURVE((1.,0.5,1.,0.5,
1.,0.5,1.)) REPRESENTATION_ITEM('') );
#1624 = CARTESIAN_POINT('',(-13.55280750219,-1.228771359304));
#1625 = CARTESIAN_POINT('',(-13.55280750219,-2.527809464981));
#1626 = CARTESIAN_POINT('',(-14.67780750219,-1.878290412142));
#1627 = CARTESIAN_POINT('',(-15.80280750219,-1.228771359304));
#1628 = CARTESIAN_POINT('',(-14.67780750219,-0.579252306466));
#1629 = CARTESIAN_POINT('',(-13.55280750219,7.026674637255E-02));
#1630 = CARTESIAN_POINT('',(-13.55280750219,-1.228771359304));
#1631 = ( GEOMETRIC_REPRESENTATION_CONTEXT(2) 
PARAMETRIC_REPRESENTATION_CONTEXT() REPRESENTATION_CONTEXT('2D SPACE',''
  ) );
#1632 = PCURVE('',#812,#1633);
#1633 = DEFINITIONAL_REPRESENTATION('',(#1634),#1638);
#1634 = LINE('',#1635,#1636);
#1635 = CARTESIAN_POINT('',(-6.28318530718,-53.));
#1636 = VECTOR('',#1637,1.);
#1637 = DIRECTION('',(1.,-0.));
#1638 = ( GEOMETRIC_REPRESENTATION_CONTEXT(2) 
PARAMETRIC_REPRESENTATION_CONTEXT() REPRESENTATION_CONTEXT('2D SPACE',''
  ) );
#1639 = FACE_BOUND('',#1640,.T.);
#1640 = EDGE_LOOP('',(#1641));
#1641 = ORIENTED_EDGE('',*,*,#1642,.T.);
#1642 = EDGE_CURVE('',#1643,#1643,#1645,.T.);
#1643 = VERTEX_POINT('',#1644);
#1644 = CARTESIAN_POINT('',(-4.199747468306,20.,4.949747468306));
#1645 = SURFACE_CURVE('',#1646,(#1651,#1662),.PCURVE_S1.);
#1646 = CIRCLE('',#1647,0.75);
#1647 = AXIS2_PLACEMENT_3D('',#1648,#1649,#1650);
#1648 = CARTESIAN_POINT('',(-4.949747468306,20.,4.949747468306));
#1649 = DIRECTION('',(-2.022720291611E-18,1.,-5.314831798652E-18));
#1650 = DIRECTION('',(1.,2.022720291611E-18,8.865115929176E-17));
#1651 = PCURVE('',#106,#1652);
#1652 = DEFINITIONAL_REPRESENTATION('',(#1653),#1661);
#1653 = ( BOUNDED_CURVE() B_SPLINE_CURVE(2,(#1654,#1655,#1656,#1657,
#1658,#1659,#1660),.UNSPECIFIED.,.T.,.F.) B_SPLINE_CURVE_WITH_KNOTS((1,2
    ,2,2,2,1),(-2.094395102393,0.,2.094395102393,4.188790204786,
6.28318530718,8.377580409573),.UNSPECIFIED.) CURVE() 
GEOMETRIC_REPRESENTATION_ITEM() RATIONAL_B_SPLINE_CURVE((1.,0.5,1.,0.5,
1.,0.5,1.)) REPRESENTATION_ITEM('') );
#1654 = CARTESIAN_POINT('',(-23.4523024388,8.670723577308));
#1655 = CARTESIAN_POINT('',(-23.4523024388,7.371685471631));
#1656 = CARTESIAN_POINT('',(-24.5773024388,8.021204524469));
#1657 = CARTESIAN_POINT('',(-25.7023024388,8.670723577308));
#1658 = CARTESIAN_POINT('',(-24.5773024388,9.320242630146));
#1659 = CARTESIAN_POINT('',(-23.4523024388,9.969761682984));
#1660 = CARTESIAN_POINT('',(-23.4523024388,8.670723577308));
#1661 = ( GEOMETRIC_REPRESENTATION_CONTEXT(2) 
PARAMETRIC_REPRESENTATION_CONTEXT() REPRESENTATION_CONTEXT('2D SPACE',''
  ) );
#1662 = PCURVE('',#847,#1663);
#1663 = DEFINITIONAL_REPRESENTATION('',(#1664),#1668);
#1664 = LINE('',#1665,#1666);
#1665 = CARTESIAN_POINT('',(-6.28318530718,-53.));
#1666 = VECTOR('',#1667,1.);
#1667 = DIRECTION('',(1.,-0.));
#1668 = ( GEOMETRIC_REPRESENTATION_CONTEXT(2) 
PARAMETRIC_REPRESENTATION_CONTEXT() REPRESENTATION_CONTEXT('2D SPACE',''
  ) );
#1669 = FACE_BOUND('',#1670,.T.);
#1670 = EDGE_LOOP('',(#1671));
#1671 = ORIENTED_EDGE('',*,*,#1672,.T.);
#1672 = EDGE_CURVE('',#1673,#1673,#1675,.T.);
#1673 = VERTEX_POINT('',#1674);
#1674 = CARTESIAN_POINT('',(-5.613961030679,20.,6.363961030679));
#1675 = SURFACE_CURVE('',#1676,(#1681,#1692),.PCURVE_S1.);
#1676 = CIRCLE('',#1677,0.75);
#1677 = AXIS2_PLACEMENT_3D('',#1678,#1679,#1680);
#1678 = CARTESIAN_POINT('',(-6.363961030679,20.,6.363961030679));
#1679 = DIRECTION('',(-2.022720291611E-18,1.,-5.314831798652E-18));
#1680 = DIRECTION('',(1.,2.022720291611E-18,8.865115929176E-17));
#1681 = PCURVE('',#106,#1682);
#1682 = DEFINITIONAL_REPRESENTATION('',(#1683),#1691);
#1683 = ( BOUNDED_CURVE() B_SPLINE_CURVE(2,(#1684,#1685,#1686,#1687,
#1688,#1689,#1690),.UNSPECIFIED.,.T.,.F.) B_SPLINE_CURVE_WITH_KNOTS((1,2
    ,2,2,2,1),(-2.094395102393,0.,2.094395102393,4.188790204786,
6.28318530718,8.377580409573),.UNSPECIFIED.) CURVE() 
GEOMETRIC_REPRESENTATION_ITEM() RATIONAL_B_SPLINE_CURVE((1.,0.5,1.,0.5,
1.,0.5,1.)) REPRESENTATION_ITEM('') );
#1684 = CARTESIAN_POINT('',(-24.86651600117,10.084937139681));
#1685 = CARTESIAN_POINT('',(-24.86651600117,8.785899034004));
#1686 = CARTESIAN_POINT('',(-25.99151600117,9.435418086842));
#1687 = CARTESIAN_POINT('',(-27.11651600117,10.084937139681));
#1688 = CARTESIAN_POINT('',(-25.99151600117,10.734456192519));
#1689 = CARTESIAN_POINT('',(-24.86651600117,11.383975245357));
#1690 = CARTESIAN_POINT('',(-24.86651600117,10.084937139681));
#1691 = ( GEOMETRIC_REPRESENTATION_CONTEXT(2) 
PARAMETRIC_REPRESENTATION_CONTEXT() REPRESENTATION_CONTEXT('2D SPACE',''
  ) );
#1692 = PCURVE('',#882,#1693);
#1693 = DEFINITIONAL_REPRESENTATION('',(#1694),#1698);
#1694 = LINE('',#1695,#1696);
#1695 = CARTESIAN_POINT('',(-6.28318530718,-53.));
#1696 = VECTOR('',#1697,1.);
#1697 = DIRECTION('',(1.,-0.));
#1698 = ( GEOMETRIC_REPRESENTATION_CONTEXT(2) 
PARAMETRIC_REPRESENTATION_CONTEXT() REPRESENTATION_CONTEXT('2D SPACE',''
  ) );
#1699 = FACE_BOUND('',#1700,.T.);
#1700 = EDGE_LOOP('',(#1701));
#1701 = ORIENTED_EDGE('',*,*,#1702,.T.);
#1702 = EDGE_CURVE('',#1703,#1703,#1705,.T.);
#1703 = VERTEX_POINT('',#1704);
#1704 = CARTESIAN_POINT('',(-7.028174593052,20.,7.778174593052));
#1705 = SURFACE_CURVE('',#1706,(#1711,#1722),.PCURVE_S1.);
#1706 = CIRCLE('',#1707,0.75);
#1707 = AXIS2_PLACEMENT_3D('',#1708,#1709,#1710);
#1708 = CARTESIAN_POINT('',(-7.778174593052,20.,7.778174593052));
#1709 = DIRECTION('',(-2.022720291611E-18,1.,-5.314831798652E-18));
#1710 = DIRECTION('',(1.,2.022720291611E-18,8.865115929176E-17));
#1711 = PCURVE('',#106,#1712);
#1712 = DEFINITIONAL_REPRESENTATION('',(#1713),#1721);
#1713 = ( BOUNDED_CURVE() B_SPLINE_CURVE(2,(#1714,#1715,#1716,#1717,
#1718,#1719,#1720),.UNSPECIFIED.,.T.,.F.) B_SPLINE_CURVE_WITH_KNOTS((1,2
    ,2,2,2,1),(-2.094395102393,0.,2.094395102393,4.188790204786,
6.28318530718,8.377580409573),.UNSPECIFIED.) CURVE() 
GEOMETRIC_REPRESENTATION_ITEM() RATIONAL_B_SPLINE_CURVE((1.,0.5,1.,0.5,
1.,0.5,1.)) REPRESENTATION_ITEM('') );
#1714 = CARTESIAN_POINT('',(-26.28072956355,11.499150702054));
#1715 = CARTESIAN_POINT('',(-26.28072956355,10.200112596377));
#1716 = CARTESIAN_POINT('',(-27.40572956355,10.849631649215));
#1717 = CARTESIAN_POINT('',(-28.53072956355,11.499150702054));
#1718 = CARTESIAN_POINT('',(-27.40572956355,12.148669754892));
#1719 = CARTESIAN_POINT('',(-26.28072956355,12.79818880773));
#1720 = CARTESIAN_POINT('',(-26.28072956355,11.499150702054));
#1721 = ( GEOMETRIC_REPRESENTATION_CONTEXT(2) 
PARAMETRIC_REPRESENTATION_CONTEXT() REPRESENTATION_CONTEXT('2D SPACE',''
  ) );
#1722 = PCURVE('',#917,#1723);
#1723 = DEFINITIONAL_REPRESENTATION('',(#1724),#1728);
#1724 = LINE('',#1725,#1726);
#1725 = CARTESIAN_POINT('',(-6.28318530718,-53.));
#1726 = VECTOR('',#1727,1.);
#1727 = DIRECTION('',(1.,-0.));
#1728 = ( GEOMETRIC_REPRESENTATION_CONTEXT(2) 
PARAMETRIC_REPRESENTATION_CONTEXT() REPRESENTATION_CONTEXT('2D SPACE',''
  ) );
#1729 = FACE_BOUND('',#1730,.T.);
#1730 = EDGE_LOOP('',(#1731));
#1731 = ORIENTED_EDGE('',*,*,#1732,.T.);
#1732 = EDGE_CURVE('',#1733,#1733,#1735,.T.);
#1733 = VERTEX_POINT('',#1734);
#1734 = CARTESIAN_POINT('',(5.699747468306,20.,4.949747468306));
#1735 = SURFACE_CURVE('',#1736,(#1741,#1752),.PCURVE_S1.);
#1736 = CIRCLE('',#1737,0.75);
#1737 = AXIS2_PLACEMENT_3D('',#1738,#1739,#1740);
#1738 = CARTESIAN_POINT('',(4.949747468306,20.,4.949747468306));
#1739 = DIRECTION('',(-2.022720291611E-18,1.,-5.314831798652E-18));
#1740 = DIRECTION('',(1.,2.022720291611E-18,8.865115929176E-17));
#1741 = PCURVE('',#106,#1742);
#1742 = DEFINITIONAL_REPRESENTATION('',(#1743),#1751);
#1743 = ( BOUNDED_CURVE() B_SPLINE_CURVE(2,(#1744,#1745,#1746,#1747,
#1748,#1749,#1750),.UNSPECIFIED.,.T.,.F.) B_SPLINE_CURVE_WITH_KNOTS((1,2
    ,2,2,2,1),(-2.094395102393,0.,2.094395102393,4.188790204786,
6.28318530718,8.377580409573),.UNSPECIFIED.) CURVE() 
GEOMETRIC_REPRESENTATION_ITEM() RATIONAL_B_SPLINE_CURVE((1.,0.5,1.,0.5,
1.,0.5,1.)) REPRESENTATION_ITEM('') );
#1744 = CARTESIAN_POINT('',(-13.55280750219,8.670723577308));
#1745 = CARTESIAN_POINT('',(-13.55280750219,7.371685471631));
#1746 = CARTESIAN_POINT('',(-14.67780750219,8.021204524469));
#1747 = CARTESIAN_POINT('',(-15.80280750219,8.670723577308));
#1748 = CARTESIAN_POINT('',(-14.67780750219,9.320242630146));
#1749 = CARTESIAN_POINT('',(-13.55280750219,9.969761682984));
#1750 = CARTESIAN_POINT('',(-13.55280750219,8.670723577308));
#1751 = ( GEOMETRIC_REPRESENTATION_CONTEXT(2) 
PARAMETRIC_REPRESENTATION_CONTEXT() REPRESENTATION_CONTEXT('2D SPACE',''
  ) );
#1752 = PCURVE('',#952,#1753);
#1753 = DEFINITIONAL_REPRESENTATION('',(#1754),#1758);
#1754 = LINE('',#1755,#1756);
#1755 = CARTESIAN_POINT('',(-6.28318530718,-53.));
#1756 = VECTOR('',#1757,1.);
#1757 = DIRECTION('',(1.,-0.));
#1758 = ( GEOMETRIC_REPRESENTATION_CONTEXT(2) 
PARAMETRIC_REPRESENTATION_CONTEXT() REPRESENTATION_CONTEXT('2D SPACE',''
  ) );
#1759 = FACE_BOUND('',#1760,.T.);
#1760 = EDGE_LOOP('',(#1761));
#1761 = ORIENTED_EDGE('',*,*,#1762,.T.);
#1762 = EDGE_CURVE('',#1763,#1763,#1765,.T.);
#1763 = VERTEX_POINT('',#1764);
#1764 = CARTESIAN_POINT('',(7.113961030679,20.,6.363961030679));
#1765 = SURFACE_CURVE('',#1766,(#1771,#1782),.PCURVE_S1.);
#1766 = CIRCLE('',#1767,0.75);
#1767 = AXIS2_PLACEMENT_3D('',#1768,#1769,#1770);
#1768 = CARTESIAN_POINT('',(6.363961030679,20.,6.363961030679));
#1769 = DIRECTION('',(-2.022720291611E-18,1.,-5.314831798652E-18));
#1770 = DIRECTION('',(1.,2.022720291611E-18,8.865115929176E-17));
#1771 = PCURVE('',#106,#1772);
#1772 = DEFINITIONAL_REPRESENTATION('',(#1773),#1781);
#1773 = ( BOUNDED_CURVE() B_SPLINE_CURVE(2,(#1774,#1775,#1776,#1777,
#1778,#1779,#1780),.UNSPECIFIED.,.T.,.F.) B_SPLINE_CURVE_WITH_KNOTS((1,2
    ,2,2,2,1),(-2.094395102393,0.,2.094395102393,4.188790204786,
6.28318530718,8.377580409573),.UNSPECIFIED.) CURVE() 
GEOMETRIC_REPRESENTATION_ITEM() RATIONAL_B_SPLINE_CURVE((1.,0.5,1.,0.5,
1.,0.5,1.)) REPRESENTATION_ITEM('') );
#1774 = CARTESIAN_POINT('',(-12.13859393981,10.084937139681));
#1775 = CARTESIAN_POINT('',(-12.13859393981,8.785899034004));
#1776 = CARTESIAN_POINT('',(-13.26359393981,9.435418086842));
#1777 = CARTESIAN_POINT('',(-14.38859393981,10.084937139681));
#1778 = CARTESIAN_POINT('',(-13.26359393981,10.734456192519));
#1779 = CARTESIAN_POINT('',(-12.13859393981,11.383975245357));
#1780 = CARTESIAN_POINT('',(-12.13859393981,10.084937139681));
#1781 = ( GEOMETRIC_REPRESENTATION_CONTEXT(2) 
PARAMETRIC_REPRESENTATION_CONTEXT() REPRESENTATION_CONTEXT('2D SPACE',''
  ) );
#1782 = PCURVE('',#987,#1783);
#1783 = DEFINITIONAL_REPRESENTATION('',(#1784),#1788);
#1784 = LINE('',#1785,#1786);
#1785 = CARTESIAN_POINT('',(-6.28318530718,-53.));
#1786 = VECTOR('',#1787,1.);
#1787 = DIRECTION('',(1.,-0.));
#1788 = ( GEOMETRIC_REPRESENTATION_CONTEXT(2) 
PARAMETRIC_REPRESENTATION_CONTEXT() REPRESENTATION_CONTEXT('2D SPACE',''
  ) );
#1789 = FACE_BOUND('',#1790,.T.);
#1790 = EDGE_LOOP('',(#1791));
#1791 = ORIENTED_EDGE('',*,*,#1792,.T.);
#1792 = EDGE_CURVE('',#1793,#1793,#1795,.T.);
#1793 = VERTEX_POINT('',#1794);
#1794 = CARTESIAN_POINT('',(8.528174593052,20.,7.778174593052));
#1795 = SURFACE_CURVE('',#1796,(#1801,#1812),.PCURVE_S1.);
#1796 = CIRCLE('',#1797,0.75);
#1797 = AXIS2_PLACEMENT_3D('',#1798,#1799,#1800);
#1798 = CARTESIAN_POINT('',(7.778174593052,20.,7.778174593052));
#1799 = DIRECTION('',(-2.022720291611E-18,1.,-5.314831798652E-18));
#1800 = DIRECTION('',(1.,2.022720291611E-18,8.865115929176E-17));
#1801 = PCURVE('',#106,#1802);
#1802 = DEFINITIONAL_REPRESENTATION('',(#1803),#1811);
#1803 = ( BOUNDED_CURVE() B_SPLINE_CURVE(2,(#1804,#1805,#1806,#1807,
#1808,#1809,#1810),.UNSPECIFIED.,.T.,.F.) B_SPLINE_CURVE_WITH_KNOTS((1,2
    ,2,2,2,1),(-2.094395102393,0.,2.094395102393,4.188790204786,
6.28318530718,8.377580409573),.UNSPECIFIED.) CURVE() 
GEOMETRIC_REPRESENTATION_ITEM() RATIONAL_B_SPLINE_CURVE((1.,0.5,1.,0.5,
1.,0.5,1.)) REPRESENTATION_ITEM('') );
#1804 = CARTESIAN_POINT('',(-10.72438037744,11.499150702054));
#1805 = CARTESIAN_POINT('',(-10.72438037744,10.200112596377));
#1806 = CARTESIAN_POINT('',(-11.84938037744,10.849631649215));
#1807 = CARTESIAN_POINT('',(-12.97438037744,11.499150702054));
#1808 = CARTESIAN_POINT('',(-11.84938037744,12.148669754892));
#1809 = CARTESIAN_POINT('',(-10.72438037744,12.79818880773));
#1810 = CARTESIAN_POINT('',(-10.72438037744,11.499150702054));
#1811 = ( GEOMETRIC_REPRESENTATION_CONTEXT(2) 
PARAMETRIC_REPRESENTATION_CONTEXT() REPRESENTATION_CONTEXT('2D SPACE',''
  ) );
#1812 = PCURVE('',#1022,#1813);
#1813 = DEFINITIONAL_REPRESENTATION('',(#1814),#1818);
#1814 = LINE('',#1815,#1816);
#1815 = CARTESIAN_POINT('',(-6.28318530718,-53.));
#1816 = VECTOR('',#1817,1.);
#1817 = DIRECTION('',(1.,-0.));
#1818 = ( GEOMETRIC_REPRESENTATION_CONTEXT(2) 
PARAMETRIC_REPRESENTATION_CONTEXT() REPRESENTATION_CONTEXT('2D SPACE',''
  ) );
#1819 = FACE_BOUND('',#1820,.T.);
#1820 = EDGE_LOOP('',(#1821));
#1821 = ORIENTED_EDGE('',*,*,#1822,.T.);
#1822 = EDGE_CURVE('',#1823,#1823,#1825,.T.);
#1823 = VERTEX_POINT('',#1824);
#1824 = CARTESIAN_POINT('',(9.942388155425,20.,9.192388155425));
#1825 = SURFACE_CURVE('',#1826,(#1831,#1842),.PCURVE_S1.);
#1826 = CIRCLE('',#1827,0.75);
#1827 = AXIS2_PLACEMENT_3D('',#1828,#1829,#1830);
#1828 = CARTESIAN_POINT('',(9.192388155425,20.,9.192388155425));
#1829 = DIRECTION('',(-2.022720291611E-18,1.,-5.314831798652E-18));
#1830 = DIRECTION('',(1.,2.022720291611E-18,8.865115929176E-17));
#1831 = PCURVE('',#106,#1832);
#1832 = DEFINITIONAL_REPRESENTATION('',(#1833),#1841);
#1833 = ( BOUNDED_CURVE() B_SPLINE_CURVE(2,(#1834,#1835,#1836,#1837,
#1838,#1839,#1840),.UNSPECIFIED.,.T.,.F.) B_SPLINE_CURVE_WITH_KNOTS((1,2
    ,2,2,2,1),(-2.094395102393,0.,2.094395102393,4.188790204786,
6.28318530718,8.377580409573),.UNSPECIFIED.) CURVE() 
GEOMETRIC_REPRESENTATION_ITEM() RATIONAL_B_SPLINE_CURVE((1.,0.5,1.,0.5,
1.,0.5,1.)) REPRESENTATION_ITEM('') );
#1834 = CARTESIAN_POINT('',(-9.310166815073,12.913364264427));
#1835 = CARTESIAN_POINT('',(-9.310166815073,11.61432615875));
#1836 = CARTESIAN_POINT('',(-10.43516681507,12.263845211589));
#1837 = CARTESIAN_POINT('',(-11.56016681507,12.913364264427));
#1838 = CARTESIAN_POINT('',(-10.43516681507,13.562883317265));
#1839 = CARTESIAN_POINT('',(-9.310166815073,14.212402370104));
#1840 = CARTESIAN_POINT('',(-9.310166815073,12.913364264427));
#1841 = ( GEOMETRIC_REPRESENTATION_CONTEXT(2) 
PARAMETRIC_REPRESENTATION_CONTEXT() REPRESENTATION_CONTEXT('2D SPACE',''
  ) );
#1842 = PCURVE('',#1057,#1843);
#1843 = DEFINITIONAL_REPRESENTATION('',(#1844),#1848);
#1844 = LINE('',#1845,#1846);
#1845 = CARTESIAN_POINT('',(-6.28318530718,-53.));
#1846 = VECTOR('',#1847,1.);
#1847 = DIRECTION('',(1.,-0.));
#1848 = ( GEOMETRIC_REPRESENTATION_CONTEXT(2) 
PARAMETRIC_REPRESENTATION_CONTEXT() REPRESENTATION_CONTEXT('2D SPACE',''
  ) );
#1849 = FACE_BOUND('',#1850,.T.);
#1850 = EDGE_LOOP('',(#1851));
#1851 = ORIENTED_EDGE('',*,*,#1852,.T.);
#1852 = EDGE_CURVE('',#1853,#1853,#1855,.T.);
#1853 = VERTEX_POINT('',#1854);
#1854 = CARTESIAN_POINT('',(38.15,20.,-5.));
#1855 = SURFACE_CURVE('',#1856,(#1861,#1872),.PCURVE_S1.);
#1856 = CIRCLE('',#1857,1.65);
#1857 = AXIS2_PLACEMENT_3D('',#1858,#1859,#1860);
#1858 = CARTESIAN_POINT('',(36.5,20.,-5.));
#1859 = DIRECTION('',(-2.022720291611E-18,1.,-5.314831798652E-18));
#1860 = DIRECTION('',(1.,2.022720291611E-18,8.865115929176E-17));
#1861 = PCURVE('',#106,#1862);
#1862 = DEFINITIONAL_REPRESENTATION('',(#1863),#1871);
#1863 = ( BOUNDED_CURVE() B_SPLINE_CURVE(2,(#1864,#1865,#1866,#1867,
#1868,#1869,#1870),.UNSPECIFIED.,.T.,.F.) B_SPLINE_CURVE_WITH_KNOTS((1,2
    ,2,2,2,1),(-2.094395102393,0.,2.094395102393,4.188790204786,
6.28318530718,8.377580409573),.UNSPECIFIED.) CURVE() 
GEOMETRIC_REPRESENTATION_ITEM() RATIONAL_B_SPLINE_CURVE((1.,0.5,1.,0.5,
1.,0.5,1.)) REPRESENTATION_ITEM('') );
#1864 = CARTESIAN_POINT('',(18.897445029502,-1.279023890998));
#1865 = CARTESIAN_POINT('',(18.897445029502,-4.136907723487));
#1866 = CARTESIAN_POINT('',(16.422445029502,-2.707965807243));
#1867 = CARTESIAN_POINT('',(13.947445029502,-1.279023890998));
#1868 = CARTESIAN_POINT('',(16.422445029502,0.149918025246));
#1869 = CARTESIAN_POINT('',(18.897445029502,1.57885994149));
#1870 = CARTESIAN_POINT('',(18.897445029502,-1.279023890998));
#1871 = ( GEOMETRIC_REPRESENTATION_CONTEXT(2) 
PARAMETRIC_REPRESENTATION_CONTEXT() REPRESENTATION_CONTEXT('2D SPACE',''
  ) );
#1872 = PCURVE('',#1092,#1873);
#1873 = DEFINITIONAL_REPRESENTATION('',(#1874),#1878);
#1874 = LINE('',#1875,#1876);
#1875 = CARTESIAN_POINT('',(-6.28318530718,-53.));
#1876 = VECTOR('',#1877,1.);
#1877 = DIRECTION('',(1.,-0.));
#1878 = ( GEOMETRIC_REPRESENTATION_CONTEXT(2) 
PARAMETRIC_REPRESENTATION_CONTEXT() REPRESENTATION_CONTEXT('2D SPACE',''
  ) );
#1879 = FACE_BOUND('',#1880,.T.);
#1880 = EDGE_LOOP('',(#1881,#1904,#1925,#1946));
#1881 = ORIENTED_EDGE('',*,*,#1882,.T.);
#1882 = EDGE_CURVE('',#1883,#1885,#1887,.T.);
#1883 = VERTEX_POINT('',#1884);
#1884 = CARTESIAN_POINT('',(38.1,20.,10.1));
#1885 = VERTEX_POINT('',#1886);
#1886 = CARTESIAN_POINT('',(38.1,20.,1.9));
#1887 = SURFACE_CURVE('',#1888,(#1892,#1898),.PCURVE_S1.);
#1888 = LINE('',#1889,#1890);
#1889 = CARTESIAN_POINT('',(38.1,20.,-0.910488054501));
#1890 = VECTOR('',#1891,1.);
#1891 = DIRECTION('',(8.865115929176E-17,-5.314831798652E-18,-1.));
#1892 = PCURVE('',#106,#1893);
#1893 = DEFINITIONAL_REPRESENTATION('',(#1894),#1897);
#1894 = B_SPLINE_CURVE_WITH_KNOTS('',1,(#1895,#1896),.UNSPECIFIED.,.F.,
  .F.,(2,2),(-11.0104880545,-2.810488054501),.PIECEWISE_BEZIER_KNOTS.);
#1895 = CARTESIAN_POINT('',(18.847445029502,13.820976109002));
#1896 = CARTESIAN_POINT('',(18.847445029502,5.620976109002));
#1897 = ( GEOMETRIC_REPRESENTATION_CONTEXT(2) 
PARAMETRIC_REPRESENTATION_CONTEXT() REPRESENTATION_CONTEXT('2D SPACE',''
  ) );
#1898 = PCURVE('',#1123,#1899);
#1899 = DEFINITIONAL_REPRESENTATION('',(#1900),#1903);
#1900 = B_SPLINE_CURVE_WITH_KNOTS('',1,(#1901,#1902),.UNSPECIFIED.,.F.,
  .F.,(2,2),(-11.0104880545,-2.810488054501),.PIECEWISE_BEZIER_KNOTS.);
#1901 = CARTESIAN_POINT('',(8.2,-53.));
#1902 = CARTESIAN_POINT('',(0.,-53.));
#1903 = ( GEOMETRIC_REPRESENTATION_CONTEXT(2) 
PARAMETRIC_REPRESENTATION_CONTEXT() REPRESENTATION_CONTEXT('2D SPACE',''
  ) );
#1904 = ORIENTED_EDGE('',*,*,#1905,.T.);
#1905 = EDGE_CURVE('',#1885,#1906,#1908,.T.);
#1906 = VERTEX_POINT('',#1907);
#1907 = CARTESIAN_POINT('',(34.9,20.,1.9));
#1908 = SURFACE_CURVE('',#1909,(#1913,#1919),.PCURVE_S1.);
#1909 = LINE('',#1910,#1911);
#1910 = CARTESIAN_POINT('',(27.076277485249,20.,1.9));
#1911 = VECTOR('',#1912,1.);
#1912 = DIRECTION('',(-1.,-2.022720291611E-18,-8.865115929176E-17));
#1913 = PCURVE('',#106,#1914);
#1914 = DEFINITIONAL_REPRESENTATION('',(#1915),#1918);
#1915 = B_SPLINE_CURVE_WITH_KNOTS('',1,(#1916,#1917),.UNSPECIFIED.,.F.,
  .F.,(2,2),(-11.02372251475,-7.823722514751),.PIECEWISE_BEZIER_KNOTS.);
#1916 = CARTESIAN_POINT('',(18.847445029502,5.620976109002));
#1917 = CARTESIAN_POINT('',(15.647445029502,5.620976109002));
#1918 = ( GEOMETRIC_REPRESENTATION_CONTEXT(2) 
PARAMETRIC_REPRESENTATION_CONTEXT() REPRESENTATION_CONTEXT('2D SPACE',''
  ) );
#1919 = PCURVE('',#1149,#1920);
#1920 = DEFINITIONAL_REPRESENTATION('',(#1921),#1924);
#1921 = B_SPLINE_CURVE_WITH_KNOTS('',1,(#1922,#1923),.UNSPECIFIED.,.F.,
  .F.,(2,2),(-11.02372251475,-7.823722514751),.PIECEWISE_BEZIER_KNOTS.);
#1922 = CARTESIAN_POINT('',(3.2,-53.));
#1923 = CARTESIAN_POINT('',(0.,-53.));
#1924 = ( GEOMETRIC_REPRESENTATION_CONTEXT(2) 
PARAMETRIC_REPRESENTATION_CONTEXT() REPRESENTATION_CONTEXT('2D SPACE',''
  ) );
#1925 = ORIENTED_EDGE('',*,*,#1926,.T.);
#1926 = EDGE_CURVE('',#1906,#1927,#1929,.T.);
#1927 = VERTEX_POINT('',#1928);
#1928 = CARTESIAN_POINT('',(34.9,20.,10.1));
#1929 = SURFACE_CURVE('',#1930,(#1934,#1940),.PCURVE_S1.);
#1930 = LINE('',#1931,#1932);
#1931 = CARTESIAN_POINT('',(34.9,20.,3.189511945499));
#1932 = VECTOR('',#1933,1.);
#1933 = DIRECTION('',(-8.865115929176E-17,5.314831798652E-18,1.));
#1934 = PCURVE('',#106,#1935);
#1935 = DEFINITIONAL_REPRESENTATION('',(#1936),#1939);
#1936 = B_SPLINE_CURVE_WITH_KNOTS('',1,(#1937,#1938),.UNSPECIFIED.,.F.,
  .F.,(2,2),(-1.289511945499,6.910488054501),.PIECEWISE_BEZIER_KNOTS.);
#1937 = CARTESIAN_POINT('',(15.647445029502,5.620976109002));
#1938 = CARTESIAN_POINT('',(15.647445029502,13.820976109002));
#1939 = ( GEOMETRIC_REPRESENTATION_CONTEXT(2) 
PARAMETRIC_REPRESENTATION_CONTEXT() REPRESENTATION_CONTEXT('2D SPACE',''
  ) );
#1940 = PCURVE('',#1175,#1941);
#1941 = DEFINITIONAL_REPRESENTATION('',(#1942),#1945);
#1942 = B_SPLINE_CURVE_WITH_KNOTS('',1,(#1943,#1944),.UNSPECIFIED.,.F.,
  .F.,(2,2),(-1.289511945499,6.910488054501),.PIECEWISE_BEZIER_KNOTS.);
#1943 = CARTESIAN_POINT('',(8.2,-53.));
#1944 = CARTESIAN_POINT('',(0.,-53.));
#1945 = ( GEOMETRIC_REPRESENTATION_CONTEXT(2) 
PARAMETRIC_REPRESENTATION_CONTEXT() REPRESENTATION_CONTEXT('2D SPACE',''
  ) );
#1946 = ORIENTED_EDGE('',*,*,#1947,.T.);
#1947 = EDGE_CURVE('',#1927,#1883,#1948,.T.);
#1948 = SURFACE_CURVE('',#1949,(#1953,#1959),.PCURVE_S1.);
#1949 = LINE('',#1950,#1951);
#1950 = CARTESIAN_POINT('',(28.676277485249,20.,10.1));
#1951 = VECTOR('',#1952,1.);
#1952 = DIRECTION('',(1.,2.022720291611E-18,8.865115929176E-17));
#1953 = PCURVE('',#106,#1954);
#1954 = DEFINITIONAL_REPRESENTATION('',(#1955),#1958);
#1955 = B_SPLINE_CURVE_WITH_KNOTS('',1,(#1956,#1957),.UNSPECIFIED.,.F.,
  .F.,(2,2),(6.223722514751,9.423722514751),.PIECEWISE_BEZIER_KNOTS.);
#1956 = CARTESIAN_POINT('',(15.647445029502,13.820976109002));
#1957 = CARTESIAN_POINT('',(18.847445029502,13.820976109002));
#1958 = ( GEOMETRIC_REPRESENTATION_CONTEXT(2) 
PARAMETRIC_REPRESENTATION_CONTEXT() REPRESENTATION_CONTEXT('2D SPACE',''
  ) );
#1959 = PCURVE('',#1199,#1960);
#1960 = DEFINITIONAL_REPRESENTATION('',(#1961),#1964);
#1961 = B_SPLINE_CURVE_WITH_KNOTS('',1,(#1962,#1963),.UNSPECIFIED.,.F.,
  .F.,(2,2),(6.223722514751,9.423722514751),.PIECEWISE_BEZIER_KNOTS.);
#1962 = CARTESIAN_POINT('',(3.2,-53.));
#1963 = CARTESIAN_POINT('',(0.,-53.));
#1964 = ( GEOMETRIC_REPRESENTATION_CONTEXT(2) 
PARAMETRIC_REPRESENTATION_CONTEXT() REPRESENTATION_CONTEXT('2D SPACE',''
  ) );
#1965 = ADVANCED_FACE('',(#1966),#193,.T.);
#1966 = FACE_BOUND('',#1967,.F.);
#1967 = EDGE_LOOP('',(#1968,#1989,#1990,#1991));
#1968 = ORIENTED_EDGE('',*,*,#1969,.T.);
#1969 = EDGE_CURVE('',#353,#1239,#1970,.T.);
#1970 = SURFACE_CURVE('',#1971,(#1975,#1982),.PCURVE_S1.);
#1971 = LINE('',#1972,#1973);
#1972 = CARTESIAN_POINT('',(-0.941509,23.,11.963008));
#1973 = VECTOR('',#1974,1.);
#1974 = DIRECTION('',(2.022720291611E-18,-1.,5.314831798652E-18));
#1975 = PCURVE('',#193,#1976);
#1976 = DEFINITIONAL_REPRESENTATION('',(#1977),#1981);
#1977 = LINE('',#1978,#1979);
#1978 = CARTESIAN_POINT('',(-0.,0.));
#1979 = VECTOR('',#1980,1.);
#1980 = DIRECTION('',(-0.,-1.));
#1981 = ( GEOMETRIC_REPRESENTATION_CONTEXT(2) 
PARAMETRIC_REPRESENTATION_CONTEXT() REPRESENTATION_CONTEXT('2D SPACE',''
  ) );
#1982 = PCURVE('',#368,#1983);
#1983 = DEFINITIONAL_REPRESENTATION('',(#1984),#1988);
#1984 = LINE('',#1985,#1986);
#1985 = CARTESIAN_POINT('',(27.018405645137,0.));
#1986 = VECTOR('',#1987,1.);
#1987 = DIRECTION('',(0.,-1.));
#1988 = ( GEOMETRIC_REPRESENTATION_CONTEXT(2) 
PARAMETRIC_REPRESENTATION_CONTEXT() REPRESENTATION_CONTEXT('2D SPACE',''
  ) );
#1989 = ORIENTED_EDGE('',*,*,#1261,.T.);
#1990 = ORIENTED_EDGE('',*,*,#175,.F.);
#1991 = ORIENTED_EDGE('',*,*,#380,.F.);
#1992 = ADVANCED_FACE('',(#1993),#291,.F.);
#1993 = FACE_BOUND('',#1994,.F.);
#1994 = EDGE_LOOP('',(#1995,#1996,#1997,#2018));
#1995 = ORIENTED_EDGE('',*,*,#275,.T.);
#1996 = ORIENTED_EDGE('',*,*,#1215,.T.);
#1997 = ORIENTED_EDGE('',*,*,#1998,.F.);
#1998 = EDGE_CURVE('',#330,#1216,#1999,.T.);
#1999 = SURFACE_CURVE('',#2000,(#2004,#2011),.PCURVE_S1.);
#2000 = LINE('',#2001,#2002);
#2001 = CARTESIAN_POINT('',(26.,23.,14.));
#2002 = VECTOR('',#2003,1.);
#2003 = DIRECTION('',(2.022720291611E-18,-1.,5.314831798652E-18));
#2004 = PCURVE('',#291,#2005);
#2005 = DEFINITIONAL_REPRESENTATION('',(#2006),#2010);
#2006 = LINE('',#2007,#2008);
#2007 = CARTESIAN_POINT('',(15.5,0.));
#2008 = VECTOR('',#2009,1.);
#2009 = DIRECTION('',(0.,-1.));
#2010 = ( GEOMETRIC_REPRESENTATION_CONTEXT(2) 
PARAMETRIC_REPRESENTATION_CONTEXT() REPRESENTATION_CONTEXT('2D SPACE',''
  ) );
#2011 = PCURVE('',#368,#2012);
#2012 = DEFINITIONAL_REPRESENTATION('',(#2013),#2017);
#2013 = LINE('',#2014,#2015);
#2014 = CARTESIAN_POINT('',(0.,0.));
#2015 = VECTOR('',#2016,1.);
#2016 = DIRECTION('',(0.,-1.));
#2017 = ( GEOMETRIC_REPRESENTATION_CONTEXT(2) 
PARAMETRIC_REPRESENTATION_CONTEXT() REPRESENTATION_CONTEXT('2D SPACE',''
  ) );
#2018 = ORIENTED_EDGE('',*,*,#329,.F.);
#2019 = ADVANCED_FACE('',(#2020),#368,.F.);
#2020 = FACE_BOUND('',#2021,.F.);
#2021 = EDGE_LOOP('',(#2022,#2023,#2024,#2025));
#2022 = ORIENTED_EDGE('',*,*,#1998,.T.);
#2023 = ORIENTED_EDGE('',*,*,#1238,.T.);
#2024 = ORIENTED_EDGE('',*,*,#1969,.F.);
#2025 = ORIENTED_EDGE('',*,*,#352,.F.);
#2026 = ADVANCED_FACE('',(#2027),#426,.F.);
#2027 = FACE_BOUND('',#2028,.T.);
#2028 = EDGE_LOOP('',(#2029,#2030,#2051,#2052));
#2029 = ORIENTED_EDGE('',*,*,#405,.T.);
#2030 = ORIENTED_EDGE('',*,*,#2031,.T.);
#2031 = EDGE_CURVE('',#406,#1287,#2032,.T.);
#2032 = SEAM_CURVE('',#2033,(#2037,#2044),.PCURVE_S1.);
#2033 = LINE('',#2034,#2035);
#2034 = CARTESIAN_POINT('',(-7.028174593052,73.,-7.778174593052));
#2035 = VECTOR('',#2036,1.);
#2036 = DIRECTION('',(2.022720291611E-18,-1.,5.314831798652E-18));
#2037 = PCURVE('',#426,#2038);
#2038 = DEFINITIONAL_REPRESENTATION('',(#2039),#2043);
#2039 = LINE('',#2040,#2041);
#2040 = CARTESIAN_POINT('',(-6.28318530718,0.));
#2041 = VECTOR('',#2042,1.);
#2042 = DIRECTION('',(-0.,-1.));
#2043 = ( GEOMETRIC_REPRESENTATION_CONTEXT(2) 
PARAMETRIC_REPRESENTATION_CONTEXT() REPRESENTATION_CONTEXT('2D SPACE',''
  ) );
#2044 = PCURVE('',#426,#2045);
#2045 = DEFINITIONAL_REPRESENTATION('',(#2046),#2050);
#2046 = LINE('',#2047,#2048);
#2047 = CARTESIAN_POINT('',(-0.,0.));
#2048 = VECTOR('',#2049,1.);
#2049 = DIRECTION('',(-0.,-1.));
#2050 = ( GEOMETRIC_REPRESENTATION_CONTEXT(2) 
PARAMETRIC_REPRESENTATION_CONTEXT() REPRESENTATION_CONTEXT('2D SPACE',''
  ) );
#2051 = ORIENTED_EDGE('',*,*,#1286,.F.);
#2052 = ORIENTED_EDGE('',*,*,#2031,.F.);
#2053 = ADVANCED_FACE('',(#2054),#461,.F.);
#2054 = FACE_BOUND('',#2055,.T.);
#2055 = EDGE_LOOP('',(#2056,#2057,#2078,#2079));
#2056 = ORIENTED_EDGE('',*,*,#440,.T.);
#2057 = ORIENTED_EDGE('',*,*,#2058,.T.);
#2058 = EDGE_CURVE('',#441,#1317,#2059,.T.);
#2059 = SEAM_CURVE('',#2060,(#2064,#2071),.PCURVE_S1.);
#2060 = LINE('',#2061,#2062);
#2061 = CARTESIAN_POINT('',(-5.613961030679,73.,-6.363961030679));
#2062 = VECTOR('',#2063,1.);
#2063 = DIRECTION('',(2.022720291611E-18,-1.,5.314831798652E-18));
#2064 = PCURVE('',#461,#2065);
#2065 = DEFINITIONAL_REPRESENTATION('',(#2066),#2070);
#2066 = LINE('',#2067,#2068);
#2067 = CARTESIAN_POINT('',(-6.28318530718,0.));
#2068 = VECTOR('',#2069,1.);
#2069 = DIRECTION('',(-0.,-1.));
#2070 = ( GEOMETRIC_REPRESENTATION_CONTEXT(2) 
PARAMETRIC_REPRESENTATION_CONTEXT() REPRESENTATION_CONTEXT('2D SPACE',''
  ) );
#2071 = PCURVE('',#461,#2072);
#2072 = DEFINITIONAL_REPRESENTATION('',(#2073),#2077);
#2073 = LINE('',#2074,#2075);
#2074 = CARTESIAN_POINT('',(-0.,0.));
#2075 = VECTOR('',#2076,1.);
#2076 = DIRECTION('',(-0.,-1.));
#2077 = ( GEOMETRIC_REPRESENTATION_CONTEXT(2) 
PARAMETRIC_REPRESENTATION_CONTEXT() REPRESENTATION_CONTEXT('2D SPACE',''
  ) );
#2078 = ORIENTED_EDGE('',*,*,#1316,.F.);
#2079 = ORIENTED_EDGE('',*,*,#2058,.F.);
#2080 = ADVANCED_FACE('',(#2081),#496,.F.);
#2081 = FACE_BOUND('',#2082,.T.);
#2082 = EDGE_LOOP('',(#2083,#2084,#2105,#2106));
#2083 = ORIENTED_EDGE('',*,*,#475,.T.);
#2084 = ORIENTED_EDGE('',*,*,#2085,.T.);
#2085 = EDGE_CURVE('',#476,#1347,#2086,.T.);
#2086 = SEAM_CURVE('',#2087,(#2091,#2098),.PCURVE_S1.);
#2087 = LINE('',#2088,#2089);
#2088 = CARTESIAN_POINT('',(9.942388155425,73.,-9.192388155425));
#2089 = VECTOR('',#2090,1.);
#2090 = DIRECTION('',(2.022720291611E-18,-1.,5.314831798652E-18));
#2091 = PCURVE('',#496,#2092);
#2092 = DEFINITIONAL_REPRESENTATION('',(#2093),#2097);
#2093 = LINE('',#2094,#2095);
#2094 = CARTESIAN_POINT('',(-6.28318530718,0.));
#2095 = VECTOR('',#2096,1.);
#2096 = DIRECTION('',(-0.,-1.));
#2097 = ( GEOMETRIC_REPRESENTATION_CONTEXT(2) 
PARAMETRIC_REPRESENTATION_CONTEXT() REPRESENTATION_CONTEXT('2D SPACE',''
  ) );
#2098 = PCURVE('',#496,#2099);
#2099 = DEFINITIONAL_REPRESENTATION('',(#2100),#2104);
#2100 = LINE('',#2101,#2102);
#2101 = CARTESIAN_POINT('',(-0.,0.));
#2102 = VECTOR('',#2103,1.);
#2103 = DIRECTION('',(-0.,-1.));
#2104 = ( GEOMETRIC_REPRESENTATION_CONTEXT(2) 
PARAMETRIC_REPRESENTATION_CONTEXT() REPRESENTATION_CONTEXT('2D SPACE',''
  ) );
#2105 = ORIENTED_EDGE('',*,*,#1346,.F.);
#2106 = ORIENTED_EDGE('',*,*,#2085,.F.);
#2107 = ADVANCED_FACE('',(#2108),#531,.F.);
#2108 = FACE_BOUND('',#2109,.T.);
#2109 = EDGE_LOOP('',(#2110,#2111,#2132,#2133));
#2110 = ORIENTED_EDGE('',*,*,#510,.T.);
#2111 = ORIENTED_EDGE('',*,*,#2112,.T.);
#2112 = EDGE_CURVE('',#511,#1377,#2113,.T.);
#2113 = SEAM_CURVE('',#2114,(#2118,#2125),.PCURVE_S1.);
#2114 = LINE('',#2115,#2116);
#2115 = CARTESIAN_POINT('',(8.528174593052,73.,-7.778174593052));
#2116 = VECTOR('',#2117,1.);
#2117 = DIRECTION('',(2.022720291611E-18,-1.,5.314831798652E-18));
#2118 = PCURVE('',#531,#2119);
#2119 = DEFINITIONAL_REPRESENTATION('',(#2120),#2124);
#2120 = LINE('',#2121,#2122);
#2121 = CARTESIAN_POINT('',(-6.28318530718,0.));
#2122 = VECTOR('',#2123,1.);
#2123 = DIRECTION('',(-0.,-1.));
#2124 = ( GEOMETRIC_REPRESENTATION_CONTEXT(2) 
PARAMETRIC_REPRESENTATION_CONTEXT() REPRESENTATION_CONTEXT('2D SPACE',''
  ) );
#2125 = PCURVE('',#531,#2126);
#2126 = DEFINITIONAL_REPRESENTATION('',(#2127),#2131);
#2127 = LINE('',#2128,#2129);
#2128 = CARTESIAN_POINT('',(-0.,0.));
#2129 = VECTOR('',#2130,1.);
#2130 = DIRECTION('',(-0.,-1.));
#2131 = ( GEOMETRIC_REPRESENTATION_CONTEXT(2) 
PARAMETRIC_REPRESENTATION_CONTEXT() REPRESENTATION_CONTEXT('2D SPACE',''
  ) );
#2132 = ORIENTED_EDGE('',*,*,#1376,.F.);
#2133 = ORIENTED_EDGE('',*,*,#2112,.F.);
#2134 = ADVANCED_FACE('',(#2135),#566,.F.);
#2135 = FACE_BOUND('',#2136,.T.);
#2136 = EDGE_LOOP('',(#2137,#2138,#2159,#2160));
#2137 = ORIENTED_EDGE('',*,*,#545,.T.);
#2138 = ORIENTED_EDGE('',*,*,#2139,.T.);
#2139 = EDGE_CURVE('',#546,#1407,#2140,.T.);
#2140 = SEAM_CURVE('',#2141,(#2145,#2152),.PCURVE_S1.);
#2141 = LINE('',#2142,#2143);
#2142 = CARTESIAN_POINT('',(7.113961030679,73.,-6.363961030679));
#2143 = VECTOR('',#2144,1.);
#2144 = DIRECTION('',(2.022720291611E-18,-1.,5.314831798652E-18));
#2145 = PCURVE('',#566,#2146);
#2146 = DEFINITIONAL_REPRESENTATION('',(#2147),#2151);
#2147 = LINE('',#2148,#2149);
#2148 = CARTESIAN_POINT('',(-6.28318530718,0.));
#2149 = VECTOR('',#2150,1.);
#2150 = DIRECTION('',(-0.,-1.));
#2151 = ( GEOMETRIC_REPRESENTATION_CONTEXT(2) 
PARAMETRIC_REPRESENTATION_CONTEXT() REPRESENTATION_CONTEXT('2D SPACE',''
  ) );
#2152 = PCURVE('',#566,#2153);
#2153 = DEFINITIONAL_REPRESENTATION('',(#2154),#2158);
#2154 = LINE('',#2155,#2156);
#2155 = CARTESIAN_POINT('',(-0.,0.));
#2156 = VECTOR('',#2157,1.);
#2157 = DIRECTION('',(-0.,-1.));
#2158 = ( GEOMETRIC_REPRESENTATION_CONTEXT(2) 
PARAMETRIC_REPRESENTATION_CONTEXT() REPRESENTATION_CONTEXT('2D SPACE',''
  ) );
#2159 = ORIENTED_EDGE('',*,*,#1406,.F.);
#2160 = ORIENTED_EDGE('',*,*,#2139,.F.);
#2161 = ADVANCED_FACE('',(#2162),#597,.T.);
#2162 = FACE_BOUND('',#2163,.T.);
#2163 = EDGE_LOOP('',(#2164,#2165,#2186,#2187));
#2164 = ORIENTED_EDGE('',*,*,#580,.T.);
#2165 = ORIENTED_EDGE('',*,*,#2166,.T.);
#2166 = EDGE_CURVE('',#583,#1439,#2167,.T.);
#2167 = SURFACE_CURVE('',#2168,(#2172,#2179),.PCURVE_S1.);
#2168 = LINE('',#2169,#2170);
#2169 = CARTESIAN_POINT('',(38.1,73.,-20.1));
#2170 = VECTOR('',#2171,1.);
#2171 = DIRECTION('',(2.022720291611E-18,-1.,5.314831798652E-18));
#2172 = PCURVE('',#597,#2173);
#2173 = DEFINITIONAL_REPRESENTATION('',(#2174),#2178);
#2174 = LINE('',#2175,#2176);
#2175 = CARTESIAN_POINT('',(0.,0.));
#2176 = VECTOR('',#2177,1.);
#2177 = DIRECTION('',(0.,-1.));
#2178 = ( GEOMETRIC_REPRESENTATION_CONTEXT(2) 
PARAMETRIC_REPRESENTATION_CONTEXT() REPRESENTATION_CONTEXT('2D SPACE',''
  ) );
#2179 = PCURVE('',#623,#2180);
#2180 = DEFINITIONAL_REPRESENTATION('',(#2181),#2185);
#2181 = LINE('',#2182,#2183);
#2182 = CARTESIAN_POINT('',(3.2,0.));
#2183 = VECTOR('',#2184,1.);
#2184 = DIRECTION('',(0.,-1.));
#2185 = ( GEOMETRIC_REPRESENTATION_CONTEXT(2) 
PARAMETRIC_REPRESENTATION_CONTEXT() REPRESENTATION_CONTEXT('2D SPACE',''
  ) );
#2186 = ORIENTED_EDGE('',*,*,#1436,.F.);
#2187 = ORIENTED_EDGE('',*,*,#2188,.F.);
#2188 = EDGE_CURVE('',#581,#1437,#2189,.T.);
#2189 = SURFACE_CURVE('',#2190,(#2194,#2201),.PCURVE_S1.);
#2190 = LINE('',#2191,#2192);
#2191 = CARTESIAN_POINT('',(38.1,73.,-11.9));
#2192 = VECTOR('',#2193,1.);
#2193 = DIRECTION('',(2.022720291611E-18,-1.,5.314831798652E-18));
#2194 = PCURVE('',#597,#2195);
#2195 = DEFINITIONAL_REPRESENTATION('',(#2196),#2200);
#2196 = LINE('',#2197,#2198);
#2197 = CARTESIAN_POINT('',(8.2,0.));
#2198 = VECTOR('',#2199,1.);
#2199 = DIRECTION('',(0.,-1.));
#2200 = ( GEOMETRIC_REPRESENTATION_CONTEXT(2) 
PARAMETRIC_REPRESENTATION_CONTEXT() REPRESENTATION_CONTEXT('2D SPACE',''
  ) );
#2201 = PCURVE('',#673,#2202);
#2202 = DEFINITIONAL_REPRESENTATION('',(#2203),#2207);
#2203 = LINE('',#2204,#2205);
#2204 = CARTESIAN_POINT('',(0.,-0.));
#2205 = VECTOR('',#2206,1.);
#2206 = DIRECTION('',(0.,-1.));
#2207 = ( GEOMETRIC_REPRESENTATION_CONTEXT(2) 
PARAMETRIC_REPRESENTATION_CONTEXT() REPRESENTATION_CONTEXT('2D SPACE',''
  ) );
#2208 = ADVANCED_FACE('',(#2209),#673,.T.);
#2209 = FACE_BOUND('',#2210,.T.);
#2210 = EDGE_LOOP('',(#2211,#2212,#2213,#2214));
#2211 = ORIENTED_EDGE('',*,*,#660,.T.);
#2212 = ORIENTED_EDGE('',*,*,#2188,.T.);
#2213 = ORIENTED_EDGE('',*,*,#1501,.F.);
#2214 = ORIENTED_EDGE('',*,*,#2215,.F.);
#2215 = EDGE_CURVE('',#635,#1481,#2216,.T.);
#2216 = SURFACE_CURVE('',#2217,(#2221,#2228),.PCURVE_S1.);
#2217 = LINE('',#2218,#2219);
#2218 = CARTESIAN_POINT('',(34.9,73.,-11.9));
#2219 = VECTOR('',#2220,1.);
#2220 = DIRECTION('',(2.022720291611E-18,-1.,5.314831798652E-18));
#2221 = PCURVE('',#673,#2222);
#2222 = DEFINITIONAL_REPRESENTATION('',(#2223),#2227);
#2223 = LINE('',#2224,#2225);
#2224 = CARTESIAN_POINT('',(3.2,0.));
#2225 = VECTOR('',#2226,1.);
#2226 = DIRECTION('',(0.,-1.));
#2227 = ( GEOMETRIC_REPRESENTATION_CONTEXT(2) 
PARAMETRIC_REPRESENTATION_CONTEXT() REPRESENTATION_CONTEXT('2D SPACE',''
  ) );
#2228 = PCURVE('',#649,#2229);
#2229 = DEFINITIONAL_REPRESENTATION('',(#2230),#2234);
#2230 = LINE('',#2231,#2232);
#2231 = CARTESIAN_POINT('',(0.,0.));
#2232 = VECTOR('',#2233,1.);
#2233 = DIRECTION('',(0.,-1.));
#2234 = ( GEOMETRIC_REPRESENTATION_CONTEXT(2) 
PARAMETRIC_REPRESENTATION_CONTEXT() REPRESENTATION_CONTEXT('2D SPACE',''
  ) );
#2235 = ADVANCED_FACE('',(#2236),#623,.T.);
#2236 = FACE_BOUND('',#2237,.T.);
#2237 = EDGE_LOOP('',(#2238,#2239,#2260,#2261));
#2238 = ORIENTED_EDGE('',*,*,#608,.T.);
#2239 = ORIENTED_EDGE('',*,*,#2240,.T.);
#2240 = EDGE_CURVE('',#609,#1460,#2241,.T.);
#2241 = SURFACE_CURVE('',#2242,(#2246,#2253),.PCURVE_S1.);
#2242 = LINE('',#2243,#2244);
#2243 = CARTESIAN_POINT('',(34.9,73.,-20.1));
#2244 = VECTOR('',#2245,1.);
#2245 = DIRECTION('',(2.022720291611E-18,-1.,5.314831798652E-18));
#2246 = PCURVE('',#623,#2247);
#2247 = DEFINITIONAL_REPRESENTATION('',(#2248),#2252);
#2248 = LINE('',#2249,#2250);
#2249 = CARTESIAN_POINT('',(0.,0.));
#2250 = VECTOR('',#2251,1.);
#2251 = DIRECTION('',(0.,-1.));
#2252 = ( GEOMETRIC_REPRESENTATION_CONTEXT(2) 
PARAMETRIC_REPRESENTATION_CONTEXT() REPRESENTATION_CONTEXT('2D SPACE',''
  ) );
#2253 = PCURVE('',#649,#2254);
#2254 = DEFINITIONAL_REPRESENTATION('',(#2255),#2259);
#2255 = LINE('',#2256,#2257);
#2256 = CARTESIAN_POINT('',(8.2,0.));
#2257 = VECTOR('',#2258,1.);
#2258 = DIRECTION('',(0.,-1.));
#2259 = ( GEOMETRIC_REPRESENTATION_CONTEXT(2) 
PARAMETRIC_REPRESENTATION_CONTEXT() REPRESENTATION_CONTEXT('2D SPACE',''
  ) );
#2260 = ORIENTED_EDGE('',*,*,#1459,.F.);
#2261 = ORIENTED_EDGE('',*,*,#2166,.F.);
#2262 = ADVANCED_FACE('',(#2263),#649,.T.);
#2263 = FACE_BOUND('',#2264,.T.);
#2264 = EDGE_LOOP('',(#2265,#2266,#2267,#2268));
#2265 = ORIENTED_EDGE('',*,*,#634,.T.);
#2266 = ORIENTED_EDGE('',*,*,#2215,.T.);
#2267 = ORIENTED_EDGE('',*,*,#1480,.F.);
#2268 = ORIENTED_EDGE('',*,*,#2240,.F.);
#2269 = ADVANCED_FACE('',(#2270),#707,.F.);
#2270 = FACE_BOUND('',#2271,.T.);
#2271 = EDGE_LOOP('',(#2272,#2273,#2294,#2295));
#2272 = ORIENTED_EDGE('',*,*,#686,.T.);
#2273 = ORIENTED_EDGE('',*,*,#2274,.T.);
#2274 = EDGE_CURVE('',#687,#1523,#2275,.T.);
#2275 = SEAM_CURVE('',#2276,(#2280,#2287),.PCURVE_S1.);
#2276 = LINE('',#2277,#2278);
#2277 = CARTESIAN_POINT('',(21.5,123.,-8.));
#2278 = VECTOR('',#2279,1.);
#2279 = DIRECTION('',(2.022720291611E-18,-1.,5.314831798652E-18));
#2280 = PCURVE('',#707,#2281);
#2281 = DEFINITIONAL_REPRESENTATION('',(#2282),#2286);
#2282 = LINE('',#2283,#2284);
#2283 = CARTESIAN_POINT('',(-6.28318530718,0.));
#2284 = VECTOR('',#2285,1.);
#2285 = DIRECTION('',(-0.,-1.));
#2286 = ( GEOMETRIC_REPRESENTATION_CONTEXT(2) 
PARAMETRIC_REPRESENTATION_CONTEXT() REPRESENTATION_CONTEXT('2D SPACE',''
  ) );
#2287 = PCURVE('',#707,#2288);
#2288 = DEFINITIONAL_REPRESENTATION('',(#2289),#2293);
#2289 = LINE('',#2290,#2291);
#2290 = CARTESIAN_POINT('',(-0.,0.));
#2291 = VECTOR('',#2292,1.);
#2292 = DIRECTION('',(-0.,-1.));
#2293 = ( GEOMETRIC_REPRESENTATION_CONTEXT(2) 
PARAMETRIC_REPRESENTATION_CONTEXT() REPRESENTATION_CONTEXT('2D SPACE',''
  ) );
#2294 = ORIENTED_EDGE('',*,*,#1522,.F.);
#2295 = ORIENTED_EDGE('',*,*,#2274,.F.);
#2296 = ADVANCED_FACE('',(#2297),#742,.F.);
#2297 = FACE_BOUND('',#2298,.T.);
#2298 = EDGE_LOOP('',(#2299,#2300,#2321,#2322));
#2299 = ORIENTED_EDGE('',*,*,#721,.T.);
#2300 = ORIENTED_EDGE('',*,*,#2301,.T.);
#2301 = EDGE_CURVE('',#722,#1553,#2302,.T.);
#2302 = SEAM_CURVE('',#2303,(#2307,#2314),.PCURVE_S1.);
#2303 = LINE('',#2304,#2305);
#2304 = CARTESIAN_POINT('',(-4.199747468306,73.,-4.949747468306));
#2305 = VECTOR('',#2306,1.);
#2306 = DIRECTION('',(2.022720291611E-18,-1.,5.314831798652E-18));
#2307 = PCURVE('',#742,#2308);
#2308 = DEFINITIONAL_REPRESENTATION('',(#2309),#2313);
#2309 = LINE('',#2310,#2311);
#2310 = CARTESIAN_POINT('',(-6.28318530718,0.));
#2311 = VECTOR('',#2312,1.);
#2312 = DIRECTION('',(-0.,-1.));
#2313 = ( GEOMETRIC_REPRESENTATION_CONTEXT(2) 
PARAMETRIC_REPRESENTATION_CONTEXT() REPRESENTATION_CONTEXT('2D SPACE',''
  ) );
#2314 = PCURVE('',#742,#2315);
#2315 = DEFINITIONAL_REPRESENTATION('',(#2316),#2320);
#2316 = LINE('',#2317,#2318);
#2317 = CARTESIAN_POINT('',(-0.,0.));
#2318 = VECTOR('',#2319,1.);
#2319 = DIRECTION('',(-0.,-1.));
#2320 = ( GEOMETRIC_REPRESENTATION_CONTEXT(2) 
PARAMETRIC_REPRESENTATION_CONTEXT() REPRESENTATION_CONTEXT('2D SPACE',''
  ) );
#2321 = ORIENTED_EDGE('',*,*,#1552,.F.);
#2322 = ORIENTED_EDGE('',*,*,#2301,.F.);
#2323 = ADVANCED_FACE('',(#2324),#777,.F.);
#2324 = FACE_BOUND('',#2325,.T.);
#2325 = EDGE_LOOP('',(#2326,#2327,#2348,#2349));
#2326 = ORIENTED_EDGE('',*,*,#756,.T.);
#2327 = ORIENTED_EDGE('',*,*,#2328,.T.);
#2328 = EDGE_CURVE('',#757,#1583,#2329,.T.);
#2329 = SEAM_CURVE('',#2330,(#2334,#2341),.PCURVE_S1.);
#2330 = LINE('',#2331,#2332);
#2331 = CARTESIAN_POINT('',(3.,73.,-2.842149754246E-14));
#2332 = VECTOR('',#2333,1.);
#2333 = DIRECTION('',(2.022720291611E-18,-1.,5.314831798652E-18));
#2334 = PCURVE('',#777,#2335);
#2335 = DEFINITIONAL_REPRESENTATION('',(#2336),#2340);
#2336 = LINE('',#2337,#2338);
#2337 = CARTESIAN_POINT('',(-6.28318530718,0.));
#2338 = VECTOR('',#2339,1.);
#2339 = DIRECTION('',(-0.,-1.));
#2340 = ( GEOMETRIC_REPRESENTATION_CONTEXT(2) 
PARAMETRIC_REPRESENTATION_CONTEXT() REPRESENTATION_CONTEXT('2D SPACE',''
  ) );
#2341 = PCURVE('',#777,#2342);
#2342 = DEFINITIONAL_REPRESENTATION('',(#2343),#2347);
#2343 = LINE('',#2344,#2345);
#2344 = CARTESIAN_POINT('',(-0.,0.));
#2345 = VECTOR('',#2346,1.);
#2346 = DIRECTION('',(-0.,-1.));
#2347 = ( GEOMETRIC_REPRESENTATION_CONTEXT(2) 
PARAMETRIC_REPRESENTATION_CONTEXT() REPRESENTATION_CONTEXT('2D SPACE',''
  ) );
#2348 = ORIENTED_EDGE('',*,*,#1582,.F.);
#2349 = ORIENTED_EDGE('',*,*,#2328,.F.);
#2350 = ADVANCED_FACE('',(#2351),#812,.F.);
#2351 = FACE_BOUND('',#2352,.T.);
#2352 = EDGE_LOOP('',(#2353,#2354,#2375,#2376));
#2353 = ORIENTED_EDGE('',*,*,#791,.T.);
#2354 = ORIENTED_EDGE('',*,*,#2355,.T.);
#2355 = EDGE_CURVE('',#792,#1613,#2356,.T.);
#2356 = SEAM_CURVE('',#2357,(#2361,#2368),.PCURVE_S1.);
#2357 = LINE('',#2358,#2359);
#2358 = CARTESIAN_POINT('',(5.699747468306,73.,-4.949747468306));
#2359 = VECTOR('',#2360,1.);
#2360 = DIRECTION('',(2.022720291611E-18,-1.,5.314831798652E-18));
#2361 = PCURVE('',#812,#2362);
#2362 = DEFINITIONAL_REPRESENTATION('',(#2363),#2367);
#2363 = LINE('',#2364,#2365);
#2364 = CARTESIAN_POINT('',(-6.28318530718,0.));
#2365 = VECTOR('',#2366,1.);
#2366 = DIRECTION('',(-0.,-1.));
#2367 = ( GEOMETRIC_REPRESENTATION_CONTEXT(2) 
PARAMETRIC_REPRESENTATION_CONTEXT() REPRESENTATION_CONTEXT('2D SPACE',''
  ) );
#2368 = PCURVE('',#812,#2369);
#2369 = DEFINITIONAL_REPRESENTATION('',(#2370),#2374);
#2370 = LINE('',#2371,#2372);
#2371 = CARTESIAN_POINT('',(-0.,0.));
#2372 = VECTOR('',#2373,1.);
#2373 = DIRECTION('',(-0.,-1.));
#2374 = ( GEOMETRIC_REPRESENTATION_CONTEXT(2) 
PARAMETRIC_REPRESENTATION_CONTEXT() REPRESENTATION_CONTEXT('2D SPACE',''
  ) );
#2375 = ORIENTED_EDGE('',*,*,#1612,.F.);
#2376 = ORIENTED_EDGE('',*,*,#2355,.F.);
#2377 = ADVANCED_FACE('',(#2378),#847,.F.);
#2378 = FACE_BOUND('',#2379,.T.);
#2379 = EDGE_LOOP('',(#2380,#2381,#2402,#2403));
#2380 = ORIENTED_EDGE('',*,*,#826,.T.);
#2381 = ORIENTED_EDGE('',*,*,#2382,.T.);
#2382 = EDGE_CURVE('',#827,#1643,#2383,.T.);
#2383 = SEAM_CURVE('',#2384,(#2388,#2395),.PCURVE_S1.);
#2384 = LINE('',#2385,#2386);
#2385 = CARTESIAN_POINT('',(-4.199747468306,73.,4.949747468306));
#2386 = VECTOR('',#2387,1.);
#2387 = DIRECTION('',(2.022720291611E-18,-1.,5.314831798652E-18));
#2388 = PCURVE('',#847,#2389);
#2389 = DEFINITIONAL_REPRESENTATION('',(#2390),#2394);
#2390 = LINE('',#2391,#2392);
#2391 = CARTESIAN_POINT('',(-6.28318530718,0.));
#2392 = VECTOR('',#2393,1.);
#2393 = DIRECTION('',(-0.,-1.));
#2394 = ( GEOMETRIC_REPRESENTATION_CONTEXT(2) 
PARAMETRIC_REPRESENTATION_CONTEXT() REPRESENTATION_CONTEXT('2D SPACE',''
  ) );
#2395 = PCURVE('',#847,#2396);
#2396 = DEFINITIONAL_REPRESENTATION('',(#2397),#2401);
#2397 = LINE('',#2398,#2399);
#2398 = CARTESIAN_POINT('',(-0.,0.));
#2399 = VECTOR('',#2400,1.);
#2400 = DIRECTION('',(-0.,-1.));
#2401 = ( GEOMETRIC_REPRESENTATION_CONTEXT(2) 
PARAMETRIC_REPRESENTATION_CONTEXT() REPRESENTATION_CONTEXT('2D SPACE',''
  ) );
#2402 = ORIENTED_EDGE('',*,*,#1642,.F.);
#2403 = ORIENTED_EDGE('',*,*,#2382,.F.);
#2404 = ADVANCED_FACE('',(#2405),#882,.F.);
#2405 = FACE_BOUND('',#2406,.T.);
#2406 = EDGE_LOOP('',(#2407,#2408,#2429,#2430));
#2407 = ORIENTED_EDGE('',*,*,#861,.T.);
#2408 = ORIENTED_EDGE('',*,*,#2409,.T.);
#2409 = EDGE_CURVE('',#862,#1673,#2410,.T.);
#2410 = SEAM_CURVE('',#2411,(#2415,#2422),.PCURVE_S1.);
#2411 = LINE('',#2412,#2413);
#2412 = CARTESIAN_POINT('',(-5.613961030679,73.,6.363961030679));
#2413 = VECTOR('',#2414,1.);
#2414 = DIRECTION('',(2.022720291611E-18,-1.,5.314831798652E-18));
#2415 = PCURVE('',#882,#2416);
#2416 = DEFINITIONAL_REPRESENTATION('',(#2417),#2421);
#2417 = LINE('',#2418,#2419);
#2418 = CARTESIAN_POINT('',(-6.28318530718,0.));
#2419 = VECTOR('',#2420,1.);
#2420 = DIRECTION('',(-0.,-1.));
#2421 = ( GEOMETRIC_REPRESENTATION_CONTEXT(2) 
PARAMETRIC_REPRESENTATION_CONTEXT() REPRESENTATION_CONTEXT('2D SPACE',''
  ) );
#2422 = PCURVE('',#882,#2423);
#2423 = DEFINITIONAL_REPRESENTATION('',(#2424),#2428);
#2424 = LINE('',#2425,#2426);
#2425 = CARTESIAN_POINT('',(-0.,0.));
#2426 = VECTOR('',#2427,1.);
#2427 = DIRECTION('',(-0.,-1.));
#2428 = ( GEOMETRIC_REPRESENTATION_CONTEXT(2) 
PARAMETRIC_REPRESENTATION_CONTEXT() REPRESENTATION_CONTEXT('2D SPACE',''
  ) );
#2429 = ORIENTED_EDGE('',*,*,#1672,.F.);
#2430 = ORIENTED_EDGE('',*,*,#2409,.F.);
#2431 = ADVANCED_FACE('',(#2432),#917,.F.);
#2432 = FACE_BOUND('',#2433,.T.);
#2433 = EDGE_LOOP('',(#2434,#2435,#2456,#2457));
#2434 = ORIENTED_EDGE('',*,*,#896,.T.);
#2435 = ORIENTED_EDGE('',*,*,#2436,.T.);
#2436 = EDGE_CURVE('',#897,#1703,#2437,.T.);
#2437 = SEAM_CURVE('',#2438,(#2442,#2449),.PCURVE_S1.);
#2438 = LINE('',#2439,#2440);
#2439 = CARTESIAN_POINT('',(-7.028174593052,73.,7.778174593052));
#2440 = VECTOR('',#2441,1.);
#2441 = DIRECTION('',(2.022720291611E-18,-1.,5.314831798652E-18));
#2442 = PCURVE('',#917,#2443);
#2443 = DEFINITIONAL_REPRESENTATION('',(#2444),#2448);
#2444 = LINE('',#2445,#2446);
#2445 = CARTESIAN_POINT('',(-6.28318530718,0.));
#2446 = VECTOR('',#2447,1.);
#2447 = DIRECTION('',(-0.,-1.));
#2448 = ( GEOMETRIC_REPRESENTATION_CONTEXT(2) 
PARAMETRIC_REPRESENTATION_CONTEXT() REPRESENTATION_CONTEXT('2D SPACE',''
  ) );
#2449 = PCURVE('',#917,#2450);
#2450 = DEFINITIONAL_REPRESENTATION('',(#2451),#2455);
#2451 = LINE('',#2452,#2453);
#2452 = CARTESIAN_POINT('',(-0.,0.));
#2453 = VECTOR('',#2454,1.);
#2454 = DIRECTION('',(-0.,-1.));
#2455 = ( GEOMETRIC_REPRESENTATION_CONTEXT(2) 
PARAMETRIC_REPRESENTATION_CONTEXT() REPRESENTATION_CONTEXT('2D SPACE',''
  ) );
#2456 = ORIENTED_EDGE('',*,*,#1702,.F.);
#2457 = ORIENTED_EDGE('',*,*,#2436,.F.);
#2458 = ADVANCED_FACE('',(#2459),#952,.F.);
#2459 = FACE_BOUND('',#2460,.T.);
#2460 = EDGE_LOOP('',(#2461,#2462,#2483,#2484));
#2461 = ORIENTED_EDGE('',*,*,#931,.T.);
#2462 = ORIENTED_EDGE('',*,*,#2463,.T.);
#2463 = EDGE_CURVE('',#932,#1733,#2464,.T.);
#2464 = SEAM_CURVE('',#2465,(#2469,#2476),.PCURVE_S1.);
#2465 = LINE('',#2466,#2467);
#2466 = CARTESIAN_POINT('',(5.699747468306,73.,4.949747468306));
#2467 = VECTOR('',#2468,1.);
#2468 = DIRECTION('',(2.022720291611E-18,-1.,5.314831798652E-18));
#2469 = PCURVE('',#952,#2470);
#2470 = DEFINITIONAL_REPRESENTATION('',(#2471),#2475);
#2471 = LINE('',#2472,#2473);
#2472 = CARTESIAN_POINT('',(-6.28318530718,0.));
#2473 = VECTOR('',#2474,1.);
#2474 = DIRECTION('',(-0.,-1.));
#2475 = ( GEOMETRIC_REPRESENTATION_CONTEXT(2) 
PARAMETRIC_REPRESENTATION_CONTEXT() REPRESENTATION_CONTEXT('2D SPACE',''
  ) );
#2476 = PCURVE('',#952,#2477);
#2477 = DEFINITIONAL_REPRESENTATION('',(#2478),#2482);
#2478 = LINE('',#2479,#2480);
#2479 = CARTESIAN_POINT('',(-0.,0.));
#2480 = VECTOR('',#2481,1.);
#2481 = DIRECTION('',(-0.,-1.));
#2482 = ( GEOMETRIC_REPRESENTATION_CONTEXT(2) 
PARAMETRIC_REPRESENTATION_CONTEXT() REPRESENTATION_CONTEXT('2D SPACE',''
  ) );
#2483 = ORIENTED_EDGE('',*,*,#1732,.F.);
#2484 = ORIENTED_EDGE('',*,*,#2463,.F.);
#2485 = ADVANCED_FACE('',(#2486),#987,.F.);
#2486 = FACE_BOUND('',#2487,.T.);
#2487 = EDGE_LOOP('',(#2488,#2489,#2510,#2511));
#2488 = ORIENTED_EDGE('',*,*,#966,.T.);
#2489 = ORIENTED_EDGE('',*,*,#2490,.T.);
#2490 = EDGE_CURVE('',#967,#1763,#2491,.T.);
#2491 = SEAM_CURVE('',#2492,(#2496,#2503),.PCURVE_S1.);
#2492 = LINE('',#2493,#2494);
#2493 = CARTESIAN_POINT('',(7.113961030679,73.,6.363961030679));
#2494 = VECTOR('',#2495,1.);
#2495 = DIRECTION('',(2.022720291611E-18,-1.,5.314831798652E-18));
#2496 = PCURVE('',#987,#2497);
#2497 = DEFINITIONAL_REPRESENTATION('',(#2498),#2502);
#2498 = LINE('',#2499,#2500);
#2499 = CARTESIAN_POINT('',(-6.28318530718,0.));
#2500 = VECTOR('',#2501,1.);
#2501 = DIRECTION('',(-0.,-1.));
#2502 = ( GEOMETRIC_REPRESENTATION_CONTEXT(2) 
PARAMETRIC_REPRESENTATION_CONTEXT() REPRESENTATION_CONTEXT('2D SPACE',''
  ) );
#2503 = PCURVE('',#987,#2504);
#2504 = DEFINITIONAL_REPRESENTATION('',(#2505),#2509);
#2505 = LINE('',#2506,#2507);
#2506 = CARTESIAN_POINT('',(-0.,0.));
#2507 = VECTOR('',#2508,1.);
#2508 = DIRECTION('',(-0.,-1.));
#2509 = ( GEOMETRIC_REPRESENTATION_CONTEXT(2) 
PARAMETRIC_REPRESENTATION_CONTEXT() REPRESENTATION_CONTEXT('2D SPACE',''
  ) );
#2510 = ORIENTED_EDGE('',*,*,#1762,.F.);
#2511 = ORIENTED_EDGE('',*,*,#2490,.F.);
#2512 = ADVANCED_FACE('',(#2513),#1022,.F.);
#2513 = FACE_BOUND('',#2514,.T.);
#2514 = EDGE_LOOP('',(#2515,#2516,#2537,#2538));
#2515 = ORIENTED_EDGE('',*,*,#1001,.T.);
#2516 = ORIENTED_EDGE('',*,*,#2517,.T.);
#2517 = EDGE_CURVE('',#1002,#1793,#2518,.T.);
#2518 = SEAM_CURVE('',#2519,(#2523,#2530),.PCURVE_S1.);
#2519 = LINE('',#2520,#2521);
#2520 = CARTESIAN_POINT('',(8.528174593052,73.,7.778174593052));
#2521 = VECTOR('',#2522,1.);
#2522 = DIRECTION('',(2.022720291611E-18,-1.,5.314831798652E-18));
#2523 = PCURVE('',#1022,#2524);
#2524 = DEFINITIONAL_REPRESENTATION('',(#2525),#2529);
#2525 = LINE('',#2526,#2527);
#2526 = CARTESIAN_POINT('',(-6.28318530718,0.));
#2527 = VECTOR('',#2528,1.);
#2528 = DIRECTION('',(-0.,-1.));
#2529 = ( GEOMETRIC_REPRESENTATION_CONTEXT(2) 
PARAMETRIC_REPRESENTATION_CONTEXT() REPRESENTATION_CONTEXT('2D SPACE',''
  ) );
#2530 = PCURVE('',#1022,#2531);
#2531 = DEFINITIONAL_REPRESENTATION('',(#2532),#2536);
#2532 = LINE('',#2533,#2534);
#2533 = CARTESIAN_POINT('',(-0.,0.));
#2534 = VECTOR('',#2535,1.);
#2535 = DIRECTION('',(-0.,-1.));
#2536 = ( GEOMETRIC_REPRESENTATION_CONTEXT(2) 
PARAMETRIC_REPRESENTATION_CONTEXT() REPRESENTATION_CONTEXT('2D SPACE',''
  ) );
#2537 = ORIENTED_EDGE('',*,*,#1792,.F.);
#2538 = ORIENTED_EDGE('',*,*,#2517,.F.);
#2539 = ADVANCED_FACE('',(#2540),#1057,.F.);
#2540 = FACE_BOUND('',#2541,.T.);
#2541 = EDGE_LOOP('',(#2542,#2543,#2564,#2565));
#2542 = ORIENTED_EDGE('',*,*,#1036,.T.);
#2543 = ORIENTED_EDGE('',*,*,#2544,.T.);
#2544 = EDGE_CURVE('',#1037,#1823,#2545,.T.);
#2545 = SEAM_CURVE('',#2546,(#2550,#2557),.PCURVE_S1.);
#2546 = LINE('',#2547,#2548);
#2547 = CARTESIAN_POINT('',(9.942388155425,73.,9.192388155425));
#2548 = VECTOR('',#2549,1.);
#2549 = DIRECTION('',(2.022720291611E-18,-1.,5.314831798652E-18));
#2550 = PCURVE('',#1057,#2551);
#2551 = DEFINITIONAL_REPRESENTATION('',(#2552),#2556);
#2552 = LINE('',#2553,#2554);
#2553 = CARTESIAN_POINT('',(-6.28318530718,0.));
#2554 = VECTOR('',#2555,1.);
#2555 = DIRECTION('',(-0.,-1.));
#2556 = ( GEOMETRIC_REPRESENTATION_CONTEXT(2) 
PARAMETRIC_REPRESENTATION_CONTEXT() REPRESENTATION_CONTEXT('2D SPACE',''
  ) );
#2557 = PCURVE('',#1057,#2558);
#2558 = DEFINITIONAL_REPRESENTATION('',(#2559),#2563);
#2559 = LINE('',#2560,#2561);
#2560 = CARTESIAN_POINT('',(-0.,0.));
#2561 = VECTOR('',#2562,1.);
#2562 = DIRECTION('',(-0.,-1.));
#2563 = ( GEOMETRIC_REPRESENTATION_CONTEXT(2) 
PARAMETRIC_REPRESENTATION_CONTEXT() REPRESENTATION_CONTEXT('2D SPACE',''
  ) );
#2564 = ORIENTED_EDGE('',*,*,#1822,.F.);
#2565 = ORIENTED_EDGE('',*,*,#2544,.F.);
#2566 = ADVANCED_FACE('',(#2567),#1092,.F.);
#2567 = FACE_BOUND('',#2568,.T.);
#2568 = EDGE_LOOP('',(#2569,#2570,#2591,#2592));
#2569 = ORIENTED_EDGE('',*,*,#1071,.T.);
#2570 = ORIENTED_EDGE('',*,*,#2571,.T.);
#2571 = EDGE_CURVE('',#1072,#1853,#2572,.T.);
#2572 = SEAM_CURVE('',#2573,(#2577,#2584),.PCURVE_S1.);
#2573 = LINE('',#2574,#2575);
#2574 = CARTESIAN_POINT('',(38.15,73.,-5.));
#2575 = VECTOR('',#2576,1.);
#2576 = DIRECTION('',(2.022720291611E-18,-1.,5.314831798652E-18));
#2577 = PCURVE('',#1092,#2578);
#2578 = DEFINITIONAL_REPRESENTATION('',(#2579),#2583);
#2579 = LINE('',#2580,#2581);
#2580 = CARTESIAN_POINT('',(-6.28318530718,0.));
#2581 = VECTOR('',#2582,1.);
#2582 = DIRECTION('',(-0.,-1.));
#2583 = ( GEOMETRIC_REPRESENTATION_CONTEXT(2) 
PARAMETRIC_REPRESENTATION_CONTEXT() REPRESENTATION_CONTEXT('2D SPACE',''
  ) );
#2584 = PCURVE('',#1092,#2585);
#2585 = DEFINITIONAL_REPRESENTATION('',(#2586),#2590);
#2586 = LINE('',#2587,#2588);
#2587 = CARTESIAN_POINT('',(-0.,0.));
#2588 = VECTOR('',#2589,1.);
#2589 = DIRECTION('',(-0.,-1.));
#2590 = ( GEOMETRIC_REPRESENTATION_CONTEXT(2) 
PARAMETRIC_REPRESENTATION_CONTEXT() REPRESENTATION_CONTEXT('2D SPACE',''
  ) );
#2591 = ORIENTED_EDGE('',*,*,#1852,.F.);
#2592 = ORIENTED_EDGE('',*,*,#2571,.F.);
#2593 = ADVANCED_FACE('',(#2594),#1123,.T.);
#2594 = FACE_BOUND('',#2595,.T.);
#2595 = EDGE_LOOP('',(#2596,#2597,#2618,#2619));
#2596 = ORIENTED_EDGE('',*,*,#1106,.T.);
#2597 = ORIENTED_EDGE('',*,*,#2598,.T.);
#2598 = EDGE_CURVE('',#1109,#1885,#2599,.T.);
#2599 = SURFACE_CURVE('',#2600,(#2604,#2611),.PCURVE_S1.);
#2600 = LINE('',#2601,#2602);
#2601 = CARTESIAN_POINT('',(38.1,73.,1.9));
#2602 = VECTOR('',#2603,1.);
#2603 = DIRECTION('',(2.022720291611E-18,-1.,5.314831798652E-18));
#2604 = PCURVE('',#1123,#2605);
#2605 = DEFINITIONAL_REPRESENTATION('',(#2606),#2610);
#2606 = LINE('',#2607,#2608);
#2607 = CARTESIAN_POINT('',(0.,0.));
#2608 = VECTOR('',#2609,1.);
#2609 = DIRECTION('',(0.,-1.));
#2610 = ( GEOMETRIC_REPRESENTATION_CONTEXT(2) 
PARAMETRIC_REPRESENTATION_CONTEXT() REPRESENTATION_CONTEXT('2D SPACE',''
  ) );
#2611 = PCURVE('',#1149,#2612);
#2612 = DEFINITIONAL_REPRESENTATION('',(#2613),#2617);
#2613 = LINE('',#2614,#2615);
#2614 = CARTESIAN_POINT('',(3.2,0.));
#2615 = VECTOR('',#2616,1.);
#2616 = DIRECTION('',(0.,-1.));
#2617 = ( GEOMETRIC_REPRESENTATION_CONTEXT(2) 
PARAMETRIC_REPRESENTATION_CONTEXT() REPRESENTATION_CONTEXT('2D SPACE',''
  ) );
#2618 = ORIENTED_EDGE('',*,*,#1882,.F.);
#2619 = ORIENTED_EDGE('',*,*,#2620,.F.);
#2620 = EDGE_CURVE('',#1107,#1883,#2621,.T.);
#2621 = SURFACE_CURVE('',#2622,(#2626,#2633),.PCURVE_S1.);
#2622 = LINE('',#2623,#2624);
#2623 = CARTESIAN_POINT('',(38.1,73.,10.1));
#2624 = VECTOR('',#2625,1.);
#2625 = DIRECTION('',(2.022720291611E-18,-1.,5.314831798652E-18));
#2626 = PCURVE('',#1123,#2627);
#2627 = DEFINITIONAL_REPRESENTATION('',(#2628),#2632);
#2628 = LINE('',#2629,#2630);
#2629 = CARTESIAN_POINT('',(8.2,0.));
#2630 = VECTOR('',#2631,1.);
#2631 = DIRECTION('',(0.,-1.));
#2632 = ( GEOMETRIC_REPRESENTATION_CONTEXT(2) 
PARAMETRIC_REPRESENTATION_CONTEXT() REPRESENTATION_CONTEXT('2D SPACE',''
  ) );
#2633 = PCURVE('',#1199,#2634);
#2634 = DEFINITIONAL_REPRESENTATION('',(#2635),#2639);
#2635 = LINE('',#2636,#2637);
#2636 = CARTESIAN_POINT('',(0.,-0.));
#2637 = VECTOR('',#2638,1.);
#2638 = DIRECTION('',(0.,-1.));
#2639 = ( GEOMETRIC_REPRESENTATION_CONTEXT(2) 
PARAMETRIC_REPRESENTATION_CONTEXT() REPRESENTATION_CONTEXT('2D SPACE',''
  ) );
#2640 = ADVANCED_FACE('',(#2641),#1199,.T.);
#2641 = FACE_BOUND('',#2642,.T.);
#2642 = EDGE_LOOP('',(#2643,#2644,#2645,#2646));
#2643 = ORIENTED_EDGE('',*,*,#1186,.T.);
#2644 = ORIENTED_EDGE('',*,*,#2620,.T.);
#2645 = ORIENTED_EDGE('',*,*,#1947,.F.);
#2646 = ORIENTED_EDGE('',*,*,#2647,.F.);
#2647 = EDGE_CURVE('',#1161,#1927,#2648,.T.);
#2648 = SURFACE_CURVE('',#2649,(#2653,#2660),.PCURVE_S1.);
#2649 = LINE('',#2650,#2651);
#2650 = CARTESIAN_POINT('',(34.9,73.,10.1));
#2651 = VECTOR('',#2652,1.);
#2652 = DIRECTION('',(2.022720291611E-18,-1.,5.314831798652E-18));
#2653 = PCURVE('',#1199,#2654);
#2654 = DEFINITIONAL_REPRESENTATION('',(#2655),#2659);
#2655 = LINE('',#2656,#2657);
#2656 = CARTESIAN_POINT('',(3.2,0.));
#2657 = VECTOR('',#2658,1.);
#2658 = DIRECTION('',(0.,-1.));
#2659 = ( GEOMETRIC_REPRESENTATION_CONTEXT(2) 
PARAMETRIC_REPRESENTATION_CONTEXT() REPRESENTATION_CONTEXT('2D SPACE',''
  ) );
#2660 = PCURVE('',#1175,#2661);
#2661 = DEFINITIONAL_REPRESENTATION('',(#2662),#2666);
#2662 = LINE('',#2663,#2664);
#2663 = CARTESIAN_POINT('',(0.,0.));
#2664 = VECTOR('',#2665,1.);
#2665 = DIRECTION('',(0.,-1.));
#2666 = ( GEOMETRIC_REPRESENTATION_CONTEXT(2) 
PARAMETRIC_REPRESENTATION_CONTEXT() REPRESENTATION_CONTEXT('2D SPACE',''
  ) );
#2667 = ADVANCED_FACE('',(#2668),#1149,.T.);
#2668 = FACE_BOUND('',#2669,.T.);
#2669 = EDGE_LOOP('',(#2670,#2671,#2692,#2693));
#2670 = ORIENTED_EDGE('',*,*,#1134,.T.);
#2671 = ORIENTED_EDGE('',*,*,#2672,.T.);
#2672 = EDGE_CURVE('',#1135,#1906,#2673,.T.);
#2673 = SURFACE_CURVE('',#2674,(#2678,#2685),.PCURVE_S1.);
#2674 = LINE('',#2675,#2676);
#2675 = CARTESIAN_POINT('',(34.9,73.,1.9));
#2676 = VECTOR('',#2677,1.);
#2677 = DIRECTION('',(2.022720291611E-18,-1.,5.314831798652E-18));
#2678 = PCURVE('',#1149,#2679);
#2679 = DEFINITIONAL_REPRESENTATION('',(#2680),#2684);
#2680 = LINE('',#2681,#2682);
#2681 = CARTESIAN_POINT('',(0.,0.));
#2682 = VECTOR('',#2683,1.);
#2683 = DIRECTION('',(0.,-1.));
#2684 = ( GEOMETRIC_REPRESENTATION_CONTEXT(2) 
PARAMETRIC_REPRESENTATION_CONTEXT() REPRESENTATION_CONTEXT('2D SPACE',''
  ) );
#2685 = PCURVE('',#1175,#2686);
#2686 = DEFINITIONAL_REPRESENTATION('',(#2687),#2691);
#2687 = LINE('',#2688,#2689);
#2688 = CARTESIAN_POINT('',(8.2,0.));
#2689 = VECTOR('',#2690,1.);
#2690 = DIRECTION('',(0.,-1.));
#2691 = ( GEOMETRIC_REPRESENTATION_CONTEXT(2) 
PARAMETRIC_REPRESENTATION_CONTEXT() REPRESENTATION_CONTEXT('2D SPACE',''
  ) );
#2692 = ORIENTED_EDGE('',*,*,#1905,.F.);
#2693 = ORIENTED_EDGE('',*,*,#2598,.F.);
#2694 = ADVANCED_FACE('',(#2695),#1175,.T.);
#2695 = FACE_BOUND('',#2696,.T.);
#2696 = EDGE_LOOP('',(#2697,#2698,#2699,#2700));
#2697 = ORIENTED_EDGE('',*,*,#1160,.T.);
#2698 = ORIENTED_EDGE('',*,*,#2647,.T.);
#2699 = ORIENTED_EDGE('',*,*,#1926,.F.);
#2700 = ORIENTED_EDGE('',*,*,#2672,.F.);
#2701 = ( GEOMETRIC_REPRESENTATION_CONTEXT(3) 
GLOBAL_UNCERTAINTY_ASSIGNED_CONTEXT((#2705)) 
GLOBAL_UNIT_ASSIGNED_CONTEXT((#2702,#2703,#2704)) REPRESENTATION_CONTEXT
('Context #1','3D Context with UNIT and UNCERTAINTY') );
#2702 = ( LENGTH_UNIT() NAMED_UNIT(*) SI_UNIT(.MILLI.,.METRE.) );
#2703 = ( NAMED_UNIT(*) PLANE_ANGLE_UNIT() SI_UNIT($,.RADIAN.) );
#2704 = ( NAMED_UNIT(*) SI_UNIT($,.STERADIAN.) SOLID_ANGLE_UNIT() );
#2705 = UNCERTAINTY_MEASURE_WITH_UNIT(LENGTH_MEASURE(1.E-07),#2702,
  'distance_accuracy_value','confusion accuracy');
#2706 = CONTEXT_DEPENDENT_SHAPE_REPRESENTATION(#2707,#2709);
#2707 = ( REPRESENTATION_RELATIONSHIP('','',#48,#10) 
REPRESENTATION_RELATIONSHIP_WITH_TRANSFORMATION(#2708) 
SHAPE_REPRESENTATION_RELATIONSHIP() );
#2708 = ITEM_DEFINED_TRANSFORMATION('','',#11,#15);
#2709 = PRODUCT_DEFINITION_SHAPE('Placement','Placement of an item',
  #2710);
#2710 = NEXT_ASSEMBLY_USAGE_OCCURRENCE('32','13_kist_A','',#5,#43,$);
#2711 = PRODUCT_RELATED_PRODUCT_CATEGORY('part',$,(#45));
#2712 = SHAPE_DEFINITION_REPRESENTATION(#2713,#2719);
#2713 = PRODUCT_DEFINITION_SHAPE('','',#2714);
#2714 = PRODUCT_DEFINITION('design','',#2715,#2718);
#2715 = PRODUCT_DEFINITION_FORMATION('','',#2716);
#2716 = PRODUCT('14_kist_B','14_kist_B','',(#2717));
#2717 = PRODUCT_CONTEXT('',#2,'mechanical');
#2718 = PRODUCT_DEFINITION_CONTEXT('part definition',#2,'design');
#2719 = ADVANCED_BREP_SHAPE_REPRESENTATION('',(#11,#2720),#4084);
#2720 = MANIFOLD_SOLID_BREP('',#2721);
#2721 = CLOSED_SHELL('',(#2722,#2842,#2918,#2994,#3390,#3726,#3753,#3780
    ,#3787,#3814,#3861,#3888,#3915,#3922,#3949,#3976,#4023,#4050,#4077)
  );
#2722 = ADVANCED_FACE('',(#2723),#2737,.F.);
#2723 = FACE_BOUND('',#2724,.F.);
#2724 = EDGE_LOOP('',(#2725,#2760,#2788,#2816));
#2725 = ORIENTED_EDGE('',*,*,#2726,.T.);
#2726 = EDGE_CURVE('',#2727,#2729,#2731,.T.);
#2727 = VERTEX_POINT('',#2728);
#2728 = CARTESIAN_POINT('',(26.,-20.,-25.));
#2729 = VERTEX_POINT('',#2730);
#2730 = CARTESIAN_POINT('',(26.,-23.,-25.));
#2731 = SURFACE_CURVE('',#2732,(#2736,#2748),.PCURVE_S1.);
#2732 = LINE('',#2733,#2734);
#2733 = CARTESIAN_POINT('',(26.,-20.,-25.));
#2734 = VECTOR('',#2735,1.);
#2735 = DIRECTION('',(0.,-1.,0.));
#2736 = PCURVE('',#2737,#2742);
#2737 = PLANE('',#2738);
#2738 = AXIS2_PLACEMENT_3D('',#2739,#2740,#2741);
#2739 = CARTESIAN_POINT('',(26.,-20.,-25.));
#2740 = DIRECTION('',(2.713542758509E-16,0.,1.));
#2741 = DIRECTION('',(1.,0.,-2.713542758509E-16));
#2742 = DEFINITIONAL_REPRESENTATION('',(#2743),#2747);
#2743 = LINE('',#2744,#2745);
#2744 = CARTESIAN_POINT('',(0.,0.));
#2745 = VECTOR('',#2746,1.);
#2746 = DIRECTION('',(0.,-1.));
#2747 = ( GEOMETRIC_REPRESENTATION_CONTEXT(2) 
PARAMETRIC_REPRESENTATION_CONTEXT() REPRESENTATION_CONTEXT('2D SPACE',''
  ) );
#2748 = PCURVE('',#2749,#2754);
#2749 = PLANE('',#2750);
#2750 = AXIS2_PLACEMENT_3D('',#2751,#2752,#2753);
#2751 = CARTESIAN_POINT('',(-4.976319,-20.,-10.919535));
#2752 = DIRECTION('',(0.413810738409,0.,0.910362934646));
#2753 = DIRECTION('',(0.910362934646,0.,-0.413810738409));
#2754 = DEFINITIONAL_REPRESENTATION('',(#2755),#2759);
#2755 = LINE('',#2756,#2757);
#2756 = CARTESIAN_POINT('',(34.026340288165,0.));
#2757 = VECTOR('',#2758,1.);
#2758 = DIRECTION('',(0.,-1.));
#2759 = ( GEOMETRIC_REPRESENTATION_CONTEXT(2) 
PARAMETRIC_REPRESENTATION_CONTEXT() REPRESENTATION_CONTEXT('2D SPACE',''
  ) );
#2760 = ORIENTED_EDGE('',*,*,#2761,.T.);
#2761 = EDGE_CURVE('',#2729,#2762,#2764,.T.);
#2762 = VERTEX_POINT('',#2763);
#2763 = CARTESIAN_POINT('',(41.5,-23.,-25.));
#2764 = SURFACE_CURVE('',#2765,(#2769,#2776),.PCURVE_S1.);
#2765 = LINE('',#2766,#2767);
#2766 = CARTESIAN_POINT('',(26.,-23.,-25.));
#2767 = VECTOR('',#2768,1.);
#2768 = DIRECTION('',(1.,0.,-2.713542758509E-16));
#2769 = PCURVE('',#2737,#2770);
#2770 = DEFINITIONAL_REPRESENTATION('',(#2771),#2775);
#2771 = LINE('',#2772,#2773);
#2772 = CARTESIAN_POINT('',(0.,-3.));
#2773 = VECTOR('',#2774,1.);
#2774 = DIRECTION('',(1.,0.));
#2775 = ( GEOMETRIC_REPRESENTATION_CONTEXT(2) 
PARAMETRIC_REPRESENTATION_CONTEXT() REPRESENTATION_CONTEXT('2D SPACE',''
  ) );
#2776 = PCURVE('',#2777,#2782);
#2777 = PLANE('',#2778);
#2778 = AXIS2_PLACEMENT_3D('',#2779,#2780,#2781);
#2779 = CARTESIAN_POINT('',(19.252554970498,-23.,-3.720976109002));
#2780 = DIRECTION('',(0.,-1.,0.));
#2781 = DIRECTION('',(1.,0.,-2.713542758509E-16));
#2782 = DEFINITIONAL_REPRESENTATION('',(#2783),#2787);
#2783 = LINE('',#2784,#2785);
#2784 = CARTESIAN_POINT('',(6.747445029502,-21.27902389099));
#2785 = VECTOR('',#2786,1.);
#2786 = DIRECTION('',(1.,0.));
#2787 = ( GEOMETRIC_REPRESENTATION_CONTEXT(2) 
PARAMETRIC_REPRESENTATION_CONTEXT() REPRESENTATION_CONTEXT('2D SPACE',''
  ) );
#2788 = ORIENTED_EDGE('',*,*,#2789,.F.);
#2789 = EDGE_CURVE('',#2790,#2762,#2792,.T.);
#2790 = VERTEX_POINT('',#2791);
#2791 = CARTESIAN_POINT('',(41.5,-20.,-25.));
#2792 = SURFACE_CURVE('',#2793,(#2797,#2804),.PCURVE_S1.);
#2793 = LINE('',#2794,#2795);
#2794 = CARTESIAN_POINT('',(41.5,-20.,-25.));
#2795 = VECTOR('',#2796,1.);
#2796 = DIRECTION('',(0.,-1.,0.));
#2797 = PCURVE('',#2737,#2798);
#2798 = DEFINITIONAL_REPRESENTATION('',(#2799),#2803);
#2799 = LINE('',#2800,#2801);
#2800 = CARTESIAN_POINT('',(15.5,0.));
#2801 = VECTOR('',#2802,1.);
#2802 = DIRECTION('',(0.,-1.));
#2803 = ( GEOMETRIC_REPRESENTATION_CONTEXT(2) 
PARAMETRIC_REPRESENTATION_CONTEXT() REPRESENTATION_CONTEXT('2D SPACE',''
  ) );
#2804 = PCURVE('',#2805,#2810);
#2805 = PLANE('',#2806);
#2806 = AXIS2_PLACEMENT_3D('',#2807,#2808,#2809);
#2807 = CARTESIAN_POINT('',(41.5,-20.,-25.));
#2808 = DIRECTION('',(-1.,0.,2.713542758509E-16));
#2809 = DIRECTION('',(2.713542758509E-16,0.,1.));
#2810 = DEFINITIONAL_REPRESENTATION('',(#2811),#2815);
#2811 = LINE('',#2812,#2813);
#2812 = CARTESIAN_POINT('',(0.,0.));
#2813 = VECTOR('',#2814,1.);
#2814 = DIRECTION('',(0.,-1.));
#2815 = ( GEOMETRIC_REPRESENTATION_CONTEXT(2) 
PARAMETRIC_REPRESENTATION_CONTEXT() REPRESENTATION_CONTEXT('2D SPACE',''
  ) );
#2816 = ORIENTED_EDGE('',*,*,#2817,.F.);
#2817 = EDGE_CURVE('',#2727,#2790,#2818,.T.);
#2818 = SURFACE_CURVE('',#2819,(#2823,#2830),.PCURVE_S1.);
#2819 = LINE('',#2820,#2821);
#2820 = CARTESIAN_POINT('',(26.,-20.,-25.));
#2821 = VECTOR('',#2822,1.);
#2822 = DIRECTION('',(1.,0.,-2.713542758509E-16));
#2823 = PCURVE('',#2737,#2824);
#2824 = DEFINITIONAL_REPRESENTATION('',(#2825),#2829);
#2825 = LINE('',#2826,#2827);
#2826 = CARTESIAN_POINT('',(0.,0.));
#2827 = VECTOR('',#2828,1.);
#2828 = DIRECTION('',(1.,0.));
#2829 = ( GEOMETRIC_REPRESENTATION_CONTEXT(2) 
PARAMETRIC_REPRESENTATION_CONTEXT() REPRESENTATION_CONTEXT('2D SPACE',''
  ) );
#2830 = PCURVE('',#2831,#2836);
#2831 = PLANE('',#2832);
#2832 = AXIS2_PLACEMENT_3D('',#2833,#2834,#2835);
#2833 = CARTESIAN_POINT('',(19.252554970498,-20.,-3.720976109002));
#2834 = DIRECTION('',(0.,-1.,0.));
#2835 = DIRECTION('',(1.,0.,-2.713542758509E-16));
#2836 = DEFINITIONAL_REPRESENTATION('',(#2837),#2841);
#2837 = LINE('',#2838,#2839);
#2838 = CARTESIAN_POINT('',(6.747445029502,-21.27902389099));
#2839 = VECTOR('',#2840,1.);
#2840 = DIRECTION('',(1.,0.));
#2841 = ( GEOMETRIC_REPRESENTATION_CONTEXT(2) 
PARAMETRIC_REPRESENTATION_CONTEXT() REPRESENTATION_CONTEXT('2D SPACE',''
  ) );
#2842 = ADVANCED_FACE('',(#2843),#2749,.F.);
#2843 = FACE_BOUND('',#2844,.F.);
#2844 = EDGE_LOOP('',(#2845,#2875,#2896,#2897));
#2845 = ORIENTED_EDGE('',*,*,#2846,.T.);
#2846 = EDGE_CURVE('',#2847,#2849,#2851,.T.);
#2847 = VERTEX_POINT('',#2848);
#2848 = CARTESIAN_POINT('',(-4.976319,-20.,-10.919535));
#2849 = VERTEX_POINT('',#2850);
#2850 = CARTESIAN_POINT('',(-4.976319,-23.,-10.919535));
#2851 = SURFACE_CURVE('',#2852,(#2856,#2863),.PCURVE_S1.);
#2852 = LINE('',#2853,#2854);
#2853 = CARTESIAN_POINT('',(-4.976319,-20.,-10.919535));
#2854 = VECTOR('',#2855,1.);
#2855 = DIRECTION('',(0.,-1.,0.));
#2856 = PCURVE('',#2749,#2857);
#2857 = DEFINITIONAL_REPRESENTATION('',(#2858),#2862);
#2858 = LINE('',#2859,#2860);
#2859 = CARTESIAN_POINT('',(0.,0.));
#2860 = VECTOR('',#2861,1.);
#2861 = DIRECTION('',(0.,-1.));
#2862 = ( GEOMETRIC_REPRESENTATION_CONTEXT(2) 
PARAMETRIC_REPRESENTATION_CONTEXT() REPRESENTATION_CONTEXT('2D SPACE',''
  ) );
#2863 = PCURVE('',#2864,#2869);
#2864 = CYLINDRICAL_SURFACE('',#2865,11.999999880896);
#2865 = AXIS2_PLACEMENT_3D('',#2866,#2867,#2868);
#2866 = CARTESIAN_POINT('',(-4.397310338078E-08,-20.,9.950828072647E-08)
  );
#2867 = DIRECTION('',(-0.,1.,0.));
#2868 = DIRECTION('',(-7.845908044764E-02,0.,0.996917334936));
#2869 = DEFINITIONAL_REPRESENTATION('',(#2870),#2874);
#2870 = LINE('',#2871,#2872);
#2871 = CARTESIAN_POINT('',(-2.635447177272,0.));
#2872 = VECTOR('',#2873,1.);
#2873 = DIRECTION('',(-0.,-1.));
#2874 = ( GEOMETRIC_REPRESENTATION_CONTEXT(2) 
PARAMETRIC_REPRESENTATION_CONTEXT() REPRESENTATION_CONTEXT('2D SPACE',''
  ) );
#2875 = ORIENTED_EDGE('',*,*,#2876,.T.);
#2876 = EDGE_CURVE('',#2849,#2729,#2877,.T.);
#2877 = SURFACE_CURVE('',#2878,(#2882,#2889),.PCURVE_S1.);
#2878 = LINE('',#2879,#2880);
#2879 = CARTESIAN_POINT('',(-4.976319,-23.,-10.919535));
#2880 = VECTOR('',#2881,1.);
#2881 = DIRECTION('',(0.910362934646,0.,-0.413810738409));
#2882 = PCURVE('',#2749,#2883);
#2883 = DEFINITIONAL_REPRESENTATION('',(#2884),#2888);
#2884 = LINE('',#2885,#2886);
#2885 = CARTESIAN_POINT('',(0.,-3.));
#2886 = VECTOR('',#2887,1.);
#2887 = DIRECTION('',(1.,0.));
#2888 = ( GEOMETRIC_REPRESENTATION_CONTEXT(2) 
PARAMETRIC_REPRESENTATION_CONTEXT() REPRESENTATION_CONTEXT('2D SPACE',''
  ) );
#2889 = PCURVE('',#2777,#2890);
#2890 = DEFINITIONAL_REPRESENTATION('',(#2891),#2895);
#2891 = LINE('',#2892,#2893);
#2892 = CARTESIAN_POINT('',(-24.22887397049,-7.198558890998));
#2893 = VECTOR('',#2894,1.);
#2894 = DIRECTION('',(0.910362934646,-0.413810738409));
#2895 = ( GEOMETRIC_REPRESENTATION_CONTEXT(2) 
PARAMETRIC_REPRESENTATION_CONTEXT() REPRESENTATION_CONTEXT('2D SPACE',''
  ) );
#2896 = ORIENTED_EDGE('',*,*,#2726,.F.);
#2897 = ORIENTED_EDGE('',*,*,#2898,.F.);
#2898 = EDGE_CURVE('',#2847,#2727,#2899,.T.);
#2899 = SURFACE_CURVE('',#2900,(#2904,#2911),.PCURVE_S1.);
#2900 = LINE('',#2901,#2902);
#2901 = CARTESIAN_POINT('',(-4.976319,-20.,-10.919535));
#2902 = VECTOR('',#2903,1.);
#2903 = DIRECTION('',(0.910362934646,0.,-0.413810738409));
#2904 = PCURVE('',#2749,#2905);
#2905 = DEFINITIONAL_REPRESENTATION('',(#2906),#2910);
#2906 = LINE('',#2907,#2908);
#2907 = CARTESIAN_POINT('',(0.,0.));
#2908 = VECTOR('',#2909,1.);
#2909 = DIRECTION('',(1.,0.));
#2910 = ( GEOMETRIC_REPRESENTATION_CONTEXT(2) 
PARAMETRIC_REPRESENTATION_CONTEXT() REPRESENTATION_CONTEXT('2D SPACE',''
  ) );
#2911 = PCURVE('',#2831,#2912);
#2912 = DEFINITIONAL_REPRESENTATION('',(#2913),#2917);
#2913 = LINE('',#2914,#2915);
#2914 = CARTESIAN_POINT('',(-24.22887397049,-7.198558890998));
#2915 = VECTOR('',#2916,1.);
#2916 = DIRECTION('',(0.910362934646,-0.413810738409));
#2917 = ( GEOMETRIC_REPRESENTATION_CONTEXT(2) 
PARAMETRIC_REPRESENTATION_CONTEXT() REPRESENTATION_CONTEXT('2D SPACE',''
  ) );
#2918 = ADVANCED_FACE('',(#2919),#2805,.F.);
#2919 = FACE_BOUND('',#2920,.F.);
#2920 = EDGE_LOOP('',(#2921,#2922,#2945,#2973));
#2921 = ORIENTED_EDGE('',*,*,#2789,.T.);
#2922 = ORIENTED_EDGE('',*,*,#2923,.T.);
#2923 = EDGE_CURVE('',#2762,#2924,#2926,.T.);
#2924 = VERTEX_POINT('',#2925);
#2925 = CARTESIAN_POINT('',(41.5,-23.,14.));
#2926 = SURFACE_CURVE('',#2927,(#2931,#2938),.PCURVE_S1.);
#2927 = LINE('',#2928,#2929);
#2928 = CARTESIAN_POINT('',(41.5,-23.,-25.));
#2929 = VECTOR('',#2930,1.);
#2930 = DIRECTION('',(2.713542758509E-16,0.,1.));
#2931 = PCURVE('',#2805,#2932);
#2932 = DEFINITIONAL_REPRESENTATION('',(#2933),#2937);
#2933 = LINE('',#2934,#2935);
#2934 = CARTESIAN_POINT('',(0.,-3.));
#2935 = VECTOR('',#2936,1.);
#2936 = DIRECTION('',(1.,0.));
#2937 = ( GEOMETRIC_REPRESENTATION_CONTEXT(2) 
PARAMETRIC_REPRESENTATION_CONTEXT() REPRESENTATION_CONTEXT('2D SPACE',''
  ) );
#2938 = PCURVE('',#2777,#2939);
#2939 = DEFINITIONAL_REPRESENTATION('',(#2940),#2944);
#2940 = LINE('',#2941,#2942);
#2941 = CARTESIAN_POINT('',(22.247445029502,-21.27902389099));
#2942 = VECTOR('',#2943,1.);
#2943 = DIRECTION('',(0.,1.));
#2944 = ( GEOMETRIC_REPRESENTATION_CONTEXT(2) 
PARAMETRIC_REPRESENTATION_CONTEXT() REPRESENTATION_CONTEXT('2D SPACE',''
  ) );
#2945 = ORIENTED_EDGE('',*,*,#2946,.F.);
#2946 = EDGE_CURVE('',#2947,#2924,#2949,.T.);
#2947 = VERTEX_POINT('',#2948);
#2948 = CARTESIAN_POINT('',(41.5,-20.,14.));
#2949 = SURFACE_CURVE('',#2950,(#2954,#2961),.PCURVE_S1.);
#2950 = LINE('',#2951,#2952);
#2951 = CARTESIAN_POINT('',(41.5,-20.,14.));
#2952 = VECTOR('',#2953,1.);
#2953 = DIRECTION('',(0.,-1.,0.));
#2954 = PCURVE('',#2805,#2955);
#2955 = DEFINITIONAL_REPRESENTATION('',(#2956),#2960);
#2956 = LINE('',#2957,#2958);
#2957 = CARTESIAN_POINT('',(39.,0.));
#2958 = VECTOR('',#2959,1.);
#2959 = DIRECTION('',(0.,-1.));
#2960 = ( GEOMETRIC_REPRESENTATION_CONTEXT(2) 
PARAMETRIC_REPRESENTATION_CONTEXT() REPRESENTATION_CONTEXT('2D SPACE',''
  ) );
#2961 = PCURVE('',#2962,#2967);
#2962 = PLANE('',#2963);
#2963 = AXIS2_PLACEMENT_3D('',#2964,#2965,#2966);
#2964 = CARTESIAN_POINT('',(41.5,-20.,14.));
#2965 = DIRECTION('',(-2.713542758509E-16,0.,-1.));
#2966 = DIRECTION('',(-1.,0.,2.713542758509E-16));
#2967 = DEFINITIONAL_REPRESENTATION('',(#2968),#2972);
#2968 = LINE('',#2969,#2970);
#2969 = CARTESIAN_POINT('',(0.,-0.));
#2970 = VECTOR('',#2971,1.);
#2971 = DIRECTION('',(0.,-1.));
#2972 = ( GEOMETRIC_REPRESENTATION_CONTEXT(2) 
PARAMETRIC_REPRESENTATION_CONTEXT() REPRESENTATION_CONTEXT('2D SPACE',''
  ) );
#2973 = ORIENTED_EDGE('',*,*,#2974,.F.);
#2974 = EDGE_CURVE('',#2790,#2947,#2975,.T.);
#2975 = SURFACE_CURVE('',#2976,(#2980,#2987),.PCURVE_S1.);
#2976 = LINE('',#2977,#2978);
#2977 = CARTESIAN_POINT('',(41.5,-20.,-25.));
#2978 = VECTOR('',#2979,1.);
#2979 = DIRECTION('',(2.713542758509E-16,0.,1.));
#2980 = PCURVE('',#2805,#2981);
#2981 = DEFINITIONAL_REPRESENTATION('',(#2982),#2986);
#2982 = LINE('',#2983,#2984);
#2983 = CARTESIAN_POINT('',(0.,0.));
#2984 = VECTOR('',#2985,1.);
#2985 = DIRECTION('',(1.,0.));
#2986 = ( GEOMETRIC_REPRESENTATION_CONTEXT(2) 
PARAMETRIC_REPRESENTATION_CONTEXT() REPRESENTATION_CONTEXT('2D SPACE',''
  ) );
#2987 = PCURVE('',#2831,#2988);
#2988 = DEFINITIONAL_REPRESENTATION('',(#2989),#2993);
#2989 = LINE('',#2990,#2991);
#2990 = CARTESIAN_POINT('',(22.247445029502,-21.27902389099));
#2991 = VECTOR('',#2992,1.);
#2992 = DIRECTION('',(0.,1.));
#2993 = ( GEOMETRIC_REPRESENTATION_CONTEXT(2) 
PARAMETRIC_REPRESENTATION_CONTEXT() REPRESENTATION_CONTEXT('2D SPACE',''
  ) );
#2994 = ADVANCED_FACE('',(#2995,#3073,#3108,#3214,#3249,#3284),#2831,.F.
  );
#2995 = FACE_BOUND('',#2996,.F.);
#2996 = EDGE_LOOP('',(#2997,#2998,#2999,#3022,#3050,#3072));
#2997 = ORIENTED_EDGE('',*,*,#2817,.T.);
#2998 = ORIENTED_EDGE('',*,*,#2974,.T.);
#2999 = ORIENTED_EDGE('',*,*,#3000,.T.);
#3000 = EDGE_CURVE('',#2947,#3001,#3003,.T.);
#3001 = VERTEX_POINT('',#3002);
#3002 = CARTESIAN_POINT('',(26.,-20.,14.));
#3003 = SURFACE_CURVE('',#3004,(#3008,#3015),.PCURVE_S1.);
#3004 = LINE('',#3005,#3006);
#3005 = CARTESIAN_POINT('',(41.5,-20.,14.));
#3006 = VECTOR('',#3007,1.);
#3007 = DIRECTION('',(-1.,0.,2.713542758509E-16));
#3008 = PCURVE('',#2831,#3009);
#3009 = DEFINITIONAL_REPRESENTATION('',(#3010),#3014);
#3010 = LINE('',#3011,#3012);
#3011 = CARTESIAN_POINT('',(22.247445029502,17.720976109002));
#3012 = VECTOR('',#3013,1.);
#3013 = DIRECTION('',(-1.,0.));
#3014 = ( GEOMETRIC_REPRESENTATION_CONTEXT(2) 
PARAMETRIC_REPRESENTATION_CONTEXT() REPRESENTATION_CONTEXT('2D SPACE',''
  ) );
#3015 = PCURVE('',#2962,#3016);
#3016 = DEFINITIONAL_REPRESENTATION('',(#3017),#3021);
#3017 = LINE('',#3018,#3019);
#3018 = CARTESIAN_POINT('',(0.,-0.));
#3019 = VECTOR('',#3020,1.);
#3020 = DIRECTION('',(1.,0.));
#3021 = ( GEOMETRIC_REPRESENTATION_CONTEXT(2) 
PARAMETRIC_REPRESENTATION_CONTEXT() REPRESENTATION_CONTEXT('2D SPACE',''
  ) );
#3022 = ORIENTED_EDGE('',*,*,#3023,.T.);
#3023 = EDGE_CURVE('',#3001,#3024,#3026,.T.);
#3024 = VERTEX_POINT('',#3025);
#3025 = CARTESIAN_POINT('',(-0.941509,-20.,11.963008));
#3026 = SURFACE_CURVE('',#3027,(#3031,#3038),.PCURVE_S1.);
#3027 = LINE('',#3028,#3029);
#3028 = CARTESIAN_POINT('',(26.,-20.,14.));
#3029 = VECTOR('',#3030,1.);
#3030 = DIRECTION('',(-0.997153916254,-0.,-7.539275361967E-02));
#3031 = PCURVE('',#2831,#3032);
#3032 = DEFINITIONAL_REPRESENTATION('',(#3033),#3037);
#3033 = LINE('',#3034,#3035);
#3034 = CARTESIAN_POINT('',(6.747445029502,17.720976109002));
#3035 = VECTOR('',#3036,1.);
#3036 = DIRECTION('',(-0.997153916254,-7.539275361967E-02));
#3037 = ( GEOMETRIC_REPRESENTATION_CONTEXT(2) 
PARAMETRIC_REPRESENTATION_CONTEXT() REPRESENTATION_CONTEXT('2D SPACE',''
  ) );
#3038 = PCURVE('',#3039,#3044);
#3039 = PLANE('',#3040);
#3040 = AXIS2_PLACEMENT_3D('',#3041,#3042,#3043);
#3041 = CARTESIAN_POINT('',(26.,-20.,14.));
#3042 = DIRECTION('',(7.539275361967E-02,0.,-0.997153916254));
#3043 = DIRECTION('',(-0.997153916254,-0.,-7.539275361967E-02));
#3044 = DEFINITIONAL_REPRESENTATION('',(#3045),#3049);
#3045 = LINE('',#3046,#3047);
#3046 = CARTESIAN_POINT('',(0.,0.));
#3047 = VECTOR('',#3048,1.);
#3048 = DIRECTION('',(1.,0.));
#3049 = ( GEOMETRIC_REPRESENTATION_CONTEXT(2) 
PARAMETRIC_REPRESENTATION_CONTEXT() REPRESENTATION_CONTEXT('2D SPACE',''
  ) );
#3050 = ORIENTED_EDGE('',*,*,#3051,.T.);
#3051 = EDGE_CURVE('',#3024,#2847,#3052,.T.);
#3052 = SURFACE_CURVE('',#3053,(#3058,#3065),.PCURVE_S1.);
#3053 = CIRCLE('',#3054,11.999999880896);
#3054 = AXIS2_PLACEMENT_3D('',#3055,#3056,#3057);
#3055 = CARTESIAN_POINT('',(-4.397310338078E-08,-20.,9.950828072647E-08)
  );
#3056 = DIRECTION('',(0.,-1.,0.));
#3057 = DIRECTION('',(-7.845908044764E-02,0.,0.996917334936));
#3058 = PCURVE('',#2831,#3059);
#3059 = DEFINITIONAL_REPRESENTATION('',(#3060),#3064);
#3060 = CIRCLE('',#3061,11.999999880896);
#3061 = AXIS2_PLACEMENT_2D('',#3062,#3063);
#3062 = CARTESIAN_POINT('',(-19.25255501447,3.72097620851));
#3063 = DIRECTION('',(-7.845908044764E-02,0.996917334936));
#3064 = ( GEOMETRIC_REPRESENTATION_CONTEXT(2) 
PARAMETRIC_REPRESENTATION_CONTEXT() REPRESENTATION_CONTEXT('2D SPACE',''
  ) );
#3065 = PCURVE('',#2864,#3066);
#3066 = DEFINITIONAL_REPRESENTATION('',(#3067),#3071);
#3067 = LINE('',#3068,#3069);
#3068 = CARTESIAN_POINT('',(-0.,0.));
#3069 = VECTOR('',#3070,1.);
#3070 = DIRECTION('',(-1.,0.));
#3071 = ( GEOMETRIC_REPRESENTATION_CONTEXT(2) 
PARAMETRIC_REPRESENTATION_CONTEXT() REPRESENTATION_CONTEXT('2D SPACE',''
  ) );
#3072 = ORIENTED_EDGE('',*,*,#2898,.T.);
#3073 = FACE_BOUND('',#3074,.F.);
#3074 = EDGE_LOOP('',(#3075));
#3075 = ORIENTED_EDGE('',*,*,#3076,.T.);
#3076 = EDGE_CURVE('',#3077,#3077,#3079,.T.);
#3077 = VERTEX_POINT('',#3078);
#3078 = CARTESIAN_POINT('',(21.5,-20.,-8.));
#3079 = SURFACE_CURVE('',#3080,(#3085,#3096),.PCURVE_S1.);
#3080 = CIRCLE('',#3081,4.5);
#3081 = AXIS2_PLACEMENT_3D('',#3082,#3083,#3084);
#3082 = CARTESIAN_POINT('',(17.,-20.,-8.));
#3083 = DIRECTION('',(0.,1.,0.));
#3084 = DIRECTION('',(1.,0.,-2.713542758509E-16));
#3085 = PCURVE('',#2831,#3086);
#3086 = DEFINITIONAL_REPRESENTATION('',(#3087),#3095);
#3087 = ( BOUNDED_CURVE() B_SPLINE_CURVE(2,(#3088,#3089,#3090,#3091,
#3092,#3093,#3094),.UNSPECIFIED.,.T.,.F.) B_SPLINE_CURVE_WITH_KNOTS((1,2
    ,2,2,2,1),(-2.094395102393,0.,2.094395102393,4.188790204786,
6.28318530718,8.377580409573),.UNSPECIFIED.) CURVE() 
GEOMETRIC_REPRESENTATION_ITEM() RATIONAL_B_SPLINE_CURVE((1.,0.5,1.,0.5,
1.,0.5,1.)) REPRESENTATION_ITEM('') );
#3088 = CARTESIAN_POINT('',(2.247445029502,-4.279023890998));
#3089 = CARTESIAN_POINT('',(2.247445029502,-12.07325252505));
#3090 = CARTESIAN_POINT('',(-4.502554970498,-8.176138208028));
#3091 = CARTESIAN_POINT('',(-11.25255497049,-4.279023890998));
#3092 = CARTESIAN_POINT('',(-4.502554970498,-0.381909573968));
#3093 = CARTESIAN_POINT('',(2.247445029502,3.515204743062));
#3094 = CARTESIAN_POINT('',(2.247445029502,-4.279023890998));
#3095 = ( GEOMETRIC_REPRESENTATION_CONTEXT(2) 
PARAMETRIC_REPRESENTATION_CONTEXT() REPRESENTATION_CONTEXT('2D SPACE',''
  ) );
#3096 = PCURVE('',#3097,#3102);
#3097 = CYLINDRICAL_SURFACE('',#3098,4.5);
#3098 = AXIS2_PLACEMENT_3D('',#3099,#3100,#3101);
#3099 = CARTESIAN_POINT('',(17.,80.,-8.));
#3100 = DIRECTION('',(-0.,1.,0.));
#3101 = DIRECTION('',(1.,0.,-2.713542758509E-16));
#3102 = DEFINITIONAL_REPRESENTATION('',(#3103),#3107);
#3103 = LINE('',#3104,#3105);
#3104 = CARTESIAN_POINT('',(-6.28318530718,-100.));
#3105 = VECTOR('',#3106,1.);
#3106 = DIRECTION('',(1.,-0.));
#3107 = ( GEOMETRIC_REPRESENTATION_CONTEXT(2) 
PARAMETRIC_REPRESENTATION_CONTEXT() REPRESENTATION_CONTEXT('2D SPACE',''
  ) );
#3108 = FACE_BOUND('',#3109,.F.);
#3109 = EDGE_LOOP('',(#3110,#3138,#3164,#3190));
#3110 = ORIENTED_EDGE('',*,*,#3111,.T.);
#3111 = EDGE_CURVE('',#3112,#3114,#3116,.T.);
#3112 = VERTEX_POINT('',#3113);
#3113 = CARTESIAN_POINT('',(38.1,-20.,-11.9));
#3114 = VERTEX_POINT('',#3115);
#3115 = CARTESIAN_POINT('',(38.1,-20.,-20.1));
#3116 = SURFACE_CURVE('',#3117,(#3121,#3127),.PCURVE_S1.);
#3117 = LINE('',#3118,#3119);
#3118 = CARTESIAN_POINT('',(38.1,-20.,-11.9104880545));
#3119 = VECTOR('',#3120,1.);
#3120 = DIRECTION('',(-2.713542758509E-16,0.,-1.));
#3121 = PCURVE('',#2831,#3122);
#3122 = DEFINITIONAL_REPRESENTATION('',(#3123),#3126);
#3123 = B_SPLINE_CURVE_WITH_KNOTS('',1,(#3124,#3125),.UNSPECIFIED.,.F.,
  .F.,(2,2),(-1.048805450086E-02,8.189511945499),
  .PIECEWISE_BEZIER_KNOTS.);
#3124 = CARTESIAN_POINT('',(18.847445029502,-8.179023890998));
#3125 = CARTESIAN_POINT('',(18.847445029502,-16.37902389099));
#3126 = ( GEOMETRIC_REPRESENTATION_CONTEXT(2) 
PARAMETRIC_REPRESENTATION_CONTEXT() REPRESENTATION_CONTEXT('2D SPACE',''
  ) );
#3127 = PCURVE('',#3128,#3133);
#3128 = PLANE('',#3129);
#3129 = AXIS2_PLACEMENT_3D('',#3130,#3131,#3132);
#3130 = CARTESIAN_POINT('',(38.1,30.,-20.1));
#3131 = DIRECTION('',(-1.,0.,2.713542758509E-16));
#3132 = DIRECTION('',(2.713542758509E-16,0.,1.));
#3133 = DEFINITIONAL_REPRESENTATION('',(#3134),#3137);
#3134 = B_SPLINE_CURVE_WITH_KNOTS('',1,(#3135,#3136),.UNSPECIFIED.,.F.,
  .F.,(2,2),(-1.048805450086E-02,8.189511945499),
  .PIECEWISE_BEZIER_KNOTS.);
#3135 = CARTESIAN_POINT('',(8.2,-50.));
#3136 = CARTESIAN_POINT('',(0.,-50.));
#3137 = ( GEOMETRIC_REPRESENTATION_CONTEXT(2) 
PARAMETRIC_REPRESENTATION_CONTEXT() REPRESENTATION_CONTEXT('2D SPACE',''
  ) );
#3138 = ORIENTED_EDGE('',*,*,#3139,.T.);
#3139 = EDGE_CURVE('',#3114,#3140,#3142,.T.);
#3140 = VERTEX_POINT('',#3141);
#3141 = CARTESIAN_POINT('',(34.9,-20.,-20.1));
#3142 = SURFACE_CURVE('',#3143,(#3147,#3153),.PCURVE_S1.);
#3143 = LINE('',#3144,#3145);
#3144 = CARTESIAN_POINT('',(27.076277485249,-20.,-20.1));
#3145 = VECTOR('',#3146,1.);
#3146 = DIRECTION('',(-1.,0.,2.713542758509E-16));
#3147 = PCURVE('',#2831,#3148);
#3148 = DEFINITIONAL_REPRESENTATION('',(#3149),#3152);
#3149 = B_SPLINE_CURVE_WITH_KNOTS('',1,(#3150,#3151),.UNSPECIFIED.,.F.,
  .F.,(2,2),(-11.02372251475,-7.823722514751),.PIECEWISE_BEZIER_KNOTS.);
#3150 = CARTESIAN_POINT('',(18.847445029502,-16.37902389099));
#3151 = CARTESIAN_POINT('',(15.647445029502,-16.37902389099));
#3152 = ( GEOMETRIC_REPRESENTATION_CONTEXT(2) 
PARAMETRIC_REPRESENTATION_CONTEXT() REPRESENTATION_CONTEXT('2D SPACE',''
  ) );
#3153 = PCURVE('',#3154,#3159);
#3154 = PLANE('',#3155);
#3155 = AXIS2_PLACEMENT_3D('',#3156,#3157,#3158);
#3156 = CARTESIAN_POINT('',(34.9,30.,-20.1));
#3157 = DIRECTION('',(2.713542758509E-16,0.,1.));
#3158 = DIRECTION('',(1.,0.,-2.713542758509E-16));
#3159 = DEFINITIONAL_REPRESENTATION('',(#3160),#3163);
#3160 = B_SPLINE_CURVE_WITH_KNOTS('',1,(#3161,#3162),.UNSPECIFIED.,.F.,
  .F.,(2,2),(-11.02372251475,-7.823722514751),.PIECEWISE_BEZIER_KNOTS.);
#3161 = CARTESIAN_POINT('',(3.2,-50.));
#3162 = CARTESIAN_POINT('',(0.,-50.));
#3163 = ( GEOMETRIC_REPRESENTATION_CONTEXT(2) 
PARAMETRIC_REPRESENTATION_CONTEXT() REPRESENTATION_CONTEXT('2D SPACE',''
  ) );
#3164 = ORIENTED_EDGE('',*,*,#3165,.T.);
#3165 = EDGE_CURVE('',#3140,#3166,#3168,.T.);
#3166 = VERTEX_POINT('',#3167);
#3167 = CARTESIAN_POINT('',(34.9,-20.,-11.9));
#3168 = SURFACE_CURVE('',#3169,(#3173,#3179),.PCURVE_S1.);
#3169 = LINE('',#3170,#3171);
#3170 = CARTESIAN_POINT('',(34.9,-20.,-7.810488054501));
#3171 = VECTOR('',#3172,1.);
#3172 = DIRECTION('',(2.713542758509E-16,0.,1.));
#3173 = PCURVE('',#2831,#3174);
#3174 = DEFINITIONAL_REPRESENTATION('',(#3175),#3178);
#3175 = B_SPLINE_CURVE_WITH_KNOTS('',1,(#3176,#3177),.UNSPECIFIED.,.F.,
  .F.,(2,2),(-12.28951194549,-4.089511945499),.PIECEWISE_BEZIER_KNOTS.);
#3176 = CARTESIAN_POINT('',(15.647445029502,-16.37902389099));
#3177 = CARTESIAN_POINT('',(15.647445029502,-8.179023890998));
#3178 = ( GEOMETRIC_REPRESENTATION_CONTEXT(2) 
PARAMETRIC_REPRESENTATION_CONTEXT() REPRESENTATION_CONTEXT('2D SPACE',''
  ) );
#3179 = PCURVE('',#3180,#3185);
#3180 = PLANE('',#3181);
#3181 = AXIS2_PLACEMENT_3D('',#3182,#3183,#3184);
#3182 = CARTESIAN_POINT('',(34.9,30.,-11.9));
#3183 = DIRECTION('',(1.,0.,-2.713542758509E-16));
#3184 = DIRECTION('',(-2.713542758509E-16,0.,-1.));
#3185 = DEFINITIONAL_REPRESENTATION('',(#3186),#3189);
#3186 = B_SPLINE_CURVE_WITH_KNOTS('',1,(#3187,#3188),.UNSPECIFIED.,.F.,
  .F.,(2,2),(-12.28951194549,-4.089511945499),.PIECEWISE_BEZIER_KNOTS.);
#3187 = CARTESIAN_POINT('',(8.2,-50.));
#3188 = CARTESIAN_POINT('',(0.,-50.));
#3189 = ( GEOMETRIC_REPRESENTATION_CONTEXT(2) 
PARAMETRIC_REPRESENTATION_CONTEXT() REPRESENTATION_CONTEXT('2D SPACE',''
  ) );
#3190 = ORIENTED_EDGE('',*,*,#3191,.T.);
#3191 = EDGE_CURVE('',#3166,#3112,#3192,.T.);
#3192 = SURFACE_CURVE('',#3193,(#3197,#3203),.PCURVE_S1.);
#3193 = LINE('',#3194,#3195);
#3194 = CARTESIAN_POINT('',(28.676277485249,-20.,-11.9));
#3195 = VECTOR('',#3196,1.);
#3196 = DIRECTION('',(1.,0.,-2.713542758509E-16));
#3197 = PCURVE('',#2831,#3198);
#3198 = DEFINITIONAL_REPRESENTATION('',(#3199),#3202);
#3199 = B_SPLINE_CURVE_WITH_KNOTS('',1,(#3200,#3201),.UNSPECIFIED.,.F.,
  .F.,(2,2),(6.223722514751,9.423722514751),.PIECEWISE_BEZIER_KNOTS.);
#3200 = CARTESIAN_POINT('',(15.647445029502,-8.179023890998));
#3201 = CARTESIAN_POINT('',(18.847445029502,-8.179023890998));
#3202 = ( GEOMETRIC_REPRESENTATION_CONTEXT(2) 
PARAMETRIC_REPRESENTATION_CONTEXT() REPRESENTATION_CONTEXT('2D SPACE',''
  ) );
#3203 = PCURVE('',#3204,#3209);
#3204 = PLANE('',#3205);
#3205 = AXIS2_PLACEMENT_3D('',#3206,#3207,#3208);
#3206 = CARTESIAN_POINT('',(38.1,30.,-11.9));
#3207 = DIRECTION('',(-2.713542758509E-16,0.,-1.));
#3208 = DIRECTION('',(-1.,0.,2.713542758509E-16));
#3209 = DEFINITIONAL_REPRESENTATION('',(#3210),#3213);
#3210 = B_SPLINE_CURVE_WITH_KNOTS('',1,(#3211,#3212),.UNSPECIFIED.,.F.,
  .F.,(2,2),(6.223722514751,9.423722514751),.PIECEWISE_BEZIER_KNOTS.);
#3211 = CARTESIAN_POINT('',(3.2,-50.));
#3212 = CARTESIAN_POINT('',(0.,-50.));
#3213 = ( GEOMETRIC_REPRESENTATION_CONTEXT(2) 
PARAMETRIC_REPRESENTATION_CONTEXT() REPRESENTATION_CONTEXT('2D SPACE',''
  ) );
#3214 = FACE_BOUND('',#3215,.F.);
#3215 = EDGE_LOOP('',(#3216));
#3216 = ORIENTED_EDGE('',*,*,#3217,.T.);
#3217 = EDGE_CURVE('',#3218,#3218,#3220,.T.);
#3218 = VERTEX_POINT('',#3219);
#3219 = CARTESIAN_POINT('',(1.65,-20.,-4.477345551539E-16));
#3220 = SURFACE_CURVE('',#3221,(#3226,#3237),.PCURVE_S1.);
#3221 = CIRCLE('',#3222,1.65);
#3222 = AXIS2_PLACEMENT_3D('',#3223,#3224,#3225);
#3223 = CARTESIAN_POINT('',(-3.552713678801E-14,-20.,0.));
#3224 = DIRECTION('',(0.,1.,0.));
#3225 = DIRECTION('',(1.,0.,-2.713542758509E-16));
#3226 = PCURVE('',#2831,#3227);
#3227 = DEFINITIONAL_REPRESENTATION('',(#3228),#3236);
#3228 = ( BOUNDED_CURVE() B_SPLINE_CURVE(2,(#3229,#3230,#3231,#3232,
#3233,#3234,#3235),.UNSPECIFIED.,.T.,.F.) B_SPLINE_CURVE_WITH_KNOTS((1,2
    ,2,2,2,1),(-2.094395102393,0.,2.094395102393,4.188790204786,
6.28318530718,8.377580409573),.UNSPECIFIED.) CURVE() 
GEOMETRIC_REPRESENTATION_ITEM() RATIONAL_B_SPLINE_CURVE((1.,0.5,1.,0.5,
1.,0.5,1.)) REPRESENTATION_ITEM('') );
#3229 = CARTESIAN_POINT('',(-17.60255497049,3.720976109002));
#3230 = CARTESIAN_POINT('',(-17.60255497049,0.863092276513));
#3231 = CARTESIAN_POINT('',(-20.07755497049,2.292034192757));
#3232 = CARTESIAN_POINT('',(-22.55255497049,3.720976109002));
#3233 = CARTESIAN_POINT('',(-20.07755497049,5.149918025246));
#3234 = CARTESIAN_POINT('',(-17.60255497049,6.57885994149));
#3235 = CARTESIAN_POINT('',(-17.60255497049,3.720976109002));
#3236 = ( GEOMETRIC_REPRESENTATION_CONTEXT(2) 
PARAMETRIC_REPRESENTATION_CONTEXT() REPRESENTATION_CONTEXT('2D SPACE',''
  ) );
#3237 = PCURVE('',#3238,#3243);
#3238 = CYLINDRICAL_SURFACE('',#3239,1.65);
#3239 = AXIS2_PLACEMENT_3D('',#3240,#3241,#3242);
#3240 = CARTESIAN_POINT('',(-3.552713678801E-14,30.,0.));
#3241 = DIRECTION('',(-0.,1.,0.));
#3242 = DIRECTION('',(1.,0.,-2.713542758509E-16));
#3243 = DEFINITIONAL_REPRESENTATION('',(#3244),#3248);
#3244 = LINE('',#3245,#3246);
#3245 = CARTESIAN_POINT('',(-6.28318530718,-50.));
#3246 = VECTOR('',#3247,1.);
#3247 = DIRECTION('',(1.,-0.));
#3248 = ( GEOMETRIC_REPRESENTATION_CONTEXT(2) 
PARAMETRIC_REPRESENTATION_CONTEXT() REPRESENTATION_CONTEXT('2D SPACE',''
  ) );
#3249 = FACE_BOUND('',#3250,.F.);
#3250 = EDGE_LOOP('',(#3251));
#3251 = ORIENTED_EDGE('',*,*,#3252,.T.);
#3252 = EDGE_CURVE('',#3253,#3253,#3255,.T.);
#3253 = VERTEX_POINT('',#3254);
#3254 = CARTESIAN_POINT('',(38.15,-20.,-5.));
#3255 = SURFACE_CURVE('',#3256,(#3261,#3272),.PCURVE_S1.);
#3256 = CIRCLE('',#3257,1.65);
#3257 = AXIS2_PLACEMENT_3D('',#3258,#3259,#3260);
#3258 = CARTESIAN_POINT('',(36.5,-20.,-5.));
#3259 = DIRECTION('',(0.,1.,0.));
#3260 = DIRECTION('',(1.,0.,-2.713542758509E-16));
#3261 = PCURVE('',#2831,#3262);
#3262 = DEFINITIONAL_REPRESENTATION('',(#3263),#3271);
#3263 = ( BOUNDED_CURVE() B_SPLINE_CURVE(2,(#3264,#3265,#3266,#3267,
#3268,#3269,#3270),.UNSPECIFIED.,.T.,.F.) B_SPLINE_CURVE_WITH_KNOTS((1,2
    ,2,2,2,1),(-2.094395102393,0.,2.094395102393,4.188790204786,
6.28318530718,8.377580409573),.UNSPECIFIED.) CURVE() 
GEOMETRIC_REPRESENTATION_ITEM() RATIONAL_B_SPLINE_CURVE((1.,0.5,1.,0.5,
1.,0.5,1.)) REPRESENTATION_ITEM('') );
#3264 = CARTESIAN_POINT('',(18.897445029502,-1.279023890998));
#3265 = CARTESIAN_POINT('',(18.897445029502,-4.136907723487));
#3266 = CARTESIAN_POINT('',(16.422445029502,-2.707965807243));
#3267 = CARTESIAN_POINT('',(13.947445029502,-1.279023890998));
#3268 = CARTESIAN_POINT('',(16.422445029502,0.149918025246));
#3269 = CARTESIAN_POINT('',(18.897445029502,1.57885994149));
#3270 = CARTESIAN_POINT('',(18.897445029502,-1.279023890998));
#3271 = ( GEOMETRIC_REPRESENTATION_CONTEXT(2) 
PARAMETRIC_REPRESENTATION_CONTEXT() REPRESENTATION_CONTEXT('2D SPACE',''
  ) );
#3272 = PCURVE('',#3273,#3278);
#3273 = CYLINDRICAL_SURFACE('',#3274,1.65);
#3274 = AXIS2_PLACEMENT_3D('',#3275,#3276,#3277);
#3275 = CARTESIAN_POINT('',(36.5,30.,-5.));
#3276 = DIRECTION('',(-0.,1.,0.));
#3277 = DIRECTION('',(1.,0.,-2.713542758509E-16));
#3278 = DEFINITIONAL_REPRESENTATION('',(#3279),#3283);
#3279 = LINE('',#3280,#3281);
#3280 = CARTESIAN_POINT('',(-6.28318530718,-50.));
#3281 = VECTOR('',#3282,1.);
#3282 = DIRECTION('',(1.,-0.));
#3283 = ( GEOMETRIC_REPRESENTATION_CONTEXT(2) 
PARAMETRIC_REPRESENTATION_CONTEXT() REPRESENTATION_CONTEXT('2D SPACE',''
  ) );
#3284 = FACE_BOUND('',#3285,.F.);
#3285 = EDGE_LOOP('',(#3286,#3314,#3340,#3366));
#3286 = ORIENTED_EDGE('',*,*,#3287,.T.);
#3287 = EDGE_CURVE('',#3288,#3290,#3292,.T.);
#3288 = VERTEX_POINT('',#3289);
#3289 = CARTESIAN_POINT('',(38.1,-20.,10.1));
#3290 = VERTEX_POINT('',#3291);
#3291 = CARTESIAN_POINT('',(38.1,-20.,1.9));
#3292 = SURFACE_CURVE('',#3293,(#3297,#3303),.PCURVE_S1.);
#3293 = LINE('',#3294,#3295);
#3294 = CARTESIAN_POINT('',(38.1,-20.,-0.910488054501));
#3295 = VECTOR('',#3296,1.);
#3296 = DIRECTION('',(-2.713542758509E-16,0.,-1.));
#3297 = PCURVE('',#2831,#3298);
#3298 = DEFINITIONAL_REPRESENTATION('',(#3299),#3302);
#3299 = B_SPLINE_CURVE_WITH_KNOTS('',1,(#3300,#3301),.UNSPECIFIED.,.F.,
  .F.,(2,2),(-11.0104880545,-2.810488054501),.PIECEWISE_BEZIER_KNOTS.);
#3300 = CARTESIAN_POINT('',(18.847445029502,13.820976109002));
#3301 = CARTESIAN_POINT('',(18.847445029502,5.620976109002));
#3302 = ( GEOMETRIC_REPRESENTATION_CONTEXT(2) 
PARAMETRIC_REPRESENTATION_CONTEXT() REPRESENTATION_CONTEXT('2D SPACE',''
  ) );
#3303 = PCURVE('',#3304,#3309);
#3304 = PLANE('',#3305);
#3305 = AXIS2_PLACEMENT_3D('',#3306,#3307,#3308);
#3306 = CARTESIAN_POINT('',(38.1,30.,1.9));
#3307 = DIRECTION('',(-1.,0.,2.713542758509E-16));
#3308 = DIRECTION('',(2.713542758509E-16,0.,1.));
#3309 = DEFINITIONAL_REPRESENTATION('',(#3310),#3313);
#3310 = B_SPLINE_CURVE_WITH_KNOTS('',1,(#3311,#3312),.UNSPECIFIED.,.F.,
  .F.,(2,2),(-11.0104880545,-2.810488054501),.PIECEWISE_BEZIER_KNOTS.);
#3311 = CARTESIAN_POINT('',(8.2,-50.));
#3312 = CARTESIAN_POINT('',(0.,-50.));
#3313 = ( GEOMETRIC_REPRESENTATION_CONTEXT(2) 
PARAMETRIC_REPRESENTATION_CONTEXT() REPRESENTATION_CONTEXT('2D SPACE',''
  ) );
#3314 = ORIENTED_EDGE('',*,*,#3315,.T.);
#3315 = EDGE_CURVE('',#3290,#3316,#3318,.T.);
#3316 = VERTEX_POINT('',#3317);
#3317 = CARTESIAN_POINT('',(34.9,-20.,1.9));
#3318 = SURFACE_CURVE('',#3319,(#3323,#3329),.PCURVE_S1.);
#3319 = LINE('',#3320,#3321);
#3320 = CARTESIAN_POINT('',(27.076277485249,-20.,1.9));
#3321 = VECTOR('',#3322,1.);
#3322 = DIRECTION('',(-1.,0.,2.713542758509E-16));
#3323 = PCURVE('',#2831,#3324);
#3324 = DEFINITIONAL_REPRESENTATION('',(#3325),#3328);
#3325 = B_SPLINE_CURVE_WITH_KNOTS('',1,(#3326,#3327),.UNSPECIFIED.,.F.,
  .F.,(2,2),(-11.02372251475,-7.823722514751),.PIECEWISE_BEZIER_KNOTS.);
#3326 = CARTESIAN_POINT('',(18.847445029502,5.620976109002));
#3327 = CARTESIAN_POINT('',(15.647445029502,5.620976109002));
#3328 = ( GEOMETRIC_REPRESENTATION_CONTEXT(2) 
PARAMETRIC_REPRESENTATION_CONTEXT() REPRESENTATION_CONTEXT('2D SPACE',''
  ) );
#3329 = PCURVE('',#3330,#3335);
#3330 = PLANE('',#3331);
#3331 = AXIS2_PLACEMENT_3D('',#3332,#3333,#3334);
#3332 = CARTESIAN_POINT('',(34.9,30.,1.9));
#3333 = DIRECTION('',(2.713542758509E-16,0.,1.));
#3334 = DIRECTION('',(1.,0.,-2.713542758509E-16));
#3335 = DEFINITIONAL_REPRESENTATION('',(#3336),#3339);
#3336 = B_SPLINE_CURVE_WITH_KNOTS('',1,(#3337,#3338),.UNSPECIFIED.,.F.,
  .F.,(2,2),(-11.02372251475,-7.823722514751),.PIECEWISE_BEZIER_KNOTS.);
#3337 = CARTESIAN_POINT('',(3.2,-50.));
#3338 = CARTESIAN_POINT('',(0.,-50.));
#3339 = ( GEOMETRIC_REPRESENTATION_CONTEXT(2) 
PARAMETRIC_REPRESENTATION_CONTEXT() REPRESENTATION_CONTEXT('2D SPACE',''
  ) );
#3340 = ORIENTED_EDGE('',*,*,#3341,.T.);
#3341 = EDGE_CURVE('',#3316,#3342,#3344,.T.);
#3342 = VERTEX_POINT('',#3343);
#3343 = CARTESIAN_POINT('',(34.9,-20.,10.1));
#3344 = SURFACE_CURVE('',#3345,(#3349,#3355),.PCURVE_S1.);
#3345 = LINE('',#3346,#3347);
#3346 = CARTESIAN_POINT('',(34.9,-20.,3.189511945499));
#3347 = VECTOR('',#3348,1.);
#3348 = DIRECTION('',(2.713542758509E-16,0.,1.));
#3349 = PCURVE('',#2831,#3350);
#3350 = DEFINITIONAL_REPRESENTATION('',(#3351),#3354);
#3351 = B_SPLINE_CURVE_WITH_KNOTS('',1,(#3352,#3353),.UNSPECIFIED.,.F.,
  .F.,(2,2),(-1.289511945499,6.910488054501),.PIECEWISE_BEZIER_KNOTS.);
#3352 = CARTESIAN_POINT('',(15.647445029502,5.620976109002));
#3353 = CARTESIAN_POINT('',(15.647445029502,13.820976109002));
#3354 = ( GEOMETRIC_REPRESENTATION_CONTEXT(2) 
PARAMETRIC_REPRESENTATION_CONTEXT() REPRESENTATION_CONTEXT('2D SPACE',''
  ) );
#3355 = PCURVE('',#3356,#3361);
#3356 = PLANE('',#3357);
#3357 = AXIS2_PLACEMENT_3D('',#3358,#3359,#3360);
#3358 = CARTESIAN_POINT('',(34.9,30.,10.1));
#3359 = DIRECTION('',(1.,0.,-2.713542758509E-16));
#3360 = DIRECTION('',(-2.713542758509E-16,0.,-1.));
#3361 = DEFINITIONAL_REPRESENTATION('',(#3362),#3365);
#3362 = B_SPLINE_CURVE_WITH_KNOTS('',1,(#3363,#3364),.UNSPECIFIED.,.F.,
  .F.,(2,2),(-1.289511945499,6.910488054501),.PIECEWISE_BEZIER_KNOTS.);
#3363 = CARTESIAN_POINT('',(8.2,-50.));
#3364 = CARTESIAN_POINT('',(0.,-50.));
#3365 = ( GEOMETRIC_REPRESENTATION_CONTEXT(2) 
PARAMETRIC_REPRESENTATION_CONTEXT() REPRESENTATION_CONTEXT('2D SPACE',''
  ) );
#3366 = ORIENTED_EDGE('',*,*,#3367,.T.);
#3367 = EDGE_CURVE('',#3342,#3288,#3368,.T.);
#3368 = SURFACE_CURVE('',#3369,(#3373,#3379),.PCURVE_S1.);
#3369 = LINE('',#3370,#3371);
#3370 = CARTESIAN_POINT('',(28.676277485249,-20.,10.1));
#3371 = VECTOR('',#3372,1.);
#3372 = DIRECTION('',(1.,0.,-2.713542758509E-16));
#3373 = PCURVE('',#2831,#3374);
#3374 = DEFINITIONAL_REPRESENTATION('',(#3375),#3378);
#3375 = B_SPLINE_CURVE_WITH_KNOTS('',1,(#3376,#3377),.UNSPECIFIED.,.F.,
  .F.,(2,2),(6.223722514751,9.423722514751),.PIECEWISE_BEZIER_KNOTS.);
#3376 = CARTESIAN_POINT('',(15.647445029502,13.820976109002));
#3377 = CARTESIAN_POINT('',(18.847445029502,13.820976109002));
#3378 = ( GEOMETRIC_REPRESENTATION_CONTEXT(2) 
PARAMETRIC_REPRESENTATION_CONTEXT() REPRESENTATION_CONTEXT('2D SPACE',''
  ) );
#3379 = PCURVE('',#3380,#3385);
#3380 = PLANE('',#3381);
#3381 = AXIS2_PLACEMENT_3D('',#3382,#3383,#3384);
#3382 = CARTESIAN_POINT('',(38.1,30.,10.1));
#3383 = DIRECTION('',(-2.713542758509E-16,0.,-1.));
#3384 = DIRECTION('',(-1.,0.,2.713542758509E-16));
#3385 = DEFINITIONAL_REPRESENTATION('',(#3386),#3389);
#3386 = B_SPLINE_CURVE_WITH_KNOTS('',1,(#3387,#3388),.UNSPECIFIED.,.F.,
  .F.,(2,2),(6.223722514751,9.423722514751),.PIECEWISE_BEZIER_KNOTS.);
#3387 = CARTESIAN_POINT('',(3.2,-50.));
#3388 = CARTESIAN_POINT('',(0.,-50.));
#3389 = ( GEOMETRIC_REPRESENTATION_CONTEXT(2) 
PARAMETRIC_REPRESENTATION_CONTEXT() REPRESENTATION_CONTEXT('2D SPACE',''
  ) );
#3390 = ADVANCED_FACE('',(#3391,#3464,#3494,#3580,#3610,#3640),#2777,.T.
  );
#3391 = FACE_BOUND('',#3392,.T.);
#3392 = EDGE_LOOP('',(#3393,#3394,#3395,#3418,#3441,#3463));
#3393 = ORIENTED_EDGE('',*,*,#2761,.T.);
#3394 = ORIENTED_EDGE('',*,*,#2923,.T.);
#3395 = ORIENTED_EDGE('',*,*,#3396,.T.);
#3396 = EDGE_CURVE('',#2924,#3397,#3399,.T.);
#3397 = VERTEX_POINT('',#3398);
#3398 = CARTESIAN_POINT('',(26.,-23.,14.));
#3399 = SURFACE_CURVE('',#3400,(#3404,#3411),.PCURVE_S1.);
#3400 = LINE('',#3401,#3402);
#3401 = CARTESIAN_POINT('',(41.5,-23.,14.));
#3402 = VECTOR('',#3403,1.);
#3403 = DIRECTION('',(-1.,0.,2.713542758509E-16));
#3404 = PCURVE('',#2777,#3405);
#3405 = DEFINITIONAL_REPRESENTATION('',(#3406),#3410);
#3406 = LINE('',#3407,#3408);
#3407 = CARTESIAN_POINT('',(22.247445029502,17.720976109002));
#3408 = VECTOR('',#3409,1.);
#3409 = DIRECTION('',(-1.,0.));
#3410 = ( GEOMETRIC_REPRESENTATION_CONTEXT(2) 
PARAMETRIC_REPRESENTATION_CONTEXT() REPRESENTATION_CONTEXT('2D SPACE',''
  ) );
#3411 = PCURVE('',#2962,#3412);
#3412 = DEFINITIONAL_REPRESENTATION('',(#3413),#3417);
#3413 = LINE('',#3414,#3415);
#3414 = CARTESIAN_POINT('',(0.,-3.));
#3415 = VECTOR('',#3416,1.);
#3416 = DIRECTION('',(1.,0.));
#3417 = ( GEOMETRIC_REPRESENTATION_CONTEXT(2) 
PARAMETRIC_REPRESENTATION_CONTEXT() REPRESENTATION_CONTEXT('2D SPACE',''
  ) );
#3418 = ORIENTED_EDGE('',*,*,#3419,.T.);
#3419 = EDGE_CURVE('',#3397,#3420,#3422,.T.);
#3420 = VERTEX_POINT('',#3421);
#3421 = CARTESIAN_POINT('',(-0.941509,-23.,11.963008));
#3422 = SURFACE_CURVE('',#3423,(#3427,#3434),.PCURVE_S1.);
#3423 = LINE('',#3424,#3425);
#3424 = CARTESIAN_POINT('',(26.,-23.,14.));
#3425 = VECTOR('',#3426,1.);
#3426 = DIRECTION('',(-0.997153916254,-0.,-7.539275361967E-02));
#3427 = PCURVE('',#2777,#3428);
#3428 = DEFINITIONAL_REPRESENTATION('',(#3429),#3433);
#3429 = LINE('',#3430,#3431);
#3430 = CARTESIAN_POINT('',(6.747445029502,17.720976109002));
#3431 = VECTOR('',#3432,1.);
#3432 = DIRECTION('',(-0.997153916254,-7.539275361967E-02));
#3433 = ( GEOMETRIC_REPRESENTATION_CONTEXT(2) 
PARAMETRIC_REPRESENTATION_CONTEXT() REPRESENTATION_CONTEXT('2D SPACE',''
  ) );
#3434 = PCURVE('',#3039,#3435);
#3435 = DEFINITIONAL_REPRESENTATION('',(#3436),#3440);
#3436 = LINE('',#3437,#3438);
#3437 = CARTESIAN_POINT('',(0.,-3.));
#3438 = VECTOR('',#3439,1.);
#3439 = DIRECTION('',(1.,0.));
#3440 = ( GEOMETRIC_REPRESENTATION_CONTEXT(2) 
PARAMETRIC_REPRESENTATION_CONTEXT() REPRESENTATION_CONTEXT('2D SPACE',''
  ) );
#3441 = ORIENTED_EDGE('',*,*,#3442,.T.);
#3442 = EDGE_CURVE('',#3420,#2849,#3443,.T.);
#3443 = SURFACE_CURVE('',#3444,(#3449,#3456),.PCURVE_S1.);
#3444 = CIRCLE('',#3445,11.999999880896);
#3445 = AXIS2_PLACEMENT_3D('',#3446,#3447,#3448);
#3446 = CARTESIAN_POINT('',(-4.397310338078E-08,-23.,9.950828072647E-08)
  );
#3447 = DIRECTION('',(0.,-1.,0.));
#3448 = DIRECTION('',(-7.845908044764E-02,0.,0.996917334936));
#3449 = PCURVE('',#2777,#3450);
#3450 = DEFINITIONAL_REPRESENTATION('',(#3451),#3455);
#3451 = CIRCLE('',#3452,11.999999880896);
#3452 = AXIS2_PLACEMENT_2D('',#3453,#3454);
#3453 = CARTESIAN_POINT('',(-19.25255501447,3.72097620851));
#3454 = DIRECTION('',(-7.845908044764E-02,0.996917334936));
#3455 = ( GEOMETRIC_REPRESENTATION_CONTEXT(2) 
PARAMETRIC_REPRESENTATION_CONTEXT() REPRESENTATION_CONTEXT('2D SPACE',''
  ) );
#3456 = PCURVE('',#2864,#3457);
#3457 = DEFINITIONAL_REPRESENTATION('',(#3458),#3462);
#3458 = LINE('',#3459,#3460);
#3459 = CARTESIAN_POINT('',(-0.,-3.));
#3460 = VECTOR('',#3461,1.);
#3461 = DIRECTION('',(-1.,0.));
#3462 = ( GEOMETRIC_REPRESENTATION_CONTEXT(2) 
PARAMETRIC_REPRESENTATION_CONTEXT() REPRESENTATION_CONTEXT('2D SPACE',''
  ) );
#3463 = ORIENTED_EDGE('',*,*,#2876,.T.);
#3464 = FACE_BOUND('',#3465,.T.);
#3465 = EDGE_LOOP('',(#3466));
#3466 = ORIENTED_EDGE('',*,*,#3467,.T.);
#3467 = EDGE_CURVE('',#3468,#3468,#3470,.T.);
#3468 = VERTEX_POINT('',#3469);
#3469 = CARTESIAN_POINT('',(21.5,-23.,-8.));
#3470 = SURFACE_CURVE('',#3471,(#3476,#3487),.PCURVE_S1.);
#3471 = CIRCLE('',#3472,4.5);
#3472 = AXIS2_PLACEMENT_3D('',#3473,#3474,#3475);
#3473 = CARTESIAN_POINT('',(17.,-23.,-8.));
#3474 = DIRECTION('',(0.,1.,0.));
#3475 = DIRECTION('',(1.,0.,-2.713542758509E-16));
#3476 = PCURVE('',#2777,#3477);
#3477 = DEFINITIONAL_REPRESENTATION('',(#3478),#3486);
#3478 = ( BOUNDED_CURVE() B_SPLINE_CURVE(2,(#3479,#3480,#3481,#3482,
#3483,#3484,#3485),.UNSPECIFIED.,.T.,.F.) B_SPLINE_CURVE_WITH_KNOTS((1,2
    ,2,2,2,1),(-2.094395102393,0.,2.094395102393,4.188790204786,
6.28318530718,8.377580409573),.UNSPECIFIED.) CURVE() 
GEOMETRIC_REPRESENTATION_ITEM() RATIONAL_B_SPLINE_CURVE((1.,0.5,1.,0.5,
1.,0.5,1.)) REPRESENTATION_ITEM('') );
#3479 = CARTESIAN_POINT('',(2.247445029502,-4.279023890998));
#3480 = CARTESIAN_POINT('',(2.247445029502,-12.07325252505));
#3481 = CARTESIAN_POINT('',(-4.502554970498,-8.176138208028));
#3482 = CARTESIAN_POINT('',(-11.25255497049,-4.279023890998));
#3483 = CARTESIAN_POINT('',(-4.502554970498,-0.381909573968));
#3484 = CARTESIAN_POINT('',(2.247445029502,3.515204743062));
#3485 = CARTESIAN_POINT('',(2.247445029502,-4.279023890998));
#3486 = ( GEOMETRIC_REPRESENTATION_CONTEXT(2) 
PARAMETRIC_REPRESENTATION_CONTEXT() REPRESENTATION_CONTEXT('2D SPACE',''
  ) );
#3487 = PCURVE('',#3097,#3488);
#3488 = DEFINITIONAL_REPRESENTATION('',(#3489),#3493);
#3489 = LINE('',#3490,#3491);
#3490 = CARTESIAN_POINT('',(-6.28318530718,-103.));
#3491 = VECTOR('',#3492,1.);
#3492 = DIRECTION('',(1.,-0.));
#3493 = ( GEOMETRIC_REPRESENTATION_CONTEXT(2) 
PARAMETRIC_REPRESENTATION_CONTEXT() REPRESENTATION_CONTEXT('2D SPACE',''
  ) );
#3494 = FACE_BOUND('',#3495,.T.);
#3495 = EDGE_LOOP('',(#3496,#3519,#3540,#3561));
#3496 = ORIENTED_EDGE('',*,*,#3497,.T.);
#3497 = EDGE_CURVE('',#3498,#3500,#3502,.T.);
#3498 = VERTEX_POINT('',#3499);
#3499 = CARTESIAN_POINT('',(38.1,-23.,-11.9));
#3500 = VERTEX_POINT('',#3501);
#3501 = CARTESIAN_POINT('',(38.1,-23.,-20.1));
#3502 = SURFACE_CURVE('',#3503,(#3507,#3513),.PCURVE_S1.);
#3503 = LINE('',#3504,#3505);
#3504 = CARTESIAN_POINT('',(38.1,-23.,-11.9104880545));
#3505 = VECTOR('',#3506,1.);
#3506 = DIRECTION('',(-2.713542758509E-16,0.,-1.));
#3507 = PCURVE('',#2777,#3508);
#3508 = DEFINITIONAL_REPRESENTATION('',(#3509),#3512);
#3509 = B_SPLINE_CURVE_WITH_KNOTS('',1,(#3510,#3511),.UNSPECIFIED.,.F.,
  .F.,(2,2),(-1.048805450086E-02,8.189511945499),
  .PIECEWISE_BEZIER_KNOTS.);
#3510 = CARTESIAN_POINT('',(18.847445029502,-8.179023890998));
#3511 = CARTESIAN_POINT('',(18.847445029502,-16.37902389099));
#3512 = ( GEOMETRIC_REPRESENTATION_CONTEXT(2) 
PARAMETRIC_REPRESENTATION_CONTEXT() REPRESENTATION_CONTEXT('2D SPACE',''
  ) );
#3513 = PCURVE('',#3128,#3514);
#3514 = DEFINITIONAL_REPRESENTATION('',(#3515),#3518);
#3515 = B_SPLINE_CURVE_WITH_KNOTS('',1,(#3516,#3517),.UNSPECIFIED.,.F.,
  .F.,(2,2),(-1.048805450086E-02,8.189511945499),
  .PIECEWISE_BEZIER_KNOTS.);
#3516 = CARTESIAN_POINT('',(8.2,-53.));
#3517 = CARTESIAN_POINT('',(0.,-53.));
#3518 = ( GEOMETRIC_REPRESENTATION_CONTEXT(2) 
PARAMETRIC_REPRESENTATION_CONTEXT() REPRESENTATION_CONTEXT('2D SPACE',''
  ) );
#3519 = ORIENTED_EDGE('',*,*,#3520,.T.);
#3520 = EDGE_CURVE('',#3500,#3521,#3523,.T.);
#3521 = VERTEX_POINT('',#3522);
#3522 = CARTESIAN_POINT('',(34.9,-23.,-20.1));
#3523 = SURFACE_CURVE('',#3524,(#3528,#3534),.PCURVE_S1.);
#3524 = LINE('',#3525,#3526);
#3525 = CARTESIAN_POINT('',(27.076277485249,-23.,-20.1));
#3526 = VECTOR('',#3527,1.);
#3527 = DIRECTION('',(-1.,0.,2.713542758509E-16));
#3528 = PCURVE('',#2777,#3529);
#3529 = DEFINITIONAL_REPRESENTATION('',(#3530),#3533);
#3530 = B_SPLINE_CURVE_WITH_KNOTS('',1,(#3531,#3532),.UNSPECIFIED.,.F.,
  .F.,(2,2),(-11.02372251475,-7.823722514751),.PIECEWISE_BEZIER_KNOTS.);
#3531 = CARTESIAN_POINT('',(18.847445029502,-16.37902389099));
#3532 = CARTESIAN_POINT('',(15.647445029502,-16.37902389099));
#3533 = ( GEOMETRIC_REPRESENTATION_CONTEXT(2) 
PARAMETRIC_REPRESENTATION_CONTEXT() REPRESENTATION_CONTEXT('2D SPACE',''
  ) );
#3534 = PCURVE('',#3154,#3535);
#3535 = DEFINITIONAL_REPRESENTATION('',(#3536),#3539);
#3536 = B_SPLINE_CURVE_WITH_KNOTS('',1,(#3537,#3538),.UNSPECIFIED.,.F.,
  .F.,(2,2),(-11.02372251475,-7.823722514751),.PIECEWISE_BEZIER_KNOTS.);
#3537 = CARTESIAN_POINT('',(3.2,-53.));
#3538 = CARTESIAN_POINT('',(0.,-53.));
#3539 = ( GEOMETRIC_REPRESENTATION_CONTEXT(2) 
PARAMETRIC_REPRESENTATION_CONTEXT() REPRESENTATION_CONTEXT('2D SPACE',''
  ) );
#3540 = ORIENTED_EDGE('',*,*,#3541,.T.);
#3541 = EDGE_CURVE('',#3521,#3542,#3544,.T.);
#3542 = VERTEX_POINT('',#3543);
#3543 = CARTESIAN_POINT('',(34.9,-23.,-11.9));
#3544 = SURFACE_CURVE('',#3545,(#3549,#3555),.PCURVE_S1.);
#3545 = LINE('',#3546,#3547);
#3546 = CARTESIAN_POINT('',(34.9,-23.,-7.810488054501));
#3547 = VECTOR('',#3548,1.);
#3548 = DIRECTION('',(2.713542758509E-16,0.,1.));
#3549 = PCURVE('',#2777,#3550);
#3550 = DEFINITIONAL_REPRESENTATION('',(#3551),#3554);
#3551 = B_SPLINE_CURVE_WITH_KNOTS('',1,(#3552,#3553),.UNSPECIFIED.,.F.,
  .F.,(2,2),(-12.28951194549,-4.089511945499),.PIECEWISE_BEZIER_KNOTS.);
#3552 = CARTESIAN_POINT('',(15.647445029502,-16.37902389099));
#3553 = CARTESIAN_POINT('',(15.647445029502,-8.179023890998));
#3554 = ( GEOMETRIC_REPRESENTATION_CONTEXT(2) 
PARAMETRIC_REPRESENTATION_CONTEXT() REPRESENTATION_CONTEXT('2D SPACE',''
  ) );
#3555 = PCURVE('',#3180,#3556);
#3556 = DEFINITIONAL_REPRESENTATION('',(#3557),#3560);
#3557 = B_SPLINE_CURVE_WITH_KNOTS('',1,(#3558,#3559),.UNSPECIFIED.,.F.,
  .F.,(2,2),(-12.28951194549,-4.089511945499),.PIECEWISE_BEZIER_KNOTS.);
#3558 = CARTESIAN_POINT('',(8.2,-53.));
#3559 = CARTESIAN_POINT('',(0.,-53.));
#3560 = ( GEOMETRIC_REPRESENTATION_CONTEXT(2) 
PARAMETRIC_REPRESENTATION_CONTEXT() REPRESENTATION_CONTEXT('2D SPACE',''
  ) );
#3561 = ORIENTED_EDGE('',*,*,#3562,.T.);
#3562 = EDGE_CURVE('',#3542,#3498,#3563,.T.);
#3563 = SURFACE_CURVE('',#3564,(#3568,#3574),.PCURVE_S1.);
#3564 = LINE('',#3565,#3566);
#3565 = CARTESIAN_POINT('',(28.676277485249,-23.,-11.9));
#3566 = VECTOR('',#3567,1.);
#3567 = DIRECTION('',(1.,0.,-2.713542758509E-16));
#3568 = PCURVE('',#2777,#3569);
#3569 = DEFINITIONAL_REPRESENTATION('',(#3570),#3573);
#3570 = B_SPLINE_CURVE_WITH_KNOTS('',1,(#3571,#3572),.UNSPECIFIED.,.F.,
  .F.,(2,2),(6.223722514751,9.423722514751),.PIECEWISE_BEZIER_KNOTS.);
#3571 = CARTESIAN_POINT('',(15.647445029502,-8.179023890998));
#3572 = CARTESIAN_POINT('',(18.847445029502,-8.179023890998));
#3573 = ( GEOMETRIC_REPRESENTATION_CONTEXT(2) 
PARAMETRIC_REPRESENTATION_CONTEXT() REPRESENTATION_CONTEXT('2D SPACE',''
  ) );
#3574 = PCURVE('',#3204,#3575);
#3575 = DEFINITIONAL_REPRESENTATION('',(#3576),#3579);
#3576 = B_SPLINE_CURVE_WITH_KNOTS('',1,(#3577,#3578),.UNSPECIFIED.,.F.,
  .F.,(2,2),(6.223722514751,9.423722514751),.PIECEWISE_BEZIER_KNOTS.);
#3577 = CARTESIAN_POINT('',(3.2,-53.));
#3578 = CARTESIAN_POINT('',(0.,-53.));
#3579 = ( GEOMETRIC_REPRESENTATION_CONTEXT(2) 
PARAMETRIC_REPRESENTATION_CONTEXT() REPRESENTATION_CONTEXT('2D SPACE',''
  ) );
#3580 = FACE_BOUND('',#3581,.T.);
#3581 = EDGE_LOOP('',(#3582));
#3582 = ORIENTED_EDGE('',*,*,#3583,.T.);
#3583 = EDGE_CURVE('',#3584,#3584,#3586,.T.);
#3584 = VERTEX_POINT('',#3585);
#3585 = CARTESIAN_POINT('',(1.65,-23.,-4.477345551539E-16));
#3586 = SURFACE_CURVE('',#3587,(#3592,#3603),.PCURVE_S1.);
#3587 = CIRCLE('',#3588,1.65);
#3588 = AXIS2_PLACEMENT_3D('',#3589,#3590,#3591);
#3589 = CARTESIAN_POINT('',(-3.552713678801E-14,-23.,0.));
#3590 = DIRECTION('',(0.,1.,0.));
#3591 = DIRECTION('',(1.,0.,-2.713542758509E-16));
#3592 = PCURVE('',#2777,#3593);
#3593 = DEFINITIONAL_REPRESENTATION('',(#3594),#3602);
#3594 = ( BOUNDED_CURVE() B_SPLINE_CURVE(2,(#3595,#3596,#3597,#3598,
#3599,#3600,#3601),.UNSPECIFIED.,.T.,.F.) B_SPLINE_CURVE_WITH_KNOTS((1,2
    ,2,2,2,1),(-2.094395102393,0.,2.094395102393,4.188790204786,
6.28318530718,8.377580409573),.UNSPECIFIED.) CURVE() 
GEOMETRIC_REPRESENTATION_ITEM() RATIONAL_B_SPLINE_CURVE((1.,0.5,1.,0.5,
1.,0.5,1.)) REPRESENTATION_ITEM('') );
#3595 = CARTESIAN_POINT('',(-17.60255497049,3.720976109002));
#3596 = CARTESIAN_POINT('',(-17.60255497049,0.863092276513));
#3597 = CARTESIAN_POINT('',(-20.07755497049,2.292034192757));
#3598 = CARTESIAN_POINT('',(-22.55255497049,3.720976109002));
#3599 = CARTESIAN_POINT('',(-20.07755497049,5.149918025246));
#3600 = CARTESIAN_POINT('',(-17.60255497049,6.57885994149));
#3601 = CARTESIAN_POINT('',(-17.60255497049,3.720976109002));
#3602 = ( GEOMETRIC_REPRESENTATION_CONTEXT(2) 
PARAMETRIC_REPRESENTATION_CONTEXT() REPRESENTATION_CONTEXT('2D SPACE',''
  ) );
#3603 = PCURVE('',#3238,#3604);
#3604 = DEFINITIONAL_REPRESENTATION('',(#3605),#3609);
#3605 = LINE('',#3606,#3607);
#3606 = CARTESIAN_POINT('',(-6.28318530718,-53.));
#3607 = VECTOR('',#3608,1.);
#3608 = DIRECTION('',(1.,-0.));
#3609 = ( GEOMETRIC_REPRESENTATION_CONTEXT(2) 
PARAMETRIC_REPRESENTATION_CONTEXT() REPRESENTATION_CONTEXT('2D SPACE',''
  ) );
#3610 = FACE_BOUND('',#3611,.T.);
#3611 = EDGE_LOOP('',(#3612));
#3612 = ORIENTED_EDGE('',*,*,#3613,.T.);
#3613 = EDGE_CURVE('',#3614,#3614,#3616,.T.);
#3614 = VERTEX_POINT('',#3615);
#3615 = CARTESIAN_POINT('',(38.15,-23.,-5.));
#3616 = SURFACE_CURVE('',#3617,(#3622,#3633),.PCURVE_S1.);
#3617 = CIRCLE('',#3618,1.65);
#3618 = AXIS2_PLACEMENT_3D('',#3619,#3620,#3621);
#3619 = CARTESIAN_POINT('',(36.5,-23.,-5.));
#3620 = DIRECTION('',(0.,1.,0.));
#3621 = DIRECTION('',(1.,0.,-2.713542758509E-16));
#3622 = PCURVE('',#2777,#3623);
#3623 = DEFINITIONAL_REPRESENTATION('',(#3624),#3632);
#3624 = ( BOUNDED_CURVE() B_SPLINE_CURVE(2,(#3625,#3626,#3627,#3628,
#3629,#3630,#3631),.UNSPECIFIED.,.T.,.F.) B_SPLINE_CURVE_WITH_KNOTS((1,2
    ,2,2,2,1),(-2.094395102393,0.,2.094395102393,4.188790204786,
6.28318530718,8.377580409573),.UNSPECIFIED.) CURVE() 
GEOMETRIC_REPRESENTATION_ITEM() RATIONAL_B_SPLINE_CURVE((1.,0.5,1.,0.5,
1.,0.5,1.)) REPRESENTATION_ITEM('') );
#3625 = CARTESIAN_POINT('',(18.897445029502,-1.279023890998));
#3626 = CARTESIAN_POINT('',(18.897445029502,-4.136907723487));
#3627 = CARTESIAN_POINT('',(16.422445029502,-2.707965807243));
#3628 = CARTESIAN_POINT('',(13.947445029502,-1.279023890998));
#3629 = CARTESIAN_POINT('',(16.422445029502,0.149918025246));
#3630 = CARTESIAN_POINT('',(18.897445029502,1.57885994149));
#3631 = CARTESIAN_POINT('',(18.897445029502,-1.279023890998));
#3632 = ( GEOMETRIC_REPRESENTATION_CONTEXT(2) 
PARAMETRIC_REPRESENTATION_CONTEXT() REPRESENTATION_CONTEXT('2D SPACE',''
  ) );
#3633 = PCURVE('',#3273,#3634);
#3634 = DEFINITIONAL_REPRESENTATION('',(#3635),#3639);
#3635 = LINE('',#3636,#3637);
#3636 = CARTESIAN_POINT('',(-6.28318530718,-53.));
#3637 = VECTOR('',#3638,1.);
#3638 = DIRECTION('',(1.,-0.));
#3639 = ( GEOMETRIC_REPRESENTATION_CONTEXT(2) 
PARAMETRIC_REPRESENTATION_CONTEXT() REPRESENTATION_CONTEXT('2D SPACE',''
  ) );
#3640 = FACE_BOUND('',#3641,.T.);
#3641 = EDGE_LOOP('',(#3642,#3665,#3686,#3707));
#3642 = ORIENTED_EDGE('',*,*,#3643,.T.);
#3643 = EDGE_CURVE('',#3644,#3646,#3648,.T.);
#3644 = VERTEX_POINT('',#3645);
#3645 = CARTESIAN_POINT('',(38.1,-23.,10.1));
#3646 = VERTEX_POINT('',#3647);
#3647 = CARTESIAN_POINT('',(38.1,-23.,1.9));
#3648 = SURFACE_CURVE('',#3649,(#3653,#3659),.PCURVE_S1.);
#3649 = LINE('',#3650,#3651);
#3650 = CARTESIAN_POINT('',(38.1,-23.,-0.910488054501));
#3651 = VECTOR('',#3652,1.);
#3652 = DIRECTION('',(-2.713542758509E-16,0.,-1.));
#3653 = PCURVE('',#2777,#3654);
#3654 = DEFINITIONAL_REPRESENTATION('',(#3655),#3658);
#3655 = B_SPLINE_CURVE_WITH_KNOTS('',1,(#3656,#3657),.UNSPECIFIED.,.F.,
  .F.,(2,2),(-11.0104880545,-2.810488054501),.PIECEWISE_BEZIER_KNOTS.);
#3656 = CARTESIAN_POINT('',(18.847445029502,13.820976109002));
#3657 = CARTESIAN_POINT('',(18.847445029502,5.620976109002));
#3658 = ( GEOMETRIC_REPRESENTATION_CONTEXT(2) 
PARAMETRIC_REPRESENTATION_CONTEXT() REPRESENTATION_CONTEXT('2D SPACE',''
  ) );
#3659 = PCURVE('',#3304,#3660);
#3660 = DEFINITIONAL_REPRESENTATION('',(#3661),#3664);
#3661 = B_SPLINE_CURVE_WITH_KNOTS('',1,(#3662,#3663),.UNSPECIFIED.,.F.,
  .F.,(2,2),(-11.0104880545,-2.810488054501),.PIECEWISE_BEZIER_KNOTS.);
#3662 = CARTESIAN_POINT('',(8.2,-53.));
#3663 = CARTESIAN_POINT('',(0.,-53.));
#3664 = ( GEOMETRIC_REPRESENTATION_CONTEXT(2) 
PARAMETRIC_REPRESENTATION_CONTEXT() REPRESENTATION_CONTEXT('2D SPACE',''
  ) );
#3665 = ORIENTED_EDGE('',*,*,#3666,.T.);
#3666 = EDGE_CURVE('',#3646,#3667,#3669,.T.);
#3667 = VERTEX_POINT('',#3668);
#3668 = CARTESIAN_POINT('',(34.9,-23.,1.9));
#3669 = SURFACE_CURVE('',#3670,(#3674,#3680),.PCURVE_S1.);
#3670 = LINE('',#3671,#3672);
#3671 = CARTESIAN_POINT('',(27.076277485249,-23.,1.9));
#3672 = VECTOR('',#3673,1.);
#3673 = DIRECTION('',(-1.,0.,2.713542758509E-16));
#3674 = PCURVE('',#2777,#3675);
#3675 = DEFINITIONAL_REPRESENTATION('',(#3676),#3679);
#3676 = B_SPLINE_CURVE_WITH_KNOTS('',1,(#3677,#3678),.UNSPECIFIED.,.F.,
  .F.,(2,2),(-11.02372251475,-7.823722514751),.PIECEWISE_BEZIER_KNOTS.);
#3677 = CARTESIAN_POINT('',(18.847445029502,5.620976109002));
#3678 = CARTESIAN_POINT('',(15.647445029502,5.620976109002));
#3679 = ( GEOMETRIC_REPRESENTATION_CONTEXT(2) 
PARAMETRIC_REPRESENTATION_CONTEXT() REPRESENTATION_CONTEXT('2D SPACE',''
  ) );
#3680 = PCURVE('',#3330,#3681);
#3681 = DEFINITIONAL_REPRESENTATION('',(#3682),#3685);
#3682 = B_SPLINE_CURVE_WITH_KNOTS('',1,(#3683,#3684),.UNSPECIFIED.,.F.,
  .F.,(2,2),(-11.02372251475,-7.823722514751),.PIECEWISE_BEZIER_KNOTS.);
#3683 = CARTESIAN_POINT('',(3.2,-53.));
#3684 = CARTESIAN_POINT('',(0.,-53.));
#3685 = ( GEOMETRIC_REPRESENTATION_CONTEXT(2) 
PARAMETRIC_REPRESENTATION_CONTEXT() REPRESENTATION_CONTEXT('2D SPACE',''
  ) );
#3686 = ORIENTED_EDGE('',*,*,#3687,.T.);
#3687 = EDGE_CURVE('',#3667,#3688,#3690,.T.);
#3688 = VERTEX_POINT('',#3689);
#3689 = CARTESIAN_POINT('',(34.9,-23.,10.1));
#3690 = SURFACE_CURVE('',#3691,(#3695,#3701),.PCURVE_S1.);
#3691 = LINE('',#3692,#3693);
#3692 = CARTESIAN_POINT('',(34.9,-23.,3.189511945499));
#3693 = VECTOR('',#3694,1.);
#3694 = DIRECTION('',(2.713542758509E-16,0.,1.));
#3695 = PCURVE('',#2777,#3696);
#3696 = DEFINITIONAL_REPRESENTATION('',(#3697),#3700);
#3697 = B_SPLINE_CURVE_WITH_KNOTS('',1,(#3698,#3699),.UNSPECIFIED.,.F.,
  .F.,(2,2),(-1.289511945499,6.910488054501),.PIECEWISE_BEZIER_KNOTS.);
#3698 = CARTESIAN_POINT('',(15.647445029502,5.620976109002));
#3699 = CARTESIAN_POINT('',(15.647445029502,13.820976109002));
#3700 = ( GEOMETRIC_REPRESENTATION_CONTEXT(2) 
PARAMETRIC_REPRESENTATION_CONTEXT() REPRESENTATION_CONTEXT('2D SPACE',''
  ) );
#3701 = PCURVE('',#3356,#3702);
#3702 = DEFINITIONAL_REPRESENTATION('',(#3703),#3706);
#3703 = B_SPLINE_CURVE_WITH_KNOTS('',1,(#3704,#3705),.UNSPECIFIED.,.F.,
  .F.,(2,2),(-1.289511945499,6.910488054501),.PIECEWISE_BEZIER_KNOTS.);
#3704 = CARTESIAN_POINT('',(8.2,-53.));
#3705 = CARTESIAN_POINT('',(0.,-53.));
#3706 = ( GEOMETRIC_REPRESENTATION_CONTEXT(2) 
PARAMETRIC_REPRESENTATION_CONTEXT() REPRESENTATION_CONTEXT('2D SPACE',''
  ) );
#3707 = ORIENTED_EDGE('',*,*,#3708,.T.);
#3708 = EDGE_CURVE('',#3688,#3644,#3709,.T.);
#3709 = SURFACE_CURVE('',#3710,(#3714,#3720),.PCURVE_S1.);
#3710 = LINE('',#3711,#3712);
#3711 = CARTESIAN_POINT('',(28.676277485249,-23.,10.1));
#3712 = VECTOR('',#3713,1.);
#3713 = DIRECTION('',(1.,0.,-2.713542758509E-16));
#3714 = PCURVE('',#2777,#3715);
#3715 = DEFINITIONAL_REPRESENTATION('',(#3716),#3719);
#3716 = B_SPLINE_CURVE_WITH_KNOTS('',1,(#3717,#3718),.UNSPECIFIED.,.F.,
  .F.,(2,2),(6.223722514751,9.423722514751),.PIECEWISE_BEZIER_KNOTS.);
#3717 = CARTESIAN_POINT('',(15.647445029502,13.820976109002));
#3718 = CARTESIAN_POINT('',(18.847445029502,13.820976109002));
#3719 = ( GEOMETRIC_REPRESENTATION_CONTEXT(2) 
PARAMETRIC_REPRESENTATION_CONTEXT() REPRESENTATION_CONTEXT('2D SPACE',''
  ) );
#3720 = PCURVE('',#3380,#3721);
#3721 = DEFINITIONAL_REPRESENTATION('',(#3722),#3725);
#3722 = B_SPLINE_CURVE_WITH_KNOTS('',1,(#3723,#3724),.UNSPECIFIED.,.F.,
  .F.,(2,2),(6.223722514751,9.423722514751),.PIECEWISE_BEZIER_KNOTS.);
#3723 = CARTESIAN_POINT('',(3.2,-53.));
#3724 = CARTESIAN_POINT('',(0.,-53.));
#3725 = ( GEOMETRIC_REPRESENTATION_CONTEXT(2) 
PARAMETRIC_REPRESENTATION_CONTEXT() REPRESENTATION_CONTEXT('2D SPACE',''
  ) );
#3726 = ADVANCED_FACE('',(#3727),#2864,.T.);
#3727 = FACE_BOUND('',#3728,.F.);
#3728 = EDGE_LOOP('',(#3729,#3750,#3751,#3752));
#3729 = ORIENTED_EDGE('',*,*,#3730,.T.);
#3730 = EDGE_CURVE('',#3024,#3420,#3731,.T.);
#3731 = SURFACE_CURVE('',#3732,(#3736,#3743),.PCURVE_S1.);
#3732 = LINE('',#3733,#3734);
#3733 = CARTESIAN_POINT('',(-0.941509,-20.,11.963008));
#3734 = VECTOR('',#3735,1.);
#3735 = DIRECTION('',(0.,-1.,0.));
#3736 = PCURVE('',#2864,#3737);
#3737 = DEFINITIONAL_REPRESENTATION('',(#3738),#3742);
#3738 = LINE('',#3739,#3740);
#3739 = CARTESIAN_POINT('',(-0.,0.));
#3740 = VECTOR('',#3741,1.);
#3741 = DIRECTION('',(-0.,-1.));
#3742 = ( GEOMETRIC_REPRESENTATION_CONTEXT(2) 
PARAMETRIC_REPRESENTATION_CONTEXT() REPRESENTATION_CONTEXT('2D SPACE',''
  ) );
#3743 = PCURVE('',#3039,#3744);
#3744 = DEFINITIONAL_REPRESENTATION('',(#3745),#3749);
#3745 = LINE('',#3746,#3747);
#3746 = CARTESIAN_POINT('',(27.018405645137,0.));
#3747 = VECTOR('',#3748,1.);
#3748 = DIRECTION('',(0.,-1.));
#3749 = ( GEOMETRIC_REPRESENTATION_CONTEXT(2) 
PARAMETRIC_REPRESENTATION_CONTEXT() REPRESENTATION_CONTEXT('2D SPACE',''
  ) );
#3750 = ORIENTED_EDGE('',*,*,#3442,.T.);
#3751 = ORIENTED_EDGE('',*,*,#2846,.F.);
#3752 = ORIENTED_EDGE('',*,*,#3051,.F.);
#3753 = ADVANCED_FACE('',(#3754),#2962,.F.);
#3754 = FACE_BOUND('',#3755,.F.);
#3755 = EDGE_LOOP('',(#3756,#3757,#3758,#3779));
#3756 = ORIENTED_EDGE('',*,*,#2946,.T.);
#3757 = ORIENTED_EDGE('',*,*,#3396,.T.);
#3758 = ORIENTED_EDGE('',*,*,#3759,.F.);
#3759 = EDGE_CURVE('',#3001,#3397,#3760,.T.);
#3760 = SURFACE_CURVE('',#3761,(#3765,#3772),.PCURVE_S1.);
#3761 = LINE('',#3762,#3763);
#3762 = CARTESIAN_POINT('',(26.,-20.,14.));
#3763 = VECTOR('',#3764,1.);
#3764 = DIRECTION('',(0.,-1.,0.));
#3765 = PCURVE('',#2962,#3766);
#3766 = DEFINITIONAL_REPRESENTATION('',(#3767),#3771);
#3767 = LINE('',#3768,#3769);
#3768 = CARTESIAN_POINT('',(15.5,0.));
#3769 = VECTOR('',#3770,1.);
#3770 = DIRECTION('',(0.,-1.));
#3771 = ( GEOMETRIC_REPRESENTATION_CONTEXT(2) 
PARAMETRIC_REPRESENTATION_CONTEXT() REPRESENTATION_CONTEXT('2D SPACE',''
  ) );
#3772 = PCURVE('',#3039,#3773);
#3773 = DEFINITIONAL_REPRESENTATION('',(#3774),#3778);
#3774 = LINE('',#3775,#3776);
#3775 = CARTESIAN_POINT('',(0.,0.));
#3776 = VECTOR('',#3777,1.);
#3777 = DIRECTION('',(0.,-1.));
#3778 = ( GEOMETRIC_REPRESENTATION_CONTEXT(2) 
PARAMETRIC_REPRESENTATION_CONTEXT() REPRESENTATION_CONTEXT('2D SPACE',''
  ) );
#3779 = ORIENTED_EDGE('',*,*,#3000,.F.);
#3780 = ADVANCED_FACE('',(#3781),#3039,.F.);
#3781 = FACE_BOUND('',#3782,.F.);
#3782 = EDGE_LOOP('',(#3783,#3784,#3785,#3786));
#3783 = ORIENTED_EDGE('',*,*,#3759,.T.);
#3784 = ORIENTED_EDGE('',*,*,#3419,.T.);
#3785 = ORIENTED_EDGE('',*,*,#3730,.F.);
#3786 = ORIENTED_EDGE('',*,*,#3023,.F.);
#3787 = ADVANCED_FACE('',(#3788),#3097,.F.);
#3788 = FACE_BOUND('',#3789,.T.);
#3789 = EDGE_LOOP('',(#3790,#3791,#3812,#3813));
#3790 = ORIENTED_EDGE('',*,*,#3076,.T.);
#3791 = ORIENTED_EDGE('',*,*,#3792,.T.);
#3792 = EDGE_CURVE('',#3077,#3468,#3793,.T.);
#3793 = SEAM_CURVE('',#3794,(#3798,#3805),.PCURVE_S1.);
#3794 = LINE('',#3795,#3796);
#3795 = CARTESIAN_POINT('',(21.5,80.,-8.));
#3796 = VECTOR('',#3797,1.);
#3797 = DIRECTION('',(0.,-1.,0.));
#3798 = PCURVE('',#3097,#3799);
#3799 = DEFINITIONAL_REPRESENTATION('',(#3800),#3804);
#3800 = LINE('',#3801,#3802);
#3801 = CARTESIAN_POINT('',(-6.28318530718,0.));
#3802 = VECTOR('',#3803,1.);
#3803 = DIRECTION('',(-0.,-1.));
#3804 = ( GEOMETRIC_REPRESENTATION_CONTEXT(2) 
PARAMETRIC_REPRESENTATION_CONTEXT() REPRESENTATION_CONTEXT('2D SPACE',''
  ) );
#3805 = PCURVE('',#3097,#3806);
#3806 = DEFINITIONAL_REPRESENTATION('',(#3807),#3811);
#3807 = LINE('',#3808,#3809);
#3808 = CARTESIAN_POINT('',(-0.,0.));
#3809 = VECTOR('',#3810,1.);
#3810 = DIRECTION('',(-0.,-1.));
#3811 = ( GEOMETRIC_REPRESENTATION_CONTEXT(2) 
PARAMETRIC_REPRESENTATION_CONTEXT() REPRESENTATION_CONTEXT('2D SPACE',''
  ) );
#3812 = ORIENTED_EDGE('',*,*,#3467,.F.);
#3813 = ORIENTED_EDGE('',*,*,#3792,.F.);
#3814 = ADVANCED_FACE('',(#3815),#3128,.T.);
#3815 = FACE_BOUND('',#3816,.T.);
#3816 = EDGE_LOOP('',(#3817,#3818,#3839,#3840));
#3817 = ORIENTED_EDGE('',*,*,#3111,.T.);
#3818 = ORIENTED_EDGE('',*,*,#3819,.T.);
#3819 = EDGE_CURVE('',#3114,#3500,#3820,.T.);
#3820 = SURFACE_CURVE('',#3821,(#3825,#3832),.PCURVE_S1.);
#3821 = LINE('',#3822,#3823);
#3822 = CARTESIAN_POINT('',(38.1,30.,-20.1));
#3823 = VECTOR('',#3824,1.);
#3824 = DIRECTION('',(0.,-1.,0.));
#3825 = PCURVE('',#3128,#3826);
#3826 = DEFINITIONAL_REPRESENTATION('',(#3827),#3831);
#3827 = LINE('',#3828,#3829);
#3828 = CARTESIAN_POINT('',(0.,0.));
#3829 = VECTOR('',#3830,1.);
#3830 = DIRECTION('',(0.,-1.));
#3831 = ( GEOMETRIC_REPRESENTATION_CONTEXT(2) 
PARAMETRIC_REPRESENTATION_CONTEXT() REPRESENTATION_CONTEXT('2D SPACE',''
  ) );
#3832 = PCURVE('',#3154,#3833);
#3833 = DEFINITIONAL_REPRESENTATION('',(#3834),#3838);
#3834 = LINE('',#3835,#3836);
#3835 = CARTESIAN_POINT('',(3.2,0.));
#3836 = VECTOR('',#3837,1.);
#3837 = DIRECTION('',(0.,-1.));
#3838 = ( GEOMETRIC_REPRESENTATION_CONTEXT(2) 
PARAMETRIC_REPRESENTATION_CONTEXT() REPRESENTATION_CONTEXT('2D SPACE',''
  ) );
#3839 = ORIENTED_EDGE('',*,*,#3497,.F.);
#3840 = ORIENTED_EDGE('',*,*,#3841,.F.);
#3841 = EDGE_CURVE('',#3112,#3498,#3842,.T.);
#3842 = SURFACE_CURVE('',#3843,(#3847,#3854),.PCURVE_S1.);
#3843 = LINE('',#3844,#3845);
#3844 = CARTESIAN_POINT('',(38.1,30.,-11.9));
#3845 = VECTOR('',#3846,1.);
#3846 = DIRECTION('',(0.,-1.,0.));
#3847 = PCURVE('',#3128,#3848);
#3848 = DEFINITIONAL_REPRESENTATION('',(#3849),#3853);
#3849 = LINE('',#3850,#3851);
#3850 = CARTESIAN_POINT('',(8.2,0.));
#3851 = VECTOR('',#3852,1.);
#3852 = DIRECTION('',(0.,-1.));
#3853 = ( GEOMETRIC_REPRESENTATION_CONTEXT(2) 
PARAMETRIC_REPRESENTATION_CONTEXT() REPRESENTATION_CONTEXT('2D SPACE',''
  ) );
#3854 = PCURVE('',#3204,#3855);
#3855 = DEFINITIONAL_REPRESENTATION('',(#3856),#3860);
#3856 = LINE('',#3857,#3858);
#3857 = CARTESIAN_POINT('',(0.,-0.));
#3858 = VECTOR('',#3859,1.);
#3859 = DIRECTION('',(0.,-1.));
#3860 = ( GEOMETRIC_REPRESENTATION_CONTEXT(2) 
PARAMETRIC_REPRESENTATION_CONTEXT() REPRESENTATION_CONTEXT('2D SPACE',''
  ) );
#3861 = ADVANCED_FACE('',(#3862),#3204,.T.);
#3862 = FACE_BOUND('',#3863,.T.);
#3863 = EDGE_LOOP('',(#3864,#3865,#3866,#3867));
#3864 = ORIENTED_EDGE('',*,*,#3191,.T.);
#3865 = ORIENTED_EDGE('',*,*,#3841,.T.);
#3866 = ORIENTED_EDGE('',*,*,#3562,.F.);
#3867 = ORIENTED_EDGE('',*,*,#3868,.F.);
#3868 = EDGE_CURVE('',#3166,#3542,#3869,.T.);
#3869 = SURFACE_CURVE('',#3870,(#3874,#3881),.PCURVE_S1.);
#3870 = LINE('',#3871,#3872);
#3871 = CARTESIAN_POINT('',(34.9,30.,-11.9));
#3872 = VECTOR('',#3873,1.);
#3873 = DIRECTION('',(0.,-1.,0.));
#3874 = PCURVE('',#3204,#3875);
#3875 = DEFINITIONAL_REPRESENTATION('',(#3876),#3880);
#3876 = LINE('',#3877,#3878);
#3877 = CARTESIAN_POINT('',(3.2,0.));
#3878 = VECTOR('',#3879,1.);
#3879 = DIRECTION('',(0.,-1.));
#3880 = ( GEOMETRIC_REPRESENTATION_CONTEXT(2) 
PARAMETRIC_REPRESENTATION_CONTEXT() REPRESENTATION_CONTEXT('2D SPACE',''
  ) );
#3881 = PCURVE('',#3180,#3882);
#3882 = DEFINITIONAL_REPRESENTATION('',(#3883),#3887);
#3883 = LINE('',#3884,#3885);
#3884 = CARTESIAN_POINT('',(0.,0.));
#3885 = VECTOR('',#3886,1.);
#3886 = DIRECTION('',(0.,-1.));
#3887 = ( GEOMETRIC_REPRESENTATION_CONTEXT(2) 
PARAMETRIC_REPRESENTATION_CONTEXT() REPRESENTATION_CONTEXT('2D SPACE',''
  ) );
#3888 = ADVANCED_FACE('',(#3889),#3154,.T.);
#3889 = FACE_BOUND('',#3890,.T.);
#3890 = EDGE_LOOP('',(#3891,#3892,#3913,#3914));
#3891 = ORIENTED_EDGE('',*,*,#3139,.T.);
#3892 = ORIENTED_EDGE('',*,*,#3893,.T.);
#3893 = EDGE_CURVE('',#3140,#3521,#3894,.T.);
#3894 = SURFACE_CURVE('',#3895,(#3899,#3906),.PCURVE_S1.);
#3895 = LINE('',#3896,#3897);
#3896 = CARTESIAN_POINT('',(34.9,30.,-20.1));
#3897 = VECTOR('',#3898,1.);
#3898 = DIRECTION('',(0.,-1.,0.));
#3899 = PCURVE('',#3154,#3900);
#3900 = DEFINITIONAL_REPRESENTATION('',(#3901),#3905);
#3901 = LINE('',#3902,#3903);
#3902 = CARTESIAN_POINT('',(0.,0.));
#3903 = VECTOR('',#3904,1.);
#3904 = DIRECTION('',(0.,-1.));
#3905 = ( GEOMETRIC_REPRESENTATION_CONTEXT(2) 
PARAMETRIC_REPRESENTATION_CONTEXT() REPRESENTATION_CONTEXT('2D SPACE',''
  ) );
#3906 = PCURVE('',#3180,#3907);
#3907 = DEFINITIONAL_REPRESENTATION('',(#3908),#3912);
#3908 = LINE('',#3909,#3910);
#3909 = CARTESIAN_POINT('',(8.2,0.));
#3910 = VECTOR('',#3911,1.);
#3911 = DIRECTION('',(0.,-1.));
#3912 = ( GEOMETRIC_REPRESENTATION_CONTEXT(2) 
PARAMETRIC_REPRESENTATION_CONTEXT() REPRESENTATION_CONTEXT('2D SPACE',''
  ) );
#3913 = ORIENTED_EDGE('',*,*,#3520,.F.);
#3914 = ORIENTED_EDGE('',*,*,#3819,.F.);
#3915 = ADVANCED_FACE('',(#3916),#3180,.T.);
#3916 = FACE_BOUND('',#3917,.T.);
#3917 = EDGE_LOOP('',(#3918,#3919,#3920,#3921));
#3918 = ORIENTED_EDGE('',*,*,#3165,.T.);
#3919 = ORIENTED_EDGE('',*,*,#3868,.T.);
#3920 = ORIENTED_EDGE('',*,*,#3541,.F.);
#3921 = ORIENTED_EDGE('',*,*,#3893,.F.);
#3922 = ADVANCED_FACE('',(#3923),#3238,.F.);
#3923 = FACE_BOUND('',#3924,.T.);
#3924 = EDGE_LOOP('',(#3925,#3926,#3947,#3948));
#3925 = ORIENTED_EDGE('',*,*,#3217,.T.);
#3926 = ORIENTED_EDGE('',*,*,#3927,.T.);
#3927 = EDGE_CURVE('',#3218,#3584,#3928,.T.);
#3928 = SEAM_CURVE('',#3929,(#3933,#3940),.PCURVE_S1.);
#3929 = LINE('',#3930,#3931);
#3930 = CARTESIAN_POINT('',(1.65,30.,-4.477345551539E-16));
#3931 = VECTOR('',#3932,1.);
#3932 = DIRECTION('',(0.,-1.,0.));
#3933 = PCURVE('',#3238,#3934);
#3934 = DEFINITIONAL_REPRESENTATION('',(#3935),#3939);
#3935 = LINE('',#3936,#3937);
#3936 = CARTESIAN_POINT('',(-6.28318530718,0.));
#3937 = VECTOR('',#3938,1.);
#3938 = DIRECTION('',(-0.,-1.));
#3939 = ( GEOMETRIC_REPRESENTATION_CONTEXT(2) 
PARAMETRIC_REPRESENTATION_CONTEXT() REPRESENTATION_CONTEXT('2D SPACE',''
  ) );
#3940 = PCURVE('',#3238,#3941);
#3941 = DEFINITIONAL_REPRESENTATION('',(#3942),#3946);
#3942 = LINE('',#3943,#3944);
#3943 = CARTESIAN_POINT('',(-0.,0.));
#3944 = VECTOR('',#3945,1.);
#3945 = DIRECTION('',(-0.,-1.));
#3946 = ( GEOMETRIC_REPRESENTATION_CONTEXT(2) 
PARAMETRIC_REPRESENTATION_CONTEXT() REPRESENTATION_CONTEXT('2D SPACE',''
  ) );
#3947 = ORIENTED_EDGE('',*,*,#3583,.F.);
#3948 = ORIENTED_EDGE('',*,*,#3927,.F.);
#3949 = ADVANCED_FACE('',(#3950),#3273,.F.);
#3950 = FACE_BOUND('',#3951,.T.);
#3951 = EDGE_LOOP('',(#3952,#3953,#3974,#3975));
#3952 = ORIENTED_EDGE('',*,*,#3252,.T.);
#3953 = ORIENTED_EDGE('',*,*,#3954,.T.);
#3954 = EDGE_CURVE('',#3253,#3614,#3955,.T.);
#3955 = SEAM_CURVE('',#3956,(#3960,#3967),.PCURVE_S1.);
#3956 = LINE('',#3957,#3958);
#3957 = CARTESIAN_POINT('',(38.15,30.,-5.));
#3958 = VECTOR('',#3959,1.);
#3959 = DIRECTION('',(0.,-1.,0.));
#3960 = PCURVE('',#3273,#3961);
#3961 = DEFINITIONAL_REPRESENTATION('',(#3962),#3966);
#3962 = LINE('',#3963,#3964);
#3963 = CARTESIAN_POINT('',(-6.28318530718,0.));
#3964 = VECTOR('',#3965,1.);
#3965 = DIRECTION('',(-0.,-1.));
#3966 = ( GEOMETRIC_REPRESENTATION_CONTEXT(2) 
PARAMETRIC_REPRESENTATION_CONTEXT() REPRESENTATION_CONTEXT('2D SPACE',''
  ) );
#3967 = PCURVE('',#3273,#3968);
#3968 = DEFINITIONAL_REPRESENTATION('',(#3969),#3973);
#3969 = LINE('',#3970,#3971);
#3970 = CARTESIAN_POINT('',(-0.,0.));
#3971 = VECTOR('',#3972,1.);
#3972 = DIRECTION('',(-0.,-1.));
#3973 = ( GEOMETRIC_REPRESENTATION_CONTEXT(2) 
PARAMETRIC_REPRESENTATION_CONTEXT() REPRESENTATION_CONTEXT('2D SPACE',''
  ) );
#3974 = ORIENTED_EDGE('',*,*,#3613,.F.);
#3975 = ORIENTED_EDGE('',*,*,#3954,.F.);
#3976 = ADVANCED_FACE('',(#3977),#3304,.T.);
#3977 = FACE_BOUND('',#3978,.T.);
#3978 = EDGE_LOOP('',(#3979,#3980,#4001,#4002));
#3979 = ORIENTED_EDGE('',*,*,#3287,.T.);
#3980 = ORIENTED_EDGE('',*,*,#3981,.T.);
#3981 = EDGE_CURVE('',#3290,#3646,#3982,.T.);
#3982 = SURFACE_CURVE('',#3983,(#3987,#3994),.PCURVE_S1.);
#3983 = LINE('',#3984,#3985);
#3984 = CARTESIAN_POINT('',(38.1,30.,1.9));
#3985 = VECTOR('',#3986,1.);
#3986 = DIRECTION('',(0.,-1.,0.));
#3987 = PCURVE('',#3304,#3988);
#3988 = DEFINITIONAL_REPRESENTATION('',(#3989),#3993);
#3989 = LINE('',#3990,#3991);
#3990 = CARTESIAN_POINT('',(0.,0.));
#3991 = VECTOR('',#3992,1.);
#3992 = DIRECTION('',(0.,-1.));
#3993 = ( GEOMETRIC_REPRESENTATION_CONTEXT(2) 
PARAMETRIC_REPRESENTATION_CONTEXT() REPRESENTATION_CONTEXT('2D SPACE',''
  ) );
#3994 = PCURVE('',#3330,#3995);
#3995 = DEFINITIONAL_REPRESENTATION('',(#3996),#4000);
#3996 = LINE('',#3997,#3998);
#3997 = CARTESIAN_POINT('',(3.2,0.));
#3998 = VECTOR('',#3999,1.);
#3999 = DIRECTION('',(0.,-1.));
#4000 = ( GEOMETRIC_REPRESENTATION_CONTEXT(2) 
PARAMETRIC_REPRESENTATION_CONTEXT() REPRESENTATION_CONTEXT('2D SPACE',''
  ) );
#4001 = ORIENTED_EDGE('',*,*,#3643,.F.);
#4002 = ORIENTED_EDGE('',*,*,#4003,.F.);
#4003 = EDGE_CURVE('',#3288,#3644,#4004,.T.);
#4004 = SURFACE_CURVE('',#4005,(#4009,#4016),.PCURVE_S1.);
#4005 = LINE('',#4006,#4007);
#4006 = CARTESIAN_POINT('',(38.1,30.,10.1));
#4007 = VECTOR('',#4008,1.);
#4008 = DIRECTION('',(0.,-1.,0.));
#4009 = PCURVE('',#3304,#4010);
#4010 = DEFINITIONAL_REPRESENTATION('',(#4011),#4015);
#4011 = LINE('',#4012,#4013);
#4012 = CARTESIAN_POINT('',(8.2,0.));
#4013 = VECTOR('',#4014,1.);
#4014 = DIRECTION('',(0.,-1.));
#4015 = ( GEOMETRIC_REPRESENTATION_CONTEXT(2) 
PARAMETRIC_REPRESENTATION_CONTEXT() REPRESENTATION_CONTEXT('2D SPACE',''
  ) );
#4016 = PCURVE('',#3380,#4017);
#4017 = DEFINITIONAL_REPRESENTATION('',(#4018),#4022);
#4018 = LINE('',#4019,#4020);
#4019 = CARTESIAN_POINT('',(0.,-0.));
#4020 = VECTOR('',#4021,1.);
#4021 = DIRECTION('',(0.,-1.));
#4022 = ( GEOMETRIC_REPRESENTATION_CONTEXT(2) 
PARAMETRIC_REPRESENTATION_CONTEXT() REPRESENTATION_CONTEXT('2D SPACE',''
  ) );
#4023 = ADVANCED_FACE('',(#4024),#3380,.T.);
#4024 = FACE_BOUND('',#4025,.T.);
#4025 = EDGE_LOOP('',(#4026,#4027,#4028,#4029));
#4026 = ORIENTED_EDGE('',*,*,#3367,.T.);
#4027 = ORIENTED_EDGE('',*,*,#4003,.T.);
#4028 = ORIENTED_EDGE('',*,*,#3708,.F.);
#4029 = ORIENTED_EDGE('',*,*,#4030,.F.);
#4030 = EDGE_CURVE('',#3342,#3688,#4031,.T.);
#4031 = SURFACE_CURVE('',#4032,(#4036,#4043),.PCURVE_S1.);
#4032 = LINE('',#4033,#4034);
#4033 = CARTESIAN_POINT('',(34.9,30.,10.1));
#4034 = VECTOR('',#4035,1.);
#4035 = DIRECTION('',(0.,-1.,0.));
#4036 = PCURVE('',#3380,#4037);
#4037 = DEFINITIONAL_REPRESENTATION('',(#4038),#4042);
#4038 = LINE('',#4039,#4040);
#4039 = CARTESIAN_POINT('',(3.2,0.));
#4040 = VECTOR('',#4041,1.);
#4041 = DIRECTION('',(0.,-1.));
#4042 = ( GEOMETRIC_REPRESENTATION_CONTEXT(2) 
PARAMETRIC_REPRESENTATION_CONTEXT() REPRESENTATION_CONTEXT('2D SPACE',''
  ) );
#4043 = PCURVE('',#3356,#4044);
#4044 = DEFINITIONAL_REPRESENTATION('',(#4045),#4049);
#4045 = LINE('',#4046,#4047);
#4046 = CARTESIAN_POINT('',(0.,0.));
#4047 = VECTOR('',#4048,1.);
#4048 = DIRECTION('',(0.,-1.));
#4049 = ( GEOMETRIC_REPRESENTATION_CONTEXT(2) 
PARAMETRIC_REPRESENTATION_CONTEXT() REPRESENTATION_CONTEXT('2D SPACE',''
  ) );
#4050 = ADVANCED_FACE('',(#4051),#3330,.T.);
#4051 = FACE_BOUND('',#4052,.T.);
#4052 = EDGE_LOOP('',(#4053,#4054,#4075,#4076));
#4053 = ORIENTED_EDGE('',*,*,#3315,.T.);
#4054 = ORIENTED_EDGE('',*,*,#4055,.T.);
#4055 = EDGE_CURVE('',#3316,#3667,#4056,.T.);
#4056 = SURFACE_CURVE('',#4057,(#4061,#4068),.PCURVE_S1.);
#4057 = LINE('',#4058,#4059);
#4058 = CARTESIAN_POINT('',(34.9,30.,1.9));
#4059 = VECTOR('',#4060,1.);
#4060 = DIRECTION('',(0.,-1.,0.));
#4061 = PCURVE('',#3330,#4062);
#4062 = DEFINITIONAL_REPRESENTATION('',(#4063),#4067);
#4063 = LINE('',#4064,#4065);
#4064 = CARTESIAN_POINT('',(0.,0.));
#4065 = VECTOR('',#4066,1.);
#4066 = DIRECTION('',(0.,-1.));
#4067 = ( GEOMETRIC_REPRESENTATION_CONTEXT(2) 
PARAMETRIC_REPRESENTATION_CONTEXT() REPRESENTATION_CONTEXT('2D SPACE',''
  ) );
#4068 = PCURVE('',#3356,#4069);
#4069 = DEFINITIONAL_REPRESENTATION('',(#4070),#4074);
#4070 = LINE('',#4071,#4072);
#4071 = CARTESIAN_POINT('',(8.2,0.));
#4072 = VECTOR('',#4073,1.);
#4073 = DIRECTION('',(0.,-1.));
#4074 = ( GEOMETRIC_REPRESENTATION_CONTEXT(2) 
PARAMETRIC_REPRESENTATION_CONTEXT() REPRESENTATION_CONTEXT('2D SPACE',''
  ) );
#4075 = ORIENTED_EDGE('',*,*,#3666,.F.);
#4076 = ORIENTED_EDGE('',*,*,#3981,.F.);
#4077 = ADVANCED_FACE('',(#4078),#3356,.T.);
#4078 = FACE_BOUND('',#4079,.T.);
#4079 = EDGE_LOOP('',(#4080,#4081,#4082,#4083));
#4080 = ORIENTED_EDGE('',*,*,#3341,.T.);
#4081 = ORIENTED_EDGE('',*,*,#4030,.T.);
#4082 = ORIENTED_EDGE('',*,*,#3687,.F.);
#4083 = ORIENTED_EDGE('',*,*,#4055,.F.);
#4084 = ( GEOMETRIC_REPRESENTATION_CONTEXT(3) 
GLOBAL_UNCERTAINTY_ASSIGNED_CONTEXT((#4088)) 
GLOBAL_UNIT_ASSIGNED_CONTEXT((#4085,#4086,#4087)) REPRESENTATION_CONTEXT
('Context #1','3D Context with UNIT and UNCERTAINTY') );
#4085 = ( LENGTH_UNIT() NAMED_UNIT(*) SI_UNIT(.MILLI.,.METRE.) );
#4086 = ( NAMED_UNIT(*) PLANE_ANGLE_UNIT() SI_UNIT($,.RADIAN.) );
#4087 = ( NAMED_UNIT(*) SI_UNIT($,.STERADIAN.) SOLID_ANGLE_UNIT() );
#4088 = UNCERTAINTY_MEASURE_WITH_UNIT(LENGTH_MEASURE(1.E-07),#4085,
  'distance_accuracy_value','confusion accuracy');
#4089 = CONTEXT_DEPENDENT_SHAPE_REPRESENTATION(#4090,#4092);
#4090 = ( REPRESENTATION_RELATIONSHIP('','',#2719,#10) 
REPRESENTATION_RELATIONSHIP_WITH_TRANSFORMATION(#4091) 
SHAPE_REPRESENTATION_RELATIONSHIP() );
#4091 = ITEM_DEFINED_TRANSFORMATION('','',#11,#19);
#4092 = PRODUCT_DEFINITION_SHAPE('Placement','Placement of an item',
  #4093);
#4093 = NEXT_ASSEMBLY_USAGE_OCCURRENCE('33','14_kist_B','',#5,#2714,$);
#4094 = PRODUCT_RELATED_PRODUCT_CATEGORY('part',$,(#2716));
#4095 = SHAPE_DEFINITION_REPRESENTATION(#4096,#4102);
#4096 = PRODUCT_DEFINITION_SHAPE('','',#4097);
#4097 = PRODUCT_DEFINITION('design','',#4098,#4101);
#4098 = PRODUCT_DEFINITION_FORMATION('','',#4099);
#4099 = PRODUCT('15_kist_plita','15_kist_plita','',(#4100));
#4100 = PRODUCT_CONTEXT('',#2,'mechanical');
#4101 = PRODUCT_DEFINITION_CONTEXT('part definition',#2,'design');
#4102 = ADVANCED_BREP_SHAPE_REPRESENTATION('',(#11,#4103),#7917);
#4103 = MANIFOLD_SOLID_BREP('',#4104);
#4104 = CLOSED_SHELL('',(#4105,#4225,#4299,#4373,#5647,#6696,#6723,#6750
    ,#6795,#6820,#6847,#6874,#6901,#6928,#6953,#6978,#7005,#7032,#7059,
    #7086,#7111,#7136,#7163,#7190,#7217,#7244,#7269,#7294,#7321,#7348,
    #7373,#7398,#7425,#7452,#7459,#7486,#7511,#7538,#7565,#7590,#7617,
    #7644,#7671,#7696,#7721,#7748,#7755,#7782,#7829,#7856,#7883,#7890));
#4105 = ADVANCED_FACE('',(#4106),#4120,.F.);
#4106 = FACE_BOUND('',#4107,.F.);
#4107 = EDGE_LOOP('',(#4108,#4143,#4171,#4199));
#4108 = ORIENTED_EDGE('',*,*,#4109,.T.);
#4109 = EDGE_CURVE('',#4110,#4112,#4114,.T.);
#4110 = VERTEX_POINT('',#4111);
#4111 = CARTESIAN_POINT('',(35.,-20.,-23.));
#4112 = VERTEX_POINT('',#4113);
#4113 = CARTESIAN_POINT('',(38.,-20.,-23.));
#4114 = SURFACE_CURVE('',#4115,(#4119,#4131),.PCURVE_S1.);
#4115 = LINE('',#4116,#4117);
#4116 = CARTESIAN_POINT('',(35.,-20.,-23.));
#4117 = VECTOR('',#4118,1.);
#4118 = DIRECTION('',(1.,1.527872730081E-16,1.793803890391E-16));
#4119 = PCURVE('',#4120,#4125);
#4120 = PLANE('',#4121);
#4121 = AXIS2_PLACEMENT_3D('',#4122,#4123,#4124);
#4122 = CARTESIAN_POINT('',(35.,-20.,-23.));
#4123 = DIRECTION('',(-1.793803890391E-16,-3.790621261728E-17,1.));
#4124 = DIRECTION('',(-1.527872730081E-16,1.,3.790621261728E-17));
#4125 = DEFINITIONAL_REPRESENTATION('',(#4126),#4130);
#4126 = LINE('',#4127,#4128);
#4127 = CARTESIAN_POINT('',(0.,0.));
#4128 = VECTOR('',#4129,1.);
#4129 = DIRECTION('',(0.,-1.));
#4130 = ( GEOMETRIC_REPRESENTATION_CONTEXT(2) 
PARAMETRIC_REPRESENTATION_CONTEXT() REPRESENTATION_CONTEXT('2D SPACE',''
  ) );
#4131 = PCURVE('',#4132,#4137);
#4132 = PLANE('',#4133);
#4133 = AXIS2_PLACEMENT_3D('',#4134,#4135,#4136);
#4134 = CARTESIAN_POINT('',(35.,-20.,12.));
#4135 = DIRECTION('',(-1.527872730081E-16,1.,3.790621261728E-17));
#4136 = DIRECTION('',(1.793803890391E-16,3.790621261728E-17,-1.));
#4137 = DEFINITIONAL_REPRESENTATION('',(#4138),#4142);
#4138 = LINE('',#4139,#4140);
#4139 = CARTESIAN_POINT('',(35.,0.));
#4140 = VECTOR('',#4141,1.);
#4141 = DIRECTION('',(0.,-1.));
#4142 = ( GEOMETRIC_REPRESENTATION_CONTEXT(2) 
PARAMETRIC_REPRESENTATION_CONTEXT() REPRESENTATION_CONTEXT('2D SPACE',''
  ) );
#4143 = ORIENTED_EDGE('',*,*,#4144,.T.);
#4144 = EDGE_CURVE('',#4112,#4145,#4147,.T.);
#4145 = VERTEX_POINT('',#4146);
#4146 = CARTESIAN_POINT('',(38.,20.,-23.));
#4147 = SURFACE_CURVE('',#4148,(#4152,#4159),.PCURVE_S1.);
#4148 = LINE('',#4149,#4150);
#4149 = CARTESIAN_POINT('',(38.,-20.,-23.));
#4150 = VECTOR('',#4151,1.);
#4151 = DIRECTION('',(-1.527872730081E-16,1.,3.790621261728E-17));
#4152 = PCURVE('',#4120,#4153);
#4153 = DEFINITIONAL_REPRESENTATION('',(#4154),#4158);
#4154 = LINE('',#4155,#4156);
#4155 = CARTESIAN_POINT('',(0.,-3.));
#4156 = VECTOR('',#4157,1.);
#4157 = DIRECTION('',(1.,0.));
#4158 = ( GEOMETRIC_REPRESENTATION_CONTEXT(2) 
PARAMETRIC_REPRESENTATION_CONTEXT() REPRESENTATION_CONTEXT('2D SPACE',''
  ) );
#4159 = PCURVE('',#4160,#4165);
#4160 = PLANE('',#4161);
#4161 = AXIS2_PLACEMENT_3D('',#4162,#4163,#4164);
#4162 = CARTESIAN_POINT('',(38.,-9.637940789987E-16,-5.5));
#4163 = DIRECTION('',(1.,1.527872730081E-16,1.793803890391E-16));
#4164 = DIRECTION('',(-1.527872730081E-16,1.,3.790621261728E-17));
#4165 = DEFINITIONAL_REPRESENTATION('',(#4166),#4170);
#4166 = LINE('',#4167,#4168);
#4167 = CARTESIAN_POINT('',(-20.,-17.5));
#4168 = VECTOR('',#4169,1.);
#4169 = DIRECTION('',(1.,0.));
#4170 = ( GEOMETRIC_REPRESENTATION_CONTEXT(2) 
PARAMETRIC_REPRESENTATION_CONTEXT() REPRESENTATION_CONTEXT('2D SPACE',''
  ) );
#4171 = ORIENTED_EDGE('',*,*,#4172,.F.);
#4172 = EDGE_CURVE('',#4173,#4145,#4175,.T.);
#4173 = VERTEX_POINT('',#4174);
#4174 = CARTESIAN_POINT('',(35.,20.,-23.));
#4175 = SURFACE_CURVE('',#4176,(#4180,#4187),.PCURVE_S1.);
#4176 = LINE('',#4177,#4178);
#4177 = CARTESIAN_POINT('',(35.,20.,-23.));
#4178 = VECTOR('',#4179,1.);
#4179 = DIRECTION('',(1.,1.527872730081E-16,1.793803890391E-16));
#4180 = PCURVE('',#4120,#4181);
#4181 = DEFINITIONAL_REPRESENTATION('',(#4182),#4186);
#4182 = LINE('',#4183,#4184);
#4183 = CARTESIAN_POINT('',(40.,0.));
#4184 = VECTOR('',#4185,1.);
#4185 = DIRECTION('',(0.,-1.));
#4186 = ( GEOMETRIC_REPRESENTATION_CONTEXT(2) 
PARAMETRIC_REPRESENTATION_CONTEXT() REPRESENTATION_CONTEXT('2D SPACE',''
  ) );
#4187 = PCURVE('',#4188,#4193);
#4188 = PLANE('',#4189);
#4189 = AXIS2_PLACEMENT_3D('',#4190,#4191,#4192);
#4190 = CARTESIAN_POINT('',(35.,20.,-23.));
#4191 = DIRECTION('',(1.527872730081E-16,-1.,-3.790621261728E-17));
#4192 = DIRECTION('',(-1.793803890391E-16,-3.790621261728E-17,1.));
#4193 = DEFINITIONAL_REPRESENTATION('',(#4194),#4198);
#4194 = LINE('',#4195,#4196);
#4195 = CARTESIAN_POINT('',(0.,0.));
#4196 = VECTOR('',#4197,1.);
#4197 = DIRECTION('',(0.,-1.));
#4198 = ( GEOMETRIC_REPRESENTATION_CONTEXT(2) 
PARAMETRIC_REPRESENTATION_CONTEXT() REPRESENTATION_CONTEXT('2D SPACE',''
  ) );
#4199 = ORIENTED_EDGE('',*,*,#4200,.F.);
#4200 = EDGE_CURVE('',#4110,#4173,#4201,.T.);
#4201 = SURFACE_CURVE('',#4202,(#4206,#4213),.PCURVE_S1.);
#4202 = LINE('',#4203,#4204);
#4203 = CARTESIAN_POINT('',(35.,-20.,-23.));
#4204 = VECTOR('',#4205,1.);
#4205 = DIRECTION('',(-1.527872730081E-16,1.,3.790621261728E-17));
#4206 = PCURVE('',#4120,#4207);
#4207 = DEFINITIONAL_REPRESENTATION('',(#4208),#4212);
#4208 = LINE('',#4209,#4210);
#4209 = CARTESIAN_POINT('',(0.,0.));
#4210 = VECTOR('',#4211,1.);
#4211 = DIRECTION('',(1.,0.));
#4212 = ( GEOMETRIC_REPRESENTATION_CONTEXT(2) 
PARAMETRIC_REPRESENTATION_CONTEXT() REPRESENTATION_CONTEXT('2D SPACE',''
  ) );
#4213 = PCURVE('',#4214,#4219);
#4214 = PLANE('',#4215);
#4215 = AXIS2_PLACEMENT_3D('',#4216,#4217,#4218);
#4216 = CARTESIAN_POINT('',(35.,-1.422155898023E-15,-5.5));
#4217 = DIRECTION('',(1.,1.527872730081E-16,1.793803890391E-16));
#4218 = DIRECTION('',(-1.527872730081E-16,1.,3.790621261728E-17));
#4219 = DEFINITIONAL_REPRESENTATION('',(#4220),#4224);
#4220 = LINE('',#4221,#4222);
#4221 = CARTESIAN_POINT('',(-20.,-17.5));
#4222 = VECTOR('',#4223,1.);
#4223 = DIRECTION('',(1.,0.));
#4224 = ( GEOMETRIC_REPRESENTATION_CONTEXT(2) 
PARAMETRIC_REPRESENTATION_CONTEXT() REPRESENTATION_CONTEXT('2D SPACE',''
  ) );
#4225 = ADVANCED_FACE('',(#4226),#4132,.F.);
#4226 = FACE_BOUND('',#4227,.F.);
#4227 = EDGE_LOOP('',(#4228,#4251,#4277,#4298));
#4228 = ORIENTED_EDGE('',*,*,#4229,.F.);
#4229 = EDGE_CURVE('',#4230,#4110,#4232,.T.);
#4230 = VERTEX_POINT('',#4231);
#4231 = CARTESIAN_POINT('',(35.,-20.,-20.));
#4232 = SURFACE_CURVE('',#4233,(#4237,#4244),.PCURVE_S1.);
#4233 = LINE('',#4234,#4235);
#4234 = CARTESIAN_POINT('',(35.,-20.,12.));
#4235 = VECTOR('',#4236,1.);
#4236 = DIRECTION('',(1.793803890391E-16,3.790621261728E-17,-1.));
#4237 = PCURVE('',#4132,#4238);
#4238 = DEFINITIONAL_REPRESENTATION('',(#4239),#4243);
#4239 = LINE('',#4240,#4241);
#4240 = CARTESIAN_POINT('',(0.,0.));
#4241 = VECTOR('',#4242,1.);
#4242 = DIRECTION('',(1.,0.));
#4243 = ( GEOMETRIC_REPRESENTATION_CONTEXT(2) 
PARAMETRIC_REPRESENTATION_CONTEXT() REPRESENTATION_CONTEXT('2D SPACE',''
  ) );
#4244 = PCURVE('',#4214,#4245);
#4245 = DEFINITIONAL_REPRESENTATION('',(#4246),#4250);
#4246 = LINE('',#4247,#4248);
#4247 = CARTESIAN_POINT('',(-20.,17.5));
#4248 = VECTOR('',#4249,1.);
#4249 = DIRECTION('',(0.,-1.));
#4250 = ( GEOMETRIC_REPRESENTATION_CONTEXT(2) 
PARAMETRIC_REPRESENTATION_CONTEXT() REPRESENTATION_CONTEXT('2D SPACE',''
  ) );
#4251 = ORIENTED_EDGE('',*,*,#4252,.T.);
#4252 = EDGE_CURVE('',#4230,#4253,#4255,.T.);
#4253 = VERTEX_POINT('',#4254);
#4254 = CARTESIAN_POINT('',(38.,-20.,-20.));
#4255 = SURFACE_CURVE('',#4256,(#4260,#4266),.PCURVE_S1.);
#4256 = LINE('',#4257,#4258);
#4257 = CARTESIAN_POINT('',(35.,-20.,-20.));
#4258 = VECTOR('',#4259,1.);
#4259 = DIRECTION('',(1.,1.527872730081E-16,1.793803890391E-16));
#4260 = PCURVE('',#4132,#4261);
#4261 = DEFINITIONAL_REPRESENTATION('',(#4262),#4265);
#4262 = B_SPLINE_CURVE_WITH_KNOTS('',1,(#4263,#4264),.UNSPECIFIED.,.F.,
  .F.,(2,2),(0.,3.),.PIECEWISE_BEZIER_KNOTS.);
#4263 = CARTESIAN_POINT('',(32.,0.));
#4264 = CARTESIAN_POINT('',(32.,-3.));
#4265 = ( GEOMETRIC_REPRESENTATION_CONTEXT(2) 
PARAMETRIC_REPRESENTATION_CONTEXT() REPRESENTATION_CONTEXT('2D SPACE',''
  ) );
#4266 = PCURVE('',#4267,#4272);
#4267 = PLANE('',#4268);
#4268 = AXIS2_PLACEMENT_3D('',#4269,#4270,#4271);
#4269 = CARTESIAN_POINT('',(35.,-23.,-20.));
#4270 = DIRECTION('',(-1.793803890391E-16,-3.790621261728E-17,1.));
#4271 = DIRECTION('',(-1.527872730081E-16,1.,3.790621261728E-17));
#4272 = DEFINITIONAL_REPRESENTATION('',(#4273),#4276);
#4273 = B_SPLINE_CURVE_WITH_KNOTS('',1,(#4274,#4275),.UNSPECIFIED.,.F.,
  .F.,(2,2),(0.,3.),.PIECEWISE_BEZIER_KNOTS.);
#4274 = CARTESIAN_POINT('',(3.,0.));
#4275 = CARTESIAN_POINT('',(3.,-3.));
#4276 = ( GEOMETRIC_REPRESENTATION_CONTEXT(2) 
PARAMETRIC_REPRESENTATION_CONTEXT() REPRESENTATION_CONTEXT('2D SPACE',''
  ) );
#4277 = ORIENTED_EDGE('',*,*,#4278,.T.);
#4278 = EDGE_CURVE('',#4253,#4112,#4279,.T.);
#4279 = SURFACE_CURVE('',#4280,(#4284,#4291),.PCURVE_S1.);
#4280 = LINE('',#4281,#4282);
#4281 = CARTESIAN_POINT('',(38.,-20.,12.));
#4282 = VECTOR('',#4283,1.);
#4283 = DIRECTION('',(1.793803890391E-16,3.790621261728E-17,-1.));
#4284 = PCURVE('',#4132,#4285);
#4285 = DEFINITIONAL_REPRESENTATION('',(#4286),#4290);
#4286 = LINE('',#4287,#4288);
#4287 = CARTESIAN_POINT('',(0.,-3.));
#4288 = VECTOR('',#4289,1.);
#4289 = DIRECTION('',(1.,0.));
#4290 = ( GEOMETRIC_REPRESENTATION_CONTEXT(2) 
PARAMETRIC_REPRESENTATION_CONTEXT() REPRESENTATION_CONTEXT('2D SPACE',''
  ) );
#4291 = PCURVE('',#4160,#4292);
#4292 = DEFINITIONAL_REPRESENTATION('',(#4293),#4297);
#4293 = LINE('',#4294,#4295);
#4294 = CARTESIAN_POINT('',(-20.,17.5));
#4295 = VECTOR('',#4296,1.);
#4296 = DIRECTION('',(0.,-1.));
#4297 = ( GEOMETRIC_REPRESENTATION_CONTEXT(2) 
PARAMETRIC_REPRESENTATION_CONTEXT() REPRESENTATION_CONTEXT('2D SPACE',''
  ) );
#4298 = ORIENTED_EDGE('',*,*,#4109,.F.);
#4299 = ADVANCED_FACE('',(#4300),#4188,.F.);
#4300 = FACE_BOUND('',#4301,.F.);
#4301 = EDGE_LOOP('',(#4302,#4325,#4326,#4349));
#4302 = ORIENTED_EDGE('',*,*,#4303,.F.);
#4303 = EDGE_CURVE('',#4173,#4304,#4306,.T.);
#4304 = VERTEX_POINT('',#4305);
#4305 = CARTESIAN_POINT('',(35.,20.,-20.));
#4306 = SURFACE_CURVE('',#4307,(#4311,#4318),.PCURVE_S1.);
#4307 = LINE('',#4308,#4309);
#4308 = CARTESIAN_POINT('',(35.,20.,-23.));
#4309 = VECTOR('',#4310,1.);
#4310 = DIRECTION('',(-1.793803890391E-16,-3.790621261728E-17,1.));
#4311 = PCURVE('',#4188,#4312);
#4312 = DEFINITIONAL_REPRESENTATION('',(#4313),#4317);
#4313 = LINE('',#4314,#4315);
#4314 = CARTESIAN_POINT('',(0.,0.));
#4315 = VECTOR('',#4316,1.);
#4316 = DIRECTION('',(1.,0.));
#4317 = ( GEOMETRIC_REPRESENTATION_CONTEXT(2) 
PARAMETRIC_REPRESENTATION_CONTEXT() REPRESENTATION_CONTEXT('2D SPACE',''
  ) );
#4318 = PCURVE('',#4214,#4319);
#4319 = DEFINITIONAL_REPRESENTATION('',(#4320),#4324);
#4320 = LINE('',#4321,#4322);
#4321 = CARTESIAN_POINT('',(20.,-17.5));
#4322 = VECTOR('',#4323,1.);
#4323 = DIRECTION('',(0.,1.));
#4324 = ( GEOMETRIC_REPRESENTATION_CONTEXT(2) 
PARAMETRIC_REPRESENTATION_CONTEXT() REPRESENTATION_CONTEXT('2D SPACE',''
  ) );
#4325 = ORIENTED_EDGE('',*,*,#4172,.T.);
#4326 = ORIENTED_EDGE('',*,*,#4327,.T.);
#4327 = EDGE_CURVE('',#4145,#4328,#4330,.T.);
#4328 = VERTEX_POINT('',#4329);
#4329 = CARTESIAN_POINT('',(38.,20.,-20.));
#4330 = SURFACE_CURVE('',#4331,(#4335,#4342),.PCURVE_S1.);
#4331 = LINE('',#4332,#4333);
#4332 = CARTESIAN_POINT('',(38.,20.,-23.));
#4333 = VECTOR('',#4334,1.);
#4334 = DIRECTION('',(-1.793803890391E-16,-3.790621261728E-17,1.));
#4335 = PCURVE('',#4188,#4336);
#4336 = DEFINITIONAL_REPRESENTATION('',(#4337),#4341);
#4337 = LINE('',#4338,#4339);
#4338 = CARTESIAN_POINT('',(0.,-3.));
#4339 = VECTOR('',#4340,1.);
#4340 = DIRECTION('',(1.,0.));
#4341 = ( GEOMETRIC_REPRESENTATION_CONTEXT(2) 
PARAMETRIC_REPRESENTATION_CONTEXT() REPRESENTATION_CONTEXT('2D SPACE',''
  ) );
#4342 = PCURVE('',#4160,#4343);
#4343 = DEFINITIONAL_REPRESENTATION('',(#4344),#4348);
#4344 = LINE('',#4345,#4346);
#4345 = CARTESIAN_POINT('',(20.,-17.5));
#4346 = VECTOR('',#4347,1.);
#4347 = DIRECTION('',(0.,1.));
#4348 = ( GEOMETRIC_REPRESENTATION_CONTEXT(2) 
PARAMETRIC_REPRESENTATION_CONTEXT() REPRESENTATION_CONTEXT('2D SPACE',''
  ) );
#4349 = ORIENTED_EDGE('',*,*,#4350,.T.);
#4350 = EDGE_CURVE('',#4328,#4304,#4351,.T.);
#4351 = SURFACE_CURVE('',#4352,(#4356,#4362),.PCURVE_S1.);
#4352 = LINE('',#4353,#4354);
#4353 = CARTESIAN_POINT('',(35.,20.,-20.));
#4354 = VECTOR('',#4355,1.);
#4355 = DIRECTION('',(-1.,-1.527872730081E-16,-1.793803890391E-16));
#4356 = PCURVE('',#4188,#4357);
#4357 = DEFINITIONAL_REPRESENTATION('',(#4358),#4361);
#4358 = B_SPLINE_CURVE_WITH_KNOTS('',1,(#4359,#4360),.UNSPECIFIED.,.F.,
  .F.,(2,2),(-3.,0.),.PIECEWISE_BEZIER_KNOTS.);
#4359 = CARTESIAN_POINT('',(3.,-3.));
#4360 = CARTESIAN_POINT('',(3.,0.));
#4361 = ( GEOMETRIC_REPRESENTATION_CONTEXT(2) 
PARAMETRIC_REPRESENTATION_CONTEXT() REPRESENTATION_CONTEXT('2D SPACE',''
  ) );
#4362 = PCURVE('',#4363,#4368);
#4363 = PLANE('',#4364);
#4364 = AXIS2_PLACEMENT_3D('',#4365,#4366,#4367);
#4365 = CARTESIAN_POINT('',(35.,19.99,-20.));
#4366 = DIRECTION('',(-1.793803890391E-16,-3.790621261728E-17,1.));
#4367 = DIRECTION('',(-1.527872730081E-16,1.,3.790621261728E-17));
#4368 = DEFINITIONAL_REPRESENTATION('',(#4369),#4372);
#4369 = B_SPLINE_CURVE_WITH_KNOTS('',1,(#4370,#4371),.UNSPECIFIED.,.F.,
  .F.,(2,2),(-3.,0.),.PIECEWISE_BEZIER_KNOTS.);
#4370 = CARTESIAN_POINT('',(1.E-02,-3.));
#4371 = CARTESIAN_POINT('',(1.E-02,0.));
#4372 = ( GEOMETRIC_REPRESENTATION_CONTEXT(2) 
PARAMETRIC_REPRESENTATION_CONTEXT() REPRESENTATION_CONTEXT('2D SPACE',''
  ) );
#4373 = ADVANCED_FACE('',(#4374,#5471,#5506,#5612),#4214,.F.);
#4374 = FACE_BOUND('',#4375,.F.);
#4375 = EDGE_LOOP('',(#4376,#4404,#4432,#4460,#4488,#4516,#4544,#4572,
    #4600,#4628,#4656,#4684,#4712,#4738,#4764,#4790,#4816,#4842,#4868,
    #4894,#4920,#4946,#4972,#4998,#5026,#5054,#5082,#5103,#5104,#5105,
    #5106,#5129,#5157,#5185,#5213,#5239,#5265,#5291,#5317,#5343,#5369,
    #5395,#5421,#5447));
#4376 = ORIENTED_EDGE('',*,*,#4377,.F.);
#4377 = EDGE_CURVE('',#4378,#4380,#4382,.T.);
#4378 = VERTEX_POINT('',#4379);
#4379 = CARTESIAN_POINT('',(35.,20.,-3.35));
#4380 = VERTEX_POINT('',#4381);
#4381 = CARTESIAN_POINT('',(35.,15.5,-3.35));
#4382 = SURFACE_CURVE('',#4383,(#4387,#4393),.PCURVE_S1.);
#4383 = LINE('',#4384,#4385);
#4384 = CARTESIAN_POINT('',(35.,5.,-3.35));
#4385 = VECTOR('',#4386,1.);
#4386 = DIRECTION('',(1.527872730081E-16,-1.,-3.790621261728E-17));
#4387 = PCURVE('',#4214,#4388);
#4388 = DEFINITIONAL_REPRESENTATION('',(#4389),#4392);
#4389 = B_SPLINE_CURVE_WITH_KNOTS('',1,(#4390,#4391),.UNSPECIFIED.,.F.,
  .F.,(2,2),(-15.,-5.),.PIECEWISE_BEZIER_KNOTS.);
#4390 = CARTESIAN_POINT('',(20.,2.15));
#4391 = CARTESIAN_POINT('',(10.,2.15));
#4392 = ( GEOMETRIC_REPRESENTATION_CONTEXT(2) 
PARAMETRIC_REPRESENTATION_CONTEXT() REPRESENTATION_CONTEXT('2D SPACE',''
  ) );
#4393 = PCURVE('',#4394,#4399);
#4394 = PLANE('',#4395);
#4395 = AXIS2_PLACEMENT_3D('',#4396,#4397,#4398);
#4396 = CARTESIAN_POINT('',(-15.,10.,-3.35));
#4397 = DIRECTION('',(-1.793803890391E-16,-3.790621261728E-17,1.));
#4398 = DIRECTION('',(-1.527872730081E-16,1.,3.790621261728E-17));
#4399 = DEFINITIONAL_REPRESENTATION('',(#4400),#4403);
#4400 = B_SPLINE_CURVE_WITH_KNOTS('',1,(#4401,#4402),.UNSPECIFIED.,.F.,
  .F.,(2,2),(-15.,-5.),.PIECEWISE_BEZIER_KNOTS.);
#4401 = CARTESIAN_POINT('',(10.,-50.));
#4402 = CARTESIAN_POINT('',(0.,-50.));
#4403 = ( GEOMETRIC_REPRESENTATION_CONTEXT(2) 
PARAMETRIC_REPRESENTATION_CONTEXT() REPRESENTATION_CONTEXT('2D SPACE',''
  ) );
#4404 = ORIENTED_EDGE('',*,*,#4405,.T.);
#4405 = EDGE_CURVE('',#4378,#4406,#4408,.T.);
#4406 = VERTEX_POINT('',#4407);
#4407 = CARTESIAN_POINT('',(35.,20.,2.));
#4408 = SURFACE_CURVE('',#4409,(#4413,#4420),.PCURVE_S1.);
#4409 = LINE('',#4410,#4411);
#4410 = CARTESIAN_POINT('',(35.,20.,-23.));
#4411 = VECTOR('',#4412,1.);
#4412 = DIRECTION('',(-1.793803890391E-16,-3.790621261728E-17,1.));
#4413 = PCURVE('',#4214,#4414);
#4414 = DEFINITIONAL_REPRESENTATION('',(#4415),#4419);
#4415 = LINE('',#4416,#4417);
#4416 = CARTESIAN_POINT('',(20.,-17.5));
#4417 = VECTOR('',#4418,1.);
#4418 = DIRECTION('',(0.,1.));
#4419 = ( GEOMETRIC_REPRESENTATION_CONTEXT(2) 
PARAMETRIC_REPRESENTATION_CONTEXT() REPRESENTATION_CONTEXT('2D SPACE',''
  ) );
#4420 = PCURVE('',#4421,#4426);
#4421 = PLANE('',#4422);
#4422 = AXIS2_PLACEMENT_3D('',#4423,#4424,#4425);
#4423 = CARTESIAN_POINT('',(35.,20.,-23.));
#4424 = DIRECTION('',(1.527872730081E-16,-1.,-3.790621261728E-17));
#4425 = DIRECTION('',(-1.793803890391E-16,-3.790621261728E-17,1.));
#4426 = DEFINITIONAL_REPRESENTATION('',(#4427),#4431);
#4427 = LINE('',#4428,#4429);
#4428 = CARTESIAN_POINT('',(0.,0.));
#4429 = VECTOR('',#4430,1.);
#4430 = DIRECTION('',(1.,0.));
#4431 = ( GEOMETRIC_REPRESENTATION_CONTEXT(2) 
PARAMETRIC_REPRESENTATION_CONTEXT() REPRESENTATION_CONTEXT('2D SPACE',''
  ) );
#4432 = ORIENTED_EDGE('',*,*,#4433,.T.);
#4433 = EDGE_CURVE('',#4406,#4434,#4436,.T.);
#4434 = VERTEX_POINT('',#4435);
#4435 = CARTESIAN_POINT('',(35.,23.,2.));
#4436 = SURFACE_CURVE('',#4437,(#4441,#4448),.PCURVE_S1.);
#4437 = LINE('',#4438,#4439);
#4438 = CARTESIAN_POINT('',(35.,19.99,2.));
#4439 = VECTOR('',#4440,1.);
#4440 = DIRECTION('',(-1.527872730081E-16,1.,3.790621261728E-17));
#4441 = PCURVE('',#4214,#4442);
#4442 = DEFINITIONAL_REPRESENTATION('',(#4443),#4447);
#4443 = LINE('',#4444,#4445);
#4444 = CARTESIAN_POINT('',(19.99,7.5));
#4445 = VECTOR('',#4446,1.);
#4446 = DIRECTION('',(1.,0.));
#4447 = ( GEOMETRIC_REPRESENTATION_CONTEXT(2) 
PARAMETRIC_REPRESENTATION_CONTEXT() REPRESENTATION_CONTEXT('2D SPACE',''
  ) );
#4448 = PCURVE('',#4449,#4454);
#4449 = PLANE('',#4450);
#4450 = AXIS2_PLACEMENT_3D('',#4451,#4452,#4453);
#4451 = CARTESIAN_POINT('',(35.,19.99,2.));
#4452 = DIRECTION('',(-1.793803890391E-16,-3.790621261728E-17,1.));
#4453 = DIRECTION('',(-1.527872730081E-16,1.,3.790621261728E-17));
#4454 = DEFINITIONAL_REPRESENTATION('',(#4455),#4459);
#4455 = LINE('',#4456,#4457);
#4456 = CARTESIAN_POINT('',(0.,0.));
#4457 = VECTOR('',#4458,1.);
#4458 = DIRECTION('',(1.,0.));
#4459 = ( GEOMETRIC_REPRESENTATION_CONTEXT(2) 
PARAMETRIC_REPRESENTATION_CONTEXT() REPRESENTATION_CONTEXT('2D SPACE',''
  ) );
#4460 = ORIENTED_EDGE('',*,*,#4461,.T.);
#4461 = EDGE_CURVE('',#4434,#4462,#4464,.T.);
#4462 = VERTEX_POINT('',#4463);
#4463 = CARTESIAN_POINT('',(35.,23.,10.));
#4464 = SURFACE_CURVE('',#4465,(#4469,#4476),.PCURVE_S1.);
#4465 = LINE('',#4466,#4467);
#4466 = CARTESIAN_POINT('',(35.,23.,2.));
#4467 = VECTOR('',#4468,1.);
#4468 = DIRECTION('',(-1.793803890391E-16,-3.790621261728E-17,1.));
#4469 = PCURVE('',#4214,#4470);
#4470 = DEFINITIONAL_REPRESENTATION('',(#4471),#4475);
#4471 = LINE('',#4472,#4473);
#4472 = CARTESIAN_POINT('',(23.,7.5));
#4473 = VECTOR('',#4474,1.);
#4474 = DIRECTION('',(0.,1.));
#4475 = ( GEOMETRIC_REPRESENTATION_CONTEXT(2) 
PARAMETRIC_REPRESENTATION_CONTEXT() REPRESENTATION_CONTEXT('2D SPACE',''
  ) );
#4476 = PCURVE('',#4477,#4482);
#4477 = PLANE('',#4478);
#4478 = AXIS2_PLACEMENT_3D('',#4479,#4480,#4481);
#4479 = CARTESIAN_POINT('',(35.,23.,2.));
#4480 = DIRECTION('',(1.527872730081E-16,-1.,-3.790621261728E-17));
#4481 = DIRECTION('',(-1.793803890391E-16,-3.790621261728E-17,1.));
#4482 = DEFINITIONAL_REPRESENTATION('',(#4483),#4487);
#4483 = LINE('',#4484,#4485);
#4484 = CARTESIAN_POINT('',(0.,0.));
#4485 = VECTOR('',#4486,1.);
#4486 = DIRECTION('',(1.,0.));
#4487 = ( GEOMETRIC_REPRESENTATION_CONTEXT(2) 
PARAMETRIC_REPRESENTATION_CONTEXT() REPRESENTATION_CONTEXT('2D SPACE',''
  ) );
#4488 = ORIENTED_EDGE('',*,*,#4489,.T.);
#4489 = EDGE_CURVE('',#4462,#4490,#4492,.T.);
#4490 = VERTEX_POINT('',#4491);
#4491 = CARTESIAN_POINT('',(35.,20.,10.));
#4492 = SURFACE_CURVE('',#4493,(#4497,#4504),.PCURVE_S1.);
#4493 = LINE('',#4494,#4495);
#4494 = CARTESIAN_POINT('',(35.,23.,10.));
#4495 = VECTOR('',#4496,1.);
#4496 = DIRECTION('',(1.527872730081E-16,-1.,-3.790621261728E-17));
#4497 = PCURVE('',#4214,#4498);
#4498 = DEFINITIONAL_REPRESENTATION('',(#4499),#4503);
#4499 = LINE('',#4500,#4501);
#4500 = CARTESIAN_POINT('',(23.,15.5));
#4501 = VECTOR('',#4502,1.);
#4502 = DIRECTION('',(-1.,0.));
#4503 = ( GEOMETRIC_REPRESENTATION_CONTEXT(2) 
PARAMETRIC_REPRESENTATION_CONTEXT() REPRESENTATION_CONTEXT('2D SPACE',''
  ) );
#4504 = PCURVE('',#4505,#4510);
#4505 = PLANE('',#4506);
#4506 = AXIS2_PLACEMENT_3D('',#4507,#4508,#4509);
#4507 = CARTESIAN_POINT('',(35.,23.,10.));
#4508 = DIRECTION('',(1.793803890391E-16,3.790621261728E-17,-1.));
#4509 = DIRECTION('',(1.527872730081E-16,-1.,-3.790621261728E-17));
#4510 = DEFINITIONAL_REPRESENTATION('',(#4511),#4515);
#4511 = LINE('',#4512,#4513);
#4512 = CARTESIAN_POINT('',(0.,-0.));
#4513 = VECTOR('',#4514,1.);
#4514 = DIRECTION('',(1.,0.));
#4515 = ( GEOMETRIC_REPRESENTATION_CONTEXT(2) 
PARAMETRIC_REPRESENTATION_CONTEXT() REPRESENTATION_CONTEXT('2D SPACE',''
  ) );
#4516 = ORIENTED_EDGE('',*,*,#4517,.T.);
#4517 = EDGE_CURVE('',#4490,#4518,#4520,.T.);
#4518 = VERTEX_POINT('',#4519);
#4519 = CARTESIAN_POINT('',(35.,20.,12.));
#4520 = SURFACE_CURVE('',#4521,(#4525,#4532),.PCURVE_S1.);
#4521 = LINE('',#4522,#4523);
#4522 = CARTESIAN_POINT('',(35.,20.,-23.));
#4523 = VECTOR('',#4524,1.);
#4524 = DIRECTION('',(-1.793803890391E-16,-3.790621261728E-17,1.));
#4525 = PCURVE('',#4214,#4526);
#4526 = DEFINITIONAL_REPRESENTATION('',(#4527),#4531);
#4527 = LINE('',#4528,#4529);
#4528 = CARTESIAN_POINT('',(20.,-17.5));
#4529 = VECTOR('',#4530,1.);
#4530 = DIRECTION('',(0.,1.));
#4531 = ( GEOMETRIC_REPRESENTATION_CONTEXT(2) 
PARAMETRIC_REPRESENTATION_CONTEXT() REPRESENTATION_CONTEXT('2D SPACE',''
  ) );
#4532 = PCURVE('',#4533,#4538);
#4533 = PLANE('',#4534);
#4534 = AXIS2_PLACEMENT_3D('',#4535,#4536,#4537);
#4535 = CARTESIAN_POINT('',(35.,20.,-23.));
#4536 = DIRECTION('',(1.527872730081E-16,-1.,-3.790621261728E-17));
#4537 = DIRECTION('',(-1.793803890391E-16,-3.790621261728E-17,1.));
#4538 = DEFINITIONAL_REPRESENTATION('',(#4539),#4543);
#4539 = LINE('',#4540,#4541);
#4540 = CARTESIAN_POINT('',(0.,0.));
#4541 = VECTOR('',#4542,1.);
#4542 = DIRECTION('',(1.,0.));
#4543 = ( GEOMETRIC_REPRESENTATION_CONTEXT(2) 
PARAMETRIC_REPRESENTATION_CONTEXT() REPRESENTATION_CONTEXT('2D SPACE',''
  ) );
#4544 = ORIENTED_EDGE('',*,*,#4545,.T.);
#4545 = EDGE_CURVE('',#4518,#4546,#4548,.T.);
#4546 = VERTEX_POINT('',#4547);
#4547 = CARTESIAN_POINT('',(35.,-20.,12.));
#4548 = SURFACE_CURVE('',#4549,(#4553,#4560),.PCURVE_S1.);
#4549 = LINE('',#4550,#4551);
#4550 = CARTESIAN_POINT('',(35.,20.,12.));
#4551 = VECTOR('',#4552,1.);
#4552 = DIRECTION('',(1.527872730081E-16,-1.,-3.790621261728E-17));
#4553 = PCURVE('',#4214,#4554);
#4554 = DEFINITIONAL_REPRESENTATION('',(#4555),#4559);
#4555 = LINE('',#4556,#4557);
#4556 = CARTESIAN_POINT('',(20.,17.5));
#4557 = VECTOR('',#4558,1.);
#4558 = DIRECTION('',(-1.,0.));
#4559 = ( GEOMETRIC_REPRESENTATION_CONTEXT(2) 
PARAMETRIC_REPRESENTATION_CONTEXT() REPRESENTATION_CONTEXT('2D SPACE',''
  ) );
#4560 = PCURVE('',#4561,#4566);
#4561 = PLANE('',#4562);
#4562 = AXIS2_PLACEMENT_3D('',#4563,#4564,#4565);
#4563 = CARTESIAN_POINT('',(35.,20.,12.));
#4564 = DIRECTION('',(1.793803890391E-16,3.790621261728E-17,-1.));
#4565 = DIRECTION('',(1.527872730081E-16,-1.,-3.790621261728E-17));
#4566 = DEFINITIONAL_REPRESENTATION('',(#4567),#4571);
#4567 = LINE('',#4568,#4569);
#4568 = CARTESIAN_POINT('',(0.,-0.));
#4569 = VECTOR('',#4570,1.);
#4570 = DIRECTION('',(1.,0.));
#4571 = ( GEOMETRIC_REPRESENTATION_CONTEXT(2) 
PARAMETRIC_REPRESENTATION_CONTEXT() REPRESENTATION_CONTEXT('2D SPACE',''
  ) );
#4572 = ORIENTED_EDGE('',*,*,#4573,.T.);
#4573 = EDGE_CURVE('',#4546,#4574,#4576,.T.);
#4574 = VERTEX_POINT('',#4575);
#4575 = CARTESIAN_POINT('',(35.,-20.,10.));
#4576 = SURFACE_CURVE('',#4577,(#4581,#4588),.PCURVE_S1.);
#4577 = LINE('',#4578,#4579);
#4578 = CARTESIAN_POINT('',(35.,-20.,12.));
#4579 = VECTOR('',#4580,1.);
#4580 = DIRECTION('',(1.793803890391E-16,3.790621261728E-17,-1.));
#4581 = PCURVE('',#4214,#4582);
#4582 = DEFINITIONAL_REPRESENTATION('',(#4583),#4587);
#4583 = LINE('',#4584,#4585);
#4584 = CARTESIAN_POINT('',(-20.,17.5));
#4585 = VECTOR('',#4586,1.);
#4586 = DIRECTION('',(0.,-1.));
#4587 = ( GEOMETRIC_REPRESENTATION_CONTEXT(2) 
PARAMETRIC_REPRESENTATION_CONTEXT() REPRESENTATION_CONTEXT('2D SPACE',''
  ) );
#4588 = PCURVE('',#4589,#4594);
#4589 = PLANE('',#4590);
#4590 = AXIS2_PLACEMENT_3D('',#4591,#4592,#4593);
#4591 = CARTESIAN_POINT('',(35.,-20.,12.));
#4592 = DIRECTION('',(-1.527872730081E-16,1.,3.790621261728E-17));
#4593 = DIRECTION('',(1.793803890391E-16,3.790621261728E-17,-1.));
#4594 = DEFINITIONAL_REPRESENTATION('',(#4595),#4599);
#4595 = LINE('',#4596,#4597);
#4596 = CARTESIAN_POINT('',(0.,0.));
#4597 = VECTOR('',#4598,1.);
#4598 = DIRECTION('',(1.,0.));
#4599 = ( GEOMETRIC_REPRESENTATION_CONTEXT(2) 
PARAMETRIC_REPRESENTATION_CONTEXT() REPRESENTATION_CONTEXT('2D SPACE',''
  ) );
#4600 = ORIENTED_EDGE('',*,*,#4601,.T.);
#4601 = EDGE_CURVE('',#4574,#4602,#4604,.T.);
#4602 = VERTEX_POINT('',#4603);
#4603 = CARTESIAN_POINT('',(35.,-23.,10.));
#4604 = SURFACE_CURVE('',#4605,(#4609,#4616),.PCURVE_S1.);
#4605 = LINE('',#4606,#4607);
#4606 = CARTESIAN_POINT('',(35.,-19.99,10.));
#4607 = VECTOR('',#4608,1.);
#4608 = DIRECTION('',(1.527872730081E-16,-1.,-3.790621261728E-17));
#4609 = PCURVE('',#4214,#4610);
#4610 = DEFINITIONAL_REPRESENTATION('',(#4611),#4615);
#4611 = LINE('',#4612,#4613);
#4612 = CARTESIAN_POINT('',(-19.99,15.5));
#4613 = VECTOR('',#4614,1.);
#4614 = DIRECTION('',(-1.,0.));
#4615 = ( GEOMETRIC_REPRESENTATION_CONTEXT(2) 
PARAMETRIC_REPRESENTATION_CONTEXT() REPRESENTATION_CONTEXT('2D SPACE',''
  ) );
#4616 = PCURVE('',#4617,#4622);
#4617 = PLANE('',#4618);
#4618 = AXIS2_PLACEMENT_3D('',#4619,#4620,#4621);
#4619 = CARTESIAN_POINT('',(35.,-19.99,10.));
#4620 = DIRECTION('',(1.793803890391E-16,3.790621261728E-17,-1.));
#4621 = DIRECTION('',(1.527872730081E-16,-1.,-3.790621261728E-17));
#4622 = DEFINITIONAL_REPRESENTATION('',(#4623),#4627);
#4623 = LINE('',#4624,#4625);
#4624 = CARTESIAN_POINT('',(0.,-0.));
#4625 = VECTOR('',#4626,1.);
#4626 = DIRECTION('',(1.,0.));
#4627 = ( GEOMETRIC_REPRESENTATION_CONTEXT(2) 
PARAMETRIC_REPRESENTATION_CONTEXT() REPRESENTATION_CONTEXT('2D SPACE',''
  ) );
#4628 = ORIENTED_EDGE('',*,*,#4629,.T.);
#4629 = EDGE_CURVE('',#4602,#4630,#4632,.T.);
#4630 = VERTEX_POINT('',#4631);
#4631 = CARTESIAN_POINT('',(35.,-23.,2.));
#4632 = SURFACE_CURVE('',#4633,(#4637,#4644),.PCURVE_S1.);
#4633 = LINE('',#4634,#4635);
#4634 = CARTESIAN_POINT('',(35.,-23.,10.));
#4635 = VECTOR('',#4636,1.);
#4636 = DIRECTION('',(1.793803890391E-16,3.790621261728E-17,-1.));
#4637 = PCURVE('',#4214,#4638);
#4638 = DEFINITIONAL_REPRESENTATION('',(#4639),#4643);
#4639 = LINE('',#4640,#4641);
#4640 = CARTESIAN_POINT('',(-23.,15.5));
#4641 = VECTOR('',#4642,1.);
#4642 = DIRECTION('',(0.,-1.));
#4643 = ( GEOMETRIC_REPRESENTATION_CONTEXT(2) 
PARAMETRIC_REPRESENTATION_CONTEXT() REPRESENTATION_CONTEXT('2D SPACE',''
  ) );
#4644 = PCURVE('',#4645,#4650);
#4645 = PLANE('',#4646);
#4646 = AXIS2_PLACEMENT_3D('',#4647,#4648,#4649);
#4647 = CARTESIAN_POINT('',(35.,-23.,10.));
#4648 = DIRECTION('',(-1.527872730081E-16,1.,3.790621261728E-17));
#4649 = DIRECTION('',(1.793803890391E-16,3.790621261728E-17,-1.));
#4650 = DEFINITIONAL_REPRESENTATION('',(#4651),#4655);
#4651 = LINE('',#4652,#4653);
#4652 = CARTESIAN_POINT('',(0.,0.));
#4653 = VECTOR('',#4654,1.);
#4654 = DIRECTION('',(1.,0.));
#4655 = ( GEOMETRIC_REPRESENTATION_CONTEXT(2) 
PARAMETRIC_REPRESENTATION_CONTEXT() REPRESENTATION_CONTEXT('2D SPACE',''
  ) );
#4656 = ORIENTED_EDGE('',*,*,#4657,.T.);
#4657 = EDGE_CURVE('',#4630,#4658,#4660,.T.);
#4658 = VERTEX_POINT('',#4659);
#4659 = CARTESIAN_POINT('',(35.,-20.,2.));
#4660 = SURFACE_CURVE('',#4661,(#4665,#4672),.PCURVE_S1.);
#4661 = LINE('',#4662,#4663);
#4662 = CARTESIAN_POINT('',(35.,-23.,2.));
#4663 = VECTOR('',#4664,1.);
#4664 = DIRECTION('',(-1.527872730081E-16,1.,3.790621261728E-17));
#4665 = PCURVE('',#4214,#4666);
#4666 = DEFINITIONAL_REPRESENTATION('',(#4667),#4671);
#4667 = LINE('',#4668,#4669);
#4668 = CARTESIAN_POINT('',(-23.,7.5));
#4669 = VECTOR('',#4670,1.);
#4670 = DIRECTION('',(1.,0.));
#4671 = ( GEOMETRIC_REPRESENTATION_CONTEXT(2) 
PARAMETRIC_REPRESENTATION_CONTEXT() REPRESENTATION_CONTEXT('2D SPACE',''
  ) );
#4672 = PCURVE('',#4673,#4678);
#4673 = PLANE('',#4674);
#4674 = AXIS2_PLACEMENT_3D('',#4675,#4676,#4677);
#4675 = CARTESIAN_POINT('',(35.,-23.,2.));
#4676 = DIRECTION('',(-1.793803890391E-16,-3.790621261728E-17,1.));
#4677 = DIRECTION('',(-1.527872730081E-16,1.,3.790621261728E-17));
#4678 = DEFINITIONAL_REPRESENTATION('',(#4679),#4683);
#4679 = LINE('',#4680,#4681);
#4680 = CARTESIAN_POINT('',(0.,0.));
#4681 = VECTOR('',#4682,1.);
#4682 = DIRECTION('',(1.,0.));
#4683 = ( GEOMETRIC_REPRESENTATION_CONTEXT(2) 
PARAMETRIC_REPRESENTATION_CONTEXT() REPRESENTATION_CONTEXT('2D SPACE',''
  ) );
#4684 = ORIENTED_EDGE('',*,*,#4685,.T.);
#4685 = EDGE_CURVE('',#4658,#4686,#4688,.T.);
#4686 = VERTEX_POINT('',#4687);
#4687 = CARTESIAN_POINT('',(35.,-20.,-3.35));
#4688 = SURFACE_CURVE('',#4689,(#4693,#4700),.PCURVE_S1.);
#4689 = LINE('',#4690,#4691);
#4690 = CARTESIAN_POINT('',(35.,-20.,12.));
#4691 = VECTOR('',#4692,1.);
#4692 = DIRECTION('',(1.793803890391E-16,3.790621261728E-17,-1.));
#4693 = PCURVE('',#4214,#4694);
#4694 = DEFINITIONAL_REPRESENTATION('',(#4695),#4699);
#4695 = LINE('',#4696,#4697);
#4696 = CARTESIAN_POINT('',(-20.,17.5));
#4697 = VECTOR('',#4698,1.);
#4698 = DIRECTION('',(0.,-1.));
#4699 = ( GEOMETRIC_REPRESENTATION_CONTEXT(2) 
PARAMETRIC_REPRESENTATION_CONTEXT() REPRESENTATION_CONTEXT('2D SPACE',''
  ) );
#4700 = PCURVE('',#4701,#4706);
#4701 = PLANE('',#4702);
#4702 = AXIS2_PLACEMENT_3D('',#4703,#4704,#4705);
#4703 = CARTESIAN_POINT('',(35.,-20.,12.));
#4704 = DIRECTION('',(-1.527872730081E-16,1.,3.790621261728E-17));
#4705 = DIRECTION('',(1.793803890391E-16,3.790621261728E-17,-1.));
#4706 = DEFINITIONAL_REPRESENTATION('',(#4707),#4711);
#4707 = LINE('',#4708,#4709);
#4708 = CARTESIAN_POINT('',(0.,0.));
#4709 = VECTOR('',#4710,1.);
#4710 = DIRECTION('',(1.,0.));
#4711 = ( GEOMETRIC_REPRESENTATION_CONTEXT(2) 
PARAMETRIC_REPRESENTATION_CONTEXT() REPRESENTATION_CONTEXT('2D SPACE',''
  ) );
#4712 = ORIENTED_EDGE('',*,*,#4713,.F.);
#4713 = EDGE_CURVE('',#4714,#4686,#4716,.T.);
#4714 = VERTEX_POINT('',#4715);
#4715 = CARTESIAN_POINT('',(35.,-15.5,-3.35));
#4716 = SURFACE_CURVE('',#4717,(#4721,#4727),.PCURVE_S1.);
#4717 = LINE('',#4718,#4719);
#4718 = CARTESIAN_POINT('',(35.,-10.,-3.35));
#4719 = VECTOR('',#4720,1.);
#4720 = DIRECTION('',(1.527872730081E-16,-1.,-3.790621261728E-17));
#4721 = PCURVE('',#4214,#4722);
#4722 = DEFINITIONAL_REPRESENTATION('',(#4723),#4726);
#4723 = B_SPLINE_CURVE_WITH_KNOTS('',1,(#4724,#4725),.UNSPECIFIED.,.F.,
  .F.,(2,2),(0.,10.),.PIECEWISE_BEZIER_KNOTS.);
#4724 = CARTESIAN_POINT('',(-10.,2.15));
#4725 = CARTESIAN_POINT('',(-20.,2.15));
#4726 = ( GEOMETRIC_REPRESENTATION_CONTEXT(2) 
PARAMETRIC_REPRESENTATION_CONTEXT() REPRESENTATION_CONTEXT('2D SPACE',''
  ) );
#4727 = PCURVE('',#4728,#4733);
#4728 = PLANE('',#4729);
#4729 = AXIS2_PLACEMENT_3D('',#4730,#4731,#4732);
#4730 = CARTESIAN_POINT('',(-15.,-20.,-3.35));
#4731 = DIRECTION('',(-1.793803890391E-16,-3.790621261728E-17,1.));
#4732 = DIRECTION('',(-1.527872730081E-16,1.,3.790621261728E-17));
#4733 = DEFINITIONAL_REPRESENTATION('',(#4734),#4737);
#4734 = B_SPLINE_CURVE_WITH_KNOTS('',1,(#4735,#4736),.UNSPECIFIED.,.F.,
  .F.,(2,2),(0.,10.),.PIECEWISE_BEZIER_KNOTS.);
#4735 = CARTESIAN_POINT('',(10.,-50.));
#4736 = CARTESIAN_POINT('',(0.,-50.));
#4737 = ( GEOMETRIC_REPRESENTATION_CONTEXT(2) 
PARAMETRIC_REPRESENTATION_CONTEXT() REPRESENTATION_CONTEXT('2D SPACE',''
  ) );
#4738 = ORIENTED_EDGE('',*,*,#4739,.F.);
#4739 = EDGE_CURVE('',#4740,#4714,#4742,.T.);
#4740 = VERTEX_POINT('',#4741);
#4741 = CARTESIAN_POINT('',(35.,-15.5,-2.1));
#4742 = SURFACE_CURVE('',#4743,(#4747,#4753),.PCURVE_S1.);
#4743 = LINE('',#4744,#4745);
#4744 = CARTESIAN_POINT('',(35.,-15.5,-6.7));
#4745 = VECTOR('',#4746,1.);
#4746 = DIRECTION('',(1.793803890391E-16,3.790621261728E-17,-1.));
#4747 = PCURVE('',#4214,#4748);
#4748 = DEFINITIONAL_REPRESENTATION('',(#4749),#4752);
#4749 = B_SPLINE_CURVE_WITH_KNOTS('',1,(#4750,#4751),.UNSPECIFIED.,.F.,
  .F.,(2,2),(-4.6,1.2),.PIECEWISE_BEZIER_KNOTS.);
#4750 = CARTESIAN_POINT('',(-15.5,3.4));
#4751 = CARTESIAN_POINT('',(-15.5,-2.4));
#4752 = ( GEOMETRIC_REPRESENTATION_CONTEXT(2) 
PARAMETRIC_REPRESENTATION_CONTEXT() REPRESENTATION_CONTEXT('2D SPACE',''
  ) );
#4753 = PCURVE('',#4754,#4759);
#4754 = PLANE('',#4755);
#4755 = AXIS2_PLACEMENT_3D('',#4756,#4757,#4758);
#4756 = CARTESIAN_POINT('',(-15.,-15.5,-7.9));
#4757 = DIRECTION('',(1.527872730081E-16,-1.,-3.790621261728E-17));
#4758 = DIRECTION('',(-1.793803890391E-16,-3.790621261728E-17,1.));
#4759 = DEFINITIONAL_REPRESENTATION('',(#4760),#4763);
#4760 = B_SPLINE_CURVE_WITH_KNOTS('',1,(#4761,#4762),.UNSPECIFIED.,.F.,
  .F.,(2,2),(-4.6,1.2),.PIECEWISE_BEZIER_KNOTS.);
#4761 = CARTESIAN_POINT('',(5.8,-50.));
#4762 = CARTESIAN_POINT('',(0.,-50.));
#4763 = ( GEOMETRIC_REPRESENTATION_CONTEXT(2) 
PARAMETRIC_REPRESENTATION_CONTEXT() REPRESENTATION_CONTEXT('2D SPACE',''
  ) );
#4764 = ORIENTED_EDGE('',*,*,#4765,.F.);
#4765 = EDGE_CURVE('',#4766,#4740,#4768,.T.);
#4766 = VERTEX_POINT('',#4767);
#4767 = CARTESIAN_POINT('',(35.,-12.9,-2.1));
#4768 = SURFACE_CURVE('',#4769,(#4773,#4779),.PCURVE_S1.);
#4769 = LINE('',#4770,#4771);
#4770 = CARTESIAN_POINT('',(35.,-7.75,-2.1));
#4771 = VECTOR('',#4772,1.);
#4772 = DIRECTION('',(1.527872730081E-16,-1.,-3.790621261728E-17));
#4773 = PCURVE('',#4214,#4774);
#4774 = DEFINITIONAL_REPRESENTATION('',(#4775),#4778);
#4775 = B_SPLINE_CURVE_WITH_KNOTS('',1,(#4776,#4777),.UNSPECIFIED.,.F.,
  .F.,(2,2),(5.15,7.75),.PIECEWISE_BEZIER_KNOTS.);
#4776 = CARTESIAN_POINT('',(-12.9,3.4));
#4777 = CARTESIAN_POINT('',(-15.5,3.4));
#4778 = ( GEOMETRIC_REPRESENTATION_CONTEXT(2) 
PARAMETRIC_REPRESENTATION_CONTEXT() REPRESENTATION_CONTEXT('2D SPACE',''
  ) );
#4779 = PCURVE('',#4780,#4785);
#4780 = PLANE('',#4781);
#4781 = AXIS2_PLACEMENT_3D('',#4782,#4783,#4784);
#4782 = CARTESIAN_POINT('',(-15.,-15.5,-2.1));
#4783 = DIRECTION('',(-1.793803890391E-16,-3.790621261728E-17,1.));
#4784 = DIRECTION('',(-1.527872730081E-16,1.,3.790621261728E-17));
#4785 = DEFINITIONAL_REPRESENTATION('',(#4786),#4789);
#4786 = B_SPLINE_CURVE_WITH_KNOTS('',1,(#4787,#4788),.UNSPECIFIED.,.F.,
  .F.,(2,2),(5.15,7.75),.PIECEWISE_BEZIER_KNOTS.);
#4787 = CARTESIAN_POINT('',(2.6,-50.));
#4788 = CARTESIAN_POINT('',(0.,-50.));
#4789 = ( GEOMETRIC_REPRESENTATION_CONTEXT(2) 
PARAMETRIC_REPRESENTATION_CONTEXT() REPRESENTATION_CONTEXT('2D SPACE',''
  ) );
#4790 = ORIENTED_EDGE('',*,*,#4791,.F.);
#4791 = EDGE_CURVE('',#4792,#4766,#4794,.T.);
#4792 = VERTEX_POINT('',#4793);
#4793 = CARTESIAN_POINT('',(35.,-12.9,-3.35));
#4794 = SURFACE_CURVE('',#4795,(#4799,#4805),.PCURVE_S1.);
#4795 = LINE('',#4796,#4797);
#4796 = CARTESIAN_POINT('',(35.,-12.9,-3.8));
#4797 = VECTOR('',#4798,1.);
#4798 = DIRECTION('',(-1.793803890391E-16,-3.790621261728E-17,1.));
#4799 = PCURVE('',#4214,#4800);
#4800 = DEFINITIONAL_REPRESENTATION('',(#4801),#4804);
#4801 = B_SPLINE_CURVE_WITH_KNOTS('',1,(#4802,#4803),.UNSPECIFIED.,.F.,
  .F.,(2,2),(-4.1,1.7),.PIECEWISE_BEZIER_KNOTS.);
#4802 = CARTESIAN_POINT('',(-12.9,-2.4));
#4803 = CARTESIAN_POINT('',(-12.9,3.4));
#4804 = ( GEOMETRIC_REPRESENTATION_CONTEXT(2) 
PARAMETRIC_REPRESENTATION_CONTEXT() REPRESENTATION_CONTEXT('2D SPACE',''
  ) );
#4805 = PCURVE('',#4806,#4811);
#4806 = PLANE('',#4807);
#4807 = AXIS2_PLACEMENT_3D('',#4808,#4809,#4810);
#4808 = CARTESIAN_POINT('',(-15.,-12.9,-2.1));
#4809 = DIRECTION('',(-1.527872730081E-16,1.,3.790621261728E-17));
#4810 = DIRECTION('',(1.793803890391E-16,3.790621261728E-17,-1.));
#4811 = DEFINITIONAL_REPRESENTATION('',(#4812),#4815);
#4812 = B_SPLINE_CURVE_WITH_KNOTS('',1,(#4813,#4814),.UNSPECIFIED.,.F.,
  .F.,(2,2),(-4.1,1.7),.PIECEWISE_BEZIER_KNOTS.);
#4813 = CARTESIAN_POINT('',(5.8,-50.));
#4814 = CARTESIAN_POINT('',(0.,-50.));
#4815 = ( GEOMETRIC_REPRESENTATION_CONTEXT(2) 
PARAMETRIC_REPRESENTATION_CONTEXT() REPRESENTATION_CONTEXT('2D SPACE',''
  ) );
#4816 = ORIENTED_EDGE('',*,*,#4817,.F.);
#4817 = EDGE_CURVE('',#4818,#4792,#4820,.T.);
#4818 = VERTEX_POINT('',#4819);
#4819 = CARTESIAN_POINT('',(35.,-10.,-3.35));
#4820 = SURFACE_CURVE('',#4821,(#4825,#4831),.PCURVE_S1.);
#4821 = LINE('',#4822,#4823);
#4822 = CARTESIAN_POINT('',(35.,-10.,-3.35));
#4823 = VECTOR('',#4824,1.);
#4824 = DIRECTION('',(1.527872730081E-16,-1.,-3.790621261728E-17));
#4825 = PCURVE('',#4214,#4826);
#4826 = DEFINITIONAL_REPRESENTATION('',(#4827),#4830);
#4827 = B_SPLINE_CURVE_WITH_KNOTS('',1,(#4828,#4829),.UNSPECIFIED.,.F.,
  .F.,(2,2),(0.,10.),.PIECEWISE_BEZIER_KNOTS.);
#4828 = CARTESIAN_POINT('',(-10.,2.15));
#4829 = CARTESIAN_POINT('',(-20.,2.15));
#4830 = ( GEOMETRIC_REPRESENTATION_CONTEXT(2) 
PARAMETRIC_REPRESENTATION_CONTEXT() REPRESENTATION_CONTEXT('2D SPACE',''
  ) );
#4831 = PCURVE('',#4832,#4837);
#4832 = PLANE('',#4833);
#4833 = AXIS2_PLACEMENT_3D('',#4834,#4835,#4836);
#4834 = CARTESIAN_POINT('',(-15.,-20.,-3.35));
#4835 = DIRECTION('',(-1.793803890391E-16,-3.790621261728E-17,1.));
#4836 = DIRECTION('',(-1.527872730081E-16,1.,3.790621261728E-17));
#4837 = DEFINITIONAL_REPRESENTATION('',(#4838),#4841);
#4838 = B_SPLINE_CURVE_WITH_KNOTS('',1,(#4839,#4840),.UNSPECIFIED.,.F.,
  .F.,(2,2),(0.,10.),.PIECEWISE_BEZIER_KNOTS.);
#4839 = CARTESIAN_POINT('',(10.,-50.));
#4840 = CARTESIAN_POINT('',(0.,-50.));
#4841 = ( GEOMETRIC_REPRESENTATION_CONTEXT(2) 
PARAMETRIC_REPRESENTATION_CONTEXT() REPRESENTATION_CONTEXT('2D SPACE',''
  ) );
#4842 = ORIENTED_EDGE('',*,*,#4843,.F.);
#4843 = EDGE_CURVE('',#4844,#4818,#4846,.T.);
#4844 = VERTEX_POINT('',#4845);
#4845 = CARTESIAN_POINT('',(35.,-10.,-6.65));
#4846 = SURFACE_CURVE('',#4847,(#4851,#4857),.PCURVE_S1.);
#4847 = LINE('',#4848,#4849);
#4848 = CARTESIAN_POINT('',(35.,-10.,-4.425));
#4849 = VECTOR('',#4850,1.);
#4850 = DIRECTION('',(-1.793803890391E-16,-3.790621261728E-17,1.));
#4851 = PCURVE('',#4214,#4852);
#4852 = DEFINITIONAL_REPRESENTATION('',(#4853),#4856);
#4853 = B_SPLINE_CURVE_WITH_KNOTS('',1,(#4854,#4855),.UNSPECIFIED.,.F.,
  .F.,(2,2),(-2.225,1.075),.PIECEWISE_BEZIER_KNOTS.);
#4854 = CARTESIAN_POINT('',(-10.,-1.15));
#4855 = CARTESIAN_POINT('',(-10.,2.15));
#4856 = ( GEOMETRIC_REPRESENTATION_CONTEXT(2) 
PARAMETRIC_REPRESENTATION_CONTEXT() REPRESENTATION_CONTEXT('2D SPACE',''
  ) );
#4857 = PCURVE('',#4858,#4863);
#4858 = PLANE('',#4859);
#4859 = AXIS2_PLACEMENT_3D('',#4860,#4861,#4862);
#4860 = CARTESIAN_POINT('',(-15.,-10.,-3.35));
#4861 = DIRECTION('',(-1.527872730081E-16,1.,3.790621261728E-17));
#4862 = DIRECTION('',(1.793803890391E-16,3.790621261728E-17,-1.));
#4863 = DEFINITIONAL_REPRESENTATION('',(#4864),#4867);
#4864 = B_SPLINE_CURVE_WITH_KNOTS('',1,(#4865,#4866),.UNSPECIFIED.,.F.,
  .F.,(2,2),(-2.225,1.075),.PIECEWISE_BEZIER_KNOTS.);
#4865 = CARTESIAN_POINT('',(3.3,-50.));
#4866 = CARTESIAN_POINT('',(0.,-50.));
#4867 = ( GEOMETRIC_REPRESENTATION_CONTEXT(2) 
PARAMETRIC_REPRESENTATION_CONTEXT() REPRESENTATION_CONTEXT('2D SPACE',''
  ) );
#4868 = ORIENTED_EDGE('',*,*,#4869,.F.);
#4869 = EDGE_CURVE('',#4870,#4844,#4872,.T.);
#4870 = VERTEX_POINT('',#4871);
#4871 = CARTESIAN_POINT('',(35.,-12.9,-6.65));
#4872 = SURFACE_CURVE('',#4873,(#4877,#4883),.PCURVE_S1.);
#4873 = LINE('',#4874,#4875);
#4874 = CARTESIAN_POINT('',(35.,-5.,-6.65));
#4875 = VECTOR('',#4876,1.);
#4876 = DIRECTION('',(-1.527872730081E-16,1.,3.790621261728E-17));
#4877 = PCURVE('',#4214,#4878);
#4878 = DEFINITIONAL_REPRESENTATION('',(#4879),#4882);
#4879 = B_SPLINE_CURVE_WITH_KNOTS('',1,(#4880,#4881),.UNSPECIFIED.,.F.,
  .F.,(2,2),(-15.,-5.),.PIECEWISE_BEZIER_KNOTS.);
#4880 = CARTESIAN_POINT('',(-20.,-1.15));
#4881 = CARTESIAN_POINT('',(-10.,-1.15));
#4882 = ( GEOMETRIC_REPRESENTATION_CONTEXT(2) 
PARAMETRIC_REPRESENTATION_CONTEXT() REPRESENTATION_CONTEXT('2D SPACE',''
  ) );
#4883 = PCURVE('',#4884,#4889);
#4884 = PLANE('',#4885);
#4885 = AXIS2_PLACEMENT_3D('',#4886,#4887,#4888);
#4886 = CARTESIAN_POINT('',(-15.,-10.,-6.65));
#4887 = DIRECTION('',(1.793803890391E-16,3.790621261728E-17,-1.));
#4888 = DIRECTION('',(1.527872730081E-16,-1.,-3.790621261728E-17));
#4889 = DEFINITIONAL_REPRESENTATION('',(#4890),#4893);
#4890 = B_SPLINE_CURVE_WITH_KNOTS('',1,(#4891,#4892),.UNSPECIFIED.,.F.,
  .F.,(2,2),(-15.,-5.),.PIECEWISE_BEZIER_KNOTS.);
#4891 = CARTESIAN_POINT('',(10.,-50.));
#4892 = CARTESIAN_POINT('',(0.,-50.));
#4893 = ( GEOMETRIC_REPRESENTATION_CONTEXT(2) 
PARAMETRIC_REPRESENTATION_CONTEXT() REPRESENTATION_CONTEXT('2D SPACE',''
  ) );
#4894 = ORIENTED_EDGE('',*,*,#4895,.F.);
#4895 = EDGE_CURVE('',#4896,#4870,#4898,.T.);
#4896 = VERTEX_POINT('',#4897);
#4897 = CARTESIAN_POINT('',(35.,-12.9,-7.9));
#4898 = SURFACE_CURVE('',#4899,(#4903,#4909),.PCURVE_S1.);
#4899 = LINE('',#4900,#4901);
#4900 = CARTESIAN_POINT('',(35.,-12.9,-3.8));
#4901 = VECTOR('',#4902,1.);
#4902 = DIRECTION('',(-1.793803890391E-16,-3.790621261728E-17,1.));
#4903 = PCURVE('',#4214,#4904);
#4904 = DEFINITIONAL_REPRESENTATION('',(#4905),#4908);
#4905 = B_SPLINE_CURVE_WITH_KNOTS('',1,(#4906,#4907),.UNSPECIFIED.,.F.,
  .F.,(2,2),(-4.1,1.7),.PIECEWISE_BEZIER_KNOTS.);
#4906 = CARTESIAN_POINT('',(-12.9,-2.4));
#4907 = CARTESIAN_POINT('',(-12.9,3.4));
#4908 = ( GEOMETRIC_REPRESENTATION_CONTEXT(2) 
PARAMETRIC_REPRESENTATION_CONTEXT() REPRESENTATION_CONTEXT('2D SPACE',''
  ) );
#4909 = PCURVE('',#4910,#4915);
#4910 = PLANE('',#4911);
#4911 = AXIS2_PLACEMENT_3D('',#4912,#4913,#4914);
#4912 = CARTESIAN_POINT('',(-15.,-12.9,-2.1));
#4913 = DIRECTION('',(-1.527872730081E-16,1.,3.790621261728E-17));
#4914 = DIRECTION('',(1.793803890391E-16,3.790621261728E-17,-1.));
#4915 = DEFINITIONAL_REPRESENTATION('',(#4916),#4919);
#4916 = B_SPLINE_CURVE_WITH_KNOTS('',1,(#4917,#4918),.UNSPECIFIED.,.F.,
  .F.,(2,2),(-4.1,1.7),.PIECEWISE_BEZIER_KNOTS.);
#4917 = CARTESIAN_POINT('',(5.8,-50.));
#4918 = CARTESIAN_POINT('',(0.,-50.));
#4919 = ( GEOMETRIC_REPRESENTATION_CONTEXT(2) 
PARAMETRIC_REPRESENTATION_CONTEXT() REPRESENTATION_CONTEXT('2D SPACE',''
  ) );
#4920 = ORIENTED_EDGE('',*,*,#4921,.F.);
#4921 = EDGE_CURVE('',#4922,#4896,#4924,.T.);
#4922 = VERTEX_POINT('',#4923);
#4923 = CARTESIAN_POINT('',(35.,-15.5,-7.9));
#4924 = SURFACE_CURVE('',#4925,(#4929,#4935),.PCURVE_S1.);
#4925 = LINE('',#4926,#4927);
#4926 = CARTESIAN_POINT('',(35.,-6.45,-7.9));
#4927 = VECTOR('',#4928,1.);
#4928 = DIRECTION('',(-1.527872730081E-16,1.,3.790621261728E-17));
#4929 = PCURVE('',#4214,#4930);
#4930 = DEFINITIONAL_REPRESENTATION('',(#4931),#4934);
#4931 = B_SPLINE_CURVE_WITH_KNOTS('',1,(#4932,#4933),.UNSPECIFIED.,.F.,
  .F.,(2,2),(-9.05,-6.45),.PIECEWISE_BEZIER_KNOTS.);
#4932 = CARTESIAN_POINT('',(-15.5,-2.4));
#4933 = CARTESIAN_POINT('',(-12.9,-2.4));
#4934 = ( GEOMETRIC_REPRESENTATION_CONTEXT(2) 
PARAMETRIC_REPRESENTATION_CONTEXT() REPRESENTATION_CONTEXT('2D SPACE',''
  ) );
#4935 = PCURVE('',#4936,#4941);
#4936 = PLANE('',#4937);
#4937 = AXIS2_PLACEMENT_3D('',#4938,#4939,#4940);
#4938 = CARTESIAN_POINT('',(-15.,-12.9,-7.9));
#4939 = DIRECTION('',(1.793803890391E-16,3.790621261728E-17,-1.));
#4940 = DIRECTION('',(1.527872730081E-16,-1.,-3.790621261728E-17));
#4941 = DEFINITIONAL_REPRESENTATION('',(#4942),#4945);
#4942 = B_SPLINE_CURVE_WITH_KNOTS('',1,(#4943,#4944),.UNSPECIFIED.,.F.,
  .F.,(2,2),(-9.05,-6.45),.PIECEWISE_BEZIER_KNOTS.);
#4943 = CARTESIAN_POINT('',(2.6,-50.));
#4944 = CARTESIAN_POINT('',(0.,-50.));
#4945 = ( GEOMETRIC_REPRESENTATION_CONTEXT(2) 
PARAMETRIC_REPRESENTATION_CONTEXT() REPRESENTATION_CONTEXT('2D SPACE',''
  ) );
#4946 = ORIENTED_EDGE('',*,*,#4947,.F.);
#4947 = EDGE_CURVE('',#4948,#4922,#4950,.T.);
#4948 = VERTEX_POINT('',#4949);
#4949 = CARTESIAN_POINT('',(35.,-15.5,-6.65));
#4950 = SURFACE_CURVE('',#4951,(#4955,#4961),.PCURVE_S1.);
#4951 = LINE('',#4952,#4953);
#4952 = CARTESIAN_POINT('',(35.,-15.5,-6.7));
#4953 = VECTOR('',#4954,1.);
#4954 = DIRECTION('',(1.793803890391E-16,3.790621261728E-17,-1.));
#4955 = PCURVE('',#4214,#4956);
#4956 = DEFINITIONAL_REPRESENTATION('',(#4957),#4960);
#4957 = B_SPLINE_CURVE_WITH_KNOTS('',1,(#4958,#4959),.UNSPECIFIED.,.F.,
  .F.,(2,2),(-4.6,1.2),.PIECEWISE_BEZIER_KNOTS.);
#4958 = CARTESIAN_POINT('',(-15.5,3.4));
#4959 = CARTESIAN_POINT('',(-15.5,-2.4));
#4960 = ( GEOMETRIC_REPRESENTATION_CONTEXT(2) 
PARAMETRIC_REPRESENTATION_CONTEXT() REPRESENTATION_CONTEXT('2D SPACE',''
  ) );
#4961 = PCURVE('',#4962,#4967);
#4962 = PLANE('',#4963);
#4963 = AXIS2_PLACEMENT_3D('',#4964,#4965,#4966);
#4964 = CARTESIAN_POINT('',(-15.,-15.5,-7.9));
#4965 = DIRECTION('',(1.527872730081E-16,-1.,-3.790621261728E-17));
#4966 = DIRECTION('',(-1.793803890391E-16,-3.790621261728E-17,1.));
#4967 = DEFINITIONAL_REPRESENTATION('',(#4968),#4971);
#4968 = B_SPLINE_CURVE_WITH_KNOTS('',1,(#4969,#4970),.UNSPECIFIED.,.F.,
  .F.,(2,2),(-4.6,1.2),.PIECEWISE_BEZIER_KNOTS.);
#4969 = CARTESIAN_POINT('',(5.8,-50.));
#4970 = CARTESIAN_POINT('',(0.,-50.));
#4971 = ( GEOMETRIC_REPRESENTATION_CONTEXT(2) 
PARAMETRIC_REPRESENTATION_CONTEXT() REPRESENTATION_CONTEXT('2D SPACE',''
  ) );
#4972 = ORIENTED_EDGE('',*,*,#4973,.F.);
#4973 = EDGE_CURVE('',#4974,#4948,#4976,.T.);
#4974 = VERTEX_POINT('',#4975);
#4975 = CARTESIAN_POINT('',(35.,-20.,-6.65));
#4976 = SURFACE_CURVE('',#4977,(#4981,#4987),.PCURVE_S1.);
#4977 = LINE('',#4978,#4979);
#4978 = CARTESIAN_POINT('',(35.,-5.,-6.65));
#4979 = VECTOR('',#4980,1.);
#4980 = DIRECTION('',(-1.527872730081E-16,1.,3.790621261728E-17));
#4981 = PCURVE('',#4214,#4982);
#4982 = DEFINITIONAL_REPRESENTATION('',(#4983),#4986);
#4983 = B_SPLINE_CURVE_WITH_KNOTS('',1,(#4984,#4985),.UNSPECIFIED.,.F.,
  .F.,(2,2),(-15.,-5.),.PIECEWISE_BEZIER_KNOTS.);
#4984 = CARTESIAN_POINT('',(-20.,-1.15));
#4985 = CARTESIAN_POINT('',(-10.,-1.15));
#4986 = ( GEOMETRIC_REPRESENTATION_CONTEXT(2) 
PARAMETRIC_REPRESENTATION_CONTEXT() REPRESENTATION_CONTEXT('2D SPACE',''
  ) );
#4987 = PCURVE('',#4988,#4993);
#4988 = PLANE('',#4989);
#4989 = AXIS2_PLACEMENT_3D('',#4990,#4991,#4992);
#4990 = CARTESIAN_POINT('',(-15.,-10.,-6.65));
#4991 = DIRECTION('',(1.793803890391E-16,3.790621261728E-17,-1.));
#4992 = DIRECTION('',(1.527872730081E-16,-1.,-3.790621261728E-17));
#4993 = DEFINITIONAL_REPRESENTATION('',(#4994),#4997);
#4994 = B_SPLINE_CURVE_WITH_KNOTS('',1,(#4995,#4996),.UNSPECIFIED.,.F.,
  .F.,(2,2),(-15.,-5.),.PIECEWISE_BEZIER_KNOTS.);
#4995 = CARTESIAN_POINT('',(10.,-50.));
#4996 = CARTESIAN_POINT('',(0.,-50.));
#4997 = ( GEOMETRIC_REPRESENTATION_CONTEXT(2) 
PARAMETRIC_REPRESENTATION_CONTEXT() REPRESENTATION_CONTEXT('2D SPACE',''
  ) );
#4998 = ORIENTED_EDGE('',*,*,#4999,.T.);
#4999 = EDGE_CURVE('',#4974,#5000,#5002,.T.);
#5000 = VERTEX_POINT('',#5001);
#5001 = CARTESIAN_POINT('',(35.,-20.,-12.));
#5002 = SURFACE_CURVE('',#5003,(#5007,#5014),.PCURVE_S1.);
#5003 = LINE('',#5004,#5005);
#5004 = CARTESIAN_POINT('',(35.,-20.,12.));
#5005 = VECTOR('',#5006,1.);
#5006 = DIRECTION('',(1.793803890391E-16,3.790621261728E-17,-1.));
#5007 = PCURVE('',#4214,#5008);
#5008 = DEFINITIONAL_REPRESENTATION('',(#5009),#5013);
#5009 = LINE('',#5010,#5011);
#5010 = CARTESIAN_POINT('',(-20.,17.5));
#5011 = VECTOR('',#5012,1.);
#5012 = DIRECTION('',(0.,-1.));
#5013 = ( GEOMETRIC_REPRESENTATION_CONTEXT(2) 
PARAMETRIC_REPRESENTATION_CONTEXT() REPRESENTATION_CONTEXT('2D SPACE',''
  ) );
#5014 = PCURVE('',#5015,#5020);
#5015 = PLANE('',#5016);
#5016 = AXIS2_PLACEMENT_3D('',#5017,#5018,#5019);
#5017 = CARTESIAN_POINT('',(35.,-20.,12.));
#5018 = DIRECTION('',(-1.527872730081E-16,1.,3.790621261728E-17));
#5019 = DIRECTION('',(1.793803890391E-16,3.790621261728E-17,-1.));
#5020 = DEFINITIONAL_REPRESENTATION('',(#5021),#5025);
#5021 = LINE('',#5022,#5023);
#5022 = CARTESIAN_POINT('',(0.,0.));
#5023 = VECTOR('',#5024,1.);
#5024 = DIRECTION('',(1.,0.));
#5025 = ( GEOMETRIC_REPRESENTATION_CONTEXT(2) 
PARAMETRIC_REPRESENTATION_CONTEXT() REPRESENTATION_CONTEXT('2D SPACE',''
  ) );
#5026 = ORIENTED_EDGE('',*,*,#5027,.T.);
#5027 = EDGE_CURVE('',#5000,#5028,#5030,.T.);
#5028 = VERTEX_POINT('',#5029);
#5029 = CARTESIAN_POINT('',(35.,-23.,-12.));
#5030 = SURFACE_CURVE('',#5031,(#5035,#5042),.PCURVE_S1.);
#5031 = LINE('',#5032,#5033);
#5032 = CARTESIAN_POINT('',(35.,-19.99,-12.));
#5033 = VECTOR('',#5034,1.);
#5034 = DIRECTION('',(1.527872730081E-16,-1.,-3.790621261728E-17));
#5035 = PCURVE('',#4214,#5036);
#5036 = DEFINITIONAL_REPRESENTATION('',(#5037),#5041);
#5037 = LINE('',#5038,#5039);
#5038 = CARTESIAN_POINT('',(-19.99,-6.5));
#5039 = VECTOR('',#5040,1.);
#5040 = DIRECTION('',(-1.,0.));
#5041 = ( GEOMETRIC_REPRESENTATION_CONTEXT(2) 
PARAMETRIC_REPRESENTATION_CONTEXT() REPRESENTATION_CONTEXT('2D SPACE',''
  ) );
#5042 = PCURVE('',#5043,#5048);
#5043 = PLANE('',#5044);
#5044 = AXIS2_PLACEMENT_3D('',#5045,#5046,#5047);
#5045 = CARTESIAN_POINT('',(35.,-19.99,-12.));
#5046 = DIRECTION('',(1.793803890391E-16,3.790621261728E-17,-1.));
#5047 = DIRECTION('',(1.527872730081E-16,-1.,-3.790621261728E-17));
#5048 = DEFINITIONAL_REPRESENTATION('',(#5049),#5053);
#5049 = LINE('',#5050,#5051);
#5050 = CARTESIAN_POINT('',(0.,-0.));
#5051 = VECTOR('',#5052,1.);
#5052 = DIRECTION('',(1.,0.));
#5053 = ( GEOMETRIC_REPRESENTATION_CONTEXT(2) 
PARAMETRIC_REPRESENTATION_CONTEXT() REPRESENTATION_CONTEXT('2D SPACE',''
  ) );
#5054 = ORIENTED_EDGE('',*,*,#5055,.T.);
#5055 = EDGE_CURVE('',#5028,#5056,#5058,.T.);
#5056 = VERTEX_POINT('',#5057);
#5057 = CARTESIAN_POINT('',(35.,-23.,-20.));
#5058 = SURFACE_CURVE('',#5059,(#5063,#5070),.PCURVE_S1.);
#5059 = LINE('',#5060,#5061);
#5060 = CARTESIAN_POINT('',(35.,-23.,-12.));
#5061 = VECTOR('',#5062,1.);
#5062 = DIRECTION('',(1.793803890391E-16,3.790621261728E-17,-1.));
#5063 = PCURVE('',#4214,#5064);
#5064 = DEFINITIONAL_REPRESENTATION('',(#5065),#5069);
#5065 = LINE('',#5066,#5067);
#5066 = CARTESIAN_POINT('',(-23.,-6.5));
#5067 = VECTOR('',#5068,1.);
#5068 = DIRECTION('',(0.,-1.));
#5069 = ( GEOMETRIC_REPRESENTATION_CONTEXT(2) 
PARAMETRIC_REPRESENTATION_CONTEXT() REPRESENTATION_CONTEXT('2D SPACE',''
  ) );
#5070 = PCURVE('',#5071,#5076);
#5071 = PLANE('',#5072);
#5072 = AXIS2_PLACEMENT_3D('',#5073,#5074,#5075);
#5073 = CARTESIAN_POINT('',(35.,-23.,-12.));
#5074 = DIRECTION('',(-1.527872730081E-16,1.,3.790621261728E-17));
#5075 = DIRECTION('',(1.793803890391E-16,3.790621261728E-17,-1.));
#5076 = DEFINITIONAL_REPRESENTATION('',(#5077),#5081);
#5077 = LINE('',#5078,#5079);
#5078 = CARTESIAN_POINT('',(0.,0.));
#5079 = VECTOR('',#5080,1.);
#5080 = DIRECTION('',(1.,0.));
#5081 = ( GEOMETRIC_REPRESENTATION_CONTEXT(2) 
PARAMETRIC_REPRESENTATION_CONTEXT() REPRESENTATION_CONTEXT('2D SPACE',''
  ) );
#5082 = ORIENTED_EDGE('',*,*,#5083,.T.);
#5083 = EDGE_CURVE('',#5056,#4230,#5084,.T.);
#5084 = SURFACE_CURVE('',#5085,(#5089,#5096),.PCURVE_S1.);
#5085 = LINE('',#5086,#5087);
#5086 = CARTESIAN_POINT('',(35.,-23.,-20.));
#5087 = VECTOR('',#5088,1.);
#5088 = DIRECTION('',(-1.527872730081E-16,1.,3.790621261728E-17));
#5089 = PCURVE('',#4214,#5090);
#5090 = DEFINITIONAL_REPRESENTATION('',(#5091),#5095);
#5091 = LINE('',#5092,#5093);
#5092 = CARTESIAN_POINT('',(-23.,-14.5));
#5093 = VECTOR('',#5094,1.);
#5094 = DIRECTION('',(1.,0.));
#5095 = ( GEOMETRIC_REPRESENTATION_CONTEXT(2) 
PARAMETRIC_REPRESENTATION_CONTEXT() REPRESENTATION_CONTEXT('2D SPACE',''
  ) );
#5096 = PCURVE('',#4267,#5097);
#5097 = DEFINITIONAL_REPRESENTATION('',(#5098),#5102);
#5098 = LINE('',#5099,#5100);
#5099 = CARTESIAN_POINT('',(0.,0.));
#5100 = VECTOR('',#5101,1.);
#5101 = DIRECTION('',(1.,0.));
#5102 = ( GEOMETRIC_REPRESENTATION_CONTEXT(2) 
PARAMETRIC_REPRESENTATION_CONTEXT() REPRESENTATION_CONTEXT('2D SPACE',''
  ) );
#5103 = ORIENTED_EDGE('',*,*,#4229,.T.);
#5104 = ORIENTED_EDGE('',*,*,#4200,.T.);
#5105 = ORIENTED_EDGE('',*,*,#4303,.T.);
#5106 = ORIENTED_EDGE('',*,*,#5107,.T.);
#5107 = EDGE_CURVE('',#4304,#5108,#5110,.T.);
#5108 = VERTEX_POINT('',#5109);
#5109 = CARTESIAN_POINT('',(35.,23.,-20.));
#5110 = SURFACE_CURVE('',#5111,(#5115,#5122),.PCURVE_S1.);
#5111 = LINE('',#5112,#5113);
#5112 = CARTESIAN_POINT('',(35.,19.99,-20.));
#5113 = VECTOR('',#5114,1.);
#5114 = DIRECTION('',(-1.527872730081E-16,1.,3.790621261728E-17));
#5115 = PCURVE('',#4214,#5116);
#5116 = DEFINITIONAL_REPRESENTATION('',(#5117),#5121);
#5117 = LINE('',#5118,#5119);
#5118 = CARTESIAN_POINT('',(19.99,-14.5));
#5119 = VECTOR('',#5120,1.);
#5120 = DIRECTION('',(1.,0.));
#5121 = ( GEOMETRIC_REPRESENTATION_CONTEXT(2) 
PARAMETRIC_REPRESENTATION_CONTEXT() REPRESENTATION_CONTEXT('2D SPACE',''
  ) );
#5122 = PCURVE('',#4363,#5123);
#5123 = DEFINITIONAL_REPRESENTATION('',(#5124),#5128);
#5124 = LINE('',#5125,#5126);
#5125 = CARTESIAN_POINT('',(0.,0.));
#5126 = VECTOR('',#5127,1.);
#5127 = DIRECTION('',(1.,0.));
#5128 = ( GEOMETRIC_REPRESENTATION_CONTEXT(2) 
PARAMETRIC_REPRESENTATION_CONTEXT() REPRESENTATION_CONTEXT('2D SPACE',''
  ) );
#5129 = ORIENTED_EDGE('',*,*,#5130,.T.);
#5130 = EDGE_CURVE('',#5108,#5131,#5133,.T.);
#5131 = VERTEX_POINT('',#5132);
#5132 = CARTESIAN_POINT('',(35.,23.,-12.));
#5133 = SURFACE_CURVE('',#5134,(#5138,#5145),.PCURVE_S1.);
#5134 = LINE('',#5135,#5136);
#5135 = CARTESIAN_POINT('',(35.,23.,-20.));
#5136 = VECTOR('',#5137,1.);
#5137 = DIRECTION('',(-1.793803890391E-16,-3.790621261728E-17,1.));
#5138 = PCURVE('',#4214,#5139);
#5139 = DEFINITIONAL_REPRESENTATION('',(#5140),#5144);
#5140 = LINE('',#5141,#5142);
#5141 = CARTESIAN_POINT('',(23.,-14.5));
#5142 = VECTOR('',#5143,1.);
#5143 = DIRECTION('',(0.,1.));
#5144 = ( GEOMETRIC_REPRESENTATION_CONTEXT(2) 
PARAMETRIC_REPRESENTATION_CONTEXT() REPRESENTATION_CONTEXT('2D SPACE',''
  ) );
#5145 = PCURVE('',#5146,#5151);
#5146 = PLANE('',#5147);
#5147 = AXIS2_PLACEMENT_3D('',#5148,#5149,#5150);
#5148 = CARTESIAN_POINT('',(35.,23.,-20.));
#5149 = DIRECTION('',(1.527872730081E-16,-1.,-3.790621261728E-17));
#5150 = DIRECTION('',(-1.793803890391E-16,-3.790621261728E-17,1.));
#5151 = DEFINITIONAL_REPRESENTATION('',(#5152),#5156);
#5152 = LINE('',#5153,#5154);
#5153 = CARTESIAN_POINT('',(0.,0.));
#5154 = VECTOR('',#5155,1.);
#5155 = DIRECTION('',(1.,0.));
#5156 = ( GEOMETRIC_REPRESENTATION_CONTEXT(2) 
PARAMETRIC_REPRESENTATION_CONTEXT() REPRESENTATION_CONTEXT('2D SPACE',''
  ) );
#5157 = ORIENTED_EDGE('',*,*,#5158,.T.);
#5158 = EDGE_CURVE('',#5131,#5159,#5161,.T.);
#5159 = VERTEX_POINT('',#5160);
#5160 = CARTESIAN_POINT('',(35.,20.,-12.));
#5161 = SURFACE_CURVE('',#5162,(#5166,#5173),.PCURVE_S1.);
#5162 = LINE('',#5163,#5164);
#5163 = CARTESIAN_POINT('',(35.,23.,-12.));
#5164 = VECTOR('',#5165,1.);
#5165 = DIRECTION('',(1.527872730081E-16,-1.,-3.790621261728E-17));
#5166 = PCURVE('',#4214,#5167);
#5167 = DEFINITIONAL_REPRESENTATION('',(#5168),#5172);
#5168 = LINE('',#5169,#5170);
#5169 = CARTESIAN_POINT('',(23.,-6.5));
#5170 = VECTOR('',#5171,1.);
#5171 = DIRECTION('',(-1.,0.));
#5172 = ( GEOMETRIC_REPRESENTATION_CONTEXT(2) 
PARAMETRIC_REPRESENTATION_CONTEXT() REPRESENTATION_CONTEXT('2D SPACE',''
  ) );
#5173 = PCURVE('',#5174,#5179);
#5174 = PLANE('',#5175);
#5175 = AXIS2_PLACEMENT_3D('',#5176,#5177,#5178);
#5176 = CARTESIAN_POINT('',(35.,23.,-12.));
#5177 = DIRECTION('',(1.793803890391E-16,3.790621261728E-17,-1.));
#5178 = DIRECTION('',(1.527872730081E-16,-1.,-3.790621261728E-17));
#5179 = DEFINITIONAL_REPRESENTATION('',(#5180),#5184);
#5180 = LINE('',#5181,#5182);
#5181 = CARTESIAN_POINT('',(0.,-0.));
#5182 = VECTOR('',#5183,1.);
#5183 = DIRECTION('',(1.,0.));
#5184 = ( GEOMETRIC_REPRESENTATION_CONTEXT(2) 
PARAMETRIC_REPRESENTATION_CONTEXT() REPRESENTATION_CONTEXT('2D SPACE',''
  ) );
#5185 = ORIENTED_EDGE('',*,*,#5186,.T.);
#5186 = EDGE_CURVE('',#5159,#5187,#5189,.T.);
#5187 = VERTEX_POINT('',#5188);
#5188 = CARTESIAN_POINT('',(35.,20.,-6.65));
#5189 = SURFACE_CURVE('',#5190,(#5194,#5201),.PCURVE_S1.);
#5190 = LINE('',#5191,#5192);
#5191 = CARTESIAN_POINT('',(35.,20.,-23.));
#5192 = VECTOR('',#5193,1.);
#5193 = DIRECTION('',(-1.793803890391E-16,-3.790621261728E-17,1.));
#5194 = PCURVE('',#4214,#5195);
#5195 = DEFINITIONAL_REPRESENTATION('',(#5196),#5200);
#5196 = LINE('',#5197,#5198);
#5197 = CARTESIAN_POINT('',(20.,-17.5));
#5198 = VECTOR('',#5199,1.);
#5199 = DIRECTION('',(0.,1.));
#5200 = ( GEOMETRIC_REPRESENTATION_CONTEXT(2) 
PARAMETRIC_REPRESENTATION_CONTEXT() REPRESENTATION_CONTEXT('2D SPACE',''
  ) );
#5201 = PCURVE('',#5202,#5207);
#5202 = PLANE('',#5203);
#5203 = AXIS2_PLACEMENT_3D('',#5204,#5205,#5206);
#5204 = CARTESIAN_POINT('',(35.,20.,-23.));
#5205 = DIRECTION('',(1.527872730081E-16,-1.,-3.790621261728E-17));
#5206 = DIRECTION('',(-1.793803890391E-16,-3.790621261728E-17,1.));
#5207 = DEFINITIONAL_REPRESENTATION('',(#5208),#5212);
#5208 = LINE('',#5209,#5210);
#5209 = CARTESIAN_POINT('',(0.,0.));
#5210 = VECTOR('',#5211,1.);
#5211 = DIRECTION('',(1.,0.));
#5212 = ( GEOMETRIC_REPRESENTATION_CONTEXT(2) 
PARAMETRIC_REPRESENTATION_CONTEXT() REPRESENTATION_CONTEXT('2D SPACE',''
  ) );
#5213 = ORIENTED_EDGE('',*,*,#5214,.F.);
#5214 = EDGE_CURVE('',#5215,#5187,#5217,.T.);
#5215 = VERTEX_POINT('',#5216);
#5216 = CARTESIAN_POINT('',(35.,15.5,-6.65));
#5217 = SURFACE_CURVE('',#5218,(#5222,#5228),.PCURVE_S1.);
#5218 = LINE('',#5219,#5220);
#5219 = CARTESIAN_POINT('',(35.,10.,-6.65));
#5220 = VECTOR('',#5221,1.);
#5221 = DIRECTION('',(-1.527872730081E-16,1.,3.790621261728E-17));
#5222 = PCURVE('',#4214,#5223);
#5223 = DEFINITIONAL_REPRESENTATION('',(#5224),#5227);
#5224 = B_SPLINE_CURVE_WITH_KNOTS('',1,(#5225,#5226),.UNSPECIFIED.,.F.,
  .F.,(2,2),(0.,10.),.PIECEWISE_BEZIER_KNOTS.);
#5225 = CARTESIAN_POINT('',(10.,-1.15));
#5226 = CARTESIAN_POINT('',(20.,-1.15));
#5227 = ( GEOMETRIC_REPRESENTATION_CONTEXT(2) 
PARAMETRIC_REPRESENTATION_CONTEXT() REPRESENTATION_CONTEXT('2D SPACE',''
  ) );
#5228 = PCURVE('',#5229,#5234);
#5229 = PLANE('',#5230);
#5230 = AXIS2_PLACEMENT_3D('',#5231,#5232,#5233);
#5231 = CARTESIAN_POINT('',(-15.,20.,-6.65));
#5232 = DIRECTION('',(1.793803890391E-16,3.790621261728E-17,-1.));
#5233 = DIRECTION('',(1.527872730081E-16,-1.,-3.790621261728E-17));
#5234 = DEFINITIONAL_REPRESENTATION('',(#5235),#5238);
#5235 = B_SPLINE_CURVE_WITH_KNOTS('',1,(#5236,#5237),.UNSPECIFIED.,.F.,
  .F.,(2,2),(0.,10.),.PIECEWISE_BEZIER_KNOTS.);
#5236 = CARTESIAN_POINT('',(10.,-50.));
#5237 = CARTESIAN_POINT('',(0.,-50.));
#5238 = ( GEOMETRIC_REPRESENTATION_CONTEXT(2) 
PARAMETRIC_REPRESENTATION_CONTEXT() REPRESENTATION_CONTEXT('2D SPACE',''
  ) );
#5239 = ORIENTED_EDGE('',*,*,#5240,.F.);
#5240 = EDGE_CURVE('',#5241,#5215,#5243,.T.);
#5241 = VERTEX_POINT('',#5242);
#5242 = CARTESIAN_POINT('',(35.,15.5,-7.9));
#5243 = SURFACE_CURVE('',#5244,(#5248,#5254),.PCURVE_S1.);
#5244 = LINE('',#5245,#5246);
#5245 = CARTESIAN_POINT('',(35.,15.5,-3.8));
#5246 = VECTOR('',#5247,1.);
#5247 = DIRECTION('',(-1.793803890391E-16,-3.790621261728E-17,1.));
#5248 = PCURVE('',#4214,#5249);
#5249 = DEFINITIONAL_REPRESENTATION('',(#5250),#5253);
#5250 = B_SPLINE_CURVE_WITH_KNOTS('',1,(#5251,#5252),.UNSPECIFIED.,.F.,
  .F.,(2,2),(-4.1,1.7),.PIECEWISE_BEZIER_KNOTS.);
#5251 = CARTESIAN_POINT('',(15.5,-2.4));
#5252 = CARTESIAN_POINT('',(15.5,3.4));
#5253 = ( GEOMETRIC_REPRESENTATION_CONTEXT(2) 
PARAMETRIC_REPRESENTATION_CONTEXT() REPRESENTATION_CONTEXT('2D SPACE',''
  ) );
#5254 = PCURVE('',#5255,#5260);
#5255 = PLANE('',#5256);
#5256 = AXIS2_PLACEMENT_3D('',#5257,#5258,#5259);
#5257 = CARTESIAN_POINT('',(-15.,15.5,-2.1));
#5258 = DIRECTION('',(-1.527872730081E-16,1.,3.790621261728E-17));
#5259 = DIRECTION('',(1.793803890391E-16,3.790621261728E-17,-1.));
#5260 = DEFINITIONAL_REPRESENTATION('',(#5261),#5264);
#5261 = B_SPLINE_CURVE_WITH_KNOTS('',1,(#5262,#5263),.UNSPECIFIED.,.F.,
  .F.,(2,2),(-4.1,1.7),.PIECEWISE_BEZIER_KNOTS.);
#5262 = CARTESIAN_POINT('',(5.8,-50.));
#5263 = CARTESIAN_POINT('',(0.,-50.));
#5264 = ( GEOMETRIC_REPRESENTATION_CONTEXT(2) 
PARAMETRIC_REPRESENTATION_CONTEXT() REPRESENTATION_CONTEXT('2D SPACE',''
  ) );
#5265 = ORIENTED_EDGE('',*,*,#5266,.F.);
#5266 = EDGE_CURVE('',#5267,#5241,#5269,.T.);
#5267 = VERTEX_POINT('',#5268);
#5268 = CARTESIAN_POINT('',(35.,12.9,-7.9));
#5269 = SURFACE_CURVE('',#5270,(#5274,#5280),.PCURVE_S1.);
#5270 = LINE('',#5271,#5272);
#5271 = CARTESIAN_POINT('',(35.,7.75,-7.9));
#5272 = VECTOR('',#5273,1.);
#5273 = DIRECTION('',(-1.527872730081E-16,1.,3.790621261728E-17));
#5274 = PCURVE('',#4214,#5275);
#5275 = DEFINITIONAL_REPRESENTATION('',(#5276),#5279);
#5276 = B_SPLINE_CURVE_WITH_KNOTS('',1,(#5277,#5278),.UNSPECIFIED.,.F.,
  .F.,(2,2),(5.15,7.75),.PIECEWISE_BEZIER_KNOTS.);
#5277 = CARTESIAN_POINT('',(12.9,-2.4));
#5278 = CARTESIAN_POINT('',(15.5,-2.4));
#5279 = ( GEOMETRIC_REPRESENTATION_CONTEXT(2) 
PARAMETRIC_REPRESENTATION_CONTEXT() REPRESENTATION_CONTEXT('2D SPACE',''
  ) );
#5280 = PCURVE('',#5281,#5286);
#5281 = PLANE('',#5282);
#5282 = AXIS2_PLACEMENT_3D('',#5283,#5284,#5285);
#5283 = CARTESIAN_POINT('',(-15.,15.5,-7.9));
#5284 = DIRECTION('',(1.793803890391E-16,3.790621261728E-17,-1.));
#5285 = DIRECTION('',(1.527872730081E-16,-1.,-3.790621261728E-17));
#5286 = DEFINITIONAL_REPRESENTATION('',(#5287),#5290);
#5287 = B_SPLINE_CURVE_WITH_KNOTS('',1,(#5288,#5289),.UNSPECIFIED.,.F.,
  .F.,(2,2),(5.15,7.75),.PIECEWISE_BEZIER_KNOTS.);
#5288 = CARTESIAN_POINT('',(2.6,-50.));
#5289 = CARTESIAN_POINT('',(0.,-50.));
#5290 = ( GEOMETRIC_REPRESENTATION_CONTEXT(2) 
PARAMETRIC_REPRESENTATION_CONTEXT() REPRESENTATION_CONTEXT('2D SPACE',''
  ) );
#5291 = ORIENTED_EDGE('',*,*,#5292,.F.);
#5292 = EDGE_CURVE('',#5293,#5267,#5295,.T.);
#5293 = VERTEX_POINT('',#5294);
#5294 = CARTESIAN_POINT('',(35.,12.9,-6.65));
#5295 = SURFACE_CURVE('',#5296,(#5300,#5306),.PCURVE_S1.);
#5296 = LINE('',#5297,#5298);
#5297 = CARTESIAN_POINT('',(35.,12.9,-6.7));
#5298 = VECTOR('',#5299,1.);
#5299 = DIRECTION('',(1.793803890391E-16,3.790621261728E-17,-1.));
#5300 = PCURVE('',#4214,#5301);
#5301 = DEFINITIONAL_REPRESENTATION('',(#5302),#5305);
#5302 = B_SPLINE_CURVE_WITH_KNOTS('',1,(#5303,#5304),.UNSPECIFIED.,.F.,
  .F.,(2,2),(-4.6,1.2),.PIECEWISE_BEZIER_KNOTS.);
#5303 = CARTESIAN_POINT('',(12.9,3.4));
#5304 = CARTESIAN_POINT('',(12.9,-2.4));
#5305 = ( GEOMETRIC_REPRESENTATION_CONTEXT(2) 
PARAMETRIC_REPRESENTATION_CONTEXT() REPRESENTATION_CONTEXT('2D SPACE',''
  ) );
#5306 = PCURVE('',#5307,#5312);
#5307 = PLANE('',#5308);
#5308 = AXIS2_PLACEMENT_3D('',#5309,#5310,#5311);
#5309 = CARTESIAN_POINT('',(-15.,12.9,-7.9));
#5310 = DIRECTION('',(1.527872730081E-16,-1.,-3.790621261728E-17));
#5311 = DIRECTION('',(-1.793803890391E-16,-3.790621261728E-17,1.));
#5312 = DEFINITIONAL_REPRESENTATION('',(#5313),#5316);
#5313 = B_SPLINE_CURVE_WITH_KNOTS('',1,(#5314,#5315),.UNSPECIFIED.,.F.,
  .F.,(2,2),(-4.6,1.2),.PIECEWISE_BEZIER_KNOTS.);
#5314 = CARTESIAN_POINT('',(5.8,-50.));
#5315 = CARTESIAN_POINT('',(0.,-50.));
#5316 = ( GEOMETRIC_REPRESENTATION_CONTEXT(2) 
PARAMETRIC_REPRESENTATION_CONTEXT() REPRESENTATION_CONTEXT('2D SPACE',''
  ) );
#5317 = ORIENTED_EDGE('',*,*,#5318,.F.);
#5318 = EDGE_CURVE('',#5319,#5293,#5321,.T.);
#5319 = VERTEX_POINT('',#5320);
#5320 = CARTESIAN_POINT('',(35.,10.,-6.65));
#5321 = SURFACE_CURVE('',#5322,(#5326,#5332),.PCURVE_S1.);
#5322 = LINE('',#5323,#5324);
#5323 = CARTESIAN_POINT('',(35.,10.,-6.65));
#5324 = VECTOR('',#5325,1.);
#5325 = DIRECTION('',(-1.527872730081E-16,1.,3.790621261728E-17));
#5326 = PCURVE('',#4214,#5327);
#5327 = DEFINITIONAL_REPRESENTATION('',(#5328),#5331);
#5328 = B_SPLINE_CURVE_WITH_KNOTS('',1,(#5329,#5330),.UNSPECIFIED.,.F.,
  .F.,(2,2),(0.,10.),.PIECEWISE_BEZIER_KNOTS.);
#5329 = CARTESIAN_POINT('',(10.,-1.15));
#5330 = CARTESIAN_POINT('',(20.,-1.15));
#5331 = ( GEOMETRIC_REPRESENTATION_CONTEXT(2) 
PARAMETRIC_REPRESENTATION_CONTEXT() REPRESENTATION_CONTEXT('2D SPACE',''
  ) );
#5332 = PCURVE('',#5333,#5338);
#5333 = PLANE('',#5334);
#5334 = AXIS2_PLACEMENT_3D('',#5335,#5336,#5337);
#5335 = CARTESIAN_POINT('',(-15.,20.,-6.65));
#5336 = DIRECTION('',(1.793803890391E-16,3.790621261728E-17,-1.));
#5337 = DIRECTION('',(1.527872730081E-16,-1.,-3.790621261728E-17));
#5338 = DEFINITIONAL_REPRESENTATION('',(#5339),#5342);
#5339 = B_SPLINE_CURVE_WITH_KNOTS('',1,(#5340,#5341),.UNSPECIFIED.,.F.,
  .F.,(2,2),(0.,10.),.PIECEWISE_BEZIER_KNOTS.);
#5340 = CARTESIAN_POINT('',(10.,-50.));
#5341 = CARTESIAN_POINT('',(0.,-50.));
#5342 = ( GEOMETRIC_REPRESENTATION_CONTEXT(2) 
PARAMETRIC_REPRESENTATION_CONTEXT() REPRESENTATION_CONTEXT('2D SPACE',''
  ) );
#5343 = ORIENTED_EDGE('',*,*,#5344,.F.);
#5344 = EDGE_CURVE('',#5345,#5319,#5347,.T.);
#5345 = VERTEX_POINT('',#5346);
#5346 = CARTESIAN_POINT('',(35.,10.,-3.35));
#5347 = SURFACE_CURVE('',#5348,(#5352,#5358),.PCURVE_S1.);
#5348 = LINE('',#5349,#5350);
#5349 = CARTESIAN_POINT('',(35.,10.,-6.075));
#5350 = VECTOR('',#5351,1.);
#5351 = DIRECTION('',(1.793803890391E-16,3.790621261728E-17,-1.));
#5352 = PCURVE('',#4214,#5353);
#5353 = DEFINITIONAL_REPRESENTATION('',(#5354),#5357);
#5354 = B_SPLINE_CURVE_WITH_KNOTS('',1,(#5355,#5356),.UNSPECIFIED.,.F.,
  .F.,(2,2),(-2.725,0.575),.PIECEWISE_BEZIER_KNOTS.);
#5355 = CARTESIAN_POINT('',(10.,2.15));
#5356 = CARTESIAN_POINT('',(10.,-1.15));
#5357 = ( GEOMETRIC_REPRESENTATION_CONTEXT(2) 
PARAMETRIC_REPRESENTATION_CONTEXT() REPRESENTATION_CONTEXT('2D SPACE',''
  ) );
#5358 = PCURVE('',#5359,#5364);
#5359 = PLANE('',#5360);
#5360 = AXIS2_PLACEMENT_3D('',#5361,#5362,#5363);
#5361 = CARTESIAN_POINT('',(-15.,10.,-6.65));
#5362 = DIRECTION('',(1.527872730081E-16,-1.,-3.790621261728E-17));
#5363 = DIRECTION('',(-1.793803890391E-16,-3.790621261728E-17,1.));
#5364 = DEFINITIONAL_REPRESENTATION('',(#5365),#5368);
#5365 = B_SPLINE_CURVE_WITH_KNOTS('',1,(#5366,#5367),.UNSPECIFIED.,.F.,
  .F.,(2,2),(-2.725,0.575),.PIECEWISE_BEZIER_KNOTS.);
#5366 = CARTESIAN_POINT('',(3.3,-50.));
#5367 = CARTESIAN_POINT('',(0.,-50.));
#5368 = ( GEOMETRIC_REPRESENTATION_CONTEXT(2) 
PARAMETRIC_REPRESENTATION_CONTEXT() REPRESENTATION_CONTEXT('2D SPACE',''
  ) );
#5369 = ORIENTED_EDGE('',*,*,#5370,.F.);
#5370 = EDGE_CURVE('',#5371,#5345,#5373,.T.);
#5371 = VERTEX_POINT('',#5372);
#5372 = CARTESIAN_POINT('',(35.,12.9,-3.35));
#5373 = SURFACE_CURVE('',#5374,(#5378,#5384),.PCURVE_S1.);
#5374 = LINE('',#5375,#5376);
#5375 = CARTESIAN_POINT('',(35.,5.,-3.35));
#5376 = VECTOR('',#5377,1.);
#5377 = DIRECTION('',(1.527872730081E-16,-1.,-3.790621261728E-17));
#5378 = PCURVE('',#4214,#5379);
#5379 = DEFINITIONAL_REPRESENTATION('',(#5380),#5383);
#5380 = B_SPLINE_CURVE_WITH_KNOTS('',1,(#5381,#5382),.UNSPECIFIED.,.F.,
  .F.,(2,2),(-15.,-5.),.PIECEWISE_BEZIER_KNOTS.);
#5381 = CARTESIAN_POINT('',(20.,2.15));
#5382 = CARTESIAN_POINT('',(10.,2.15));
#5383 = ( GEOMETRIC_REPRESENTATION_CONTEXT(2) 
PARAMETRIC_REPRESENTATION_CONTEXT() REPRESENTATION_CONTEXT('2D SPACE',''
  ) );
#5384 = PCURVE('',#5385,#5390);
#5385 = PLANE('',#5386);
#5386 = AXIS2_PLACEMENT_3D('',#5387,#5388,#5389);
#5387 = CARTESIAN_POINT('',(-15.,10.,-3.35));
#5388 = DIRECTION('',(-1.793803890391E-16,-3.790621261728E-17,1.));
#5389 = DIRECTION('',(-1.527872730081E-16,1.,3.790621261728E-17));
#5390 = DEFINITIONAL_REPRESENTATION('',(#5391),#5394);
#5391 = B_SPLINE_CURVE_WITH_KNOTS('',1,(#5392,#5393),.UNSPECIFIED.,.F.,
  .F.,(2,2),(-15.,-5.),.PIECEWISE_BEZIER_KNOTS.);
#5392 = CARTESIAN_POINT('',(10.,-50.));
#5393 = CARTESIAN_POINT('',(0.,-50.));
#5394 = ( GEOMETRIC_REPRESENTATION_CONTEXT(2) 
PARAMETRIC_REPRESENTATION_CONTEXT() REPRESENTATION_CONTEXT('2D SPACE',''
  ) );
#5395 = ORIENTED_EDGE('',*,*,#5396,.F.);
#5396 = EDGE_CURVE('',#5397,#5371,#5399,.T.);
#5397 = VERTEX_POINT('',#5398);
#5398 = CARTESIAN_POINT('',(35.,12.9,-2.1));
#5399 = SURFACE_CURVE('',#5400,(#5404,#5410),.PCURVE_S1.);
#5400 = LINE('',#5401,#5402);
#5401 = CARTESIAN_POINT('',(35.,12.9,-6.7));
#5402 = VECTOR('',#5403,1.);
#5403 = DIRECTION('',(1.793803890391E-16,3.790621261728E-17,-1.));
#5404 = PCURVE('',#4214,#5405);
#5405 = DEFINITIONAL_REPRESENTATION('',(#5406),#5409);
#5406 = B_SPLINE_CURVE_WITH_KNOTS('',1,(#5407,#5408),.UNSPECIFIED.,.F.,
  .F.,(2,2),(-4.6,1.2),.PIECEWISE_BEZIER_KNOTS.);
#5407 = CARTESIAN_POINT('',(12.9,3.4));
#5408 = CARTESIAN_POINT('',(12.9,-2.4));
#5409 = ( GEOMETRIC_REPRESENTATION_CONTEXT(2) 
PARAMETRIC_REPRESENTATION_CONTEXT() REPRESENTATION_CONTEXT('2D SPACE',''
  ) );
#5410 = PCURVE('',#5411,#5416);
#5411 = PLANE('',#5412);
#5412 = AXIS2_PLACEMENT_3D('',#5413,#5414,#5415);
#5413 = CARTESIAN_POINT('',(-15.,12.9,-7.9));
#5414 = DIRECTION('',(1.527872730081E-16,-1.,-3.790621261728E-17));
#5415 = DIRECTION('',(-1.793803890391E-16,-3.790621261728E-17,1.));
#5416 = DEFINITIONAL_REPRESENTATION('',(#5417),#5420);
#5417 = B_SPLINE_CURVE_WITH_KNOTS('',1,(#5418,#5419),.UNSPECIFIED.,.F.,
  .F.,(2,2),(-4.6,1.2),.PIECEWISE_BEZIER_KNOTS.);
#5418 = CARTESIAN_POINT('',(5.8,-50.));
#5419 = CARTESIAN_POINT('',(0.,-50.));
#5420 = ( GEOMETRIC_REPRESENTATION_CONTEXT(2) 
PARAMETRIC_REPRESENTATION_CONTEXT() REPRESENTATION_CONTEXT('2D SPACE',''
  ) );
#5421 = ORIENTED_EDGE('',*,*,#5422,.F.);
#5422 = EDGE_CURVE('',#5423,#5397,#5425,.T.);
#5423 = VERTEX_POINT('',#5424);
#5424 = CARTESIAN_POINT('',(35.,15.5,-2.1));
#5425 = SURFACE_CURVE('',#5426,(#5430,#5436),.PCURVE_S1.);
#5426 = LINE('',#5427,#5428);
#5427 = CARTESIAN_POINT('',(35.,6.45,-2.1));
#5428 = VECTOR('',#5429,1.);
#5429 = DIRECTION('',(1.527872730081E-16,-1.,-3.790621261728E-17));
#5430 = PCURVE('',#4214,#5431);
#5431 = DEFINITIONAL_REPRESENTATION('',(#5432),#5435);
#5432 = B_SPLINE_CURVE_WITH_KNOTS('',1,(#5433,#5434),.UNSPECIFIED.,.F.,
  .F.,(2,2),(-9.05,-6.45),.PIECEWISE_BEZIER_KNOTS.);
#5433 = CARTESIAN_POINT('',(15.5,3.4));
#5434 = CARTESIAN_POINT('',(12.9,3.4));
#5435 = ( GEOMETRIC_REPRESENTATION_CONTEXT(2) 
PARAMETRIC_REPRESENTATION_CONTEXT() REPRESENTATION_CONTEXT('2D SPACE',''
  ) );
#5436 = PCURVE('',#5437,#5442);
#5437 = PLANE('',#5438);
#5438 = AXIS2_PLACEMENT_3D('',#5439,#5440,#5441);
#5439 = CARTESIAN_POINT('',(-15.,12.9,-2.1));
#5440 = DIRECTION('',(-1.793803890391E-16,-3.790621261728E-17,1.));
#5441 = DIRECTION('',(-1.527872730081E-16,1.,3.790621261728E-17));
#5442 = DEFINITIONAL_REPRESENTATION('',(#5443),#5446);
#5443 = B_SPLINE_CURVE_WITH_KNOTS('',1,(#5444,#5445),.UNSPECIFIED.,.F.,
  .F.,(2,2),(-9.05,-6.45),.PIECEWISE_BEZIER_KNOTS.);
#5444 = CARTESIAN_POINT('',(2.6,-50.));
#5445 = CARTESIAN_POINT('',(0.,-50.));
#5446 = ( GEOMETRIC_REPRESENTATION_CONTEXT(2) 
PARAMETRIC_REPRESENTATION_CONTEXT() REPRESENTATION_CONTEXT('2D SPACE',''
  ) );
#5447 = ORIENTED_EDGE('',*,*,#5448,.F.);
#5448 = EDGE_CURVE('',#4380,#5423,#5449,.T.);
#5449 = SURFACE_CURVE('',#5450,(#5454,#5460),.PCURVE_S1.);
#5450 = LINE('',#5451,#5452);
#5451 = CARTESIAN_POINT('',(35.,15.5,-3.8));
#5452 = VECTOR('',#5453,1.);
#5453 = DIRECTION('',(-1.793803890391E-16,-3.790621261728E-17,1.));
#5454 = PCURVE('',#4214,#5455);
#5455 = DEFINITIONAL_REPRESENTATION('',(#5456),#5459);
#5456 = B_SPLINE_CURVE_WITH_KNOTS('',1,(#5457,#5458),.UNSPECIFIED.,.F.,
  .F.,(2,2),(-4.1,1.7),.PIECEWISE_BEZIER_KNOTS.);
#5457 = CARTESIAN_POINT('',(15.5,-2.4));
#5458 = CARTESIAN_POINT('',(15.5,3.4));
#5459 = ( GEOMETRIC_REPRESENTATION_CONTEXT(2) 
PARAMETRIC_REPRESENTATION_CONTEXT() REPRESENTATION_CONTEXT('2D SPACE',''
  ) );
#5460 = PCURVE('',#5461,#5466);
#5461 = PLANE('',#5462);
#5462 = AXIS2_PLACEMENT_3D('',#5463,#5464,#5465);
#5463 = CARTESIAN_POINT('',(-15.,15.5,-2.1));
#5464 = DIRECTION('',(-1.527872730081E-16,1.,3.790621261728E-17));
#5465 = DIRECTION('',(1.793803890391E-16,3.790621261728E-17,-1.));
#5466 = DEFINITIONAL_REPRESENTATION('',(#5467),#5470);
#5467 = B_SPLINE_CURVE_WITH_KNOTS('',1,(#5468,#5469),.UNSPECIFIED.,.F.,
  .F.,(2,2),(-4.1,1.7),.PIECEWISE_BEZIER_KNOTS.);
#5468 = CARTESIAN_POINT('',(5.8,-50.));
#5469 = CARTESIAN_POINT('',(0.,-50.));
#5470 = ( GEOMETRIC_REPRESENTATION_CONTEXT(2) 
PARAMETRIC_REPRESENTATION_CONTEXT() REPRESENTATION_CONTEXT('2D SPACE',''
  ) );
#5471 = FACE_BOUND('',#5472,.F.);
#5472 = EDGE_LOOP('',(#5473));
#5473 = ORIENTED_EDGE('',*,*,#5474,.T.);
#5474 = EDGE_CURVE('',#5475,#5475,#5477,.T.);
#5475 = VERTEX_POINT('',#5476);
#5476 = CARTESIAN_POINT('',(35.,1.1,-19.3));
#5477 = SURFACE_CURVE('',#5478,(#5483,#5494),.PCURVE_S1.);
#5478 = CIRCLE('',#5479,1.1);
#5479 = AXIS2_PLACEMENT_3D('',#5480,#5481,#5482);
#5480 = CARTESIAN_POINT('',(35.,-2.080834325082E-15,-19.3));
#5481 = DIRECTION('',(-1.,-1.527872730081E-16,-1.793803890391E-16));
#5482 = DIRECTION('',(-1.527872730081E-16,1.,3.790621261728E-17));
#5483 = PCURVE('',#4214,#5484);
#5484 = DEFINITIONAL_REPRESENTATION('',(#5485),#5493);
#5485 = ( BOUNDED_CURVE() B_SPLINE_CURVE(2,(#5486,#5487,#5488,#5489,
#5490,#5491,#5492),.UNSPECIFIED.,.T.,.F.) B_SPLINE_CURVE_WITH_KNOTS((1,2
    ,2,2,2,1),(-2.094395102393,0.,2.094395102393,4.188790204786,
6.28318530718,8.377580409573),.UNSPECIFIED.) CURVE() 
GEOMETRIC_REPRESENTATION_ITEM() RATIONAL_B_SPLINE_CURVE((1.,0.5,1.,0.5,
1.,0.5,1.)) REPRESENTATION_ITEM('') );
#5486 = CARTESIAN_POINT('',(1.1,-13.8));
#5487 = CARTESIAN_POINT('',(1.1,-15.70525588832));
#5488 = CARTESIAN_POINT('',(-0.55,-14.75262794416));
#5489 = CARTESIAN_POINT('',(-2.2,-13.8));
#5490 = CARTESIAN_POINT('',(-0.55,-12.84737205583));
#5491 = CARTESIAN_POINT('',(1.1,-11.89474411167));
#5492 = CARTESIAN_POINT('',(1.1,-13.8));
#5493 = ( GEOMETRIC_REPRESENTATION_CONTEXT(2) 
PARAMETRIC_REPRESENTATION_CONTEXT() REPRESENTATION_CONTEXT('2D SPACE',''
  ) );
#5494 = PCURVE('',#5495,#5500);
#5495 = CYLINDRICAL_SURFACE('',#5496,1.1);
#5496 = AXIS2_PLACEMENT_3D('',#5497,#5498,#5499);
#5497 = CARTESIAN_POINT('',(-15.,-9.720197975489E-15,-19.3));
#5498 = DIRECTION('',(-1.,-1.527872730081E-16,-1.793803890391E-16));
#5499 = DIRECTION('',(-1.527872730081E-16,1.,3.790621261728E-17));
#5500 = DEFINITIONAL_REPRESENTATION('',(#5501),#5505);
#5501 = LINE('',#5502,#5503);
#5502 = CARTESIAN_POINT('',(-6.28318530718,-50.));
#5503 = VECTOR('',#5504,1.);
#5504 = DIRECTION('',(1.,-0.));
#5505 = ( GEOMETRIC_REPRESENTATION_CONTEXT(2) 
PARAMETRIC_REPRESENTATION_CONTEXT() REPRESENTATION_CONTEXT('2D SPACE',''
  ) );
#5506 = FACE_BOUND('',#5507,.F.);
#5507 = EDGE_LOOP('',(#5508,#5536,#5562,#5588));
#5508 = ORIENTED_EDGE('',*,*,#5509,.T.);
#5509 = EDGE_CURVE('',#5510,#5512,#5514,.T.);
#5510 = VERTEX_POINT('',#5511);
#5511 = CARTESIAN_POINT('',(35.,-6.3,6.2));
#5512 = VERTEX_POINT('',#5513);
#5513 = CARTESIAN_POINT('',(35.,6.3,6.2));
#5514 = SURFACE_CURVE('',#5515,(#5519,#5525),.PCURVE_S1.);
#5515 = LINE('',#5516,#5517);
#5516 = CARTESIAN_POINT('',(35.,3.15,6.2));
#5517 = VECTOR('',#5518,1.);
#5518 = DIRECTION('',(-1.527872730081E-16,1.,3.790621261728E-17));
#5519 = PCURVE('',#4214,#5520);
#5520 = DEFINITIONAL_REPRESENTATION('',(#5521),#5524);
#5521 = B_SPLINE_CURVE_WITH_KNOTS('',1,(#5522,#5523),.UNSPECIFIED.,.F.,
  .F.,(2,2),(-9.45,3.15),.PIECEWISE_BEZIER_KNOTS.);
#5522 = CARTESIAN_POINT('',(-6.3,11.7));
#5523 = CARTESIAN_POINT('',(6.3,11.7));
#5524 = ( GEOMETRIC_REPRESENTATION_CONTEXT(2) 
PARAMETRIC_REPRESENTATION_CONTEXT() REPRESENTATION_CONTEXT('2D SPACE',''
  ) );
#5525 = PCURVE('',#5526,#5531);
#5526 = PLANE('',#5527);
#5527 = AXIS2_PLACEMENT_3D('',#5528,#5529,#5530);
#5528 = CARTESIAN_POINT('',(-15.,6.3,6.2));
#5529 = DIRECTION('',(1.793803890391E-16,3.790621261728E-17,-1.));
#5530 = DIRECTION('',(1.527872730081E-16,-1.,-3.790621261728E-17));
#5531 = DEFINITIONAL_REPRESENTATION('',(#5532),#5535);
#5532 = B_SPLINE_CURVE_WITH_KNOTS('',1,(#5533,#5534),.UNSPECIFIED.,.F.,
  .F.,(2,2),(-9.45,3.15),.PIECEWISE_BEZIER_KNOTS.);
#5533 = CARTESIAN_POINT('',(12.6,-50.));
#5534 = CARTESIAN_POINT('',(0.,-50.));
#5535 = ( GEOMETRIC_REPRESENTATION_CONTEXT(2) 
PARAMETRIC_REPRESENTATION_CONTEXT() REPRESENTATION_CONTEXT('2D SPACE',''
  ) );
#5536 = ORIENTED_EDGE('',*,*,#5537,.T.);
#5537 = EDGE_CURVE('',#5512,#5538,#5540,.T.);
#5538 = VERTEX_POINT('',#5539);
#5539 = CARTESIAN_POINT('',(35.,6.3,-17.));
#5540 = SURFACE_CURVE('',#5541,(#5545,#5551),.PCURVE_S1.);
#5541 = LINE('',#5542,#5543);
#5542 = CARTESIAN_POINT('',(35.,6.3,-11.25));
#5543 = VECTOR('',#5544,1.);
#5544 = DIRECTION('',(1.793803890391E-16,-3.773399560014E-19,-1.));
#5545 = PCURVE('',#4214,#5546);
#5546 = DEFINITIONAL_REPRESENTATION('',(#5547),#5550);
#5547 = B_SPLINE_CURVE_WITH_KNOTS('',1,(#5548,#5549),.UNSPECIFIED.,.F.,
  .F.,(2,2),(-17.45,5.75),.PIECEWISE_BEZIER_KNOTS.);
#5548 = CARTESIAN_POINT('',(6.3,11.7));
#5549 = CARTESIAN_POINT('',(6.3,-11.5));
#5550 = ( GEOMETRIC_REPRESENTATION_CONTEXT(2) 
PARAMETRIC_REPRESENTATION_CONTEXT() REPRESENTATION_CONTEXT('2D SPACE',''
  ) );
#5551 = PCURVE('',#5552,#5557);
#5552 = PLANE('',#5553);
#5553 = AXIS2_PLACEMENT_3D('',#5554,#5555,#5556);
#5554 = CARTESIAN_POINT('',(-15.,6.3,-17.));
#5555 = DIRECTION('',(1.527872730081E-16,-1.,3.773399560014E-19));
#5556 = DIRECTION('',(-1.793803890391E-16,3.773399560014E-19,1.));
#5557 = DEFINITIONAL_REPRESENTATION('',(#5558),#5561);
#5558 = B_SPLINE_CURVE_WITH_KNOTS('',1,(#5559,#5560),.UNSPECIFIED.,.F.,
  .F.,(2,2),(-17.45,5.75),.PIECEWISE_BEZIER_KNOTS.);
#5559 = CARTESIAN_POINT('',(23.2,-50.));
#5560 = CARTESIAN_POINT('',(0.,-50.));
#5561 = ( GEOMETRIC_REPRESENTATION_CONTEXT(2) 
PARAMETRIC_REPRESENTATION_CONTEXT() REPRESENTATION_CONTEXT('2D SPACE',''
  ) );
#5562 = ORIENTED_EDGE('',*,*,#5563,.T.);
#5563 = EDGE_CURVE('',#5538,#5564,#5566,.T.);
#5564 = VERTEX_POINT('',#5565);
#5565 = CARTESIAN_POINT('',(35.,-6.3,-17.));
#5566 = SURFACE_CURVE('',#5567,(#5571,#5577),.PCURVE_S1.);
#5567 = LINE('',#5568,#5569);
#5568 = CARTESIAN_POINT('',(35.,-3.15,-17.));
#5569 = VECTOR('',#5570,1.);
#5570 = DIRECTION('',(1.527872730081E-16,-1.,-3.790621261728E-17));
#5571 = PCURVE('',#4214,#5572);
#5572 = DEFINITIONAL_REPRESENTATION('',(#5573),#5576);
#5573 = B_SPLINE_CURVE_WITH_KNOTS('',1,(#5574,#5575),.UNSPECIFIED.,.F.,
  .F.,(2,2),(-9.45,3.15),.PIECEWISE_BEZIER_KNOTS.);
#5574 = CARTESIAN_POINT('',(6.3,-11.5));
#5575 = CARTESIAN_POINT('',(-6.3,-11.5));
#5576 = ( GEOMETRIC_REPRESENTATION_CONTEXT(2) 
PARAMETRIC_REPRESENTATION_CONTEXT() REPRESENTATION_CONTEXT('2D SPACE',''
  ) );
#5577 = PCURVE('',#5578,#5583);
#5578 = PLANE('',#5579);
#5579 = AXIS2_PLACEMENT_3D('',#5580,#5581,#5582);
#5580 = CARTESIAN_POINT('',(-15.,-6.3,-17.));
#5581 = DIRECTION('',(-1.793803890391E-16,-3.790621261728E-17,1.));
#5582 = DIRECTION('',(-1.527872730081E-16,1.,3.790621261728E-17));
#5583 = DEFINITIONAL_REPRESENTATION('',(#5584),#5587);
#5584 = B_SPLINE_CURVE_WITH_KNOTS('',1,(#5585,#5586),.UNSPECIFIED.,.F.,
  .F.,(2,2),(-9.45,3.15),.PIECEWISE_BEZIER_KNOTS.);
#5585 = CARTESIAN_POINT('',(12.6,-50.));
#5586 = CARTESIAN_POINT('',(0.,-50.));
#5587 = ( GEOMETRIC_REPRESENTATION_CONTEXT(2) 
PARAMETRIC_REPRESENTATION_CONTEXT() REPRESENTATION_CONTEXT('2D SPACE',''
  ) );
#5588 = ORIENTED_EDGE('',*,*,#5589,.T.);
#5589 = EDGE_CURVE('',#5564,#5510,#5590,.T.);
#5590 = SURFACE_CURVE('',#5591,(#5595,#5601),.PCURVE_S1.);
#5591 = LINE('',#5592,#5593);
#5592 = CARTESIAN_POINT('',(35.,-6.3,0.35));
#5593 = VECTOR('',#5594,1.);
#5594 = DIRECTION('',(-1.793803890391E-16,3.773399560014E-19,1.));
#5595 = PCURVE('',#4214,#5596);
#5596 = DEFINITIONAL_REPRESENTATION('',(#5597),#5600);
#5597 = B_SPLINE_CURVE_WITH_KNOTS('',1,(#5598,#5599),.UNSPECIFIED.,.F.,
  .F.,(2,2),(-17.35,5.85),.PIECEWISE_BEZIER_KNOTS.);
#5598 = CARTESIAN_POINT('',(-6.3,-11.5));
#5599 = CARTESIAN_POINT('',(-6.3,11.7));
#5600 = ( GEOMETRIC_REPRESENTATION_CONTEXT(2) 
PARAMETRIC_REPRESENTATION_CONTEXT() REPRESENTATION_CONTEXT('2D SPACE',''
  ) );
#5601 = PCURVE('',#5602,#5607);
#5602 = PLANE('',#5603);
#5603 = AXIS2_PLACEMENT_3D('',#5604,#5605,#5606);
#5604 = CARTESIAN_POINT('',(-15.,-6.3,6.2));
#5605 = DIRECTION('',(-1.527872730081E-16,1.,-3.773399560014E-19));
#5606 = DIRECTION('',(1.793803890391E-16,-3.773399560014E-19,-1.));
#5607 = DEFINITIONAL_REPRESENTATION('',(#5608),#5611);
#5608 = B_SPLINE_CURVE_WITH_KNOTS('',1,(#5609,#5610),.UNSPECIFIED.,.F.,
  .F.,(2,2),(-17.35,5.85),.PIECEWISE_BEZIER_KNOTS.);
#5609 = CARTESIAN_POINT('',(23.2,-50.));
#5610 = CARTESIAN_POINT('',(0.,-50.));
#5611 = ( GEOMETRIC_REPRESENTATION_CONTEXT(2) 
PARAMETRIC_REPRESENTATION_CONTEXT() REPRESENTATION_CONTEXT('2D SPACE',''
  ) );
#5612 = FACE_BOUND('',#5613,.F.);
#5613 = EDGE_LOOP('',(#5614));
#5614 = ORIENTED_EDGE('',*,*,#5615,.T.);
#5615 = EDGE_CURVE('',#5616,#5616,#5618,.T.);
#5616 = VERTEX_POINT('',#5617);
#5617 = CARTESIAN_POINT('',(35.,1.1,8.5));
#5618 = SURFACE_CURVE('',#5619,(#5624,#5635),.PCURVE_S1.);
#5619 = CIRCLE('',#5620,1.1);
#5620 = AXIS2_PLACEMENT_3D('',#5621,#5622,#5623);
#5621 = CARTESIAN_POINT('',(35.,-1.432367985027E-15,8.5));
#5622 = DIRECTION('',(-1.,-1.527872730081E-16,-1.793803890391E-16));
#5623 = DIRECTION('',(-1.527872730081E-16,1.,3.790621261728E-17));
#5624 = PCURVE('',#4214,#5625);
#5625 = DEFINITIONAL_REPRESENTATION('',(#5626),#5634);
#5626 = ( BOUNDED_CURVE() B_SPLINE_CURVE(2,(#5627,#5628,#5629,#5630,
#5631,#5632,#5633),.UNSPECIFIED.,.T.,.F.) B_SPLINE_CURVE_WITH_KNOTS((1,2
    ,2,2,2,1),(-2.094395102393,0.,2.094395102393,4.188790204786,
6.28318530718,8.377580409573),.UNSPECIFIED.) CURVE() 
GEOMETRIC_REPRESENTATION_ITEM() RATIONAL_B_SPLINE_CURVE((1.,0.5,1.,0.5,
1.,0.5,1.)) REPRESENTATION_ITEM('') );
#5627 = CARTESIAN_POINT('',(1.1,14.));
#5628 = CARTESIAN_POINT('',(1.1,12.094744111674));
#5629 = CARTESIAN_POINT('',(-0.55,13.047372055837));
#5630 = CARTESIAN_POINT('',(-2.2,14.));
#5631 = CARTESIAN_POINT('',(-0.55,14.952627944163));
#5632 = CARTESIAN_POINT('',(1.1,15.905255888326));
#5633 = CARTESIAN_POINT('',(1.1,14.));
#5634 = ( GEOMETRIC_REPRESENTATION_CONTEXT(2) 
PARAMETRIC_REPRESENTATION_CONTEXT() REPRESENTATION_CONTEXT('2D SPACE',''
  ) );
#5635 = PCURVE('',#5636,#5641);
#5636 = CYLINDRICAL_SURFACE('',#5637,1.1);
#5637 = AXIS2_PLACEMENT_3D('',#5638,#5639,#5640);
#5638 = CARTESIAN_POINT('',(-15.,-9.071731635435E-15,8.5));
#5639 = DIRECTION('',(-1.,-1.527872730081E-16,-1.793803890391E-16));
#5640 = DIRECTION('',(-1.527872730081E-16,1.,3.790621261728E-17));
#5641 = DEFINITIONAL_REPRESENTATION('',(#5642),#5646);
#5642 = LINE('',#5643,#5644);
#5643 = CARTESIAN_POINT('',(-6.28318530718,-50.));
#5644 = VECTOR('',#5645,1.);
#5645 = DIRECTION('',(1.,-0.));
#5646 = ( GEOMETRIC_REPRESENTATION_CONTEXT(2) 
PARAMETRIC_REPRESENTATION_CONTEXT() REPRESENTATION_CONTEXT('2D SPACE',''
  ) );
#5647 = ADVANCED_FACE('',(#5648,#6550,#6580,#6666),#4160,.T.);
#5648 = FACE_BOUND('',#5649,.T.);
#5649 = EDGE_LOOP('',(#5650,#5673,#5696,#5719,#5742,#5765,#5788,#5811,
    #5834,#5857,#5880,#5903,#5926,#5947,#5968,#5989,#6010,#6031,#6052,
    #6073,#6094,#6115,#6136,#6157,#6180,#6203,#6226,#6247,#6248,#6249,
    #6250,#6273,#6296,#6319,#6342,#6363,#6384,#6405,#6426,#6447,#6468,
    #6489,#6510,#6531));
#5650 = ORIENTED_EDGE('',*,*,#5651,.F.);
#5651 = EDGE_CURVE('',#5652,#5654,#5656,.T.);
#5652 = VERTEX_POINT('',#5653);
#5653 = CARTESIAN_POINT('',(38.,20.,-3.35));
#5654 = VERTEX_POINT('',#5655);
#5655 = CARTESIAN_POINT('',(38.,15.5,-3.35));
#5656 = SURFACE_CURVE('',#5657,(#5661,#5667),.PCURVE_S1.);
#5657 = LINE('',#5658,#5659);
#5658 = CARTESIAN_POINT('',(38.,5.,-3.35));
#5659 = VECTOR('',#5660,1.);
#5660 = DIRECTION('',(1.527872730081E-16,-1.,-3.790621261728E-17));
#5661 = PCURVE('',#4160,#5662);
#5662 = DEFINITIONAL_REPRESENTATION('',(#5663),#5666);
#5663 = B_SPLINE_CURVE_WITH_KNOTS('',1,(#5664,#5665),.UNSPECIFIED.,.F.,
  .F.,(2,2),(-15.,-5.),.PIECEWISE_BEZIER_KNOTS.);
#5664 = CARTESIAN_POINT('',(20.,2.15));
#5665 = CARTESIAN_POINT('',(10.,2.15));
#5666 = ( GEOMETRIC_REPRESENTATION_CONTEXT(2) 
PARAMETRIC_REPRESENTATION_CONTEXT() REPRESENTATION_CONTEXT('2D SPACE',''
  ) );
#5667 = PCURVE('',#4394,#5668);
#5668 = DEFINITIONAL_REPRESENTATION('',(#5669),#5672);
#5669 = B_SPLINE_CURVE_WITH_KNOTS('',1,(#5670,#5671),.UNSPECIFIED.,.F.,
  .F.,(2,2),(-15.,-5.),.PIECEWISE_BEZIER_KNOTS.);
#5670 = CARTESIAN_POINT('',(10.,-53.));
#5671 = CARTESIAN_POINT('',(0.,-53.));
#5672 = ( GEOMETRIC_REPRESENTATION_CONTEXT(2) 
PARAMETRIC_REPRESENTATION_CONTEXT() REPRESENTATION_CONTEXT('2D SPACE',''
  ) );
#5673 = ORIENTED_EDGE('',*,*,#5674,.T.);
#5674 = EDGE_CURVE('',#5652,#5675,#5677,.T.);
#5675 = VERTEX_POINT('',#5676);
#5676 = CARTESIAN_POINT('',(38.,20.,2.));
#5677 = SURFACE_CURVE('',#5678,(#5682,#5689),.PCURVE_S1.);
#5678 = LINE('',#5679,#5680);
#5679 = CARTESIAN_POINT('',(38.,20.,-23.));
#5680 = VECTOR('',#5681,1.);
#5681 = DIRECTION('',(-1.793803890391E-16,-3.790621261728E-17,1.));
#5682 = PCURVE('',#4160,#5683);
#5683 = DEFINITIONAL_REPRESENTATION('',(#5684),#5688);
#5684 = LINE('',#5685,#5686);
#5685 = CARTESIAN_POINT('',(20.,-17.5));
#5686 = VECTOR('',#5687,1.);
#5687 = DIRECTION('',(0.,1.));
#5688 = ( GEOMETRIC_REPRESENTATION_CONTEXT(2) 
PARAMETRIC_REPRESENTATION_CONTEXT() REPRESENTATION_CONTEXT('2D SPACE',''
  ) );
#5689 = PCURVE('',#4421,#5690);
#5690 = DEFINITIONAL_REPRESENTATION('',(#5691),#5695);
#5691 = LINE('',#5692,#5693);
#5692 = CARTESIAN_POINT('',(0.,-3.));
#5693 = VECTOR('',#5694,1.);
#5694 = DIRECTION('',(1.,0.));
#5695 = ( GEOMETRIC_REPRESENTATION_CONTEXT(2) 
PARAMETRIC_REPRESENTATION_CONTEXT() REPRESENTATION_CONTEXT('2D SPACE',''
  ) );
#5696 = ORIENTED_EDGE('',*,*,#5697,.T.);
#5697 = EDGE_CURVE('',#5675,#5698,#5700,.T.);
#5698 = VERTEX_POINT('',#5699);
#5699 = CARTESIAN_POINT('',(38.,23.,2.));
#5700 = SURFACE_CURVE('',#5701,(#5705,#5712),.PCURVE_S1.);
#5701 = LINE('',#5702,#5703);
#5702 = CARTESIAN_POINT('',(38.,19.99,2.));
#5703 = VECTOR('',#5704,1.);
#5704 = DIRECTION('',(-1.527872730081E-16,1.,3.790621261728E-17));
#5705 = PCURVE('',#4160,#5706);
#5706 = DEFINITIONAL_REPRESENTATION('',(#5707),#5711);
#5707 = LINE('',#5708,#5709);
#5708 = CARTESIAN_POINT('',(19.99,7.5));
#5709 = VECTOR('',#5710,1.);
#5710 = DIRECTION('',(1.,0.));
#5711 = ( GEOMETRIC_REPRESENTATION_CONTEXT(2) 
PARAMETRIC_REPRESENTATION_CONTEXT() REPRESENTATION_CONTEXT('2D SPACE',''
  ) );
#5712 = PCURVE('',#4449,#5713);
#5713 = DEFINITIONAL_REPRESENTATION('',(#5714),#5718);
#5714 = LINE('',#5715,#5716);
#5715 = CARTESIAN_POINT('',(0.,-3.));
#5716 = VECTOR('',#5717,1.);
#5717 = DIRECTION('',(1.,0.));
#5718 = ( GEOMETRIC_REPRESENTATION_CONTEXT(2) 
PARAMETRIC_REPRESENTATION_CONTEXT() REPRESENTATION_CONTEXT('2D SPACE',''
  ) );
#5719 = ORIENTED_EDGE('',*,*,#5720,.T.);
#5720 = EDGE_CURVE('',#5698,#5721,#5723,.T.);
#5721 = VERTEX_POINT('',#5722);
#5722 = CARTESIAN_POINT('',(38.,23.,10.));
#5723 = SURFACE_CURVE('',#5724,(#5728,#5735),.PCURVE_S1.);
#5724 = LINE('',#5725,#5726);
#5725 = CARTESIAN_POINT('',(38.,23.,2.));
#5726 = VECTOR('',#5727,1.);
#5727 = DIRECTION('',(-1.793803890391E-16,-3.790621261728E-17,1.));
#5728 = PCURVE('',#4160,#5729);
#5729 = DEFINITIONAL_REPRESENTATION('',(#5730),#5734);
#5730 = LINE('',#5731,#5732);
#5731 = CARTESIAN_POINT('',(23.,7.5));
#5732 = VECTOR('',#5733,1.);
#5733 = DIRECTION('',(0.,1.));
#5734 = ( GEOMETRIC_REPRESENTATION_CONTEXT(2) 
PARAMETRIC_REPRESENTATION_CONTEXT() REPRESENTATION_CONTEXT('2D SPACE',''
  ) );
#5735 = PCURVE('',#4477,#5736);
#5736 = DEFINITIONAL_REPRESENTATION('',(#5737),#5741);
#5737 = LINE('',#5738,#5739);
#5738 = CARTESIAN_POINT('',(0.,-3.));
#5739 = VECTOR('',#5740,1.);
#5740 = DIRECTION('',(1.,0.));
#5741 = ( GEOMETRIC_REPRESENTATION_CONTEXT(2) 
PARAMETRIC_REPRESENTATION_CONTEXT() REPRESENTATION_CONTEXT('2D SPACE',''
  ) );
#5742 = ORIENTED_EDGE('',*,*,#5743,.T.);
#5743 = EDGE_CURVE('',#5721,#5744,#5746,.T.);
#5744 = VERTEX_POINT('',#5745);
#5745 = CARTESIAN_POINT('',(38.,20.,10.));
#5746 = SURFACE_CURVE('',#5747,(#5751,#5758),.PCURVE_S1.);
#5747 = LINE('',#5748,#5749);
#5748 = CARTESIAN_POINT('',(38.,23.,10.));
#5749 = VECTOR('',#5750,1.);
#5750 = DIRECTION('',(1.527872730081E-16,-1.,-3.790621261728E-17));
#5751 = PCURVE('',#4160,#5752);
#5752 = DEFINITIONAL_REPRESENTATION('',(#5753),#5757);
#5753 = LINE('',#5754,#5755);
#5754 = CARTESIAN_POINT('',(23.,15.5));
#5755 = VECTOR('',#5756,1.);
#5756 = DIRECTION('',(-1.,0.));
#5757 = ( GEOMETRIC_REPRESENTATION_CONTEXT(2) 
PARAMETRIC_REPRESENTATION_CONTEXT() REPRESENTATION_CONTEXT('2D SPACE',''
  ) );
#5758 = PCURVE('',#4505,#5759);
#5759 = DEFINITIONAL_REPRESENTATION('',(#5760),#5764);
#5760 = LINE('',#5761,#5762);
#5761 = CARTESIAN_POINT('',(0.,-3.));
#5762 = VECTOR('',#5763,1.);
#5763 = DIRECTION('',(1.,0.));
#5764 = ( GEOMETRIC_REPRESENTATION_CONTEXT(2) 
PARAMETRIC_REPRESENTATION_CONTEXT() REPRESENTATION_CONTEXT('2D SPACE',''
  ) );
#5765 = ORIENTED_EDGE('',*,*,#5766,.T.);
#5766 = EDGE_CURVE('',#5744,#5767,#5769,.T.);
#5767 = VERTEX_POINT('',#5768);
#5768 = CARTESIAN_POINT('',(38.,20.,12.));
#5769 = SURFACE_CURVE('',#5770,(#5774,#5781),.PCURVE_S1.);
#5770 = LINE('',#5771,#5772);
#5771 = CARTESIAN_POINT('',(38.,20.,-23.));
#5772 = VECTOR('',#5773,1.);
#5773 = DIRECTION('',(-1.793803890391E-16,-3.790621261728E-17,1.));
#5774 = PCURVE('',#4160,#5775);
#5775 = DEFINITIONAL_REPRESENTATION('',(#5776),#5780);
#5776 = LINE('',#5777,#5778);
#5777 = CARTESIAN_POINT('',(20.,-17.5));
#5778 = VECTOR('',#5779,1.);
#5779 = DIRECTION('',(0.,1.));
#5780 = ( GEOMETRIC_REPRESENTATION_CONTEXT(2) 
PARAMETRIC_REPRESENTATION_CONTEXT() REPRESENTATION_CONTEXT('2D SPACE',''
  ) );
#5781 = PCURVE('',#4533,#5782);
#5782 = DEFINITIONAL_REPRESENTATION('',(#5783),#5787);
#5783 = LINE('',#5784,#5785);
#5784 = CARTESIAN_POINT('',(0.,-3.));
#5785 = VECTOR('',#5786,1.);
#5786 = DIRECTION('',(1.,0.));
#5787 = ( GEOMETRIC_REPRESENTATION_CONTEXT(2) 
PARAMETRIC_REPRESENTATION_CONTEXT() REPRESENTATION_CONTEXT('2D SPACE',''
  ) );
#5788 = ORIENTED_EDGE('',*,*,#5789,.T.);
#5789 = EDGE_CURVE('',#5767,#5790,#5792,.T.);
#5790 = VERTEX_POINT('',#5791);
#5791 = CARTESIAN_POINT('',(38.,-20.,12.));
#5792 = SURFACE_CURVE('',#5793,(#5797,#5804),.PCURVE_S1.);
#5793 = LINE('',#5794,#5795);
#5794 = CARTESIAN_POINT('',(38.,20.,12.));
#5795 = VECTOR('',#5796,1.);
#5796 = DIRECTION('',(1.527872730081E-16,-1.,-3.790621261728E-17));
#5797 = PCURVE('',#4160,#5798);
#5798 = DEFINITIONAL_REPRESENTATION('',(#5799),#5803);
#5799 = LINE('',#5800,#5801);
#5800 = CARTESIAN_POINT('',(20.,17.5));
#5801 = VECTOR('',#5802,1.);
#5802 = DIRECTION('',(-1.,0.));
#5803 = ( GEOMETRIC_REPRESENTATION_CONTEXT(2) 
PARAMETRIC_REPRESENTATION_CONTEXT() REPRESENTATION_CONTEXT('2D SPACE',''
  ) );
#5804 = PCURVE('',#4561,#5805);
#5805 = DEFINITIONAL_REPRESENTATION('',(#5806),#5810);
#5806 = LINE('',#5807,#5808);
#5807 = CARTESIAN_POINT('',(0.,-3.));
#5808 = VECTOR('',#5809,1.);
#5809 = DIRECTION('',(1.,0.));
#5810 = ( GEOMETRIC_REPRESENTATION_CONTEXT(2) 
PARAMETRIC_REPRESENTATION_CONTEXT() REPRESENTATION_CONTEXT('2D SPACE',''
  ) );
#5811 = ORIENTED_EDGE('',*,*,#5812,.T.);
#5812 = EDGE_CURVE('',#5790,#5813,#5815,.T.);
#5813 = VERTEX_POINT('',#5814);
#5814 = CARTESIAN_POINT('',(38.,-20.,10.));
#5815 = SURFACE_CURVE('',#5816,(#5820,#5827),.PCURVE_S1.);
#5816 = LINE('',#5817,#5818);
#5817 = CARTESIAN_POINT('',(38.,-20.,12.));
#5818 = VECTOR('',#5819,1.);
#5819 = DIRECTION('',(1.793803890391E-16,3.790621261728E-17,-1.));
#5820 = PCURVE('',#4160,#5821);
#5821 = DEFINITIONAL_REPRESENTATION('',(#5822),#5826);
#5822 = LINE('',#5823,#5824);
#5823 = CARTESIAN_POINT('',(-20.,17.5));
#5824 = VECTOR('',#5825,1.);
#5825 = DIRECTION('',(0.,-1.));
#5826 = ( GEOMETRIC_REPRESENTATION_CONTEXT(2) 
PARAMETRIC_REPRESENTATION_CONTEXT() REPRESENTATION_CONTEXT('2D SPACE',''
  ) );
#5827 = PCURVE('',#4589,#5828);
#5828 = DEFINITIONAL_REPRESENTATION('',(#5829),#5833);
#5829 = LINE('',#5830,#5831);
#5830 = CARTESIAN_POINT('',(0.,-3.));
#5831 = VECTOR('',#5832,1.);
#5832 = DIRECTION('',(1.,0.));
#5833 = ( GEOMETRIC_REPRESENTATION_CONTEXT(2) 
PARAMETRIC_REPRESENTATION_CONTEXT() REPRESENTATION_CONTEXT('2D SPACE',''
  ) );
#5834 = ORIENTED_EDGE('',*,*,#5835,.T.);
#5835 = EDGE_CURVE('',#5813,#5836,#5838,.T.);
#5836 = VERTEX_POINT('',#5837);
#5837 = CARTESIAN_POINT('',(38.,-23.,10.));
#5838 = SURFACE_CURVE('',#5839,(#5843,#5850),.PCURVE_S1.);
#5839 = LINE('',#5840,#5841);
#5840 = CARTESIAN_POINT('',(38.,-19.99,10.));
#5841 = VECTOR('',#5842,1.);
#5842 = DIRECTION('',(1.527872730081E-16,-1.,-3.790621261728E-17));
#5843 = PCURVE('',#4160,#5844);
#5844 = DEFINITIONAL_REPRESENTATION('',(#5845),#5849);
#5845 = LINE('',#5846,#5847);
#5846 = CARTESIAN_POINT('',(-19.99,15.5));
#5847 = VECTOR('',#5848,1.);
#5848 = DIRECTION('',(-1.,0.));
#5849 = ( GEOMETRIC_REPRESENTATION_CONTEXT(2) 
PARAMETRIC_REPRESENTATION_CONTEXT() REPRESENTATION_CONTEXT('2D SPACE',''
  ) );
#5850 = PCURVE('',#4617,#5851);
#5851 = DEFINITIONAL_REPRESENTATION('',(#5852),#5856);
#5852 = LINE('',#5853,#5854);
#5853 = CARTESIAN_POINT('',(0.,-3.));
#5854 = VECTOR('',#5855,1.);
#5855 = DIRECTION('',(1.,0.));
#5856 = ( GEOMETRIC_REPRESENTATION_CONTEXT(2) 
PARAMETRIC_REPRESENTATION_CONTEXT() REPRESENTATION_CONTEXT('2D SPACE',''
  ) );
#5857 = ORIENTED_EDGE('',*,*,#5858,.T.);
#5858 = EDGE_CURVE('',#5836,#5859,#5861,.T.);
#5859 = VERTEX_POINT('',#5860);
#5860 = CARTESIAN_POINT('',(38.,-23.,2.));
#5861 = SURFACE_CURVE('',#5862,(#5866,#5873),.PCURVE_S1.);
#5862 = LINE('',#5863,#5864);
#5863 = CARTESIAN_POINT('',(38.,-23.,10.));
#5864 = VECTOR('',#5865,1.);
#5865 = DIRECTION('',(1.793803890391E-16,3.790621261728E-17,-1.));
#5866 = PCURVE('',#4160,#5867);
#5867 = DEFINITIONAL_REPRESENTATION('',(#5868),#5872);
#5868 = LINE('',#5869,#5870);
#5869 = CARTESIAN_POINT('',(-23.,15.5));
#5870 = VECTOR('',#5871,1.);
#5871 = DIRECTION('',(0.,-1.));
#5872 = ( GEOMETRIC_REPRESENTATION_CONTEXT(2) 
PARAMETRIC_REPRESENTATION_CONTEXT() REPRESENTATION_CONTEXT('2D SPACE',''
  ) );
#5873 = PCURVE('',#4645,#5874);
#5874 = DEFINITIONAL_REPRESENTATION('',(#5875),#5879);
#5875 = LINE('',#5876,#5877);
#5876 = CARTESIAN_POINT('',(0.,-3.));
#5877 = VECTOR('',#5878,1.);
#5878 = DIRECTION('',(1.,0.));
#5879 = ( GEOMETRIC_REPRESENTATION_CONTEXT(2) 
PARAMETRIC_REPRESENTATION_CONTEXT() REPRESENTATION_CONTEXT('2D SPACE',''
  ) );
#5880 = ORIENTED_EDGE('',*,*,#5881,.T.);
#5881 = EDGE_CURVE('',#5859,#5882,#5884,.T.);
#5882 = VERTEX_POINT('',#5883);
#5883 = CARTESIAN_POINT('',(38.,-20.,2.));
#5884 = SURFACE_CURVE('',#5885,(#5889,#5896),.PCURVE_S1.);
#5885 = LINE('',#5886,#5887);
#5886 = CARTESIAN_POINT('',(38.,-23.,2.));
#5887 = VECTOR('',#5888,1.);
#5888 = DIRECTION('',(-1.527872730081E-16,1.,3.790621261728E-17));
#5889 = PCURVE('',#4160,#5890);
#5890 = DEFINITIONAL_REPRESENTATION('',(#5891),#5895);
#5891 = LINE('',#5892,#5893);
#5892 = CARTESIAN_POINT('',(-23.,7.5));
#5893 = VECTOR('',#5894,1.);
#5894 = DIRECTION('',(1.,0.));
#5895 = ( GEOMETRIC_REPRESENTATION_CONTEXT(2) 
PARAMETRIC_REPRESENTATION_CONTEXT() REPRESENTATION_CONTEXT('2D SPACE',''
  ) );
#5896 = PCURVE('',#4673,#5897);
#5897 = DEFINITIONAL_REPRESENTATION('',(#5898),#5902);
#5898 = LINE('',#5899,#5900);
#5899 = CARTESIAN_POINT('',(0.,-3.));
#5900 = VECTOR('',#5901,1.);
#5901 = DIRECTION('',(1.,0.));
#5902 = ( GEOMETRIC_REPRESENTATION_CONTEXT(2) 
PARAMETRIC_REPRESENTATION_CONTEXT() REPRESENTATION_CONTEXT('2D SPACE',''
  ) );
#5903 = ORIENTED_EDGE('',*,*,#5904,.T.);
#5904 = EDGE_CURVE('',#5882,#5905,#5907,.T.);
#5905 = VERTEX_POINT('',#5906);
#5906 = CARTESIAN_POINT('',(38.,-20.,-3.35));
#5907 = SURFACE_CURVE('',#5908,(#5912,#5919),.PCURVE_S1.);
#5908 = LINE('',#5909,#5910);
#5909 = CARTESIAN_POINT('',(38.,-20.,12.));
#5910 = VECTOR('',#5911,1.);
#5911 = DIRECTION('',(1.793803890391E-16,3.790621261728E-17,-1.));
#5912 = PCURVE('',#4160,#5913);
#5913 = DEFINITIONAL_REPRESENTATION('',(#5914),#5918);
#5914 = LINE('',#5915,#5916);
#5915 = CARTESIAN_POINT('',(-20.,17.5));
#5916 = VECTOR('',#5917,1.);
#5917 = DIRECTION('',(0.,-1.));
#5918 = ( GEOMETRIC_REPRESENTATION_CONTEXT(2) 
PARAMETRIC_REPRESENTATION_CONTEXT() REPRESENTATION_CONTEXT('2D SPACE',''
  ) );
#5919 = PCURVE('',#4701,#5920);
#5920 = DEFINITIONAL_REPRESENTATION('',(#5921),#5925);
#5921 = LINE('',#5922,#5923);
#5922 = CARTESIAN_POINT('',(0.,-3.));
#5923 = VECTOR('',#5924,1.);
#5924 = DIRECTION('',(1.,0.));
#5925 = ( GEOMETRIC_REPRESENTATION_CONTEXT(2) 
PARAMETRIC_REPRESENTATION_CONTEXT() REPRESENTATION_CONTEXT('2D SPACE',''
  ) );
#5926 = ORIENTED_EDGE('',*,*,#5927,.F.);
#5927 = EDGE_CURVE('',#5928,#5905,#5930,.T.);
#5928 = VERTEX_POINT('',#5929);
#5929 = CARTESIAN_POINT('',(38.,-15.5,-3.35));
#5930 = SURFACE_CURVE('',#5931,(#5935,#5941),.PCURVE_S1.);
#5931 = LINE('',#5932,#5933);
#5932 = CARTESIAN_POINT('',(38.,-10.,-3.35));
#5933 = VECTOR('',#5934,1.);
#5934 = DIRECTION('',(1.527872730081E-16,-1.,-3.790621261728E-17));
#5935 = PCURVE('',#4160,#5936);
#5936 = DEFINITIONAL_REPRESENTATION('',(#5937),#5940);
#5937 = B_SPLINE_CURVE_WITH_KNOTS('',1,(#5938,#5939),.UNSPECIFIED.,.F.,
  .F.,(2,2),(0.,10.),.PIECEWISE_BEZIER_KNOTS.);
#5938 = CARTESIAN_POINT('',(-10.,2.15));
#5939 = CARTESIAN_POINT('',(-20.,2.15));
#5940 = ( GEOMETRIC_REPRESENTATION_CONTEXT(2) 
PARAMETRIC_REPRESENTATION_CONTEXT() REPRESENTATION_CONTEXT('2D SPACE',''
  ) );
#5941 = PCURVE('',#4728,#5942);
#5942 = DEFINITIONAL_REPRESENTATION('',(#5943),#5946);
#5943 = B_SPLINE_CURVE_WITH_KNOTS('',1,(#5944,#5945),.UNSPECIFIED.,.F.,
  .F.,(2,2),(0.,10.),.PIECEWISE_BEZIER_KNOTS.);
#5944 = CARTESIAN_POINT('',(10.,-53.));
#5945 = CARTESIAN_POINT('',(0.,-53.));
#5946 = ( GEOMETRIC_REPRESENTATION_CONTEXT(2) 
PARAMETRIC_REPRESENTATION_CONTEXT() REPRESENTATION_CONTEXT('2D SPACE',''
  ) );
#5947 = ORIENTED_EDGE('',*,*,#5948,.F.);
#5948 = EDGE_CURVE('',#5949,#5928,#5951,.T.);
#5949 = VERTEX_POINT('',#5950);
#5950 = CARTESIAN_POINT('',(38.,-15.5,-2.1));
#5951 = SURFACE_CURVE('',#5952,(#5956,#5962),.PCURVE_S1.);
#5952 = LINE('',#5953,#5954);
#5953 = CARTESIAN_POINT('',(38.,-15.5,-6.7));
#5954 = VECTOR('',#5955,1.);
#5955 = DIRECTION('',(1.793803890391E-16,3.790621261728E-17,-1.));
#5956 = PCURVE('',#4160,#5957);
#5957 = DEFINITIONAL_REPRESENTATION('',(#5958),#5961);
#5958 = B_SPLINE_CURVE_WITH_KNOTS('',1,(#5959,#5960),.UNSPECIFIED.,.F.,
  .F.,(2,2),(-4.6,1.2),.PIECEWISE_BEZIER_KNOTS.);
#5959 = CARTESIAN_POINT('',(-15.5,3.4));
#5960 = CARTESIAN_POINT('',(-15.5,-2.4));
#5961 = ( GEOMETRIC_REPRESENTATION_CONTEXT(2) 
PARAMETRIC_REPRESENTATION_CONTEXT() REPRESENTATION_CONTEXT('2D SPACE',''
  ) );
#5962 = PCURVE('',#4754,#5963);
#5963 = DEFINITIONAL_REPRESENTATION('',(#5964),#5967);
#5964 = B_SPLINE_CURVE_WITH_KNOTS('',1,(#5965,#5966),.UNSPECIFIED.,.F.,
  .F.,(2,2),(-4.6,1.2),.PIECEWISE_BEZIER_KNOTS.);
#5965 = CARTESIAN_POINT('',(5.8,-53.));
#5966 = CARTESIAN_POINT('',(0.,-53.));
#5967 = ( GEOMETRIC_REPRESENTATION_CONTEXT(2) 
PARAMETRIC_REPRESENTATION_CONTEXT() REPRESENTATION_CONTEXT('2D SPACE',''
  ) );
#5968 = ORIENTED_EDGE('',*,*,#5969,.F.);
#5969 = EDGE_CURVE('',#5970,#5949,#5972,.T.);
#5970 = VERTEX_POINT('',#5971);
#5971 = CARTESIAN_POINT('',(38.,-12.9,-2.1));
#5972 = SURFACE_CURVE('',#5973,(#5977,#5983),.PCURVE_S1.);
#5973 = LINE('',#5974,#5975);
#5974 = CARTESIAN_POINT('',(38.,-7.75,-2.1));
#5975 = VECTOR('',#5976,1.);
#5976 = DIRECTION('',(1.527872730081E-16,-1.,-3.790621261728E-17));
#5977 = PCURVE('',#4160,#5978);
#5978 = DEFINITIONAL_REPRESENTATION('',(#5979),#5982);
#5979 = B_SPLINE_CURVE_WITH_KNOTS('',1,(#5980,#5981),.UNSPECIFIED.,.F.,
  .F.,(2,2),(5.15,7.75),.PIECEWISE_BEZIER_KNOTS.);
#5980 = CARTESIAN_POINT('',(-12.9,3.4));
#5981 = CARTESIAN_POINT('',(-15.5,3.4));
#5982 = ( GEOMETRIC_REPRESENTATION_CONTEXT(2) 
PARAMETRIC_REPRESENTATION_CONTEXT() REPRESENTATION_CONTEXT('2D SPACE',''
  ) );
#5983 = PCURVE('',#4780,#5984);
#5984 = DEFINITIONAL_REPRESENTATION('',(#5985),#5988);
#5985 = B_SPLINE_CURVE_WITH_KNOTS('',1,(#5986,#5987),.UNSPECIFIED.,.F.,
  .F.,(2,2),(5.15,7.75),.PIECEWISE_BEZIER_KNOTS.);
#5986 = CARTESIAN_POINT('',(2.6,-53.));
#5987 = CARTESIAN_POINT('',(0.,-53.));
#5988 = ( GEOMETRIC_REPRESENTATION_CONTEXT(2) 
PARAMETRIC_REPRESENTATION_CONTEXT() REPRESENTATION_CONTEXT('2D SPACE',''
  ) );
#5989 = ORIENTED_EDGE('',*,*,#5990,.F.);
#5990 = EDGE_CURVE('',#5991,#5970,#5993,.T.);
#5991 = VERTEX_POINT('',#5992);
#5992 = CARTESIAN_POINT('',(38.,-12.9,-3.35));
#5993 = SURFACE_CURVE('',#5994,(#5998,#6004),.PCURVE_S1.);
#5994 = LINE('',#5995,#5996);
#5995 = CARTESIAN_POINT('',(38.,-12.9,-3.8));
#5996 = VECTOR('',#5997,1.);
#5997 = DIRECTION('',(-1.793803890391E-16,-3.790621261728E-17,1.));
#5998 = PCURVE('',#4160,#5999);
#5999 = DEFINITIONAL_REPRESENTATION('',(#6000),#6003);
#6000 = B_SPLINE_CURVE_WITH_KNOTS('',1,(#6001,#6002),.UNSPECIFIED.,.F.,
  .F.,(2,2),(-4.1,1.7),.PIECEWISE_BEZIER_KNOTS.);
#6001 = CARTESIAN_POINT('',(-12.9,-2.4));
#6002 = CARTESIAN_POINT('',(-12.9,3.4));
#6003 = ( GEOMETRIC_REPRESENTATION_CONTEXT(2) 
PARAMETRIC_REPRESENTATION_CONTEXT() REPRESENTATION_CONTEXT('2D SPACE',''
  ) );
#6004 = PCURVE('',#4806,#6005);
#6005 = DEFINITIONAL_REPRESENTATION('',(#6006),#6009);
#6006 = B_SPLINE_CURVE_WITH_KNOTS('',1,(#6007,#6008),.UNSPECIFIED.,.F.,
  .F.,(2,2),(-4.1,1.7),.PIECEWISE_BEZIER_KNOTS.);
#6007 = CARTESIAN_POINT('',(5.8,-53.));
#6008 = CARTESIAN_POINT('',(0.,-53.));
#6009 = ( GEOMETRIC_REPRESENTATION_CONTEXT(2) 
PARAMETRIC_REPRESENTATION_CONTEXT() REPRESENTATION_CONTEXT('2D SPACE',''
  ) );
#6010 = ORIENTED_EDGE('',*,*,#6011,.F.);
#6011 = EDGE_CURVE('',#6012,#5991,#6014,.T.);
#6012 = VERTEX_POINT('',#6013);
#6013 = CARTESIAN_POINT('',(38.,-10.,-3.35));
#6014 = SURFACE_CURVE('',#6015,(#6019,#6025),.PCURVE_S1.);
#6015 = LINE('',#6016,#6017);
#6016 = CARTESIAN_POINT('',(38.,-10.,-3.35));
#6017 = VECTOR('',#6018,1.);
#6018 = DIRECTION('',(1.527872730081E-16,-1.,-3.790621261728E-17));
#6019 = PCURVE('',#4160,#6020);
#6020 = DEFINITIONAL_REPRESENTATION('',(#6021),#6024);
#6021 = B_SPLINE_CURVE_WITH_KNOTS('',1,(#6022,#6023),.UNSPECIFIED.,.F.,
  .F.,(2,2),(0.,10.),.PIECEWISE_BEZIER_KNOTS.);
#6022 = CARTESIAN_POINT('',(-10.,2.15));
#6023 = CARTESIAN_POINT('',(-20.,2.15));
#6024 = ( GEOMETRIC_REPRESENTATION_CONTEXT(2) 
PARAMETRIC_REPRESENTATION_CONTEXT() REPRESENTATION_CONTEXT('2D SPACE',''
  ) );
#6025 = PCURVE('',#4832,#6026);
#6026 = DEFINITIONAL_REPRESENTATION('',(#6027),#6030);
#6027 = B_SPLINE_CURVE_WITH_KNOTS('',1,(#6028,#6029),.UNSPECIFIED.,.F.,
  .F.,(2,2),(0.,10.),.PIECEWISE_BEZIER_KNOTS.);
#6028 = CARTESIAN_POINT('',(10.,-53.));
#6029 = CARTESIAN_POINT('',(0.,-53.));
#6030 = ( GEOMETRIC_REPRESENTATION_CONTEXT(2) 
PARAMETRIC_REPRESENTATION_CONTEXT() REPRESENTATION_CONTEXT('2D SPACE',''
  ) );
#6031 = ORIENTED_EDGE('',*,*,#6032,.F.);
#6032 = EDGE_CURVE('',#6033,#6012,#6035,.T.);
#6033 = VERTEX_POINT('',#6034);
#6034 = CARTESIAN_POINT('',(38.,-10.,-6.65));
#6035 = SURFACE_CURVE('',#6036,(#6040,#6046),.PCURVE_S1.);
#6036 = LINE('',#6037,#6038);
#6037 = CARTESIAN_POINT('',(38.,-10.,-4.425));
#6038 = VECTOR('',#6039,1.);
#6039 = DIRECTION('',(-1.793803890391E-16,-3.790621261728E-17,1.));
#6040 = PCURVE('',#4160,#6041);
#6041 = DEFINITIONAL_REPRESENTATION('',(#6042),#6045);
#6042 = B_SPLINE_CURVE_WITH_KNOTS('',1,(#6043,#6044),.UNSPECIFIED.,.F.,
  .F.,(2,2),(-2.225,1.075),.PIECEWISE_BEZIER_KNOTS.);
#6043 = CARTESIAN_POINT('',(-10.,-1.15));
#6044 = CARTESIAN_POINT('',(-10.,2.15));
#6045 = ( GEOMETRIC_REPRESENTATION_CONTEXT(2) 
PARAMETRIC_REPRESENTATION_CONTEXT() REPRESENTATION_CONTEXT('2D SPACE',''
  ) );
#6046 = PCURVE('',#4858,#6047);
#6047 = DEFINITIONAL_REPRESENTATION('',(#6048),#6051);
#6048 = B_SPLINE_CURVE_WITH_KNOTS('',1,(#6049,#6050),.UNSPECIFIED.,.F.,
  .F.,(2,2),(-2.225,1.075),.PIECEWISE_BEZIER_KNOTS.);
#6049 = CARTESIAN_POINT('',(3.3,-53.));
#6050 = CARTESIAN_POINT('',(0.,-53.));
#6051 = ( GEOMETRIC_REPRESENTATION_CONTEXT(2) 
PARAMETRIC_REPRESENTATION_CONTEXT() REPRESENTATION_CONTEXT('2D SPACE',''
  ) );
#6052 = ORIENTED_EDGE('',*,*,#6053,.F.);
#6053 = EDGE_CURVE('',#6054,#6033,#6056,.T.);
#6054 = VERTEX_POINT('',#6055);
#6055 = CARTESIAN_POINT('',(38.,-12.9,-6.65));
#6056 = SURFACE_CURVE('',#6057,(#6061,#6067),.PCURVE_S1.);
#6057 = LINE('',#6058,#6059);
#6058 = CARTESIAN_POINT('',(38.,-5.,-6.65));
#6059 = VECTOR('',#6060,1.);
#6060 = DIRECTION('',(-1.527872730081E-16,1.,3.790621261728E-17));
#6061 = PCURVE('',#4160,#6062);
#6062 = DEFINITIONAL_REPRESENTATION('',(#6063),#6066);
#6063 = B_SPLINE_CURVE_WITH_KNOTS('',1,(#6064,#6065),.UNSPECIFIED.,.F.,
  .F.,(2,2),(-15.,-5.),.PIECEWISE_BEZIER_KNOTS.);
#6064 = CARTESIAN_POINT('',(-20.,-1.15));
#6065 = CARTESIAN_POINT('',(-10.,-1.15));
#6066 = ( GEOMETRIC_REPRESENTATION_CONTEXT(2) 
PARAMETRIC_REPRESENTATION_CONTEXT() REPRESENTATION_CONTEXT('2D SPACE',''
  ) );
#6067 = PCURVE('',#4884,#6068);
#6068 = DEFINITIONAL_REPRESENTATION('',(#6069),#6072);
#6069 = B_SPLINE_CURVE_WITH_KNOTS('',1,(#6070,#6071),.UNSPECIFIED.,.F.,
  .F.,(2,2),(-15.,-5.),.PIECEWISE_BEZIER_KNOTS.);
#6070 = CARTESIAN_POINT('',(10.,-53.));
#6071 = CARTESIAN_POINT('',(0.,-53.));
#6072 = ( GEOMETRIC_REPRESENTATION_CONTEXT(2) 
PARAMETRIC_REPRESENTATION_CONTEXT() REPRESENTATION_CONTEXT('2D SPACE',''
  ) );
#6073 = ORIENTED_EDGE('',*,*,#6074,.F.);
#6074 = EDGE_CURVE('',#6075,#6054,#6077,.T.);
#6075 = VERTEX_POINT('',#6076);
#6076 = CARTESIAN_POINT('',(38.,-12.9,-7.9));
#6077 = SURFACE_CURVE('',#6078,(#6082,#6088),.PCURVE_S1.);
#6078 = LINE('',#6079,#6080);
#6079 = CARTESIAN_POINT('',(38.,-12.9,-3.8));
#6080 = VECTOR('',#6081,1.);
#6081 = DIRECTION('',(-1.793803890391E-16,-3.790621261728E-17,1.));
#6082 = PCURVE('',#4160,#6083);
#6083 = DEFINITIONAL_REPRESENTATION('',(#6084),#6087);
#6084 = B_SPLINE_CURVE_WITH_KNOTS('',1,(#6085,#6086),.UNSPECIFIED.,.F.,
  .F.,(2,2),(-4.1,1.7),.PIECEWISE_BEZIER_KNOTS.);
#6085 = CARTESIAN_POINT('',(-12.9,-2.4));
#6086 = CARTESIAN_POINT('',(-12.9,3.4));
#6087 = ( GEOMETRIC_REPRESENTATION_CONTEXT(2) 
PARAMETRIC_REPRESENTATION_CONTEXT() REPRESENTATION_CONTEXT('2D SPACE',''
  ) );
#6088 = PCURVE('',#4910,#6089);
#6089 = DEFINITIONAL_REPRESENTATION('',(#6090),#6093);
#6090 = B_SPLINE_CURVE_WITH_KNOTS('',1,(#6091,#6092),.UNSPECIFIED.,.F.,
  .F.,(2,2),(-4.1,1.7),.PIECEWISE_BEZIER_KNOTS.);
#6091 = CARTESIAN_POINT('',(5.8,-53.));
#6092 = CARTESIAN_POINT('',(0.,-53.));
#6093 = ( GEOMETRIC_REPRESENTATION_CONTEXT(2) 
PARAMETRIC_REPRESENTATION_CONTEXT() REPRESENTATION_CONTEXT('2D SPACE',''
  ) );
#6094 = ORIENTED_EDGE('',*,*,#6095,.F.);
#6095 = EDGE_CURVE('',#6096,#6075,#6098,.T.);
#6096 = VERTEX_POINT('',#6097);
#6097 = CARTESIAN_POINT('',(38.,-15.5,-7.9));
#6098 = SURFACE_CURVE('',#6099,(#6103,#6109),.PCURVE_S1.);
#6099 = LINE('',#6100,#6101);
#6100 = CARTESIAN_POINT('',(38.,-6.45,-7.9));
#6101 = VECTOR('',#6102,1.);
#6102 = DIRECTION('',(-1.527872730081E-16,1.,3.790621261728E-17));
#6103 = PCURVE('',#4160,#6104);
#6104 = DEFINITIONAL_REPRESENTATION('',(#6105),#6108);
#6105 = B_SPLINE_CURVE_WITH_KNOTS('',1,(#6106,#6107),.UNSPECIFIED.,.F.,
  .F.,(2,2),(-9.05,-6.45),.PIECEWISE_BEZIER_KNOTS.);
#6106 = CARTESIAN_POINT('',(-15.5,-2.4));
#6107 = CARTESIAN_POINT('',(-12.9,-2.4));
#6108 = ( GEOMETRIC_REPRESENTATION_CONTEXT(2) 
PARAMETRIC_REPRESENTATION_CONTEXT() REPRESENTATION_CONTEXT('2D SPACE',''
  ) );
#6109 = PCURVE('',#4936,#6110);
#6110 = DEFINITIONAL_REPRESENTATION('',(#6111),#6114);
#6111 = B_SPLINE_CURVE_WITH_KNOTS('',1,(#6112,#6113),.UNSPECIFIED.,.F.,
  .F.,(2,2),(-9.05,-6.45),.PIECEWISE_BEZIER_KNOTS.);
#6112 = CARTESIAN_POINT('',(2.6,-53.));
#6113 = CARTESIAN_POINT('',(0.,-53.));
#6114 = ( GEOMETRIC_REPRESENTATION_CONTEXT(2) 
PARAMETRIC_REPRESENTATION_CONTEXT() REPRESENTATION_CONTEXT('2D SPACE',''
  ) );
#6115 = ORIENTED_EDGE('',*,*,#6116,.F.);
#6116 = EDGE_CURVE('',#6117,#6096,#6119,.T.);
#6117 = VERTEX_POINT('',#6118);
#6118 = CARTESIAN_POINT('',(38.,-15.5,-6.65));
#6119 = SURFACE_CURVE('',#6120,(#6124,#6130),.PCURVE_S1.);
#6120 = LINE('',#6121,#6122);
#6121 = CARTESIAN_POINT('',(38.,-15.5,-6.7));
#6122 = VECTOR('',#6123,1.);
#6123 = DIRECTION('',(1.793803890391E-16,3.790621261728E-17,-1.));
#6124 = PCURVE('',#4160,#6125);
#6125 = DEFINITIONAL_REPRESENTATION('',(#6126),#6129);
#6126 = B_SPLINE_CURVE_WITH_KNOTS('',1,(#6127,#6128),.UNSPECIFIED.,.F.,
  .F.,(2,2),(-4.6,1.2),.PIECEWISE_BEZIER_KNOTS.);
#6127 = CARTESIAN_POINT('',(-15.5,3.4));
#6128 = CARTESIAN_POINT('',(-15.5,-2.4));
#6129 = ( GEOMETRIC_REPRESENTATION_CONTEXT(2) 
PARAMETRIC_REPRESENTATION_CONTEXT() REPRESENTATION_CONTEXT('2D SPACE',''
  ) );
#6130 = PCURVE('',#4962,#6131);
#6131 = DEFINITIONAL_REPRESENTATION('',(#6132),#6135);
#6132 = B_SPLINE_CURVE_WITH_KNOTS('',1,(#6133,#6134),.UNSPECIFIED.,.F.,
  .F.,(2,2),(-4.6,1.2),.PIECEWISE_BEZIER_KNOTS.);
#6133 = CARTESIAN_POINT('',(5.8,-53.));
#6134 = CARTESIAN_POINT('',(0.,-53.));
#6135 = ( GEOMETRIC_REPRESENTATION_CONTEXT(2) 
PARAMETRIC_REPRESENTATION_CONTEXT() REPRESENTATION_CONTEXT('2D SPACE',''
  ) );
#6136 = ORIENTED_EDGE('',*,*,#6137,.F.);
#6137 = EDGE_CURVE('',#6138,#6117,#6140,.T.);
#6138 = VERTEX_POINT('',#6139);
#6139 = CARTESIAN_POINT('',(38.,-20.,-6.65));
#6140 = SURFACE_CURVE('',#6141,(#6145,#6151),.PCURVE_S1.);
#6141 = LINE('',#6142,#6143);
#6142 = CARTESIAN_POINT('',(38.,-5.,-6.65));
#6143 = VECTOR('',#6144,1.);
#6144 = DIRECTION('',(-1.527872730081E-16,1.,3.790621261728E-17));
#6145 = PCURVE('',#4160,#6146);
#6146 = DEFINITIONAL_REPRESENTATION('',(#6147),#6150);
#6147 = B_SPLINE_CURVE_WITH_KNOTS('',1,(#6148,#6149),.UNSPECIFIED.,.F.,
  .F.,(2,2),(-15.,-5.),.PIECEWISE_BEZIER_KNOTS.);
#6148 = CARTESIAN_POINT('',(-20.,-1.15));
#6149 = CARTESIAN_POINT('',(-10.,-1.15));
#6150 = ( GEOMETRIC_REPRESENTATION_CONTEXT(2) 
PARAMETRIC_REPRESENTATION_CONTEXT() REPRESENTATION_CONTEXT('2D SPACE',''
  ) );
#6151 = PCURVE('',#4988,#6152);
#6152 = DEFINITIONAL_REPRESENTATION('',(#6153),#6156);
#6153 = B_SPLINE_CURVE_WITH_KNOTS('',1,(#6154,#6155),.UNSPECIFIED.,.F.,
  .F.,(2,2),(-15.,-5.),.PIECEWISE_BEZIER_KNOTS.);
#6154 = CARTESIAN_POINT('',(10.,-53.));
#6155 = CARTESIAN_POINT('',(0.,-53.));
#6156 = ( GEOMETRIC_REPRESENTATION_CONTEXT(2) 
PARAMETRIC_REPRESENTATION_CONTEXT() REPRESENTATION_CONTEXT('2D SPACE',''
  ) );
#6157 = ORIENTED_EDGE('',*,*,#6158,.T.);
#6158 = EDGE_CURVE('',#6138,#6159,#6161,.T.);
#6159 = VERTEX_POINT('',#6160);
#6160 = CARTESIAN_POINT('',(38.,-20.,-12.));
#6161 = SURFACE_CURVE('',#6162,(#6166,#6173),.PCURVE_S1.);
#6162 = LINE('',#6163,#6164);
#6163 = CARTESIAN_POINT('',(38.,-20.,12.));
#6164 = VECTOR('',#6165,1.);
#6165 = DIRECTION('',(1.793803890391E-16,3.790621261728E-17,-1.));
#6166 = PCURVE('',#4160,#6167);
#6167 = DEFINITIONAL_REPRESENTATION('',(#6168),#6172);
#6168 = LINE('',#6169,#6170);
#6169 = CARTESIAN_POINT('',(-20.,17.5));
#6170 = VECTOR('',#6171,1.);
#6171 = DIRECTION('',(0.,-1.));
#6172 = ( GEOMETRIC_REPRESENTATION_CONTEXT(2) 
PARAMETRIC_REPRESENTATION_CONTEXT() REPRESENTATION_CONTEXT('2D SPACE',''
  ) );
#6173 = PCURVE('',#5015,#6174);
#6174 = DEFINITIONAL_REPRESENTATION('',(#6175),#6179);
#6175 = LINE('',#6176,#6177);
#6176 = CARTESIAN_POINT('',(0.,-3.));
#6177 = VECTOR('',#6178,1.);
#6178 = DIRECTION('',(1.,0.));
#6179 = ( GEOMETRIC_REPRESENTATION_CONTEXT(2) 
PARAMETRIC_REPRESENTATION_CONTEXT() REPRESENTATION_CONTEXT('2D SPACE',''
  ) );
#6180 = ORIENTED_EDGE('',*,*,#6181,.T.);
#6181 = EDGE_CURVE('',#6159,#6182,#6184,.T.);
#6182 = VERTEX_POINT('',#6183);
#6183 = CARTESIAN_POINT('',(38.,-23.,-12.));
#6184 = SURFACE_CURVE('',#6185,(#6189,#6196),.PCURVE_S1.);
#6185 = LINE('',#6186,#6187);
#6186 = CARTESIAN_POINT('',(38.,-19.99,-12.));
#6187 = VECTOR('',#6188,1.);
#6188 = DIRECTION('',(1.527872730081E-16,-1.,-3.790621261728E-17));
#6189 = PCURVE('',#4160,#6190);
#6190 = DEFINITIONAL_REPRESENTATION('',(#6191),#6195);
#6191 = LINE('',#6192,#6193);
#6192 = CARTESIAN_POINT('',(-19.99,-6.5));
#6193 = VECTOR('',#6194,1.);
#6194 = DIRECTION('',(-1.,0.));
#6195 = ( GEOMETRIC_REPRESENTATION_CONTEXT(2) 
PARAMETRIC_REPRESENTATION_CONTEXT() REPRESENTATION_CONTEXT('2D SPACE',''
  ) );
#6196 = PCURVE('',#5043,#6197);
#6197 = DEFINITIONAL_REPRESENTATION('',(#6198),#6202);
#6198 = LINE('',#6199,#6200);
#6199 = CARTESIAN_POINT('',(0.,-3.));
#6200 = VECTOR('',#6201,1.);
#6201 = DIRECTION('',(1.,0.));
#6202 = ( GEOMETRIC_REPRESENTATION_CONTEXT(2) 
PARAMETRIC_REPRESENTATION_CONTEXT() REPRESENTATION_CONTEXT('2D SPACE',''
  ) );
#6203 = ORIENTED_EDGE('',*,*,#6204,.T.);
#6204 = EDGE_CURVE('',#6182,#6205,#6207,.T.);
#6205 = VERTEX_POINT('',#6206);
#6206 = CARTESIAN_POINT('',(38.,-23.,-20.));
#6207 = SURFACE_CURVE('',#6208,(#6212,#6219),.PCURVE_S1.);
#6208 = LINE('',#6209,#6210);
#6209 = CARTESIAN_POINT('',(38.,-23.,-12.));
#6210 = VECTOR('',#6211,1.);
#6211 = DIRECTION('',(1.793803890391E-16,3.790621261728E-17,-1.));
#6212 = PCURVE('',#4160,#6213);
#6213 = DEFINITIONAL_REPRESENTATION('',(#6214),#6218);
#6214 = LINE('',#6215,#6216);
#6215 = CARTESIAN_POINT('',(-23.,-6.5));
#6216 = VECTOR('',#6217,1.);
#6217 = DIRECTION('',(0.,-1.));
#6218 = ( GEOMETRIC_REPRESENTATION_CONTEXT(2) 
PARAMETRIC_REPRESENTATION_CONTEXT() REPRESENTATION_CONTEXT('2D SPACE',''
  ) );
#6219 = PCURVE('',#5071,#6220);
#6220 = DEFINITIONAL_REPRESENTATION('',(#6221),#6225);
#6221 = LINE('',#6222,#6223);
#6222 = CARTESIAN_POINT('',(0.,-3.));
#6223 = VECTOR('',#6224,1.);
#6224 = DIRECTION('',(1.,0.));
#6225 = ( GEOMETRIC_REPRESENTATION_CONTEXT(2) 
PARAMETRIC_REPRESENTATION_CONTEXT() REPRESENTATION_CONTEXT('2D SPACE',''
  ) );
#6226 = ORIENTED_EDGE('',*,*,#6227,.T.);
#6227 = EDGE_CURVE('',#6205,#4253,#6228,.T.);
#6228 = SURFACE_CURVE('',#6229,(#6233,#6240),.PCURVE_S1.);
#6229 = LINE('',#6230,#6231);
#6230 = CARTESIAN_POINT('',(38.,-23.,-20.));
#6231 = VECTOR('',#6232,1.);
#6232 = DIRECTION('',(-1.527872730081E-16,1.,3.790621261728E-17));
#6233 = PCURVE('',#4160,#6234);
#6234 = DEFINITIONAL_REPRESENTATION('',(#6235),#6239);
#6235 = LINE('',#6236,#6237);
#6236 = CARTESIAN_POINT('',(-23.,-14.5));
#6237 = VECTOR('',#6238,1.);
#6238 = DIRECTION('',(1.,0.));
#6239 = ( GEOMETRIC_REPRESENTATION_CONTEXT(2) 
PARAMETRIC_REPRESENTATION_CONTEXT() REPRESENTATION_CONTEXT('2D SPACE',''
  ) );
#6240 = PCURVE('',#4267,#6241);
#6241 = DEFINITIONAL_REPRESENTATION('',(#6242),#6246);
#6242 = LINE('',#6243,#6244);
#6243 = CARTESIAN_POINT('',(0.,-3.));
#6244 = VECTOR('',#6245,1.);
#6245 = DIRECTION('',(1.,0.));
#6246 = ( GEOMETRIC_REPRESENTATION_CONTEXT(2) 
PARAMETRIC_REPRESENTATION_CONTEXT() REPRESENTATION_CONTEXT('2D SPACE',''
  ) );
#6247 = ORIENTED_EDGE('',*,*,#4278,.T.);
#6248 = ORIENTED_EDGE('',*,*,#4144,.T.);
#6249 = ORIENTED_EDGE('',*,*,#4327,.T.);
#6250 = ORIENTED_EDGE('',*,*,#6251,.T.);
#6251 = EDGE_CURVE('',#4328,#6252,#6254,.T.);
#6252 = VERTEX_POINT('',#6253);
#6253 = CARTESIAN_POINT('',(38.,23.,-20.));
#6254 = SURFACE_CURVE('',#6255,(#6259,#6266),.PCURVE_S1.);
#6255 = LINE('',#6256,#6257);
#6256 = CARTESIAN_POINT('',(38.,19.99,-20.));
#6257 = VECTOR('',#6258,1.);
#6258 = DIRECTION('',(-1.527872730081E-16,1.,3.790621261728E-17));
#6259 = PCURVE('',#4160,#6260);
#6260 = DEFINITIONAL_REPRESENTATION('',(#6261),#6265);
#6261 = LINE('',#6262,#6263);
#6262 = CARTESIAN_POINT('',(19.99,-14.5));
#6263 = VECTOR('',#6264,1.);
#6264 = DIRECTION('',(1.,0.));
#6265 = ( GEOMETRIC_REPRESENTATION_CONTEXT(2) 
PARAMETRIC_REPRESENTATION_CONTEXT() REPRESENTATION_CONTEXT('2D SPACE',''
  ) );
#6266 = PCURVE('',#4363,#6267);
#6267 = DEFINITIONAL_REPRESENTATION('',(#6268),#6272);
#6268 = LINE('',#6269,#6270);
#6269 = CARTESIAN_POINT('',(0.,-3.));
#6270 = VECTOR('',#6271,1.);
#6271 = DIRECTION('',(1.,0.));
#6272 = ( GEOMETRIC_REPRESENTATION_CONTEXT(2) 
PARAMETRIC_REPRESENTATION_CONTEXT() REPRESENTATION_CONTEXT('2D SPACE',''
  ) );
#6273 = ORIENTED_EDGE('',*,*,#6274,.T.);
#6274 = EDGE_CURVE('',#6252,#6275,#6277,.T.);
#6275 = VERTEX_POINT('',#6276);
#6276 = CARTESIAN_POINT('',(38.,23.,-12.));
#6277 = SURFACE_CURVE('',#6278,(#6282,#6289),.PCURVE_S1.);
#6278 = LINE('',#6279,#6280);
#6279 = CARTESIAN_POINT('',(38.,23.,-20.));
#6280 = VECTOR('',#6281,1.);
#6281 = DIRECTION('',(-1.793803890391E-16,-3.790621261728E-17,1.));
#6282 = PCURVE('',#4160,#6283);
#6283 = DEFINITIONAL_REPRESENTATION('',(#6284),#6288);
#6284 = LINE('',#6285,#6286);
#6285 = CARTESIAN_POINT('',(23.,-14.5));
#6286 = VECTOR('',#6287,1.);
#6287 = DIRECTION('',(0.,1.));
#6288 = ( GEOMETRIC_REPRESENTATION_CONTEXT(2) 
PARAMETRIC_REPRESENTATION_CONTEXT() REPRESENTATION_CONTEXT('2D SPACE',''
  ) );
#6289 = PCURVE('',#5146,#6290);
#6290 = DEFINITIONAL_REPRESENTATION('',(#6291),#6295);
#6291 = LINE('',#6292,#6293);
#6292 = CARTESIAN_POINT('',(0.,-3.));
#6293 = VECTOR('',#6294,1.);
#6294 = DIRECTION('',(1.,0.));
#6295 = ( GEOMETRIC_REPRESENTATION_CONTEXT(2) 
PARAMETRIC_REPRESENTATION_CONTEXT() REPRESENTATION_CONTEXT('2D SPACE',''
  ) );
#6296 = ORIENTED_EDGE('',*,*,#6297,.T.);
#6297 = EDGE_CURVE('',#6275,#6298,#6300,.T.);
#6298 = VERTEX_POINT('',#6299);
#6299 = CARTESIAN_POINT('',(38.,20.,-12.));
#6300 = SURFACE_CURVE('',#6301,(#6305,#6312),.PCURVE_S1.);
#6301 = LINE('',#6302,#6303);
#6302 = CARTESIAN_POINT('',(38.,23.,-12.));
#6303 = VECTOR('',#6304,1.);
#6304 = DIRECTION('',(1.527872730081E-16,-1.,-3.790621261728E-17));
#6305 = PCURVE('',#4160,#6306);
#6306 = DEFINITIONAL_REPRESENTATION('',(#6307),#6311);
#6307 = LINE('',#6308,#6309);
#6308 = CARTESIAN_POINT('',(23.,-6.5));
#6309 = VECTOR('',#6310,1.);
#6310 = DIRECTION('',(-1.,0.));
#6311 = ( GEOMETRIC_REPRESENTATION_CONTEXT(2) 
PARAMETRIC_REPRESENTATION_CONTEXT() REPRESENTATION_CONTEXT('2D SPACE',''
  ) );
#6312 = PCURVE('',#5174,#6313);
#6313 = DEFINITIONAL_REPRESENTATION('',(#6314),#6318);
#6314 = LINE('',#6315,#6316);
#6315 = CARTESIAN_POINT('',(0.,-3.));
#6316 = VECTOR('',#6317,1.);
#6317 = DIRECTION('',(1.,0.));
#6318 = ( GEOMETRIC_REPRESENTATION_CONTEXT(2) 
PARAMETRIC_REPRESENTATION_CONTEXT() REPRESENTATION_CONTEXT('2D SPACE',''
  ) );
#6319 = ORIENTED_EDGE('',*,*,#6320,.T.);
#6320 = EDGE_CURVE('',#6298,#6321,#6323,.T.);
#6321 = VERTEX_POINT('',#6322);
#6322 = CARTESIAN_POINT('',(38.,20.,-6.65));
#6323 = SURFACE_CURVE('',#6324,(#6328,#6335),.PCURVE_S1.);
#6324 = LINE('',#6325,#6326);
#6325 = CARTESIAN_POINT('',(38.,20.,-23.));
#6326 = VECTOR('',#6327,1.);
#6327 = DIRECTION('',(-1.793803890391E-16,-3.790621261728E-17,1.));
#6328 = PCURVE('',#4160,#6329);
#6329 = DEFINITIONAL_REPRESENTATION('',(#6330),#6334);
#6330 = LINE('',#6331,#6332);
#6331 = CARTESIAN_POINT('',(20.,-17.5));
#6332 = VECTOR('',#6333,1.);
#6333 = DIRECTION('',(0.,1.));
#6334 = ( GEOMETRIC_REPRESENTATION_CONTEXT(2) 
PARAMETRIC_REPRESENTATION_CONTEXT() REPRESENTATION_CONTEXT('2D SPACE',''
  ) );
#6335 = PCURVE('',#5202,#6336);
#6336 = DEFINITIONAL_REPRESENTATION('',(#6337),#6341);
#6337 = LINE('',#6338,#6339);
#6338 = CARTESIAN_POINT('',(0.,-3.));
#6339 = VECTOR('',#6340,1.);
#6340 = DIRECTION('',(1.,0.));
#6341 = ( GEOMETRIC_REPRESENTATION_CONTEXT(2) 
PARAMETRIC_REPRESENTATION_CONTEXT() REPRESENTATION_CONTEXT('2D SPACE',''
  ) );
#6342 = ORIENTED_EDGE('',*,*,#6343,.F.);
#6343 = EDGE_CURVE('',#6344,#6321,#6346,.T.);
#6344 = VERTEX_POINT('',#6345);
#6345 = CARTESIAN_POINT('',(38.,15.5,-6.65));
#6346 = SURFACE_CURVE('',#6347,(#6351,#6357),.PCURVE_S1.);
#6347 = LINE('',#6348,#6349);
#6348 = CARTESIAN_POINT('',(38.,10.,-6.65));
#6349 = VECTOR('',#6350,1.);
#6350 = DIRECTION('',(-1.527872730081E-16,1.,3.790621261728E-17));
#6351 = PCURVE('',#4160,#6352);
#6352 = DEFINITIONAL_REPRESENTATION('',(#6353),#6356);
#6353 = B_SPLINE_CURVE_WITH_KNOTS('',1,(#6354,#6355),.UNSPECIFIED.,.F.,
  .F.,(2,2),(0.,10.),.PIECEWISE_BEZIER_KNOTS.);
#6354 = CARTESIAN_POINT('',(10.,-1.15));
#6355 = CARTESIAN_POINT('',(20.,-1.15));
#6356 = ( GEOMETRIC_REPRESENTATION_CONTEXT(2) 
PARAMETRIC_REPRESENTATION_CONTEXT() REPRESENTATION_CONTEXT('2D SPACE',''
  ) );
#6357 = PCURVE('',#5229,#6358);
#6358 = DEFINITIONAL_REPRESENTATION('',(#6359),#6362);
#6359 = B_SPLINE_CURVE_WITH_KNOTS('',1,(#6360,#6361),.UNSPECIFIED.,.F.,
  .F.,(2,2),(0.,10.),.PIECEWISE_BEZIER_KNOTS.);
#6360 = CARTESIAN_POINT('',(10.,-53.));
#6361 = CARTESIAN_POINT('',(0.,-53.));
#6362 = ( GEOMETRIC_REPRESENTATION_CONTEXT(2) 
PARAMETRIC_REPRESENTATION_CONTEXT() REPRESENTATION_CONTEXT('2D SPACE',''
  ) );
#6363 = ORIENTED_EDGE('',*,*,#6364,.F.);
#6364 = EDGE_CURVE('',#6365,#6344,#6367,.T.);
#6365 = VERTEX_POINT('',#6366);
#6366 = CARTESIAN_POINT('',(38.,15.5,-7.9));
#6367 = SURFACE_CURVE('',#6368,(#6372,#6378),.PCURVE_S1.);
#6368 = LINE('',#6369,#6370);
#6369 = CARTESIAN_POINT('',(38.,15.5,-3.8));
#6370 = VECTOR('',#6371,1.);
#6371 = DIRECTION('',(-1.793803890391E-16,-3.790621261728E-17,1.));
#6372 = PCURVE('',#4160,#6373);
#6373 = DEFINITIONAL_REPRESENTATION('',(#6374),#6377);
#6374 = B_SPLINE_CURVE_WITH_KNOTS('',1,(#6375,#6376),.UNSPECIFIED.,.F.,
  .F.,(2,2),(-4.1,1.7),.PIECEWISE_BEZIER_KNOTS.);
#6375 = CARTESIAN_POINT('',(15.5,-2.4));
#6376 = CARTESIAN_POINT('',(15.5,3.4));
#6377 = ( GEOMETRIC_REPRESENTATION_CONTEXT(2) 
PARAMETRIC_REPRESENTATION_CONTEXT() REPRESENTATION_CONTEXT('2D SPACE',''
  ) );
#6378 = PCURVE('',#5255,#6379);
#6379 = DEFINITIONAL_REPRESENTATION('',(#6380),#6383);
#6380 = B_SPLINE_CURVE_WITH_KNOTS('',1,(#6381,#6382),.UNSPECIFIED.,.F.,
  .F.,(2,2),(-4.1,1.7),.PIECEWISE_BEZIER_KNOTS.);
#6381 = CARTESIAN_POINT('',(5.8,-53.));
#6382 = CARTESIAN_POINT('',(0.,-53.));
#6383 = ( GEOMETRIC_REPRESENTATION_CONTEXT(2) 
PARAMETRIC_REPRESENTATION_CONTEXT() REPRESENTATION_CONTEXT('2D SPACE',''
  ) );
#6384 = ORIENTED_EDGE('',*,*,#6385,.F.);
#6385 = EDGE_CURVE('',#6386,#6365,#6388,.T.);
#6386 = VERTEX_POINT('',#6387);
#6387 = CARTESIAN_POINT('',(38.,12.9,-7.9));
#6388 = SURFACE_CURVE('',#6389,(#6393,#6399),.PCURVE_S1.);
#6389 = LINE('',#6390,#6391);
#6390 = CARTESIAN_POINT('',(38.,7.75,-7.9));
#6391 = VECTOR('',#6392,1.);
#6392 = DIRECTION('',(-1.527872730081E-16,1.,3.790621261728E-17));
#6393 = PCURVE('',#4160,#6394);
#6394 = DEFINITIONAL_REPRESENTATION('',(#6395),#6398);
#6395 = B_SPLINE_CURVE_WITH_KNOTS('',1,(#6396,#6397),.UNSPECIFIED.,.F.,
  .F.,(2,2),(5.15,7.75),.PIECEWISE_BEZIER_KNOTS.);
#6396 = CARTESIAN_POINT('',(12.9,-2.4));
#6397 = CARTESIAN_POINT('',(15.5,-2.4));
#6398 = ( GEOMETRIC_REPRESENTATION_CONTEXT(2) 
PARAMETRIC_REPRESENTATION_CONTEXT() REPRESENTATION_CONTEXT('2D SPACE',''
  ) );
#6399 = PCURVE('',#5281,#6400);
#6400 = DEFINITIONAL_REPRESENTATION('',(#6401),#6404);
#6401 = B_SPLINE_CURVE_WITH_KNOTS('',1,(#6402,#6403),.UNSPECIFIED.,.F.,
  .F.,(2,2),(5.15,7.75),.PIECEWISE_BEZIER_KNOTS.);
#6402 = CARTESIAN_POINT('',(2.6,-53.));
#6403 = CARTESIAN_POINT('',(0.,-53.));
#6404 = ( GEOMETRIC_REPRESENTATION_CONTEXT(2) 
PARAMETRIC_REPRESENTATION_CONTEXT() REPRESENTATION_CONTEXT('2D SPACE',''
  ) );
#6405 = ORIENTED_EDGE('',*,*,#6406,.F.);
#6406 = EDGE_CURVE('',#6407,#6386,#6409,.T.);
#6407 = VERTEX_POINT('',#6408);
#6408 = CARTESIAN_POINT('',(38.,12.9,-6.65));
#6409 = SURFACE_CURVE('',#6410,(#6414,#6420),.PCURVE_S1.);
#6410 = LINE('',#6411,#6412);
#6411 = CARTESIAN_POINT('',(38.,12.9,-6.7));
#6412 = VECTOR('',#6413,1.);
#6413 = DIRECTION('',(1.793803890391E-16,3.790621261728E-17,-1.));
#6414 = PCURVE('',#4160,#6415);
#6415 = DEFINITIONAL_REPRESENTATION('',(#6416),#6419);
#6416 = B_SPLINE_CURVE_WITH_KNOTS('',1,(#6417,#6418),.UNSPECIFIED.,.F.,
  .F.,(2,2),(-4.6,1.2),.PIECEWISE_BEZIER_KNOTS.);
#6417 = CARTESIAN_POINT('',(12.9,3.4));
#6418 = CARTESIAN_POINT('',(12.9,-2.4));
#6419 = ( GEOMETRIC_REPRESENTATION_CONTEXT(2) 
PARAMETRIC_REPRESENTATION_CONTEXT() REPRESENTATION_CONTEXT('2D SPACE',''
  ) );
#6420 = PCURVE('',#5307,#6421);
#6421 = DEFINITIONAL_REPRESENTATION('',(#6422),#6425);
#6422 = B_SPLINE_CURVE_WITH_KNOTS('',1,(#6423,#6424),.UNSPECIFIED.,.F.,
  .F.,(2,2),(-4.6,1.2),.PIECEWISE_BEZIER_KNOTS.);
#6423 = CARTESIAN_POINT('',(5.8,-53.));
#6424 = CARTESIAN_POINT('',(0.,-53.));
#6425 = ( GEOMETRIC_REPRESENTATION_CONTEXT(2) 
PARAMETRIC_REPRESENTATION_CONTEXT() REPRESENTATION_CONTEXT('2D SPACE',''
  ) );
#6426 = ORIENTED_EDGE('',*,*,#6427,.F.);
#6427 = EDGE_CURVE('',#6428,#6407,#6430,.T.);
#6428 = VERTEX_POINT('',#6429);
#6429 = CARTESIAN_POINT('',(38.,10.,-6.65));
#6430 = SURFACE_CURVE('',#6431,(#6435,#6441),.PCURVE_S1.);
#6431 = LINE('',#6432,#6433);
#6432 = CARTESIAN_POINT('',(38.,10.,-6.65));
#6433 = VECTOR('',#6434,1.);
#6434 = DIRECTION('',(-1.527872730081E-16,1.,3.790621261728E-17));
#6435 = PCURVE('',#4160,#6436);
#6436 = DEFINITIONAL_REPRESENTATION('',(#6437),#6440);
#6437 = B_SPLINE_CURVE_WITH_KNOTS('',1,(#6438,#6439),.UNSPECIFIED.,.F.,
  .F.,(2,2),(0.,10.),.PIECEWISE_BEZIER_KNOTS.);
#6438 = CARTESIAN_POINT('',(10.,-1.15));
#6439 = CARTESIAN_POINT('',(20.,-1.15));
#6440 = ( GEOMETRIC_REPRESENTATION_CONTEXT(2) 
PARAMETRIC_REPRESENTATION_CONTEXT() REPRESENTATION_CONTEXT('2D SPACE',''
  ) );
#6441 = PCURVE('',#5333,#6442);
#6442 = DEFINITIONAL_REPRESENTATION('',(#6443),#6446);
#6443 = B_SPLINE_CURVE_WITH_KNOTS('',1,(#6444,#6445),.UNSPECIFIED.,.F.,
  .F.,(2,2),(0.,10.),.PIECEWISE_BEZIER_KNOTS.);
#6444 = CARTESIAN_POINT('',(10.,-53.));
#6445 = CARTESIAN_POINT('',(0.,-53.));
#6446 = ( GEOMETRIC_REPRESENTATION_CONTEXT(2) 
PARAMETRIC_REPRESENTATION_CONTEXT() REPRESENTATION_CONTEXT('2D SPACE',''
  ) );
#6447 = ORIENTED_EDGE('',*,*,#6448,.F.);
#6448 = EDGE_CURVE('',#6449,#6428,#6451,.T.);
#6449 = VERTEX_POINT('',#6450);
#6450 = CARTESIAN_POINT('',(38.,10.,-3.35));
#6451 = SURFACE_CURVE('',#6452,(#6456,#6462),.PCURVE_S1.);
#6452 = LINE('',#6453,#6454);
#6453 = CARTESIAN_POINT('',(38.,10.,-6.075));
#6454 = VECTOR('',#6455,1.);
#6455 = DIRECTION('',(1.793803890391E-16,3.790621261728E-17,-1.));
#6456 = PCURVE('',#4160,#6457);
#6457 = DEFINITIONAL_REPRESENTATION('',(#6458),#6461);
#6458 = B_SPLINE_CURVE_WITH_KNOTS('',1,(#6459,#6460),.UNSPECIFIED.,.F.,
  .F.,(2,2),(-2.725,0.575),.PIECEWISE_BEZIER_KNOTS.);
#6459 = CARTESIAN_POINT('',(10.,2.15));
#6460 = CARTESIAN_POINT('',(10.,-1.15));
#6461 = ( GEOMETRIC_REPRESENTATION_CONTEXT(2) 
PARAMETRIC_REPRESENTATION_CONTEXT() REPRESENTATION_CONTEXT('2D SPACE',''
  ) );
#6462 = PCURVE('',#5359,#6463);
#6463 = DEFINITIONAL_REPRESENTATION('',(#6464),#6467);
#6464 = B_SPLINE_CURVE_WITH_KNOTS('',1,(#6465,#6466),.UNSPECIFIED.,.F.,
  .F.,(2,2),(-2.725,0.575),.PIECEWISE_BEZIER_KNOTS.);
#6465 = CARTESIAN_POINT('',(3.3,-53.));
#6466 = CARTESIAN_POINT('',(0.,-53.));
#6467 = ( GEOMETRIC_REPRESENTATION_CONTEXT(2) 
PARAMETRIC_REPRESENTATION_CONTEXT() REPRESENTATION_CONTEXT('2D SPACE',''
  ) );
#6468 = ORIENTED_EDGE('',*,*,#6469,.F.);
#6469 = EDGE_CURVE('',#6470,#6449,#6472,.T.);
#6470 = VERTEX_POINT('',#6471);
#6471 = CARTESIAN_POINT('',(38.,12.9,-3.35));
#6472 = SURFACE_CURVE('',#6473,(#6477,#6483),.PCURVE_S1.);
#6473 = LINE('',#6474,#6475);
#6474 = CARTESIAN_POINT('',(38.,5.,-3.35));
#6475 = VECTOR('',#6476,1.);
#6476 = DIRECTION('',(1.527872730081E-16,-1.,-3.790621261728E-17));
#6477 = PCURVE('',#4160,#6478);
#6478 = DEFINITIONAL_REPRESENTATION('',(#6479),#6482);
#6479 = B_SPLINE_CURVE_WITH_KNOTS('',1,(#6480,#6481),.UNSPECIFIED.,.F.,
  .F.,(2,2),(-15.,-5.),.PIECEWISE_BEZIER_KNOTS.);
#6480 = CARTESIAN_POINT('',(20.,2.15));
#6481 = CARTESIAN_POINT('',(10.,2.15));
#6482 = ( GEOMETRIC_REPRESENTATION_CONTEXT(2) 
PARAMETRIC_REPRESENTATION_CONTEXT() REPRESENTATION_CONTEXT('2D SPACE',''
  ) );
#6483 = PCURVE('',#5385,#6484);
#6484 = DEFINITIONAL_REPRESENTATION('',(#6485),#6488);
#6485 = B_SPLINE_CURVE_WITH_KNOTS('',1,(#6486,#6487),.UNSPECIFIED.,.F.,
  .F.,(2,2),(-15.,-5.),.PIECEWISE_BEZIER_KNOTS.);
#6486 = CARTESIAN_POINT('',(10.,-53.));
#6487 = CARTESIAN_POINT('',(0.,-53.));
#6488 = ( GEOMETRIC_REPRESENTATION_CONTEXT(2) 
PARAMETRIC_REPRESENTATION_CONTEXT() REPRESENTATION_CONTEXT('2D SPACE',''
  ) );
#6489 = ORIENTED_EDGE('',*,*,#6490,.F.);
#6490 = EDGE_CURVE('',#6491,#6470,#6493,.T.);
#6491 = VERTEX_POINT('',#6492);
#6492 = CARTESIAN_POINT('',(38.,12.9,-2.1));
#6493 = SURFACE_CURVE('',#6494,(#6498,#6504),.PCURVE_S1.);
#6494 = LINE('',#6495,#6496);
#6495 = CARTESIAN_POINT('',(38.,12.9,-6.7));
#6496 = VECTOR('',#6497,1.);
#6497 = DIRECTION('',(1.793803890391E-16,3.790621261728E-17,-1.));
#6498 = PCURVE('',#4160,#6499);
#6499 = DEFINITIONAL_REPRESENTATION('',(#6500),#6503);
#6500 = B_SPLINE_CURVE_WITH_KNOTS('',1,(#6501,#6502),.UNSPECIFIED.,.F.,
  .F.,(2,2),(-4.6,1.2),.PIECEWISE_BEZIER_KNOTS.);
#6501 = CARTESIAN_POINT('',(12.9,3.4));
#6502 = CARTESIAN_POINT('',(12.9,-2.4));
#6503 = ( GEOMETRIC_REPRESENTATION_CONTEXT(2) 
PARAMETRIC_REPRESENTATION_CONTEXT() REPRESENTATION_CONTEXT('2D SPACE',''
  ) );
#6504 = PCURVE('',#5411,#6505);
#6505 = DEFINITIONAL_REPRESENTATION('',(#6506),#6509);
#6506 = B_SPLINE_CURVE_WITH_KNOTS('',1,(#6507,#6508),.UNSPECIFIED.,.F.,
  .F.,(2,2),(-4.6,1.2),.PIECEWISE_BEZIER_KNOTS.);
#6507 = CARTESIAN_POINT('',(5.8,-53.));
#6508 = CARTESIAN_POINT('',(0.,-53.));
#6509 = ( GEOMETRIC_REPRESENTATION_CONTEXT(2) 
PARAMETRIC_REPRESENTATION_CONTEXT() REPRESENTATION_CONTEXT('2D SPACE',''
  ) );
#6510 = ORIENTED_EDGE('',*,*,#6511,.F.);
#6511 = EDGE_CURVE('',#6512,#6491,#6514,.T.);
#6512 = VERTEX_POINT('',#6513);
#6513 = CARTESIAN_POINT('',(38.,15.5,-2.1));
#6514 = SURFACE_CURVE('',#6515,(#6519,#6525),.PCURVE_S1.);
#6515 = LINE('',#6516,#6517);
#6516 = CARTESIAN_POINT('',(38.,6.45,-2.1));
#6517 = VECTOR('',#6518,1.);
#6518 = DIRECTION('',(1.527872730081E-16,-1.,-3.790621261728E-17));
#6519 = PCURVE('',#4160,#6520);
#6520 = DEFINITIONAL_REPRESENTATION('',(#6521),#6524);
#6521 = B_SPLINE_CURVE_WITH_KNOTS('',1,(#6522,#6523),.UNSPECIFIED.,.F.,
  .F.,(2,2),(-9.05,-6.45),.PIECEWISE_BEZIER_KNOTS.);
#6522 = CARTESIAN_POINT('',(15.5,3.4));
#6523 = CARTESIAN_POINT('',(12.9,3.4));
#6524 = ( GEOMETRIC_REPRESENTATION_CONTEXT(2) 
PARAMETRIC_REPRESENTATION_CONTEXT() REPRESENTATION_CONTEXT('2D SPACE',''
  ) );
#6525 = PCURVE('',#5437,#6526);
#6526 = DEFINITIONAL_REPRESENTATION('',(#6527),#6530);
#6527 = B_SPLINE_CURVE_WITH_KNOTS('',1,(#6528,#6529),.UNSPECIFIED.,.F.,
  .F.,(2,2),(-9.05,-6.45),.PIECEWISE_BEZIER_KNOTS.);
#6528 = CARTESIAN_POINT('',(2.6,-53.));
#6529 = CARTESIAN_POINT('',(0.,-53.));
#6530 = ( GEOMETRIC_REPRESENTATION_CONTEXT(2) 
PARAMETRIC_REPRESENTATION_CONTEXT() REPRESENTATION_CONTEXT('2D SPACE',''
  ) );
#6531 = ORIENTED_EDGE('',*,*,#6532,.F.);
#6532 = EDGE_CURVE('',#5654,#6512,#6533,.T.);
#6533 = SURFACE_CURVE('',#6534,(#6538,#6544),.PCURVE_S1.);
#6534 = LINE('',#6535,#6536);
#6535 = CARTESIAN_POINT('',(38.,15.5,-3.8));
#6536 = VECTOR('',#6537,1.);
#6537 = DIRECTION('',(-1.793803890391E-16,-3.790621261728E-17,1.));
#6538 = PCURVE('',#4160,#6539);
#6539 = DEFINITIONAL_REPRESENTATION('',(#6540),#6543);
#6540 = B_SPLINE_CURVE_WITH_KNOTS('',1,(#6541,#6542),.UNSPECIFIED.,.F.,
  .F.,(2,2),(-4.1,1.7),.PIECEWISE_BEZIER_KNOTS.);
#6541 = CARTESIAN_POINT('',(15.5,-2.4));
#6542 = CARTESIAN_POINT('',(15.5,3.4));
#6543 = ( GEOMETRIC_REPRESENTATION_CONTEXT(2) 
PARAMETRIC_REPRESENTATION_CONTEXT() REPRESENTATION_CONTEXT('2D SPACE',''
  ) );
#6544 = PCURVE('',#5461,#6545);
#6545 = DEFINITIONAL_REPRESENTATION('',(#6546),#6549);
#6546 = B_SPLINE_CURVE_WITH_KNOTS('',1,(#6547,#6548),.UNSPECIFIED.,.F.,
  .F.,(2,2),(-4.1,1.7),.PIECEWISE_BEZIER_KNOTS.);
#6547 = CARTESIAN_POINT('',(5.8,-53.));
#6548 = CARTESIAN_POINT('',(0.,-53.));
#6549 = ( GEOMETRIC_REPRESENTATION_CONTEXT(2) 
PARAMETRIC_REPRESENTATION_CONTEXT() REPRESENTATION_CONTEXT('2D SPACE',''
  ) );
#6550 = FACE_BOUND('',#6551,.T.);
#6551 = EDGE_LOOP('',(#6552));
#6552 = ORIENTED_EDGE('',*,*,#6553,.T.);
#6553 = EDGE_CURVE('',#6554,#6554,#6556,.T.);
#6554 = VERTEX_POINT('',#6555);
#6555 = CARTESIAN_POINT('',(38.,1.1,-19.3));
#6556 = SURFACE_CURVE('',#6557,(#6562,#6573),.PCURVE_S1.);
#6557 = CIRCLE('',#6558,1.1);
#6558 = AXIS2_PLACEMENT_3D('',#6559,#6560,#6561);
#6559 = CARTESIAN_POINT('',(38.,-1.622472506057E-15,-19.3));
#6560 = DIRECTION('',(-1.,-1.527872730081E-16,-1.793803890391E-16));
#6561 = DIRECTION('',(-1.527872730081E-16,1.,3.790621261728E-17));
#6562 = PCURVE('',#4160,#6563);
#6563 = DEFINITIONAL_REPRESENTATION('',(#6564),#6572);
#6564 = ( BOUNDED_CURVE() B_SPLINE_CURVE(2,(#6565,#6566,#6567,#6568,
#6569,#6570,#6571),.UNSPECIFIED.,.T.,.F.) B_SPLINE_CURVE_WITH_KNOTS((1,2
    ,2,2,2,1),(-2.094395102393,0.,2.094395102393,4.188790204786,
6.28318530718,8.377580409573),.UNSPECIFIED.) CURVE() 
GEOMETRIC_REPRESENTATION_ITEM() RATIONAL_B_SPLINE_CURVE((1.,0.5,1.,0.5,
1.,0.5,1.)) REPRESENTATION_ITEM('') );
#6565 = CARTESIAN_POINT('',(1.1,-13.8));
#6566 = CARTESIAN_POINT('',(1.1,-15.70525588832));
#6567 = CARTESIAN_POINT('',(-0.55,-14.75262794416));
#6568 = CARTESIAN_POINT('',(-2.2,-13.8));
#6569 = CARTESIAN_POINT('',(-0.55,-12.84737205583));
#6570 = CARTESIAN_POINT('',(1.1,-11.89474411167));
#6571 = CARTESIAN_POINT('',(1.1,-13.8));
#6572 = ( GEOMETRIC_REPRESENTATION_CONTEXT(2) 
PARAMETRIC_REPRESENTATION_CONTEXT() REPRESENTATION_CONTEXT('2D SPACE',''
  ) );
#6573 = PCURVE('',#5495,#6574);
#6574 = DEFINITIONAL_REPRESENTATION('',(#6575),#6579);
#6575 = LINE('',#6576,#6577);
#6576 = CARTESIAN_POINT('',(-6.28318530718,-53.));
#6577 = VECTOR('',#6578,1.);
#6578 = DIRECTION('',(1.,-0.));
#6579 = ( GEOMETRIC_REPRESENTATION_CONTEXT(2) 
PARAMETRIC_REPRESENTATION_CONTEXT() REPRESENTATION_CONTEXT('2D SPACE',''
  ) );
#6580 = FACE_BOUND('',#6581,.T.);
#6581 = EDGE_LOOP('',(#6582,#6605,#6626,#6647));
#6582 = ORIENTED_EDGE('',*,*,#6583,.T.);
#6583 = EDGE_CURVE('',#6584,#6586,#6588,.T.);
#6584 = VERTEX_POINT('',#6585);
#6585 = CARTESIAN_POINT('',(38.,-6.3,6.2));
#6586 = VERTEX_POINT('',#6587);
#6587 = CARTESIAN_POINT('',(38.,6.3,6.2));
#6588 = SURFACE_CURVE('',#6589,(#6593,#6599),.PCURVE_S1.);
#6589 = LINE('',#6590,#6591);
#6590 = CARTESIAN_POINT('',(38.,3.15,6.2));
#6591 = VECTOR('',#6592,1.);
#6592 = DIRECTION('',(-1.527872730081E-16,1.,3.790621261728E-17));
#6593 = PCURVE('',#4160,#6594);
#6594 = DEFINITIONAL_REPRESENTATION('',(#6595),#6598);
#6595 = B_SPLINE_CURVE_WITH_KNOTS('',1,(#6596,#6597),.UNSPECIFIED.,.F.,
  .F.,(2,2),(-9.45,3.15),.PIECEWISE_BEZIER_KNOTS.);
#6596 = CARTESIAN_POINT('',(-6.3,11.7));
#6597 = CARTESIAN_POINT('',(6.3,11.7));
#6598 = ( GEOMETRIC_REPRESENTATION_CONTEXT(2) 
PARAMETRIC_REPRESENTATION_CONTEXT() REPRESENTATION_CONTEXT('2D SPACE',''
  ) );
#6599 = PCURVE('',#5526,#6600);
#6600 = DEFINITIONAL_REPRESENTATION('',(#6601),#6604);
#6601 = B_SPLINE_CURVE_WITH_KNOTS('',1,(#6602,#6603),.UNSPECIFIED.,.F.,
  .F.,(2,2),(-9.45,3.15),.PIECEWISE_BEZIER_KNOTS.);
#6602 = CARTESIAN_POINT('',(12.6,-53.));
#6603 = CARTESIAN_POINT('',(0.,-53.));
#6604 = ( GEOMETRIC_REPRESENTATION_CONTEXT(2) 
PARAMETRIC_REPRESENTATION_CONTEXT() REPRESENTATION_CONTEXT('2D SPACE',''
  ) );
#6605 = ORIENTED_EDGE('',*,*,#6606,.T.);
#6606 = EDGE_CURVE('',#6586,#6607,#6609,.T.);
#6607 = VERTEX_POINT('',#6608);
#6608 = CARTESIAN_POINT('',(38.,6.3,-17.));
#6609 = SURFACE_CURVE('',#6610,(#6614,#6620),.PCURVE_S1.);
#6610 = LINE('',#6611,#6612);
#6611 = CARTESIAN_POINT('',(38.,6.3,-11.25));
#6612 = VECTOR('',#6613,1.);
#6613 = DIRECTION('',(1.793803890391E-16,-3.773399560014E-19,-1.));
#6614 = PCURVE('',#4160,#6615);
#6615 = DEFINITIONAL_REPRESENTATION('',(#6616),#6619);
#6616 = B_SPLINE_CURVE_WITH_KNOTS('',1,(#6617,#6618),.UNSPECIFIED.,.F.,
  .F.,(2,2),(-17.45,5.75),.PIECEWISE_BEZIER_KNOTS.);
#6617 = CARTESIAN_POINT('',(6.3,11.7));
#6618 = CARTESIAN_POINT('',(6.3,-11.5));
#6619 = ( GEOMETRIC_REPRESENTATION_CONTEXT(2) 
PARAMETRIC_REPRESENTATION_CONTEXT() REPRESENTATION_CONTEXT('2D SPACE',''
  ) );
#6620 = PCURVE('',#5552,#6621);
#6621 = DEFINITIONAL_REPRESENTATION('',(#6622),#6625);
#6622 = B_SPLINE_CURVE_WITH_KNOTS('',1,(#6623,#6624),.UNSPECIFIED.,.F.,
  .F.,(2,2),(-17.45,5.75),.PIECEWISE_BEZIER_KNOTS.);
#6623 = CARTESIAN_POINT('',(23.2,-53.));
#6624 = CARTESIAN_POINT('',(0.,-53.));
#6625 = ( GEOMETRIC_REPRESENTATION_CONTEXT(2) 
PARAMETRIC_REPRESENTATION_CONTEXT() REPRESENTATION_CONTEXT('2D SPACE',''
  ) );
#6626 = ORIENTED_EDGE('',*,*,#6627,.T.);
#6627 = EDGE_CURVE('',#6607,#6628,#6630,.T.);
#6628 = VERTEX_POINT('',#6629);
#6629 = CARTESIAN_POINT('',(38.,-6.3,-17.));
#6630 = SURFACE_CURVE('',#6631,(#6635,#6641),.PCURVE_S1.);
#6631 = LINE('',#6632,#6633);
#6632 = CARTESIAN_POINT('',(38.,-3.15,-17.));
#6633 = VECTOR('',#6634,1.);
#6634 = DIRECTION('',(1.527872730081E-16,-1.,-3.790621261728E-17));
#6635 = PCURVE('',#4160,#6636);
#6636 = DEFINITIONAL_REPRESENTATION('',(#6637),#6640);
#6637 = B_SPLINE_CURVE_WITH_KNOTS('',1,(#6638,#6639),.UNSPECIFIED.,.F.,
  .F.,(2,2),(-9.45,3.15),.PIECEWISE_BEZIER_KNOTS.);
#6638 = CARTESIAN_POINT('',(6.3,-11.5));
#6639 = CARTESIAN_POINT('',(-6.3,-11.5));
#6640 = ( GEOMETRIC_REPRESENTATION_CONTEXT(2) 
PARAMETRIC_REPRESENTATION_CONTEXT() REPRESENTATION_CONTEXT('2D SPACE',''
  ) );
#6641 = PCURVE('',#5578,#6642);
#6642 = DEFINITIONAL_REPRESENTATION('',(#6643),#6646);
#6643 = B_SPLINE_CURVE_WITH_KNOTS('',1,(#6644,#6645),.UNSPECIFIED.,.F.,
  .F.,(2,2),(-9.45,3.15),.PIECEWISE_BEZIER_KNOTS.);
#6644 = CARTESIAN_POINT('',(12.6,-53.));
#6645 = CARTESIAN_POINT('',(0.,-53.));
#6646 = ( GEOMETRIC_REPRESENTATION_CONTEXT(2) 
PARAMETRIC_REPRESENTATION_CONTEXT() REPRESENTATION_CONTEXT('2D SPACE',''
  ) );
#6647 = ORIENTED_EDGE('',*,*,#6648,.T.);
#6648 = EDGE_CURVE('',#6628,#6584,#6649,.T.);
#6649 = SURFACE_CURVE('',#6650,(#6654,#6660),.PCURVE_S1.);
#6650 = LINE('',#6651,#6652);
#6651 = CARTESIAN_POINT('',(38.,-6.3,0.35));
#6652 = VECTOR('',#6653,1.);
#6653 = DIRECTION('',(-1.793803890391E-16,3.773399560014E-19,1.));
#6654 = PCURVE('',#4160,#6655);
#6655 = DEFINITIONAL_REPRESENTATION('',(#6656),#6659);
#6656 = B_SPLINE_CURVE_WITH_KNOTS('',1,(#6657,#6658),.UNSPECIFIED.,.F.,
  .F.,(2,2),(-17.35,5.85),.PIECEWISE_BEZIER_KNOTS.);
#6657 = CARTESIAN_POINT('',(-6.3,-11.5));
#6658 = CARTESIAN_POINT('',(-6.3,11.7));
#6659 = ( GEOMETRIC_REPRESENTATION_CONTEXT(2) 
PARAMETRIC_REPRESENTATION_CONTEXT() REPRESENTATION_CONTEXT('2D SPACE',''
  ) );
#6660 = PCURVE('',#5602,#6661);
#6661 = DEFINITIONAL_REPRESENTATION('',(#6662),#6665);
#6662 = B_SPLINE_CURVE_WITH_KNOTS('',1,(#6663,#6664),.UNSPECIFIED.,.F.,
  .F.,(2,2),(-17.35,5.85),.PIECEWISE_BEZIER_KNOTS.);
#6663 = CARTESIAN_POINT('',(23.2,-53.));
#6664 = CARTESIAN_POINT('',(0.,-53.));
#6665 = ( GEOMETRIC_REPRESENTATION_CONTEXT(2) 
PARAMETRIC_REPRESENTATION_CONTEXT() REPRESENTATION_CONTEXT('2D SPACE',''
  ) );
#6666 = FACE_BOUND('',#6667,.T.);
#6667 = EDGE_LOOP('',(#6668));
#6668 = ORIENTED_EDGE('',*,*,#6669,.T.);
#6669 = EDGE_CURVE('',#6670,#6670,#6672,.T.);
#6670 = VERTEX_POINT('',#6671);
#6671 = CARTESIAN_POINT('',(38.,1.1,8.5));
#6672 = SURFACE_CURVE('',#6673,(#6678,#6689),.PCURVE_S1.);
#6673 = CIRCLE('',#6674,1.1);
#6674 = AXIS2_PLACEMENT_3D('',#6675,#6676,#6677);
#6675 = CARTESIAN_POINT('',(38.,-9.74006166003E-16,8.5));
#6676 = DIRECTION('',(-1.,-1.527872730081E-16,-1.793803890391E-16));
#6677 = DIRECTION('',(-1.527872730081E-16,1.,3.790621261728E-17));
#6678 = PCURVE('',#4160,#6679);
#6679 = DEFINITIONAL_REPRESENTATION('',(#6680),#6688);
#6680 = ( BOUNDED_CURVE() B_SPLINE_CURVE(2,(#6681,#6682,#6683,#6684,
#6685,#6686,#6687),.UNSPECIFIED.,.T.,.F.) B_SPLINE_CURVE_WITH_KNOTS((1,2
    ,2,2,2,1),(-2.094395102393,0.,2.094395102393,4.188790204786,
6.28318530718,8.377580409573),.UNSPECIFIED.) CURVE() 
GEOMETRIC_REPRESENTATION_ITEM() RATIONAL_B_SPLINE_CURVE((1.,0.5,1.,0.5,
1.,0.5,1.)) REPRESENTATION_ITEM('') );
#6681 = CARTESIAN_POINT('',(1.1,14.));
#6682 = CARTESIAN_POINT('',(1.1,12.094744111674));
#6683 = CARTESIAN_POINT('',(-0.55,13.047372055837));
#6684 = CARTESIAN_POINT('',(-2.2,14.));
#6685 = CARTESIAN_POINT('',(-0.55,14.952627944163));
#6686 = CARTESIAN_POINT('',(1.1,15.905255888326));
#6687 = CARTESIAN_POINT('',(1.1,14.));
#6688 = ( GEOMETRIC_REPRESENTATION_CONTEXT(2) 
PARAMETRIC_REPRESENTATION_CONTEXT() REPRESENTATION_CONTEXT('2D SPACE',''
  ) );
#6689 = PCURVE('',#5636,#6690);
#6690 = DEFINITIONAL_REPRESENTATION('',(#6691),#6695);
#6691 = LINE('',#6692,#6693);
#6692 = CARTESIAN_POINT('',(-6.28318530718,-53.));
#6693 = VECTOR('',#6694,1.);
#6694 = DIRECTION('',(1.,-0.));
#6695 = ( GEOMETRIC_REPRESENTATION_CONTEXT(2) 
PARAMETRIC_REPRESENTATION_CONTEXT() REPRESENTATION_CONTEXT('2D SPACE',''
  ) );
#6696 = ADVANCED_FACE('',(#6697),#4267,.F.);
#6697 = FACE_BOUND('',#6698,.F.);
#6698 = EDGE_LOOP('',(#6699,#6700,#6721,#6722));
#6699 = ORIENTED_EDGE('',*,*,#5083,.F.);
#6700 = ORIENTED_EDGE('',*,*,#6701,.T.);
#6701 = EDGE_CURVE('',#5056,#6205,#6702,.T.);
#6702 = SURFACE_CURVE('',#6703,(#6707,#6714),.PCURVE_S1.);
#6703 = LINE('',#6704,#6705);
#6704 = CARTESIAN_POINT('',(35.,-23.,-20.));
#6705 = VECTOR('',#6706,1.);
#6706 = DIRECTION('',(1.,1.527872730081E-16,1.793803890391E-16));
#6707 = PCURVE('',#4267,#6708);
#6708 = DEFINITIONAL_REPRESENTATION('',(#6709),#6713);
#6709 = LINE('',#6710,#6711);
#6710 = CARTESIAN_POINT('',(0.,0.));
#6711 = VECTOR('',#6712,1.);
#6712 = DIRECTION('',(0.,-1.));
#6713 = ( GEOMETRIC_REPRESENTATION_CONTEXT(2) 
PARAMETRIC_REPRESENTATION_CONTEXT() REPRESENTATION_CONTEXT('2D SPACE',''
  ) );
#6714 = PCURVE('',#5071,#6715);
#6715 = DEFINITIONAL_REPRESENTATION('',(#6716),#6720);
#6716 = LINE('',#6717,#6718);
#6717 = CARTESIAN_POINT('',(8.,0.));
#6718 = VECTOR('',#6719,1.);
#6719 = DIRECTION('',(0.,-1.));
#6720 = ( GEOMETRIC_REPRESENTATION_CONTEXT(2) 
PARAMETRIC_REPRESENTATION_CONTEXT() REPRESENTATION_CONTEXT('2D SPACE',''
  ) );
#6721 = ORIENTED_EDGE('',*,*,#6227,.T.);
#6722 = ORIENTED_EDGE('',*,*,#4252,.F.);
#6723 = ADVANCED_FACE('',(#6724),#4363,.F.);
#6724 = FACE_BOUND('',#6725,.F.);
#6725 = EDGE_LOOP('',(#6726,#6727,#6728,#6729));
#6726 = ORIENTED_EDGE('',*,*,#5107,.F.);
#6727 = ORIENTED_EDGE('',*,*,#4350,.F.);
#6728 = ORIENTED_EDGE('',*,*,#6251,.T.);
#6729 = ORIENTED_EDGE('',*,*,#6730,.F.);
#6730 = EDGE_CURVE('',#5108,#6252,#6731,.T.);
#6731 = SURFACE_CURVE('',#6732,(#6736,#6743),.PCURVE_S1.);
#6732 = LINE('',#6733,#6734);
#6733 = CARTESIAN_POINT('',(35.,23.,-20.));
#6734 = VECTOR('',#6735,1.);
#6735 = DIRECTION('',(1.,1.527872730081E-16,1.793803890391E-16));
#6736 = PCURVE('',#4363,#6737);
#6737 = DEFINITIONAL_REPRESENTATION('',(#6738),#6742);
#6738 = LINE('',#6739,#6740);
#6739 = CARTESIAN_POINT('',(3.01,0.));
#6740 = VECTOR('',#6741,1.);
#6741 = DIRECTION('',(0.,-1.));
#6742 = ( GEOMETRIC_REPRESENTATION_CONTEXT(2) 
PARAMETRIC_REPRESENTATION_CONTEXT() REPRESENTATION_CONTEXT('2D SPACE',''
  ) );
#6743 = PCURVE('',#5146,#6744);
#6744 = DEFINITIONAL_REPRESENTATION('',(#6745),#6749);
#6745 = LINE('',#6746,#6747);
#6746 = CARTESIAN_POINT('',(0.,0.));
#6747 = VECTOR('',#6748,1.);
#6748 = DIRECTION('',(0.,-1.));
#6749 = ( GEOMETRIC_REPRESENTATION_CONTEXT(2) 
PARAMETRIC_REPRESENTATION_CONTEXT() REPRESENTATION_CONTEXT('2D SPACE',''
  ) );
#6750 = ADVANCED_FACE('',(#6751),#4394,.F.);
#6751 = FACE_BOUND('',#6752,.F.);
#6752 = EDGE_LOOP('',(#6753,#6774,#6775,#6794));
#6753 = ORIENTED_EDGE('',*,*,#6754,.F.);
#6754 = EDGE_CURVE('',#4378,#5652,#6755,.T.);
#6755 = SURFACE_CURVE('',#6756,(#6760,#6767),.PCURVE_S1.);
#6756 = LINE('',#6757,#6758);
#6757 = CARTESIAN_POINT('',(-15.,20.,-3.35));
#6758 = VECTOR('',#6759,1.);
#6759 = DIRECTION('',(1.,1.527872730081E-16,1.793803890391E-16));
#6760 = PCURVE('',#4394,#6761);
#6761 = DEFINITIONAL_REPRESENTATION('',(#6762),#6766);
#6762 = LINE('',#6763,#6764);
#6763 = CARTESIAN_POINT('',(10.,0.));
#6764 = VECTOR('',#6765,1.);
#6765 = DIRECTION('',(0.,-1.));
#6766 = ( GEOMETRIC_REPRESENTATION_CONTEXT(2) 
PARAMETRIC_REPRESENTATION_CONTEXT() REPRESENTATION_CONTEXT('2D SPACE',''
  ) );
#6767 = PCURVE('',#4421,#6768);
#6768 = DEFINITIONAL_REPRESENTATION('',(#6769),#6773);
#6769 = LINE('',#6770,#6771);
#6770 = CARTESIAN_POINT('',(19.65,50.));
#6771 = VECTOR('',#6772,1.);
#6772 = DIRECTION('',(0.,-1.));
#6773 = ( GEOMETRIC_REPRESENTATION_CONTEXT(2) 
PARAMETRIC_REPRESENTATION_CONTEXT() REPRESENTATION_CONTEXT('2D SPACE',''
  ) );
#6774 = ORIENTED_EDGE('',*,*,#4377,.T.);
#6775 = ORIENTED_EDGE('',*,*,#6776,.F.);
#6776 = EDGE_CURVE('',#5654,#4380,#6777,.T.);
#6777 = SURFACE_CURVE('',#6778,(#6782,#6788),.PCURVE_S1.);
#6778 = LINE('',#6779,#6780);
#6779 = CARTESIAN_POINT('',(-15.,15.5,-3.35));
#6780 = VECTOR('',#6781,1.);
#6781 = DIRECTION('',(-1.,-1.527872730081E-16,-1.793803890391E-16));
#6782 = PCURVE('',#4394,#6783);
#6783 = DEFINITIONAL_REPRESENTATION('',(#6784),#6787);
#6784 = B_SPLINE_CURVE_WITH_KNOTS('',1,(#6785,#6786),.UNSPECIFIED.,.F.,
  .F.,(2,2),(-53.,-50.),.PIECEWISE_BEZIER_KNOTS.);
#6785 = CARTESIAN_POINT('',(5.5,-53.));
#6786 = CARTESIAN_POINT('',(5.5,-50.));
#6787 = ( GEOMETRIC_REPRESENTATION_CONTEXT(2) 
PARAMETRIC_REPRESENTATION_CONTEXT() REPRESENTATION_CONTEXT('2D SPACE',''
  ) );
#6788 = PCURVE('',#5461,#6789);
#6789 = DEFINITIONAL_REPRESENTATION('',(#6790),#6793);
#6790 = B_SPLINE_CURVE_WITH_KNOTS('',1,(#6791,#6792),.UNSPECIFIED.,.F.,
  .F.,(2,2),(-53.,-50.),.PIECEWISE_BEZIER_KNOTS.);
#6791 = CARTESIAN_POINT('',(1.25,-53.));
#6792 = CARTESIAN_POINT('',(1.25,-50.));
#6793 = ( GEOMETRIC_REPRESENTATION_CONTEXT(2) 
PARAMETRIC_REPRESENTATION_CONTEXT() REPRESENTATION_CONTEXT('2D SPACE',''
  ) );
#6794 = ORIENTED_EDGE('',*,*,#5651,.F.);
#6795 = ADVANCED_FACE('',(#6796),#4421,.F.);
#6796 = FACE_BOUND('',#6797,.F.);
#6797 = EDGE_LOOP('',(#6798,#6799,#6800,#6801));
#6798 = ORIENTED_EDGE('',*,*,#4405,.F.);
#6799 = ORIENTED_EDGE('',*,*,#6754,.T.);
#6800 = ORIENTED_EDGE('',*,*,#5674,.T.);
#6801 = ORIENTED_EDGE('',*,*,#6802,.T.);
#6802 = EDGE_CURVE('',#5675,#4406,#6803,.T.);
#6803 = SURFACE_CURVE('',#6804,(#6808,#6814),.PCURVE_S1.);
#6804 = LINE('',#6805,#6806);
#6805 = CARTESIAN_POINT('',(35.,20.,2.));
#6806 = VECTOR('',#6807,1.);
#6807 = DIRECTION('',(-1.,-1.527872730081E-16,-1.793803890391E-16));
#6808 = PCURVE('',#4421,#6809);
#6809 = DEFINITIONAL_REPRESENTATION('',(#6810),#6813);
#6810 = B_SPLINE_CURVE_WITH_KNOTS('',1,(#6811,#6812),.UNSPECIFIED.,.F.,
  .F.,(2,2),(-3.,0.),.PIECEWISE_BEZIER_KNOTS.);
#6811 = CARTESIAN_POINT('',(25.,-3.));
#6812 = CARTESIAN_POINT('',(25.,0.));
#6813 = ( GEOMETRIC_REPRESENTATION_CONTEXT(2) 
PARAMETRIC_REPRESENTATION_CONTEXT() REPRESENTATION_CONTEXT('2D SPACE',''
  ) );
#6814 = PCURVE('',#4449,#6815);
#6815 = DEFINITIONAL_REPRESENTATION('',(#6816),#6819);
#6816 = B_SPLINE_CURVE_WITH_KNOTS('',1,(#6817,#6818),.UNSPECIFIED.,.F.,
  .F.,(2,2),(-3.,0.),.PIECEWISE_BEZIER_KNOTS.);
#6817 = CARTESIAN_POINT('',(1.E-02,-3.));
#6818 = CARTESIAN_POINT('',(1.E-02,0.));
#6819 = ( GEOMETRIC_REPRESENTATION_CONTEXT(2) 
PARAMETRIC_REPRESENTATION_CONTEXT() REPRESENTATION_CONTEXT('2D SPACE',''
  ) );
#6820 = ADVANCED_FACE('',(#6821),#5461,.F.);
#6821 = FACE_BOUND('',#6822,.F.);
#6822 = EDGE_LOOP('',(#6823,#6824,#6845,#6846));
#6823 = ORIENTED_EDGE('',*,*,#5448,.T.);
#6824 = ORIENTED_EDGE('',*,*,#6825,.T.);
#6825 = EDGE_CURVE('',#5423,#6512,#6826,.T.);
#6826 = SURFACE_CURVE('',#6827,(#6831,#6838),.PCURVE_S1.);
#6827 = LINE('',#6828,#6829);
#6828 = CARTESIAN_POINT('',(-15.,15.5,-2.1));
#6829 = VECTOR('',#6830,1.);
#6830 = DIRECTION('',(1.,1.527872730081E-16,1.793803890391E-16));
#6831 = PCURVE('',#5461,#6832);
#6832 = DEFINITIONAL_REPRESENTATION('',(#6833),#6837);
#6833 = LINE('',#6834,#6835);
#6834 = CARTESIAN_POINT('',(0.,0.));
#6835 = VECTOR('',#6836,1.);
#6836 = DIRECTION('',(0.,-1.));
#6837 = ( GEOMETRIC_REPRESENTATION_CONTEXT(2) 
PARAMETRIC_REPRESENTATION_CONTEXT() REPRESENTATION_CONTEXT('2D SPACE',''
  ) );
#6838 = PCURVE('',#5437,#6839);
#6839 = DEFINITIONAL_REPRESENTATION('',(#6840),#6844);
#6840 = LINE('',#6841,#6842);
#6841 = CARTESIAN_POINT('',(2.6,0.));
#6842 = VECTOR('',#6843,1.);
#6843 = DIRECTION('',(0.,-1.));
#6844 = ( GEOMETRIC_REPRESENTATION_CONTEXT(2) 
PARAMETRIC_REPRESENTATION_CONTEXT() REPRESENTATION_CONTEXT('2D SPACE',''
  ) );
#6845 = ORIENTED_EDGE('',*,*,#6532,.F.);
#6846 = ORIENTED_EDGE('',*,*,#6776,.T.);
#6847 = ADVANCED_FACE('',(#6848),#4449,.F.);
#6848 = FACE_BOUND('',#6849,.F.);
#6849 = EDGE_LOOP('',(#6850,#6851,#6852,#6853));
#6850 = ORIENTED_EDGE('',*,*,#4433,.F.);
#6851 = ORIENTED_EDGE('',*,*,#6802,.F.);
#6852 = ORIENTED_EDGE('',*,*,#5697,.T.);
#6853 = ORIENTED_EDGE('',*,*,#6854,.F.);
#6854 = EDGE_CURVE('',#4434,#5698,#6855,.T.);
#6855 = SURFACE_CURVE('',#6856,(#6860,#6867),.PCURVE_S1.);
#6856 = LINE('',#6857,#6858);
#6857 = CARTESIAN_POINT('',(35.,23.,2.));
#6858 = VECTOR('',#6859,1.);
#6859 = DIRECTION('',(1.,1.527872730081E-16,1.793803890391E-16));
#6860 = PCURVE('',#4449,#6861);
#6861 = DEFINITIONAL_REPRESENTATION('',(#6862),#6866);
#6862 = LINE('',#6863,#6864);
#6863 = CARTESIAN_POINT('',(3.01,0.));
#6864 = VECTOR('',#6865,1.);
#6865 = DIRECTION('',(0.,-1.));
#6866 = ( GEOMETRIC_REPRESENTATION_CONTEXT(2) 
PARAMETRIC_REPRESENTATION_CONTEXT() REPRESENTATION_CONTEXT('2D SPACE',''
  ) );
#6867 = PCURVE('',#4477,#6868);
#6868 = DEFINITIONAL_REPRESENTATION('',(#6869),#6873);
#6869 = LINE('',#6870,#6871);
#6870 = CARTESIAN_POINT('',(0.,0.));
#6871 = VECTOR('',#6872,1.);
#6872 = DIRECTION('',(0.,-1.));
#6873 = ( GEOMETRIC_REPRESENTATION_CONTEXT(2) 
PARAMETRIC_REPRESENTATION_CONTEXT() REPRESENTATION_CONTEXT('2D SPACE',''
  ) );
#6874 = ADVANCED_FACE('',(#6875),#5437,.F.);
#6875 = FACE_BOUND('',#6876,.F.);
#6876 = EDGE_LOOP('',(#6877,#6878,#6899,#6900));
#6877 = ORIENTED_EDGE('',*,*,#5422,.T.);
#6878 = ORIENTED_EDGE('',*,*,#6879,.T.);
#6879 = EDGE_CURVE('',#5397,#6491,#6880,.T.);
#6880 = SURFACE_CURVE('',#6881,(#6885,#6892),.PCURVE_S1.);
#6881 = LINE('',#6882,#6883);
#6882 = CARTESIAN_POINT('',(-15.,12.9,-2.1));
#6883 = VECTOR('',#6884,1.);
#6884 = DIRECTION('',(1.,1.527872730081E-16,1.793803890391E-16));
#6885 = PCURVE('',#5437,#6886);
#6886 = DEFINITIONAL_REPRESENTATION('',(#6887),#6891);
#6887 = LINE('',#6888,#6889);
#6888 = CARTESIAN_POINT('',(0.,0.));
#6889 = VECTOR('',#6890,1.);
#6890 = DIRECTION('',(0.,-1.));
#6891 = ( GEOMETRIC_REPRESENTATION_CONTEXT(2) 
PARAMETRIC_REPRESENTATION_CONTEXT() REPRESENTATION_CONTEXT('2D SPACE',''
  ) );
#6892 = PCURVE('',#5411,#6893);
#6893 = DEFINITIONAL_REPRESENTATION('',(#6894),#6898);
#6894 = LINE('',#6895,#6896);
#6895 = CARTESIAN_POINT('',(5.8,0.));
#6896 = VECTOR('',#6897,1.);
#6897 = DIRECTION('',(0.,-1.));
#6898 = ( GEOMETRIC_REPRESENTATION_CONTEXT(2) 
PARAMETRIC_REPRESENTATION_CONTEXT() REPRESENTATION_CONTEXT('2D SPACE',''
  ) );
#6899 = ORIENTED_EDGE('',*,*,#6511,.F.);
#6900 = ORIENTED_EDGE('',*,*,#6825,.F.);
#6901 = ADVANCED_FACE('',(#6902),#4477,.F.);
#6902 = FACE_BOUND('',#6903,.F.);
#6903 = EDGE_LOOP('',(#6904,#6905,#6906,#6927));
#6904 = ORIENTED_EDGE('',*,*,#6854,.T.);
#6905 = ORIENTED_EDGE('',*,*,#5720,.T.);
#6906 = ORIENTED_EDGE('',*,*,#6907,.F.);
#6907 = EDGE_CURVE('',#4462,#5721,#6908,.T.);
#6908 = SURFACE_CURVE('',#6909,(#6913,#6920),.PCURVE_S1.);
#6909 = LINE('',#6910,#6911);
#6910 = CARTESIAN_POINT('',(35.,23.,10.));
#6911 = VECTOR('',#6912,1.);
#6912 = DIRECTION('',(1.,1.527872730081E-16,1.793803890391E-16));
#6913 = PCURVE('',#4477,#6914);
#6914 = DEFINITIONAL_REPRESENTATION('',(#6915),#6919);
#6915 = LINE('',#6916,#6917);
#6916 = CARTESIAN_POINT('',(8.,0.));
#6917 = VECTOR('',#6918,1.);
#6918 = DIRECTION('',(0.,-1.));
#6919 = ( GEOMETRIC_REPRESENTATION_CONTEXT(2) 
PARAMETRIC_REPRESENTATION_CONTEXT() REPRESENTATION_CONTEXT('2D SPACE',''
  ) );
#6920 = PCURVE('',#4505,#6921);
#6921 = DEFINITIONAL_REPRESENTATION('',(#6922),#6926);
#6922 = LINE('',#6923,#6924);
#6923 = CARTESIAN_POINT('',(0.,-0.));
#6924 = VECTOR('',#6925,1.);
#6925 = DIRECTION('',(0.,-1.));
#6926 = ( GEOMETRIC_REPRESENTATION_CONTEXT(2) 
PARAMETRIC_REPRESENTATION_CONTEXT() REPRESENTATION_CONTEXT('2D SPACE',''
  ) );
#6927 = ORIENTED_EDGE('',*,*,#4461,.F.);
#6928 = ADVANCED_FACE('',(#6929),#5411,.F.);
#6929 = FACE_BOUND('',#6930,.F.);
#6930 = EDGE_LOOP('',(#6931,#6932,#6933,#6952));
#6931 = ORIENTED_EDGE('',*,*,#6879,.F.);
#6932 = ORIENTED_EDGE('',*,*,#5396,.T.);
#6933 = ORIENTED_EDGE('',*,*,#6934,.T.);
#6934 = EDGE_CURVE('',#5371,#6470,#6935,.T.);
#6935 = SURFACE_CURVE('',#6936,(#6940,#6946),.PCURVE_S1.);
#6936 = LINE('',#6937,#6938);
#6937 = CARTESIAN_POINT('',(-15.,12.9,-3.35));
#6938 = VECTOR('',#6939,1.);
#6939 = DIRECTION('',(1.,1.527872730081E-16,1.793803890391E-16));
#6940 = PCURVE('',#5411,#6941);
#6941 = DEFINITIONAL_REPRESENTATION('',(#6942),#6945);
#6942 = B_SPLINE_CURVE_WITH_KNOTS('',1,(#6943,#6944),.UNSPECIFIED.,.F.,
  .F.,(2,2),(50.,53.),.PIECEWISE_BEZIER_KNOTS.);
#6943 = CARTESIAN_POINT('',(4.55,-50.));
#6944 = CARTESIAN_POINT('',(4.55,-53.));
#6945 = ( GEOMETRIC_REPRESENTATION_CONTEXT(2) 
PARAMETRIC_REPRESENTATION_CONTEXT() REPRESENTATION_CONTEXT('2D SPACE',''
  ) );
#6946 = PCURVE('',#5385,#6947);
#6947 = DEFINITIONAL_REPRESENTATION('',(#6948),#6951);
#6948 = B_SPLINE_CURVE_WITH_KNOTS('',1,(#6949,#6950),.UNSPECIFIED.,.F.,
  .F.,(2,2),(50.,53.),.PIECEWISE_BEZIER_KNOTS.);
#6949 = CARTESIAN_POINT('',(2.9,-50.));
#6950 = CARTESIAN_POINT('',(2.9,-53.));
#6951 = ( GEOMETRIC_REPRESENTATION_CONTEXT(2) 
PARAMETRIC_REPRESENTATION_CONTEXT() REPRESENTATION_CONTEXT('2D SPACE',''
  ) );
#6952 = ORIENTED_EDGE('',*,*,#6490,.F.);
#6953 = ADVANCED_FACE('',(#6954),#4505,.F.);
#6954 = FACE_BOUND('',#6955,.F.);
#6955 = EDGE_LOOP('',(#6956,#6957,#6958,#6959));
#6956 = ORIENTED_EDGE('',*,*,#4489,.F.);
#6957 = ORIENTED_EDGE('',*,*,#6907,.T.);
#6958 = ORIENTED_EDGE('',*,*,#5743,.T.);
#6959 = ORIENTED_EDGE('',*,*,#6960,.F.);
#6960 = EDGE_CURVE('',#4490,#5744,#6961,.T.);
#6961 = SURFACE_CURVE('',#6962,(#6966,#6972),.PCURVE_S1.);
#6962 = LINE('',#6963,#6964);
#6963 = CARTESIAN_POINT('',(35.,20.,10.));
#6964 = VECTOR('',#6965,1.);
#6965 = DIRECTION('',(1.,1.527872730081E-16,1.793803890391E-16));
#6966 = PCURVE('',#4505,#6967);
#6967 = DEFINITIONAL_REPRESENTATION('',(#6968),#6971);
#6968 = B_SPLINE_CURVE_WITH_KNOTS('',1,(#6969,#6970),.UNSPECIFIED.,.F.,
  .F.,(2,2),(0.,3.),.PIECEWISE_BEZIER_KNOTS.);
#6969 = CARTESIAN_POINT('',(3.,0.));
#6970 = CARTESIAN_POINT('',(3.,-3.));
#6971 = ( GEOMETRIC_REPRESENTATION_CONTEXT(2) 
PARAMETRIC_REPRESENTATION_CONTEXT() REPRESENTATION_CONTEXT('2D SPACE',''
  ) );
#6972 = PCURVE('',#4533,#6973);
#6973 = DEFINITIONAL_REPRESENTATION('',(#6974),#6977);
#6974 = B_SPLINE_CURVE_WITH_KNOTS('',1,(#6975,#6976),.UNSPECIFIED.,.F.,
  .F.,(2,2),(0.,3.),.PIECEWISE_BEZIER_KNOTS.);
#6975 = CARTESIAN_POINT('',(33.,0.));
#6976 = CARTESIAN_POINT('',(33.,-3.));
#6977 = ( GEOMETRIC_REPRESENTATION_CONTEXT(2) 
PARAMETRIC_REPRESENTATION_CONTEXT() REPRESENTATION_CONTEXT('2D SPACE',''
  ) );
#6978 = ADVANCED_FACE('',(#6979),#5385,.F.);
#6979 = FACE_BOUND('',#6980,.F.);
#6980 = EDGE_LOOP('',(#6981,#6982,#6983,#7004));
#6981 = ORIENTED_EDGE('',*,*,#6934,.F.);
#6982 = ORIENTED_EDGE('',*,*,#5370,.T.);
#6983 = ORIENTED_EDGE('',*,*,#6984,.T.);
#6984 = EDGE_CURVE('',#5345,#6449,#6985,.T.);
#6985 = SURFACE_CURVE('',#6986,(#6990,#6997),.PCURVE_S1.);
#6986 = LINE('',#6987,#6988);
#6987 = CARTESIAN_POINT('',(-15.,10.,-3.35));
#6988 = VECTOR('',#6989,1.);
#6989 = DIRECTION('',(1.,1.527872730081E-16,1.793803890391E-16));
#6990 = PCURVE('',#5385,#6991);
#6991 = DEFINITIONAL_REPRESENTATION('',(#6992),#6996);
#6992 = LINE('',#6993,#6994);
#6993 = CARTESIAN_POINT('',(0.,0.));
#6994 = VECTOR('',#6995,1.);
#6995 = DIRECTION('',(0.,-1.));
#6996 = ( GEOMETRIC_REPRESENTATION_CONTEXT(2) 
PARAMETRIC_REPRESENTATION_CONTEXT() REPRESENTATION_CONTEXT('2D SPACE',''
  ) );
#6997 = PCURVE('',#5359,#6998);
#6998 = DEFINITIONAL_REPRESENTATION('',(#6999),#7003);
#6999 = LINE('',#7000,#7001);
#7000 = CARTESIAN_POINT('',(3.3,0.));
#7001 = VECTOR('',#7002,1.);
#7002 = DIRECTION('',(0.,-1.));
#7003 = ( GEOMETRIC_REPRESENTATION_CONTEXT(2) 
PARAMETRIC_REPRESENTATION_CONTEXT() REPRESENTATION_CONTEXT('2D SPACE',''
  ) );
#7004 = ORIENTED_EDGE('',*,*,#6469,.F.);
#7005 = ADVANCED_FACE('',(#7006),#4533,.F.);
#7006 = FACE_BOUND('',#7007,.F.);
#7007 = EDGE_LOOP('',(#7008,#7009,#7010,#7011));
#7008 = ORIENTED_EDGE('',*,*,#4517,.F.);
#7009 = ORIENTED_EDGE('',*,*,#6960,.T.);
#7010 = ORIENTED_EDGE('',*,*,#5766,.T.);
#7011 = ORIENTED_EDGE('',*,*,#7012,.F.);
#7012 = EDGE_CURVE('',#4518,#5767,#7013,.T.);
#7013 = SURFACE_CURVE('',#7014,(#7018,#7025),.PCURVE_S1.);
#7014 = LINE('',#7015,#7016);
#7015 = CARTESIAN_POINT('',(35.,20.,12.));
#7016 = VECTOR('',#7017,1.);
#7017 = DIRECTION('',(1.,1.527872730081E-16,1.793803890391E-16));
#7018 = PCURVE('',#4533,#7019);
#7019 = DEFINITIONAL_REPRESENTATION('',(#7020),#7024);
#7020 = LINE('',#7021,#7022);
#7021 = CARTESIAN_POINT('',(35.,0.));
#7022 = VECTOR('',#7023,1.);
#7023 = DIRECTION('',(0.,-1.));
#7024 = ( GEOMETRIC_REPRESENTATION_CONTEXT(2) 
PARAMETRIC_REPRESENTATION_CONTEXT() REPRESENTATION_CONTEXT('2D SPACE',''
  ) );
#7025 = PCURVE('',#4561,#7026);
#7026 = DEFINITIONAL_REPRESENTATION('',(#7027),#7031);
#7027 = LINE('',#7028,#7029);
#7028 = CARTESIAN_POINT('',(0.,-0.));
#7029 = VECTOR('',#7030,1.);
#7030 = DIRECTION('',(0.,-1.));
#7031 = ( GEOMETRIC_REPRESENTATION_CONTEXT(2) 
PARAMETRIC_REPRESENTATION_CONTEXT() REPRESENTATION_CONTEXT('2D SPACE',''
  ) );
#7032 = ADVANCED_FACE('',(#7033),#5359,.F.);
#7033 = FACE_BOUND('',#7034,.F.);
#7034 = EDGE_LOOP('',(#7035,#7036,#7057,#7058));
#7035 = ORIENTED_EDGE('',*,*,#5344,.T.);
#7036 = ORIENTED_EDGE('',*,*,#7037,.T.);
#7037 = EDGE_CURVE('',#5319,#6428,#7038,.T.);
#7038 = SURFACE_CURVE('',#7039,(#7043,#7050),.PCURVE_S1.);
#7039 = LINE('',#7040,#7041);
#7040 = CARTESIAN_POINT('',(-15.,10.,-6.65));
#7041 = VECTOR('',#7042,1.);
#7042 = DIRECTION('',(1.,1.527872730081E-16,1.793803890391E-16));
#7043 = PCURVE('',#5359,#7044);
#7044 = DEFINITIONAL_REPRESENTATION('',(#7045),#7049);
#7045 = LINE('',#7046,#7047);
#7046 = CARTESIAN_POINT('',(0.,0.));
#7047 = VECTOR('',#7048,1.);
#7048 = DIRECTION('',(0.,-1.));
#7049 = ( GEOMETRIC_REPRESENTATION_CONTEXT(2) 
PARAMETRIC_REPRESENTATION_CONTEXT() REPRESENTATION_CONTEXT('2D SPACE',''
  ) );
#7050 = PCURVE('',#5333,#7051);
#7051 = DEFINITIONAL_REPRESENTATION('',(#7052),#7056);
#7052 = LINE('',#7053,#7054);
#7053 = CARTESIAN_POINT('',(10.,0.));
#7054 = VECTOR('',#7055,1.);
#7055 = DIRECTION('',(0.,-1.));
#7056 = ( GEOMETRIC_REPRESENTATION_CONTEXT(2) 
PARAMETRIC_REPRESENTATION_CONTEXT() REPRESENTATION_CONTEXT('2D SPACE',''
  ) );
#7057 = ORIENTED_EDGE('',*,*,#6448,.F.);
#7058 = ORIENTED_EDGE('',*,*,#6984,.F.);
#7059 = ADVANCED_FACE('',(#7060),#4561,.F.);
#7060 = FACE_BOUND('',#7061,.F.);
#7061 = EDGE_LOOP('',(#7062,#7063,#7064,#7085));
#7062 = ORIENTED_EDGE('',*,*,#7012,.T.);
#7063 = ORIENTED_EDGE('',*,*,#5789,.T.);
#7064 = ORIENTED_EDGE('',*,*,#7065,.F.);
#7065 = EDGE_CURVE('',#4546,#5790,#7066,.T.);
#7066 = SURFACE_CURVE('',#7067,(#7071,#7078),.PCURVE_S1.);
#7067 = LINE('',#7068,#7069);
#7068 = CARTESIAN_POINT('',(35.,-20.,12.));
#7069 = VECTOR('',#7070,1.);
#7070 = DIRECTION('',(1.,1.527872730081E-16,1.793803890391E-16));
#7071 = PCURVE('',#4561,#7072);
#7072 = DEFINITIONAL_REPRESENTATION('',(#7073),#7077);
#7073 = LINE('',#7074,#7075);
#7074 = CARTESIAN_POINT('',(40.,0.));
#7075 = VECTOR('',#7076,1.);
#7076 = DIRECTION('',(0.,-1.));
#7077 = ( GEOMETRIC_REPRESENTATION_CONTEXT(2) 
PARAMETRIC_REPRESENTATION_CONTEXT() REPRESENTATION_CONTEXT('2D SPACE',''
  ) );
#7078 = PCURVE('',#4589,#7079);
#7079 = DEFINITIONAL_REPRESENTATION('',(#7080),#7084);
#7080 = LINE('',#7081,#7082);
#7081 = CARTESIAN_POINT('',(0.,0.));
#7082 = VECTOR('',#7083,1.);
#7083 = DIRECTION('',(0.,-1.));
#7084 = ( GEOMETRIC_REPRESENTATION_CONTEXT(2) 
PARAMETRIC_REPRESENTATION_CONTEXT() REPRESENTATION_CONTEXT('2D SPACE',''
  ) );
#7085 = ORIENTED_EDGE('',*,*,#4545,.F.);
#7086 = ADVANCED_FACE('',(#7087),#5333,.F.);
#7087 = FACE_BOUND('',#7088,.F.);
#7088 = EDGE_LOOP('',(#7089,#7090,#7091,#7110));
#7089 = ORIENTED_EDGE('',*,*,#7037,.F.);
#7090 = ORIENTED_EDGE('',*,*,#5318,.T.);
#7091 = ORIENTED_EDGE('',*,*,#7092,.F.);
#7092 = EDGE_CURVE('',#6407,#5293,#7093,.T.);
#7093 = SURFACE_CURVE('',#7094,(#7098,#7104),.PCURVE_S1.);
#7094 = LINE('',#7095,#7096);
#7095 = CARTESIAN_POINT('',(-15.,12.9,-6.65));
#7096 = VECTOR('',#7097,1.);
#7097 = DIRECTION('',(-1.,-1.527872730081E-16,-1.793803890391E-16));
#7098 = PCURVE('',#5333,#7099);
#7099 = DEFINITIONAL_REPRESENTATION('',(#7100),#7103);
#7100 = B_SPLINE_CURVE_WITH_KNOTS('',1,(#7101,#7102),.UNSPECIFIED.,.F.,
  .F.,(2,2),(-53.,-50.),.PIECEWISE_BEZIER_KNOTS.);
#7101 = CARTESIAN_POINT('',(7.1,-53.));
#7102 = CARTESIAN_POINT('',(7.1,-50.));
#7103 = ( GEOMETRIC_REPRESENTATION_CONTEXT(2) 
PARAMETRIC_REPRESENTATION_CONTEXT() REPRESENTATION_CONTEXT('2D SPACE',''
  ) );
#7104 = PCURVE('',#5307,#7105);
#7105 = DEFINITIONAL_REPRESENTATION('',(#7106),#7109);
#7106 = B_SPLINE_CURVE_WITH_KNOTS('',1,(#7107,#7108),.UNSPECIFIED.,.F.,
  .F.,(2,2),(-53.,-50.),.PIECEWISE_BEZIER_KNOTS.);
#7107 = CARTESIAN_POINT('',(1.25,-53.));
#7108 = CARTESIAN_POINT('',(1.25,-50.));
#7109 = ( GEOMETRIC_REPRESENTATION_CONTEXT(2) 
PARAMETRIC_REPRESENTATION_CONTEXT() REPRESENTATION_CONTEXT('2D SPACE',''
  ) );
#7110 = ORIENTED_EDGE('',*,*,#6427,.F.);
#7111 = ADVANCED_FACE('',(#7112),#4589,.F.);
#7112 = FACE_BOUND('',#7113,.F.);
#7113 = EDGE_LOOP('',(#7114,#7115,#7116,#7117));
#7114 = ORIENTED_EDGE('',*,*,#4573,.F.);
#7115 = ORIENTED_EDGE('',*,*,#7065,.T.);
#7116 = ORIENTED_EDGE('',*,*,#5812,.T.);
#7117 = ORIENTED_EDGE('',*,*,#7118,.T.);
#7118 = EDGE_CURVE('',#5813,#4574,#7119,.T.);
#7119 = SURFACE_CURVE('',#7120,(#7124,#7130),.PCURVE_S1.);
#7120 = LINE('',#7121,#7122);
#7121 = CARTESIAN_POINT('',(35.,-20.,10.));
#7122 = VECTOR('',#7123,1.);
#7123 = DIRECTION('',(-1.,-1.527872730081E-16,-1.793803890391E-16));
#7124 = PCURVE('',#4589,#7125);
#7125 = DEFINITIONAL_REPRESENTATION('',(#7126),#7129);
#7126 = B_SPLINE_CURVE_WITH_KNOTS('',1,(#7127,#7128),.UNSPECIFIED.,.F.,
  .F.,(2,2),(-3.,0.),.PIECEWISE_BEZIER_KNOTS.);
#7127 = CARTESIAN_POINT('',(2.,-3.));
#7128 = CARTESIAN_POINT('',(2.,0.));
#7129 = ( GEOMETRIC_REPRESENTATION_CONTEXT(2) 
PARAMETRIC_REPRESENTATION_CONTEXT() REPRESENTATION_CONTEXT('2D SPACE',''
  ) );
#7130 = PCURVE('',#4617,#7131);
#7131 = DEFINITIONAL_REPRESENTATION('',(#7132),#7135);
#7132 = B_SPLINE_CURVE_WITH_KNOTS('',1,(#7133,#7134),.UNSPECIFIED.,.F.,
  .F.,(2,2),(-3.,0.),.PIECEWISE_BEZIER_KNOTS.);
#7133 = CARTESIAN_POINT('',(1.E-02,-3.));
#7134 = CARTESIAN_POINT('',(1.E-02,0.));
#7135 = ( GEOMETRIC_REPRESENTATION_CONTEXT(2) 
PARAMETRIC_REPRESENTATION_CONTEXT() REPRESENTATION_CONTEXT('2D SPACE',''
  ) );
#7136 = ADVANCED_FACE('',(#7137),#5307,.F.);
#7137 = FACE_BOUND('',#7138,.F.);
#7138 = EDGE_LOOP('',(#7139,#7140,#7161,#7162));
#7139 = ORIENTED_EDGE('',*,*,#5292,.T.);
#7140 = ORIENTED_EDGE('',*,*,#7141,.T.);
#7141 = EDGE_CURVE('',#5267,#6386,#7142,.T.);
#7142 = SURFACE_CURVE('',#7143,(#7147,#7154),.PCURVE_S1.);
#7143 = LINE('',#7144,#7145);
#7144 = CARTESIAN_POINT('',(-15.,12.9,-7.9));
#7145 = VECTOR('',#7146,1.);
#7146 = DIRECTION('',(1.,1.527872730081E-16,1.793803890391E-16));
#7147 = PCURVE('',#5307,#7148);
#7148 = DEFINITIONAL_REPRESENTATION('',(#7149),#7153);
#7149 = LINE('',#7150,#7151);
#7150 = CARTESIAN_POINT('',(0.,0.));
#7151 = VECTOR('',#7152,1.);
#7152 = DIRECTION('',(0.,-1.));
#7153 = ( GEOMETRIC_REPRESENTATION_CONTEXT(2) 
PARAMETRIC_REPRESENTATION_CONTEXT() REPRESENTATION_CONTEXT('2D SPACE',''
  ) );
#7154 = PCURVE('',#5281,#7155);
#7155 = DEFINITIONAL_REPRESENTATION('',(#7156),#7160);
#7156 = LINE('',#7157,#7158);
#7157 = CARTESIAN_POINT('',(2.6,0.));
#7158 = VECTOR('',#7159,1.);
#7159 = DIRECTION('',(0.,-1.));
#7160 = ( GEOMETRIC_REPRESENTATION_CONTEXT(2) 
PARAMETRIC_REPRESENTATION_CONTEXT() REPRESENTATION_CONTEXT('2D SPACE',''
  ) );
#7161 = ORIENTED_EDGE('',*,*,#6406,.F.);
#7162 = ORIENTED_EDGE('',*,*,#7092,.T.);
#7163 = ADVANCED_FACE('',(#7164),#4617,.F.);
#7164 = FACE_BOUND('',#7165,.F.);
#7165 = EDGE_LOOP('',(#7166,#7167,#7168,#7169));
#7166 = ORIENTED_EDGE('',*,*,#4601,.F.);
#7167 = ORIENTED_EDGE('',*,*,#7118,.F.);
#7168 = ORIENTED_EDGE('',*,*,#5835,.T.);
#7169 = ORIENTED_EDGE('',*,*,#7170,.F.);
#7170 = EDGE_CURVE('',#4602,#5836,#7171,.T.);
#7171 = SURFACE_CURVE('',#7172,(#7176,#7183),.PCURVE_S1.);
#7172 = LINE('',#7173,#7174);
#7173 = CARTESIAN_POINT('',(35.,-23.,10.));
#7174 = VECTOR('',#7175,1.);
#7175 = DIRECTION('',(1.,1.527872730081E-16,1.793803890391E-16));
#7176 = PCURVE('',#4617,#7177);
#7177 = DEFINITIONAL_REPRESENTATION('',(#7178),#7182);
#7178 = LINE('',#7179,#7180);
#7179 = CARTESIAN_POINT('',(3.01,0.));
#7180 = VECTOR('',#7181,1.);
#7181 = DIRECTION('',(0.,-1.));
#7182 = ( GEOMETRIC_REPRESENTATION_CONTEXT(2) 
PARAMETRIC_REPRESENTATION_CONTEXT() REPRESENTATION_CONTEXT('2D SPACE',''
  ) );
#7183 = PCURVE('',#4645,#7184);
#7184 = DEFINITIONAL_REPRESENTATION('',(#7185),#7189);
#7185 = LINE('',#7186,#7187);
#7186 = CARTESIAN_POINT('',(0.,0.));
#7187 = VECTOR('',#7188,1.);
#7188 = DIRECTION('',(0.,-1.));
#7189 = ( GEOMETRIC_REPRESENTATION_CONTEXT(2) 
PARAMETRIC_REPRESENTATION_CONTEXT() REPRESENTATION_CONTEXT('2D SPACE',''
  ) );
#7190 = ADVANCED_FACE('',(#7191),#5281,.F.);
#7191 = FACE_BOUND('',#7192,.F.);
#7192 = EDGE_LOOP('',(#7193,#7194,#7215,#7216));
#7193 = ORIENTED_EDGE('',*,*,#5266,.T.);
#7194 = ORIENTED_EDGE('',*,*,#7195,.T.);
#7195 = EDGE_CURVE('',#5241,#6365,#7196,.T.);
#7196 = SURFACE_CURVE('',#7197,(#7201,#7208),.PCURVE_S1.);
#7197 = LINE('',#7198,#7199);
#7198 = CARTESIAN_POINT('',(-15.,15.5,-7.9));
#7199 = VECTOR('',#7200,1.);
#7200 = DIRECTION('',(1.,1.527872730081E-16,1.793803890391E-16));
#7201 = PCURVE('',#5281,#7202);
#7202 = DEFINITIONAL_REPRESENTATION('',(#7203),#7207);
#7203 = LINE('',#7204,#7205);
#7204 = CARTESIAN_POINT('',(0.,-0.));
#7205 = VECTOR('',#7206,1.);
#7206 = DIRECTION('',(0.,-1.));
#7207 = ( GEOMETRIC_REPRESENTATION_CONTEXT(2) 
PARAMETRIC_REPRESENTATION_CONTEXT() REPRESENTATION_CONTEXT('2D SPACE',''
  ) );
#7208 = PCURVE('',#5255,#7209);
#7209 = DEFINITIONAL_REPRESENTATION('',(#7210),#7214);
#7210 = LINE('',#7211,#7212);
#7211 = CARTESIAN_POINT('',(5.8,0.));
#7212 = VECTOR('',#7213,1.);
#7213 = DIRECTION('',(0.,-1.));
#7214 = ( GEOMETRIC_REPRESENTATION_CONTEXT(2) 
PARAMETRIC_REPRESENTATION_CONTEXT() REPRESENTATION_CONTEXT('2D SPACE',''
  ) );
#7215 = ORIENTED_EDGE('',*,*,#6385,.F.);
#7216 = ORIENTED_EDGE('',*,*,#7141,.F.);
#7217 = ADVANCED_FACE('',(#7218),#4645,.F.);
#7218 = FACE_BOUND('',#7219,.F.);
#7219 = EDGE_LOOP('',(#7220,#7221,#7222,#7243));
#7220 = ORIENTED_EDGE('',*,*,#7170,.T.);
#7221 = ORIENTED_EDGE('',*,*,#5858,.T.);
#7222 = ORIENTED_EDGE('',*,*,#7223,.F.);
#7223 = EDGE_CURVE('',#4630,#5859,#7224,.T.);
#7224 = SURFACE_CURVE('',#7225,(#7229,#7236),.PCURVE_S1.);
#7225 = LINE('',#7226,#7227);
#7226 = CARTESIAN_POINT('',(35.,-23.,2.));
#7227 = VECTOR('',#7228,1.);
#7228 = DIRECTION('',(1.,1.527872730081E-16,1.793803890391E-16));
#7229 = PCURVE('',#4645,#7230);
#7230 = DEFINITIONAL_REPRESENTATION('',(#7231),#7235);
#7231 = LINE('',#7232,#7233);
#7232 = CARTESIAN_POINT('',(8.,0.));
#7233 = VECTOR('',#7234,1.);
#7234 = DIRECTION('',(0.,-1.));
#7235 = ( GEOMETRIC_REPRESENTATION_CONTEXT(2) 
PARAMETRIC_REPRESENTATION_CONTEXT() REPRESENTATION_CONTEXT('2D SPACE',''
  ) );
#7236 = PCURVE('',#4673,#7237);
#7237 = DEFINITIONAL_REPRESENTATION('',(#7238),#7242);
#7238 = LINE('',#7239,#7240);
#7239 = CARTESIAN_POINT('',(0.,0.));
#7240 = VECTOR('',#7241,1.);
#7241 = DIRECTION('',(0.,-1.));
#7242 = ( GEOMETRIC_REPRESENTATION_CONTEXT(2) 
PARAMETRIC_REPRESENTATION_CONTEXT() REPRESENTATION_CONTEXT('2D SPACE',''
  ) );
#7243 = ORIENTED_EDGE('',*,*,#4629,.F.);
#7244 = ADVANCED_FACE('',(#7245),#5255,.F.);
#7245 = FACE_BOUND('',#7246,.F.);
#7246 = EDGE_LOOP('',(#7247,#7248,#7249,#7268));
#7247 = ORIENTED_EDGE('',*,*,#7195,.F.);
#7248 = ORIENTED_EDGE('',*,*,#5240,.T.);
#7249 = ORIENTED_EDGE('',*,*,#7250,.T.);
#7250 = EDGE_CURVE('',#5215,#6344,#7251,.T.);
#7251 = SURFACE_CURVE('',#7252,(#7256,#7262),.PCURVE_S1.);
#7252 = LINE('',#7253,#7254);
#7253 = CARTESIAN_POINT('',(-15.,15.5,-6.65));
#7254 = VECTOR('',#7255,1.);
#7255 = DIRECTION('',(1.,1.527872730081E-16,1.793803890391E-16));
#7256 = PCURVE('',#5255,#7257);
#7257 = DEFINITIONAL_REPRESENTATION('',(#7258),#7261);
#7258 = B_SPLINE_CURVE_WITH_KNOTS('',1,(#7259,#7260),.UNSPECIFIED.,.F.,
  .F.,(2,2),(50.,53.),.PIECEWISE_BEZIER_KNOTS.);
#7259 = CARTESIAN_POINT('',(4.55,-50.));
#7260 = CARTESIAN_POINT('',(4.55,-53.));
#7261 = ( GEOMETRIC_REPRESENTATION_CONTEXT(2) 
PARAMETRIC_REPRESENTATION_CONTEXT() REPRESENTATION_CONTEXT('2D SPACE',''
  ) );
#7262 = PCURVE('',#5229,#7263);
#7263 = DEFINITIONAL_REPRESENTATION('',(#7264),#7267);
#7264 = B_SPLINE_CURVE_WITH_KNOTS('',1,(#7265,#7266),.UNSPECIFIED.,.F.,
  .F.,(2,2),(50.,53.),.PIECEWISE_BEZIER_KNOTS.);
#7265 = CARTESIAN_POINT('',(4.5,-50.));
#7266 = CARTESIAN_POINT('',(4.5,-53.));
#7267 = ( GEOMETRIC_REPRESENTATION_CONTEXT(2) 
PARAMETRIC_REPRESENTATION_CONTEXT() REPRESENTATION_CONTEXT('2D SPACE',''
  ) );
#7268 = ORIENTED_EDGE('',*,*,#6364,.F.);
#7269 = ADVANCED_FACE('',(#7270),#4673,.F.);
#7270 = FACE_BOUND('',#7271,.F.);
#7271 = EDGE_LOOP('',(#7272,#7273,#7274,#7275));
#7272 = ORIENTED_EDGE('',*,*,#4657,.F.);
#7273 = ORIENTED_EDGE('',*,*,#7223,.T.);
#7274 = ORIENTED_EDGE('',*,*,#5881,.T.);
#7275 = ORIENTED_EDGE('',*,*,#7276,.F.);
#7276 = EDGE_CURVE('',#4658,#5882,#7277,.T.);
#7277 = SURFACE_CURVE('',#7278,(#7282,#7288),.PCURVE_S1.);
#7278 = LINE('',#7279,#7280);
#7279 = CARTESIAN_POINT('',(35.,-20.,2.));
#7280 = VECTOR('',#7281,1.);
#7281 = DIRECTION('',(1.,1.527872730081E-16,1.793803890391E-16));
#7282 = PCURVE('',#4673,#7283);
#7283 = DEFINITIONAL_REPRESENTATION('',(#7284),#7287);
#7284 = B_SPLINE_CURVE_WITH_KNOTS('',1,(#7285,#7286),.UNSPECIFIED.,.F.,
  .F.,(2,2),(0.,3.),.PIECEWISE_BEZIER_KNOTS.);
#7285 = CARTESIAN_POINT('',(3.,0.));
#7286 = CARTESIAN_POINT('',(3.,-3.));
#7287 = ( GEOMETRIC_REPRESENTATION_CONTEXT(2) 
PARAMETRIC_REPRESENTATION_CONTEXT() REPRESENTATION_CONTEXT('2D SPACE',''
  ) );
#7288 = PCURVE('',#4701,#7289);
#7289 = DEFINITIONAL_REPRESENTATION('',(#7290),#7293);
#7290 = B_SPLINE_CURVE_WITH_KNOTS('',1,(#7291,#7292),.UNSPECIFIED.,.F.,
  .F.,(2,2),(0.,3.),.PIECEWISE_BEZIER_KNOTS.);
#7291 = CARTESIAN_POINT('',(10.,0.));
#7292 = CARTESIAN_POINT('',(10.,-3.));
#7293 = ( GEOMETRIC_REPRESENTATION_CONTEXT(2) 
PARAMETRIC_REPRESENTATION_CONTEXT() REPRESENTATION_CONTEXT('2D SPACE',''
  ) );
#7294 = ADVANCED_FACE('',(#7295),#5229,.F.);
#7295 = FACE_BOUND('',#7296,.F.);
#7296 = EDGE_LOOP('',(#7297,#7298,#7299,#7320));
#7297 = ORIENTED_EDGE('',*,*,#7250,.F.);
#7298 = ORIENTED_EDGE('',*,*,#5214,.T.);
#7299 = ORIENTED_EDGE('',*,*,#7300,.T.);
#7300 = EDGE_CURVE('',#5187,#6321,#7301,.T.);
#7301 = SURFACE_CURVE('',#7302,(#7306,#7313),.PCURVE_S1.);
#7302 = LINE('',#7303,#7304);
#7303 = CARTESIAN_POINT('',(-15.,20.,-6.65));
#7304 = VECTOR('',#7305,1.);
#7305 = DIRECTION('',(1.,1.527872730081E-16,1.793803890391E-16));
#7306 = PCURVE('',#5229,#7307);
#7307 = DEFINITIONAL_REPRESENTATION('',(#7308),#7312);
#7308 = LINE('',#7309,#7310);
#7309 = CARTESIAN_POINT('',(0.,-0.));
#7310 = VECTOR('',#7311,1.);
#7311 = DIRECTION('',(0.,-1.));
#7312 = ( GEOMETRIC_REPRESENTATION_CONTEXT(2) 
PARAMETRIC_REPRESENTATION_CONTEXT() REPRESENTATION_CONTEXT('2D SPACE',''
  ) );
#7313 = PCURVE('',#5202,#7314);
#7314 = DEFINITIONAL_REPRESENTATION('',(#7315),#7319);
#7315 = LINE('',#7316,#7317);
#7316 = CARTESIAN_POINT('',(16.35,50.));
#7317 = VECTOR('',#7318,1.);
#7318 = DIRECTION('',(0.,-1.));
#7319 = ( GEOMETRIC_REPRESENTATION_CONTEXT(2) 
PARAMETRIC_REPRESENTATION_CONTEXT() REPRESENTATION_CONTEXT('2D SPACE',''
  ) );
#7320 = ORIENTED_EDGE('',*,*,#6343,.F.);
#7321 = ADVANCED_FACE('',(#7322),#4701,.F.);
#7322 = FACE_BOUND('',#7323,.F.);
#7323 = EDGE_LOOP('',(#7324,#7325,#7326,#7327));
#7324 = ORIENTED_EDGE('',*,*,#4685,.F.);
#7325 = ORIENTED_EDGE('',*,*,#7276,.T.);
#7326 = ORIENTED_EDGE('',*,*,#5904,.T.);
#7327 = ORIENTED_EDGE('',*,*,#7328,.F.);
#7328 = EDGE_CURVE('',#4686,#5905,#7329,.T.);
#7329 = SURFACE_CURVE('',#7330,(#7334,#7341),.PCURVE_S1.);
#7330 = LINE('',#7331,#7332);
#7331 = CARTESIAN_POINT('',(-15.,-20.,-3.35));
#7332 = VECTOR('',#7333,1.);
#7333 = DIRECTION('',(1.,1.527872730081E-16,1.793803890391E-16));
#7334 = PCURVE('',#4701,#7335);
#7335 = DEFINITIONAL_REPRESENTATION('',(#7336),#7340);
#7336 = LINE('',#7337,#7338);
#7337 = CARTESIAN_POINT('',(15.35,50.));
#7338 = VECTOR('',#7339,1.);
#7339 = DIRECTION('',(0.,-1.));
#7340 = ( GEOMETRIC_REPRESENTATION_CONTEXT(2) 
PARAMETRIC_REPRESENTATION_CONTEXT() REPRESENTATION_CONTEXT('2D SPACE',''
  ) );
#7341 = PCURVE('',#4728,#7342);
#7342 = DEFINITIONAL_REPRESENTATION('',(#7343),#7347);
#7343 = LINE('',#7344,#7345);
#7344 = CARTESIAN_POINT('',(0.,0.));
#7345 = VECTOR('',#7346,1.);
#7346 = DIRECTION('',(0.,-1.));
#7347 = ( GEOMETRIC_REPRESENTATION_CONTEXT(2) 
PARAMETRIC_REPRESENTATION_CONTEXT() REPRESENTATION_CONTEXT('2D SPACE',''
  ) );
#7348 = ADVANCED_FACE('',(#7349),#5202,.F.);
#7349 = FACE_BOUND('',#7350,.F.);
#7350 = EDGE_LOOP('',(#7351,#7352,#7371,#7372));
#7351 = ORIENTED_EDGE('',*,*,#5186,.F.);
#7352 = ORIENTED_EDGE('',*,*,#7353,.T.);
#7353 = EDGE_CURVE('',#5159,#6298,#7354,.T.);
#7354 = SURFACE_CURVE('',#7355,(#7359,#7365),.PCURVE_S1.);
#7355 = LINE('',#7356,#7357);
#7356 = CARTESIAN_POINT('',(35.,20.,-12.));
#7357 = VECTOR('',#7358,1.);
#7358 = DIRECTION('',(1.,1.527872730081E-16,1.793803890391E-16));
#7359 = PCURVE('',#5202,#7360);
#7360 = DEFINITIONAL_REPRESENTATION('',(#7361),#7364);
#7361 = B_SPLINE_CURVE_WITH_KNOTS('',1,(#7362,#7363),.UNSPECIFIED.,.F.,
  .F.,(2,2),(0.,3.),.PIECEWISE_BEZIER_KNOTS.);
#7362 = CARTESIAN_POINT('',(11.,0.));
#7363 = CARTESIAN_POINT('',(11.,-3.));
#7364 = ( GEOMETRIC_REPRESENTATION_CONTEXT(2) 
PARAMETRIC_REPRESENTATION_CONTEXT() REPRESENTATION_CONTEXT('2D SPACE',''
  ) );
#7365 = PCURVE('',#5174,#7366);
#7366 = DEFINITIONAL_REPRESENTATION('',(#7367),#7370);
#7367 = B_SPLINE_CURVE_WITH_KNOTS('',1,(#7368,#7369),.UNSPECIFIED.,.F.,
  .F.,(2,2),(0.,3.),.PIECEWISE_BEZIER_KNOTS.);
#7368 = CARTESIAN_POINT('',(3.,0.));
#7369 = CARTESIAN_POINT('',(3.,-3.));
#7370 = ( GEOMETRIC_REPRESENTATION_CONTEXT(2) 
PARAMETRIC_REPRESENTATION_CONTEXT() REPRESENTATION_CONTEXT('2D SPACE',''
  ) );
#7371 = ORIENTED_EDGE('',*,*,#6320,.T.);
#7372 = ORIENTED_EDGE('',*,*,#7300,.F.);
#7373 = ADVANCED_FACE('',(#7374),#4728,.F.);
#7374 = FACE_BOUND('',#7375,.F.);
#7375 = EDGE_LOOP('',(#7376,#7395,#7396,#7397));
#7376 = ORIENTED_EDGE('',*,*,#7377,.F.);
#7377 = EDGE_CURVE('',#4714,#5928,#7378,.T.);
#7378 = SURFACE_CURVE('',#7379,(#7383,#7389),.PCURVE_S1.);
#7379 = LINE('',#7380,#7381);
#7380 = CARTESIAN_POINT('',(-15.,-15.5,-3.35));
#7381 = VECTOR('',#7382,1.);
#7382 = DIRECTION('',(1.,1.527872730081E-16,1.793803890391E-16));
#7383 = PCURVE('',#4728,#7384);
#7384 = DEFINITIONAL_REPRESENTATION('',(#7385),#7388);
#7385 = B_SPLINE_CURVE_WITH_KNOTS('',1,(#7386,#7387),.UNSPECIFIED.,.F.,
  .F.,(2,2),(50.,53.),.PIECEWISE_BEZIER_KNOTS.);
#7386 = CARTESIAN_POINT('',(4.5,-50.));
#7387 = CARTESIAN_POINT('',(4.5,-53.));
#7388 = ( GEOMETRIC_REPRESENTATION_CONTEXT(2) 
PARAMETRIC_REPRESENTATION_CONTEXT() REPRESENTATION_CONTEXT('2D SPACE',''
  ) );
#7389 = PCURVE('',#4754,#7390);
#7390 = DEFINITIONAL_REPRESENTATION('',(#7391),#7394);
#7391 = B_SPLINE_CURVE_WITH_KNOTS('',1,(#7392,#7393),.UNSPECIFIED.,.F.,
  .F.,(2,2),(50.,53.),.PIECEWISE_BEZIER_KNOTS.);
#7392 = CARTESIAN_POINT('',(4.55,-50.));
#7393 = CARTESIAN_POINT('',(4.55,-53.));
#7394 = ( GEOMETRIC_REPRESENTATION_CONTEXT(2) 
PARAMETRIC_REPRESENTATION_CONTEXT() REPRESENTATION_CONTEXT('2D SPACE',''
  ) );
#7395 = ORIENTED_EDGE('',*,*,#4713,.T.);
#7396 = ORIENTED_EDGE('',*,*,#7328,.T.);
#7397 = ORIENTED_EDGE('',*,*,#5927,.F.);
#7398 = ADVANCED_FACE('',(#7399),#5174,.F.);
#7399 = FACE_BOUND('',#7400,.F.);
#7400 = EDGE_LOOP('',(#7401,#7402,#7423,#7424));
#7401 = ORIENTED_EDGE('',*,*,#5158,.F.);
#7402 = ORIENTED_EDGE('',*,*,#7403,.T.);
#7403 = EDGE_CURVE('',#5131,#6275,#7404,.T.);
#7404 = SURFACE_CURVE('',#7405,(#7409,#7416),.PCURVE_S1.);
#7405 = LINE('',#7406,#7407);
#7406 = CARTESIAN_POINT('',(35.,23.,-12.));
#7407 = VECTOR('',#7408,1.);
#7408 = DIRECTION('',(1.,1.527872730081E-16,1.793803890391E-16));
#7409 = PCURVE('',#5174,#7410);
#7410 = DEFINITIONAL_REPRESENTATION('',(#7411),#7415);
#7411 = LINE('',#7412,#7413);
#7412 = CARTESIAN_POINT('',(0.,-0.));
#7413 = VECTOR('',#7414,1.);
#7414 = DIRECTION('',(0.,-1.));
#7415 = ( GEOMETRIC_REPRESENTATION_CONTEXT(2) 
PARAMETRIC_REPRESENTATION_CONTEXT() REPRESENTATION_CONTEXT('2D SPACE',''
  ) );
#7416 = PCURVE('',#5146,#7417);
#7417 = DEFINITIONAL_REPRESENTATION('',(#7418),#7422);
#7418 = LINE('',#7419,#7420);
#7419 = CARTESIAN_POINT('',(8.,0.));
#7420 = VECTOR('',#7421,1.);
#7421 = DIRECTION('',(0.,-1.));
#7422 = ( GEOMETRIC_REPRESENTATION_CONTEXT(2) 
PARAMETRIC_REPRESENTATION_CONTEXT() REPRESENTATION_CONTEXT('2D SPACE',''
  ) );
#7423 = ORIENTED_EDGE('',*,*,#6297,.T.);
#7424 = ORIENTED_EDGE('',*,*,#7353,.F.);
#7425 = ADVANCED_FACE('',(#7426),#4754,.F.);
#7426 = FACE_BOUND('',#7427,.F.);
#7427 = EDGE_LOOP('',(#7428,#7449,#7450,#7451));
#7428 = ORIENTED_EDGE('',*,*,#7429,.F.);
#7429 = EDGE_CURVE('',#4740,#5949,#7430,.T.);
#7430 = SURFACE_CURVE('',#7431,(#7435,#7442),.PCURVE_S1.);
#7431 = LINE('',#7432,#7433);
#7432 = CARTESIAN_POINT('',(-15.,-15.5,-2.1));
#7433 = VECTOR('',#7434,1.);
#7434 = DIRECTION('',(1.,1.527872730081E-16,1.793803890391E-16));
#7435 = PCURVE('',#4754,#7436);
#7436 = DEFINITIONAL_REPRESENTATION('',(#7437),#7441);
#7437 = LINE('',#7438,#7439);
#7438 = CARTESIAN_POINT('',(5.8,0.));
#7439 = VECTOR('',#7440,1.);
#7440 = DIRECTION('',(0.,-1.));
#7441 = ( GEOMETRIC_REPRESENTATION_CONTEXT(2) 
PARAMETRIC_REPRESENTATION_CONTEXT() REPRESENTATION_CONTEXT('2D SPACE',''
  ) );
#7442 = PCURVE('',#4780,#7443);
#7443 = DEFINITIONAL_REPRESENTATION('',(#7444),#7448);
#7444 = LINE('',#7445,#7446);
#7445 = CARTESIAN_POINT('',(0.,0.));
#7446 = VECTOR('',#7447,1.);
#7447 = DIRECTION('',(0.,-1.));
#7448 = ( GEOMETRIC_REPRESENTATION_CONTEXT(2) 
PARAMETRIC_REPRESENTATION_CONTEXT() REPRESENTATION_CONTEXT('2D SPACE',''
  ) );
#7449 = ORIENTED_EDGE('',*,*,#4739,.T.);
#7450 = ORIENTED_EDGE('',*,*,#7377,.T.);
#7451 = ORIENTED_EDGE('',*,*,#5948,.F.);
#7452 = ADVANCED_FACE('',(#7453),#5146,.F.);
#7453 = FACE_BOUND('',#7454,.F.);
#7454 = EDGE_LOOP('',(#7455,#7456,#7457,#7458));
#7455 = ORIENTED_EDGE('',*,*,#6730,.T.);
#7456 = ORIENTED_EDGE('',*,*,#6274,.T.);
#7457 = ORIENTED_EDGE('',*,*,#7403,.F.);
#7458 = ORIENTED_EDGE('',*,*,#5130,.F.);
#7459 = ADVANCED_FACE('',(#7460),#4780,.F.);
#7460 = FACE_BOUND('',#7461,.F.);
#7461 = EDGE_LOOP('',(#7462,#7463,#7464,#7465));
#7462 = ORIENTED_EDGE('',*,*,#4765,.T.);
#7463 = ORIENTED_EDGE('',*,*,#7429,.T.);
#7464 = ORIENTED_EDGE('',*,*,#5969,.F.);
#7465 = ORIENTED_EDGE('',*,*,#7466,.F.);
#7466 = EDGE_CURVE('',#4766,#5970,#7467,.T.);
#7467 = SURFACE_CURVE('',#7468,(#7472,#7479),.PCURVE_S1.);
#7468 = LINE('',#7469,#7470);
#7469 = CARTESIAN_POINT('',(-15.,-12.9,-2.1));
#7470 = VECTOR('',#7471,1.);
#7471 = DIRECTION('',(1.,1.527872730081E-16,1.793803890391E-16));
#7472 = PCURVE('',#4780,#7473);
#7473 = DEFINITIONAL_REPRESENTATION('',(#7474),#7478);
#7474 = LINE('',#7475,#7476);
#7475 = CARTESIAN_POINT('',(2.6,0.));
#7476 = VECTOR('',#7477,1.);
#7477 = DIRECTION('',(0.,-1.));
#7478 = ( GEOMETRIC_REPRESENTATION_CONTEXT(2) 
PARAMETRIC_REPRESENTATION_CONTEXT() REPRESENTATION_CONTEXT('2D SPACE',''
  ) );
#7479 = PCURVE('',#4806,#7480);
#7480 = DEFINITIONAL_REPRESENTATION('',(#7481),#7485);
#7481 = LINE('',#7482,#7483);
#7482 = CARTESIAN_POINT('',(0.,0.));
#7483 = VECTOR('',#7484,1.);
#7484 = DIRECTION('',(0.,-1.));
#7485 = ( GEOMETRIC_REPRESENTATION_CONTEXT(2) 
PARAMETRIC_REPRESENTATION_CONTEXT() REPRESENTATION_CONTEXT('2D SPACE',''
  ) );
#7486 = ADVANCED_FACE('',(#7487),#4806,.F.);
#7487 = FACE_BOUND('',#7488,.F.);
#7488 = EDGE_LOOP('',(#7489,#7490,#7491,#7492));
#7489 = ORIENTED_EDGE('',*,*,#4791,.T.);
#7490 = ORIENTED_EDGE('',*,*,#7466,.T.);
#7491 = ORIENTED_EDGE('',*,*,#5990,.F.);
#7492 = ORIENTED_EDGE('',*,*,#7493,.T.);
#7493 = EDGE_CURVE('',#5991,#4792,#7494,.T.);
#7494 = SURFACE_CURVE('',#7495,(#7499,#7505),.PCURVE_S1.);
#7495 = LINE('',#7496,#7497);
#7496 = CARTESIAN_POINT('',(-15.,-12.9,-3.35));
#7497 = VECTOR('',#7498,1.);
#7498 = DIRECTION('',(-1.,-1.527872730081E-16,-1.793803890391E-16));
#7499 = PCURVE('',#4806,#7500);
#7500 = DEFINITIONAL_REPRESENTATION('',(#7501),#7504);
#7501 = B_SPLINE_CURVE_WITH_KNOTS('',1,(#7502,#7503),.UNSPECIFIED.,.F.,
  .F.,(2,2),(-53.,-50.),.PIECEWISE_BEZIER_KNOTS.);
#7502 = CARTESIAN_POINT('',(1.25,-53.));
#7503 = CARTESIAN_POINT('',(1.25,-50.));
#7504 = ( GEOMETRIC_REPRESENTATION_CONTEXT(2) 
PARAMETRIC_REPRESENTATION_CONTEXT() REPRESENTATION_CONTEXT('2D SPACE',''
  ) );
#7505 = PCURVE('',#4832,#7506);
#7506 = DEFINITIONAL_REPRESENTATION('',(#7507),#7510);
#7507 = B_SPLINE_CURVE_WITH_KNOTS('',1,(#7508,#7509),.UNSPECIFIED.,.F.,
  .F.,(2,2),(-53.,-50.),.PIECEWISE_BEZIER_KNOTS.);
#7508 = CARTESIAN_POINT('',(7.1,-53.));
#7509 = CARTESIAN_POINT('',(7.1,-50.));
#7510 = ( GEOMETRIC_REPRESENTATION_CONTEXT(2) 
PARAMETRIC_REPRESENTATION_CONTEXT() REPRESENTATION_CONTEXT('2D SPACE',''
  ) );
#7511 = ADVANCED_FACE('',(#7512),#4832,.F.);
#7512 = FACE_BOUND('',#7513,.F.);
#7513 = EDGE_LOOP('',(#7514,#7535,#7536,#7537));
#7514 = ORIENTED_EDGE('',*,*,#7515,.F.);
#7515 = EDGE_CURVE('',#4818,#6012,#7516,.T.);
#7516 = SURFACE_CURVE('',#7517,(#7521,#7528),.PCURVE_S1.);
#7517 = LINE('',#7518,#7519);
#7518 = CARTESIAN_POINT('',(-15.,-10.,-3.35));
#7519 = VECTOR('',#7520,1.);
#7520 = DIRECTION('',(1.,1.527872730081E-16,1.793803890391E-16));
#7521 = PCURVE('',#4832,#7522);
#7522 = DEFINITIONAL_REPRESENTATION('',(#7523),#7527);
#7523 = LINE('',#7524,#7525);
#7524 = CARTESIAN_POINT('',(10.,0.));
#7525 = VECTOR('',#7526,1.);
#7526 = DIRECTION('',(0.,-1.));
#7527 = ( GEOMETRIC_REPRESENTATION_CONTEXT(2) 
PARAMETRIC_REPRESENTATION_CONTEXT() REPRESENTATION_CONTEXT('2D SPACE',''
  ) );
#7528 = PCURVE('',#4858,#7529);
#7529 = DEFINITIONAL_REPRESENTATION('',(#7530),#7534);
#7530 = LINE('',#7531,#7532);
#7531 = CARTESIAN_POINT('',(0.,0.));
#7532 = VECTOR('',#7533,1.);
#7533 = DIRECTION('',(0.,-1.));
#7534 = ( GEOMETRIC_REPRESENTATION_CONTEXT(2) 
PARAMETRIC_REPRESENTATION_CONTEXT() REPRESENTATION_CONTEXT('2D SPACE',''
  ) );
#7535 = ORIENTED_EDGE('',*,*,#4817,.T.);
#7536 = ORIENTED_EDGE('',*,*,#7493,.F.);
#7537 = ORIENTED_EDGE('',*,*,#6011,.F.);
#7538 = ADVANCED_FACE('',(#7539),#4858,.F.);
#7539 = FACE_BOUND('',#7540,.F.);
#7540 = EDGE_LOOP('',(#7541,#7542,#7543,#7544));
#7541 = ORIENTED_EDGE('',*,*,#4843,.T.);
#7542 = ORIENTED_EDGE('',*,*,#7515,.T.);
#7543 = ORIENTED_EDGE('',*,*,#6032,.F.);
#7544 = ORIENTED_EDGE('',*,*,#7545,.F.);
#7545 = EDGE_CURVE('',#4844,#6033,#7546,.T.);
#7546 = SURFACE_CURVE('',#7547,(#7551,#7558),.PCURVE_S1.);
#7547 = LINE('',#7548,#7549);
#7548 = CARTESIAN_POINT('',(-15.,-10.,-6.65));
#7549 = VECTOR('',#7550,1.);
#7550 = DIRECTION('',(1.,1.527872730081E-16,1.793803890391E-16));
#7551 = PCURVE('',#4858,#7552);
#7552 = DEFINITIONAL_REPRESENTATION('',(#7553),#7557);
#7553 = LINE('',#7554,#7555);
#7554 = CARTESIAN_POINT('',(3.3,0.));
#7555 = VECTOR('',#7556,1.);
#7556 = DIRECTION('',(0.,-1.));
#7557 = ( GEOMETRIC_REPRESENTATION_CONTEXT(2) 
PARAMETRIC_REPRESENTATION_CONTEXT() REPRESENTATION_CONTEXT('2D SPACE',''
  ) );
#7558 = PCURVE('',#4884,#7559);
#7559 = DEFINITIONAL_REPRESENTATION('',(#7560),#7564);
#7560 = LINE('',#7561,#7562);
#7561 = CARTESIAN_POINT('',(0.,-0.));
#7562 = VECTOR('',#7563,1.);
#7563 = DIRECTION('',(0.,-1.));
#7564 = ( GEOMETRIC_REPRESENTATION_CONTEXT(2) 
PARAMETRIC_REPRESENTATION_CONTEXT() REPRESENTATION_CONTEXT('2D SPACE',''
  ) );
#7565 = ADVANCED_FACE('',(#7566),#4884,.F.);
#7566 = FACE_BOUND('',#7567,.F.);
#7567 = EDGE_LOOP('',(#7568,#7587,#7588,#7589));
#7568 = ORIENTED_EDGE('',*,*,#7569,.F.);
#7569 = EDGE_CURVE('',#4870,#6054,#7570,.T.);
#7570 = SURFACE_CURVE('',#7571,(#7575,#7581),.PCURVE_S1.);
#7571 = LINE('',#7572,#7573);
#7572 = CARTESIAN_POINT('',(-15.,-12.9,-6.65));
#7573 = VECTOR('',#7574,1.);
#7574 = DIRECTION('',(1.,1.527872730081E-16,1.793803890391E-16));
#7575 = PCURVE('',#4884,#7576);
#7576 = DEFINITIONAL_REPRESENTATION('',(#7577),#7580);
#7577 = B_SPLINE_CURVE_WITH_KNOTS('',1,(#7578,#7579),.UNSPECIFIED.,.F.,
  .F.,(2,2),(50.,53.),.PIECEWISE_BEZIER_KNOTS.);
#7578 = CARTESIAN_POINT('',(2.9,-50.));
#7579 = CARTESIAN_POINT('',(2.9,-53.));
#7580 = ( GEOMETRIC_REPRESENTATION_CONTEXT(2) 
PARAMETRIC_REPRESENTATION_CONTEXT() REPRESENTATION_CONTEXT('2D SPACE',''
  ) );
#7581 = PCURVE('',#4910,#7582);
#7582 = DEFINITIONAL_REPRESENTATION('',(#7583),#7586);
#7583 = B_SPLINE_CURVE_WITH_KNOTS('',1,(#7584,#7585),.UNSPECIFIED.,.F.,
  .F.,(2,2),(50.,53.),.PIECEWISE_BEZIER_KNOTS.);
#7584 = CARTESIAN_POINT('',(4.55,-50.));
#7585 = CARTESIAN_POINT('',(4.55,-53.));
#7586 = ( GEOMETRIC_REPRESENTATION_CONTEXT(2) 
PARAMETRIC_REPRESENTATION_CONTEXT() REPRESENTATION_CONTEXT('2D SPACE',''
  ) );
#7587 = ORIENTED_EDGE('',*,*,#4869,.T.);
#7588 = ORIENTED_EDGE('',*,*,#7545,.T.);
#7589 = ORIENTED_EDGE('',*,*,#6053,.F.);
#7590 = ADVANCED_FACE('',(#7591),#4910,.F.);
#7591 = FACE_BOUND('',#7592,.F.);
#7592 = EDGE_LOOP('',(#7593,#7614,#7615,#7616));
#7593 = ORIENTED_EDGE('',*,*,#7594,.F.);
#7594 = EDGE_CURVE('',#4896,#6075,#7595,.T.);
#7595 = SURFACE_CURVE('',#7596,(#7600,#7607),.PCURVE_S1.);
#7596 = LINE('',#7597,#7598);
#7597 = CARTESIAN_POINT('',(-15.,-12.9,-7.9));
#7598 = VECTOR('',#7599,1.);
#7599 = DIRECTION('',(1.,1.527872730081E-16,1.793803890391E-16));
#7600 = PCURVE('',#4910,#7601);
#7601 = DEFINITIONAL_REPRESENTATION('',(#7602),#7606);
#7602 = LINE('',#7603,#7604);
#7603 = CARTESIAN_POINT('',(5.8,0.));
#7604 = VECTOR('',#7605,1.);
#7605 = DIRECTION('',(0.,-1.));
#7606 = ( GEOMETRIC_REPRESENTATION_CONTEXT(2) 
PARAMETRIC_REPRESENTATION_CONTEXT() REPRESENTATION_CONTEXT('2D SPACE',''
  ) );
#7607 = PCURVE('',#4936,#7608);
#7608 = DEFINITIONAL_REPRESENTATION('',(#7609),#7613);
#7609 = LINE('',#7610,#7611);
#7610 = CARTESIAN_POINT('',(0.,-0.));
#7611 = VECTOR('',#7612,1.);
#7612 = DIRECTION('',(0.,-1.));
#7613 = ( GEOMETRIC_REPRESENTATION_CONTEXT(2) 
PARAMETRIC_REPRESENTATION_CONTEXT() REPRESENTATION_CONTEXT('2D SPACE',''
  ) );
#7614 = ORIENTED_EDGE('',*,*,#4895,.T.);
#7615 = ORIENTED_EDGE('',*,*,#7569,.T.);
#7616 = ORIENTED_EDGE('',*,*,#6074,.F.);
#7617 = ADVANCED_FACE('',(#7618),#5071,.F.);
#7618 = FACE_BOUND('',#7619,.F.);
#7619 = EDGE_LOOP('',(#7620,#7641,#7642,#7643));
#7620 = ORIENTED_EDGE('',*,*,#7621,.T.);
#7621 = EDGE_CURVE('',#5028,#6182,#7622,.T.);
#7622 = SURFACE_CURVE('',#7623,(#7627,#7634),.PCURVE_S1.);
#7623 = LINE('',#7624,#7625);
#7624 = CARTESIAN_POINT('',(35.,-23.,-12.));
#7625 = VECTOR('',#7626,1.);
#7626 = DIRECTION('',(1.,1.527872730081E-16,1.793803890391E-16));
#7627 = PCURVE('',#5071,#7628);
#7628 = DEFINITIONAL_REPRESENTATION('',(#7629),#7633);
#7629 = LINE('',#7630,#7631);
#7630 = CARTESIAN_POINT('',(0.,0.));
#7631 = VECTOR('',#7632,1.);
#7632 = DIRECTION('',(0.,-1.));
#7633 = ( GEOMETRIC_REPRESENTATION_CONTEXT(2) 
PARAMETRIC_REPRESENTATION_CONTEXT() REPRESENTATION_CONTEXT('2D SPACE',''
  ) );
#7634 = PCURVE('',#5043,#7635);
#7635 = DEFINITIONAL_REPRESENTATION('',(#7636),#7640);
#7636 = LINE('',#7637,#7638);
#7637 = CARTESIAN_POINT('',(3.01,0.));
#7638 = VECTOR('',#7639,1.);
#7639 = DIRECTION('',(0.,-1.));
#7640 = ( GEOMETRIC_REPRESENTATION_CONTEXT(2) 
PARAMETRIC_REPRESENTATION_CONTEXT() REPRESENTATION_CONTEXT('2D SPACE',''
  ) );
#7641 = ORIENTED_EDGE('',*,*,#6204,.T.);
#7642 = ORIENTED_EDGE('',*,*,#6701,.F.);
#7643 = ORIENTED_EDGE('',*,*,#5055,.F.);
#7644 = ADVANCED_FACE('',(#7645),#4936,.F.);
#7645 = FACE_BOUND('',#7646,.F.);
#7646 = EDGE_LOOP('',(#7647,#7648,#7649,#7650));
#7647 = ORIENTED_EDGE('',*,*,#4921,.T.);
#7648 = ORIENTED_EDGE('',*,*,#7594,.T.);
#7649 = ORIENTED_EDGE('',*,*,#6095,.F.);
#7650 = ORIENTED_EDGE('',*,*,#7651,.F.);
#7651 = EDGE_CURVE('',#4922,#6096,#7652,.T.);
#7652 = SURFACE_CURVE('',#7653,(#7657,#7664),.PCURVE_S1.);
#7653 = LINE('',#7654,#7655);
#7654 = CARTESIAN_POINT('',(-15.,-15.5,-7.9));
#7655 = VECTOR('',#7656,1.);
#7656 = DIRECTION('',(1.,1.527872730081E-16,1.793803890391E-16));
#7657 = PCURVE('',#4936,#7658);
#7658 = DEFINITIONAL_REPRESENTATION('',(#7659),#7663);
#7659 = LINE('',#7660,#7661);
#7660 = CARTESIAN_POINT('',(2.6,0.));
#7661 = VECTOR('',#7662,1.);
#7662 = DIRECTION('',(0.,-1.));
#7663 = ( GEOMETRIC_REPRESENTATION_CONTEXT(2) 
PARAMETRIC_REPRESENTATION_CONTEXT() REPRESENTATION_CONTEXT('2D SPACE',''
  ) );
#7664 = PCURVE('',#4962,#7665);
#7665 = DEFINITIONAL_REPRESENTATION('',(#7666),#7670);
#7666 = LINE('',#7667,#7668);
#7667 = CARTESIAN_POINT('',(0.,0.));
#7668 = VECTOR('',#7669,1.);
#7669 = DIRECTION('',(0.,-1.));
#7670 = ( GEOMETRIC_REPRESENTATION_CONTEXT(2) 
PARAMETRIC_REPRESENTATION_CONTEXT() REPRESENTATION_CONTEXT('2D SPACE',''
  ) );
#7671 = ADVANCED_FACE('',(#7672),#5043,.F.);
#7672 = FACE_BOUND('',#7673,.F.);
#7673 = EDGE_LOOP('',(#7674,#7675,#7694,#7695));
#7674 = ORIENTED_EDGE('',*,*,#5027,.F.);
#7675 = ORIENTED_EDGE('',*,*,#7676,.F.);
#7676 = EDGE_CURVE('',#6159,#5000,#7677,.T.);
#7677 = SURFACE_CURVE('',#7678,(#7682,#7688),.PCURVE_S1.);
#7678 = LINE('',#7679,#7680);
#7679 = CARTESIAN_POINT('',(35.,-20.,-12.));
#7680 = VECTOR('',#7681,1.);
#7681 = DIRECTION('',(-1.,-1.527872730081E-16,-1.793803890391E-16));
#7682 = PCURVE('',#5043,#7683);
#7683 = DEFINITIONAL_REPRESENTATION('',(#7684),#7687);
#7684 = B_SPLINE_CURVE_WITH_KNOTS('',1,(#7685,#7686),.UNSPECIFIED.,.F.,
  .F.,(2,2),(-3.,0.),.PIECEWISE_BEZIER_KNOTS.);
#7685 = CARTESIAN_POINT('',(1.E-02,-3.));
#7686 = CARTESIAN_POINT('',(1.E-02,0.));
#7687 = ( GEOMETRIC_REPRESENTATION_CONTEXT(2) 
PARAMETRIC_REPRESENTATION_CONTEXT() REPRESENTATION_CONTEXT('2D SPACE',''
  ) );
#7688 = PCURVE('',#5015,#7689);
#7689 = DEFINITIONAL_REPRESENTATION('',(#7690),#7693);
#7690 = B_SPLINE_CURVE_WITH_KNOTS('',1,(#7691,#7692),.UNSPECIFIED.,.F.,
  .F.,(2,2),(-3.,0.),.PIECEWISE_BEZIER_KNOTS.);
#7691 = CARTESIAN_POINT('',(24.,-3.));
#7692 = CARTESIAN_POINT('',(24.,0.));
#7693 = ( GEOMETRIC_REPRESENTATION_CONTEXT(2) 
PARAMETRIC_REPRESENTATION_CONTEXT() REPRESENTATION_CONTEXT('2D SPACE',''
  ) );
#7694 = ORIENTED_EDGE('',*,*,#6181,.T.);
#7695 = ORIENTED_EDGE('',*,*,#7621,.F.);
#7696 = ADVANCED_FACE('',(#7697),#4962,.F.);
#7697 = FACE_BOUND('',#7698,.F.);
#7698 = EDGE_LOOP('',(#7699,#7700,#7701,#7702));
#7699 = ORIENTED_EDGE('',*,*,#4947,.T.);
#7700 = ORIENTED_EDGE('',*,*,#7651,.T.);
#7701 = ORIENTED_EDGE('',*,*,#6116,.F.);
#7702 = ORIENTED_EDGE('',*,*,#7703,.T.);
#7703 = EDGE_CURVE('',#6117,#4948,#7704,.T.);
#7704 = SURFACE_CURVE('',#7705,(#7709,#7715),.PCURVE_S1.);
#7705 = LINE('',#7706,#7707);
#7706 = CARTESIAN_POINT('',(-15.,-15.5,-6.65));
#7707 = VECTOR('',#7708,1.);
#7708 = DIRECTION('',(-1.,-1.527872730081E-16,-1.793803890391E-16));
#7709 = PCURVE('',#4962,#7710);
#7710 = DEFINITIONAL_REPRESENTATION('',(#7711),#7714);
#7711 = B_SPLINE_CURVE_WITH_KNOTS('',1,(#7712,#7713),.UNSPECIFIED.,.F.,
  .F.,(2,2),(-53.,-50.),.PIECEWISE_BEZIER_KNOTS.);
#7712 = CARTESIAN_POINT('',(1.25,-53.));
#7713 = CARTESIAN_POINT('',(1.25,-50.));
#7714 = ( GEOMETRIC_REPRESENTATION_CONTEXT(2) 
PARAMETRIC_REPRESENTATION_CONTEXT() REPRESENTATION_CONTEXT('2D SPACE',''
  ) );
#7715 = PCURVE('',#4988,#7716);
#7716 = DEFINITIONAL_REPRESENTATION('',(#7717),#7720);
#7717 = B_SPLINE_CURVE_WITH_KNOTS('',1,(#7718,#7719),.UNSPECIFIED.,.F.,
  .F.,(2,2),(-53.,-50.),.PIECEWISE_BEZIER_KNOTS.);
#7718 = CARTESIAN_POINT('',(5.5,-53.));
#7719 = CARTESIAN_POINT('',(5.5,-50.));
#7720 = ( GEOMETRIC_REPRESENTATION_CONTEXT(2) 
PARAMETRIC_REPRESENTATION_CONTEXT() REPRESENTATION_CONTEXT('2D SPACE',''
  ) );
#7721 = ADVANCED_FACE('',(#7722),#5015,.F.);
#7722 = FACE_BOUND('',#7723,.F.);
#7723 = EDGE_LOOP('',(#7724,#7725,#7746,#7747));
#7724 = ORIENTED_EDGE('',*,*,#4999,.F.);
#7725 = ORIENTED_EDGE('',*,*,#7726,.T.);
#7726 = EDGE_CURVE('',#4974,#6138,#7727,.T.);
#7727 = SURFACE_CURVE('',#7728,(#7732,#7739),.PCURVE_S1.);
#7728 = LINE('',#7729,#7730);
#7729 = CARTESIAN_POINT('',(-15.,-20.,-6.65));
#7730 = VECTOR('',#7731,1.);
#7731 = DIRECTION('',(1.,1.527872730081E-16,1.793803890391E-16));
#7732 = PCURVE('',#5015,#7733);
#7733 = DEFINITIONAL_REPRESENTATION('',(#7734),#7738);
#7734 = LINE('',#7735,#7736);
#7735 = CARTESIAN_POINT('',(18.65,50.));
#7736 = VECTOR('',#7737,1.);
#7737 = DIRECTION('',(0.,-1.));
#7738 = ( GEOMETRIC_REPRESENTATION_CONTEXT(2) 
PARAMETRIC_REPRESENTATION_CONTEXT() REPRESENTATION_CONTEXT('2D SPACE',''
  ) );
#7739 = PCURVE('',#4988,#7740);
#7740 = DEFINITIONAL_REPRESENTATION('',(#7741),#7745);
#7741 = LINE('',#7742,#7743);
#7742 = CARTESIAN_POINT('',(10.,0.));
#7743 = VECTOR('',#7744,1.);
#7744 = DIRECTION('',(0.,-1.));
#7745 = ( GEOMETRIC_REPRESENTATION_CONTEXT(2) 
PARAMETRIC_REPRESENTATION_CONTEXT() REPRESENTATION_CONTEXT('2D SPACE',''
  ) );
#7746 = ORIENTED_EDGE('',*,*,#6158,.T.);
#7747 = ORIENTED_EDGE('',*,*,#7676,.T.);
#7748 = ADVANCED_FACE('',(#7749),#4988,.F.);
#7749 = FACE_BOUND('',#7750,.F.);
#7750 = EDGE_LOOP('',(#7751,#7752,#7753,#7754));
#7751 = ORIENTED_EDGE('',*,*,#7726,.F.);
#7752 = ORIENTED_EDGE('',*,*,#4973,.T.);
#7753 = ORIENTED_EDGE('',*,*,#7703,.F.);
#7754 = ORIENTED_EDGE('',*,*,#6137,.F.);
#7755 = ADVANCED_FACE('',(#7756),#5495,.F.);
#7756 = FACE_BOUND('',#7757,.T.);
#7757 = EDGE_LOOP('',(#7758,#7759,#7780,#7781));
#7758 = ORIENTED_EDGE('',*,*,#5474,.T.);
#7759 = ORIENTED_EDGE('',*,*,#7760,.T.);
#7760 = EDGE_CURVE('',#5475,#6554,#7761,.T.);
#7761 = SEAM_CURVE('',#7762,(#7766,#7773),.PCURVE_S1.);
#7762 = LINE('',#7763,#7764);
#7763 = CARTESIAN_POINT('',(-15.,1.1,-19.3));
#7764 = VECTOR('',#7765,1.);
#7765 = DIRECTION('',(1.,1.527872730081E-16,1.793803890391E-16));
#7766 = PCURVE('',#5495,#7767);
#7767 = DEFINITIONAL_REPRESENTATION('',(#7768),#7772);
#7768 = LINE('',#7769,#7770);
#7769 = CARTESIAN_POINT('',(-6.28318530718,0.));
#7770 = VECTOR('',#7771,1.);
#7771 = DIRECTION('',(-0.,-1.));
#7772 = ( GEOMETRIC_REPRESENTATION_CONTEXT(2) 
PARAMETRIC_REPRESENTATION_CONTEXT() REPRESENTATION_CONTEXT('2D SPACE',''
  ) );
#7773 = PCURVE('',#5495,#7774);
#7774 = DEFINITIONAL_REPRESENTATION('',(#7775),#7779);
#7775 = LINE('',#7776,#7777);
#7776 = CARTESIAN_POINT('',(-0.,0.));
#7777 = VECTOR('',#7778,1.);
#7778 = DIRECTION('',(-0.,-1.));
#7779 = ( GEOMETRIC_REPRESENTATION_CONTEXT(2) 
PARAMETRIC_REPRESENTATION_CONTEXT() REPRESENTATION_CONTEXT('2D SPACE',''
  ) );
#7780 = ORIENTED_EDGE('',*,*,#6553,.F.);
#7781 = ORIENTED_EDGE('',*,*,#7760,.F.);
#7782 = ADVANCED_FACE('',(#7783),#5526,.T.);
#7783 = FACE_BOUND('',#7784,.T.);
#7784 = EDGE_LOOP('',(#7785,#7786,#7807,#7808));
#7785 = ORIENTED_EDGE('',*,*,#5509,.T.);
#7786 = ORIENTED_EDGE('',*,*,#7787,.T.);
#7787 = EDGE_CURVE('',#5512,#6586,#7788,.T.);
#7788 = SURFACE_CURVE('',#7789,(#7793,#7800),.PCURVE_S1.);
#7789 = LINE('',#7790,#7791);
#7790 = CARTESIAN_POINT('',(-15.,6.3,6.2));
#7791 = VECTOR('',#7792,1.);
#7792 = DIRECTION('',(1.,1.527872730081E-16,1.793803890391E-16));
#7793 = PCURVE('',#5526,#7794);
#7794 = DEFINITIONAL_REPRESENTATION('',(#7795),#7799);
#7795 = LINE('',#7796,#7797);
#7796 = CARTESIAN_POINT('',(0.,-0.));
#7797 = VECTOR('',#7798,1.);
#7798 = DIRECTION('',(0.,-1.));
#7799 = ( GEOMETRIC_REPRESENTATION_CONTEXT(2) 
PARAMETRIC_REPRESENTATION_CONTEXT() REPRESENTATION_CONTEXT('2D SPACE',''
  ) );
#7800 = PCURVE('',#5552,#7801);
#7801 = DEFINITIONAL_REPRESENTATION('',(#7802),#7806);
#7802 = LINE('',#7803,#7804);
#7803 = CARTESIAN_POINT('',(23.2,0.));
#7804 = VECTOR('',#7805,1.);
#7805 = DIRECTION('',(0.,-1.));
#7806 = ( GEOMETRIC_REPRESENTATION_CONTEXT(2) 
PARAMETRIC_REPRESENTATION_CONTEXT() REPRESENTATION_CONTEXT('2D SPACE',''
  ) );
#7807 = ORIENTED_EDGE('',*,*,#6583,.F.);
#7808 = ORIENTED_EDGE('',*,*,#7809,.F.);
#7809 = EDGE_CURVE('',#5510,#6584,#7810,.T.);
#7810 = SURFACE_CURVE('',#7811,(#7815,#7822),.PCURVE_S1.);
#7811 = LINE('',#7812,#7813);
#7812 = CARTESIAN_POINT('',(-15.,-6.3,6.2));
#7813 = VECTOR('',#7814,1.);
#7814 = DIRECTION('',(1.,1.527872730081E-16,1.793803890391E-16));
#7815 = PCURVE('',#5526,#7816);
#7816 = DEFINITIONAL_REPRESENTATION('',(#7817),#7821);
#7817 = LINE('',#7818,#7819);
#7818 = CARTESIAN_POINT('',(12.6,0.));
#7819 = VECTOR('',#7820,1.);
#7820 = DIRECTION('',(0.,-1.));
#7821 = ( GEOMETRIC_REPRESENTATION_CONTEXT(2) 
PARAMETRIC_REPRESENTATION_CONTEXT() REPRESENTATION_CONTEXT('2D SPACE',''
  ) );
#7822 = PCURVE('',#5602,#7823);
#7823 = DEFINITIONAL_REPRESENTATION('',(#7824),#7828);
#7824 = LINE('',#7825,#7826);
#7825 = CARTESIAN_POINT('',(0.,0.));
#7826 = VECTOR('',#7827,1.);
#7827 = DIRECTION('',(0.,-1.));
#7828 = ( GEOMETRIC_REPRESENTATION_CONTEXT(2) 
PARAMETRIC_REPRESENTATION_CONTEXT() REPRESENTATION_CONTEXT('2D SPACE',''
  ) );
#7829 = ADVANCED_FACE('',(#7830),#5602,.T.);
#7830 = FACE_BOUND('',#7831,.T.);
#7831 = EDGE_LOOP('',(#7832,#7833,#7834,#7835));
#7832 = ORIENTED_EDGE('',*,*,#5589,.T.);
#7833 = ORIENTED_EDGE('',*,*,#7809,.T.);
#7834 = ORIENTED_EDGE('',*,*,#6648,.F.);
#7835 = ORIENTED_EDGE('',*,*,#7836,.F.);
#7836 = EDGE_CURVE('',#5564,#6628,#7837,.T.);
#7837 = SURFACE_CURVE('',#7838,(#7842,#7849),.PCURVE_S1.);
#7838 = LINE('',#7839,#7840);
#7839 = CARTESIAN_POINT('',(-15.,-6.3,-17.));
#7840 = VECTOR('',#7841,1.);
#7841 = DIRECTION('',(1.,1.527872730081E-16,1.793803890391E-16));
#7842 = PCURVE('',#5602,#7843);
#7843 = DEFINITIONAL_REPRESENTATION('',(#7844),#7848);
#7844 = LINE('',#7845,#7846);
#7845 = CARTESIAN_POINT('',(23.2,0.));
#7846 = VECTOR('',#7847,1.);
#7847 = DIRECTION('',(0.,-1.));
#7848 = ( GEOMETRIC_REPRESENTATION_CONTEXT(2) 
PARAMETRIC_REPRESENTATION_CONTEXT() REPRESENTATION_CONTEXT('2D SPACE',''
  ) );
#7849 = PCURVE('',#5578,#7850);
#7850 = DEFINITIONAL_REPRESENTATION('',(#7851),#7855);
#7851 = LINE('',#7852,#7853);
#7852 = CARTESIAN_POINT('',(0.,0.));
#7853 = VECTOR('',#7854,1.);
#7854 = DIRECTION('',(0.,-1.));
#7855 = ( GEOMETRIC_REPRESENTATION_CONTEXT(2) 
PARAMETRIC_REPRESENTATION_CONTEXT() REPRESENTATION_CONTEXT('2D SPACE',''
  ) );
#7856 = ADVANCED_FACE('',(#7857),#5552,.T.);
#7857 = FACE_BOUND('',#7858,.T.);
#7858 = EDGE_LOOP('',(#7859,#7860,#7881,#7882));
#7859 = ORIENTED_EDGE('',*,*,#5537,.T.);
#7860 = ORIENTED_EDGE('',*,*,#7861,.T.);
#7861 = EDGE_CURVE('',#5538,#6607,#7862,.T.);
#7862 = SURFACE_CURVE('',#7863,(#7867,#7874),.PCURVE_S1.);
#7863 = LINE('',#7864,#7865);
#7864 = CARTESIAN_POINT('',(-15.,6.3,-17.));
#7865 = VECTOR('',#7866,1.);
#7866 = DIRECTION('',(1.,1.527872730081E-16,1.793803890391E-16));
#7867 = PCURVE('',#5552,#7868);
#7868 = DEFINITIONAL_REPRESENTATION('',(#7869),#7873);
#7869 = LINE('',#7870,#7871);
#7870 = CARTESIAN_POINT('',(0.,0.));
#7871 = VECTOR('',#7872,1.);
#7872 = DIRECTION('',(0.,-1.));
#7873 = ( GEOMETRIC_REPRESENTATION_CONTEXT(2) 
PARAMETRIC_REPRESENTATION_CONTEXT() REPRESENTATION_CONTEXT('2D SPACE',''
  ) );
#7874 = PCURVE('',#5578,#7875);
#7875 = DEFINITIONAL_REPRESENTATION('',(#7876),#7880);
#7876 = LINE('',#7877,#7878);
#7877 = CARTESIAN_POINT('',(12.6,0.));
#7878 = VECTOR('',#7879,1.);
#7879 = DIRECTION('',(0.,-1.));
#7880 = ( GEOMETRIC_REPRESENTATION_CONTEXT(2) 
PARAMETRIC_REPRESENTATION_CONTEXT() REPRESENTATION_CONTEXT('2D SPACE',''
  ) );
#7881 = ORIENTED_EDGE('',*,*,#6606,.F.);
#7882 = ORIENTED_EDGE('',*,*,#7787,.F.);
#7883 = ADVANCED_FACE('',(#7884),#5578,.T.);
#7884 = FACE_BOUND('',#7885,.T.);
#7885 = EDGE_LOOP('',(#7886,#7887,#7888,#7889));
#7886 = ORIENTED_EDGE('',*,*,#5563,.T.);
#7887 = ORIENTED_EDGE('',*,*,#7836,.T.);
#7888 = ORIENTED_EDGE('',*,*,#6627,.F.);
#7889 = ORIENTED_EDGE('',*,*,#7861,.F.);
#7890 = ADVANCED_FACE('',(#7891),#5636,.F.);
#7891 = FACE_BOUND('',#7892,.T.);
#7892 = EDGE_LOOP('',(#7893,#7894,#7915,#7916));
#7893 = ORIENTED_EDGE('',*,*,#5615,.T.);
#7894 = ORIENTED_EDGE('',*,*,#7895,.T.);
#7895 = EDGE_CURVE('',#5616,#6670,#7896,.T.);
#7896 = SEAM_CURVE('',#7897,(#7901,#7908),.PCURVE_S1.);
#7897 = LINE('',#7898,#7899);
#7898 = CARTESIAN_POINT('',(-15.,1.1,8.5));
#7899 = VECTOR('',#7900,1.);
#7900 = DIRECTION('',(1.,1.527872730081E-16,1.793803890391E-16));
#7901 = PCURVE('',#5636,#7902);
#7902 = DEFINITIONAL_REPRESENTATION('',(#7903),#7907);
#7903 = LINE('',#7904,#7905);
#7904 = CARTESIAN_POINT('',(-6.28318530718,0.));
#7905 = VECTOR('',#7906,1.);
#7906 = DIRECTION('',(-0.,-1.));
#7907 = ( GEOMETRIC_REPRESENTATION_CONTEXT(2) 
PARAMETRIC_REPRESENTATION_CONTEXT() REPRESENTATION_CONTEXT('2D SPACE',''
  ) );
#7908 = PCURVE('',#5636,#7909);
#7909 = DEFINITIONAL_REPRESENTATION('',(#7910),#7914);
#7910 = LINE('',#7911,#7912);
#7911 = CARTESIAN_POINT('',(-0.,0.));
#7912 = VECTOR('',#7913,1.);
#7913 = DIRECTION('',(-0.,-1.));
#7914 = ( GEOMETRIC_REPRESENTATION_CONTEXT(2) 
PARAMETRIC_REPRESENTATION_CONTEXT() REPRESENTATION_CONTEXT('2D SPACE',''
  ) );
#7915 = ORIENTED_EDGE('',*,*,#6669,.F.);
#7916 = ORIENTED_EDGE('',*,*,#7895,.F.);
#7917 = ( GEOMETRIC_REPRESENTATION_CONTEXT(3) 
GLOBAL_UNCERTAINTY_ASSIGNED_CONTEXT((#7921)) 
GLOBAL_UNIT_ASSIGNED_CONTEXT((#7918,#7919,#7920)) REPRESENTATION_CONTEXT
('Context #1','3D Context with UNIT and UNCERTAINTY') );
#7918 = ( LENGTH_UNIT() NAMED_UNIT(*) SI_UNIT(.MILLI.,.METRE.) );
#7919 = ( NAMED_UNIT(*) PLANE_ANGLE_UNIT() SI_UNIT($,.RADIAN.) );
#7920 = ( NAMED_UNIT(*) SI_UNIT($,.STERADIAN.) SOLID_ANGLE_UNIT() );
#7921 = UNCERTAINTY_MEASURE_WITH_UNIT(LENGTH_MEASURE(1.E-07),#7918,
  'distance_accuracy_value','confusion accuracy');
#7922 = CONTEXT_DEPENDENT_SHAPE_REPRESENTATION(#7923,#7925);
#7923 = ( REPRESENTATION_RELATIONSHIP('','',#4102,#10) 
REPRESENTATION_RELATIONSHIP_WITH_TRANSFORMATION(#7924) 
SHAPE_REPRESENTATION_RELATIONSHIP() );
#7924 = ITEM_DEFINED_TRANSFORMATION('','',#11,#23);
#7925 = PRODUCT_DEFINITION_SHAPE('Placement','Placement of an item',
  #7926);
#7926 = NEXT_ASSEMBLY_USAGE_OCCURRENCE('34','15_kist_plita','',#5,#4097,
  $);
#7927 = PRODUCT_RELATED_PRODUCT_CATEGORY('part',$,(#4099));
#7928 = SHAPE_DEFINITION_REPRESENTATION(#7929,#7935);
#7929 = PRODUCT_DEFINITION_SHAPE('','',#7930);
#7930 = PRODUCT_DEFINITION('design','',#7931,#7934);
#7931 = PRODUCT_DEFINITION_FORMATION('','',#7932);
#7932 = PRODUCT('kachalka_naklon','kachalka_naklon','',(#7933));
#7933 = PRODUCT_CONTEXT('',#2,'mechanical');
#7934 = PRODUCT_DEFINITION_CONTEXT('part definition',#2,'design');
#7935 = ADVANCED_BREP_SHAPE_REPRESENTATION('',(#11,#7936),#8725);
#7936 = MANIFOLD_SOLID_BREP('',#7937);
#7937 = CLOSED_SHELL('',(#7938,#8060,#8136,#8212,#8245,#8382,#8431,#8503
    ,#8588,#8637,#8687,#8714,#8718));
#7938 = ADVANCED_FACE('',(#7939),#7953,.T.);
#7939 = FACE_BOUND('',#7940,.F.);
#7940 = EDGE_LOOP('',(#7941,#7976,#8005,#8033));
#7941 = ORIENTED_EDGE('',*,*,#7942,.T.);
#7942 = EDGE_CURVE('',#7943,#7945,#7947,.T.);
#7943 = VERTEX_POINT('',#7944);
#7944 = CARTESIAN_POINT('',(-2.189872,18.,15.210861));
#7945 = VERTEX_POINT('',#7946);
#7946 = CARTESIAN_POINT('',(-2.189872,20.,15.210861));
#7947 = SURFACE_CURVE('',#7948,(#7952,#7964),.PCURVE_S1.);
#7948 = LINE('',#7949,#7950);
#7949 = CARTESIAN_POINT('',(-2.189872,18.,15.210861));
#7950 = VECTOR('',#7951,1.);
#7951 = DIRECTION('',(-1.173663444343E-16,1.,-8.12438031947E-18));
#7952 = PCURVE('',#7953,#7958);
#7953 = CYLINDRICAL_SURFACE('',#7954,2.200000436798);
#7954 = AXIS2_PLACEMENT_3D('',#7955,#7956,#7957);
#7955 = CARTESIAN_POINT('',(-4.051398939006E-15,18.,14.999999563202));
#7956 = DIRECTION('',(1.173663444343E-16,-1.,8.12438031947E-18));
#7957 = DIRECTION('',(-0.995396166006,-1.16047319192E-16,
    9.584608860585E-02));
#7958 = DEFINITIONAL_REPRESENTATION('',(#7959),#7963);
#7959 = LINE('',#7960,#7961);
#7960 = CARTESIAN_POINT('',(-0.,0.));
#7961 = VECTOR('',#7962,1.);
#7962 = DIRECTION('',(-0.,-1.));
#7963 = ( GEOMETRIC_REPRESENTATION_CONTEXT(2) 
PARAMETRIC_REPRESENTATION_CONTEXT() REPRESENTATION_CONTEXT('2D SPACE',''
  ) );
#7964 = PCURVE('',#7965,#7970);
#7965 = PLANE('',#7966);
#7966 = AXIS2_PLACEMENT_3D('',#7967,#7968,#7969);
#7967 = CARTESIAN_POINT('',(-3.583426,18.,0.345045));
#7968 = DIRECTION('',(0.995634949591,1.160957617116E-16,
    -9.333299070443E-02));
#7969 = DIRECTION('',(9.333299070443E-02,1.904306892393E-17,
    0.995634949591));
#7970 = DEFINITIONAL_REPRESENTATION('',(#7971),#7975);
#7971 = LINE('',#7972,#7973);
#7972 = CARTESIAN_POINT('',(14.93099052631,0.));
#7973 = VECTOR('',#7974,1.);
#7974 = DIRECTION('',(0.,-1.));
#7975 = ( GEOMETRIC_REPRESENTATION_CONTEXT(2) 
PARAMETRIC_REPRESENTATION_CONTEXT() REPRESENTATION_CONTEXT('2D SPACE',''
  ) );
#7976 = ORIENTED_EDGE('',*,*,#7977,.T.);
#7977 = EDGE_CURVE('',#7945,#7978,#7980,.T.);
#7978 = VERTEX_POINT('',#7979);
#7979 = CARTESIAN_POINT('',(2.189872,20.,15.210861));
#7980 = SURFACE_CURVE('',#7981,(#7986,#7993),.PCURVE_S1.);
#7981 = CIRCLE('',#7982,2.200000436798);
#7982 = AXIS2_PLACEMENT_3D('',#7983,#7984,#7985);
#7983 = CARTESIAN_POINT('',(-4.286131627874E-15,20.,14.999999563202));
#7984 = DIRECTION('',(-1.173663444343E-16,1.,-8.12438031947E-18));
#7985 = DIRECTION('',(-0.995396166006,-1.16047319192E-16,
    9.584608860585E-02));
#7986 = PCURVE('',#7953,#7987);
#7987 = DEFINITIONAL_REPRESENTATION('',(#7988),#7992);
#7988 = LINE('',#7989,#7990);
#7989 = CARTESIAN_POINT('',(-0.,-2.));
#7990 = VECTOR('',#7991,1.);
#7991 = DIRECTION('',(-1.,0.));
#7992 = ( GEOMETRIC_REPRESENTATION_CONTEXT(2) 
PARAMETRIC_REPRESENTATION_CONTEXT() REPRESENTATION_CONTEXT('2D SPACE',''
  ) );
#7993 = PCURVE('',#7994,#7999);
#7994 = PLANE('',#7995);
#7995 = AXIS2_PLACEMENT_3D('',#7996,#7997,#7998);
#7996 = CARTESIAN_POINT('',(-1.194446440784E-15,20.,-2.87042443099E-14)
  );
#7997 = DIRECTION('',(-1.173663444343E-16,1.,-8.12438031947E-18));
#7998 = DIRECTION('',(1.,1.173663444343E-16,1.996734617543E-16));
#7999 = DEFINITIONAL_REPRESENTATION('',(#8000),#8004);
#8000 = CIRCLE('',#8001,2.200000436798);
#8001 = AXIS2_PLACEMENT_2D('',#8002,#8003);
#8002 = CARTESIAN_POINT('',(-9.658334799314E-17,-14.9999995632));
#8003 = DIRECTION('',(-0.995396166006,-9.584608860585E-02));
#8004 = ( GEOMETRIC_REPRESENTATION_CONTEXT(2) 
PARAMETRIC_REPRESENTATION_CONTEXT() REPRESENTATION_CONTEXT('2D SPACE',''
  ) );
#8005 = ORIENTED_EDGE('',*,*,#8006,.F.);
#8006 = EDGE_CURVE('',#8007,#7978,#8009,.T.);
#8007 = VERTEX_POINT('',#8008);
#8008 = CARTESIAN_POINT('',(2.189872,18.,15.210861));
#8009 = SURFACE_CURVE('',#8010,(#8014,#8021),.PCURVE_S1.);
#8010 = LINE('',#8011,#8012);
#8011 = CARTESIAN_POINT('',(2.189872,18.,15.210861));
#8012 = VECTOR('',#8013,1.);
#8013 = DIRECTION('',(-1.173663444343E-16,1.,-8.12438031947E-18));
#8014 = PCURVE('',#7953,#8015);
#8015 = DEFINITIONAL_REPRESENTATION('',(#8016),#8020);
#8016 = LINE('',#8017,#8018);
#8017 = CARTESIAN_POINT('',(-2.94960576059,0.));
#8018 = VECTOR('',#8019,1.);
#8019 = DIRECTION('',(-0.,-1.));
#8020 = ( GEOMETRIC_REPRESENTATION_CONTEXT(2) 
PARAMETRIC_REPRESENTATION_CONTEXT() REPRESENTATION_CONTEXT('2D SPACE',''
  ) );
#8021 = PCURVE('',#8022,#8027);
#8022 = PLANE('',#8023);
#8023 = AXIS2_PLACEMENT_3D('',#8024,#8025,#8026);
#8024 = CARTESIAN_POINT('',(2.189872,18.,15.210861));
#8025 = DIRECTION('',(-0.995634949591,-1.176123071373E-16,
    -9.333299070443E-02));
#8026 = DIRECTION('',(9.333299070443E-02,2.865234944266E-18,
    -0.995634949591));
#8027 = DEFINITIONAL_REPRESENTATION('',(#8028),#8032);
#8028 = LINE('',#8029,#8030);
#8029 = CARTESIAN_POINT('',(0.,0.));
#8030 = VECTOR('',#8031,1.);
#8031 = DIRECTION('',(0.,-1.));
#8032 = ( GEOMETRIC_REPRESENTATION_CONTEXT(2) 
PARAMETRIC_REPRESENTATION_CONTEXT() REPRESENTATION_CONTEXT('2D SPACE',''
  ) );
#8033 = ORIENTED_EDGE('',*,*,#8034,.F.);
#8034 = EDGE_CURVE('',#7943,#8007,#8035,.T.);
#8035 = SURFACE_CURVE('',#8036,(#8041,#8048),.PCURVE_S1.);
#8036 = CIRCLE('',#8037,2.200000436798);
#8037 = AXIS2_PLACEMENT_3D('',#8038,#8039,#8040);
#8038 = CARTESIAN_POINT('',(-4.051398939006E-15,18.,14.999999563202));
#8039 = DIRECTION('',(-1.173663444343E-16,1.,-8.12438031947E-18));
#8040 = DIRECTION('',(-0.995396166006,-1.16047319192E-16,
    9.584608860585E-02));
#8041 = PCURVE('',#7953,#8042);
#8042 = DEFINITIONAL_REPRESENTATION('',(#8043),#8047);
#8043 = LINE('',#8044,#8045);
#8044 = CARTESIAN_POINT('',(-0.,0.));
#8045 = VECTOR('',#8046,1.);
#8046 = DIRECTION('',(-1.,0.));
#8047 = ( GEOMETRIC_REPRESENTATION_CONTEXT(2) 
PARAMETRIC_REPRESENTATION_CONTEXT() REPRESENTATION_CONTEXT('2D SPACE',''
  ) );
#8048 = PCURVE('',#8049,#8054);
#8049 = PLANE('',#8050);
#8050 = AXIS2_PLACEMENT_3D('',#8051,#8052,#8053);
#8051 = CARTESIAN_POINT('',(-9.597137519153E-16,18.,-2.868799554927E-14)
  );
#8052 = DIRECTION('',(-1.173663444343E-16,1.,-8.12438031947E-18));
#8053 = DIRECTION('',(1.,1.173663444343E-16,1.996734617543E-16));
#8054 = DEFINITIONAL_REPRESENTATION('',(#8055),#8059);
#8055 = CIRCLE('',#8056,2.200000436798);
#8056 = AXIS2_PLACEMENT_2D('',#8057,#8058);
#8057 = CARTESIAN_POINT('',(-9.658334799314E-17,-14.9999995632));
#8058 = DIRECTION('',(-0.995396166006,-9.584608860585E-02));
#8059 = ( GEOMETRIC_REPRESENTATION_CONTEXT(2) 
PARAMETRIC_REPRESENTATION_CONTEXT() REPRESENTATION_CONTEXT('2D SPACE',''
  ) );
#8060 = ADVANCED_FACE('',(#8061),#7965,.F.);
#8061 = FACE_BOUND('',#8062,.F.);
#8062 = EDGE_LOOP('',(#8063,#8093,#8114,#8115));
#8063 = ORIENTED_EDGE('',*,*,#8064,.T.);
#8064 = EDGE_CURVE('',#8065,#8067,#8069,.T.);
#8065 = VERTEX_POINT('',#8066);
#8066 = CARTESIAN_POINT('',(-3.583426,18.,0.345045));
#8067 = VERTEX_POINT('',#8068);
#8068 = CARTESIAN_POINT('',(-3.583426,20.,0.345045));
#8069 = SURFACE_CURVE('',#8070,(#8074,#8081),.PCURVE_S1.);
#8070 = LINE('',#8071,#8072);
#8071 = CARTESIAN_POINT('',(-3.583426,18.,0.345045));
#8072 = VECTOR('',#8073,1.);
#8073 = DIRECTION('',(-1.173663444343E-16,1.,-8.12438031947E-18));
#8074 = PCURVE('',#7965,#8075);
#8075 = DEFINITIONAL_REPRESENTATION('',(#8076),#8080);
#8076 = LINE('',#8077,#8078);
#8077 = CARTESIAN_POINT('',(0.,0.));
#8078 = VECTOR('',#8079,1.);
#8079 = DIRECTION('',(0.,-1.));
#8080 = ( GEOMETRIC_REPRESENTATION_CONTEXT(2) 
PARAMETRIC_REPRESENTATION_CONTEXT() REPRESENTATION_CONTEXT('2D SPACE',''
  ) );
#8081 = PCURVE('',#8082,#8087);
#8082 = CYLINDRICAL_SURFACE('',#8083,3.599938141094);
#8083 = AXIS2_PLACEMENT_3D('',#8084,#8085,#8086);
#8084 = CARTESIAN_POINT('',(-6.185890561844E-05,18.,-2.849484120486E-14)
  );
#8085 = DIRECTION('',(1.173663444343E-16,-1.,8.12438031947E-18));
#8086 = DIRECTION('',(-0.995396032001,-1.176046949228E-16,
    -9.58474802834E-02));
#8087 = DEFINITIONAL_REPRESENTATION('',(#8088),#8092);
#8088 = LINE('',#8089,#8090);
#8089 = CARTESIAN_POINT('',(-0.191989689228,0.));
#8090 = VECTOR('',#8091,1.);
#8091 = DIRECTION('',(-0.,-1.));
#8092 = ( GEOMETRIC_REPRESENTATION_CONTEXT(2) 
PARAMETRIC_REPRESENTATION_CONTEXT() REPRESENTATION_CONTEXT('2D SPACE',''
  ) );
#8093 = ORIENTED_EDGE('',*,*,#8094,.T.);
#8094 = EDGE_CURVE('',#8067,#7945,#8095,.T.);
#8095 = SURFACE_CURVE('',#8096,(#8100,#8107),.PCURVE_S1.);
#8096 = LINE('',#8097,#8098);
#8097 = CARTESIAN_POINT('',(-3.583426,20.,0.345045));
#8098 = VECTOR('',#8099,1.);
#8099 = DIRECTION('',(9.333299070443E-02,1.904306892393E-17,
    0.995634949591));
#8100 = PCURVE('',#7965,#8101);
#8101 = DEFINITIONAL_REPRESENTATION('',(#8102),#8106);
#8102 = LINE('',#8103,#8104);
#8103 = CARTESIAN_POINT('',(0.,-2.));
#8104 = VECTOR('',#8105,1.);
#8105 = DIRECTION('',(1.,0.));
#8106 = ( GEOMETRIC_REPRESENTATION_CONTEXT(2) 
PARAMETRIC_REPRESENTATION_CONTEXT() REPRESENTATION_CONTEXT('2D SPACE',''
  ) );
#8107 = PCURVE('',#7994,#8108);
#8108 = DEFINITIONAL_REPRESENTATION('',(#8109),#8113);
#8109 = LINE('',#8110,#8111);
#8110 = CARTESIAN_POINT('',(-3.583426,-0.345045));
#8111 = VECTOR('',#8112,1.);
#8112 = DIRECTION('',(9.333299070443E-02,-0.995634949591));
#8113 = ( GEOMETRIC_REPRESENTATION_CONTEXT(2) 
PARAMETRIC_REPRESENTATION_CONTEXT() REPRESENTATION_CONTEXT('2D SPACE',''
  ) );
#8114 = ORIENTED_EDGE('',*,*,#7942,.F.);
#8115 = ORIENTED_EDGE('',*,*,#8116,.F.);
#8116 = EDGE_CURVE('',#8065,#7943,#8117,.T.);
#8117 = SURFACE_CURVE('',#8118,(#8122,#8129),.PCURVE_S1.);
#8118 = LINE('',#8119,#8120);
#8119 = CARTESIAN_POINT('',(-3.583426,18.,0.345045));
#8120 = VECTOR('',#8121,1.);
#8121 = DIRECTION('',(9.333299070443E-02,1.904306892393E-17,
    0.995634949591));
#8122 = PCURVE('',#7965,#8123);
#8123 = DEFINITIONAL_REPRESENTATION('',(#8124),#8128);
#8124 = LINE('',#8125,#8126);
#8125 = CARTESIAN_POINT('',(0.,0.));
#8126 = VECTOR('',#8127,1.);
#8127 = DIRECTION('',(1.,0.));
#8128 = ( GEOMETRIC_REPRESENTATION_CONTEXT(2) 
PARAMETRIC_REPRESENTATION_CONTEXT() REPRESENTATION_CONTEXT('2D SPACE',''
  ) );
#8129 = PCURVE('',#8049,#8130);
#8130 = DEFINITIONAL_REPRESENTATION('',(#8131),#8135);
#8131 = LINE('',#8132,#8133);
#8132 = CARTESIAN_POINT('',(-3.583426,-0.345045));
#8133 = VECTOR('',#8134,1.);
#8134 = DIRECTION('',(9.333299070443E-02,-0.995634949591));
#8135 = ( GEOMETRIC_REPRESENTATION_CONTEXT(2) 
PARAMETRIC_REPRESENTATION_CONTEXT() REPRESENTATION_CONTEXT('2D SPACE',''
  ) );
#8136 = ADVANCED_FACE('',(#8137),#8022,.F.);
#8137 = FACE_BOUND('',#8138,.F.);
#8138 = EDGE_LOOP('',(#8139,#8140,#8163,#8191));
#8139 = ORIENTED_EDGE('',*,*,#8006,.T.);
#8140 = ORIENTED_EDGE('',*,*,#8141,.T.);
#8141 = EDGE_CURVE('',#7978,#8142,#8144,.T.);
#8142 = VERTEX_POINT('',#8143);
#8143 = CARTESIAN_POINT('',(3.583426,20.,0.345045));
#8144 = SURFACE_CURVE('',#8145,(#8149,#8156),.PCURVE_S1.);
#8145 = LINE('',#8146,#8147);
#8146 = CARTESIAN_POINT('',(2.189872,20.,15.210861));
#8147 = VECTOR('',#8148,1.);
#8148 = DIRECTION('',(9.333299070443E-02,2.865234944266E-18,
    -0.995634949591));
#8149 = PCURVE('',#8022,#8150);
#8150 = DEFINITIONAL_REPRESENTATION('',(#8151),#8155);
#8151 = LINE('',#8152,#8153);
#8152 = CARTESIAN_POINT('',(0.,-2.));
#8153 = VECTOR('',#8154,1.);
#8154 = DIRECTION('',(1.,0.));
#8155 = ( GEOMETRIC_REPRESENTATION_CONTEXT(2) 
PARAMETRIC_REPRESENTATION_CONTEXT() REPRESENTATION_CONTEXT('2D SPACE',''
  ) );
#8156 = PCURVE('',#7994,#8157);
#8157 = DEFINITIONAL_REPRESENTATION('',(#8158),#8162);
#8158 = LINE('',#8159,#8160);
#8159 = CARTESIAN_POINT('',(2.189872,-15.210861));
#8160 = VECTOR('',#8161,1.);
#8161 = DIRECTION('',(9.333299070443E-02,0.995634949591));
#8162 = ( GEOMETRIC_REPRESENTATION_CONTEXT(2) 
PARAMETRIC_REPRESENTATION_CONTEXT() REPRESENTATION_CONTEXT('2D SPACE',''
  ) );
#8163 = ORIENTED_EDGE('',*,*,#8164,.F.);
#8164 = EDGE_CURVE('',#8165,#8142,#8167,.T.);
#8165 = VERTEX_POINT('',#8166);
#8166 = CARTESIAN_POINT('',(3.583426,18.,0.345045));
#8167 = SURFACE_CURVE('',#8168,(#8172,#8179),.PCURVE_S1.);
#8168 = LINE('',#8169,#8170);
#8169 = CARTESIAN_POINT('',(3.583426,18.,0.345045));
#8170 = VECTOR('',#8171,1.);
#8171 = DIRECTION('',(-1.173663444343E-16,1.,-8.12438031947E-18));
#8172 = PCURVE('',#8022,#8173);
#8173 = DEFINITIONAL_REPRESENTATION('',(#8174),#8178);
#8174 = LINE('',#8175,#8176);
#8175 = CARTESIAN_POINT('',(14.93099052631,0.));
#8176 = VECTOR('',#8177,1.);
#8177 = DIRECTION('',(0.,-1.));
#8178 = ( GEOMETRIC_REPRESENTATION_CONTEXT(2) 
PARAMETRIC_REPRESENTATION_CONTEXT() REPRESENTATION_CONTEXT('2D SPACE',''
  ) );
#8179 = PCURVE('',#8180,#8185);
#8180 = CYLINDRICAL_SURFACE('',#8181,3.599938141094);
#8181 = AXIS2_PLACEMENT_3D('',#8182,#8183,#8184);
#8182 = CARTESIAN_POINT('',(6.185890561633E-05,18.,-2.84948165017E-14));
#8183 = DIRECTION('',(1.173663444343E-16,-1.,8.12438031947E-18));
#8184 = DIRECTION('',(0.995396032001,1.176046949228E-16,
    9.58474802834E-02));
#8185 = DEFINITIONAL_REPRESENTATION('',(#8186),#8190);
#8186 = LINE('',#8187,#8188);
#8187 = CARTESIAN_POINT('',(-0.,0.));
#8188 = VECTOR('',#8189,1.);
#8189 = DIRECTION('',(-0.,-1.));
#8190 = ( GEOMETRIC_REPRESENTATION_CONTEXT(2) 
PARAMETRIC_REPRESENTATION_CONTEXT() REPRESENTATION_CONTEXT('2D SPACE',''
  ) );
#8191 = ORIENTED_EDGE('',*,*,#8192,.F.);
#8192 = EDGE_CURVE('',#8007,#8165,#8193,.T.);
#8193 = SURFACE_CURVE('',#8194,(#8198,#8205),.PCURVE_S1.);
#8194 = LINE('',#8195,#8196);
#8195 = CARTESIAN_POINT('',(2.189872,18.,15.210861));
#8196 = VECTOR('',#8197,1.);
#8197 = DIRECTION('',(9.333299070443E-02,2.865234944266E-18,
    -0.995634949591));
#8198 = PCURVE('',#8022,#8199);
#8199 = DEFINITIONAL_REPRESENTATION('',(#8200),#8204);
#8200 = LINE('',#8201,#8202);
#8201 = CARTESIAN_POINT('',(0.,0.));
#8202 = VECTOR('',#8203,1.);
#8203 = DIRECTION('',(1.,0.));
#8204 = ( GEOMETRIC_REPRESENTATION_CONTEXT(2) 
PARAMETRIC_REPRESENTATION_CONTEXT() REPRESENTATION_CONTEXT('2D SPACE',''
  ) );
#8205 = PCURVE('',#8049,#8206);
#8206 = DEFINITIONAL_REPRESENTATION('',(#8207),#8211);
#8207 = LINE('',#8208,#8209);
#8208 = CARTESIAN_POINT('',(2.189872,-15.210861));
#8209 = VECTOR('',#8210,1.);
#8210 = DIRECTION('',(9.333299070443E-02,0.995634949591));
#8211 = ( GEOMETRIC_REPRESENTATION_CONTEXT(2) 
PARAMETRIC_REPRESENTATION_CONTEXT() REPRESENTATION_CONTEXT('2D SPACE',''
  ) );
#8212 = ADVANCED_FACE('',(#8213),#8049,.F.);
#8213 = FACE_BOUND('',#8214,.F.);
#8214 = EDGE_LOOP('',(#8215,#8216,#8217,#8218));
#8215 = ORIENTED_EDGE('',*,*,#8116,.T.);
#8216 = ORIENTED_EDGE('',*,*,#8034,.T.);
#8217 = ORIENTED_EDGE('',*,*,#8192,.T.);
#8218 = ORIENTED_EDGE('',*,*,#8219,.F.);
#8219 = EDGE_CURVE('',#8065,#8165,#8220,.T.);
#8220 = SURFACE_CURVE('',#8221,(#8226,#8233),.PCURVE_S1.);
#8221 = CIRCLE('',#8222,3.6);
#8222 = AXIS2_PLACEMENT_3D('',#8223,#8224,#8225);
#8223 = CARTESIAN_POINT('',(-1.056297099908E-15,18.,-2.849482885328E-14)
  );
#8224 = DIRECTION('',(-1.173663444343E-16,1.,-8.12438031947E-18));
#8225 = DIRECTION('',(1.,1.173663444343E-16,1.996734617543E-16));
#8226 = PCURVE('',#8049,#8227);
#8227 = DEFINITIONAL_REPRESENTATION('',(#8228),#8232);
#8228 = CIRCLE('',#8229,3.6);
#8229 = AXIS2_PLACEMENT_2D('',#8230,#8231);
#8230 = CARTESIAN_POINT('',(-9.658334799314E-17,-1.931666959863E-16));
#8231 = DIRECTION('',(1.,0.));
#8232 = ( GEOMETRIC_REPRESENTATION_CONTEXT(2) 
PARAMETRIC_REPRESENTATION_CONTEXT() REPRESENTATION_CONTEXT('2D SPACE',''
  ) );
#8233 = PCURVE('',#8234,#8239);
#8234 = CYLINDRICAL_SURFACE('',#8235,3.6);
#8235 = AXIS2_PLACEMENT_3D('',#8236,#8237,#8238);
#8236 = CARTESIAN_POINT('',(-6.807247977188E-16,14.8,-2.846883083626E-14
    ));
#8237 = DIRECTION('',(1.173663444343E-16,-1.,8.12438031947E-18));
#8238 = DIRECTION('',(1.,1.173663444343E-16,1.996734617543E-16));
#8239 = DEFINITIONAL_REPRESENTATION('',(#8240),#8244);
#8240 = LINE('',#8241,#8242);
#8241 = CARTESIAN_POINT('',(-0.,-3.2));
#8242 = VECTOR('',#8243,1.);
#8243 = DIRECTION('',(-1.,0.));
#8244 = ( GEOMETRIC_REPRESENTATION_CONTEXT(2) 
PARAMETRIC_REPRESENTATION_CONTEXT() REPRESENTATION_CONTEXT('2D SPACE',''
  ) );
#8245 = ADVANCED_FACE('',(#8246),#7994,.T.);
#8246 = FACE_BOUND('',#8247,.T.);
#8247 = EDGE_LOOP('',(#8248,#8249,#8250,#8274,#8302,#8331,#8359,#8381));
#8248 = ORIENTED_EDGE('',*,*,#7977,.T.);
#8249 = ORIENTED_EDGE('',*,*,#8141,.T.);
#8250 = ORIENTED_EDGE('',*,*,#8251,.T.);
#8251 = EDGE_CURVE('',#8142,#8252,#8254,.T.);
#8252 = VERTEX_POINT('',#8253);
#8253 = CARTESIAN_POINT('',(3.583426,20.,-0.345045));
#8254 = SURFACE_CURVE('',#8255,(#8260,#8267),.PCURVE_S1.);
#8255 = CIRCLE('',#8256,3.599938141094);
#8256 = AXIS2_PLACEMENT_3D('',#8257,#8258,#8259);
#8257 = CARTESIAN_POINT('',(6.185890561609E-05,20.,-2.851106526234E-14)
  );
#8258 = DIRECTION('',(-1.173663444343E-16,1.,-8.12438031947E-18));
#8259 = DIRECTION('',(0.995396032001,1.176046949228E-16,
    9.58474802834E-02));
#8260 = PCURVE('',#7994,#8261);
#8261 = DEFINITIONAL_REPRESENTATION('',(#8262),#8266);
#8262 = CIRCLE('',#8263,3.599938141094);
#8263 = AXIS2_PLACEMENT_2D('',#8264,#8265);
#8264 = CARTESIAN_POINT('',(6.185890561729E-05,-1.931666959863E-16));
#8265 = DIRECTION('',(0.995396032001,-9.58474802834E-02));
#8266 = ( GEOMETRIC_REPRESENTATION_CONTEXT(2) 
PARAMETRIC_REPRESENTATION_CONTEXT() REPRESENTATION_CONTEXT('2D SPACE',''
  ) );
#8267 = PCURVE('',#8180,#8268);
#8268 = DEFINITIONAL_REPRESENTATION('',(#8269),#8273);
#8269 = LINE('',#8270,#8271);
#8270 = CARTESIAN_POINT('',(-0.,-2.));
#8271 = VECTOR('',#8272,1.);
#8272 = DIRECTION('',(-1.,0.));
#8273 = ( GEOMETRIC_REPRESENTATION_CONTEXT(2) 
PARAMETRIC_REPRESENTATION_CONTEXT() REPRESENTATION_CONTEXT('2D SPACE',''
  ) );
#8274 = ORIENTED_EDGE('',*,*,#8275,.T.);
#8275 = EDGE_CURVE('',#8252,#8276,#8278,.T.);
#8276 = VERTEX_POINT('',#8277);
#8277 = CARTESIAN_POINT('',(2.189872,20.,-15.210861));
#8278 = SURFACE_CURVE('',#8279,(#8283,#8290),.PCURVE_S1.);
#8279 = LINE('',#8280,#8281);
#8280 = CARTESIAN_POINT('',(3.583426,20.,-0.345045));
#8281 = VECTOR('',#8282,1.);
#8282 = DIRECTION('',(-9.333299070443E-02,-1.904306892393E-17,
    -0.995634949591));
#8283 = PCURVE('',#7994,#8284);
#8284 = DEFINITIONAL_REPRESENTATION('',(#8285),#8289);
#8285 = LINE('',#8286,#8287);
#8286 = CARTESIAN_POINT('',(3.583426,0.345045));
#8287 = VECTOR('',#8288,1.);
#8288 = DIRECTION('',(-9.333299070443E-02,0.995634949591));
#8289 = ( GEOMETRIC_REPRESENTATION_CONTEXT(2) 
PARAMETRIC_REPRESENTATION_CONTEXT() REPRESENTATION_CONTEXT('2D SPACE',''
  ) );
#8290 = PCURVE('',#8291,#8296);
#8291 = PLANE('',#8292);
#8292 = AXIS2_PLACEMENT_3D('',#8293,#8294,#8295);
#8293 = CARTESIAN_POINT('',(3.583426,18.,-0.345045));
#8294 = DIRECTION('',(-0.995634949591,-1.160957617116E-16,
    9.333299070443E-02));
#8295 = DIRECTION('',(-9.333299070443E-02,-1.904306892393E-17,
    -0.995634949591));
#8296 = DEFINITIONAL_REPRESENTATION('',(#8297),#8301);
#8297 = LINE('',#8298,#8299);
#8298 = CARTESIAN_POINT('',(0.,-2.));
#8299 = VECTOR('',#8300,1.);
#8300 = DIRECTION('',(1.,0.));
#8301 = ( GEOMETRIC_REPRESENTATION_CONTEXT(2) 
PARAMETRIC_REPRESENTATION_CONTEXT() REPRESENTATION_CONTEXT('2D SPACE',''
  ) );
#8302 = ORIENTED_EDGE('',*,*,#8303,.T.);
#8303 = EDGE_CURVE('',#8276,#8304,#8306,.T.);
#8304 = VERTEX_POINT('',#8305);
#8305 = CARTESIAN_POINT('',(-2.189872,20.,-15.210861));
#8306 = SURFACE_CURVE('',#8307,(#8312,#8319),.PCURVE_S1.);
#8307 = CIRCLE('',#8308,2.200000436798);
#8308 = AXIS2_PLACEMENT_3D('',#8309,#8310,#8311);
#8309 = CARTESIAN_POINT('',(1.70407205032E-15,20.,-14.9999995632));
#8310 = DIRECTION('',(-1.173663444343E-16,1.,-8.12438031947E-18));
#8311 = DIRECTION('',(0.995396166006,1.16047319192E-16,
    -9.584608860585E-02));
#8312 = PCURVE('',#7994,#8313);
#8313 = DEFINITIONAL_REPRESENTATION('',(#8314),#8318);
#8314 = CIRCLE('',#8315,2.200000436798);
#8315 = AXIS2_PLACEMENT_2D('',#8316,#8317);
#8316 = CARTESIAN_POINT('',(-9.658334799314E-17,14.999999563202));
#8317 = DIRECTION('',(0.995396166006,9.584608860585E-02));
#8318 = ( GEOMETRIC_REPRESENTATION_CONTEXT(2) 
PARAMETRIC_REPRESENTATION_CONTEXT() REPRESENTATION_CONTEXT('2D SPACE',''
  ) );
#8319 = PCURVE('',#8320,#8325);
#8320 = CYLINDRICAL_SURFACE('',#8321,2.200000436798);
#8321 = AXIS2_PLACEMENT_3D('',#8322,#8323,#8324);
#8322 = CARTESIAN_POINT('',(1.938804739189E-15,18.,-14.9999995632));
#8323 = DIRECTION('',(1.173663444343E-16,-1.,8.12438031947E-18));
#8324 = DIRECTION('',(0.995396166006,1.16047319192E-16,
    -9.584608860585E-02));
#8325 = DEFINITIONAL_REPRESENTATION('',(#8326),#8330);
#8326 = LINE('',#8327,#8328);
#8327 = CARTESIAN_POINT('',(-0.,-2.));
#8328 = VECTOR('',#8329,1.);
#8329 = DIRECTION('',(-1.,0.));
#8330 = ( GEOMETRIC_REPRESENTATION_CONTEXT(2) 
PARAMETRIC_REPRESENTATION_CONTEXT() REPRESENTATION_CONTEXT('2D SPACE',''
  ) );
#8331 = ORIENTED_EDGE('',*,*,#8332,.T.);
#8332 = EDGE_CURVE('',#8304,#8333,#8335,.T.);
#8333 = VERTEX_POINT('',#8334);
#8334 = CARTESIAN_POINT('',(-3.583426,20.,-0.345045));
#8335 = SURFACE_CURVE('',#8336,(#8340,#8347),.PCURVE_S1.);
#8336 = LINE('',#8337,#8338);
#8337 = CARTESIAN_POINT('',(-2.189872,20.,-15.210861));
#8338 = VECTOR('',#8339,1.);
#8339 = DIRECTION('',(-9.333299070443E-02,-2.865234944266E-18,
    0.995634949591));
#8340 = PCURVE('',#7994,#8341);
#8341 = DEFINITIONAL_REPRESENTATION('',(#8342),#8346);
#8342 = LINE('',#8343,#8344);
#8343 = CARTESIAN_POINT('',(-2.189872,15.210861));
#8344 = VECTOR('',#8345,1.);
#8345 = DIRECTION('',(-9.333299070443E-02,-0.995634949591));
#8346 = ( GEOMETRIC_REPRESENTATION_CONTEXT(2) 
PARAMETRIC_REPRESENTATION_CONTEXT() REPRESENTATION_CONTEXT('2D SPACE',''
  ) );
#8347 = PCURVE('',#8348,#8353);
#8348 = PLANE('',#8349);
#8349 = AXIS2_PLACEMENT_3D('',#8350,#8351,#8352);
#8350 = CARTESIAN_POINT('',(-2.189872,18.,-15.210861));
#8351 = DIRECTION('',(0.995634949591,1.176123071373E-16,
    9.333299070443E-02));
#8352 = DIRECTION('',(-9.333299070443E-02,-2.865234944266E-18,
    0.995634949591));
#8353 = DEFINITIONAL_REPRESENTATION('',(#8354),#8358);
#8354 = LINE('',#8355,#8356);
#8355 = CARTESIAN_POINT('',(0.,-2.));
#8356 = VECTOR('',#8357,1.);
#8357 = DIRECTION('',(1.,0.));
#8358 = ( GEOMETRIC_REPRESENTATION_CONTEXT(2) 
PARAMETRIC_REPRESENTATION_CONTEXT() REPRESENTATION_CONTEXT('2D SPACE',''
  ) );
#8359 = ORIENTED_EDGE('',*,*,#8360,.T.);
#8360 = EDGE_CURVE('',#8333,#8067,#8361,.T.);
#8361 = SURFACE_CURVE('',#8362,(#8367,#8374),.PCURVE_S1.);
#8362 = CIRCLE('',#8363,3.599938141094);
#8363 = AXIS2_PLACEMENT_3D('',#8364,#8365,#8366);
#8364 = CARTESIAN_POINT('',(-6.185890561868E-05,20.,-2.85110899655E-14)
  );
#8365 = DIRECTION('',(-1.173663444343E-16,1.,-8.12438031947E-18));
#8366 = DIRECTION('',(-0.995396032001,-1.176046949228E-16,
    -9.58474802834E-02));
#8367 = PCURVE('',#7994,#8368);
#8368 = DEFINITIONAL_REPRESENTATION('',(#8369),#8373);
#8369 = CIRCLE('',#8370,3.599938141094);
#8370 = AXIS2_PLACEMENT_2D('',#8371,#8372);
#8371 = CARTESIAN_POINT('',(-6.185890561748E-05,-1.931666959863E-16));
#8372 = DIRECTION('',(-0.995396032001,9.58474802834E-02));
#8373 = ( GEOMETRIC_REPRESENTATION_CONTEXT(2) 
PARAMETRIC_REPRESENTATION_CONTEXT() REPRESENTATION_CONTEXT('2D SPACE',''
  ) );
#8374 = PCURVE('',#8082,#8375);
#8375 = DEFINITIONAL_REPRESENTATION('',(#8376),#8380);
#8376 = LINE('',#8377,#8378);
#8377 = CARTESIAN_POINT('',(-0.,-2.));
#8378 = VECTOR('',#8379,1.);
#8379 = DIRECTION('',(-1.,0.));
#8380 = ( GEOMETRIC_REPRESENTATION_CONTEXT(2) 
PARAMETRIC_REPRESENTATION_CONTEXT() REPRESENTATION_CONTEXT('2D SPACE',''
  ) );
#8381 = ORIENTED_EDGE('',*,*,#8094,.T.);
#8382 = ADVANCED_FACE('',(#8383),#8082,.T.);
#8383 = FACE_BOUND('',#8384,.F.);
#8384 = EDGE_LOOP('',(#8385,#8408,#8409,#8410));
#8385 = ORIENTED_EDGE('',*,*,#8386,.T.);
#8386 = EDGE_CURVE('',#8387,#8333,#8389,.T.);
#8387 = VERTEX_POINT('',#8388);
#8388 = CARTESIAN_POINT('',(-3.583426,18.,-0.345045));
#8389 = SURFACE_CURVE('',#8390,(#8394,#8401),.PCURVE_S1.);
#8390 = LINE('',#8391,#8392);
#8391 = CARTESIAN_POINT('',(-3.583426,18.,-0.345045));
#8392 = VECTOR('',#8393,1.);
#8393 = DIRECTION('',(-1.173663444343E-16,1.,-8.12438031947E-18));
#8394 = PCURVE('',#8082,#8395);
#8395 = DEFINITIONAL_REPRESENTATION('',(#8396),#8400);
#8396 = LINE('',#8397,#8398);
#8397 = CARTESIAN_POINT('',(-0.,0.));
#8398 = VECTOR('',#8399,1.);
#8399 = DIRECTION('',(-0.,-1.));
#8400 = ( GEOMETRIC_REPRESENTATION_CONTEXT(2) 
PARAMETRIC_REPRESENTATION_CONTEXT() REPRESENTATION_CONTEXT('2D SPACE',''
  ) );
#8401 = PCURVE('',#8348,#8402);
#8402 = DEFINITIONAL_REPRESENTATION('',(#8403),#8407);
#8403 = LINE('',#8404,#8405);
#8404 = CARTESIAN_POINT('',(14.93099052631,0.));
#8405 = VECTOR('',#8406,1.);
#8406 = DIRECTION('',(0.,-1.));
#8407 = ( GEOMETRIC_REPRESENTATION_CONTEXT(2) 
PARAMETRIC_REPRESENTATION_CONTEXT() REPRESENTATION_CONTEXT('2D SPACE',''
  ) );
#8408 = ORIENTED_EDGE('',*,*,#8360,.T.);
#8409 = ORIENTED_EDGE('',*,*,#8064,.F.);
#8410 = ORIENTED_EDGE('',*,*,#8411,.F.);
#8411 = EDGE_CURVE('',#8387,#8065,#8412,.T.);
#8412 = SURFACE_CURVE('',#8413,(#8418,#8425),.PCURVE_S1.);
#8413 = CIRCLE('',#8414,3.599938141094);
#8414 = AXIS2_PLACEMENT_3D('',#8415,#8416,#8417);
#8415 = CARTESIAN_POINT('',(-6.185890561844E-05,18.,-2.849484120486E-14)
  );
#8416 = DIRECTION('',(-1.173663444343E-16,1.,-8.12438031947E-18));
#8417 = DIRECTION('',(-0.995396032001,-1.176046949228E-16,
    -9.58474802834E-02));
#8418 = PCURVE('',#8082,#8419);
#8419 = DEFINITIONAL_REPRESENTATION('',(#8420),#8424);
#8420 = LINE('',#8421,#8422);
#8421 = CARTESIAN_POINT('',(-0.,0.));
#8422 = VECTOR('',#8423,1.);
#8423 = DIRECTION('',(-1.,0.));
#8424 = ( GEOMETRIC_REPRESENTATION_CONTEXT(2) 
PARAMETRIC_REPRESENTATION_CONTEXT() REPRESENTATION_CONTEXT('2D SPACE',''
  ) );
#8425 = PCURVE('',#8234,#8426);
#8426 = DEFINITIONAL_REPRESENTATION('',(#8427),#8430);
#8427 = B_SPLINE_CURVE_WITH_KNOTS('',1,(#8428,#8429),.UNSPECIFIED.,.F.,
  .F.,(2,2),(0.,0.191989689228),.PIECEWISE_BEZIER_KNOTS.);
#8428 = CARTESIAN_POINT('',(-3.045599455926,-3.2));
#8429 = CARTESIAN_POINT('',(-3.237585851254,-3.2));
#8430 = ( GEOMETRIC_REPRESENTATION_CONTEXT(2) 
PARAMETRIC_REPRESENTATION_CONTEXT() REPRESENTATION_CONTEXT('2D SPACE',''
  ) );
#8431 = ADVANCED_FACE('',(#8432),#8180,.T.);
#8432 = FACE_BOUND('',#8433,.F.);
#8433 = EDGE_LOOP('',(#8434,#8435,#8436,#8459,#8482));
#8434 = ORIENTED_EDGE('',*,*,#8164,.T.);
#8435 = ORIENTED_EDGE('',*,*,#8251,.T.);
#8436 = ORIENTED_EDGE('',*,*,#8437,.F.);
#8437 = EDGE_CURVE('',#8438,#8252,#8440,.T.);
#8438 = VERTEX_POINT('',#8439);
#8439 = CARTESIAN_POINT('',(3.583426,18.,-0.345045));
#8440 = SURFACE_CURVE('',#8441,(#8445,#8452),.PCURVE_S1.);
#8441 = LINE('',#8442,#8443);
#8442 = CARTESIAN_POINT('',(3.583426,18.,-0.345045));
#8443 = VECTOR('',#8444,1.);
#8444 = DIRECTION('',(-1.173663444343E-16,1.,-8.12438031947E-18));
#8445 = PCURVE('',#8180,#8446);
#8446 = DEFINITIONAL_REPRESENTATION('',(#8447),#8451);
#8447 = LINE('',#8448,#8449);
#8448 = CARTESIAN_POINT('',(-0.191989689228,0.));
#8449 = VECTOR('',#8450,1.);
#8450 = DIRECTION('',(-0.,-1.));
#8451 = ( GEOMETRIC_REPRESENTATION_CONTEXT(2) 
PARAMETRIC_REPRESENTATION_CONTEXT() REPRESENTATION_CONTEXT('2D SPACE',''
  ) );
#8452 = PCURVE('',#8291,#8453);
#8453 = DEFINITIONAL_REPRESENTATION('',(#8454),#8458);
#8454 = LINE('',#8455,#8456);
#8455 = CARTESIAN_POINT('',(0.,0.));
#8456 = VECTOR('',#8457,1.);
#8457 = DIRECTION('',(0.,-1.));
#8458 = ( GEOMETRIC_REPRESENTATION_CONTEXT(2) 
PARAMETRIC_REPRESENTATION_CONTEXT() REPRESENTATION_CONTEXT('2D SPACE',''
  ) );
#8459 = ORIENTED_EDGE('',*,*,#8460,.F.);
#8460 = EDGE_CURVE('',#8461,#8438,#8463,.T.);
#8461 = VERTEX_POINT('',#8462);
#8462 = CARTESIAN_POINT('',(3.6,18.,-2.777600439096E-14));
#8463 = SURFACE_CURVE('',#8464,(#8469,#8476),.PCURVE_S1.);
#8464 = CIRCLE('',#8465,3.599938141094);
#8465 = AXIS2_PLACEMENT_3D('',#8466,#8467,#8468);
#8466 = CARTESIAN_POINT('',(6.185890561633E-05,18.,-2.84948165017E-14));
#8467 = DIRECTION('',(-1.173663444343E-16,1.,-8.12438031947E-18));
#8468 = DIRECTION('',(0.995396032001,1.176046949228E-16,
    9.58474802834E-02));
#8469 = PCURVE('',#8180,#8470);
#8470 = DEFINITIONAL_REPRESENTATION('',(#8471),#8475);
#8471 = LINE('',#8472,#8473);
#8472 = CARTESIAN_POINT('',(-0.,0.));
#8473 = VECTOR('',#8474,1.);
#8474 = DIRECTION('',(-1.,0.));
#8475 = ( GEOMETRIC_REPRESENTATION_CONTEXT(2) 
PARAMETRIC_REPRESENTATION_CONTEXT() REPRESENTATION_CONTEXT('2D SPACE',''
  ) );
#8476 = PCURVE('',#8234,#8477);
#8477 = DEFINITIONAL_REPRESENTATION('',(#8478),#8481);
#8478 = B_SPLINE_CURVE_WITH_KNOTS('',1,(#8479,#8480),.UNSPECIFIED.,.F.,
  .F.,(2,2),(9.599484461408E-02,0.191989689228),
  .PIECEWISE_BEZIER_KNOTS.);
#8479 = CARTESIAN_POINT('',(0.,-3.2));
#8480 = CARTESIAN_POINT('',(-9.599319766388E-02,-3.2));
#8481 = ( GEOMETRIC_REPRESENTATION_CONTEXT(2) 
PARAMETRIC_REPRESENTATION_CONTEXT() REPRESENTATION_CONTEXT('2D SPACE',''
  ) );
#8482 = ORIENTED_EDGE('',*,*,#8483,.F.);
#8483 = EDGE_CURVE('',#8165,#8461,#8484,.T.);
#8484 = SURFACE_CURVE('',#8485,(#8490,#8497),.PCURVE_S1.);
#8485 = CIRCLE('',#8486,3.599938141094);
#8486 = AXIS2_PLACEMENT_3D('',#8487,#8488,#8489);
#8487 = CARTESIAN_POINT('',(6.185890561633E-05,18.,-2.84948165017E-14));
#8488 = DIRECTION('',(-1.173663444343E-16,1.,-8.12438031947E-18));
#8489 = DIRECTION('',(0.995396032001,1.176046949228E-16,
    9.58474802834E-02));
#8490 = PCURVE('',#8180,#8491);
#8491 = DEFINITIONAL_REPRESENTATION('',(#8492),#8496);
#8492 = LINE('',#8493,#8494);
#8493 = CARTESIAN_POINT('',(-0.,0.));
#8494 = VECTOR('',#8495,1.);
#8495 = DIRECTION('',(-1.,0.));
#8496 = ( GEOMETRIC_REPRESENTATION_CONTEXT(2) 
PARAMETRIC_REPRESENTATION_CONTEXT() REPRESENTATION_CONTEXT('2D SPACE',''
  ) );
#8497 = PCURVE('',#8234,#8498);
#8498 = DEFINITIONAL_REPRESENTATION('',(#8499),#8502);
#8499 = B_SPLINE_CURVE_WITH_KNOTS('',1,(#8500,#8501),.UNSPECIFIED.,.F.,
  .F.,(2,2),(0.,9.599484461408E-02),.PIECEWISE_BEZIER_KNOTS.);
#8500 = CARTESIAN_POINT('',(-6.187192109516,-3.2));
#8501 = CARTESIAN_POINT('',(-6.28318530718,-3.2));
#8502 = ( GEOMETRIC_REPRESENTATION_CONTEXT(2) 
PARAMETRIC_REPRESENTATION_CONTEXT() REPRESENTATION_CONTEXT('2D SPACE',''
  ) );
#8503 = ADVANCED_FACE('',(#8504),#8234,.T.);
#8504 = FACE_BOUND('',#8505,.F.);
#8505 = EDGE_LOOP('',(#8506,#8535,#8556,#8557,#8584,#8585,#8586,#8587));
#8506 = ORIENTED_EDGE('',*,*,#8507,.F.);
#8507 = EDGE_CURVE('',#8508,#8508,#8510,.T.);
#8508 = VERTEX_POINT('',#8509);
#8509 = CARTESIAN_POINT('',(3.6,14.8,-2.775000637394E-14));
#8510 = SURFACE_CURVE('',#8511,(#8516,#8523),.PCURVE_S1.);
#8511 = CIRCLE('',#8512,3.6);
#8512 = AXIS2_PLACEMENT_3D('',#8513,#8514,#8515);
#8513 = CARTESIAN_POINT('',(-6.807247977188E-16,14.8,-2.846883083626E-14
    ));
#8514 = DIRECTION('',(-1.173663444343E-16,1.,-8.12438031947E-18));
#8515 = DIRECTION('',(1.,1.173663444343E-16,1.996734617543E-16));
#8516 = PCURVE('',#8234,#8517);
#8517 = DEFINITIONAL_REPRESENTATION('',(#8518),#8522);
#8518 = LINE('',#8519,#8520);
#8519 = CARTESIAN_POINT('',(-0.,0.));
#8520 = VECTOR('',#8521,1.);
#8521 = DIRECTION('',(-1.,0.));
#8522 = ( GEOMETRIC_REPRESENTATION_CONTEXT(2) 
PARAMETRIC_REPRESENTATION_CONTEXT() REPRESENTATION_CONTEXT('2D SPACE',''
  ) );
#8523 = PCURVE('',#8524,#8529);
#8524 = PLANE('',#8525);
#8525 = AXIS2_PLACEMENT_3D('',#8526,#8527,#8528);
#8526 = CARTESIAN_POINT('',(-7.75685918034E-16,14.8,-2.870171770162E-14)
  );
#8527 = DIRECTION('',(-1.173663444343E-16,1.,-8.12438031947E-18));
#8528 = DIRECTION('',(1.,1.173663444343E-16,1.996734617543E-16));
#8529 = DEFINITIONAL_REPRESENTATION('',(#8530),#8534);
#8530 = CIRCLE('',#8531,3.6);
#8531 = AXIS2_PLACEMENT_2D('',#8532,#8533);
#8532 = CARTESIAN_POINT('',(9.496112031524E-17,-2.328868653633E-16));
#8533 = DIRECTION('',(1.,0.));
#8534 = ( GEOMETRIC_REPRESENTATION_CONTEXT(2) 
PARAMETRIC_REPRESENTATION_CONTEXT() REPRESENTATION_CONTEXT('2D SPACE',''
  ) );
#8535 = ORIENTED_EDGE('',*,*,#8536,.T.);
#8536 = EDGE_CURVE('',#8508,#8461,#8537,.T.);
#8537 = SEAM_CURVE('',#8538,(#8542,#8549),.PCURVE_S1.);
#8538 = LINE('',#8539,#8540);
#8539 = CARTESIAN_POINT('',(3.6,14.8,-2.775000637394E-14));
#8540 = VECTOR('',#8541,1.);
#8541 = DIRECTION('',(-1.173663444343E-16,1.,-8.12438031947E-18));
#8542 = PCURVE('',#8234,#8543);
#8543 = DEFINITIONAL_REPRESENTATION('',(#8544),#8548);
#8544 = LINE('',#8545,#8546);
#8545 = CARTESIAN_POINT('',(-6.28318530718,0.));
#8546 = VECTOR('',#8547,1.);
#8547 = DIRECTION('',(-0.,-1.));
#8548 = ( GEOMETRIC_REPRESENTATION_CONTEXT(2) 
PARAMETRIC_REPRESENTATION_CONTEXT() REPRESENTATION_CONTEXT('2D SPACE',''
  ) );
#8549 = PCURVE('',#8234,#8550);
#8550 = DEFINITIONAL_REPRESENTATION('',(#8551),#8555);
#8551 = LINE('',#8552,#8553);
#8552 = CARTESIAN_POINT('',(-0.,0.));
#8553 = VECTOR('',#8554,1.);
#8554 = DIRECTION('',(-0.,-1.));
#8555 = ( GEOMETRIC_REPRESENTATION_CONTEXT(2) 
PARAMETRIC_REPRESENTATION_CONTEXT() REPRESENTATION_CONTEXT('2D SPACE',''
  ) );
#8556 = ORIENTED_EDGE('',*,*,#8460,.T.);
#8557 = ORIENTED_EDGE('',*,*,#8558,.T.);
#8558 = EDGE_CURVE('',#8438,#8387,#8559,.T.);
#8559 = SURFACE_CURVE('',#8560,(#8565,#8572),.PCURVE_S1.);
#8560 = CIRCLE('',#8561,3.6);
#8561 = AXIS2_PLACEMENT_3D('',#8562,#8563,#8564);
#8562 = CARTESIAN_POINT('',(-1.056297099908E-15,18.,-2.849482885328E-14)
  );
#8563 = DIRECTION('',(-1.173663444343E-16,1.,-8.12438031947E-18));
#8564 = DIRECTION('',(1.,1.173663444343E-16,1.996734617543E-16));
#8565 = PCURVE('',#8234,#8566);
#8566 = DEFINITIONAL_REPRESENTATION('',(#8567),#8571);
#8567 = LINE('',#8568,#8569);
#8568 = CARTESIAN_POINT('',(-0.,-3.2));
#8569 = VECTOR('',#8570,1.);
#8570 = DIRECTION('',(-1.,0.));
#8571 = ( GEOMETRIC_REPRESENTATION_CONTEXT(2) 
PARAMETRIC_REPRESENTATION_CONTEXT() REPRESENTATION_CONTEXT('2D SPACE',''
  ) );
#8572 = PCURVE('',#8573,#8578);
#8573 = PLANE('',#8574);
#8574 = AXIS2_PLACEMENT_3D('',#8575,#8576,#8577);
#8575 = CARTESIAN_POINT('',(-9.597137519153E-16,18.,-2.868799554927E-14)
  );
#8576 = DIRECTION('',(-1.173663444343E-16,1.,-8.12438031947E-18));
#8577 = DIRECTION('',(1.,1.173663444343E-16,1.996734617543E-16));
#8578 = DEFINITIONAL_REPRESENTATION('',(#8579),#8583);
#8579 = CIRCLE('',#8580,3.6);
#8580 = AXIS2_PLACEMENT_2D('',#8581,#8582);
#8581 = CARTESIAN_POINT('',(-9.658334799314E-17,-1.931666959863E-16));
#8582 = DIRECTION('',(1.,0.));
#8583 = ( GEOMETRIC_REPRESENTATION_CONTEXT(2) 
PARAMETRIC_REPRESENTATION_CONTEXT() REPRESENTATION_CONTEXT('2D SPACE',''
  ) );
#8584 = ORIENTED_EDGE('',*,*,#8411,.T.);
#8585 = ORIENTED_EDGE('',*,*,#8219,.T.);
#8586 = ORIENTED_EDGE('',*,*,#8483,.T.);
#8587 = ORIENTED_EDGE('',*,*,#8536,.F.);
#8588 = ADVANCED_FACE('',(#8589),#8291,.F.);
#8589 = FACE_BOUND('',#8590,.F.);
#8590 = EDGE_LOOP('',(#8591,#8592,#8593,#8616));
#8591 = ORIENTED_EDGE('',*,*,#8437,.T.);
#8592 = ORIENTED_EDGE('',*,*,#8275,.T.);
#8593 = ORIENTED_EDGE('',*,*,#8594,.F.);
#8594 = EDGE_CURVE('',#8595,#8276,#8597,.T.);
#8595 = VERTEX_POINT('',#8596);
#8596 = CARTESIAN_POINT('',(2.189872,18.,-15.210861));
#8597 = SURFACE_CURVE('',#8598,(#8602,#8609),.PCURVE_S1.);
#8598 = LINE('',#8599,#8600);
#8599 = CARTESIAN_POINT('',(2.189872,18.,-15.210861));
#8600 = VECTOR('',#8601,1.);
#8601 = DIRECTION('',(-1.173663444343E-16,1.,-8.12438031947E-18));
#8602 = PCURVE('',#8291,#8603);
#8603 = DEFINITIONAL_REPRESENTATION('',(#8604),#8608);
#8604 = LINE('',#8605,#8606);
#8605 = CARTESIAN_POINT('',(14.93099052631,0.));
#8606 = VECTOR('',#8607,1.);
#8607 = DIRECTION('',(0.,-1.));
#8608 = ( GEOMETRIC_REPRESENTATION_CONTEXT(2) 
PARAMETRIC_REPRESENTATION_CONTEXT() REPRESENTATION_CONTEXT('2D SPACE',''
  ) );
#8609 = PCURVE('',#8320,#8610);
#8610 = DEFINITIONAL_REPRESENTATION('',(#8611),#8615);
#8611 = LINE('',#8612,#8613);
#8612 = CARTESIAN_POINT('',(-0.,0.));
#8613 = VECTOR('',#8614,1.);
#8614 = DIRECTION('',(-0.,-1.));
#8615 = ( GEOMETRIC_REPRESENTATION_CONTEXT(2) 
PARAMETRIC_REPRESENTATION_CONTEXT() REPRESENTATION_CONTEXT('2D SPACE',''
  ) );
#8616 = ORIENTED_EDGE('',*,*,#8617,.F.);
#8617 = EDGE_CURVE('',#8438,#8595,#8618,.T.);
#8618 = SURFACE_CURVE('',#8619,(#8623,#8630),.PCURVE_S1.);
#8619 = LINE('',#8620,#8621);
#8620 = CARTESIAN_POINT('',(3.583426,18.,-0.345045));
#8621 = VECTOR('',#8622,1.);
#8622 = DIRECTION('',(-9.333299070443E-02,-1.904306892393E-17,
    -0.995634949591));
#8623 = PCURVE('',#8291,#8624);
#8624 = DEFINITIONAL_REPRESENTATION('',(#8625),#8629);
#8625 = LINE('',#8626,#8627);
#8626 = CARTESIAN_POINT('',(0.,0.));
#8627 = VECTOR('',#8628,1.);
#8628 = DIRECTION('',(1.,0.));
#8629 = ( GEOMETRIC_REPRESENTATION_CONTEXT(2) 
PARAMETRIC_REPRESENTATION_CONTEXT() REPRESENTATION_CONTEXT('2D SPACE',''
  ) );
#8630 = PCURVE('',#8573,#8631);
#8631 = DEFINITIONAL_REPRESENTATION('',(#8632),#8636);
#8632 = LINE('',#8633,#8634);
#8633 = CARTESIAN_POINT('',(3.583426,0.345045));
#8634 = VECTOR('',#8635,1.);
#8635 = DIRECTION('',(-9.333299070443E-02,0.995634949591));
#8636 = ( GEOMETRIC_REPRESENTATION_CONTEXT(2) 
PARAMETRIC_REPRESENTATION_CONTEXT() REPRESENTATION_CONTEXT('2D SPACE',''
  ) );
#8637 = ADVANCED_FACE('',(#8638),#8320,.T.);
#8638 = FACE_BOUND('',#8639,.F.);
#8639 = EDGE_LOOP('',(#8640,#8641,#8642,#8665));
#8640 = ORIENTED_EDGE('',*,*,#8594,.T.);
#8641 = ORIENTED_EDGE('',*,*,#8303,.T.);
#8642 = ORIENTED_EDGE('',*,*,#8643,.F.);
#8643 = EDGE_CURVE('',#8644,#8304,#8646,.T.);
#8644 = VERTEX_POINT('',#8645);
#8645 = CARTESIAN_POINT('',(-2.189872,18.,-15.210861));
#8646 = SURFACE_CURVE('',#8647,(#8651,#8658),.PCURVE_S1.);
#8647 = LINE('',#8648,#8649);
#8648 = CARTESIAN_POINT('',(-2.189872,18.,-15.210861));
#8649 = VECTOR('',#8650,1.);
#8650 = DIRECTION('',(-1.173663444343E-16,1.,-8.12438031947E-18));
#8651 = PCURVE('',#8320,#8652);
#8652 = DEFINITIONAL_REPRESENTATION('',(#8653),#8657);
#8653 = LINE('',#8654,#8655);
#8654 = CARTESIAN_POINT('',(-2.94960576059,0.));
#8655 = VECTOR('',#8656,1.);
#8656 = DIRECTION('',(-0.,-1.));
#8657 = ( GEOMETRIC_REPRESENTATION_CONTEXT(2) 
PARAMETRIC_REPRESENTATION_CONTEXT() REPRESENTATION_CONTEXT('2D SPACE',''
  ) );
#8658 = PCURVE('',#8348,#8659);
#8659 = DEFINITIONAL_REPRESENTATION('',(#8660),#8664);
#8660 = LINE('',#8661,#8662);
#8661 = CARTESIAN_POINT('',(0.,0.));
#8662 = VECTOR('',#8663,1.);
#8663 = DIRECTION('',(0.,-1.));
#8664 = ( GEOMETRIC_REPRESENTATION_CONTEXT(2) 
PARAMETRIC_REPRESENTATION_CONTEXT() REPRESENTATION_CONTEXT('2D SPACE',''
  ) );
#8665 = ORIENTED_EDGE('',*,*,#8666,.F.);
#8666 = EDGE_CURVE('',#8595,#8644,#8667,.T.);
#8667 = SURFACE_CURVE('',#8668,(#8673,#8680),.PCURVE_S1.);
#8668 = CIRCLE('',#8669,2.200000436798);
#8669 = AXIS2_PLACEMENT_3D('',#8670,#8671,#8672);
#8670 = CARTESIAN_POINT('',(1.938804739189E-15,18.,-14.9999995632));
#8671 = DIRECTION('',(-1.173663444343E-16,1.,-8.12438031947E-18));
#8672 = DIRECTION('',(0.995396166006,1.16047319192E-16,
    -9.584608860585E-02));
#8673 = PCURVE('',#8320,#8674);
#8674 = DEFINITIONAL_REPRESENTATION('',(#8675),#8679);
#8675 = LINE('',#8676,#8677);
#8676 = CARTESIAN_POINT('',(-0.,0.));
#8677 = VECTOR('',#8678,1.);
#8678 = DIRECTION('',(-1.,0.));
#8679 = ( GEOMETRIC_REPRESENTATION_CONTEXT(2) 
PARAMETRIC_REPRESENTATION_CONTEXT() REPRESENTATION_CONTEXT('2D SPACE',''
  ) );
#8680 = PCURVE('',#8573,#8681);
#8681 = DEFINITIONAL_REPRESENTATION('',(#8682),#8686);
#8682 = CIRCLE('',#8683,2.200000436798);
#8683 = AXIS2_PLACEMENT_2D('',#8684,#8685);
#8684 = CARTESIAN_POINT('',(-9.658334799314E-17,14.999999563202));
#8685 = DIRECTION('',(0.995396166006,9.584608860585E-02));
#8686 = ( GEOMETRIC_REPRESENTATION_CONTEXT(2) 
PARAMETRIC_REPRESENTATION_CONTEXT() REPRESENTATION_CONTEXT('2D SPACE',''
  ) );
#8687 = ADVANCED_FACE('',(#8688),#8348,.F.);
#8688 = FACE_BOUND('',#8689,.F.);
#8689 = EDGE_LOOP('',(#8690,#8691,#8692,#8693));
#8690 = ORIENTED_EDGE('',*,*,#8643,.T.);
#8691 = ORIENTED_EDGE('',*,*,#8332,.T.);
#8692 = ORIENTED_EDGE('',*,*,#8386,.F.);
#8693 = ORIENTED_EDGE('',*,*,#8694,.F.);
#8694 = EDGE_CURVE('',#8644,#8387,#8695,.T.);
#8695 = SURFACE_CURVE('',#8696,(#8700,#8707),.PCURVE_S1.);
#8696 = LINE('',#8697,#8698);
#8697 = CARTESIAN_POINT('',(-2.189872,18.,-15.210861));
#8698 = VECTOR('',#8699,1.);
#8699 = DIRECTION('',(-9.333299070443E-02,-2.865234944266E-18,
    0.995634949591));
#8700 = PCURVE('',#8348,#8701);
#8701 = DEFINITIONAL_REPRESENTATION('',(#8702),#8706);
#8702 = LINE('',#8703,#8704);
#8703 = CARTESIAN_POINT('',(0.,0.));
#8704 = VECTOR('',#8705,1.);
#8705 = DIRECTION('',(1.,0.));
#8706 = ( GEOMETRIC_REPRESENTATION_CONTEXT(2) 
PARAMETRIC_REPRESENTATION_CONTEXT() REPRESENTATION_CONTEXT('2D SPACE',''
  ) );
#8707 = PCURVE('',#8573,#8708);
#8708 = DEFINITIONAL_REPRESENTATION('',(#8709),#8713);
#8709 = LINE('',#8710,#8711);
#8710 = CARTESIAN_POINT('',(-2.189872,15.210861));
#8711 = VECTOR('',#8712,1.);
#8712 = DIRECTION('',(-9.333299070443E-02,-0.995634949591));
#8713 = ( GEOMETRIC_REPRESENTATION_CONTEXT(2) 
PARAMETRIC_REPRESENTATION_CONTEXT() REPRESENTATION_CONTEXT('2D SPACE',''
  ) );
#8714 = ADVANCED_FACE('',(#8715),#8524,.F.);
#8715 = FACE_BOUND('',#8716,.F.);
#8716 = EDGE_LOOP('',(#8717));
#8717 = ORIENTED_EDGE('',*,*,#8507,.T.);
#8718 = ADVANCED_FACE('',(#8719),#8573,.F.);
#8719 = FACE_BOUND('',#8720,.F.);
#8720 = EDGE_LOOP('',(#8721,#8722,#8723,#8724));
#8721 = ORIENTED_EDGE('',*,*,#8694,.T.);
#8722 = ORIENTED_EDGE('',*,*,#8558,.F.);
#8723 = ORIENTED_EDGE('',*,*,#8617,.T.);
#8724 = ORIENTED_EDGE('',*,*,#8666,.T.);
#8725 = ( GEOMETRIC_REPRESENTATION_CONTEXT(3) 
GLOBAL_UNCERTAINTY_ASSIGNED_CONTEXT((#8729)) 
GLOBAL_UNIT_ASSIGNED_CONTEXT((#8726,#8727,#8728)) REPRESENTATION_CONTEXT
('Context #1','3D Context with UNIT and UNCERTAINTY') );
#8726 = ( LENGTH_UNIT() NAMED_UNIT(*) SI_UNIT(.MILLI.,.METRE.) );
#8727 = ( NAMED_UNIT(*) PLANE_ANGLE_UNIT() SI_UNIT($,.RADIAN.) );
#8728 = ( NAMED_UNIT(*) SI_UNIT($,.STERADIAN.) SOLID_ANGLE_UNIT() );
#8729 = UNCERTAINTY_MEASURE_WITH_UNIT(LENGTH_MEASURE(2.E-05),#8726,
  'distance_accuracy_value','confusion accuracy');
#8730 = CONTEXT_DEPENDENT_SHAPE_REPRESENTATION(#8731,#8733);
#8731 = ( REPRESENTATION_RELATIONSHIP('','',#7935,#10) 
REPRESENTATION_RELATIONSHIP_WITH_TRANSFORMATION(#8732) 
SHAPE_REPRESENTATION_RELATIONSHIP() );
#8732 = ITEM_DEFINED_TRANSFORMATION('','',#11,#27);
#8733 = PRODUCT_DEFINITION_SHAPE('Placement','Placement of an item',
  #8734);
#8734 = NEXT_ASSEMBLY_USAGE_OCCURRENCE('35','kachalka_naklon','',#5,
  #7930,$);
#8735 = PRODUCT_RELATED_PRODUCT_CATEGORY('part',$,(#7932));
#8736 = SHAPE_DEFINITION_REPRESENTATION(#8737,#8743);
#8737 = PRODUCT_DEFINITION_SHAPE('','',#8738);
#8738 = PRODUCT_DEFINITION('design','',#8739,#8742);
#8739 = PRODUCT_DEFINITION_FORMATION('','',#8740);
#8740 = PRODUCT('MG90S_vrashenie','MG90S_vrashenie','',(#8741));
#8741 = PRODUCT_CONTEXT('',#2,'mechanical');
#8742 = PRODUCT_DEFINITION_CONTEXT('part definition',#2,'design');
#8743 = ADVANCED_BREP_SHAPE_REPRESENTATION('',(#11,#8744),#9874);
#8744 = MANIFOLD_SOLID_BREP('',#8745);
#8745 = CLOSED_SHELL('',(#8746,#8864,#9164,#9213,#9446,#9473,#9498,#9525
    ,#9550,#9577,#9635,#9660,#9687,#9714,#9721,#9776,#9815,#9870));
#8746 = ADVANCED_FACE('',(#8747),#8761,.F.);
#8747 = FACE_BOUND('',#8748,.F.);
#8748 = EDGE_LOOP('',(#8749,#8784,#8812,#8840));
#8749 = ORIENTED_EDGE('',*,*,#8750,.F.);
#8750 = EDGE_CURVE('',#8751,#8753,#8755,.T.);
#8751 = VERTEX_POINT('',#8752);
#8752 = CARTESIAN_POINT('',(14.1,6.1,-16.8));
#8753 = VERTEX_POINT('',#8754);
#8754 = CARTESIAN_POINT('',(32.5,6.1,-16.8));
#8755 = SURFACE_CURVE('',#8756,(#8760,#8772),.PCURVE_S1.);
#8756 = LINE('',#8757,#8758);
#8757 = CARTESIAN_POINT('',(14.1,6.1,-16.8));
#8758 = VECTOR('',#8759,1.);
#8759 = DIRECTION('',(1.,3.358652526772E-18,3.133961632046E-16));
#8760 = PCURVE('',#8761,#8766);
#8761 = PLANE('',#8762);
#8762 = AXIS2_PLACEMENT_3D('',#8763,#8764,#8765);
#8763 = CARTESIAN_POINT('',(14.1,6.1,-16.8));
#8764 = DIRECTION('',(-3.133961632046E-16,1.525119917445E-17,1.));
#8765 = DIRECTION('',(1.,3.358652526772E-18,3.133961632046E-16));
#8766 = DEFINITIONAL_REPRESENTATION('',(#8767),#8771);
#8767 = LINE('',#8768,#8769);
#8768 = CARTESIAN_POINT('',(0.,0.));
#8769 = VECTOR('',#8770,1.);
#8770 = DIRECTION('',(1.,0.));
#8771 = ( GEOMETRIC_REPRESENTATION_CONTEXT(2) 
PARAMETRIC_REPRESENTATION_CONTEXT() REPRESENTATION_CONTEXT('2D SPACE',''
  ) );
#8772 = PCURVE('',#8773,#8778);
#8773 = PLANE('',#8774);
#8774 = AXIS2_PLACEMENT_3D('',#8775,#8776,#8777);
#8775 = CARTESIAN_POINT('',(14.1,6.1,-16.8));
#8776 = DIRECTION('',(3.358652526772E-18,-1.,1.525119917445E-17));
#8777 = DIRECTION('',(1.,3.358652526772E-18,3.133961632046E-16));
#8778 = DEFINITIONAL_REPRESENTATION('',(#8779),#8783);
#8779 = LINE('',#8780,#8781);
#8780 = CARTESIAN_POINT('',(0.,0.));
#8781 = VECTOR('',#8782,1.);
#8782 = DIRECTION('',(1.,0.));
#8783 = ( GEOMETRIC_REPRESENTATION_CONTEXT(2) 
PARAMETRIC_REPRESENTATION_CONTEXT() REPRESENTATION_CONTEXT('2D SPACE',''
  ) );
#8784 = ORIENTED_EDGE('',*,*,#8785,.T.);
#8785 = EDGE_CURVE('',#8751,#8786,#8788,.T.);
#8786 = VERTEX_POINT('',#8787);
#8787 = CARTESIAN_POINT('',(14.1,-6.1,-16.8));
#8788 = SURFACE_CURVE('',#8789,(#8793,#8800),.PCURVE_S1.);
#8789 = LINE('',#8790,#8791);
#8790 = CARTESIAN_POINT('',(14.1,6.1,-16.8));
#8791 = VECTOR('',#8792,1.);
#8792 = DIRECTION('',(3.358652526772E-18,-1.,1.525119917445E-17));
#8793 = PCURVE('',#8761,#8794);
#8794 = DEFINITIONAL_REPRESENTATION('',(#8795),#8799);
#8795 = LINE('',#8796,#8797);
#8796 = CARTESIAN_POINT('',(0.,0.));
#8797 = VECTOR('',#8798,1.);
#8798 = DIRECTION('',(0.,-1.));
#8799 = ( GEOMETRIC_REPRESENTATION_CONTEXT(2) 
PARAMETRIC_REPRESENTATION_CONTEXT() REPRESENTATION_CONTEXT('2D SPACE',''
  ) );
#8800 = PCURVE('',#8801,#8806);
#8801 = PLANE('',#8802);
#8802 = AXIS2_PLACEMENT_3D('',#8803,#8804,#8805);
#8803 = CARTESIAN_POINT('',(14.1,6.1,-16.8));
#8804 = DIRECTION('',(1.,3.358652526772E-18,3.133961632046E-16));
#8805 = DIRECTION('',(-3.133961632046E-16,1.525119917445E-17,1.));
#8806 = DEFINITIONAL_REPRESENTATION('',(#8807),#8811);
#8807 = LINE('',#8808,#8809);
#8808 = CARTESIAN_POINT('',(0.,0.));
#8809 = VECTOR('',#8810,1.);
#8810 = DIRECTION('',(0.,1.));
#8811 = ( GEOMETRIC_REPRESENTATION_CONTEXT(2) 
PARAMETRIC_REPRESENTATION_CONTEXT() REPRESENTATION_CONTEXT('2D SPACE',''
  ) );
#8812 = ORIENTED_EDGE('',*,*,#8813,.T.);
#8813 = EDGE_CURVE('',#8786,#8814,#8816,.T.);
#8814 = VERTEX_POINT('',#8815);
#8815 = CARTESIAN_POINT('',(32.5,-6.1,-16.8));
#8816 = SURFACE_CURVE('',#8817,(#8821,#8828),.PCURVE_S1.);
#8817 = LINE('',#8818,#8819);
#8818 = CARTESIAN_POINT('',(14.1,-6.1,-16.8));
#8819 = VECTOR('',#8820,1.);
#8820 = DIRECTION('',(1.,3.358652526772E-18,3.133961632046E-16));
#8821 = PCURVE('',#8761,#8822);
#8822 = DEFINITIONAL_REPRESENTATION('',(#8823),#8827);
#8823 = LINE('',#8824,#8825);
#8824 = CARTESIAN_POINT('',(0.,-12.2));
#8825 = VECTOR('',#8826,1.);
#8826 = DIRECTION('',(1.,0.));
#8827 = ( GEOMETRIC_REPRESENTATION_CONTEXT(2) 
PARAMETRIC_REPRESENTATION_CONTEXT() REPRESENTATION_CONTEXT('2D SPACE',''
  ) );
#8828 = PCURVE('',#8829,#8834);
#8829 = PLANE('',#8830);
#8830 = AXIS2_PLACEMENT_3D('',#8831,#8832,#8833);
#8831 = CARTESIAN_POINT('',(14.1,-6.1,-16.8));
#8832 = DIRECTION('',(3.358652526772E-18,-1.,1.525119917445E-17));
#8833 = DIRECTION('',(1.,3.358652526772E-18,3.133961632046E-16));
#8834 = DEFINITIONAL_REPRESENTATION('',(#8835),#8839);
#8835 = LINE('',#8836,#8837);
#8836 = CARTESIAN_POINT('',(0.,0.));
#8837 = VECTOR('',#8838,1.);
#8838 = DIRECTION('',(1.,0.));
#8839 = ( GEOMETRIC_REPRESENTATION_CONTEXT(2) 
PARAMETRIC_REPRESENTATION_CONTEXT() REPRESENTATION_CONTEXT('2D SPACE',''
  ) );
#8840 = ORIENTED_EDGE('',*,*,#8841,.T.);
#8841 = EDGE_CURVE('',#8814,#8753,#8842,.T.);
#8842 = SURFACE_CURVE('',#8843,(#8847,#8853),.PCURVE_S1.);
#8843 = LINE('',#8844,#8845);
#8844 = CARTESIAN_POINT('',(32.5,6.1,-16.8));
#8845 = VECTOR('',#8846,1.);
#8846 = DIRECTION('',(-3.358652526772E-18,1.,-1.525119917445E-17));
#8847 = PCURVE('',#8761,#8848);
#8848 = DEFINITIONAL_REPRESENTATION('',(#8849),#8852);
#8849 = B_SPLINE_CURVE_WITH_KNOTS('',1,(#8850,#8851),.UNSPECIFIED.,.F.,
  .F.,(2,2),(-12.2,0.),.PIECEWISE_BEZIER_KNOTS.);
#8850 = CARTESIAN_POINT('',(18.4,-12.2));
#8851 = CARTESIAN_POINT('',(18.4,0.));
#8852 = ( GEOMETRIC_REPRESENTATION_CONTEXT(2) 
PARAMETRIC_REPRESENTATION_CONTEXT() REPRESENTATION_CONTEXT('2D SPACE',''
  ) );
#8853 = PCURVE('',#8854,#8859);
#8854 = PLANE('',#8855);
#8855 = AXIS2_PLACEMENT_3D('',#8856,#8857,#8858);
#8856 = CARTESIAN_POINT('',(32.5,6.1,-21.5));
#8857 = DIRECTION('',(1.,3.358652526772E-18,3.133961632046E-16));
#8858 = DIRECTION('',(-3.133961632046E-16,1.525119917445E-17,1.));
#8859 = DEFINITIONAL_REPRESENTATION('',(#8860),#8863);
#8860 = B_SPLINE_CURVE_WITH_KNOTS('',1,(#8861,#8862),.UNSPECIFIED.,.F.,
  .F.,(2,2),(-12.2,0.),.PIECEWISE_BEZIER_KNOTS.);
#8861 = CARTESIAN_POINT('',(4.7,12.2));
#8862 = CARTESIAN_POINT('',(4.7,0.));
#8863 = ( GEOMETRIC_REPRESENTATION_CONTEXT(2) 
PARAMETRIC_REPRESENTATION_CONTEXT() REPRESENTATION_CONTEXT('2D SPACE',''
  ) );
#8864 = ADVANCED_FACE('',(#8865),#8773,.F.);
#8865 = FACE_BOUND('',#8866,.F.);
#8866 = EDGE_LOOP('',(#8867,#8897,#8918,#8919,#8942,#8970,#8998,#9026,
    #9054,#9082,#9110,#9138));
#8867 = ORIENTED_EDGE('',*,*,#8868,.F.);
#8868 = EDGE_CURVE('',#8869,#8871,#8873,.T.);
#8869 = VERTEX_POINT('',#8870);
#8870 = CARTESIAN_POINT('',(14.1,6.1,6.));
#8871 = VERTEX_POINT('',#8872);
#8872 = CARTESIAN_POINT('',(32.5,6.1,6.));
#8873 = SURFACE_CURVE('',#8874,(#8878,#8885),.PCURVE_S1.);
#8874 = LINE('',#8875,#8876);
#8875 = CARTESIAN_POINT('',(14.1,6.1,6.));
#8876 = VECTOR('',#8877,1.);
#8877 = DIRECTION('',(1.,3.358652526772E-18,3.133961632046E-16));
#8878 = PCURVE('',#8773,#8879);
#8879 = DEFINITIONAL_REPRESENTATION('',(#8880),#8884);
#8880 = LINE('',#8881,#8882);
#8881 = CARTESIAN_POINT('',(0.,22.8));
#8882 = VECTOR('',#8883,1.);
#8883 = DIRECTION('',(1.,0.));
#8884 = ( GEOMETRIC_REPRESENTATION_CONTEXT(2) 
PARAMETRIC_REPRESENTATION_CONTEXT() REPRESENTATION_CONTEXT('2D SPACE',''
  ) );
#8885 = PCURVE('',#8886,#8891);
#8886 = PLANE('',#8887);
#8887 = AXIS2_PLACEMENT_3D('',#8888,#8889,#8890);
#8888 = CARTESIAN_POINT('',(14.1,6.1,6.));
#8889 = DIRECTION('',(-3.133961632046E-16,1.525119917445E-17,1.));
#8890 = DIRECTION('',(1.,3.358652526772E-18,3.133961632046E-16));
#8891 = DEFINITIONAL_REPRESENTATION('',(#8892),#8896);
#8892 = LINE('',#8893,#8894);
#8893 = CARTESIAN_POINT('',(0.,0.));
#8894 = VECTOR('',#8895,1.);
#8895 = DIRECTION('',(1.,0.));
#8896 = ( GEOMETRIC_REPRESENTATION_CONTEXT(2) 
PARAMETRIC_REPRESENTATION_CONTEXT() REPRESENTATION_CONTEXT('2D SPACE',''
  ) );
#8897 = ORIENTED_EDGE('',*,*,#8898,.F.);
#8898 = EDGE_CURVE('',#8751,#8869,#8899,.T.);
#8899 = SURFACE_CURVE('',#8900,(#8904,#8911),.PCURVE_S1.);
#8900 = LINE('',#8901,#8902);
#8901 = CARTESIAN_POINT('',(14.1,6.1,-16.8));
#8902 = VECTOR('',#8903,1.);
#8903 = DIRECTION('',(-3.133961632046E-16,1.525119917445E-17,1.));
#8904 = PCURVE('',#8773,#8905);
#8905 = DEFINITIONAL_REPRESENTATION('',(#8906),#8910);
#8906 = LINE('',#8907,#8908);
#8907 = CARTESIAN_POINT('',(0.,0.));
#8908 = VECTOR('',#8909,1.);
#8909 = DIRECTION('',(0.,1.));
#8910 = ( GEOMETRIC_REPRESENTATION_CONTEXT(2) 
PARAMETRIC_REPRESENTATION_CONTEXT() REPRESENTATION_CONTEXT('2D SPACE',''
  ) );
#8911 = PCURVE('',#8801,#8912);
#8912 = DEFINITIONAL_REPRESENTATION('',(#8913),#8917);
#8913 = LINE('',#8914,#8915);
#8914 = CARTESIAN_POINT('',(0.,0.));
#8915 = VECTOR('',#8916,1.);
#8916 = DIRECTION('',(1.,0.));
#8917 = ( GEOMETRIC_REPRESENTATION_CONTEXT(2) 
PARAMETRIC_REPRESENTATION_CONTEXT() REPRESENTATION_CONTEXT('2D SPACE',''
  ) );
#8918 = ORIENTED_EDGE('',*,*,#8750,.T.);
#8919 = ORIENTED_EDGE('',*,*,#8920,.F.);
#8920 = EDGE_CURVE('',#8921,#8753,#8923,.T.);
#8921 = VERTEX_POINT('',#8922);
#8922 = CARTESIAN_POINT('',(32.5,6.1,-21.5));
#8923 = SURFACE_CURVE('',#8924,(#8928,#8935),.PCURVE_S1.);
#8924 = LINE('',#8925,#8926);
#8925 = CARTESIAN_POINT('',(32.5,6.1,-21.5));
#8926 = VECTOR('',#8927,1.);
#8927 = DIRECTION('',(-3.133961632046E-16,1.525119917445E-17,1.));
#8928 = PCURVE('',#8773,#8929);
#8929 = DEFINITIONAL_REPRESENTATION('',(#8930),#8934);
#8930 = LINE('',#8931,#8932);
#8931 = CARTESIAN_POINT('',(18.4,-4.7));
#8932 = VECTOR('',#8933,1.);
#8933 = DIRECTION('',(0.,1.));
#8934 = ( GEOMETRIC_REPRESENTATION_CONTEXT(2) 
PARAMETRIC_REPRESENTATION_CONTEXT() REPRESENTATION_CONTEXT('2D SPACE',''
  ) );
#8935 = PCURVE('',#8854,#8936);
#8936 = DEFINITIONAL_REPRESENTATION('',(#8937),#8941);
#8937 = LINE('',#8938,#8939);
#8938 = CARTESIAN_POINT('',(0.,0.));
#8939 = VECTOR('',#8940,1.);
#8940 = DIRECTION('',(1.,0.));
#8941 = ( GEOMETRIC_REPRESENTATION_CONTEXT(2) 
PARAMETRIC_REPRESENTATION_CONTEXT() REPRESENTATION_CONTEXT('2D SPACE',''
  ) );
#8942 = ORIENTED_EDGE('',*,*,#8943,.T.);
#8943 = EDGE_CURVE('',#8921,#8944,#8946,.T.);
#8944 = VERTEX_POINT('',#8945);
#8945 = CARTESIAN_POINT('',(35.,6.1,-21.5));
#8946 = SURFACE_CURVE('',#8947,(#8951,#8958),.PCURVE_S1.);
#8947 = LINE('',#8948,#8949);
#8948 = CARTESIAN_POINT('',(32.5,6.1,-21.5));
#8949 = VECTOR('',#8950,1.);
#8950 = DIRECTION('',(1.,3.358652526772E-18,3.133961632046E-16));
#8951 = PCURVE('',#8773,#8952);
#8952 = DEFINITIONAL_REPRESENTATION('',(#8953),#8957);
#8953 = LINE('',#8954,#8955);
#8954 = CARTESIAN_POINT('',(18.4,-4.7));
#8955 = VECTOR('',#8956,1.);
#8956 = DIRECTION('',(1.,0.));
#8957 = ( GEOMETRIC_REPRESENTATION_CONTEXT(2) 
PARAMETRIC_REPRESENTATION_CONTEXT() REPRESENTATION_CONTEXT('2D SPACE',''
  ) );
#8958 = PCURVE('',#8959,#8964);
#8959 = PLANE('',#8960);
#8960 = AXIS2_PLACEMENT_3D('',#8961,#8962,#8963);
#8961 = CARTESIAN_POINT('',(32.5,6.1,-21.5));
#8962 = DIRECTION('',(-3.133961632046E-16,1.525119917445E-17,1.));
#8963 = DIRECTION('',(1.,3.358652526772E-18,3.133961632046E-16));
#8964 = DEFINITIONAL_REPRESENTATION('',(#8965),#8969);
#8965 = LINE('',#8966,#8967);
#8966 = CARTESIAN_POINT('',(0.,0.));
#8967 = VECTOR('',#8968,1.);
#8968 = DIRECTION('',(1.,0.));
#8969 = ( GEOMETRIC_REPRESENTATION_CONTEXT(2) 
PARAMETRIC_REPRESENTATION_CONTEXT() REPRESENTATION_CONTEXT('2D SPACE',''
  ) );
#8970 = ORIENTED_EDGE('',*,*,#8971,.T.);
#8971 = EDGE_CURVE('',#8944,#8972,#8974,.T.);
#8972 = VERTEX_POINT('',#8973);
#8973 = CARTESIAN_POINT('',(35.,6.1,-16.8));
#8974 = SURFACE_CURVE('',#8975,(#8979,#8986),.PCURVE_S1.);
#8975 = LINE('',#8976,#8977);
#8976 = CARTESIAN_POINT('',(35.,6.1,-21.5));
#8977 = VECTOR('',#8978,1.);
#8978 = DIRECTION('',(-3.133961632046E-16,1.525119917445E-17,1.));
#8979 = PCURVE('',#8773,#8980);
#8980 = DEFINITIONAL_REPRESENTATION('',(#8981),#8985);
#8981 = LINE('',#8982,#8983);
#8982 = CARTESIAN_POINT('',(20.9,-4.7));
#8983 = VECTOR('',#8984,1.);
#8984 = DIRECTION('',(0.,1.));
#8985 = ( GEOMETRIC_REPRESENTATION_CONTEXT(2) 
PARAMETRIC_REPRESENTATION_CONTEXT() REPRESENTATION_CONTEXT('2D SPACE',''
  ) );
#8986 = PCURVE('',#8987,#8992);
#8987 = PLANE('',#8988);
#8988 = AXIS2_PLACEMENT_3D('',#8989,#8990,#8991);
#8989 = CARTESIAN_POINT('',(35.,6.1,-21.5));
#8990 = DIRECTION('',(1.,3.358652526772E-18,3.133961632046E-16));
#8991 = DIRECTION('',(-3.133961632046E-16,1.525119917445E-17,1.));
#8992 = DEFINITIONAL_REPRESENTATION('',(#8993),#8997);
#8993 = LINE('',#8994,#8995);
#8994 = CARTESIAN_POINT('',(0.,0.));
#8995 = VECTOR('',#8996,1.);
#8996 = DIRECTION('',(1.,0.));
#8997 = ( GEOMETRIC_REPRESENTATION_CONTEXT(2) 
PARAMETRIC_REPRESENTATION_CONTEXT() REPRESENTATION_CONTEXT('2D SPACE',''
  ) );
#8998 = ORIENTED_EDGE('',*,*,#8999,.T.);
#8999 = EDGE_CURVE('',#8972,#9000,#9002,.T.);
#9000 = VERTEX_POINT('',#9001);
#9001 = CARTESIAN_POINT('',(39.3,6.1,-16.8));
#9002 = SURFACE_CURVE('',#9003,(#9007,#9014),.PCURVE_S1.);
#9003 = LINE('',#9004,#9005);
#9004 = CARTESIAN_POINT('',(14.1,6.1,-16.8));
#9005 = VECTOR('',#9006,1.);
#9006 = DIRECTION('',(1.,3.358652526772E-18,3.133961632046E-16));
#9007 = PCURVE('',#8773,#9008);
#9008 = DEFINITIONAL_REPRESENTATION('',(#9009),#9013);
#9009 = LINE('',#9010,#9011);
#9010 = CARTESIAN_POINT('',(0.,0.));
#9011 = VECTOR('',#9012,1.);
#9012 = DIRECTION('',(1.,0.));
#9013 = ( GEOMETRIC_REPRESENTATION_CONTEXT(2) 
PARAMETRIC_REPRESENTATION_CONTEXT() REPRESENTATION_CONTEXT('2D SPACE',''
  ) );
#9014 = PCURVE('',#9015,#9020);
#9015 = PLANE('',#9016);
#9016 = AXIS2_PLACEMENT_3D('',#9017,#9018,#9019);
#9017 = CARTESIAN_POINT('',(14.1,6.1,-16.8));
#9018 = DIRECTION('',(-3.133961632046E-16,1.525119917445E-17,1.));
#9019 = DIRECTION('',(1.,3.358652526772E-18,3.133961632046E-16));
#9020 = DEFINITIONAL_REPRESENTATION('',(#9021),#9025);
#9021 = LINE('',#9022,#9023);
#9022 = CARTESIAN_POINT('',(0.,0.));
#9023 = VECTOR('',#9024,1.);
#9024 = DIRECTION('',(1.,0.));
#9025 = ( GEOMETRIC_REPRESENTATION_CONTEXT(2) 
PARAMETRIC_REPRESENTATION_CONTEXT() REPRESENTATION_CONTEXT('2D SPACE',''
  ) );
#9026 = ORIENTED_EDGE('',*,*,#9027,.T.);
#9027 = EDGE_CURVE('',#9000,#9028,#9030,.T.);
#9028 = VERTEX_POINT('',#9029);
#9029 = CARTESIAN_POINT('',(39.3,6.1,6.));
#9030 = SURFACE_CURVE('',#9031,(#9035,#9042),.PCURVE_S1.);
#9031 = LINE('',#9032,#9033);
#9032 = CARTESIAN_POINT('',(39.3,6.1,-16.8));
#9033 = VECTOR('',#9034,1.);
#9034 = DIRECTION('',(-3.133961632046E-16,1.525119917445E-17,1.));
#9035 = PCURVE('',#8773,#9036);
#9036 = DEFINITIONAL_REPRESENTATION('',(#9037),#9041);
#9037 = LINE('',#9038,#9039);
#9038 = CARTESIAN_POINT('',(25.2,0.));
#9039 = VECTOR('',#9040,1.);
#9040 = DIRECTION('',(0.,1.));
#9041 = ( GEOMETRIC_REPRESENTATION_CONTEXT(2) 
PARAMETRIC_REPRESENTATION_CONTEXT() REPRESENTATION_CONTEXT('2D SPACE',''
  ) );
#9042 = PCURVE('',#9043,#9048);
#9043 = PLANE('',#9044);
#9044 = AXIS2_PLACEMENT_3D('',#9045,#9046,#9047);
#9045 = CARTESIAN_POINT('',(39.3,6.1,-16.8));
#9046 = DIRECTION('',(1.,3.358652526772E-18,3.133961632046E-16));
#9047 = DIRECTION('',(-3.133961632046E-16,1.525119917445E-17,1.));
#9048 = DEFINITIONAL_REPRESENTATION('',(#9049),#9053);
#9049 = LINE('',#9050,#9051);
#9050 = CARTESIAN_POINT('',(0.,0.));
#9051 = VECTOR('',#9052,1.);
#9052 = DIRECTION('',(1.,0.));
#9053 = ( GEOMETRIC_REPRESENTATION_CONTEXT(2) 
PARAMETRIC_REPRESENTATION_CONTEXT() REPRESENTATION_CONTEXT('2D SPACE',''
  ) );
#9054 = ORIENTED_EDGE('',*,*,#9055,.F.);
#9055 = EDGE_CURVE('',#9056,#9028,#9058,.T.);
#9056 = VERTEX_POINT('',#9057);
#9057 = CARTESIAN_POINT('',(35.,6.1,6.));
#9058 = SURFACE_CURVE('',#9059,(#9063,#9070),.PCURVE_S1.);
#9059 = LINE('',#9060,#9061);
#9060 = CARTESIAN_POINT('',(14.1,6.1,6.));
#9061 = VECTOR('',#9062,1.);
#9062 = DIRECTION('',(1.,3.358652526772E-18,3.133961632046E-16));
#9063 = PCURVE('',#8773,#9064);
#9064 = DEFINITIONAL_REPRESENTATION('',(#9065),#9069);
#9065 = LINE('',#9066,#9067);
#9066 = CARTESIAN_POINT('',(0.,22.8));
#9067 = VECTOR('',#9068,1.);
#9068 = DIRECTION('',(1.,0.));
#9069 = ( GEOMETRIC_REPRESENTATION_CONTEXT(2) 
PARAMETRIC_REPRESENTATION_CONTEXT() REPRESENTATION_CONTEXT('2D SPACE',''
  ) );
#9070 = PCURVE('',#9071,#9076);
#9071 = PLANE('',#9072);
#9072 = AXIS2_PLACEMENT_3D('',#9073,#9074,#9075);
#9073 = CARTESIAN_POINT('',(14.1,6.1,6.));
#9074 = DIRECTION('',(-3.133961632046E-16,1.525119917445E-17,1.));
#9075 = DIRECTION('',(1.,3.358652526772E-18,3.133961632046E-16));
#9076 = DEFINITIONAL_REPRESENTATION('',(#9077),#9081);
#9077 = LINE('',#9078,#9079);
#9078 = CARTESIAN_POINT('',(0.,0.));
#9079 = VECTOR('',#9080,1.);
#9080 = DIRECTION('',(1.,0.));
#9081 = ( GEOMETRIC_REPRESENTATION_CONTEXT(2) 
PARAMETRIC_REPRESENTATION_CONTEXT() REPRESENTATION_CONTEXT('2D SPACE',''
  ) );
#9082 = ORIENTED_EDGE('',*,*,#9083,.T.);
#9083 = EDGE_CURVE('',#9056,#9084,#9086,.T.);
#9084 = VERTEX_POINT('',#9085);
#9085 = CARTESIAN_POINT('',(35.,6.1,10.7));
#9086 = SURFACE_CURVE('',#9087,(#9091,#9098),.PCURVE_S1.);
#9087 = LINE('',#9088,#9089);
#9088 = CARTESIAN_POINT('',(35.,6.1,-21.5));
#9089 = VECTOR('',#9090,1.);
#9090 = DIRECTION('',(-3.133961632046E-16,1.525119917445E-17,1.));
#9091 = PCURVE('',#8773,#9092);
#9092 = DEFINITIONAL_REPRESENTATION('',(#9093),#9097);
#9093 = LINE('',#9094,#9095);
#9094 = CARTESIAN_POINT('',(20.9,-4.7));
#9095 = VECTOR('',#9096,1.);
#9096 = DIRECTION('',(0.,1.));
#9097 = ( GEOMETRIC_REPRESENTATION_CONTEXT(2) 
PARAMETRIC_REPRESENTATION_CONTEXT() REPRESENTATION_CONTEXT('2D SPACE',''
  ) );
#9098 = PCURVE('',#9099,#9104);
#9099 = PLANE('',#9100);
#9100 = AXIS2_PLACEMENT_3D('',#9101,#9102,#9103);
#9101 = CARTESIAN_POINT('',(35.,6.1,-21.5));
#9102 = DIRECTION('',(1.,3.358652526772E-18,3.133961632046E-16));
#9103 = DIRECTION('',(-3.133961632046E-16,1.525119917445E-17,1.));
#9104 = DEFINITIONAL_REPRESENTATION('',(#9105),#9109);
#9105 = LINE('',#9106,#9107);
#9106 = CARTESIAN_POINT('',(0.,0.));
#9107 = VECTOR('',#9108,1.);
#9108 = DIRECTION('',(1.,0.));
#9109 = ( GEOMETRIC_REPRESENTATION_CONTEXT(2) 
PARAMETRIC_REPRESENTATION_CONTEXT() REPRESENTATION_CONTEXT('2D SPACE',''
  ) );
#9110 = ORIENTED_EDGE('',*,*,#9111,.F.);
#9111 = EDGE_CURVE('',#9112,#9084,#9114,.T.);
#9112 = VERTEX_POINT('',#9113);
#9113 = CARTESIAN_POINT('',(32.5,6.1,10.7));
#9114 = SURFACE_CURVE('',#9115,(#9119,#9126),.PCURVE_S1.);
#9115 = LINE('',#9116,#9117);
#9116 = CARTESIAN_POINT('',(32.5,6.1,10.7));
#9117 = VECTOR('',#9118,1.);
#9118 = DIRECTION('',(1.,3.358652526772E-18,3.133961632046E-16));
#9119 = PCURVE('',#8773,#9120);
#9120 = DEFINITIONAL_REPRESENTATION('',(#9121),#9125);
#9121 = LINE('',#9122,#9123);
#9122 = CARTESIAN_POINT('',(18.4,27.5));
#9123 = VECTOR('',#9124,1.);
#9124 = DIRECTION('',(1.,0.));
#9125 = ( GEOMETRIC_REPRESENTATION_CONTEXT(2) 
PARAMETRIC_REPRESENTATION_CONTEXT() REPRESENTATION_CONTEXT('2D SPACE',''
  ) );
#9126 = PCURVE('',#9127,#9132);
#9127 = PLANE('',#9128);
#9128 = AXIS2_PLACEMENT_3D('',#9129,#9130,#9131);
#9129 = CARTESIAN_POINT('',(32.5,6.1,10.7));
#9130 = DIRECTION('',(-3.133961632046E-16,1.525119917445E-17,1.));
#9131 = DIRECTION('',(1.,3.358652526772E-18,3.133961632046E-16));
#9132 = DEFINITIONAL_REPRESENTATION('',(#9133),#9137);
#9133 = LINE('',#9134,#9135);
#9134 = CARTESIAN_POINT('',(0.,0.));
#9135 = VECTOR('',#9136,1.);
#9136 = DIRECTION('',(1.,0.));
#9137 = ( GEOMETRIC_REPRESENTATION_CONTEXT(2) 
PARAMETRIC_REPRESENTATION_CONTEXT() REPRESENTATION_CONTEXT('2D SPACE',''
  ) );
#9138 = ORIENTED_EDGE('',*,*,#9139,.F.);
#9139 = EDGE_CURVE('',#8871,#9112,#9140,.T.);
#9140 = SURFACE_CURVE('',#9141,(#9145,#9152),.PCURVE_S1.);
#9141 = LINE('',#9142,#9143);
#9142 = CARTESIAN_POINT('',(32.5,6.1,-21.5));
#9143 = VECTOR('',#9144,1.);
#9144 = DIRECTION('',(-3.133961632046E-16,1.525119917445E-17,1.));
#9145 = PCURVE('',#8773,#9146);
#9146 = DEFINITIONAL_REPRESENTATION('',(#9147),#9151);
#9147 = LINE('',#9148,#9149);
#9148 = CARTESIAN_POINT('',(18.4,-4.7));
#9149 = VECTOR('',#9150,1.);
#9150 = DIRECTION('',(0.,1.));
#9151 = ( GEOMETRIC_REPRESENTATION_CONTEXT(2) 
PARAMETRIC_REPRESENTATION_CONTEXT() REPRESENTATION_CONTEXT('2D SPACE',''
  ) );
#9152 = PCURVE('',#9153,#9158);
#9153 = PLANE('',#9154);
#9154 = AXIS2_PLACEMENT_3D('',#9155,#9156,#9157);
#9155 = CARTESIAN_POINT('',(32.5,6.1,-21.5));
#9156 = DIRECTION('',(1.,3.358652526772E-18,3.133961632046E-16));
#9157 = DIRECTION('',(-3.133961632046E-16,1.525119917445E-17,1.));
#9158 = DEFINITIONAL_REPRESENTATION('',(#9159),#9163);
#9159 = LINE('',#9160,#9161);
#9160 = CARTESIAN_POINT('',(0.,0.));
#9161 = VECTOR('',#9162,1.);
#9162 = DIRECTION('',(1.,0.));
#9163 = ( GEOMETRIC_REPRESENTATION_CONTEXT(2) 
PARAMETRIC_REPRESENTATION_CONTEXT() REPRESENTATION_CONTEXT('2D SPACE',''
  ) );
#9164 = ADVANCED_FACE('',(#9165),#8854,.F.);
#9165 = FACE_BOUND('',#9166,.F.);
#9166 = EDGE_LOOP('',(#9167,#9190,#9211,#9212));
#9167 = ORIENTED_EDGE('',*,*,#9168,.F.);
#9168 = EDGE_CURVE('',#9169,#8814,#9171,.T.);
#9169 = VERTEX_POINT('',#9170);
#9170 = CARTESIAN_POINT('',(32.5,-6.1,-21.5));
#9171 = SURFACE_CURVE('',#9172,(#9176,#9183),.PCURVE_S1.);
#9172 = LINE('',#9173,#9174);
#9173 = CARTESIAN_POINT('',(32.5,-6.1,-21.5));
#9174 = VECTOR('',#9175,1.);
#9175 = DIRECTION('',(-3.133961632046E-16,1.525119917445E-17,1.));
#9176 = PCURVE('',#8854,#9177);
#9177 = DEFINITIONAL_REPRESENTATION('',(#9178),#9182);
#9178 = LINE('',#9179,#9180);
#9179 = CARTESIAN_POINT('',(0.,12.2));
#9180 = VECTOR('',#9181,1.);
#9181 = DIRECTION('',(1.,0.));
#9182 = ( GEOMETRIC_REPRESENTATION_CONTEXT(2) 
PARAMETRIC_REPRESENTATION_CONTEXT() REPRESENTATION_CONTEXT('2D SPACE',''
  ) );
#9183 = PCURVE('',#8829,#9184);
#9184 = DEFINITIONAL_REPRESENTATION('',(#9185),#9189);
#9185 = LINE('',#9186,#9187);
#9186 = CARTESIAN_POINT('',(18.4,-4.7));
#9187 = VECTOR('',#9188,1.);
#9188 = DIRECTION('',(0.,1.));
#9189 = ( GEOMETRIC_REPRESENTATION_CONTEXT(2) 
PARAMETRIC_REPRESENTATION_CONTEXT() REPRESENTATION_CONTEXT('2D SPACE',''
  ) );
#9190 = ORIENTED_EDGE('',*,*,#9191,.F.);
#9191 = EDGE_CURVE('',#8921,#9169,#9192,.T.);
#9192 = SURFACE_CURVE('',#9193,(#9197,#9204),.PCURVE_S1.);
#9193 = LINE('',#9194,#9195);
#9194 = CARTESIAN_POINT('',(32.5,6.1,-21.5));
#9195 = VECTOR('',#9196,1.);
#9196 = DIRECTION('',(3.358652526772E-18,-1.,1.525119917445E-17));
#9197 = PCURVE('',#8854,#9198);
#9198 = DEFINITIONAL_REPRESENTATION('',(#9199),#9203);
#9199 = LINE('',#9200,#9201);
#9200 = CARTESIAN_POINT('',(0.,0.));
#9201 = VECTOR('',#9202,1.);
#9202 = DIRECTION('',(0.,1.));
#9203 = ( GEOMETRIC_REPRESENTATION_CONTEXT(2) 
PARAMETRIC_REPRESENTATION_CONTEXT() REPRESENTATION_CONTEXT('2D SPACE',''
  ) );
#9204 = PCURVE('',#8959,#9205);
#9205 = DEFINITIONAL_REPRESENTATION('',(#9206),#9210);
#9206 = LINE('',#9207,#9208);
#9207 = CARTESIAN_POINT('',(0.,0.));
#9208 = VECTOR('',#9209,1.);
#9209 = DIRECTION('',(0.,-1.));
#9210 = ( GEOMETRIC_REPRESENTATION_CONTEXT(2) 
PARAMETRIC_REPRESENTATION_CONTEXT() REPRESENTATION_CONTEXT('2D SPACE',''
  ) );
#9211 = ORIENTED_EDGE('',*,*,#8920,.T.);
#9212 = ORIENTED_EDGE('',*,*,#8841,.F.);
#9213 = ADVANCED_FACE('',(#9214),#8829,.T.);
#9214 = FACE_BOUND('',#9215,.T.);
#9215 = EDGE_LOOP('',(#9216,#9241,#9262,#9263,#9264,#9287,#9310,#9333,
    #9356,#9379,#9402,#9425));
#9216 = ORIENTED_EDGE('',*,*,#9217,.F.);
#9217 = EDGE_CURVE('',#9218,#9220,#9222,.T.);
#9218 = VERTEX_POINT('',#9219);
#9219 = CARTESIAN_POINT('',(14.1,-6.1,6.));
#9220 = VERTEX_POINT('',#9221);
#9221 = CARTESIAN_POINT('',(32.5,-6.1,6.));
#9222 = SURFACE_CURVE('',#9223,(#9227,#9234),.PCURVE_S1.);
#9223 = LINE('',#9224,#9225);
#9224 = CARTESIAN_POINT('',(14.1,-6.1,6.));
#9225 = VECTOR('',#9226,1.);
#9226 = DIRECTION('',(1.,3.358652526772E-18,3.133961632046E-16));
#9227 = PCURVE('',#8829,#9228);
#9228 = DEFINITIONAL_REPRESENTATION('',(#9229),#9233);
#9229 = LINE('',#9230,#9231);
#9230 = CARTESIAN_POINT('',(0.,22.8));
#9231 = VECTOR('',#9232,1.);
#9232 = DIRECTION('',(1.,0.));
#9233 = ( GEOMETRIC_REPRESENTATION_CONTEXT(2) 
PARAMETRIC_REPRESENTATION_CONTEXT() REPRESENTATION_CONTEXT('2D SPACE',''
  ) );
#9234 = PCURVE('',#8886,#9235);
#9235 = DEFINITIONAL_REPRESENTATION('',(#9236),#9240);
#9236 = LINE('',#9237,#9238);
#9237 = CARTESIAN_POINT('',(0.,-12.2));
#9238 = VECTOR('',#9239,1.);
#9239 = DIRECTION('',(1.,0.));
#9240 = ( GEOMETRIC_REPRESENTATION_CONTEXT(2) 
PARAMETRIC_REPRESENTATION_CONTEXT() REPRESENTATION_CONTEXT('2D SPACE',''
  ) );
#9241 = ORIENTED_EDGE('',*,*,#9242,.F.);
#9242 = EDGE_CURVE('',#8786,#9218,#9243,.T.);
#9243 = SURFACE_CURVE('',#9244,(#9248,#9255),.PCURVE_S1.);
#9244 = LINE('',#9245,#9246);
#9245 = CARTESIAN_POINT('',(14.1,-6.1,-16.8));
#9246 = VECTOR('',#9247,1.);
#9247 = DIRECTION('',(-3.133961632046E-16,1.525119917445E-17,1.));
#9248 = PCURVE('',#8829,#9249);
#9249 = DEFINITIONAL_REPRESENTATION('',(#9250),#9254);
#9250 = LINE('',#9251,#9252);
#9251 = CARTESIAN_POINT('',(0.,0.));
#9252 = VECTOR('',#9253,1.);
#9253 = DIRECTION('',(0.,1.));
#9254 = ( GEOMETRIC_REPRESENTATION_CONTEXT(2) 
PARAMETRIC_REPRESENTATION_CONTEXT() REPRESENTATION_CONTEXT('2D SPACE',''
  ) );
#9255 = PCURVE('',#8801,#9256);
#9256 = DEFINITIONAL_REPRESENTATION('',(#9257),#9261);
#9257 = LINE('',#9258,#9259);
#9258 = CARTESIAN_POINT('',(0.,12.2));
#9259 = VECTOR('',#9260,1.);
#9260 = DIRECTION('',(1.,0.));
#9261 = ( GEOMETRIC_REPRESENTATION_CONTEXT(2) 
PARAMETRIC_REPRESENTATION_CONTEXT() REPRESENTATION_CONTEXT('2D SPACE',''
  ) );
#9262 = ORIENTED_EDGE('',*,*,#8813,.T.);
#9263 = ORIENTED_EDGE('',*,*,#9168,.F.);
#9264 = ORIENTED_EDGE('',*,*,#9265,.T.);
#9265 = EDGE_CURVE('',#9169,#9266,#9268,.T.);
#9266 = VERTEX_POINT('',#9267);
#9267 = CARTESIAN_POINT('',(35.,-6.1,-21.5));
#9268 = SURFACE_CURVE('',#9269,(#9273,#9280),.PCURVE_S1.);
#9269 = LINE('',#9270,#9271);
#9270 = CARTESIAN_POINT('',(32.5,-6.1,-21.5));
#9271 = VECTOR('',#9272,1.);
#9272 = DIRECTION('',(1.,3.358652526772E-18,3.133961632046E-16));
#9273 = PCURVE('',#8829,#9274);
#9274 = DEFINITIONAL_REPRESENTATION('',(#9275),#9279);
#9275 = LINE('',#9276,#9277);
#9276 = CARTESIAN_POINT('',(18.4,-4.7));
#9277 = VECTOR('',#9278,1.);
#9278 = DIRECTION('',(1.,0.));
#9279 = ( GEOMETRIC_REPRESENTATION_CONTEXT(2) 
PARAMETRIC_REPRESENTATION_CONTEXT() REPRESENTATION_CONTEXT('2D SPACE',''
  ) );
#9280 = PCURVE('',#8959,#9281);
#9281 = DEFINITIONAL_REPRESENTATION('',(#9282),#9286);
#9282 = LINE('',#9283,#9284);
#9283 = CARTESIAN_POINT('',(0.,-12.2));
#9284 = VECTOR('',#9285,1.);
#9285 = DIRECTION('',(1.,0.));
#9286 = ( GEOMETRIC_REPRESENTATION_CONTEXT(2) 
PARAMETRIC_REPRESENTATION_CONTEXT() REPRESENTATION_CONTEXT('2D SPACE',''
  ) );
#9287 = ORIENTED_EDGE('',*,*,#9288,.T.);
#9288 = EDGE_CURVE('',#9266,#9289,#9291,.T.);
#9289 = VERTEX_POINT('',#9290);
#9290 = CARTESIAN_POINT('',(35.,-6.1,-16.8));
#9291 = SURFACE_CURVE('',#9292,(#9296,#9303),.PCURVE_S1.);
#9292 = LINE('',#9293,#9294);
#9293 = CARTESIAN_POINT('',(35.,-6.1,-21.5));
#9294 = VECTOR('',#9295,1.);
#9295 = DIRECTION('',(-3.133961632046E-16,1.525119917445E-17,1.));
#9296 = PCURVE('',#8829,#9297);
#9297 = DEFINITIONAL_REPRESENTATION('',(#9298),#9302);
#9298 = LINE('',#9299,#9300);
#9299 = CARTESIAN_POINT('',(20.9,-4.7));
#9300 = VECTOR('',#9301,1.);
#9301 = DIRECTION('',(0.,1.));
#9302 = ( GEOMETRIC_REPRESENTATION_CONTEXT(2) 
PARAMETRIC_REPRESENTATION_CONTEXT() REPRESENTATION_CONTEXT('2D SPACE',''
  ) );
#9303 = PCURVE('',#8987,#9304);
#9304 = DEFINITIONAL_REPRESENTATION('',(#9305),#9309);
#9305 = LINE('',#9306,#9307);
#9306 = CARTESIAN_POINT('',(0.,12.2));
#9307 = VECTOR('',#9308,1.);
#9308 = DIRECTION('',(1.,0.));
#9309 = ( GEOMETRIC_REPRESENTATION_CONTEXT(2) 
PARAMETRIC_REPRESENTATION_CONTEXT() REPRESENTATION_CONTEXT('2D SPACE',''
  ) );
#9310 = ORIENTED_EDGE('',*,*,#9311,.T.);
#9311 = EDGE_CURVE('',#9289,#9312,#9314,.T.);
#9312 = VERTEX_POINT('',#9313);
#9313 = CARTESIAN_POINT('',(39.3,-6.1,-16.8));
#9314 = SURFACE_CURVE('',#9315,(#9319,#9326),.PCURVE_S1.);
#9315 = LINE('',#9316,#9317);
#9316 = CARTESIAN_POINT('',(14.1,-6.1,-16.8));
#9317 = VECTOR('',#9318,1.);
#9318 = DIRECTION('',(1.,3.358652526772E-18,3.133961632046E-16));
#9319 = PCURVE('',#8829,#9320);
#9320 = DEFINITIONAL_REPRESENTATION('',(#9321),#9325);
#9321 = LINE('',#9322,#9323);
#9322 = CARTESIAN_POINT('',(0.,0.));
#9323 = VECTOR('',#9324,1.);
#9324 = DIRECTION('',(1.,0.));
#9325 = ( GEOMETRIC_REPRESENTATION_CONTEXT(2) 
PARAMETRIC_REPRESENTATION_CONTEXT() REPRESENTATION_CONTEXT('2D SPACE',''
  ) );
#9326 = PCURVE('',#9015,#9327);
#9327 = DEFINITIONAL_REPRESENTATION('',(#9328),#9332);
#9328 = LINE('',#9329,#9330);
#9329 = CARTESIAN_POINT('',(0.,-12.2));
#9330 = VECTOR('',#9331,1.);
#9331 = DIRECTION('',(1.,0.));
#9332 = ( GEOMETRIC_REPRESENTATION_CONTEXT(2) 
PARAMETRIC_REPRESENTATION_CONTEXT() REPRESENTATION_CONTEXT('2D SPACE',''
  ) );
#9333 = ORIENTED_EDGE('',*,*,#9334,.T.);
#9334 = EDGE_CURVE('',#9312,#9335,#9337,.T.);
#9335 = VERTEX_POINT('',#9336);
#9336 = CARTESIAN_POINT('',(39.3,-6.1,6.));
#9337 = SURFACE_CURVE('',#9338,(#9342,#9349),.PCURVE_S1.);
#9338 = LINE('',#9339,#9340);
#9339 = CARTESIAN_POINT('',(39.3,-6.1,-16.8));
#9340 = VECTOR('',#9341,1.);
#9341 = DIRECTION('',(-3.133961632046E-16,1.525119917445E-17,1.));
#9342 = PCURVE('',#8829,#9343);
#9343 = DEFINITIONAL_REPRESENTATION('',(#9344),#9348);
#9344 = LINE('',#9345,#9346);
#9345 = CARTESIAN_POINT('',(25.2,0.));
#9346 = VECTOR('',#9347,1.);
#9347 = DIRECTION('',(0.,1.));
#9348 = ( GEOMETRIC_REPRESENTATION_CONTEXT(2) 
PARAMETRIC_REPRESENTATION_CONTEXT() REPRESENTATION_CONTEXT('2D SPACE',''
  ) );
#9349 = PCURVE('',#9043,#9350);
#9350 = DEFINITIONAL_REPRESENTATION('',(#9351),#9355);
#9351 = LINE('',#9352,#9353);
#9352 = CARTESIAN_POINT('',(0.,12.2));
#9353 = VECTOR('',#9354,1.);
#9354 = DIRECTION('',(1.,0.));
#9355 = ( GEOMETRIC_REPRESENTATION_CONTEXT(2) 
PARAMETRIC_REPRESENTATION_CONTEXT() REPRESENTATION_CONTEXT('2D SPACE',''
  ) );
#9356 = ORIENTED_EDGE('',*,*,#9357,.F.);
#9357 = EDGE_CURVE('',#9358,#9335,#9360,.T.);
#9358 = VERTEX_POINT('',#9359);
#9359 = CARTESIAN_POINT('',(35.,-6.1,6.));
#9360 = SURFACE_CURVE('',#9361,(#9365,#9372),.PCURVE_S1.);
#9361 = LINE('',#9362,#9363);
#9362 = CARTESIAN_POINT('',(14.1,-6.1,6.));
#9363 = VECTOR('',#9364,1.);
#9364 = DIRECTION('',(1.,3.358652526772E-18,3.133961632046E-16));
#9365 = PCURVE('',#8829,#9366);
#9366 = DEFINITIONAL_REPRESENTATION('',(#9367),#9371);
#9367 = LINE('',#9368,#9369);
#9368 = CARTESIAN_POINT('',(0.,22.8));
#9369 = VECTOR('',#9370,1.);
#9370 = DIRECTION('',(1.,0.));
#9371 = ( GEOMETRIC_REPRESENTATION_CONTEXT(2) 
PARAMETRIC_REPRESENTATION_CONTEXT() REPRESENTATION_CONTEXT('2D SPACE',''
  ) );
#9372 = PCURVE('',#9071,#9373);
#9373 = DEFINITIONAL_REPRESENTATION('',(#9374),#9378);
#9374 = LINE('',#9375,#9376);
#9375 = CARTESIAN_POINT('',(0.,-12.2));
#9376 = VECTOR('',#9377,1.);
#9377 = DIRECTION('',(1.,0.));
#9378 = ( GEOMETRIC_REPRESENTATION_CONTEXT(2) 
PARAMETRIC_REPRESENTATION_CONTEXT() REPRESENTATION_CONTEXT('2D SPACE',''
  ) );
#9379 = ORIENTED_EDGE('',*,*,#9380,.T.);
#9380 = EDGE_CURVE('',#9358,#9381,#9383,.T.);
#9381 = VERTEX_POINT('',#9382);
#9382 = CARTESIAN_POINT('',(35.,-6.1,10.7));
#9383 = SURFACE_CURVE('',#9384,(#9388,#9395),.PCURVE_S1.);
#9384 = LINE('',#9385,#9386);
#9385 = CARTESIAN_POINT('',(35.,-6.1,-21.5));
#9386 = VECTOR('',#9387,1.);
#9387 = DIRECTION('',(-3.133961632046E-16,1.525119917445E-17,1.));
#9388 = PCURVE('',#8829,#9389);
#9389 = DEFINITIONAL_REPRESENTATION('',(#9390),#9394);
#9390 = LINE('',#9391,#9392);
#9391 = CARTESIAN_POINT('',(20.9,-4.7));
#9392 = VECTOR('',#9393,1.);
#9393 = DIRECTION('',(0.,1.));
#9394 = ( GEOMETRIC_REPRESENTATION_CONTEXT(2) 
PARAMETRIC_REPRESENTATION_CONTEXT() REPRESENTATION_CONTEXT('2D SPACE',''
  ) );
#9395 = PCURVE('',#9099,#9396);
#9396 = DEFINITIONAL_REPRESENTATION('',(#9397),#9401);
#9397 = LINE('',#9398,#9399);
#9398 = CARTESIAN_POINT('',(0.,12.2));
#9399 = VECTOR('',#9400,1.);
#9400 = DIRECTION('',(1.,0.));
#9401 = ( GEOMETRIC_REPRESENTATION_CONTEXT(2) 
PARAMETRIC_REPRESENTATION_CONTEXT() REPRESENTATION_CONTEXT('2D SPACE',''
  ) );
#9402 = ORIENTED_EDGE('',*,*,#9403,.F.);
#9403 = EDGE_CURVE('',#9404,#9381,#9406,.T.);
#9404 = VERTEX_POINT('',#9405);
#9405 = CARTESIAN_POINT('',(32.5,-6.1,10.7));
#9406 = SURFACE_CURVE('',#9407,(#9411,#9418),.PCURVE_S1.);
#9407 = LINE('',#9408,#9409);
#9408 = CARTESIAN_POINT('',(32.5,-6.1,10.7));
#9409 = VECTOR('',#9410,1.);
#9410 = DIRECTION('',(1.,3.358652526772E-18,3.133961632046E-16));
#9411 = PCURVE('',#8829,#9412);
#9412 = DEFINITIONAL_REPRESENTATION('',(#9413),#9417);
#9413 = LINE('',#9414,#9415);
#9414 = CARTESIAN_POINT('',(18.4,27.5));
#9415 = VECTOR('',#9416,1.);
#9416 = DIRECTION('',(1.,0.));
#9417 = ( GEOMETRIC_REPRESENTATION_CONTEXT(2) 
PARAMETRIC_REPRESENTATION_CONTEXT() REPRESENTATION_CONTEXT('2D SPACE',''
  ) );
#9418 = PCURVE('',#9127,#9419);
#9419 = DEFINITIONAL_REPRESENTATION('',(#9420),#9424);
#9420 = LINE('',#9421,#9422);
#9421 = CARTESIAN_POINT('',(0.,-12.2));
#9422 = VECTOR('',#9423,1.);
#9423 = DIRECTION('',(1.,0.));
#9424 = ( GEOMETRIC_REPRESENTATION_CONTEXT(2) 
PARAMETRIC_REPRESENTATION_CONTEXT() REPRESENTATION_CONTEXT('2D SPACE',''
  ) );
#9425 = ORIENTED_EDGE('',*,*,#9426,.F.);
#9426 = EDGE_CURVE('',#9220,#9404,#9427,.T.);
#9427 = SURFACE_CURVE('',#9428,(#9432,#9439),.PCURVE_S1.);
#9428 = LINE('',#9429,#9430);
#9429 = CARTESIAN_POINT('',(32.5,-6.1,-21.5));
#9430 = VECTOR('',#9431,1.);
#9431 = DIRECTION('',(-3.133961632046E-16,1.525119917445E-17,1.));
#9432 = PCURVE('',#8829,#9433);
#9433 = DEFINITIONAL_REPRESENTATION('',(#9434),#9438);
#9434 = LINE('',#9435,#9436);
#9435 = CARTESIAN_POINT('',(18.4,-4.7));
#9436 = VECTOR('',#9437,1.);
#9437 = DIRECTION('',(0.,1.));
#9438 = ( GEOMETRIC_REPRESENTATION_CONTEXT(2) 
PARAMETRIC_REPRESENTATION_CONTEXT() REPRESENTATION_CONTEXT('2D SPACE',''
  ) );
#9439 = PCURVE('',#9153,#9440);
#9440 = DEFINITIONAL_REPRESENTATION('',(#9441),#9445);
#9441 = LINE('',#9442,#9443);
#9442 = CARTESIAN_POINT('',(0.,12.2));
#9443 = VECTOR('',#9444,1.);
#9444 = DIRECTION('',(1.,0.));
#9445 = ( GEOMETRIC_REPRESENTATION_CONTEXT(2) 
PARAMETRIC_REPRESENTATION_CONTEXT() REPRESENTATION_CONTEXT('2D SPACE',''
  ) );
#9446 = ADVANCED_FACE('',(#9447),#8801,.F.);
#9447 = FACE_BOUND('',#9448,.F.);
#9448 = EDGE_LOOP('',(#9449,#9450,#9451,#9472));
#9449 = ORIENTED_EDGE('',*,*,#8785,.F.);
#9450 = ORIENTED_EDGE('',*,*,#8898,.T.);
#9451 = ORIENTED_EDGE('',*,*,#9452,.T.);
#9452 = EDGE_CURVE('',#8869,#9218,#9453,.T.);
#9453 = SURFACE_CURVE('',#9454,(#9458,#9465),.PCURVE_S1.);
#9454 = LINE('',#9455,#9456);
#9455 = CARTESIAN_POINT('',(14.1,6.1,6.));
#9456 = VECTOR('',#9457,1.);
#9457 = DIRECTION('',(3.358652526772E-18,-1.,1.525119917445E-17));
#9458 = PCURVE('',#8801,#9459);
#9459 = DEFINITIONAL_REPRESENTATION('',(#9460),#9464);
#9460 = LINE('',#9461,#9462);
#9461 = CARTESIAN_POINT('',(22.8,0.));
#9462 = VECTOR('',#9463,1.);
#9463 = DIRECTION('',(0.,1.));
#9464 = ( GEOMETRIC_REPRESENTATION_CONTEXT(2) 
PARAMETRIC_REPRESENTATION_CONTEXT() REPRESENTATION_CONTEXT('2D SPACE',''
  ) );
#9465 = PCURVE('',#8886,#9466);
#9466 = DEFINITIONAL_REPRESENTATION('',(#9467),#9471);
#9467 = LINE('',#9468,#9469);
#9468 = CARTESIAN_POINT('',(0.,0.));
#9469 = VECTOR('',#9470,1.);
#9470 = DIRECTION('',(0.,-1.));
#9471 = ( GEOMETRIC_REPRESENTATION_CONTEXT(2) 
PARAMETRIC_REPRESENTATION_CONTEXT() REPRESENTATION_CONTEXT('2D SPACE',''
  ) );
#9472 = ORIENTED_EDGE('',*,*,#9242,.F.);
#9473 = ADVANCED_FACE('',(#9474),#8886,.T.);
#9474 = FACE_BOUND('',#9475,.T.);
#9475 = EDGE_LOOP('',(#9476,#9477,#9478,#9479));
#9476 = ORIENTED_EDGE('',*,*,#8868,.F.);
#9477 = ORIENTED_EDGE('',*,*,#9452,.T.);
#9478 = ORIENTED_EDGE('',*,*,#9217,.T.);
#9479 = ORIENTED_EDGE('',*,*,#9480,.T.);
#9480 = EDGE_CURVE('',#9220,#8871,#9481,.T.);
#9481 = SURFACE_CURVE('',#9482,(#9486,#9492),.PCURVE_S1.);
#9482 = LINE('',#9483,#9484);
#9483 = CARTESIAN_POINT('',(32.5,6.1,6.));
#9484 = VECTOR('',#9485,1.);
#9485 = DIRECTION('',(-3.358652526772E-18,1.,-1.525119917445E-17));
#9486 = PCURVE('',#8886,#9487);
#9487 = DEFINITIONAL_REPRESENTATION('',(#9488),#9491);
#9488 = B_SPLINE_CURVE_WITH_KNOTS('',1,(#9489,#9490),.UNSPECIFIED.,.F.,
  .F.,(2,2),(-12.2,0.),.PIECEWISE_BEZIER_KNOTS.);
#9489 = CARTESIAN_POINT('',(18.4,-12.2));
#9490 = CARTESIAN_POINT('',(18.4,0.));
#9491 = ( GEOMETRIC_REPRESENTATION_CONTEXT(2) 
PARAMETRIC_REPRESENTATION_CONTEXT() REPRESENTATION_CONTEXT('2D SPACE',''
  ) );
#9492 = PCURVE('',#9153,#9493);
#9493 = DEFINITIONAL_REPRESENTATION('',(#9494),#9497);
#9494 = B_SPLINE_CURVE_WITH_KNOTS('',1,(#9495,#9496),.UNSPECIFIED.,.F.,
  .F.,(2,2),(-12.2,0.),.PIECEWISE_BEZIER_KNOTS.);
#9495 = CARTESIAN_POINT('',(27.5,12.2));
#9496 = CARTESIAN_POINT('',(27.5,0.));
#9497 = ( GEOMETRIC_REPRESENTATION_CONTEXT(2) 
PARAMETRIC_REPRESENTATION_CONTEXT() REPRESENTATION_CONTEXT('2D SPACE',''
  ) );
#9498 = ADVANCED_FACE('',(#9499),#8959,.F.);
#9499 = FACE_BOUND('',#9500,.F.);
#9500 = EDGE_LOOP('',(#9501,#9502,#9503,#9504));
#9501 = ORIENTED_EDGE('',*,*,#8943,.F.);
#9502 = ORIENTED_EDGE('',*,*,#9191,.T.);
#9503 = ORIENTED_EDGE('',*,*,#9265,.T.);
#9504 = ORIENTED_EDGE('',*,*,#9505,.F.);
#9505 = EDGE_CURVE('',#8944,#9266,#9506,.T.);
#9506 = SURFACE_CURVE('',#9507,(#9511,#9518),.PCURVE_S1.);
#9507 = LINE('',#9508,#9509);
#9508 = CARTESIAN_POINT('',(35.,6.1,-21.5));
#9509 = VECTOR('',#9510,1.);
#9510 = DIRECTION('',(3.358652526772E-18,-1.,1.525119917445E-17));
#9511 = PCURVE('',#8959,#9512);
#9512 = DEFINITIONAL_REPRESENTATION('',(#9513),#9517);
#9513 = LINE('',#9514,#9515);
#9514 = CARTESIAN_POINT('',(2.5,0.));
#9515 = VECTOR('',#9516,1.);
#9516 = DIRECTION('',(0.,-1.));
#9517 = ( GEOMETRIC_REPRESENTATION_CONTEXT(2) 
PARAMETRIC_REPRESENTATION_CONTEXT() REPRESENTATION_CONTEXT('2D SPACE',''
  ) );
#9518 = PCURVE('',#8987,#9519);
#9519 = DEFINITIONAL_REPRESENTATION('',(#9520),#9524);
#9520 = LINE('',#9521,#9522);
#9521 = CARTESIAN_POINT('',(0.,0.));
#9522 = VECTOR('',#9523,1.);
#9523 = DIRECTION('',(0.,1.));
#9524 = ( GEOMETRIC_REPRESENTATION_CONTEXT(2) 
PARAMETRIC_REPRESENTATION_CONTEXT() REPRESENTATION_CONTEXT('2D SPACE',''
  ) );
#9525 = ADVANCED_FACE('',(#9526),#8987,.T.);
#9526 = FACE_BOUND('',#9527,.T.);
#9527 = EDGE_LOOP('',(#9528,#9529,#9530,#9531));
#9528 = ORIENTED_EDGE('',*,*,#9288,.F.);
#9529 = ORIENTED_EDGE('',*,*,#9505,.F.);
#9530 = ORIENTED_EDGE('',*,*,#8971,.T.);
#9531 = ORIENTED_EDGE('',*,*,#9532,.F.);
#9532 = EDGE_CURVE('',#9289,#8972,#9533,.T.);
#9533 = SURFACE_CURVE('',#9534,(#9538,#9544),.PCURVE_S1.);
#9534 = LINE('',#9535,#9536);
#9535 = CARTESIAN_POINT('',(35.,6.1,-16.8));
#9536 = VECTOR('',#9537,1.);
#9537 = DIRECTION('',(-3.358652526772E-18,1.,-1.525119917445E-17));
#9538 = PCURVE('',#8987,#9539);
#9539 = DEFINITIONAL_REPRESENTATION('',(#9540),#9543);
#9540 = B_SPLINE_CURVE_WITH_KNOTS('',1,(#9541,#9542),.UNSPECIFIED.,.F.,
  .F.,(2,2),(-12.2,0.),.PIECEWISE_BEZIER_KNOTS.);
#9541 = CARTESIAN_POINT('',(4.7,12.2));
#9542 = CARTESIAN_POINT('',(4.7,0.));
#9543 = ( GEOMETRIC_REPRESENTATION_CONTEXT(2) 
PARAMETRIC_REPRESENTATION_CONTEXT() REPRESENTATION_CONTEXT('2D SPACE',''
  ) );
#9544 = PCURVE('',#9015,#9545);
#9545 = DEFINITIONAL_REPRESENTATION('',(#9546),#9549);
#9546 = B_SPLINE_CURVE_WITH_KNOTS('',1,(#9547,#9548),.UNSPECIFIED.,.F.,
  .F.,(2,2),(-12.2,0.),.PIECEWISE_BEZIER_KNOTS.);
#9547 = CARTESIAN_POINT('',(20.9,-12.2));
#9548 = CARTESIAN_POINT('',(20.9,0.));
#9549 = ( GEOMETRIC_REPRESENTATION_CONTEXT(2) 
PARAMETRIC_REPRESENTATION_CONTEXT() REPRESENTATION_CONTEXT('2D SPACE',''
  ) );
#9550 = ADVANCED_FACE('',(#9551),#9015,.F.);
#9551 = FACE_BOUND('',#9552,.F.);
#9552 = EDGE_LOOP('',(#9553,#9554,#9555,#9556));
#9553 = ORIENTED_EDGE('',*,*,#8999,.F.);
#9554 = ORIENTED_EDGE('',*,*,#9532,.F.);
#9555 = ORIENTED_EDGE('',*,*,#9311,.T.);
#9556 = ORIENTED_EDGE('',*,*,#9557,.F.);
#9557 = EDGE_CURVE('',#9000,#9312,#9558,.T.);
#9558 = SURFACE_CURVE('',#9559,(#9563,#9570),.PCURVE_S1.);
#9559 = LINE('',#9560,#9561);
#9560 = CARTESIAN_POINT('',(39.3,6.1,-16.8));
#9561 = VECTOR('',#9562,1.);
#9562 = DIRECTION('',(3.358652526772E-18,-1.,1.525119917445E-17));
#9563 = PCURVE('',#9015,#9564);
#9564 = DEFINITIONAL_REPRESENTATION('',(#9565),#9569);
#9565 = LINE('',#9566,#9567);
#9566 = CARTESIAN_POINT('',(25.2,0.));
#9567 = VECTOR('',#9568,1.);
#9568 = DIRECTION('',(0.,-1.));
#9569 = ( GEOMETRIC_REPRESENTATION_CONTEXT(2) 
PARAMETRIC_REPRESENTATION_CONTEXT() REPRESENTATION_CONTEXT('2D SPACE',''
  ) );
#9570 = PCURVE('',#9043,#9571);
#9571 = DEFINITIONAL_REPRESENTATION('',(#9572),#9576);
#9572 = LINE('',#9573,#9574);
#9573 = CARTESIAN_POINT('',(0.,0.));
#9574 = VECTOR('',#9575,1.);
#9575 = DIRECTION('',(0.,1.));
#9576 = ( GEOMETRIC_REPRESENTATION_CONTEXT(2) 
PARAMETRIC_REPRESENTATION_CONTEXT() REPRESENTATION_CONTEXT('2D SPACE',''
  ) );
#9577 = ADVANCED_FACE('',(#9578,#9604),#9043,.T.);
#9578 = FACE_BOUND('',#9579,.T.);
#9579 = EDGE_LOOP('',(#9580,#9581,#9582,#9603));
#9580 = ORIENTED_EDGE('',*,*,#9557,.F.);
#9581 = ORIENTED_EDGE('',*,*,#9027,.T.);
#9582 = ORIENTED_EDGE('',*,*,#9583,.T.);
#9583 = EDGE_CURVE('',#9028,#9335,#9584,.T.);
#9584 = SURFACE_CURVE('',#9585,(#9589,#9596),.PCURVE_S1.);
#9585 = LINE('',#9586,#9587);
#9586 = CARTESIAN_POINT('',(39.3,6.1,6.));
#9587 = VECTOR('',#9588,1.);
#9588 = DIRECTION('',(3.358652526772E-18,-1.,1.525119917445E-17));
#9589 = PCURVE('',#9043,#9590);
#9590 = DEFINITIONAL_REPRESENTATION('',(#9591),#9595);
#9591 = LINE('',#9592,#9593);
#9592 = CARTESIAN_POINT('',(22.8,0.));
#9593 = VECTOR('',#9594,1.);
#9594 = DIRECTION('',(0.,1.));
#9595 = ( GEOMETRIC_REPRESENTATION_CONTEXT(2) 
PARAMETRIC_REPRESENTATION_CONTEXT() REPRESENTATION_CONTEXT('2D SPACE',''
  ) );
#9596 = PCURVE('',#9071,#9597);
#9597 = DEFINITIONAL_REPRESENTATION('',(#9598),#9602);
#9598 = LINE('',#9599,#9600);
#9599 = CARTESIAN_POINT('',(25.2,0.));
#9600 = VECTOR('',#9601,1.);
#9601 = DIRECTION('',(0.,-1.));
#9602 = ( GEOMETRIC_REPRESENTATION_CONTEXT(2) 
PARAMETRIC_REPRESENTATION_CONTEXT() REPRESENTATION_CONTEXT('2D SPACE',''
  ) );
#9603 = ORIENTED_EDGE('',*,*,#9334,.F.);
#9604 = FACE_BOUND('',#9605,.T.);
#9605 = EDGE_LOOP('',(#9606));
#9606 = ORIENTED_EDGE('',*,*,#9607,.F.);
#9607 = EDGE_CURVE('',#9608,#9608,#9610,.T.);
#9608 = VERTEX_POINT('',#9609);
#9609 = CARTESIAN_POINT('',(39.3,1.077852138847E-16,5.75));
#9610 = SURFACE_CURVE('',#9611,(#9616,#9623),.PCURVE_S1.);
#9611 = CIRCLE('',#9612,5.75);
#9612 = AXIS2_PLACEMENT_3D('',#9613,#9614,#9615);
#9613 = CARTESIAN_POINT('',(39.3,2.009081863161E-17,-2.707410592862E-14)
  );
#9614 = DIRECTION('',(1.,3.358652526772E-18,3.133961632046E-16));
#9615 = DIRECTION('',(-3.133961632046E-16,1.525119917445E-17,1.));
#9616 = PCURVE('',#9043,#9617);
#9617 = DEFINITIONAL_REPRESENTATION('',(#9618),#9622);
#9618 = CIRCLE('',#9619,5.75);
#9619 = AXIS2_PLACEMENT_2D('',#9620,#9621);
#9620 = CARTESIAN_POINT('',(16.8,6.1));
#9621 = DIRECTION('',(1.,0.));
#9622 = ( GEOMETRIC_REPRESENTATION_CONTEXT(2) 
PARAMETRIC_REPRESENTATION_CONTEXT() REPRESENTATION_CONTEXT('2D SPACE',''
  ) );
#9623 = PCURVE('',#9624,#9629);
#9624 = CYLINDRICAL_SURFACE('',#9625,5.75);
#9625 = AXIS2_PLACEMENT_3D('',#9626,#9627,#9628);
#9626 = CARTESIAN_POINT('',(39.3,2.009081863161E-17,-2.707410592862E-14)
  );
#9627 = DIRECTION('',(-1.,-3.358652526772E-18,-3.133961632046E-16));
#9628 = DIRECTION('',(-3.133961632046E-16,1.525119917445E-17,1.));
#9629 = DEFINITIONAL_REPRESENTATION('',(#9630),#9634);
#9630 = LINE('',#9631,#9632);
#9631 = CARTESIAN_POINT('',(-0.,0.));
#9632 = VECTOR('',#9633,1.);
#9633 = DIRECTION('',(-1.,0.));
#9634 = ( GEOMETRIC_REPRESENTATION_CONTEXT(2) 
PARAMETRIC_REPRESENTATION_CONTEXT() REPRESENTATION_CONTEXT('2D SPACE',''
  ) );
#9635 = ADVANCED_FACE('',(#9636),#9071,.T.);
#9636 = FACE_BOUND('',#9637,.T.);
#9637 = EDGE_LOOP('',(#9638,#9639,#9658,#9659));
#9638 = ORIENTED_EDGE('',*,*,#9055,.F.);
#9639 = ORIENTED_EDGE('',*,*,#9640,.F.);
#9640 = EDGE_CURVE('',#9358,#9056,#9641,.T.);
#9641 = SURFACE_CURVE('',#9642,(#9646,#9652),.PCURVE_S1.);
#9642 = LINE('',#9643,#9644);
#9643 = CARTESIAN_POINT('',(35.,6.1,6.));
#9644 = VECTOR('',#9645,1.);
#9645 = DIRECTION('',(-3.358652526772E-18,1.,-1.525119917445E-17));
#9646 = PCURVE('',#9071,#9647);
#9647 = DEFINITIONAL_REPRESENTATION('',(#9648),#9651);
#9648 = B_SPLINE_CURVE_WITH_KNOTS('',1,(#9649,#9650),.UNSPECIFIED.,.F.,
  .F.,(2,2),(-12.2,0.),.PIECEWISE_BEZIER_KNOTS.);
#9649 = CARTESIAN_POINT('',(20.9,-12.2));
#9650 = CARTESIAN_POINT('',(20.9,0.));
#9651 = ( GEOMETRIC_REPRESENTATION_CONTEXT(2) 
PARAMETRIC_REPRESENTATION_CONTEXT() REPRESENTATION_CONTEXT('2D SPACE',''
  ) );
#9652 = PCURVE('',#9099,#9653);
#9653 = DEFINITIONAL_REPRESENTATION('',(#9654),#9657);
#9654 = B_SPLINE_CURVE_WITH_KNOTS('',1,(#9655,#9656),.UNSPECIFIED.,.F.,
  .F.,(2,2),(-12.2,0.),.PIECEWISE_BEZIER_KNOTS.);
#9655 = CARTESIAN_POINT('',(27.5,12.2));
#9656 = CARTESIAN_POINT('',(27.5,0.));
#9657 = ( GEOMETRIC_REPRESENTATION_CONTEXT(2) 
PARAMETRIC_REPRESENTATION_CONTEXT() REPRESENTATION_CONTEXT('2D SPACE',''
  ) );
#9658 = ORIENTED_EDGE('',*,*,#9357,.T.);
#9659 = ORIENTED_EDGE('',*,*,#9583,.F.);
#9660 = ADVANCED_FACE('',(#9661),#9099,.T.);
#9661 = FACE_BOUND('',#9662,.T.);
#9662 = EDGE_LOOP('',(#9663,#9664,#9665,#9666));
#9663 = ORIENTED_EDGE('',*,*,#9380,.F.);
#9664 = ORIENTED_EDGE('',*,*,#9640,.T.);
#9665 = ORIENTED_EDGE('',*,*,#9083,.T.);
#9666 = ORIENTED_EDGE('',*,*,#9667,.T.);
#9667 = EDGE_CURVE('',#9084,#9381,#9668,.T.);
#9668 = SURFACE_CURVE('',#9669,(#9673,#9680),.PCURVE_S1.);
#9669 = LINE('',#9670,#9671);
#9670 = CARTESIAN_POINT('',(35.,6.1,10.7));
#9671 = VECTOR('',#9672,1.);
#9672 = DIRECTION('',(3.358652526772E-18,-1.,1.525119917445E-17));
#9673 = PCURVE('',#9099,#9674);
#9674 = DEFINITIONAL_REPRESENTATION('',(#9675),#9679);
#9675 = LINE('',#9676,#9677);
#9676 = CARTESIAN_POINT('',(32.2,0.));
#9677 = VECTOR('',#9678,1.);
#9678 = DIRECTION('',(0.,1.));
#9679 = ( GEOMETRIC_REPRESENTATION_CONTEXT(2) 
PARAMETRIC_REPRESENTATION_CONTEXT() REPRESENTATION_CONTEXT('2D SPACE',''
  ) );
#9680 = PCURVE('',#9127,#9681);
#9681 = DEFINITIONAL_REPRESENTATION('',(#9682),#9686);
#9682 = LINE('',#9683,#9684);
#9683 = CARTESIAN_POINT('',(2.5,0.));
#9684 = VECTOR('',#9685,1.);
#9685 = DIRECTION('',(0.,-1.));
#9686 = ( GEOMETRIC_REPRESENTATION_CONTEXT(2) 
PARAMETRIC_REPRESENTATION_CONTEXT() REPRESENTATION_CONTEXT('2D SPACE',''
  ) );
#9687 = ADVANCED_FACE('',(#9688),#9127,.T.);
#9688 = FACE_BOUND('',#9689,.T.);
#9689 = EDGE_LOOP('',(#9690,#9691,#9712,#9713));
#9690 = ORIENTED_EDGE('',*,*,#9111,.F.);
#9691 = ORIENTED_EDGE('',*,*,#9692,.T.);
#9692 = EDGE_CURVE('',#9112,#9404,#9693,.T.);
#9693 = SURFACE_CURVE('',#9694,(#9698,#9705),.PCURVE_S1.);
#9694 = LINE('',#9695,#9696);
#9695 = CARTESIAN_POINT('',(32.5,6.1,10.7));
#9696 = VECTOR('',#9697,1.);
#9697 = DIRECTION('',(3.358652526772E-18,-1.,1.525119917445E-17));
#9698 = PCURVE('',#9127,#9699);
#9699 = DEFINITIONAL_REPRESENTATION('',(#9700),#9704);
#9700 = LINE('',#9701,#9702);
#9701 = CARTESIAN_POINT('',(0.,0.));
#9702 = VECTOR('',#9703,1.);
#9703 = DIRECTION('',(0.,-1.));
#9704 = ( GEOMETRIC_REPRESENTATION_CONTEXT(2) 
PARAMETRIC_REPRESENTATION_CONTEXT() REPRESENTATION_CONTEXT('2D SPACE',''
  ) );
#9705 = PCURVE('',#9153,#9706);
#9706 = DEFINITIONAL_REPRESENTATION('',(#9707),#9711);
#9707 = LINE('',#9708,#9709);
#9708 = CARTESIAN_POINT('',(32.2,0.));
#9709 = VECTOR('',#9710,1.);
#9710 = DIRECTION('',(0.,1.));
#9711 = ( GEOMETRIC_REPRESENTATION_CONTEXT(2) 
PARAMETRIC_REPRESENTATION_CONTEXT() REPRESENTATION_CONTEXT('2D SPACE',''
  ) );
#9712 = ORIENTED_EDGE('',*,*,#9403,.T.);
#9713 = ORIENTED_EDGE('',*,*,#9667,.F.);
#9714 = ADVANCED_FACE('',(#9715),#9153,.F.);
#9715 = FACE_BOUND('',#9716,.F.);
#9716 = EDGE_LOOP('',(#9717,#9718,#9719,#9720));
#9717 = ORIENTED_EDGE('',*,*,#9426,.F.);
#9718 = ORIENTED_EDGE('',*,*,#9480,.T.);
#9719 = ORIENTED_EDGE('',*,*,#9139,.T.);
#9720 = ORIENTED_EDGE('',*,*,#9692,.T.);
#9721 = ADVANCED_FACE('',(#9722),#9624,.T.);
#9722 = FACE_BOUND('',#9723,.F.);
#9723 = EDGE_LOOP('',(#9724,#9747,#9774,#9775));
#9724 = ORIENTED_EDGE('',*,*,#9725,.T.);
#9725 = EDGE_CURVE('',#9608,#9726,#9728,.T.);
#9726 = VERTEX_POINT('',#9727);
#9727 = CARTESIAN_POINT('',(40.8,1.128231926749E-16,5.75));
#9728 = SEAM_CURVE('',#9729,(#9733,#9740),.PCURVE_S1.);
#9729 = LINE('',#9730,#9731);
#9730 = CARTESIAN_POINT('',(39.3,1.077852138847E-16,5.75));
#9731 = VECTOR('',#9732,1.);
#9732 = DIRECTION('',(1.,3.358652526772E-18,3.133961632046E-16));
#9733 = PCURVE('',#9624,#9734);
#9734 = DEFINITIONAL_REPRESENTATION('',(#9735),#9739);
#9735 = LINE('',#9736,#9737);
#9736 = CARTESIAN_POINT('',(-0.,0.));
#9737 = VECTOR('',#9738,1.);
#9738 = DIRECTION('',(-0.,-1.));
#9739 = ( GEOMETRIC_REPRESENTATION_CONTEXT(2) 
PARAMETRIC_REPRESENTATION_CONTEXT() REPRESENTATION_CONTEXT('2D SPACE',''
  ) );
#9740 = PCURVE('',#9624,#9741);
#9741 = DEFINITIONAL_REPRESENTATION('',(#9742),#9746);
#9742 = LINE('',#9743,#9744);
#9743 = CARTESIAN_POINT('',(-6.28318530718,0.));
#9744 = VECTOR('',#9745,1.);
#9745 = DIRECTION('',(-0.,-1.));
#9746 = ( GEOMETRIC_REPRESENTATION_CONTEXT(2) 
PARAMETRIC_REPRESENTATION_CONTEXT() REPRESENTATION_CONTEXT('2D SPACE',''
  ) );
#9747 = ORIENTED_EDGE('',*,*,#9748,.T.);
#9748 = EDGE_CURVE('',#9726,#9726,#9749,.T.);
#9749 = SURFACE_CURVE('',#9750,(#9755,#9762),.PCURVE_S1.);
#9750 = CIRCLE('',#9751,5.75);
#9751 = AXIS2_PLACEMENT_3D('',#9752,#9753,#9754);
#9752 = CARTESIAN_POINT('',(40.8,2.512879742177E-17,-2.660401168382E-14)
  );
#9753 = DIRECTION('',(1.,3.358652526772E-18,3.133961632046E-16));
#9754 = DIRECTION('',(-3.133961632046E-16,1.525119917445E-17,1.));
#9755 = PCURVE('',#9624,#9756);
#9756 = DEFINITIONAL_REPRESENTATION('',(#9757),#9761);
#9757 = LINE('',#9758,#9759);
#9758 = CARTESIAN_POINT('',(-0.,-1.5));
#9759 = VECTOR('',#9760,1.);
#9760 = DIRECTION('',(-1.,0.));
#9761 = ( GEOMETRIC_REPRESENTATION_CONTEXT(2) 
PARAMETRIC_REPRESENTATION_CONTEXT() REPRESENTATION_CONTEXT('2D SPACE',''
  ) );
#9762 = PCURVE('',#9763,#9768);
#9763 = PLANE('',#9764);
#9764 = AXIS2_PLACEMENT_3D('',#9765,#9766,#9767);
#9765 = CARTESIAN_POINT('',(40.8,-4.535942584144E-16,-2.696073519665E-14
    ));
#9766 = DIRECTION('',(1.,3.358652526772E-18,3.133961632046E-16));
#9767 = DIRECTION('',(-3.133961632046E-16,1.525119917445E-17,1.));
#9768 = DEFINITIONAL_REPRESENTATION('',(#9769),#9773);
#9769 = CIRCLE('',#9770,5.75);
#9770 = AXIS2_PLACEMENT_2D('',#9771,#9772);
#9771 = CARTESIAN_POINT('',(3.567235128364E-16,-4.787230558362E-16));
#9772 = DIRECTION('',(1.,0.));
#9773 = ( GEOMETRIC_REPRESENTATION_CONTEXT(2) 
PARAMETRIC_REPRESENTATION_CONTEXT() REPRESENTATION_CONTEXT('2D SPACE',''
  ) );
#9774 = ORIENTED_EDGE('',*,*,#9725,.F.);
#9775 = ORIENTED_EDGE('',*,*,#9607,.F.);
#9776 = ADVANCED_FACE('',(#9777,#9780),#9763,.T.);
#9777 = FACE_BOUND('',#9778,.T.);
#9778 = EDGE_LOOP('',(#9779));
#9779 = ORIENTED_EDGE('',*,*,#9748,.T.);
#9780 = FACE_BOUND('',#9781,.T.);
#9781 = EDGE_LOOP('',(#9782));
#9782 = ORIENTED_EDGE('',*,*,#9783,.T.);
#9783 = EDGE_CURVE('',#9784,#9784,#9786,.T.);
#9784 = VERTEX_POINT('',#9785);
#9785 = CARTESIAN_POINT('',(40.8,6.173167544046E-17,2.4));
#9786 = SURFACE_CURVE('',#9787,(#9792,#9803),.PCURVE_S1.);
#9787 = CIRCLE('',#9788,2.4);
#9788 = AXIS2_PLACEMENT_3D('',#9789,#9790,#9791);
#9789 = CARTESIAN_POINT('',(40.8,2.512879742177E-17,-2.660401168382E-14)
  );
#9790 = DIRECTION('',(-1.,-3.358652526772E-18,-3.133961632046E-16));
#9791 = DIRECTION('',(-3.133961632046E-16,1.525119917445E-17,1.));
#9792 = PCURVE('',#9763,#9793);
#9793 = DEFINITIONAL_REPRESENTATION('',(#9794),#9802);
#9794 = ( BOUNDED_CURVE() B_SPLINE_CURVE(2,(#9795,#9796,#9797,#9798,
#9799,#9800,#9801),.UNSPECIFIED.,.T.,.F.) B_SPLINE_CURVE_WITH_KNOTS((1,2
    ,2,2,2,1),(-2.094395102393,0.,2.094395102393,4.188790204786,
6.28318530718,8.377580409573),.UNSPECIFIED.) CURVE() 
GEOMETRIC_REPRESENTATION_ITEM() RATIONAL_B_SPLINE_CURVE((1.,0.5,1.,0.5,
1.,0.5,1.)) REPRESENTATION_ITEM('') );
#9795 = CARTESIAN_POINT('',(2.4,-4.787230558362E-16));
#9796 = CARTESIAN_POINT('',(2.4,-4.156921938165));
#9797 = CARTESIAN_POINT('',(-1.2,-2.078460969083));
#9798 = CARTESIAN_POINT('',(-4.8,-1.066553519427E-15));
#9799 = CARTESIAN_POINT('',(-1.2,2.078460969083));
#9800 = CARTESIAN_POINT('',(2.4,4.156921938165));
#9801 = CARTESIAN_POINT('',(2.4,-4.787230558362E-16));
#9802 = ( GEOMETRIC_REPRESENTATION_CONTEXT(2) 
PARAMETRIC_REPRESENTATION_CONTEXT() REPRESENTATION_CONTEXT('2D SPACE',''
  ) );
#9803 = PCURVE('',#9804,#9809);
#9804 = CYLINDRICAL_SURFACE('',#9805,2.4);
#9805 = AXIS2_PLACEMENT_3D('',#9806,#9807,#9808);
#9806 = CARTESIAN_POINT('',(39.3,2.009081863161E-17,-2.707410592862E-14)
  );
#9807 = DIRECTION('',(-1.,-3.358652526772E-18,-3.133961632046E-16));
#9808 = DIRECTION('',(-3.133961632046E-16,1.525119917445E-17,1.));
#9809 = DEFINITIONAL_REPRESENTATION('',(#9810),#9814);
#9810 = LINE('',#9811,#9812);
#9811 = CARTESIAN_POINT('',(-6.28318530718,-1.5));
#9812 = VECTOR('',#9813,1.);
#9813 = DIRECTION('',(1.,-0.));
#9814 = ( GEOMETRIC_REPRESENTATION_CONTEXT(2) 
PARAMETRIC_REPRESENTATION_CONTEXT() REPRESENTATION_CONTEXT('2D SPACE',''
  ) );
#9815 = ADVANCED_FACE('',(#9816),#9804,.T.);
#9816 = FACE_BOUND('',#9817,.F.);
#9817 = EDGE_LOOP('',(#9818,#9819,#9842,#9869));
#9818 = ORIENTED_EDGE('',*,*,#9783,.T.);
#9819 = ORIENTED_EDGE('',*,*,#9820,.T.);
#9820 = EDGE_CURVE('',#9784,#9821,#9823,.T.);
#9821 = VERTEX_POINT('',#9822);
#9822 = CARTESIAN_POINT('',(44.,7.247936352613E-17,2.4));
#9823 = SEAM_CURVE('',#9824,(#9828,#9835),.PCURVE_S1.);
#9824 = LINE('',#9825,#9826);
#9825 = CARTESIAN_POINT('',(39.3,5.66936966503E-17,2.4));
#9826 = VECTOR('',#9827,1.);
#9827 = DIRECTION('',(1.,3.358652526772E-18,3.133961632046E-16));
#9828 = PCURVE('',#9804,#9829);
#9829 = DEFINITIONAL_REPRESENTATION('',(#9830),#9834);
#9830 = LINE('',#9831,#9832);
#9831 = CARTESIAN_POINT('',(-6.28318530718,0.));
#9832 = VECTOR('',#9833,1.);
#9833 = DIRECTION('',(-0.,-1.));
#9834 = ( GEOMETRIC_REPRESENTATION_CONTEXT(2) 
PARAMETRIC_REPRESENTATION_CONTEXT() REPRESENTATION_CONTEXT('2D SPACE',''
  ) );
#9835 = PCURVE('',#9804,#9836);
#9836 = DEFINITIONAL_REPRESENTATION('',(#9837),#9841);
#9837 = LINE('',#9838,#9839);
#9838 = CARTESIAN_POINT('',(-0.,0.));
#9839 = VECTOR('',#9840,1.);
#9840 = DIRECTION('',(-0.,-1.));
#9841 = ( GEOMETRIC_REPRESENTATION_CONTEXT(2) 
PARAMETRIC_REPRESENTATION_CONTEXT() REPRESENTATION_CONTEXT('2D SPACE',''
  ) );
#9842 = ORIENTED_EDGE('',*,*,#9843,.T.);
#9843 = EDGE_CURVE('',#9821,#9821,#9844,.T.);
#9844 = SURFACE_CURVE('',#9845,(#9850,#9857),.PCURVE_S1.);
#9845 = CIRCLE('',#9846,2.4);
#9846 = AXIS2_PLACEMENT_3D('',#9847,#9848,#9849);
#9847 = CARTESIAN_POINT('',(44.,3.587648550744E-17,-2.560114396156E-14)
  );
#9848 = DIRECTION('',(1.,3.358652526772E-18,3.133961632046E-16));
#9849 = DIRECTION('',(-3.133961632046E-16,1.525119917445E-17,1.));
#9850 = PCURVE('',#9804,#9851);
#9851 = DEFINITIONAL_REPRESENTATION('',(#9852),#9856);
#9852 = LINE('',#9853,#9854);
#9853 = CARTESIAN_POINT('',(-0.,-4.7));
#9854 = VECTOR('',#9855,1.);
#9855 = DIRECTION('',(-1.,0.));
#9856 = ( GEOMETRIC_REPRESENTATION_CONTEXT(2) 
PARAMETRIC_REPRESENTATION_CONTEXT() REPRESENTATION_CONTEXT('2D SPACE',''
  ) );
#9857 = PCURVE('',#9858,#9863);
#9858 = PLANE('',#9859);
#9859 = AXIS2_PLACEMENT_3D('',#9860,#9861,#9862);
#9860 = CARTESIAN_POINT('',(44.,-8.593451033626E-18,-2.588602732251E-14)
  );
#9861 = DIRECTION('',(1.,3.358652526772E-18,3.133961632046E-16));
#9862 = DIRECTION('',(-3.133961632046E-16,1.525119917445E-17,1.));
#9863 = DEFINITIONAL_REPRESENTATION('',(#9864),#9868);
#9864 = CIRCLE('',#9865,2.4);
#9865 = AXIS2_PLACEMENT_2D('',#9866,#9867);
#9866 = CARTESIAN_POINT('',(2.848833609457E-16,-4.446993654107E-17));
#9867 = DIRECTION('',(1.,0.));
#9868 = ( GEOMETRIC_REPRESENTATION_CONTEXT(2) 
PARAMETRIC_REPRESENTATION_CONTEXT() REPRESENTATION_CONTEXT('2D SPACE',''
  ) );
#9869 = ORIENTED_EDGE('',*,*,#9820,.F.);
#9870 = ADVANCED_FACE('',(#9871),#9858,.T.);
#9871 = FACE_BOUND('',#9872,.T.);
#9872 = EDGE_LOOP('',(#9873));
#9873 = ORIENTED_EDGE('',*,*,#9843,.T.);
#9874 = ( GEOMETRIC_REPRESENTATION_CONTEXT(3) 
GLOBAL_UNCERTAINTY_ASSIGNED_CONTEXT((#9878)) 
GLOBAL_UNIT_ASSIGNED_CONTEXT((#9875,#9876,#9877)) REPRESENTATION_CONTEXT
('Context #1','3D Context with UNIT and UNCERTAINTY') );
#9875 = ( LENGTH_UNIT() NAMED_UNIT(*) SI_UNIT(.MILLI.,.METRE.) );
#9876 = ( NAMED_UNIT(*) PLANE_ANGLE_UNIT() SI_UNIT($,.RADIAN.) );
#9877 = ( NAMED_UNIT(*) SI_UNIT($,.STERADIAN.) SOLID_ANGLE_UNIT() );
#9878 = UNCERTAINTY_MEASURE_WITH_UNIT(LENGTH_MEASURE(1.E-07),#9875,
  'distance_accuracy_value','confusion accuracy');
#9879 = CONTEXT_DEPENDENT_SHAPE_REPRESENTATION(#9880,#9882);
#9880 = ( REPRESENTATION_RELATIONSHIP('','',#8743,#10) 
REPRESENTATION_RELATIONSHIP_WITH_TRANSFORMATION(#9881) 
SHAPE_REPRESENTATION_RELATIONSHIP() );
#9881 = ITEM_DEFINED_TRANSFORMATION('','',#11,#31);
#9882 = PRODUCT_DEFINITION_SHAPE('Placement','Placement of an item',
  #9883);
#9883 = NEXT_ASSEMBLY_USAGE_OCCURRENCE('36','MG90S_vrashenie','',#5,
  #8738,$);
#9884 = PRODUCT_RELATED_PRODUCT_CATEGORY('part',$,(#8740));
#9885 = MECHANICAL_DESIGN_GEOMETRIC_PRESENTATION_REPRESENTATION('',(
    #9886),#2701);
#9886 = STYLED_ITEM('color',(#9887),#49);
#9887 = PRESENTATION_STYLE_ASSIGNMENT((#9888));
#9888 = SURFACE_STYLE_USAGE(.BOTH.,#9889);
#9889 = SURFACE_SIDE_STYLE('',(#9890,#9894));
#9890 = SURFACE_STYLE_FILL_AREA(#9891);
#9891 = FILL_AREA_STYLE('',(#9892));
#9892 = FILL_AREA_STYLE_COLOUR('',#9893);
#9893 = COLOUR_RGB('',0.250000000672,0.580000000354,1.);
#9894 = SURFACE_STYLE_RENDERING_WITH_PROPERTIES(.NORMAL_SHADING.,#9893,(
    #9895));
#9895 = SURFACE_STYLE_TRANSPARENT(0.149999976158);
#9896 = MECHANICAL_DESIGN_GEOMETRIC_PRESENTATION_REPRESENTATION('',(
    #9897),#8725);
#9897 = STYLED_ITEM('color',(#9898),#7936);
#9898 = PRESENTATION_STYLE_ASSIGNMENT((#9899));
#9899 = SURFACE_STYLE_USAGE(.BOTH.,#9900);
#9900 = SURFACE_SIDE_STYLE('',(#9901));
#9901 = SURFACE_STYLE_FILL_AREA(#9902);
#9902 = FILL_AREA_STYLE('',(#9903));
#9903 = FILL_AREA_STYLE_COLOUR('',#9904);
#9904 = COLOUR_RGB('',0.920000012397,0.920000012397,0.920000012397);
#9905 = MECHANICAL_DESIGN_GEOMETRIC_PRESENTATION_REPRESENTATION('',(
    #9906),#7917);
#9906 = STYLED_ITEM('color',(#9907),#4103);
#9907 = PRESENTATION_STYLE_ASSIGNMENT((#9908));
#9908 = SURFACE_STYLE_USAGE(.BOTH.,#9909);
#9909 = SURFACE_SIDE_STYLE('',(#9910,#9913));
#9910 = SURFACE_STYLE_FILL_AREA(#9911);
#9911 = FILL_AREA_STYLE('',(#9912));
#9912 = FILL_AREA_STYLE_COLOUR('',#9893);
#9913 = SURFACE_STYLE_RENDERING_WITH_PROPERTIES(.NORMAL_SHADING.,#9893,(
    #9914));
#9914 = SURFACE_STYLE_TRANSPARENT(0.149999976158);
#9915 = MECHANICAL_DESIGN_GEOMETRIC_PRESENTATION_REPRESENTATION('',(
    #9916),#9874);
#9916 = STYLED_ITEM('color',(#9917),#8744);
#9917 = PRESENTATION_STYLE_ASSIGNMENT((#9918));
#9918 = SURFACE_STYLE_USAGE(.BOTH.,#9919);
#9919 = SURFACE_SIDE_STYLE('',(#9920));
#9920 = SURFACE_STYLE_FILL_AREA(#9921);
#9921 = FILL_AREA_STYLE('',(#9922));
#9922 = FILL_AREA_STYLE_COLOUR('',#9923);
#9923 = COLOUR_RGB('',9.999999991362E-02,9.999999991362E-02,
  0.120000001395);
#9924 = MECHANICAL_DESIGN_GEOMETRIC_PRESENTATION_REPRESENTATION('',(
    #9925),#4084);
#9925 = STYLED_ITEM('color',(#9926),#2720);
#9926 = PRESENTATION_STYLE_ASSIGNMENT((#9927));
#9927 = SURFACE_STYLE_USAGE(.BOTH.,#9928);
#9928 = SURFACE_SIDE_STYLE('',(#9929,#9932));
#9929 = SURFACE_STYLE_FILL_AREA(#9930);
#9930 = FILL_AREA_STYLE('',(#9931));
#9931 = FILL_AREA_STYLE_COLOUR('',#9893);
#9932 = SURFACE_STYLE_RENDERING_WITH_PROPERTIES(.NORMAL_SHADING.,#9893,(
    #9933));
#9933 = SURFACE_STYLE_TRANSPARENT(0.149999976158);
ENDSEC;
END-ISO-10303-21;
