  0
SECTION
  2
HEADER
  9
$ACADVER
  1
AC1027
  9
$ACADMAINTVER
 70
105
  9
$DWGCODEPAGE
  3
ANSI_1252
  9
$LASTSAVEDBY
  1
ezdxf
  9
$REQUIREDVERSIONS
160
0
  9
$INSBASE
 10
0.0
 20
0.0
 30
0.0
  9
$EXTMIN
 10
1e+20
 20
1e+20
 30
1e+20
  9
$EXTMAX
 10
-1e+20
 20
-1e+20
 30
-1e+20
  9
$LIMMIN
 10
0.0
 20
0.0
  9
$LIMMAX
 10
420.0
 20
297.0
  9
$ORTHOMODE
 70
0
  9
$REGENMODE
 70
1
  9
$FILLMODE
 70
1
  9
$QTEXTMODE
 70
0
  9
$MIRRTEXT
 70
1
  9
$LTSCALE
 40
1.0
  9
$ATTMODE
 70
1
  9
$TEXTSIZE
 40
2.5
  9
$TRACEWID
 40
1.0
  9
$TEXTSTYLE
  7
Standard
  9
$CLAYER
  8
0
  9
$CELTYPE
  6
ByLayer
  9
$CECOLOR
 62
256
  9
$CELTSCALE
 40
1.0
  9
$DISPSILH
 70
0
  9
$DIMSCALE
 40
1.0
  9
$DIMASZ
 40
2.5
  9
$DIMEXO
 40
0.625
  9
$DIMDLI
 40
3.75
  9
$DIMRND
 40
0.0
  9
$DIMDLE
 40
0.0
  9
$DIMEXE
 40
1.25
  9
$DIMTP
 40
0.0
  9
$DIMTM
 40
0.0
  9
$DIMTXT
 40
2.5
  9
$DIMCEN
 40
2.5
  9
$DIMTSZ
 40
0.0
  9
$DIMTOL
 70
0
  9
$DIMLIM
 70
0
  9
$DIMTIH
 70
0
  9
$DIMTOH
 70
0
  9
$DIMSE1
 70
0
  9
$DIMSE2
 70
0
  9
$DIMTAD
 70
1
  9
$DIMZIN
 70
8
  9
$DIMBLK
  1

  9
$DIMASO
 70
1
  9
$DIMSHO
 70
1
  9
$DIMPOST
  1

  9
$DIMAPOST
  1

  9
$DIMALT
 70
0
  9
$DIMALTD
 70
3
  9
$DIMALTF
 40
0.03937007874
  9
$DIMLFAC
 40
1.0
  9
$DIMTOFL
 70
1
  9
$DIMTVP
 40
0.0
  9
$DIMTIX
 70
0
  9
$DIMSOXD
 70
0
  9
$DIMSAH
 70
0
  9
$DIMBLK1
  1

  9
$DIMBLK2
  1

  9
$DIMSTYLE
  2
ISO-25
  9
$DIMCLRD
 70
0
  9
$DIMCLRE
 70
0
  9
$DIMCLRT
 70
0
  9
$DIMTFAC
 40
1.0
  9
$DIMGAP
 40
0.625
  9
$DIMJUST
 70
0
  9
$DIMSD1
 70
0
  9
$DIMSD2
 70
0
  9
$DIMTOLJ
 70
0
  9
$DIMTZIN
 70
8
  9
$DIMALTZ
 70
0
  9
$DIMALTTZ
 70
0
  9
$DIMUPT
 70
0
  9
$DIMDEC
 70
2
  9
$DIMTDEC
 70
2
  9
$DIMALTU
 70
2
  9
$DIMALTTD
 70
3
  9
$DIMTXSTY
  7
Standard
  9
$DIMAUNIT
 70
0
  9
$DIMADEC
 70
0
  9
$DIMALTRND
 40
0.0
  9
$DIMAZIN
 70
0
  9
$DIMDSEP
 70
44
  9
$DIMATFIT
 70
3
  9
$DIMFRAC
 70
0
  9
$DIMLDRBLK
  1

  9
$DIMLUNIT
 70
2
  9
$DIMLWD
 70
-2
  9
$DIMLWE
 70
-2
  9
$DIMTMOVE
 70
0
  9
$DIMFXL
 40
1.0
  9
$DIMFXLON
 70
0
  9
$DIMJOGANG
 40
0.785398163397
  9
$DIMTFILL
 70
0
  9
$DIMTFILLCLR
 70
0
  9
$DIMARCSYM
 70
0
  9
$DIMLTYPE
  6

  9
$DIMLTEX1
  6

  9
$DIMLTEX2
  6

  9
$DIMTXTDIRECTION
 70
0
  9
$LUNITS
 70
2
  9
$LUPREC
 70
4
  9
$SKETCHINC
 40
1.0
  9
$FILLETRAD
 40
10.0
  9
$AUNITS
 70
0
  9
$AUPREC
 70
2
  9
$MENU
  1
.
  9
$ELEVATION
 40
0.0
  9
$PELEVATION
 40
0.0
  9
$THICKNESS
 40
0.0
  9
$LIMCHECK
 70
0
  9
$CHAMFERA
 40
0.0
  9
$CHAMFERB
 40
0.0
  9
$CHAMFERC
 40
0.0
  9
$CHAMFERD
 40
0.0
  9
$SKPOLY
 70
0
  9
$TDCREATE
 40
2461309.839710648
  9
$TDUCREATE
 40
2458532.153996898
  9
$TDUPDATE
 40
2461309.839722222
  9
$TDUUPDATE
 40
2458532.1544311
  9
$TDINDWG
 40
0.0
  9
$TDUSRTIMER
 40
0.0
  9
$USRTIMER
 70
1
  9
$ANGBASE
 50
0.0
  9
$ANGDIR
 70
0
  9
$PDMODE
 70
0
  9
$PDSIZE
 40
0.0
  9
$PLINEWID
 40
0.0
  9
$SPLFRAME
 70
0
  9
$SPLINETYPE
 70
6
  9
$SPLINESEGS
 70
8
  9
$HANDSEED
  5
754
  9
$SURFTAB1
 70
6
  9
$SURFTAB2
 70
6
  9
$SURFTYPE
 70
6
  9
$SURFU
 70
6
  9
$SURFV
 70
6
  9
$UCSBASE
  2

  9
$UCSNAME
  2

  9
$UCSORG
 10
0.0
 20
0.0
 30
0.0
  9
$UCSXDIR
 10
1.0
 20
0.0
 30
0.0
  9
$UCSYDIR
 10
0.0
 20
1.0
 30
0.0
  9
$UCSORTHOREF
  2

  9
$UCSORTHOVIEW
 70
0
  9
$UCSORGTOP
 10
0.0
 20
0.0
 30
0.0
  9
$UCSORGBOTTOM
 10
0.0
 20
0.0
 30
0.0
  9
$UCSORGLEFT
 10
0.0
 20
0.0
 30
0.0
  9
$UCSORGRIGHT
 10
0.0
 20
0.0
 30
0.0
  9
$UCSORGFRONT
 10
0.0
 20
0.0
 30
0.0
  9
$UCSORGBACK
 10
0.0
 20
0.0
 30
0.0
  9
$PUCSBASE
  2

  9
$PUCSNAME
  2

  9
$PUCSORG
 10
0.0
 20
0.0
 30
0.0
  9
$PUCSXDIR
 10
1.0
 20
0.0
 30
0.0
  9
$PUCSYDIR
 10
0.0
 20
1.0
 30
0.0
  9
$PUCSORTHOREF
  2

  9
$PUCSORTHOVIEW
 70
0
  9
$PUCSORGTOP
 10
0.0
 20
0.0
 30
0.0
  9
$PUCSORGBOTTOM
 10
0.0
 20
0.0
 30
0.0
  9
$PUCSORGLEFT
 10
0.0
 20
0.0
 30
0.0
  9
$PUCSORGRIGHT
 10
0.0
 20
0.0
 30
0.0
  9
$PUCSORGFRONT
 10
0.0
 20
0.0
 30
0.0
  9
$PUCSORGBACK
 10
0.0
 20
0.0
 30
0.0
  9
$USERI1
 70
0
  9
$USERI2
 70
0
  9
$USERI3
 70
0
  9
$USERI4
 70
0
  9
$USERI5
 70
0
  9
$USERR1
 40
0.0
  9
$USERR2
 40
0.0
  9
$USERR3
 40
0.0
  9
$USERR4
 40
0.0
  9
$USERR5
 40
0.0
  9
$WORLDVIEW
 70
1
  9
$SHADEDGE
 70
3
  9
$SHADEDIF
 70
70
  9
$TILEMODE
 70
1
  9
$MAXACTVP
 70
64
  9
$PINSBASE
 10
0.0
 20
0.0
 30
0.0
  9
$PLIMCHECK
 70
0
  9
$PEXTMIN
 10
1e+20
 20
1e+20
 30
1e+20
  9
$PEXTMAX
 10
-1e+20
 20
-1e+20
 30
-1e+20
  9
$PLIMMIN
 10
0.0
 20
0.0
  9
$PLIMMAX
 10
420.0
 20
297.0
  9
$UNITMODE
 70
0
  9
$VISRETAIN
 70
1
  9
$PLINEGEN
 70
0
  9
$PSLTSCALE
 70
1
  9
$TREEDEPTH
 70
3020
  9
$CMLSTYLE
  2
Standard
  9
$CMLJUST
 70
0
  9
$CMLSCALE
 40
20.0
  9
$PROXYGRAPHICS
 70
1
  9
$MEASUREMENT
 70
1
  9
$CELWEIGHT
370
-1
  9
$ENDCAPS
280
0
  9
$JOINSTYLE
280
0
  9
$LWDISPLAY
290
0
  9
$INSUNITS
 70
6
  9
$HYPERLINKBASE
  1

  9
$STYLESHEET
  1

  9
$XEDIT
290
1
  9
$CEPSNTYPE
380
0
  9
$PSTYLEMODE
290
1
  9
$FINGERPRINTGUID
  2
{586F2E98-91CA-4194-A7BC-7032D1CB7B48}
  9
$VERSIONGUID
  2
{827E4347-FF13-4313-A6B9-62AA28F22FE7}
  9
$EXTNAMES
290
1
  9
$PSVPSCALE
 40
0.0
  9
$OLESTARTUP
290
0
  9
$SORTENTS
280
127
  9
$INDEXCTL
280
0
  9
$HIDETEXT
280
1
  9
$XCLIPFRAME
280
1
  9
$HALOGAP
280
0
  9
$OBSCOLOR
 70
257
  9
$OBSLTYPE
280
0
  9
$INTERSECTIONDISPLAY
280
0
  9
$INTERSECTIONCOLOR
 70
257
  9
$DIMASSOC
280
2
  9
$PROJECTNAME
  1

  9
$CAMERADISPLAY
290
0
  9
$LENSLENGTH
 40
50.0
  9
$CAMERAHEIGHT
 40
0.0
  9
$STEPSPERSEC
 40
24.0
  9
$STEPSIZE
 40
100.0
  9
$3DDWFPREC
 40
2.0
  9
$PSOLWIDTH
 40
0.005
  9
$PSOLHEIGHT
 40
0.08
  9
$LOFTANG1
 40
1.570796326795
  9
$LOFTANG2
 40
1.570796326795
  9
$LOFTMAG1
 40
0.0
  9
$LOFTMAG2
 40
0.0
  9
$LOFTPARAM
 70
7
  9
$LOFTNORMALS
280
1
  9
$LATITUDE
 40
37.795
  9
$LONGITUDE
 40
-122.394
  9
$NORTHDIRECTION
 40
0.0
  9
$TIMEZONE
 70
-8000
  9
$LIGHTGLYPHDISPLAY
280
1
  9
$TILEMODELIGHTSYNCH
280
1
  9
$CMATERIAL
347
20
  9
$SOLIDHIST
280
0
  9
$SHOWHIST
280
1
  9
$DWFFRAME
280
2
  9
$DGNFRAME
280
2
  9
$REALWORLDSCALE
290
1
  9
$INTERFERECOLOR
 62
256
  9
$CSHADOW
280
0
  9
$SHADOWPLANELOCATION
 40
0.0
  0
ENDSEC
  0
SECTION
  2
CLASSES
  0
CLASS
  1
ACDBDICTIONARYWDFLT
  2
AcDbDictionaryWithDefault
  3
ObjectDBX Classes
 90
0
 91
0
280
0
281
0
  0
CLASS
  1
SUN
  2
AcDbSun
  3
SCENEOE
 90
1153
 91
0
280
0
281
0
  0
CLASS
  1
VISUALSTYLE
  2
AcDbVisualStyle
  3
ObjectDBX Classes
 90
4095
 91
0
280
0
281
0
  0
CLASS
  1
MATERIAL
  2
AcDbMaterial
  3
ObjectDBX Classes
 90
1153
 91
0
280
0
281
0
  0
CLASS
  1
SCALE
  2
AcDbScale
  3
ObjectDBX Classes
 90
1153
 91
0
280
0
281
0
  0
CLASS
  1
TABLESTYLE
  2
AcDbTableStyle
  3
ObjectDBX Classes
 90
4095
 91
0
280
0
281
0
  0
CLASS
  1
MLEADERSTYLE
  2
AcDbMLeaderStyle
  3
ACDB_MLEADERSTYLE_CLASS
 90
4095
 91
0
280
0
281
0
  0
CLASS
  1
DICTIONARYVAR
  2
AcDbDictionaryVar
  3
ObjectDBX Classes
 90
0
 91
0
280
0
281
0
  0
CLASS
  1
CELLSTYLEMAP
  2
AcDbCellStyleMap
  3
ObjectDBX Classes
 90
1152
 91
0
280
0
281
0
  0
CLASS
  1
MENTALRAYRENDERSETTINGS
  2
AcDbMentalRayRenderSettings
  3
SCENEOE
 90
1024
 91
0
280
0
281
0
  0
CLASS
  1
ACDBDETAILVIEWSTYLE
  2
AcDbDetailViewStyle
  3
ObjectDBX Classes
 90
1025
 91
0
280
0
281
0
  0
CLASS
  1
ACDBSECTIONVIEWSTYLE
  2
AcDbSectionViewStyle
  3
ObjectDBX Classes
 90
1025
 91
0
280
0
281
0
  0
CLASS
  1
RASTERVARIABLES
  2
AcDbRasterVariables
  3
ISM
 90
0
 91
0
280
0
281
0
  0
CLASS
  1
ACDBPLACEHOLDER
  2
AcDbPlaceHolder
  3
ObjectDBX Classes
 90
0
 91
0
280
0
281
0
  0
CLASS
  1
LAYOUT
  2
AcDbLayout
  3
ObjectDBX Classes
 90
0
 91
0
280
0
281
0
  0
ENDSEC
  0
SECTION
  2
TABLES
  0
TABLE
  2
VPORT
  5
8
330
0
100
AcDbSymbolTable
 70
1
  0
VPORT
  5
23
330
8
100
AcDbSymbolTableRecord
100
AcDbViewportTableRecord
  2
*Active
 70
0
 10
0.0
 20
0.0
 11
1.0
 21
1.0
 12
0.0
 22
0.0
 13
0.0
 23
0.0
 14
0.5
 24
0.5
 15
0.5
 25
0.5
 16
0.0
 26
0.0
 36
1.0
 17
0.0
 27
0.0
 37
0.0
 40
1000.0
 41
1.34
 42
50.0
 43
0.0
 44
0.0
 50
0.0
 51
0.0
 71
0
 72
1000
 73
1
 74
3
 75
0
 76
0
 77
0
 78
0
281
0
 65
0
146
0.0
  0
ENDTAB
  0
TABLE
  2
LTYPE
  5
2
330
0
100
AcDbSymbolTable
 70
3
  0
LTYPE
  5
24
330
2
100
AcDbSymbolTableRecord
100
AcDbLinetypeTableRecord
  2
ByBlock
 70
0
  3

 72
65
 73
0
 40
0.0
  0
LTYPE
  5
25
330
2
100
AcDbSymbolTableRecord
100
AcDbLinetypeTableRecord
  2
ByLayer
 70
0
  3

 72
65
 73
0
 40
0.0
  0
LTYPE
  5
26
330
2
100
AcDbSymbolTableRecord
100
AcDbLinetypeTableRecord
  2
Continuous
 70
0
  3

 72
65
 73
0
 40
0.0
  0
ENDTAB
  0
TABLE
  2
LAYER
  5
1
330
0
100
AcDbSymbolTable
 70
4
  0
LAYER
  5
27
330
1
100
AcDbSymbolTableRecord
100
AcDbLayerTableRecord
  2
0
 70
0
 62
7
  6
Continuous
370
-3
390
13
347
21
  0
LAYER
  5
28
330
1
100
AcDbSymbolTableRecord
100
AcDbLayerTableRecord
  2
Defpoints
 70
0
 62
7
  6
Continuous
290
0
370
-3
390
13
347
21
  0
LAYER
  5
2F
330
1
100
AcDbSymbolTableRecord
100
AcDbLayerTableRecord
  2
REZ
 70
0
 62
1
  6
Continuous
370
-3
390
13
347
21
  0
LAYER
  5
30
330
1
100
AcDbSymbolTableRecord
100
AcDbLayerTableRecord
  2
TEXT
 70
0
 62
3
  6
Continuous
370
-3
390
13
347
21
  0
ENDTAB
  0
TABLE
  2
STYLE
  5
5
330
0
100
AcDbSymbolTable
 70
1
  0
STYLE
  5
29
330
5
100
AcDbSymbolTableRecord
100
AcDbTextStyleTableRecord
  2
Standard
 70
0
 40
0.0
 41
1.0
 50
0.0
 71
0
 42
2.5
  3
txt
  4

  0
ENDTAB
  0
TABLE
  2
VIEW
  5
7
330
0
100
AcDbSymbolTable
 70
0
  0
ENDTAB
  0
TABLE
  2
UCS
  5
6
330
0
100
AcDbSymbolTable
 70
0
  0
ENDTAB
  0
TABLE
  2
APPID
  5
3
330
0
100
AcDbSymbolTable
 70
3
  0
APPID
  5
2A
330
3
100
AcDbSymbolTableRecord
100
AcDbRegAppTableRecord
  2
ACAD
 70
0
  0
APPID
  5
751
330
3
100
AcDbSymbolTableRecord
100
AcDbRegAppTableRecord
  2
HATCHBACKGROUNDCOLOR
 70
0
  0
APPID
  5
752
330
3
100
AcDbSymbolTableRecord
100
AcDbRegAppTableRecord
  2
EZDXF
 70
0
  0
ENDTAB
  0
TABLE
  2
DIMSTYLE
  5
4
330
0
100
AcDbSymbolTable
 70
1
100
AcDbDimStyleTable
  0
DIMSTYLE
105
2B
330
4
100
AcDbSymbolTableRecord
100
AcDbDimStyleTableRecord
  2
Standard
 70
0
 40
1.0
 41
2.5
 42
0.625
 43
3.75
 44
1.25
 45
0.0
 46
0.0
 47
0.0
 48
0.0
 49
2.5
140
2.5
141
2.5
142
0.0
143
0.03937007874
144
1.0
145
0.0
146
1.0
147
0.625
148
0.0
 69
0
 70
0
 71
0
 72
0
 73
0
 74
0
 75
0
 76
0
 77
1
 78
8
 79
3
170
0
171
3
172
1
173
0
174
0
175
0
176
0
177
0
178
0
179
2
271
2
272
2
273
2
274
3
275
0
276
0
277
2
278
44
279
0
280
0
281
0
282
0
283
0
284
8
285
0
286
0
288
0
289
3
290
0
371
-2
372
-2
  0
ENDTAB
  0
TABLE
  2
BLOCK_RECORD
  5
9
330
0
100
AcDbSymbolTable
 70
2
  0
BLOCK_RECORD
  5
17
330
9
100
AcDbSymbolTableRecord
100
AcDbBlockTableRecord
  2
*Model_Space
340
1A
 70
0
280
1
281
0
  0
BLOCK_RECORD
  5
1B
330
9
100
AcDbSymbolTableRecord
100
AcDbBlockTableRecord
  2
*Paper_Space
340
1E
 70
0
280
1
281
0
  0
ENDTAB
  0
ENDSEC
  0
SECTION
  2
BLOCKS
  0
BLOCK
  5
18
330
17
100
AcDbEntity
  8
0
100
AcDbBlockBegin
  2
*Model_Space
 70
0
 10
0.0
 20
0.0
 30
0.0
  3
*Model_Space
  1

  0
ENDBLK
  5
19
330
17
100
AcDbEntity
  8
0
100
AcDbBlockEnd
  0
BLOCK
  5
1C
330
1B
100
AcDbEntity
  8
0
100
AcDbBlockBegin
  2
*Paper_Space
 70
0
 10
0.0
 20
0.0
 30
0.0
  3
*Paper_Space
  1

  0
ENDBLK
  5
1D
330
1B
100
AcDbEntity
  8
0
100
AcDbBlockEnd
  0
ENDSEC
  0
SECTION
  2
ENTITIES
  0
LINE
  5
31
330
17
100
AcDbEntity
  8
REZ
100
AcDbLine
 10
6.500000000000006
 20
36.500000175784415
 30
0.0
 11
6.38378239159465e-15
 21
34.000000175784415
 31
0.0
  0
LINE
  5
32
330
17
100
AcDbEntity
  8
REZ
100
AcDbLine
 10
6.38378239159465e-15
 20
34.000000175784415
 30
0.0
 11
6.38378239159465e-15
 21
35.51126126126126
 31
0.0
  0
LINE
  5
33
330
17
100
AcDbEntity
  8
REZ
100
AcDbLine
 10
6.38378239159465e-15
 20
35.51126126126126
 30
0.0
 11
1.1000000000000065
 21
36.75
 31
0.0
  0
LINE
  5
34
330
17
100
AcDbEntity
  8
REZ
100
AcDbLine
 10
1.1000000000000065
 20
36.75
 30
0.0
 11
6.38378239159465e-15
 21
37.98873873873873
 31
0.0
  0
LINE
  5
35
330
17
100
AcDbEntity
  8
REZ
100
AcDbLine
 10
6.38378239159465e-15
 20
37.98873873873873
 30
0.0
 11
6.38378239159465e-15
 21
38.01126126126127
 31
0.0
  0
LINE
  5
36
330
17
100
AcDbEntity
  8
REZ
100
AcDbLine
 10
6.38378239159465e-15
 20
38.01126126126127
 30
0.0
 11
1.1000000000000065
 21
39.25
 31
0.0
  0
LINE
  5
37
330
17
100
AcDbEntity
  8
REZ
100
AcDbLine
 10
1.1000000000000065
 20
39.25
 30
0.0
 11
6.38378239159465e-15
 21
40.48873873873873
 31
0.0
  0
LINE
  5
38
330
17
100
AcDbEntity
  8
REZ
100
AcDbLine
 10
6.38378239159465e-15
 20
40.48873873873873
 30
0.0
 11
6.38378239159465e-15
 21
40.51126126126127
 31
0.0
  0
LINE
  5
39
330
17
100
AcDbEntity
  8
REZ
100
AcDbLine
 10
6.38378239159465e-15
 20
40.51126126126127
 30
0.0
 11
1.1000000000000065
 21
41.75
 31
0.0
  0
LINE
  5
3A
330
17
100
AcDbEntity
  8
REZ
100
AcDbLine
 10
1.1000000000000065
 20
41.75
 30
0.0
 11
6.38378239159465e-15
 21
42.98873873873873
 31
0.0
  0
LINE
  5
3B
330
17
100
AcDbEntity
  8
REZ
100
AcDbLine
 10
6.38378239159465e-15
 20
42.98873873873873
 30
0.0
 11
6.38378239159465e-15
 21
43.011261261261254
 31
0.0
  0
LINE
  5
3C
330
17
100
AcDbEntity
  8
REZ
100
AcDbLine
 10
6.38378239159465e-15
 20
43.011261261261254
 30
0.0
 11
1.1000000000000065
 21
44.25
 31
0.0
  0
LINE
  5
3D
330
17
100
AcDbEntity
  8
REZ
100
AcDbLine
 10
1.1000000000000065
 20
44.25
 30
0.0
 11
6.38378239159465e-15
 21
45.488738738738746
 31
0.0
  0
LINE
  5
3E
330
17
100
AcDbEntity
  8
REZ
100
AcDbLine
 10
6.38378239159465e-15
 20
45.488738738738746
 30
0.0
 11
6.38378239159465e-15
 21
45.51126126126127
 31
0.0
  0
LINE
  5
3F
330
17
100
AcDbEntity
  8
REZ
100
AcDbLine
 10
6.38378239159465e-15
 20
45.51126126126127
 30
0.0
 11
1.1000000000000065
 21
46.75
 31
0.0
  0
LINE
  5
40
330
17
100
AcDbEntity
  8
REZ
100
AcDbLine
 10
1.1000000000000065
 20
46.75
 30
0.0
 11
6.38378239159465e-15
 21
47.98873873873873
 31
0.0
  0
LINE
  5
41
330
17
100
AcDbEntity
  8
REZ
100
AcDbLine
 10
6.38378239159465e-15
 20
47.98873873873873
 30
0.0
 11
6.38378239159465e-15
 21
48.01126126126127
 31
0.0
  0
LINE
  5
42
330
17
100
AcDbEntity
  8
REZ
100
AcDbLine
 10
6.38378239159465e-15
 20
48.01126126126127
 30
0.0
 11
1.1000000000000065
 21
49.25
 31
0.0
  0
LINE
  5
43
330
17
100
AcDbEntity
  8
REZ
100
AcDbLine
 10
1.1000000000000065
 20
49.25
 30
0.0
 11
6.38378239159465e-15
 21
50.48873873873873
 31
0.0
  0
LINE
  5
44
330
17
100
AcDbEntity
  8
REZ
100
AcDbLine
 10
6.38378239159465e-15
 20
50.48873873873873
 30
0.0
 11
6.38378239159465e-15
 21
50.51126126126127
 31
0.0
  0
LINE
  5
45
330
17
100
AcDbEntity
  8
REZ
100
AcDbLine
 10
6.38378239159465e-15
 20
50.51126126126127
 30
0.0
 11
1.1000000000000065
 21
51.75
 31
0.0
  0
LINE
  5
46
330
17
100
AcDbEntity
  8
REZ
100
AcDbLine
 10
1.1000000000000065
 20
51.75
 30
0.0
 11
6.38378239159465e-15
 21
52.988738738738746
 31
0.0
  0
LINE
  5
47
330
17
100
AcDbEntity
  8
REZ
100
AcDbLine
 10
6.38378239159465e-15
 20
52.988738738738746
 30
0.0
 11
6.38378239159465e-15
 21
53.01126126126127
 31
0.0
  0
LINE
  5
48
330
17
100
AcDbEntity
  8
REZ
100
AcDbLine
 10
6.38378239159465e-15
 20
53.01126126126127
 30
0.0
 11
1.1000000000000065
 21
54.25
 31
0.0
  0
LINE
  5
49
330
17
100
AcDbEntity
  8
REZ
100
AcDbLine
 10
1.1000000000000065
 20
54.25
 30
0.0
 11
6.38378239159465e-15
 21
55.48873873873873
 31
0.0
  0
LINE
  5
4A
330
17
100
AcDbEntity
  8
REZ
100
AcDbLine
 10
6.38378239159465e-15
 20
55.48873873873873
 30
0.0
 11
6.38378239159465e-15
 21
55.51126126126127
 31
0.0
  0
LINE
  5
4B
330
17
100
AcDbEntity
  8
REZ
100
AcDbLine
 10
6.38378239159465e-15
 20
55.51126126126127
 30
0.0
 11
1.1000000000000065
 21
56.75
 31
0.0
  0
LINE
  5
4C
330
17
100
AcDbEntity
  8
REZ
100
AcDbLine
 10
1.1000000000000065
 20
56.75
 30
0.0
 11
6.38378239159465e-15
 21
57.98873873873873
 31
0.0
  0
LINE
  5
4D
330
17
100
AcDbEntity
  8
REZ
100
AcDbLine
 10
6.38378239159465e-15
 20
57.98873873873873
 30
0.0
 11
6.38378239159465e-15
 21
58.011261261261254
 31
0.0
  0
LINE
  5
4E
330
17
100
AcDbEntity
  8
REZ
100
AcDbLine
 10
6.38378239159465e-15
 20
58.011261261261254
 30
0.0
 11
1.1000000000000065
 21
59.25
 31
0.0
  0
LINE
  5
4F
330
17
100
AcDbEntity
  8
REZ
100
AcDbLine
 10
1.1000000000000065
 20
59.25
 30
0.0
 11
6.38378239159465e-15
 21
60.488738738738746
 31
0.0
  0
LINE
  5
50
330
17
100
AcDbEntity
  8
REZ
100
AcDbLine
 10
6.38378239159465e-15
 20
60.488738738738746
 30
0.0
 11
6.38378239159465e-15
 21
62.35387061456227
 31
0.0
  0
LINE
  5
51
330
17
100
AcDbEntity
  8
REZ
100
AcDbLine
 10
6.38378239159465e-15
 20
62.35387061456227
 30
0.0
 11
0.461153703255917
 21
62.71540838690834
 31
0.0
  0
LINE
  5
52
330
17
100
AcDbEntity
  8
REZ
100
AcDbLine
 10
0.461153703255917
 20
62.71540838690834
 30
0.0
 11
0.9678319945607416
 21
63.01500849285142
 31
0.0
  0
LINE
  5
53
330
17
100
AcDbEntity
  8
REZ
100
AcDbLine
 10
0.9678319945607416
 20
63.01500849285142
 30
0.0
 11
1.5092812438620444
 21
63.24591069031115
 31
0.0
  0
LINE
  5
54
330
17
100
AcDbEntity
  8
REZ
100
AcDbLine
 10
1.5092812438620444
 20
63.24591069031115
 30
0.0
 11
2.0762371043861916
 21
63.40416417867081
 31
0.0
  0
LINE
  5
55
330
17
100
AcDbEntity
  8
REZ
100
AcDbLine
 10
2.0762371043861916
 20
63.40416417867081
 30
0.0
 11
2.65899880416975
 21
63.487061196868424
 31
0.0
  0
LINE
  5
56
330
17
100
AcDbEntity
  8
REZ
100
AcDbLine
 10
2.65899880416975
 20
63.487061196868424
 30
0.0
 11
3.247595128957357
 21
63.49318335393923
 31
0.0
  0
LINE
  5
57
330
17
100
AcDbEntity
  8
REZ
100
AcDbLine
 10
3.247595128957357
 20
63.49318335393923
 30
0.0
 11
3.831955032442167
 21
63.42242589807836
 31
0.0
  0
LINE
  5
58
330
17
100
AcDbEntity
  8
REZ
100
AcDbLine
 10
3.831955032442167
 20
63.42242589807836
 30
0.0
 11
4.402079954660377
 21
63.27599950897326
 31
0.0
  0
LINE
  5
59
330
17
100
AcDbEntity
  8
REZ
100
AcDbLine
 10
4.402079954660377
 20
63.27599950897326
 30
0.0
 11
4.8291622263416105
 21
63.10427827905829
 31
0.0
  0
LINE
  5
5A
330
17
100
AcDbEntity
  8
REZ
100
AcDbLine
 10
4.8291622263416105
 20
63.10427827905829
 30
0.0
 11
4.854579946016097
 21
63.0968736686732
 31
0.0
  0
LINE
  5
5B
330
17
100
AcDbEntity
  8
REZ
100
AcDbLine
 10
4.854579946016097
 20
63.0968736686732
 30
0.0
 11
4.996791860078597
 21
63.0536607780482
 31
0.0
  0
LINE
  5
5C
330
17
100
AcDbEntity
  8
REZ
100
AcDbLine
 10
4.996791860078597
 20
63.0536607780482
 30
0.0
 11
5.198311100804399
 21
62.987197694084315
 31
0.0
  0
LINE
  5
5D
330
17
100
AcDbEntity
  8
REZ
100
AcDbLine
 10
5.198311100804399
 20
62.987197694084315
 30
0.0
 11
5.3498003586169
 21
62.933242615959315
 31
0.0
  0
LINE
  5
5E
330
17
100
AcDbEntity
  8
REZ
100
AcDbLine
 10
5.3498003586169
 20
62.933242615959315
 30
0.0
 11
5.623626062387169
 21
62.825502710938395
 31
0.0
  0
LINE
  5
5F
330
17
100
AcDbEntity
  8
REZ
100
AcDbLine
 10
5.623626062387169
 20
62.825502710938395
 30
0.0
 11
5.783660242074669
 21
62.756410914063395
 31
0.0
  0
LINE
  5
60
330
17
100
AcDbEntity
  8
REZ
100
AcDbLine
 10
5.783660242074669
 20
62.756410914063395
 30
0.0
 11
6.10110540233377
 21
62.60436629229879
 31
0.0
  0
LINE
  5
61
330
17
100
AcDbEntity
  8
REZ
100
AcDbLine
 10
6.10110540233377
 20
62.60436629229879
 30
0.0
 11
6.26895208202127
 21
62.51574324542379
 31
0.0
  0
LINE
  5
62
330
17
100
AcDbEntity
  8
REZ
100
AcDbLine
 10
6.26895208202127
 20
62.51574324542379
 30
0.0
 11
6.602723863878968
 21
62.32073596065902
 31
0.0
  0
LINE
  5
63
330
17
100
AcDbEntity
  8
REZ
100
AcDbLine
 10
6.602723863878968
 20
62.32073596065902
 30
0.0
 11
6.777650621691468
 21
62.20818713253402
 31
0.0
  0
LINE
  5
64
330
17
100
AcDbEntity
  8
REZ
100
AcDbLine
 10
6.777650621691468
 20
62.20818713253402
 30
0.0
 11
7.104015083266146
 21
61.9770723572034
 31
0.0
  0
LINE
  5
65
330
17
100
AcDbEntity
  8
REZ
100
AcDbLine
 10
7.104015083266146
 20
61.9770723572034
 30
0.0
 11
7.285289497328646
 21
61.8362032165784
 31
0.0
  0
LINE
  5
66
330
17
100
AcDbEntity
  8
REZ
100
AcDbLine
 10
7.285289497328646
 20
61.8362032165784
 30
0.0
 11
7.586490797077739
 21
61.58014615004576
 31
0.0
  0
LINE
  5
67
330
17
100
AcDbEntity
  8
REZ
100
AcDbLine
 10
7.586490797077739
 20
61.58014615004576
 30
0.0
 11
7.77338044551524
 21
61.40656216567076
 31
0.0
  0
LINE
  5
68
330
17
100
AcDbEntity
  8
REZ
100
AcDbLine
 10
7.77338044551524
 20
61.40656216567076
 30
0.0
 11
8.03883509081658
 21
61.138417361050315
 31
0.0
  0
LINE
  5
69
330
17
100
AcDbEntity
  8
REZ
100
AcDbLine
 10
8.03883509081658
 20
61.138417361050315
 30
0.0
 11
8.23060755175408
 21
60.927724001675315
 31
0.0
  0
LINE
  5
6A
330
17
100
AcDbEntity
  8
REZ
100
AcDbLine
 10
8.23060755175408
 20
60.927724001675315
 30
0.0
 11
8.456368885358463
 21
60.6593895659375
 31
0.0
  0
LINE
  5
6B
330
17
100
AcDbEntity
  8
REZ
100
AcDbLine
 10
8.456368885358463
 20
60.6593895659375
 30
0.0
 11
8.652291736920963
 21
60.4071923003125
 31
0.0
  0
LINE
  5
6C
330
17
100
AcDbEntity
  8
REZ
100
AcDbLine
 10
8.652291736920963
 20
60.4071923003125
 30
0.0
 11
8.839320429136546
 21
60.14793518497849
 31
0.0
  0
LINE
  5
6D
330
17
100
AcDbEntity
  8
REZ
100
AcDbLine
 10
8.839320429136546
 20
60.14793518497849
 30
0.0
 11
9.038661249449046
 21
59.84983948185349
 31
0.0
  0
LINE
  5
6E
330
17
100
AcDbEntity
  8
REZ
100
AcDbLine
 10
9.038661249449046
 20
59.84983948185349
 30
0.0
 11
9.19080340261634
 21
59.60579346130224
 31
0.0
  0
LINE
  5
6F
330
17
100
AcDbEntity
  8
REZ
100
AcDbLine
 10
9.19080340261634
 20
59.60579346130224
 30
0.0
 11
9.39282976980384
 21
59.25740478942724
 31
0.0
  0
LINE
  5
70
330
17
100
AcDbEntity
  8
REZ
100
AcDbLine
 10
9.39282976980384
 20
59.25740478942724
 30
0.0
 11
9.493079678562278
 21
59.07492522290636
 31
0.0
  0
LINE
  5
71
330
17
100
AcDbEntity
  8
REZ
100
AcDbLine
 10
9.493079678562278
 20
59.07492522290636
 30
0.0
 11
9.70176909665862
 21
58.67331389478136
 31
0.0
  0
LINE
  5
72
330
17
100
AcDbEntity
  8
REZ
100
AcDbLine
 10
9.70176909665862
 20
58.67331389478136
 30
0.0
 11
9.757815805459765
 21
58.56169595784867
 31
0.0
  0
LINE
  5
73
330
17
100
AcDbEntity
  8
REZ
100
AcDbLine
 10
9.757815805459765
 20
58.56169595784867
 30
0.0
 11
9.976931464923092
 21
58.10979166097367
 31
0.0
  0
LINE
  5
74
330
17
100
AcDbEntity
  8
REZ
100
AcDbLine
 10
9.976931464923092
 20
58.10979166097367
 30
0.0
 11
10.017574186976297
 21
58.02366008112385
 31
0.0
  0
LINE
  5
75
330
17
100
AcDbEntity
  8
REZ
100
AcDbLine
 10
10.017574186976297
 20
58.02366008112385
 30
0.0
 11
10.246062195568076
 21
57.52585734674885
 31
0.0
  0
LINE
  5
76
330
17
100
AcDbEntity
  8
REZ
100
AcDbLine
 10
10.246062195568076
 20
57.52585734674885
 30
0.0
 11
10.276585207969813
 21
57.457878376992156
 31
0.0
  0
LINE
  5
77
330
17
100
AcDbEntity
  8
REZ
100
AcDbLine
 10
10.276585207969813
 20
57.457878376992156
 30
0.0
 11
10.513391673451508
 21
56.918571736367156
 31
0.0
  0
LINE
  5
78
330
17
100
AcDbEntity
  8
REZ
100
AcDbLine
 10
10.513391673451508
 20
56.918571736367156
 30
0.0
 11
10.536929045850695
 21
56.86399094739497
 31
0.0
  0
LINE
  5
79
330
17
100
AcDbEntity
  8
REZ
100
AcDbLine
 10
10.536929045850695
 20
56.86399094739497
 30
0.0
 11
10.78100007598377
 21
56.28757493176997
 31
0.0
  0
LINE
  5
7A
330
17
100
AcDbEntity
  8
REZ
100
AcDbLine
 10
10.78100007598377
 20
56.28757493176997
 30
0.0
 11
10.799512478069666
 21
56.24319579203558
 31
0.0
  0
LINE
  5
7B
330
17
100
AcDbEntity
  8
REZ
100
AcDbLine
 10
10.799512478069666
 20
56.24319579203558
 30
0.0
 11
11.049794180615589
 21
55.63406493266058
 31
0.0
  0
LINE
  5
7C
330
17
100
AcDbEntity
  8
REZ
100
AcDbLine
 10
11.049794180615589
 20
55.63406493266058
 30
0.0
 11
11.064561665355548
 21
55.597673165258854
 31
0.0
  0
LINE
  5
7D
330
17
100
AcDbEntity
  8
REZ
100
AcDbLine
 10
11.064561665355548
 20
55.597673165258854
 30
0.0
 11
11.320000148075778
 21
54.960221993383854
 31
0.0
  0
LINE
  5
7E
330
17
100
AcDbEntity
  8
REZ
100
AcDbLine
 10
11.320000148075778
 20
54.960221993383854
 30
0.0
 11
11.331887157809225
 21
54.93024715422315
 31
0.0
  0
LINE
  5
7F
330
17
100
AcDbEntity
  8
REZ
100
AcDbLine
 10
11.331887157809225
 20
54.93024715422315
 30
0.0
 11
11.59142852846523
 21
54.26887020109815
 31
0.0
  0
LINE
  5
80
330
17
100
AcDbEntity
  8
REZ
100
AcDbLine
 10
11.59142852846523
 20
54.26887020109815
 30
0.0
 11
11.60103411533567
 21
54.244179246808784
 31
0.0
  0
LINE
  5
81
330
17
100
AcDbEntity
  8
REZ
100
AcDbLine
 10
11.60103411533567
 20
54.244179246808784
 30
0.0
 11
11.863624481688914
 21
53.563271043683784
 31
0.0
  0
LINE
  5
82
330
17
100
AcDbEntity
  8
REZ
100
AcDbLine
 10
11.863624481688914
 20
53.563271043683784
 30
0.0
 11
11.871371203065799
 21
53.5430385196327
 31
0.0
  0
LINE
  5
83
330
17
100
AcDbEntity
  8
REZ
100
AcDbLine
 10
11.871371203065799
 20
53.5430385196327
 30
0.0
 11
12.135956672877743
 21
52.8469935977577
 31
0.0
  0
LINE
  5
84
330
17
100
AcDbEntity
  8
REZ
100
AcDbLine
 10
12.135956672877743
 20
52.8469935977577
 30
0.0
 11
12.142144996866548
 21
52.8306181466162
 31
0.0
  0
LINE
  5
85
330
17
100
AcDbEntity
  8
REZ
100
AcDbLine
 10
12.142144996866548
 20
52.8306181466162
 30
0.0
 11
12.407671677898662
 21
52.1238310372412
 31
0.0
  0
LINE
  5
86
330
17
100
AcDbEntity
  8
REZ
100
AcDbLine
 10
12.407671677898662
 20
52.1238310372412
 30
0.0
 11
12.41251404351178
 21
52.11088108696073
 31
0.0
  0
LINE
  5
87
330
17
100
AcDbEntity
  8
REZ
100
AcDbLine
 10
12.41251404351178
 20
52.11088108696073
 30
0.0
 11
12.677928043525522
 21
51.39774632133573
 31
0.0
  0
LINE
  5
88
330
17
100
AcDbEntity
  8
REZ
100
AcDbLine
 10
12.677928043525522
 20
51.39774632133573
 30
0.0
 11
12.681570316768775
 21
51.38792502885937
 31
0.0
  0
LINE
  5
89
330
17
100
AcDbEntity
  8
REZ
100
AcDbLine
 10
12.681570316768775
 20
51.38792502885937
 30
0.0
 11
12.945817743525616
 21
50.67283713823437
 31
0.0
  0
LINE
  5
8A
330
17
100
AcDbEntity
  8
REZ
100
AcDbLine
 10
12.945817743525616
 20
50.67283713823437
 30
0.0
 11
12.948352395125756
 21
50.66596082512925
 31
0.0
  0
LINE
  5
8B
330
17
100
AcDbEntity
  8
REZ
100
AcDbLine
 10
12.948352395125756
 20
50.66596082512925
 30
0.0
 11
13.210379356387161
 21
49.95331434075425
 31
0.0
  0
LINE
  5
8C
330
17
100
AcDbEntity
  8
REZ
100
AcDbLine
 10
13.210379356387161
 20
49.95331434075425
 30
0.0
 11
13.470605346400692
 21
49.2434906741547
 31
0.0
  0
LINE
  5
8D
330
17
100
AcDbEntity
  8
REZ
100
AcDbLine
 10
13.470605346400692
 20
49.2434906741547
 30
0.0
 11
13.721448736811922
 21
48.55868711757344
 31
0.0
  0
LINE
  5
8E
330
17
100
AcDbEntity
  8
REZ
100
AcDbLine
 10
13.721448736811922
 20
48.55868711757344
 30
0.0
 11
13.97267696363417
 21
47.88364514717615
 31
0.0
  0
LINE
  5
8F
330
17
100
AcDbEntity
  8
REZ
100
AcDbLine
 10
13.97267696363417
 20
47.88364514717615
 30
0.0
 11
14.240437190214978
 21
47.18101215665028
 31
0.0
  0
LINE
  5
90
330
17
100
AcDbEntity
  8
REZ
100
AcDbLine
 10
14.240437190214978
 20
47.18101215665028
 30
0.0
 11
14.525308258960019
 21
46.44424072879947
 31
0.0
  0
LINE
  5
91
330
17
100
AcDbEntity
  8
REZ
100
AcDbLine
 10
14.525308258960019
 20
46.44424072879947
 30
0.0
 11
14.823097646947659
 21
45.679216932307824
 31
0.0
  0
LINE
  5
92
330
17
100
AcDbEntity
  8
REZ
100
AcDbLine
 10
14.823097646947659
 20
45.679216932307824
 30
0.0
 11
15.128124100313112
 21
44.89539262414331
 31
0.0
  0
LINE
  5
93
330
17
100
AcDbEntity
  8
REZ
100
AcDbLine
 10
15.128124100313112
 20
44.89539262414331
 30
0.0
 11
15.131908613753794
 21
44.88563402153109
 31
0.0
  0
LINE
  5
94
330
17
100
AcDbEntity
  8
REZ
100
AcDbLine
 10
15.131908613753794
 20
44.88563402153109
 30
0.0
 11
15.438277467487389
 21
44.09290941215609
 31
0.0
  0
LINE
  5
95
330
17
100
AcDbEntity
  8
REZ
100
AcDbLine
 10
15.438277467487389
 20
44.09290941215609
 30
0.0
 11
15.44558985897068
 21
44.07386038964982
 31
0.0
  0
LINE
  5
96
330
17
100
AcDbEntity
  8
REZ
100
AcDbLine
 10
15.44558985897068
 20
44.07386038964982
 30
0.0
 11
15.749696268750132
 21
43.27625296777482
 31
0.0
  0
LINE
  5
97
330
17
100
AcDbEntity
  8
REZ
100
AcDbLine
 10
15.749696268750132
 20
43.27625296777482
 30
0.0
 11
15.760500794847307
 21
43.247622904266834
 31
0.0
  0
LINE
  5
98
330
17
100
AcDbEntity
  8
REZ
100
AcDbLine
 10
15.760500794847307
 20
43.247622904266834
 30
0.0
 11
16.05859317014969
 21
42.449527201141834
 31
0.0
  0
LINE
  5
99
330
17
100
AcDbEntity
  8
REZ
100
AcDbLine
 10
16.05859317014969
 20
42.449527201141834
 30
0.0
 11
16.07291568377181
 21
42.41063544513598
 31
0.0
  0
LINE
  5
9A
330
17
100
AcDbEntity
  8
REZ
100
AcDbLine
 10
16.07291568377181
 20
42.41063544513598
 30
0.0
 11
16.361242434074192
 21
41.61644599201098
 31
0.0
  0
LINE
  5
9B
330
17
100
AcDbEntity
  8
REZ
100
AcDbLine
 10
16.361242434074192
 20
41.61644599201098
 30
0.0
 11
16.379155939338116
 21
41.566176370461065
 31
0.0
  0
LINE
  5
9C
330
17
100
AcDbEntity
  8
REZ
100
AcDbLine
 10
16.379155939338116
 20
41.566176370461065
 30
0.0
 11
16.653965474117566
 21
40.780287698586065
 31
0.0
  0
LINE
  5
9D
330
17
100
AcDbEntity
  8
REZ
100
AcDbLine
 10
16.653965474117566
 20
40.780287698586065
 30
0.0
 11
16.67556930821533
 21
40.717000622335235
 31
0.0
  0
LINE
  5
9E
330
17
100
AcDbEntity
  8
REZ
100
AcDbLine
 10
16.67556930821533
 20
40.717000622335235
 30
0.0
 11
16.933110036948925
 21
39.943807262960235
 31
0.0
  0
LINE
  5
9F
330
17
100
AcDbEntity
  8
REZ
100
AcDbLine
 10
16.933110036948925
 20
39.943807262960235
 30
0.0
 11
16.958494788485016
 21
39.865197444540996
 31
0.0
  0
LINE
  5
A0
330
17
100
AcDbEntity
  8
REZ
100
AcDbLine
 10
16.958494788485016
 20
39.865197444540996
 30
0.0
 11
17.19501512064982
 21
39.109093928915996
 31
0.0
  0
LINE
  5
A1
330
17
100
AcDbEntity
  8
REZ
100
AcDbLine
 10
17.19501512064982
 20
39.109093928915996
 30
0.0
 11
17.224198711309672
 21
39.01197293580036
 31
0.0
  0
LINE
  5
A2
330
17
100
AcDbEntity
  8
REZ
100
AcDbLine
 10
17.224198711309672
 20
39.01197293580036
 30
0.0
 11
17.435947056382766
 21
38.27735379517536
 31
0.0
  0
LINE
  5
A3
330
17
100
AcDbEntity
  8
REZ
100
AcDbLine
 10
17.435947056382766
 20
38.27735379517536
 30
0.0
 11
17.468754161782844
 21
38.15732453034471
 31
0.0
  0
LINE
  5
A4
330
17
100
AcDbEntity
  8
REZ
100
AcDbLine
 10
17.468754161782844
 20
38.15732453034471
 30
0.0
 11
17.65197892924129
 21
37.44858429596971
 31
0.0
  0
LINE
  5
A5
330
17
100
AcDbEntity
  8
REZ
100
AcDbLine
 10
17.65197892924129
 20
37.44858429596971
 30
0.0
 11
17.687809300514413
 21
37.29955825111719
 31
0.0
  0
LINE
  5
A6
330
17
100
AcDbEntity
  8
REZ
100
AcDbLine
 10
17.687809300514413
 20
37.29955825111719
 30
0.0
 11
17.83875889983529
 21
36.62109145424219
 31
0.0
  0
LINE
  5
A7
330
17
100
AcDbEntity
  8
REZ
100
AcDbLine
 10
17.83875889983529
 20
36.62109145424219
 30
0.0
 11
17.87613614020975
 21
36.43458172504942
 31
0.0
  0
LINE
  5
A8
330
17
100
AcDbEntity
  8
REZ
100
AcDbLine
 10
17.87613614020975
 20
36.43458172504942
 30
0.0
 11
17.991058980870122
 21
35.79078289692442
 31
0.0
  0
LINE
  5
A9
330
17
100
AcDbEntity
  8
REZ
100
AcDbLine
 10
17.991058980870122
 20
35.79078289692442
 30
0.0
 11
18.034582338048104
 21
35.48767683675359
 31
0.0
  0
LINE
  5
AA
330
17
100
AcDbEntity
  8
REZ
100
AcDbLine
 10
18.034582338048104
 20
35.48767683675359
 30
0.0
 11
18.098271828321767
 21
34.90344832112861
 31
0.0
  0
LINE
  5
AB
330
17
100
AcDbEntity
  8
REZ
100
AcDbLine
 10
18.098271828321767
 20
34.90344832112861
 30
0.0
 11
18.124501745402455
 21
34.46538803292826
 31
0.0
  0
LINE
  5
AC
330
17
100
AcDbEntity
  8
REZ
100
AcDbLine
 10
18.124501745402455
 20
34.46538803292826
 30
0.0
 11
18.130141555961135
 21
33.95391342355326
 31
0.0
  0
LINE
  5
AD
330
17
100
AcDbEntity
  8
REZ
100
AcDbLine
 10
18.130141555961135
 20
33.95391342355326
 30
0.0
 11
18.109638721521797
 21
33.47237589975396
 31
0.0
  0
LINE
  5
AE
330
17
100
AcDbEntity
  8
REZ
100
AcDbLine
 10
18.109638721521797
 20
33.47237589975396
 30
0.0
 11
18.066062655439442
 21
33.02047160287895
 31
0.0
  0
LINE
  5
AF
330
17
100
AcDbEntity
  8
REZ
100
AcDbLine
 10
18.066062655439442
 20
33.02047160287895
 30
0.0
 11
17.99338593861947
 21
32.54006349416667
 31
0.0
  0
LINE
  5
B0
330
17
100
AcDbEntity
  8
REZ
100
AcDbLine
 10
17.99338593861947
 20
32.54006349416667
 30
0.0
 11
17.90942779897006
 21
32.13454591604167
 31
0.0
  0
LINE
  5
B1
330
17
100
AcDbEntity
  8
REZ
100
AcDbLine
 10
17.90942779897006
 20
32.13454591604167
 30
0.0
 11
17.80079841814928
 21
31.713493981999648
 31
0.0
  0
LINE
  5
B2
330
17
100
AcDbEntity
  8
REZ
100
AcDbLine
 10
17.80079841814928
 20
31.713493981999648
 30
0.0
 11
17.685292008006776
 21
31.341179528874648
 31
0.0
  0
LINE
  5
B3
330
17
100
AcDbEntity
  8
REZ
100
AcDbLine
 10
17.685292008006776
 20
31.341179528874648
 30
0.0
 11
17.576487051247483
 21
31.030986428769957
 31
0.0
  0
LINE
  5
B4
330
17
100
AcDbEntity
  8
REZ
100
AcDbLine
 10
17.576487051247483
 20
31.030986428769957
 30
0.0
 11
17.438266173685847
 21
30.678691506894957
 31
0.0
  0
LINE
  5
B5
330
17
100
AcDbEntity
  8
REZ
100
AcDbLine
 10
17.438266173685847
 20
30.678691506894957
 30
0.0
 11
17.36763346223125
 21
30.50894721377317
 31
0.0
  0
LINE
  5
B6
330
17
100
AcDbEntity
  8
REZ
100
AcDbLine
 10
17.36763346223125
 20
30.50894721377317
 30
0.0
 11
17.215531920324448
 21
30.16348822939817
 31
0.0
  0
LINE
  5
B7
330
17
100
AcDbEntity
  8
REZ
100
AcDbLine
 10
17.215531920324448
 20
30.16348822939817
 30
0.0
 11
17.205773054757927
 21
30.14148328830275
 31
0.0
  0
LINE
  5
B8
330
17
100
AcDbEntity
  8
REZ
100
AcDbLine
 10
17.205773054757927
 20
30.14148328830275
 30
0.0
 11
17.074722300510448
 21
29.848101206965566
 31
0.0
  0
LINE
  5
B9
330
17
100
AcDbEntity
  8
REZ
100
AcDbLine
 10
17.074722300510448
 20
29.848101206965566
 30
0.0
 11
16.994309525026758
 21
29.653395769500072
 31
0.0
  0
LINE
  5
BA
330
17
100
AcDbEntity
  8
REZ
100
AcDbLine
 10
16.994309525026758
 20
29.653395769500072
 30
0.0
 11
16.951681277475565
 21
29.531014269581718
 31
0.0
  0
LINE
  5
BB
330
17
100
AcDbEntity
  8
REZ
100
AcDbLine
 10
16.951681277475565
 20
29.531014269581718
 30
0.0
 11
16.926828919821
 21
29.437270396451666
 31
0.0
  0
ARC
  5
BC
330
17
100
AcDbEntity
  8
REZ
100
AcDbCircle
 10
12.561085796986067
 20
27.0
 30
0.0
 40
5.0
100
AcDbArc
 50
-14.30433980360047
 51
29.173382506073153
  0
LINE
  5
BD
330
17
100
AcDbEntity
  8
REZ
100
AcDbLine
 10
17.406070896826762
 20
25.764637954961486
 30
0.0
 11
17.707480307308305
 21
24.505884488324604
 31
0.0
  0
LINE
  5
BE
330
17
100
AcDbEntity
  8
REZ
100
AcDbLine
 10
17.707480307308305
 20
24.505884488324604
 30
0.0
 11
18.06489493014441
 21
23.100688728651775
 31
0.0
  0
LINE
  5
BF
330
17
100
AcDbEntity
  8
REZ
100
AcDbLine
 10
18.06489493014441
 20
23.100688728651775
 30
0.0
 11
18.46533999196372
 21
21.592151406371947
 31
0.0
  0
LINE
  5
C0
330
17
100
AcDbEntity
  8
REZ
100
AcDbLine
 10
18.46533999196372
 20
21.592151406371947
 30
0.0
 11
18.89854352982472
 21
20.010724944133443
 31
0.0
  0
LINE
  5
C1
330
17
100
AcDbEntity
  8
REZ
100
AcDbLine
 10
18.89854352982472
 20
20.010724944133443
 30
0.0
 11
19.354493129623584
 21
18.385238748809336
 31
0.0
  0
LINE
  5
C2
330
17
100
AcDbEntity
  8
REZ
100
AcDbLine
 10
19.354493129623584
 20
18.385238748809336
 30
0.0
 11
19.823348568716106
 21
16.743580610796997
 31
0.0
  0
LINE
  5
C3
330
17
100
AcDbEntity
  8
REZ
100
AcDbLine
 10
19.823348568716106
 20
16.743580610796997
 30
0.0
 11
20.29539337466451
 21
15.1130344588316
 31
0.0
  0
LINE
  5
C4
330
17
100
AcDbEntity
  8
REZ
100
AcDbLine
 10
20.29539337466451
 20
15.1130344588316
 30
0.0
 11
20.76101211933485
 21
13.520441181517661
 31
0.0
  0
LINE
  5
C5
330
17
100
AcDbEntity
  8
REZ
100
AcDbLine
 10
20.76101211933485
 20
13.520441181517661
 30
0.0
 11
21.21068909373418
 21
11.99224493960444
 31
0.0
  0
LINE
  5
C6
330
17
100
AcDbEntity
  8
REZ
100
AcDbLine
 10
21.21068909373418
 20
11.99224493960444
 30
0.0
 11
21.634857664138043
 21
10.555021855982503
 31
0.0
  0
LINE
  5
C7
330
17
100
AcDbEntity
  8
REZ
100
AcDbLine
 10
21.634857664138043
 20
10.555021855982503
 30
0.0
 11
22.023757936474713
 21
9.235962659878382
 31
0.0
  0
LINE
  5
C8
330
17
100
AcDbEntity
  8
REZ
100
AcDbLine
 10
22.023757936474713
 20
9.235962659878382
 30
0.0
 11
22.025931624736412
 21
9.228566663476066
 31
0.0
  0
LINE
  5
C9
330
17
100
AcDbEntity
  8
REZ
100
AcDbLine
 10
22.025931624736412
 20
9.228566663476066
 30
0.0
 11
22.288375447894335
 21
8.332763396677265
 31
0.0
  0
ARC
  5
CA
330
17
100
AcDbEntity
  8
REZ
100
AcDbCircle
 10
18.561085796986067
 20
5.0
 30
0.0
 40
5.0
100
AcDbArc
 50
-189.87745893479143
 51
41.80155324835346
  0
LINE
  5
CB
330
17
100
AcDbEntity
  8
REZ
100
AcDbLine
 10
13.63520134927235
 20
5.857707647028988
 30
0.0
 11
13.39004825527926
 21
6.694492219903985
 31
0.0
  0
LINE
  5
CC
330
17
100
AcDbEntity
  8
REZ
100
AcDbLine
 10
13.39004825527926
 20
6.694492219903985
 30
0.0
 11
13.002763614246696
 21
8.008072171078204
 31
0.0
  0
LINE
  5
CD
330
17
100
AcDbEntity
  8
REZ
100
AcDbLine
 10
13.002763614246696
 20
8.008072171078204
 30
0.0
 11
12.578256312646591
 21
9.446442987767497
 31
0.0
  0
LINE
  5
CE
330
17
100
AcDbEntity
  8
REZ
100
AcDbLine
 10
12.578256312646591
 20
9.446442987767497
 30
0.0
 11
12.125935679751928
 21
10.983618328609353
 31
0.0
  0
LINE
  5
CF
330
17
100
AcDbEntity
  8
REZ
100
AcDbLine
 10
12.125935679751928
 20
10.983618328609353
 30
0.0
 11
12.123733546542343
 21
10.991126222787258
 31
0.0
  0
LINE
  5
D0
330
17
100
AcDbEntity
  8
REZ
100
AcDbLine
 10
12.123733546542343
 20
10.991126222787258
 30
0.0
 11
11.655349757479843
 21
12.593177004037258
 31
0.0
  0
LINE
  5
D1
330
17
100
AcDbEntity
  8
REZ
100
AcDbLine
 10
11.655349757479843
 20
12.593177004037258
 30
0.0
 11
11.65203033889187
 21
12.604586585907924
 31
0.0
  0
LINE
  5
D2
330
17
100
AcDbEntity
  8
REZ
100
AcDbLine
 10
11.65203033889187
 20
12.604586585907924
 30
0.0
 11
11.17607819045437
 21
14.248629554657924
 31
0.0
  0
LINE
  5
D3
330
17
100
AcDbEntity
  8
REZ
100
AcDbLine
 10
11.17607819045437
 20
14.248629554657924
 30
0.0
 11
11.171595951614595
 21
14.26421730144326
 31
0.0
  0
LINE
  5
D4
330
17
100
AcDbEntity
  8
REZ
100
AcDbLine
 10
11.171595951614595
 20
14.26421730144326
 30
0.0
 11
10.697596928177095
 21
15.92388527019326
 31
0.0
  0
LINE
  5
D5
330
17
100
AcDbEntity
  8
REZ
100
AcDbLine
 10
10.697596928177095
 20
15.92388527019326
 30
0.0
 11
10.691812140295571
 21
15.94432275958539
 31
0.0
  0
LINE
  5
D6
330
17
100
AcDbEntity
  8
REZ
100
AcDbLine
 10
10.691812140295571
 20
15.94432275958539
 30
0.0
 11
10.229287726233071
 21
17.59324854083539
 31
0.0
  0
LINE
  5
D7
330
17
100
AcDbEntity
  8
REZ
100
AcDbLine
 10
10.229287726233071
 20
17.59324854083539
 30
0.0
 11
10.22195531997357
 21
17.619698933132632
 31
0.0
  0
LINE
  5
D8
330
17
100
AcDbEntity
  8
REZ
100
AcDbLine
 10
10.22195531997357
 20
17.619698933132632
 30
0.0
 11
9.78042699966107
 21
19.231515339382632
 31
0.0
  0
LINE
  5
D9
330
17
100
AcDbEntity
  8
REZ
100
AcDbLine
 10
9.78042699966107
 20
19.231515339382632
 30
0.0
 11
9.771164911150269
 21
19.265859079771417
 31
0.0
  0
LINE
  5
DA
330
17
100
AcDbEntity
  8
REZ
100
AcDbLine
 10
9.771164911150269
 20
19.265859079771417
 30
0.0
 11
9.360154168962769
 21
20.814198923521424
 31
0.0
  0
LINE
  5
DB
330
17
100
AcDbEntity
  8
REZ
100
AcDbLine
 10
9.360154168962769
 20
20.814198923521424
 30
0.0
 11
9.34838459977987
 21
20.859484809105325
 31
0.0
  0
LINE
  5
DC
330
17
100
AcDbEntity
  8
REZ
100
AcDbLine
 10
9.34838459977987
 20
20.859484809105325
 30
0.0
 11
8.97741292009237
 21
22.317980902855318
 31
0.0
  0
LINE
  5
DD
330
17
100
AcDbEntity
  8
REZ
100
AcDbLine
 10
8.97741292009237
 20
22.317980902855318
 30
0.0
 11
8.962263844787305
 21
22.379340882307467
 31
0.0
  0
LINE
  5
DE
330
17
100
AcDbEntity
  8
REZ
100
AcDbLine
 10
8.962263844787305
 20
22.379340882307467
 30
0.0
 11
8.640852711974805
 21
23.721626038557474
 31
0.0
  0
LINE
  5
DF
330
17
100
AcDbEntity
  8
REZ
100
AcDbLine
 10
8.640852711974805
 20
23.721626038557474
 30
0.0
 11
8.621008714575032
 21
23.80826881883
 31
0.0
  0
LINE
  5
E0
330
17
100
AcDbEntity
  8
REZ
100
AcDbLine
 10
8.621008714575032
 20
23.80826881883
 30
0.0
 11
8.58640103894523
 21
23.966539752329332
 31
0.0
  0
ARC
  5
E1
330
17
100
AcDbEntity
  8
REZ
100
AcDbCircle
 10
12.561085796986067
 20
27.0
 30
0.0
 40
5.0
100
AcDbArc
 50
159.22834437137038
 51
217.35069902697361
  0
LINE
  5
E2
330
17
100
AcDbEntity
  8
REZ
100
AcDbLine
 10
7.886079625296627
 20
28.77322229138526
 30
0.0
 11
7.887660483948359
 21
29.32228255377661
 31
0.0
  0
LINE
  5
E3
330
17
100
AcDbEntity
  8
REZ
100
AcDbLine
 10
7.887660483948359
 20
29.32228255377661
 30
0.0
 11
7.9041147745613465
 21
29.694014520876856
 31
0.0
  0
LINE
  5
E4
330
17
100
AcDbEntity
  8
REZ
100
AcDbLine
 10
7.9041147745613465
 20
29.694014520876856
 30
0.0
 11
7.953990437985901
 21
30.275313349001856
 31
0.0
  0
LINE
  5
E5
330
17
100
AcDbEntity
  8
REZ
100
AcDbLine
 10
7.953990437985901
 20
30.275313349001856
 30
0.0
 11
8.004757730965878
 21
30.66563523943642
 31
0.0
  0
LINE
  5
E6
330
17
100
AcDbEntity
  8
REZ
100
AcDbLine
 10
8.004757730965878
 20
30.66563523943642
 30
0.0
 11
8.093755548489053
 21
31.17466844256142
 31
0.0
  0
LINE
  5
E7
330
17
100
AcDbEntity
  8
REZ
100
AcDbLine
 10
8.093755548489053
 20
31.17466844256142
 30
0.0
 11
8.176776005038779
 21
31.55281385344064
 31
0.0
  0
LINE
  5
E8
330
17
100
AcDbEntity
  8
REZ
100
AcDbLine
 10
8.176776005038779
 20
31.55281385344064
 30
0.0
 11
8.296062173586607
 21
32.00276502531564
 31
0.0
  0
LINE
  5
E9
330
17
100
AcDbEntity
  8
REZ
100
AcDbLine
 10
8.296062173586607
 20
32.00276502531564
 30
0.0
 11
8.39622106652702
 21
32.32983445833179
 31
0.0
  0
LINE
  5
EA
330
17
100
AcDbEntity
  8
REZ
100
AcDbLine
 10
8.39622106652702
 20
32.32983445833179
 30
0.0
 11
8.53696178302554
 21
32.73388719270679
 31
0.0
  0
LINE
  5
EB
330
17
100
AcDbEntity
  8
REZ
100
AcDbLine
 10
8.53696178302554
 20
32.73388719270679
 30
0.0
 11
8.627297676690448
 21
32.97141791640974
 31
0.0
  0
LINE
  5
EC
330
17
100
AcDbEntity
  8
REZ
100
AcDbLine
 10
8.627297676690448
 20
32.97141791640974
 30
0.0
 11
8.780659138065694
 21
33.34275580703474
 31
0.0
  0
LINE
  5
ED
330
17
100
AcDbEntity
  8
REZ
100
AcDbLine
 10
8.780659138065694
 20
33.34275580703474
 30
0.0
 11
8.831182667015472
 21
33.46032335232225
 31
0.0
  0
LINE
  5
EE
330
17
100
AcDbEntity
  8
REZ
100
AcDbLine
 10
8.831182667015472
 20
33.46032335232225
 30
0.0
 11
8.983422209574181
 21
33.80114057320866
 31
0.0
  0
LINE
  5
EF
330
17
100
AcDbEntity
  8
REZ
100
AcDbLine
 10
8.983422209574181
 20
33.80114057320866
 30
0.0
 11
9.09362324669071
 21
34.05143348859984
 31
0.0
  0
LINE
  5
F0
330
17
100
AcDbEntity
  8
REZ
100
AcDbLine
 10
9.09362324669071
 20
34.05143348859984
 30
0.0
 11
9.127565211136984
 21
34.13794416574087
 31
0.0
  0
LINE
  5
F1
330
17
100
AcDbEntity
  8
REZ
100
AcDbLine
 10
9.127565211136984
 20
34.13794416574087
 30
0.0
 11
9.127471040128665
 21
34.146484537654764
 31
0.0
  0
LINE
  5
F2
330
17
100
AcDbEntity
  8
REZ
100
AcDbLine
 10
9.127471040128665
 20
34.146484537654764
 30
0.0
 11
9.1041915255101
 21
34.360029287528484
 31
0.0
  0
LINE
  5
F3
330
17
100
AcDbEntity
  8
REZ
100
AcDbLine
 10
9.1041915255101
 20
34.360029287528484
 30
0.0
 11
9.032906978260712
 21
34.75936598786469
 31
0.0
  0
LINE
  5
F4
330
17
100
AcDbEntity
  8
REZ
100
AcDbLine
 10
9.032906978260712
 20
34.75936598786469
 30
0.0
 11
8.919263434404476
 21
35.2701548308464
 31
0.0
  0
LINE
  5
F5
330
17
100
AcDbEntity
  8
REZ
100
AcDbLine
 10
8.919263434404476
 20
35.2701548308464
 30
0.0
 11
8.770796741509955
 21
35.84444574237835
 31
0.0
  0
LINE
  5
F6
330
17
100
AcDbEntity
  8
REZ
100
AcDbLine
 10
8.770796741509955
 20
35.84444574237835
 30
0.0
 11
8.59032636452395
 21
36.47055213864777
 31
0.0
  0
LINE
  5
F7
330
17
100
AcDbEntity
  8
REZ
100
AcDbLine
 10
8.59032636452395
 20
36.47055213864777
 30
0.0
 11
8.381276635131302
 21
37.13883817514842
 31
0.0
  0
LINE
  5
F8
330
17
100
AcDbEntity
  8
REZ
100
AcDbLine
 10
8.381276635131302
 20
37.13883817514842
 30
0.0
 11
8.147355847941615
 21
37.84111932564532
 31
0.0
  0
LINE
  5
F9
330
17
100
AcDbEntity
  8
REZ
100
AcDbLine
 10
8.147355847941615
 20
37.84111932564532
 30
0.0
 11
7.892391070045258
 21
38.570256802031224
 31
0.0
  0
LINE
  5
FA
330
17
100
AcDbEntity
  8
REZ
100
AcDbLine
 10
7.892391070045258
 20
38.570256802031224
 30
0.0
 11
7.6202418204151465
 21
39.319885698779245
 31
0.0
  0
LINE
  5
FB
330
17
100
AcDbEntity
  8
REZ
100
AcDbLine
 10
7.6202418204151465
 20
39.319885698779245
 30
0.0
 11
7.3347538416777205
 21
40.08423510185625
 31
0.0
  0
LINE
  5
FC
330
17
100
AcDbEntity
  8
REZ
100
AcDbLine
 10
7.3347538416777205
 20
40.08423510185625
 30
0.0
 11
7.039732970072393
 21
40.85801305994367
 31
0.0
  0
LINE
  5
FD
330
17
100
AcDbEntity
  8
REZ
100
AcDbLine
 10
7.039732970072393
 20
40.85801305994367
 30
0.0
 11
6.73892848782571
 21
41.6363399452693
 31
0.0
  0
LINE
  5
FE
330
17
100
AcDbEntity
  8
REZ
100
AcDbLine
 10
6.73892848782571
 20
41.6363399452693
 30
0.0
 11
6.50000000000001
 21
42.250312820695115
 31
0.0
  0
LINE
  5
FF
330
17
100
AcDbEntity
  8
REZ
100
AcDbLine
 10
6.50000000000001
 20
42.250312820695115
 30
0.0
 11
6.500000000000006
 21
36.500000175784415
 31
0.0
  0
CIRCLE
  5
100
330
17
100
AcDbEntity
  8
REZ
100
AcDbCircle
 10
18.561085796986067
 20
5.0
 30
0.0
 40
1.65
  0
CIRCLE
  5
101
330
17
100
AcDbEntity
  8
REZ
100
AcDbCircle
 10
12.561085796986067
 20
27.0
 30
0.0
 40
1.65
  0
TEXT
  5
102
330
17
100
AcDbEntity
  8
TEXT
100
AcDbText
 10
1.0
 20
1.0
 30
0.0
 40
3.0
  1
21
 11
1.0
 21
1.0
 31
0.0
100
AcDbText
  0
LINE
  5
103
330
17
100
AcDbEntity
  8
REZ
100
AcDbLine
 10
34.06108579698607
 20
36.500000175784415
 30
0.0
 11
27.561085796986074
 21
34.000000175784415
 31
0.0
  0
LINE
  5
104
330
17
100
AcDbEntity
  8
REZ
100
AcDbLine
 10
27.561085796986074
 20
34.000000175784415
 30
0.0
 11
27.561085796986074
 21
35.51126126126126
 31
0.0
  0
LINE
  5
105
330
17
100
AcDbEntity
  8
REZ
100
AcDbLine
 10
27.561085796986074
 20
35.51126126126126
 30
0.0
 11
28.66108579698607
 21
36.75
 31
0.0
  0
LINE
  5
106
330
17
100
AcDbEntity
  8
REZ
100
AcDbLine
 10
28.66108579698607
 20
36.75
 30
0.0
 11
27.561085796986074
 21
37.98873873873873
 31
0.0
  0
LINE
  5
107
330
17
100
AcDbEntity
  8
REZ
100
AcDbLine
 10
27.561085796986074
 20
37.98873873873873
 30
0.0
 11
27.561085796986074
 21
38.01126126126127
 31
0.0
  0
LINE
  5
108
330
17
100
AcDbEntity
  8
REZ
100
AcDbLine
 10
27.561085796986074
 20
38.01126126126127
 30
0.0
 11
28.66108579698607
 21
39.25
 31
0.0
  0
LINE
  5
109
330
17
100
AcDbEntity
  8
REZ
100
AcDbLine
 10
28.66108579698607
 20
39.25
 30
0.0
 11
27.561085796986074
 21
40.48873873873873
 31
0.0
  0
LINE
  5
10A
330
17
100
AcDbEntity
  8
REZ
100
AcDbLine
 10
27.561085796986074
 20
40.48873873873873
 30
0.0
 11
27.561085796986074
 21
40.51126126126127
 31
0.0
  0
LINE
  5
10B
330
17
100
AcDbEntity
  8
REZ
100
AcDbLine
 10
27.561085796986074
 20
40.51126126126127
 30
0.0
 11
28.66108579698607
 21
41.75
 31
0.0
  0
LINE
  5
10C
330
17
100
AcDbEntity
  8
REZ
100
AcDbLine
 10
28.66108579698607
 20
41.75
 30
0.0
 11
27.561085796986074
 21
42.98873873873873
 31
0.0
  0
LINE
  5
10D
330
17
100
AcDbEntity
  8
REZ
100
AcDbLine
 10
27.561085796986074
 20
42.98873873873873
 30
0.0
 11
27.561085796986074
 21
43.011261261261254
 31
0.0
  0
LINE
  5
10E
330
17
100
AcDbEntity
  8
REZ
100
AcDbLine
 10
27.561085796986074
 20
43.011261261261254
 30
0.0
 11
28.66108579698607
 21
44.25
 31
0.0
  0
LINE
  5
10F
330
17
100
AcDbEntity
  8
REZ
100
AcDbLine
 10
28.66108579698607
 20
44.25
 30
0.0
 11
27.561085796986074
 21
45.488738738738746
 31
0.0
  0
LINE
  5
110
330
17
100
AcDbEntity
  8
REZ
100
AcDbLine
 10
27.561085796986074
 20
45.488738738738746
 30
0.0
 11
27.561085796986074
 21
45.51126126126127
 31
0.0
  0
LINE
  5
111
330
17
100
AcDbEntity
  8
REZ
100
AcDbLine
 10
27.561085796986074
 20
45.51126126126127
 30
0.0
 11
28.66108579698607
 21
46.75
 31
0.0
  0
LINE
  5
112
330
17
100
AcDbEntity
  8
REZ
100
AcDbLine
 10
28.66108579698607
 20
46.75
 30
0.0
 11
27.561085796986074
 21
47.98873873873873
 31
0.0
  0
LINE
  5
113
330
17
100
AcDbEntity
  8
REZ
100
AcDbLine
 10
27.561085796986074
 20
47.98873873873873
 30
0.0
 11
27.561085796986074
 21
48.01126126126127
 31
0.0
  0
LINE
  5
114
330
17
100
AcDbEntity
  8
REZ
100
AcDbLine
 10
27.561085796986074
 20
48.01126126126127
 30
0.0
 11
28.66108579698607
 21
49.25
 31
0.0
  0
LINE
  5
115
330
17
100
AcDbEntity
  8
REZ
100
AcDbLine
 10
28.66108579698607
 20
49.25
 30
0.0
 11
27.561085796986074
 21
50.48873873873873
 31
0.0
  0
LINE
  5
116
330
17
100
AcDbEntity
  8
REZ
100
AcDbLine
 10
27.561085796986074
 20
50.48873873873873
 30
0.0
 11
27.561085796986074
 21
50.51126126126127
 31
0.0
  0
LINE
  5
117
330
17
100
AcDbEntity
  8
REZ
100
AcDbLine
 10
27.561085796986074
 20
50.51126126126127
 30
0.0
 11
28.66108579698607
 21
51.75
 31
0.0
  0
LINE
  5
118
330
17
100
AcDbEntity
  8
REZ
100
AcDbLine
 10
28.66108579698607
 20
51.75
 30
0.0
 11
27.561085796986074
 21
52.988738738738746
 31
0.0
  0
LINE
  5
119
330
17
100
AcDbEntity
  8
REZ
100
AcDbLine
 10
27.561085796986074
 20
52.988738738738746
 30
0.0
 11
27.561085796986074
 21
53.01126126126127
 31
0.0
  0
LINE
  5
11A
330
17
100
AcDbEntity
  8
REZ
100
AcDbLine
 10
27.561085796986074
 20
53.01126126126127
 30
0.0
 11
28.66108579698607
 21
54.25
 31
0.0
  0
LINE
  5
11B
330
17
100
AcDbEntity
  8
REZ
100
AcDbLine
 10
28.66108579698607
 20
54.25
 30
0.0
 11
27.561085796986074
 21
55.48873873873873
 31
0.0
  0
LINE
  5
11C
330
17
100
AcDbEntity
  8
REZ
100
AcDbLine
 10
27.561085796986074
 20
55.48873873873873
 30
0.0
 11
27.561085796986074
 21
55.51126126126127
 31
0.0
  0
LINE
  5
11D
330
17
100
AcDbEntity
  8
REZ
100
AcDbLine
 10
27.561085796986074
 20
55.51126126126127
 30
0.0
 11
28.66108579698607
 21
56.75
 31
0.0
  0
LINE
  5
11E
330
17
100
AcDbEntity
  8
REZ
100
AcDbLine
 10
28.66108579698607
 20
56.75
 30
0.0
 11
27.561085796986074
 21
57.98873873873873
 31
0.0
  0
LINE
  5
11F
330
17
100
AcDbEntity
  8
REZ
100
AcDbLine
 10
27.561085796986074
 20
57.98873873873873
 30
0.0
 11
27.561085796986074
 21
58.011261261261254
 31
0.0
  0
LINE
  5
120
330
17
100
AcDbEntity
  8
REZ
100
AcDbLine
 10
27.561085796986074
 20
58.011261261261254
 30
0.0
 11
28.66108579698607
 21
59.25
 31
0.0
  0
LINE
  5
121
330
17
100
AcDbEntity
  8
REZ
100
AcDbLine
 10
28.66108579698607
 20
59.25
 30
0.0
 11
27.561085796986074
 21
60.488738738738746
 31
0.0
  0
LINE
  5
122
330
17
100
AcDbEntity
  8
REZ
100
AcDbLine
 10
27.561085796986074
 20
60.488738738738746
 30
0.0
 11
27.561085796986074
 21
62.35387061456227
 31
0.0
  0
LINE
  5
123
330
17
100
AcDbEntity
  8
REZ
100
AcDbLine
 10
27.561085796986074
 20
62.35387061456227
 30
0.0
 11
28.022239500241984
 21
62.71540838690834
 31
0.0
  0
LINE
  5
124
330
17
100
AcDbEntity
  8
REZ
100
AcDbLine
 10
28.022239500241984
 20
62.71540838690834
 30
0.0
 11
28.52891779154681
 21
63.01500849285142
 31
0.0
  0
LINE
  5
125
330
17
100
AcDbEntity
  8
REZ
100
AcDbLine
 10
28.52891779154681
 20
63.01500849285142
 30
0.0
 11
29.07036704084811
 21
63.24591069031115
 31
0.0
  0
LINE
  5
126
330
17
100
AcDbEntity
  8
REZ
100
AcDbLine
 10
29.07036704084811
 20
63.24591069031115
 30
0.0
 11
29.637322901372258
 21
63.40416417867081
 31
0.0
  0
LINE
  5
127
330
17
100
AcDbEntity
  8
REZ
100
AcDbLine
 10
29.637322901372258
 20
63.40416417867081
 30
0.0
 11
30.22008460115582
 21
63.487061196868424
 31
0.0
  0
LINE
  5
128
330
17
100
AcDbEntity
  8
REZ
100
AcDbLine
 10
30.22008460115582
 20
63.487061196868424
 30
0.0
 11
30.808680925943424
 21
63.49318335393923
 31
0.0
  0
LINE
  5
129
330
17
100
AcDbEntity
  8
REZ
100
AcDbLine
 10
30.808680925943424
 20
63.49318335393923
 30
0.0
 11
31.393040829428234
 21
63.42242589807836
 31
0.0
  0
LINE
  5
12A
330
17
100
AcDbEntity
  8
REZ
100
AcDbLine
 10
31.393040829428234
 20
63.42242589807836
 30
0.0
 11
31.963165751646443
 21
63.27599950897326
 31
0.0
  0
LINE
  5
12B
330
17
100
AcDbEntity
  8
REZ
100
AcDbLine
 10
31.963165751646443
 20
63.27599950897326
 30
0.0
 11
32.39024802332768
 21
63.10427827905829
 31
0.0
  0
LINE
  5
12C
330
17
100
AcDbEntity
  8
REZ
100
AcDbLine
 10
32.39024802332768
 20
63.10427827905829
 30
0.0
 11
32.415665743002165
 21
63.0968736686732
 31
0.0
  0
LINE
  5
12D
330
17
100
AcDbEntity
  8
REZ
100
AcDbLine
 10
32.415665743002165
 20
63.0968736686732
 30
0.0
 11
32.557877657064665
 21
63.0536607780482
 31
0.0
  0
LINE
  5
12E
330
17
100
AcDbEntity
  8
REZ
100
AcDbLine
 10
32.557877657064665
 20
63.0536607780482
 30
0.0
 11
32.75939689779047
 21
62.987197694084315
 31
0.0
  0
LINE
  5
12F
330
17
100
AcDbEntity
  8
REZ
100
AcDbLine
 10
32.75939689779047
 20
62.987197694084315
 30
0.0
 11
32.91088615560297
 21
62.933242615959315
 31
0.0
  0
LINE
  5
130
330
17
100
AcDbEntity
  8
REZ
100
AcDbLine
 10
32.91088615560297
 20
62.933242615959315
 30
0.0
 11
33.18471185937324
 21
62.825502710938395
 31
0.0
  0
LINE
  5
131
330
17
100
AcDbEntity
  8
REZ
100
AcDbLine
 10
33.18471185937324
 20
62.825502710938395
 30
0.0
 11
33.34474603906074
 21
62.756410914063395
 31
0.0
  0
LINE
  5
132
330
17
100
AcDbEntity
  8
REZ
100
AcDbLine
 10
33.34474603906074
 20
62.756410914063395
 30
0.0
 11
33.662191199319835
 21
62.60436629229879
 31
0.0
  0
LINE
  5
133
330
17
100
AcDbEntity
  8
REZ
100
AcDbLine
 10
33.662191199319835
 20
62.60436629229879
 30
0.0
 11
33.830037879007335
 21
62.51574324542379
 31
0.0
  0
LINE
  5
134
330
17
100
AcDbEntity
  8
REZ
100
AcDbLine
 10
33.830037879007335
 20
62.51574324542379
 30
0.0
 11
34.163809660865034
 21
62.32073596065902
 31
0.0
  0
LINE
  5
135
330
17
100
AcDbEntity
  8
REZ
100
AcDbLine
 10
34.163809660865034
 20
62.32073596065902
 30
0.0
 11
34.338736418677534
 21
62.20818713253402
 31
0.0
  0
LINE
  5
136
330
17
100
AcDbEntity
  8
REZ
100
AcDbLine
 10
34.338736418677534
 20
62.20818713253402
 30
0.0
 11
34.66510088025221
 21
61.9770723572034
 31
0.0
  0
LINE
  5
137
330
17
100
AcDbEntity
  8
REZ
100
AcDbLine
 10
34.66510088025221
 20
61.9770723572034
 30
0.0
 11
34.84637529431471
 21
61.8362032165784
 31
0.0
  0
LINE
  5
138
330
17
100
AcDbEntity
  8
REZ
100
AcDbLine
 10
34.84637529431471
 20
61.8362032165784
 30
0.0
 11
35.14757659406381
 21
61.58014615004576
 31
0.0
  0
LINE
  5
139
330
17
100
AcDbEntity
  8
REZ
100
AcDbLine
 10
35.14757659406381
 20
61.58014615004576
 30
0.0
 11
35.33446624250131
 21
61.40656216567076
 31
0.0
  0
LINE
  5
13A
330
17
100
AcDbEntity
  8
REZ
100
AcDbLine
 10
35.33446624250131
 20
61.40656216567076
 30
0.0
 11
35.59992088780265
 21
61.138417361050315
 31
0.0
  0
LINE
  5
13B
330
17
100
AcDbEntity
  8
REZ
100
AcDbLine
 10
35.59992088780265
 20
61.138417361050315
 30
0.0
 11
35.79169334874015
 21
60.927724001675315
 31
0.0
  0
LINE
  5
13C
330
17
100
AcDbEntity
  8
REZ
100
AcDbLine
 10
35.79169334874015
 20
60.927724001675315
 30
0.0
 11
36.01745468234453
 21
60.6593895659375
 31
0.0
  0
LINE
  5
13D
330
17
100
AcDbEntity
  8
REZ
100
AcDbLine
 10
36.01745468234453
 20
60.6593895659375
 30
0.0
 11
36.21337753390703
 21
60.4071923003125
 31
0.0
  0
LINE
  5
13E
330
17
100
AcDbEntity
  8
REZ
100
AcDbLine
 10
36.21337753390703
 20
60.4071923003125
 30
0.0
 11
36.40040622612261
 21
60.14793518497849
 31
0.0
  0
LINE
  5
13F
330
17
100
AcDbEntity
  8
REZ
100
AcDbLine
 10
36.40040622612261
 20
60.14793518497849
 30
0.0
 11
36.59974704643511
 21
59.84983948185349
 31
0.0
  0
LINE
  5
140
330
17
100
AcDbEntity
  8
REZ
100
AcDbLine
 10
36.59974704643511
 20
59.84983948185349
 30
0.0
 11
36.7518891996024
 21
59.60579346130224
 31
0.0
  0
LINE
  5
141
330
17
100
AcDbEntity
  8
REZ
100
AcDbLine
 10
36.7518891996024
 20
59.60579346130224
 30
0.0
 11
36.9539155667899
 21
59.25740478942724
 31
0.0
  0
LINE
  5
142
330
17
100
AcDbEntity
  8
REZ
100
AcDbLine
 10
36.9539155667899
 20
59.25740478942724
 30
0.0
 11
37.054165475548345
 21
59.07492522290636
 31
0.0
  0
LINE
  5
143
330
17
100
AcDbEntity
  8
REZ
100
AcDbLine
 10
37.054165475548345
 20
59.07492522290636
 30
0.0
 11
37.262854893644686
 21
58.67331389478136
 31
0.0
  0
LINE
  5
144
330
17
100
AcDbEntity
  8
REZ
100
AcDbLine
 10
37.262854893644686
 20
58.67331389478136
 30
0.0
 11
37.318901602445834
 21
58.56169595784867
 31
0.0
  0
LINE
  5
145
330
17
100
AcDbEntity
  8
REZ
100
AcDbLine
 10
37.318901602445834
 20
58.56169595784867
 30
0.0
 11
37.53801726190916
 21
58.10979166097367
 31
0.0
  0
LINE
  5
146
330
17
100
AcDbEntity
  8
REZ
100
AcDbLine
 10
37.53801726190916
 20
58.10979166097367
 30
0.0
 11
37.57865998396237
 21
58.02366008112385
 31
0.0
  0
LINE
  5
147
330
17
100
AcDbEntity
  8
REZ
100
AcDbLine
 10
37.57865998396237
 20
58.02366008112385
 30
0.0
 11
37.80714799255414
 21
57.52585734674885
 31
0.0
  0
LINE
  5
148
330
17
100
AcDbEntity
  8
REZ
100
AcDbLine
 10
37.80714799255414
 20
57.52585734674885
 30
0.0
 11
37.83767100495588
 21
57.457878376992156
 31
0.0
  0
LINE
  5
149
330
17
100
AcDbEntity
  8
REZ
100
AcDbLine
 10
37.83767100495588
 20
57.457878376992156
 30
0.0
 11
38.07447747043757
 21
56.918571736367156
 31
0.0
  0
LINE
  5
14A
330
17
100
AcDbEntity
  8
REZ
100
AcDbLine
 10
38.07447747043757
 20
56.918571736367156
 30
0.0
 11
38.09801484283676
 21
56.86399094739497
 31
0.0
  0
LINE
  5
14B
330
17
100
AcDbEntity
  8
REZ
100
AcDbLine
 10
38.09801484283676
 20
56.86399094739497
 30
0.0
 11
38.34208587296983
 21
56.28757493176997
 31
0.0
  0
LINE
  5
14C
330
17
100
AcDbEntity
  8
REZ
100
AcDbLine
 10
38.34208587296983
 20
56.28757493176997
 30
0.0
 11
38.360598275055736
 21
56.24319579203558
 31
0.0
  0
LINE
  5
14D
330
17
100
AcDbEntity
  8
REZ
100
AcDbLine
 10
38.360598275055736
 20
56.24319579203558
 30
0.0
 11
38.610879977601655
 21
55.63406493266058
 31
0.0
  0
LINE
  5
14E
330
17
100
AcDbEntity
  8
REZ
100
AcDbLine
 10
38.610879977601655
 20
55.63406493266058
 30
0.0
 11
38.62564746234162
 21
55.597673165258854
 31
0.0
  0
LINE
  5
14F
330
17
100
AcDbEntity
  8
REZ
100
AcDbLine
 10
38.62564746234162
 20
55.597673165258854
 30
0.0
 11
38.88108594506184
 21
54.960221993383854
 31
0.0
  0
LINE
  5
150
330
17
100
AcDbEntity
  8
REZ
100
AcDbLine
 10
38.88108594506184
 20
54.960221993383854
 30
0.0
 11
38.89297295479529
 21
54.93024715422315
 31
0.0
  0
LINE
  5
151
330
17
100
AcDbEntity
  8
REZ
100
AcDbLine
 10
38.89297295479529
 20
54.93024715422315
 30
0.0
 11
39.15251432545129
 21
54.26887020109815
 31
0.0
  0
LINE
  5
152
330
17
100
AcDbEntity
  8
REZ
100
AcDbLine
 10
39.15251432545129
 20
54.26887020109815
 30
0.0
 11
39.162119912321735
 21
54.244179246808784
 31
0.0
  0
LINE
  5
153
330
17
100
AcDbEntity
  8
REZ
100
AcDbLine
 10
39.162119912321735
 20
54.244179246808784
 30
0.0
 11
39.42471027867498
 21
53.563271043683784
 31
0.0
  0
LINE
  5
154
330
17
100
AcDbEntity
  8
REZ
100
AcDbLine
 10
39.42471027867498
 20
53.563271043683784
 30
0.0
 11
39.43245700005187
 21
53.5430385196327
 31
0.0
  0
LINE
  5
155
330
17
100
AcDbEntity
  8
REZ
100
AcDbLine
 10
39.43245700005187
 20
53.5430385196327
 30
0.0
 11
39.69704246986381
 21
52.8469935977577
 31
0.0
  0
LINE
  5
156
330
17
100
AcDbEntity
  8
REZ
100
AcDbLine
 10
39.69704246986381
 20
52.8469935977577
 30
0.0
 11
39.70323079385261
 21
52.8306181466162
 31
0.0
  0
LINE
  5
157
330
17
100
AcDbEntity
  8
REZ
100
AcDbLine
 10
39.70323079385261
 20
52.8306181466162
 30
0.0
 11
39.968757474884725
 21
52.1238310372412
 31
0.0
  0
LINE
  5
158
330
17
100
AcDbEntity
  8
REZ
100
AcDbLine
 10
39.968757474884725
 20
52.1238310372412
 30
0.0
 11
39.97359984049785
 21
52.11088108696073
 31
0.0
  0
LINE
  5
159
330
17
100
AcDbEntity
  8
REZ
100
AcDbLine
 10
39.97359984049785
 20
52.11088108696073
 30
0.0
 11
40.23901384051159
 21
51.39774632133573
 31
0.0
  0
LINE
  5
15A
330
17
100
AcDbEntity
  8
REZ
100
AcDbLine
 10
40.23901384051159
 20
51.39774632133573
 30
0.0
 11
40.24265611375484
 21
51.38792502885937
 31
0.0
  0
LINE
  5
15B
330
17
100
AcDbEntity
  8
REZ
100
AcDbLine
 10
40.24265611375484
 20
51.38792502885937
 30
0.0
 11
40.506903540511686
 21
50.67283713823437
 31
0.0
  0
LINE
  5
15C
330
17
100
AcDbEntity
  8
REZ
100
AcDbLine
 10
40.506903540511686
 20
50.67283713823437
 30
0.0
 11
40.50943819211182
 21
50.66596082512925
 31
0.0
  0
LINE
  5
15D
330
17
100
AcDbEntity
  8
REZ
100
AcDbLine
 10
40.50943819211182
 20
50.66596082512925
 30
0.0
 11
40.77146515337323
 21
49.95331434075425
 31
0.0
  0
LINE
  5
15E
330
17
100
AcDbEntity
  8
REZ
100
AcDbLine
 10
40.77146515337323
 20
49.95331434075425
 30
0.0
 11
41.03169114338676
 21
49.2434906741547
 31
0.0
  0
LINE
  5
15F
330
17
100
AcDbEntity
  8
REZ
100
AcDbLine
 10
41.03169114338676
 20
49.2434906741547
 30
0.0
 11
41.282534533797985
 21
48.55868711757344
 31
0.0
  0
LINE
  5
160
330
17
100
AcDbEntity
  8
REZ
100
AcDbLine
 10
41.282534533797985
 20
48.55868711757344
 30
0.0
 11
41.533762760620235
 21
47.88364514717615
 31
0.0
  0
LINE
  5
161
330
17
100
AcDbEntity
  8
REZ
100
AcDbLine
 10
41.533762760620235
 20
47.88364514717615
 30
0.0
 11
41.80152298720105
 21
47.18101215665028
 31
0.0
  0
LINE
  5
162
330
17
100
AcDbEntity
  8
REZ
100
AcDbLine
 10
41.80152298720105
 20
47.18101215665028
 30
0.0
 11
42.08639405594609
 21
46.44424072879947
 31
0.0
  0
LINE
  5
163
330
17
100
AcDbEntity
  8
REZ
100
AcDbLine
 10
42.08639405594609
 20
46.44424072879947
 30
0.0
 11
42.38418344393372
 21
45.679216932307824
 31
0.0
  0
LINE
  5
164
330
17
100
AcDbEntity
  8
REZ
100
AcDbLine
 10
42.38418344393372
 20
45.679216932307824
 30
0.0
 11
42.68920989729918
 21
44.89539262414331
 31
0.0
  0
LINE
  5
165
330
17
100
AcDbEntity
  8
REZ
100
AcDbLine
 10
42.68920989729918
 20
44.89539262414331
 30
0.0
 11
42.69299441073986
 21
44.88563402153109
 31
0.0
  0
LINE
  5
166
330
17
100
AcDbEntity
  8
REZ
100
AcDbLine
 10
42.69299441073986
 20
44.88563402153109
 30
0.0
 11
42.99936326447346
 21
44.09290941215609
 31
0.0
  0
LINE
  5
167
330
17
100
AcDbEntity
  8
REZ
100
AcDbLine
 10
42.99936326447346
 20
44.09290941215609
 30
0.0
 11
43.00667565595675
 21
44.07386038964982
 31
0.0
  0
LINE
  5
168
330
17
100
AcDbEntity
  8
REZ
100
AcDbLine
 10
43.00667565595675
 20
44.07386038964982
 30
0.0
 11
43.3107820657362
 21
43.27625296777482
 31
0.0
  0
LINE
  5
169
330
17
100
AcDbEntity
  8
REZ
100
AcDbLine
 10
43.3107820657362
 20
43.27625296777482
 30
0.0
 11
43.32158659183337
 21
43.247622904266834
 31
0.0
  0
LINE
  5
16A
330
17
100
AcDbEntity
  8
REZ
100
AcDbLine
 10
43.32158659183337
 20
43.247622904266834
 30
0.0
 11
43.619678967135755
 21
42.449527201141834
 31
0.0
  0
LINE
  5
16B
330
17
100
AcDbEntity
  8
REZ
100
AcDbLine
 10
43.619678967135755
 20
42.449527201141834
 30
0.0
 11
43.634001480757874
 21
42.41063544513598
 31
0.0
  0
LINE
  5
16C
330
17
100
AcDbEntity
  8
REZ
100
AcDbLine
 10
43.634001480757874
 20
42.41063544513598
 30
0.0
 11
43.92232823106026
 21
41.61644599201098
 31
0.0
  0
LINE
  5
16D
330
17
100
AcDbEntity
  8
REZ
100
AcDbLine
 10
43.92232823106026
 20
41.61644599201098
 30
0.0
 11
43.94024173632418
 21
41.566176370461065
 31
0.0
  0
LINE
  5
16E
330
17
100
AcDbEntity
  8
REZ
100
AcDbLine
 10
43.94024173632418
 20
41.566176370461065
 30
0.0
 11
44.21505127110363
 21
40.780287698586065
 31
0.0
  0
LINE
  5
16F
330
17
100
AcDbEntity
  8
REZ
100
AcDbLine
 10
44.21505127110363
 20
40.780287698586065
 30
0.0
 11
44.23665510520139
 21
40.717000622335235
 31
0.0
  0
LINE
  5
170
330
17
100
AcDbEntity
  8
REZ
100
AcDbLine
 10
44.23665510520139
 20
40.717000622335235
 30
0.0
 11
44.494195833934995
 21
39.943807262960235
 31
0.0
  0
LINE
  5
171
330
17
100
AcDbEntity
  8
REZ
100
AcDbLine
 10
44.494195833934995
 20
39.943807262960235
 30
0.0
 11
44.51958058547108
 21
39.865197444540996
 31
0.0
  0
LINE
  5
172
330
17
100
AcDbEntity
  8
REZ
100
AcDbLine
 10
44.51958058547108
 20
39.865197444540996
 30
0.0
 11
44.75610091763589
 21
39.109093928915996
 31
0.0
  0
LINE
  5
173
330
17
100
AcDbEntity
  8
REZ
100
AcDbLine
 10
44.75610091763589
 20
39.109093928915996
 30
0.0
 11
44.78528450829574
 21
39.01197293580036
 31
0.0
  0
LINE
  5
174
330
17
100
AcDbEntity
  8
REZ
100
AcDbLine
 10
44.78528450829574
 20
39.01197293580036
 30
0.0
 11
44.997032853368836
 21
38.27735379517536
 31
0.0
  0
LINE
  5
175
330
17
100
AcDbEntity
  8
REZ
100
AcDbLine
 10
44.997032853368836
 20
38.27735379517536
 30
0.0
 11
45.02983995876891
 21
38.15732453034471
 31
0.0
  0
LINE
  5
176
330
17
100
AcDbEntity
  8
REZ
100
AcDbLine
 10
45.02983995876891
 20
38.15732453034471
 30
0.0
 11
45.21306472622736
 21
37.44858429596971
 31
0.0
  0
LINE
  5
177
330
17
100
AcDbEntity
  8
REZ
100
AcDbLine
 10
45.21306472622736
 20
37.44858429596971
 30
0.0
 11
45.24889509750048
 21
37.29955825111719
 31
0.0
  0
LINE
  5
178
330
17
100
AcDbEntity
  8
REZ
100
AcDbLine
 10
45.24889509750048
 20
37.29955825111719
 30
0.0
 11
45.39984469682136
 21
36.62109145424219
 31
0.0
  0
LINE
  5
179
330
17
100
AcDbEntity
  8
REZ
100
AcDbLine
 10
45.39984469682136
 20
36.62109145424219
 30
0.0
 11
45.437221937195815
 21
36.43458172504942
 31
0.0
  0
LINE
  5
17A
330
17
100
AcDbEntity
  8
REZ
100
AcDbLine
 10
45.437221937195815
 20
36.43458172504942
 30
0.0
 11
45.552144777856185
 21
35.79078289692442
 31
0.0
  0
LINE
  5
17B
330
17
100
AcDbEntity
  8
REZ
100
AcDbLine
 10
45.552144777856185
 20
35.79078289692442
 30
0.0
 11
45.595668135034174
 21
35.48767683675359
 31
0.0
  0
LINE
  5
17C
330
17
100
AcDbEntity
  8
REZ
100
AcDbLine
 10
45.595668135034174
 20
35.48767683675359
 30
0.0
 11
45.659357625307834
 21
34.90344832112861
 31
0.0
  0
LINE
  5
17D
330
17
100
AcDbEntity
  8
REZ
100
AcDbLine
 10
45.659357625307834
 20
34.90344832112861
 30
0.0
 11
45.68558754238852
 21
34.46538803292826
 31
0.0
  0
LINE
  5
17E
330
17
100
AcDbEntity
  8
REZ
100
AcDbLine
 10
45.68558754238852
 20
34.46538803292826
 30
0.0
 11
45.6912273529472
 21
33.95391342355326
 31
0.0
  0
LINE
  5
17F
330
17
100
AcDbEntity
  8
REZ
100
AcDbLine
 10
45.6912273529472
 20
33.95391342355326
 30
0.0
 11
45.67072451850787
 21
33.47237589975396
 31
0.0
  0
LINE
  5
180
330
17
100
AcDbEntity
  8
REZ
100
AcDbLine
 10
45.67072451850787
 20
33.47237589975396
 30
0.0
 11
45.62714845242551
 21
33.02047160287895
 31
0.0
  0
LINE
  5
181
330
17
100
AcDbEntity
  8
REZ
100
AcDbLine
 10
45.62714845242551
 20
33.02047160287895
 30
0.0
 11
45.55447173560553
 21
32.54006349416667
 31
0.0
  0
LINE
  5
182
330
17
100
AcDbEntity
  8
REZ
100
AcDbLine
 10
45.55447173560553
 20
32.54006349416667
 30
0.0
 11
45.47051359595613
 21
32.13454591604167
 31
0.0
  0
LINE
  5
183
330
17
100
AcDbEntity
  8
REZ
100
AcDbLine
 10
45.47051359595613
 20
32.13454591604167
 30
0.0
 11
45.36188421513535
 21
31.713493981999648
 31
0.0
  0
LINE
  5
184
330
17
100
AcDbEntity
  8
REZ
100
AcDbLine
 10
45.36188421513535
 20
31.713493981999648
 30
0.0
 11
45.24637780499285
 21
31.341179528874648
 31
0.0
  0
LINE
  5
185
330
17
100
AcDbEntity
  8
REZ
100
AcDbLine
 10
45.24637780499285
 20
31.341179528874648
 30
0.0
 11
45.137572848233546
 21
31.030986428769957
 31
0.0
  0
LINE
  5
186
330
17
100
AcDbEntity
  8
REZ
100
AcDbLine
 10
45.137572848233546
 20
31.030986428769957
 30
0.0
 11
44.99935197067191
 21
30.678691506894957
 31
0.0
  0
LINE
  5
187
330
17
100
AcDbEntity
  8
REZ
100
AcDbLine
 10
44.99935197067191
 20
30.678691506894957
 30
0.0
 11
44.92871925921732
 21
30.50894721377317
 31
0.0
  0
LINE
  5
188
330
17
100
AcDbEntity
  8
REZ
100
AcDbLine
 10
44.92871925921732
 20
30.50894721377317
 30
0.0
 11
44.776617717310515
 21
30.16348822939817
 31
0.0
  0
LINE
  5
189
330
17
100
AcDbEntity
  8
REZ
100
AcDbLine
 10
44.776617717310515
 20
30.16348822939817
 30
0.0
 11
44.76685885174399
 21
30.14148328830275
 31
0.0
  0
LINE
  5
18A
330
17
100
AcDbEntity
  8
REZ
100
AcDbLine
 10
44.76685885174399
 20
30.14148328830275
 30
0.0
 11
44.635808097496515
 21
29.848101206965566
 31
0.0
  0
LINE
  5
18B
330
17
100
AcDbEntity
  8
REZ
100
AcDbLine
 10
44.635808097496515
 20
29.848101206965566
 30
0.0
 11
44.55539532201283
 21
29.653395769500072
 31
0.0
  0
LINE
  5
18C
330
17
100
AcDbEntity
  8
REZ
100
AcDbLine
 10
44.55539532201283
 20
29.653395769500072
 30
0.0
 11
44.512767074461635
 21
29.531014269581718
 31
0.0
  0
LINE
  5
18D
330
17
100
AcDbEntity
  8
REZ
100
AcDbLine
 10
44.512767074461635
 20
29.531014269581718
 30
0.0
 11
44.48791471680707
 21
29.437270396451666
 31
0.0
  0
ARC
  5
18E
330
17
100
AcDbEntity
  8
REZ
100
AcDbCircle
 10
40.12217159397213
 20
27.0
 30
0.0
 40
5.0
100
AcDbArc
 50
-14.30433980360047
 51
29.173382506073153
  0
LINE
  5
18F
330
17
100
AcDbEntity
  8
REZ
100
AcDbLine
 10
44.967156693812825
 20
25.764637954961486
 30
0.0
 11
45.26856610429437
 21
24.505884488324604
 31
0.0
  0
LINE
  5
190
330
17
100
AcDbEntity
  8
REZ
100
AcDbLine
 10
45.26856610429437
 20
24.505884488324604
 30
0.0
 11
45.625980727130475
 21
23.100688728651775
 31
0.0
  0
LINE
  5
191
330
17
100
AcDbEntity
  8
REZ
100
AcDbLine
 10
45.625980727130475
 20
23.100688728651775
 30
0.0
 11
46.02642578894979
 21
21.592151406371947
 31
0.0
  0
LINE
  5
192
330
17
100
AcDbEntity
  8
REZ
100
AcDbLine
 10
46.02642578894979
 20
21.592151406371947
 30
0.0
 11
46.459629326810784
 21
20.010724944133443
 31
0.0
  0
LINE
  5
193
330
17
100
AcDbEntity
  8
REZ
100
AcDbLine
 10
46.459629326810784
 20
20.010724944133443
 30
0.0
 11
46.915578926609655
 21
18.385238748809336
 31
0.0
  0
LINE
  5
194
330
17
100
AcDbEntity
  8
REZ
100
AcDbLine
 10
46.915578926609655
 20
18.385238748809336
 30
0.0
 11
47.38443436570218
 21
16.743580610796997
 31
0.0
  0
LINE
  5
195
330
17
100
AcDbEntity
  8
REZ
100
AcDbLine
 10
47.38443436570218
 20
16.743580610796997
 30
0.0
 11
47.85647917165058
 21
15.1130344588316
 31
0.0
  0
LINE
  5
196
330
17
100
AcDbEntity
  8
REZ
100
AcDbLine
 10
47.85647917165058
 20
15.1130344588316
 30
0.0
 11
48.322097916320914
 21
13.520441181517661
 31
0.0
  0
LINE
  5
197
330
17
100
AcDbEntity
  8
REZ
100
AcDbLine
 10
48.322097916320914
 20
13.520441181517661
 30
0.0
 11
48.77177489072025
 21
11.99224493960444
 31
0.0
  0
LINE
  5
198
330
17
100
AcDbEntity
  8
REZ
100
AcDbLine
 10
48.77177489072025
 20
11.99224493960444
 30
0.0
 11
49.19594346112411
 21
10.555021855982503
 31
0.0
  0
LINE
  5
199
330
17
100
AcDbEntity
  8
REZ
100
AcDbLine
 10
49.19594346112411
 20
10.555021855982503
 30
0.0
 11
49.58484373346078
 21
9.235962659878382
 31
0.0
  0
LINE
  5
19A
330
17
100
AcDbEntity
  8
REZ
100
AcDbLine
 10
49.58484373346078
 20
9.235962659878382
 30
0.0
 11
49.58701742172248
 21
9.228566663476066
 31
0.0
  0
LINE
  5
19B
330
17
100
AcDbEntity
  8
REZ
100
AcDbLine
 10
49.58701742172248
 20
9.228566663476066
 30
0.0
 11
49.8494612448804
 21
8.332763396677265
 31
0.0
  0
ARC
  5
19C
330
17
100
AcDbEntity
  8
REZ
100
AcDbCircle
 10
46.12217159397213
 20
5.0
 30
0.0
 40
5.0
100
AcDbArc
 50
-189.87745893479143
 51
41.80155324835346
  0
LINE
  5
19D
330
17
100
AcDbEntity
  8
REZ
100
AcDbLine
 10
41.19628714625841
 20
5.857707647028988
 30
0.0
 11
40.951134052265324
 21
6.694492219903985
 31
0.0
  0
LINE
  5
19E
330
17
100
AcDbEntity
  8
REZ
100
AcDbLine
 10
40.951134052265324
 20
6.694492219903985
 30
0.0
 11
40.563849411232766
 21
8.008072171078204
 31
0.0
  0
LINE
  5
19F
330
17
100
AcDbEntity
  8
REZ
100
AcDbLine
 10
40.563849411232766
 20
8.008072171078204
 30
0.0
 11
40.13934210963266
 21
9.446442987767497
 31
0.0
  0
LINE
  5
1A0
330
17
100
AcDbEntity
  8
REZ
100
AcDbLine
 10
40.13934210963266
 20
9.446442987767497
 30
0.0
 11
39.687021476737996
 21
10.983618328609353
 31
0.0
  0
LINE
  5
1A1
330
17
100
AcDbEntity
  8
REZ
100
AcDbLine
 10
39.687021476737996
 20
10.983618328609353
 30
0.0
 11
39.68481934352841
 21
10.991126222787258
 31
0.0
  0
LINE
  5
1A2
330
17
100
AcDbEntity
  8
REZ
100
AcDbLine
 10
39.68481934352841
 20
10.991126222787258
 30
0.0
 11
39.21643555446591
 21
12.593177004037258
 31
0.0
  0
LINE
  5
1A3
330
17
100
AcDbEntity
  8
REZ
100
AcDbLine
 10
39.21643555446591
 20
12.593177004037258
 30
0.0
 11
39.21311613587794
 21
12.604586585907924
 31
0.0
  0
LINE
  5
1A4
330
17
100
AcDbEntity
  8
REZ
100
AcDbLine
 10
39.21311613587794
 20
12.604586585907924
 30
0.0
 11
38.73716398744044
 21
14.248629554657924
 31
0.0
  0
LINE
  5
1A5
330
17
100
AcDbEntity
  8
REZ
100
AcDbLine
 10
38.73716398744044
 20
14.248629554657924
 30
0.0
 11
38.73268174860066
 21
14.26421730144326
 31
0.0
  0
LINE
  5
1A6
330
17
100
AcDbEntity
  8
REZ
100
AcDbLine
 10
38.73268174860066
 20
14.26421730144326
 30
0.0
 11
38.25868272516316
 21
15.92388527019326
 31
0.0
  0
LINE
  5
1A7
330
17
100
AcDbEntity
  8
REZ
100
AcDbLine
 10
38.25868272516316
 20
15.92388527019326
 30
0.0
 11
38.25289793728164
 21
15.94432275958539
 31
0.0
  0
LINE
  5
1A8
330
17
100
AcDbEntity
  8
REZ
100
AcDbLine
 10
38.25289793728164
 20
15.94432275958539
 30
0.0
 11
37.79037352321914
 21
17.59324854083539
 31
0.0
  0
LINE
  5
1A9
330
17
100
AcDbEntity
  8
REZ
100
AcDbLine
 10
37.79037352321914
 20
17.59324854083539
 30
0.0
 11
37.78304111695964
 21
17.619698933132632
 31
0.0
  0
LINE
  5
1AA
330
17
100
AcDbEntity
  8
REZ
100
AcDbLine
 10
37.78304111695964
 20
17.619698933132632
 30
0.0
 11
37.34151279664714
 21
19.231515339382632
 31
0.0
  0
LINE
  5
1AB
330
17
100
AcDbEntity
  8
REZ
100
AcDbLine
 10
37.34151279664714
 20
19.231515339382632
 30
0.0
 11
37.332250708136336
 21
19.265859079771417
 31
0.0
  0
LINE
  5
1AC
330
17
100
AcDbEntity
  8
REZ
100
AcDbLine
 10
37.332250708136336
 20
19.265859079771417
 30
0.0
 11
36.921239965948836
 21
20.814198923521424
 31
0.0
  0
LINE
  5
1AD
330
17
100
AcDbEntity
  8
REZ
100
AcDbLine
 10
36.921239965948836
 20
20.814198923521424
 30
0.0
 11
36.90947039676594
 21
20.859484809105325
 31
0.0
  0
LINE
  5
1AE
330
17
100
AcDbEntity
  8
REZ
100
AcDbLine
 10
36.90947039676594
 20
20.859484809105325
 30
0.0
 11
36.53849871707844
 21
22.317980902855318
 31
0.0
  0
LINE
  5
1AF
330
17
100
AcDbEntity
  8
REZ
100
AcDbLine
 10
36.53849871707844
 20
22.317980902855318
 30
0.0
 11
36.52334964177337
 21
22.379340882307467
 31
0.0
  0
LINE
  5
1B0
330
17
100
AcDbEntity
  8
REZ
100
AcDbLine
 10
36.52334964177337
 20
22.379340882307467
 30
0.0
 11
36.20193850896087
 21
23.721626038557474
 31
0.0
  0
LINE
  5
1B1
330
17
100
AcDbEntity
  8
REZ
100
AcDbLine
 10
36.20193850896087
 20
23.721626038557474
 30
0.0
 11
36.1820945115611
 21
23.80826881883
 31
0.0
  0
LINE
  5
1B2
330
17
100
AcDbEntity
  8
REZ
100
AcDbLine
 10
36.1820945115611
 20
23.80826881883
 30
0.0
 11
36.147486835931296
 21
23.966539752329332
 31
0.0
  0
ARC
  5
1B3
330
17
100
AcDbEntity
  8
REZ
100
AcDbCircle
 10
40.12217159397213
 20
27.0
 30
0.0
 40
5.0
100
AcDbArc
 50
159.22834437137038
 51
217.35069902697361
  0
LINE
  5
1B4
330
17
100
AcDbEntity
  8
REZ
100
AcDbLine
 10
35.447165422282694
 20
28.77322229138526
 30
0.0
 11
35.44874628093443
 21
29.32228255377661
 31
0.0
  0
LINE
  5
1B5
330
17
100
AcDbEntity
  8
REZ
100
AcDbLine
 10
35.44874628093443
 20
29.32228255377661
 30
0.0
 11
35.46520057154741
 21
29.694014520876856
 31
0.0
  0
LINE
  5
1B6
330
17
100
AcDbEntity
  8
REZ
100
AcDbLine
 10
35.46520057154741
 20
29.694014520876856
 30
0.0
 11
35.51507623497197
 21
30.275313349001856
 31
0.0
  0
LINE
  5
1B7
330
17
100
AcDbEntity
  8
REZ
100
AcDbLine
 10
35.51507623497197
 20
30.275313349001856
 30
0.0
 11
35.56584352795194
 21
30.66563523943642
 31
0.0
  0
LINE
  5
1B8
330
17
100
AcDbEntity
  8
REZ
100
AcDbLine
 10
35.56584352795194
 20
30.66563523943642
 30
0.0
 11
35.65484134547512
 21
31.17466844256142
 31
0.0
  0
LINE
  5
1B9
330
17
100
AcDbEntity
  8
REZ
100
AcDbLine
 10
35.65484134547512
 20
31.17466844256142
 30
0.0
 11
35.737861802024845
 21
31.55281385344064
 31
0.0
  0
LINE
  5
1BA
330
17
100
AcDbEntity
  8
REZ
100
AcDbLine
 10
35.737861802024845
 20
31.55281385344064
 30
0.0
 11
35.857147970572676
 21
32.00276502531564
 31
0.0
  0
LINE
  5
1BB
330
17
100
AcDbEntity
  8
REZ
100
AcDbLine
 10
35.857147970572676
 20
32.00276502531564
 30
0.0
 11
35.95730686351308
 21
32.32983445833179
 31
0.0
  0
LINE
  5
1BC
330
17
100
AcDbEntity
  8
REZ
100
AcDbLine
 10
35.95730686351308
 20
32.32983445833179
 30
0.0
 11
36.09804758001161
 21
32.73388719270679
 31
0.0
  0
LINE
  5
1BD
330
17
100
AcDbEntity
  8
REZ
100
AcDbLine
 10
36.09804758001161
 20
32.73388719270679
 30
0.0
 11
36.18838347367652
 21
32.97141791640974
 31
0.0
  0
LINE
  5
1BE
330
17
100
AcDbEntity
  8
REZ
100
AcDbLine
 10
36.18838347367652
 20
32.97141791640974
 30
0.0
 11
36.341744935051764
 21
33.34275580703474
 31
0.0
  0
LINE
  5
1BF
330
17
100
AcDbEntity
  8
REZ
100
AcDbLine
 10
36.341744935051764
 20
33.34275580703474
 30
0.0
 11
36.39226846400154
 21
33.46032335232225
 31
0.0
  0
LINE
  5
1C0
330
17
100
AcDbEntity
  8
REZ
100
AcDbLine
 10
36.39226846400154
 20
33.46032335232225
 30
0.0
 11
36.54450800656025
 21
33.80114057320866
 31
0.0
  0
LINE
  5
1C1
330
17
100
AcDbEntity
  8
REZ
100
AcDbLine
 10
36.54450800656025
 20
33.80114057320866
 30
0.0
 11
36.654709043676775
 21
34.05143348859984
 31
0.0
  0
LINE
  5
1C2
330
17
100
AcDbEntity
  8
REZ
100
AcDbLine
 10
36.654709043676775
 20
34.05143348859984
 30
0.0
 11
36.68865100812305
 21
34.13794416574087
 31
0.0
  0
LINE
  5
1C3
330
17
100
AcDbEntity
  8
REZ
100
AcDbLine
 10
36.68865100812305
 20
34.13794416574087
 30
0.0
 11
36.68855683711473
 21
34.146484537654764
 31
0.0
  0
LINE
  5
1C4
330
17
100
AcDbEntity
  8
REZ
100
AcDbLine
 10
36.68855683711473
 20
34.146484537654764
 30
0.0
 11
36.665277322496166
 21
34.360029287528484
 31
0.0
  0
LINE
  5
1C5
330
17
100
AcDbEntity
  8
REZ
100
AcDbLine
 10
36.665277322496166
 20
34.360029287528484
 30
0.0
 11
36.593992775246775
 21
34.75936598786469
 31
0.0
  0
LINE
  5
1C6
330
17
100
AcDbEntity
  8
REZ
100
AcDbLine
 10
36.593992775246775
 20
34.75936598786469
 30
0.0
 11
36.48034923139054
 21
35.2701548308464
 31
0.0
  0
LINE
  5
1C7
330
17
100
AcDbEntity
  8
REZ
100
AcDbLine
 10
36.48034923139054
 20
35.2701548308464
 30
0.0
 11
36.33188253849602
 21
35.84444574237835
 31
0.0
  0
LINE
  5
1C8
330
17
100
AcDbEntity
  8
REZ
100
AcDbLine
 10
36.33188253849602
 20
35.84444574237835
 30
0.0
 11
36.15141216151002
 21
36.47055213864777
 31
0.0
  0
LINE
  5
1C9
330
17
100
AcDbEntity
  8
REZ
100
AcDbLine
 10
36.15141216151002
 20
36.47055213864777
 30
0.0
 11
35.94236243211737
 21
37.13883817514842
 31
0.0
  0
LINE
  5
1CA
330
17
100
AcDbEntity
  8
REZ
100
AcDbLine
 10
35.94236243211737
 20
37.13883817514842
 30
0.0
 11
35.70844164492768
 21
37.84111932564532
 31
0.0
  0
LINE
  5
1CB
330
17
100
AcDbEntity
  8
REZ
100
AcDbLine
 10
35.70844164492768
 20
37.84111932564532
 30
0.0
 11
35.45347686703133
 21
38.570256802031224
 31
0.0
  0
LINE
  5
1CC
330
17
100
AcDbEntity
  8
REZ
100
AcDbLine
 10
35.45347686703133
 20
38.570256802031224
 30
0.0
 11
35.181327617401216
 21
39.319885698779245
 31
0.0
  0
LINE
  5
1CD
330
17
100
AcDbEntity
  8
REZ
100
AcDbLine
 10
35.181327617401216
 20
39.319885698779245
 30
0.0
 11
34.89583963866379
 21
40.08423510185625
 31
0.0
  0
LINE
  5
1CE
330
17
100
AcDbEntity
  8
REZ
100
AcDbLine
 10
34.89583963866379
 20
40.08423510185625
 30
0.0
 11
34.600818767058456
 21
40.85801305994367
 31
0.0
  0
LINE
  5
1CF
330
17
100
AcDbEntity
  8
REZ
100
AcDbLine
 10
34.600818767058456
 20
40.85801305994367
 30
0.0
 11
34.30001428481178
 21
41.6363399452693
 31
0.0
  0
LINE
  5
1D0
330
17
100
AcDbEntity
  8
REZ
100
AcDbLine
 10
34.30001428481178
 20
41.6363399452693
 30
0.0
 11
34.06108579698608
 21
42.250312820695115
 31
0.0
  0
LINE
  5
1D1
330
17
100
AcDbEntity
  8
REZ
100
AcDbLine
 10
34.06108579698608
 20
42.250312820695115
 30
0.0
 11
34.06108579698607
 21
36.500000175784415
 31
0.0
  0
CIRCLE
  5
1D2
330
17
100
AcDbEntity
  8
REZ
100
AcDbCircle
 10
46.12217159397213
 20
5.0
 30
0.0
 40
1.65
  0
CIRCLE
  5
1D3
330
17
100
AcDbEntity
  8
REZ
100
AcDbCircle
 10
40.12217159397213
 20
27.0
 30
0.0
 40
1.65
  0
TEXT
  5
1D4
330
17
100
AcDbEntity
  8
TEXT
100
AcDbText
 10
28.561085796986067
 20
1.0
 30
0.0
 40
3.0
  1
21
 11
28.561085796986067
 21
1.0
 31
0.0
100
AcDbText
  0
LINE
  5
1D5
330
17
100
AcDbEntity
  8
REZ
100
AcDbLine
 10
61.62217159397214
 20
36.500000175784415
 30
0.0
 11
55.12217159397214
 21
34.000000175784415
 31
0.0
  0
LINE
  5
1D6
330
17
100
AcDbEntity
  8
REZ
100
AcDbLine
 10
55.12217159397214
 20
34.000000175784415
 30
0.0
 11
55.12217159397214
 21
35.51126126126126
 31
0.0
  0
LINE
  5
1D7
330
17
100
AcDbEntity
  8
REZ
100
AcDbLine
 10
55.12217159397214
 20
35.51126126126126
 30
0.0
 11
56.22217159397214
 21
36.75
 31
0.0
  0
LINE
  5
1D8
330
17
100
AcDbEntity
  8
REZ
100
AcDbLine
 10
56.22217159397214
 20
36.75
 30
0.0
 11
55.12217159397214
 21
37.98873873873873
 31
0.0
  0
LINE
  5
1D9
330
17
100
AcDbEntity
  8
REZ
100
AcDbLine
 10
55.12217159397214
 20
37.98873873873873
 30
0.0
 11
55.12217159397214
 21
38.01126126126127
 31
0.0
  0
LINE
  5
1DA
330
17
100
AcDbEntity
  8
REZ
100
AcDbLine
 10
55.12217159397214
 20
38.01126126126127
 30
0.0
 11
56.22217159397214
 21
39.25
 31
0.0
  0
LINE
  5
1DB
330
17
100
AcDbEntity
  8
REZ
100
AcDbLine
 10
56.22217159397214
 20
39.25
 30
0.0
 11
55.12217159397214
 21
40.48873873873873
 31
0.0
  0
LINE
  5
1DC
330
17
100
AcDbEntity
  8
REZ
100
AcDbLine
 10
55.12217159397214
 20
40.48873873873873
 30
0.0
 11
55.12217159397214
 21
40.51126126126127
 31
0.0
  0
LINE
  5
1DD
330
17
100
AcDbEntity
  8
REZ
100
AcDbLine
 10
55.12217159397214
 20
40.51126126126127
 30
0.0
 11
56.22217159397214
 21
41.75
 31
0.0
  0
LINE
  5
1DE
330
17
100
AcDbEntity
  8
REZ
100
AcDbLine
 10
56.22217159397214
 20
41.75
 30
0.0
 11
55.12217159397214
 21
42.98873873873873
 31
0.0
  0
LINE
  5
1DF
330
17
100
AcDbEntity
  8
REZ
100
AcDbLine
 10
55.12217159397214
 20
42.98873873873873
 30
0.0
 11
55.12217159397214
 21
43.011261261261254
 31
0.0
  0
LINE
  5
1E0
330
17
100
AcDbEntity
  8
REZ
100
AcDbLine
 10
55.12217159397214
 20
43.011261261261254
 30
0.0
 11
56.22217159397214
 21
44.25
 31
0.0
  0
LINE
  5
1E1
330
17
100
AcDbEntity
  8
REZ
100
AcDbLine
 10
56.22217159397214
 20
44.25
 30
0.0
 11
55.12217159397214
 21
45.488738738738746
 31
0.0
  0
LINE
  5
1E2
330
17
100
AcDbEntity
  8
REZ
100
AcDbLine
 10
55.12217159397214
 20
45.488738738738746
 30
0.0
 11
55.12217159397214
 21
45.51126126126127
 31
0.0
  0
LINE
  5
1E3
330
17
100
AcDbEntity
  8
REZ
100
AcDbLine
 10
55.12217159397214
 20
45.51126126126127
 30
0.0
 11
56.22217159397214
 21
46.75
 31
0.0
  0
LINE
  5
1E4
330
17
100
AcDbEntity
  8
REZ
100
AcDbLine
 10
56.22217159397214
 20
46.75
 30
0.0
 11
55.12217159397214
 21
47.98873873873873
 31
0.0
  0
LINE
  5
1E5
330
17
100
AcDbEntity
  8
REZ
100
AcDbLine
 10
55.12217159397214
 20
47.98873873873873
 30
0.0
 11
55.12217159397214
 21
48.01126126126127
 31
0.0
  0
LINE
  5
1E6
330
17
100
AcDbEntity
  8
REZ
100
AcDbLine
 10
55.12217159397214
 20
48.01126126126127
 30
0.0
 11
56.22217159397214
 21
49.25
 31
0.0
  0
LINE
  5
1E7
330
17
100
AcDbEntity
  8
REZ
100
AcDbLine
 10
56.22217159397214
 20
49.25
 30
0.0
 11
55.12217159397214
 21
50.48873873873873
 31
0.0
  0
LINE
  5
1E8
330
17
100
AcDbEntity
  8
REZ
100
AcDbLine
 10
55.12217159397214
 20
50.48873873873873
 30
0.0
 11
55.12217159397214
 21
50.51126126126127
 31
0.0
  0
LINE
  5
1E9
330
17
100
AcDbEntity
  8
REZ
100
AcDbLine
 10
55.12217159397214
 20
50.51126126126127
 30
0.0
 11
56.22217159397214
 21
51.75
 31
0.0
  0
LINE
  5
1EA
330
17
100
AcDbEntity
  8
REZ
100
AcDbLine
 10
56.22217159397214
 20
51.75
 30
0.0
 11
55.12217159397214
 21
52.988738738738746
 31
0.0
  0
LINE
  5
1EB
330
17
100
AcDbEntity
  8
REZ
100
AcDbLine
 10
55.12217159397214
 20
52.988738738738746
 30
0.0
 11
55.12217159397214
 21
53.01126126126127
 31
0.0
  0
LINE
  5
1EC
330
17
100
AcDbEntity
  8
REZ
100
AcDbLine
 10
55.12217159397214
 20
53.01126126126127
 30
0.0
 11
56.22217159397214
 21
54.25
 31
0.0
  0
LINE
  5
1ED
330
17
100
AcDbEntity
  8
REZ
100
AcDbLine
 10
56.22217159397214
 20
54.25
 30
0.0
 11
55.12217159397214
 21
55.48873873873873
 31
0.0
  0
LINE
  5
1EE
330
17
100
AcDbEntity
  8
REZ
100
AcDbLine
 10
55.12217159397214
 20
55.48873873873873
 30
0.0
 11
55.12217159397214
 21
55.51126126126127
 31
0.0
  0
LINE
  5
1EF
330
17
100
AcDbEntity
  8
REZ
100
AcDbLine
 10
55.12217159397214
 20
55.51126126126127
 30
0.0
 11
56.22217159397214
 21
56.75
 31
0.0
  0
LINE
  5
1F0
330
17
100
AcDbEntity
  8
REZ
100
AcDbLine
 10
56.22217159397214
 20
56.75
 30
0.0
 11
55.12217159397214
 21
57.98873873873873
 31
0.0
  0
LINE
  5
1F1
330
17
100
AcDbEntity
  8
REZ
100
AcDbLine
 10
55.12217159397214
 20
57.98873873873873
 30
0.0
 11
55.12217159397214
 21
58.011261261261254
 31
0.0
  0
LINE
  5
1F2
330
17
100
AcDbEntity
  8
REZ
100
AcDbLine
 10
55.12217159397214
 20
58.011261261261254
 30
0.0
 11
56.22217159397214
 21
59.25
 31
0.0
  0
LINE
  5
1F3
330
17
100
AcDbEntity
  8
REZ
100
AcDbLine
 10
56.22217159397214
 20
59.25
 30
0.0
 11
55.12217159397214
 21
60.488738738738746
 31
0.0
  0
LINE
  5
1F4
330
17
100
AcDbEntity
  8
REZ
100
AcDbLine
 10
55.12217159397214
 20
60.488738738738746
 30
0.0
 11
55.12217159397214
 21
62.35387061456227
 31
0.0
  0
LINE
  5
1F5
330
17
100
AcDbEntity
  8
REZ
100
AcDbLine
 10
55.12217159397214
 20
62.35387061456227
 30
0.0
 11
55.58332529722806
 21
62.71540838690834
 31
0.0
  0
LINE
  5
1F6
330
17
100
AcDbEntity
  8
REZ
100
AcDbLine
 10
55.58332529722806
 20
62.71540838690834
 30
0.0
 11
56.09000358853288
 21
63.01500849285142
 31
0.0
  0
LINE
  5
1F7
330
17
100
AcDbEntity
  8
REZ
100
AcDbLine
 10
56.09000358853288
 20
63.01500849285142
 30
0.0
 11
56.63145283783418
 21
63.24591069031115
 31
0.0
  0
LINE
  5
1F8
330
17
100
AcDbEntity
  8
REZ
100
AcDbLine
 10
56.63145283783418
 20
63.24591069031115
 30
0.0
 11
57.19840869835833
 21
63.40416417867081
 31
0.0
  0
LINE
  5
1F9
330
17
100
AcDbEntity
  8
REZ
100
AcDbLine
 10
57.19840869835833
 20
63.40416417867081
 30
0.0
 11
57.78117039814189
 21
63.487061196868424
 31
0.0
  0
LINE
  5
1FA
330
17
100
AcDbEntity
  8
REZ
100
AcDbLine
 10
57.78117039814189
 20
63.487061196868424
 30
0.0
 11
58.36976672292949
 21
63.49318335393923
 31
0.0
  0
LINE
  5
1FB
330
17
100
AcDbEntity
  8
REZ
100
AcDbLine
 10
58.36976672292949
 20
63.49318335393923
 30
0.0
 11
58.95412662641431
 21
63.42242589807836
 31
0.0
  0
LINE
  5
1FC
330
17
100
AcDbEntity
  8
REZ
100
AcDbLine
 10
58.95412662641431
 20
63.42242589807836
 30
0.0
 11
59.52425154863251
 21
63.27599950897326
 31
0.0
  0
LINE
  5
1FD
330
17
100
AcDbEntity
  8
REZ
100
AcDbLine
 10
59.52425154863251
 20
63.27599950897326
 30
0.0
 11
59.95133382031375
 21
63.10427827905829
 31
0.0
  0
LINE
  5
1FE
330
17
100
AcDbEntity
  8
REZ
100
AcDbLine
 10
59.95133382031375
 20
63.10427827905829
 30
0.0
 11
59.976751539988236
 21
63.0968736686732
 31
0.0
  0
LINE
  5
1FF
330
17
100
AcDbEntity
  8
REZ
100
AcDbLine
 10
59.976751539988236
 20
63.0968736686732
 30
0.0
 11
60.118963454050736
 21
63.0536607780482
 31
0.0
  0
LINE
  5
200
330
17
100
AcDbEntity
  8
REZ
100
AcDbLine
 10
60.118963454050736
 20
63.0536607780482
 30
0.0
 11
60.32048269477654
 21
62.987197694084315
 31
0.0
  0
LINE
  5
201
330
17
100
AcDbEntity
  8
REZ
100
AcDbLine
 10
60.32048269477654
 20
62.987197694084315
 30
0.0
 11
60.47197195258904
 21
62.933242615959315
 31
0.0
  0
LINE
  5
202
330
17
100
AcDbEntity
  8
REZ
100
AcDbLine
 10
60.47197195258904
 20
62.933242615959315
 30
0.0
 11
60.74579765635931
 21
62.825502710938395
 31
0.0
  0
LINE
  5
203
330
17
100
AcDbEntity
  8
REZ
100
AcDbLine
 10
60.74579765635931
 20
62.825502710938395
 30
0.0
 11
60.90583183604681
 21
62.756410914063395
 31
0.0
  0
LINE
  5
204
330
17
100
AcDbEntity
  8
REZ
100
AcDbLine
 10
60.90583183604681
 20
62.756410914063395
 30
0.0
 11
61.223276996305906
 21
62.60436629229879
 31
0.0
  0
LINE
  5
205
330
17
100
AcDbEntity
  8
REZ
100
AcDbLine
 10
61.223276996305906
 20
62.60436629229879
 30
0.0
 11
61.391123675993406
 21
62.51574324542379
 31
0.0
  0
LINE
  5
206
330
17
100
AcDbEntity
  8
REZ
100
AcDbLine
 10
61.391123675993406
 20
62.51574324542379
 30
0.0
 11
61.724895457851105
 21
62.32073596065902
 31
0.0
  0
LINE
  5
207
330
17
100
AcDbEntity
  8
REZ
100
AcDbLine
 10
61.724895457851105
 20
62.32073596065902
 30
0.0
 11
61.899822215663605
 21
62.20818713253402
 31
0.0
  0
LINE
  5
208
330
17
100
AcDbEntity
  8
REZ
100
AcDbLine
 10
61.899822215663605
 20
62.20818713253402
 30
0.0
 11
62.22618667723828
 21
61.9770723572034
 31
0.0
  0
LINE
  5
209
330
17
100
AcDbEntity
  8
REZ
100
AcDbLine
 10
62.22618667723828
 20
61.9770723572034
 30
0.0
 11
62.40746109130078
 21
61.8362032165784
 31
0.0
  0
LINE
  5
20A
330
17
100
AcDbEntity
  8
REZ
100
AcDbLine
 10
62.40746109130078
 20
61.8362032165784
 30
0.0
 11
62.70866239104988
 21
61.58014615004576
 31
0.0
  0
LINE
  5
20B
330
17
100
AcDbEntity
  8
REZ
100
AcDbLine
 10
62.70866239104988
 20
61.58014615004576
 30
0.0
 11
62.89555203948738
 21
61.40656216567076
 31
0.0
  0
LINE
  5
20C
330
17
100
AcDbEntity
  8
REZ
100
AcDbLine
 10
62.89555203948738
 20
61.40656216567076
 30
0.0
 11
63.16100668478872
 21
61.138417361050315
 31
0.0
  0
LINE
  5
20D
330
17
100
AcDbEntity
  8
REZ
100
AcDbLine
 10
63.16100668478872
 20
61.138417361050315
 30
0.0
 11
63.35277914572622
 21
60.927724001675315
 31
0.0
  0
LINE
  5
20E
330
17
100
AcDbEntity
  8
REZ
100
AcDbLine
 10
63.35277914572622
 20
60.927724001675315
 30
0.0
 11
63.5785404793306
 21
60.6593895659375
 31
0.0
  0
LINE
  5
20F
330
17
100
AcDbEntity
  8
REZ
100
AcDbLine
 10
63.5785404793306
 20
60.6593895659375
 30
0.0
 11
63.7744633308931
 21
60.4071923003125
 31
0.0
  0
LINE
  5
210
330
17
100
AcDbEntity
  8
REZ
100
AcDbLine
 10
63.7744633308931
 20
60.4071923003125
 30
0.0
 11
63.96149202310868
 21
60.14793518497849
 31
0.0
  0
LINE
  5
211
330
17
100
AcDbEntity
  8
REZ
100
AcDbLine
 10
63.96149202310868
 20
60.14793518497849
 30
0.0
 11
64.16083284342119
 21
59.84983948185349
 31
0.0
  0
LINE
  5
212
330
17
100
AcDbEntity
  8
REZ
100
AcDbLine
 10
64.16083284342119
 20
59.84983948185349
 30
0.0
 11
64.31297499658848
 21
59.60579346130224
 31
0.0
  0
LINE
  5
213
330
17
100
AcDbEntity
  8
REZ
100
AcDbLine
 10
64.31297499658848
 20
59.60579346130224
 30
0.0
 11
64.51500136377598
 21
59.25740478942724
 31
0.0
  0
LINE
  5
214
330
17
100
AcDbEntity
  8
REZ
100
AcDbLine
 10
64.51500136377598
 20
59.25740478942724
 30
0.0
 11
64.61525127253441
 21
59.07492522290636
 31
0.0
  0
LINE
  5
215
330
17
100
AcDbEntity
  8
REZ
100
AcDbLine
 10
64.61525127253441
 20
59.07492522290636
 30
0.0
 11
64.82394069063076
 21
58.67331389478136
 31
0.0
  0
LINE
  5
216
330
17
100
AcDbEntity
  8
REZ
100
AcDbLine
 10
64.82394069063076
 20
58.67331389478136
 30
0.0
 11
64.8799873994319
 21
58.56169595784867
 31
0.0
  0
LINE
  5
217
330
17
100
AcDbEntity
  8
REZ
100
AcDbLine
 10
64.8799873994319
 20
58.56169595784867
 30
0.0
 11
65.09910305889522
 21
58.10979166097367
 31
0.0
  0
LINE
  5
218
330
17
100
AcDbEntity
  8
REZ
100
AcDbLine
 10
65.09910305889522
 20
58.10979166097367
 30
0.0
 11
65.13974578094843
 21
58.02366008112385
 31
0.0
  0
LINE
  5
219
330
17
100
AcDbEntity
  8
REZ
100
AcDbLine
 10
65.13974578094843
 20
58.02366008112385
 30
0.0
 11
65.36823378954021
 21
57.52585734674885
 31
0.0
  0
LINE
  5
21A
330
17
100
AcDbEntity
  8
REZ
100
AcDbLine
 10
65.36823378954021
 20
57.52585734674885
 30
0.0
 11
65.39875680194194
 21
57.457878376992156
 31
0.0
  0
LINE
  5
21B
330
17
100
AcDbEntity
  8
REZ
100
AcDbLine
 10
65.39875680194194
 20
57.457878376992156
 30
0.0
 11
65.63556326742365
 21
56.918571736367156
 31
0.0
  0
LINE
  5
21C
330
17
100
AcDbEntity
  8
REZ
100
AcDbLine
 10
65.63556326742365
 20
56.918571736367156
 30
0.0
 11
65.65910063982284
 21
56.86399094739497
 31
0.0
  0
LINE
  5
21D
330
17
100
AcDbEntity
  8
REZ
100
AcDbLine
 10
65.65910063982284
 20
56.86399094739497
 30
0.0
 11
65.90317166995591
 21
56.28757493176997
 31
0.0
  0
LINE
  5
21E
330
17
100
AcDbEntity
  8
REZ
100
AcDbLine
 10
65.90317166995591
 20
56.28757493176997
 30
0.0
 11
65.9216840720418
 21
56.24319579203558
 31
0.0
  0
LINE
  5
21F
330
17
100
AcDbEntity
  8
REZ
100
AcDbLine
 10
65.9216840720418
 20
56.24319579203558
 30
0.0
 11
66.17196577458773
 21
55.63406493266058
 31
0.0
  0
LINE
  5
220
330
17
100
AcDbEntity
  8
REZ
100
AcDbLine
 10
66.17196577458773
 20
55.63406493266058
 30
0.0
 11
66.18673325932768
 21
55.597673165258854
 31
0.0
  0
LINE
  5
221
330
17
100
AcDbEntity
  8
REZ
100
AcDbLine
 10
66.18673325932768
 20
55.597673165258854
 30
0.0
 11
66.44217174204792
 21
54.960221993383854
 31
0.0
  0
LINE
  5
222
330
17
100
AcDbEntity
  8
REZ
100
AcDbLine
 10
66.44217174204792
 20
54.960221993383854
 30
0.0
 11
66.45405875178136
 21
54.93024715422315
 31
0.0
  0
LINE
  5
223
330
17
100
AcDbEntity
  8
REZ
100
AcDbLine
 10
66.45405875178136
 20
54.93024715422315
 30
0.0
 11
66.71360012243737
 21
54.26887020109815
 31
0.0
  0
LINE
  5
224
330
17
100
AcDbEntity
  8
REZ
100
AcDbLine
 10
66.71360012243737
 20
54.26887020109815
 30
0.0
 11
66.7232057093078
 21
54.244179246808784
 31
0.0
  0
LINE
  5
225
330
17
100
AcDbEntity
  8
REZ
100
AcDbLine
 10
66.7232057093078
 20
54.244179246808784
 30
0.0
 11
66.98579607566106
 21
53.563271043683784
 31
0.0
  0
LINE
  5
226
330
17
100
AcDbEntity
  8
REZ
100
AcDbLine
 10
66.98579607566106
 20
53.563271043683784
 30
0.0
 11
66.99354279703793
 21
53.5430385196327
 31
0.0
  0
LINE
  5
227
330
17
100
AcDbEntity
  8
REZ
100
AcDbLine
 10
66.99354279703793
 20
53.5430385196327
 30
0.0
 11
67.25812826684988
 21
52.8469935977577
 31
0.0
  0
LINE
  5
228
330
17
100
AcDbEntity
  8
REZ
100
AcDbLine
 10
67.25812826684988
 20
52.8469935977577
 30
0.0
 11
67.26431659083869
 21
52.8306181466162
 31
0.0
  0
LINE
  5
229
330
17
100
AcDbEntity
  8
REZ
100
AcDbLine
 10
67.26431659083869
 20
52.8306181466162
 30
0.0
 11
67.5298432718708
 21
52.1238310372412
 31
0.0
  0
LINE
  5
22A
330
17
100
AcDbEntity
  8
REZ
100
AcDbLine
 10
67.5298432718708
 20
52.1238310372412
 30
0.0
 11
67.53468563748392
 21
52.11088108696073
 31
0.0
  0
LINE
  5
22B
330
17
100
AcDbEntity
  8
REZ
100
AcDbLine
 10
67.53468563748392
 20
52.11088108696073
 30
0.0
 11
67.80009963749765
 21
51.39774632133573
 31
0.0
  0
LINE
  5
22C
330
17
100
AcDbEntity
  8
REZ
100
AcDbLine
 10
67.80009963749765
 20
51.39774632133573
 30
0.0
 11
67.80374191074091
 21
51.38792502885937
 31
0.0
  0
LINE
  5
22D
330
17
100
AcDbEntity
  8
REZ
100
AcDbLine
 10
67.80374191074091
 20
51.38792502885937
 30
0.0
 11
68.06798933749775
 21
50.67283713823437
 31
0.0
  0
LINE
  5
22E
330
17
100
AcDbEntity
  8
REZ
100
AcDbLine
 10
68.06798933749775
 20
50.67283713823437
 30
0.0
 11
68.0705239890979
 21
50.66596082512925
 31
0.0
  0
LINE
  5
22F
330
17
100
AcDbEntity
  8
REZ
100
AcDbLine
 10
68.0705239890979
 20
50.66596082512925
 30
0.0
 11
68.33255095035929
 21
49.95331434075425
 31
0.0
  0
LINE
  5
230
330
17
100
AcDbEntity
  8
REZ
100
AcDbLine
 10
68.33255095035929
 20
49.95331434075425
 30
0.0
 11
68.59277694037283
 21
49.2434906741547
 31
0.0
  0
LINE
  5
231
330
17
100
AcDbEntity
  8
REZ
100
AcDbLine
 10
68.59277694037283
 20
49.2434906741547
 30
0.0
 11
68.84362033078406
 21
48.55868711757344
 31
0.0
  0
LINE
  5
232
330
17
100
AcDbEntity
  8
REZ
100
AcDbLine
 10
68.84362033078406
 20
48.55868711757344
 30
0.0
 11
69.09484855760631
 21
47.88364514717615
 31
0.0
  0
LINE
  5
233
330
17
100
AcDbEntity
  8
REZ
100
AcDbLine
 10
69.09484855760631
 20
47.88364514717615
 30
0.0
 11
69.36260878418712
 21
47.18101215665028
 31
0.0
  0
LINE
  5
234
330
17
100
AcDbEntity
  8
REZ
100
AcDbLine
 10
69.36260878418712
 20
47.18101215665028
 30
0.0
 11
69.64747985293215
 21
46.44424072879947
 31
0.0
  0
LINE
  5
235
330
17
100
AcDbEntity
  8
REZ
100
AcDbLine
 10
69.64747985293215
 20
46.44424072879947
 30
0.0
 11
69.9452692409198
 21
45.679216932307824
 31
0.0
  0
LINE
  5
236
330
17
100
AcDbEntity
  8
REZ
100
AcDbLine
 10
69.9452692409198
 20
45.679216932307824
 30
0.0
 11
70.25029569428526
 21
44.89539262414331
 31
0.0
  0
LINE
  5
237
330
17
100
AcDbEntity
  8
REZ
100
AcDbLine
 10
70.25029569428526
 20
44.89539262414331
 30
0.0
 11
70.25408020772593
 21
44.88563402153109
 31
0.0
  0
LINE
  5
238
330
17
100
AcDbEntity
  8
REZ
100
AcDbLine
 10
70.25408020772593
 20
44.88563402153109
 30
0.0
 11
70.56044906145952
 21
44.09290941215609
 31
0.0
  0
LINE
  5
239
330
17
100
AcDbEntity
  8
REZ
100
AcDbLine
 10
70.56044906145952
 20
44.09290941215609
 30
0.0
 11
70.56776145294282
 21
44.07386038964982
 31
0.0
  0
LINE
  5
23A
330
17
100
AcDbEntity
  8
REZ
100
AcDbLine
 10
70.56776145294282
 20
44.07386038964982
 30
0.0
 11
70.87186786272227
 21
43.27625296777482
 31
0.0
  0
LINE
  5
23B
330
17
100
AcDbEntity
  8
REZ
100
AcDbLine
 10
70.87186786272227
 20
43.27625296777482
 30
0.0
 11
70.88267238881944
 21
43.247622904266834
 31
0.0
  0
LINE
  5
23C
330
17
100
AcDbEntity
  8
REZ
100
AcDbLine
 10
70.88267238881944
 20
43.247622904266834
 30
0.0
 11
71.18076476412182
 21
42.449527201141834
 31
0.0
  0
LINE
  5
23D
330
17
100
AcDbEntity
  8
REZ
100
AcDbLine
 10
71.18076476412182
 20
42.449527201141834
 30
0.0
 11
71.19508727774395
 21
42.41063544513598
 31
0.0
  0
LINE
  5
23E
330
17
100
AcDbEntity
  8
REZ
100
AcDbLine
 10
71.19508727774395
 20
42.41063544513598
 30
0.0
 11
71.48341402804633
 21
41.61644599201098
 31
0.0
  0
LINE
  5
23F
330
17
100
AcDbEntity
  8
REZ
100
AcDbLine
 10
71.48341402804633
 20
41.61644599201098
 30
0.0
 11
71.50132753331025
 21
41.566176370461065
 31
0.0
  0
LINE
  5
240
330
17
100
AcDbEntity
  8
REZ
100
AcDbLine
 10
71.50132753331025
 20
41.566176370461065
 30
0.0
 11
71.7761370680897
 21
40.780287698586065
 31
0.0
  0
LINE
  5
241
330
17
100
AcDbEntity
  8
REZ
100
AcDbLine
 10
71.7761370680897
 20
40.780287698586065
 30
0.0
 11
71.79774090218747
 21
40.717000622335235
 31
0.0
  0
LINE
  5
242
330
17
100
AcDbEntity
  8
REZ
100
AcDbLine
 10
71.79774090218747
 20
40.717000622335235
 30
0.0
 11
72.05528163092106
 21
39.943807262960235
 31
0.0
  0
LINE
  5
243
330
17
100
AcDbEntity
  8
REZ
100
AcDbLine
 10
72.05528163092106
 20
39.943807262960235
 30
0.0
 11
72.08066638245715
 21
39.865197444540996
 31
0.0
  0
LINE
  5
244
330
17
100
AcDbEntity
  8
REZ
100
AcDbLine
 10
72.08066638245715
 20
39.865197444540996
 30
0.0
 11
72.31718671462195
 21
39.109093928915996
 31
0.0
  0
LINE
  5
245
330
17
100
AcDbEntity
  8
REZ
100
AcDbLine
 10
72.31718671462195
 20
39.109093928915996
 30
0.0
 11
72.34637030528181
 21
39.01197293580036
 31
0.0
  0
LINE
  5
246
330
17
100
AcDbEntity
  8
REZ
100
AcDbLine
 10
72.34637030528181
 20
39.01197293580036
 30
0.0
 11
72.5581186503549
 21
38.27735379517536
 31
0.0
  0
LINE
  5
247
330
17
100
AcDbEntity
  8
REZ
100
AcDbLine
 10
72.5581186503549
 20
38.27735379517536
 30
0.0
 11
72.59092575575498
 21
38.15732453034471
 31
0.0
  0
LINE
  5
248
330
17
100
AcDbEntity
  8
REZ
100
AcDbLine
 10
72.59092575575498
 20
38.15732453034471
 30
0.0
 11
72.77415052321342
 21
37.44858429596971
 31
0.0
  0
LINE
  5
249
330
17
100
AcDbEntity
  8
REZ
100
AcDbLine
 10
72.77415052321342
 20
37.44858429596971
 30
0.0
 11
72.80998089448656
 21
37.29955825111719
 31
0.0
  0
LINE
  5
24A
330
17
100
AcDbEntity
  8
REZ
100
AcDbLine
 10
72.80998089448656
 20
37.29955825111719
 30
0.0
 11
72.96093049380742
 21
36.62109145424219
 31
0.0
  0
LINE
  5
24B
330
17
100
AcDbEntity
  8
REZ
100
AcDbLine
 10
72.96093049380742
 20
36.62109145424219
 30
0.0
 11
72.99830773418188
 21
36.43458172504942
 31
0.0
  0
LINE
  5
24C
330
17
100
AcDbEntity
  8
REZ
100
AcDbLine
 10
72.99830773418188
 20
36.43458172504942
 30
0.0
 11
73.11323057484226
 21
35.79078289692442
 31
0.0
  0
LINE
  5
24D
330
17
100
AcDbEntity
  8
REZ
100
AcDbLine
 10
73.11323057484226
 20
35.79078289692442
 30
0.0
 11
73.15675393202024
 21
35.48767683675359
 31
0.0
  0
LINE
  5
24E
330
17
100
AcDbEntity
  8
REZ
100
AcDbLine
 10
73.15675393202024
 20
35.48767683675359
 30
0.0
 11
73.2204434222939
 21
34.90344832112861
 31
0.0
  0
LINE
  5
24F
330
17
100
AcDbEntity
  8
REZ
100
AcDbLine
 10
73.2204434222939
 20
34.90344832112861
 30
0.0
 11
73.2466733393746
 21
34.46538803292826
 31
0.0
  0
LINE
  5
250
330
17
100
AcDbEntity
  8
REZ
100
AcDbLine
 10
73.2466733393746
 20
34.46538803292826
 30
0.0
 11
73.25231314993327
 21
33.95391342355326
 31
0.0
  0
LINE
  5
251
330
17
100
AcDbEntity
  8
REZ
100
AcDbLine
 10
73.25231314993327
 20
33.95391342355326
 30
0.0
 11
73.23181031549393
 21
33.47237589975396
 31
0.0
  0
LINE
  5
252
330
17
100
AcDbEntity
  8
REZ
100
AcDbLine
 10
73.23181031549393
 20
33.47237589975396
 30
0.0
 11
73.18823424941158
 21
33.02047160287895
 31
0.0
  0
LINE
  5
253
330
17
100
AcDbEntity
  8
REZ
100
AcDbLine
 10
73.18823424941158
 20
33.02047160287895
 30
0.0
 11
73.11555753259161
 21
32.54006349416667
 31
0.0
  0
LINE
  5
254
330
17
100
AcDbEntity
  8
REZ
100
AcDbLine
 10
73.11555753259161
 20
32.54006349416667
 30
0.0
 11
73.0315993929422
 21
32.13454591604167
 31
0.0
  0
LINE
  5
255
330
17
100
AcDbEntity
  8
REZ
100
AcDbLine
 10
73.0315993929422
 20
32.13454591604167
 30
0.0
 11
72.92297001212143
 21
31.713493981999648
 31
0.0
  0
LINE
  5
256
330
17
100
AcDbEntity
  8
REZ
100
AcDbLine
 10
72.92297001212143
 20
31.713493981999648
 30
0.0
 11
72.80746360197891
 21
31.341179528874648
 31
0.0
  0
LINE
  5
257
330
17
100
AcDbEntity
  8
REZ
100
AcDbLine
 10
72.80746360197891
 20
31.341179528874648
 30
0.0
 11
72.69865864521962
 21
31.030986428769957
 31
0.0
  0
LINE
  5
258
330
17
100
AcDbEntity
  8
REZ
100
AcDbLine
 10
72.69865864521962
 20
31.030986428769957
 30
0.0
 11
72.56043776765799
 21
30.678691506894957
 31
0.0
  0
LINE
  5
259
330
17
100
AcDbEntity
  8
REZ
100
AcDbLine
 10
72.56043776765799
 20
30.678691506894957
 30
0.0
 11
72.48980505620338
 21
30.50894721377317
 31
0.0
  0
LINE
  5
25A
330
17
100
AcDbEntity
  8
REZ
100
AcDbLine
 10
72.48980505620338
 20
30.50894721377317
 30
0.0
 11
72.33770351429658
 21
30.16348822939817
 31
0.0
  0
LINE
  5
25B
330
17
100
AcDbEntity
  8
REZ
100
AcDbLine
 10
72.33770351429658
 20
30.16348822939817
 30
0.0
 11
72.32794464873007
 21
30.14148328830275
 31
0.0
  0
LINE
  5
25C
330
17
100
AcDbEntity
  8
REZ
100
AcDbLine
 10
72.32794464873007
 20
30.14148328830275
 30
0.0
 11
72.19689389448259
 21
29.848101206965566
 31
0.0
  0
LINE
  5
25D
330
17
100
AcDbEntity
  8
REZ
100
AcDbLine
 10
72.19689389448259
 20
29.848101206965566
 30
0.0
 11
72.11648111899889
 21
29.653395769500072
 31
0.0
  0
LINE
  5
25E
330
17
100
AcDbEntity
  8
REZ
100
AcDbLine
 10
72.11648111899889
 20
29.653395769500072
 30
0.0
 11
72.0738528714477
 21
29.531014269581718
 31
0.0
  0
LINE
  5
25F
330
17
100
AcDbEntity
  8
REZ
100
AcDbLine
 10
72.0738528714477
 20
29.531014269581718
 30
0.0
 11
72.04900051379313
 21
29.437270396451666
 31
0.0
  0
ARC
  5
260
330
17
100
AcDbEntity
  8
REZ
100
AcDbCircle
 10
67.6832573909582
 20
27.0
 30
0.0
 40
5.0
100
AcDbArc
 50
-14.30433980360047
 51
29.173382506073153
  0
LINE
  5
261
330
17
100
AcDbEntity
  8
REZ
100
AcDbLine
 10
72.5282424907989
 20
25.764637954961486
 30
0.0
 11
72.82965190128044
 21
24.505884488324604
 31
0.0
  0
LINE
  5
262
330
17
100
AcDbEntity
  8
REZ
100
AcDbLine
 10
72.82965190128044
 20
24.505884488324604
 30
0.0
 11
73.18706652411655
 21
23.100688728651775
 31
0.0
  0
LINE
  5
263
330
17
100
AcDbEntity
  8
REZ
100
AcDbLine
 10
73.18706652411655
 20
23.100688728651775
 30
0.0
 11
73.58751158593586
 21
21.592151406371947
 31
0.0
  0
LINE
  5
264
330
17
100
AcDbEntity
  8
REZ
100
AcDbLine
 10
73.58751158593586
 20
21.592151406371947
 30
0.0
 11
74.02071512379686
 21
20.010724944133443
 31
0.0
  0
LINE
  5
265
330
17
100
AcDbEntity
  8
REZ
100
AcDbLine
 10
74.02071512379686
 20
20.010724944133443
 30
0.0
 11
74.47666472359572
 21
18.385238748809336
 31
0.0
  0
LINE
  5
266
330
17
100
AcDbEntity
  8
REZ
100
AcDbLine
 10
74.47666472359572
 20
18.385238748809336
 30
0.0
 11
74.94552016268824
 21
16.743580610796997
 31
0.0
  0
LINE
  5
267
330
17
100
AcDbEntity
  8
REZ
100
AcDbLine
 10
74.94552016268824
 20
16.743580610796997
 30
0.0
 11
75.41756496863664
 21
15.1130344588316
 31
0.0
  0
LINE
  5
268
330
17
100
AcDbEntity
  8
REZ
100
AcDbLine
 10
75.41756496863664
 20
15.1130344588316
 30
0.0
 11
75.88318371330699
 21
13.520441181517661
 31
0.0
  0
LINE
  5
269
330
17
100
AcDbEntity
  8
REZ
100
AcDbLine
 10
75.88318371330699
 20
13.520441181517661
 30
0.0
 11
76.33286068770632
 21
11.99224493960444
 31
0.0
  0
LINE
  5
26A
330
17
100
AcDbEntity
  8
REZ
100
AcDbLine
 10
76.33286068770632
 20
11.99224493960444
 30
0.0
 11
76.75702925811018
 21
10.555021855982503
 31
0.0
  0
LINE
  5
26B
330
17
100
AcDbEntity
  8
REZ
100
AcDbLine
 10
76.75702925811018
 20
10.555021855982503
 30
0.0
 11
77.14592953044685
 21
9.235962659878382
 31
0.0
  0
LINE
  5
26C
330
17
100
AcDbEntity
  8
REZ
100
AcDbLine
 10
77.14592953044685
 20
9.235962659878382
 30
0.0
 11
77.14810321870854
 21
9.228566663476066
 31
0.0
  0
LINE
  5
26D
330
17
100
AcDbEntity
  8
REZ
100
AcDbLine
 10
77.14810321870854
 20
9.228566663476066
 30
0.0
 11
77.41054704186647
 21
8.332763396677265
 31
0.0
  0
ARC
  5
26E
330
17
100
AcDbEntity
  8
REZ
100
AcDbCircle
 10
73.6832573909582
 20
5.0
 30
0.0
 40
5.0
100
AcDbArc
 50
-189.87745893479143
 51
41.80155324835346
  0
LINE
  5
26F
330
17
100
AcDbEntity
  8
REZ
100
AcDbLine
 10
68.75737294324449
 20
5.857707647028988
 30
0.0
 11
68.5122198492514
 21
6.694492219903985
 31
0.0
  0
LINE
  5
270
330
17
100
AcDbEntity
  8
REZ
100
AcDbLine
 10
68.5122198492514
 20
6.694492219903985
 30
0.0
 11
68.12493520821883
 21
8.008072171078204
 31
0.0
  0
LINE
  5
271
330
17
100
AcDbEntity
  8
REZ
100
AcDbLine
 10
68.12493520821883
 20
8.008072171078204
 30
0.0
 11
67.70042790661873
 21
9.446442987767497
 31
0.0
  0
LINE
  5
272
330
17
100
AcDbEntity
  8
REZ
100
AcDbLine
 10
67.70042790661873
 20
9.446442987767497
 30
0.0
 11
67.24810727372406
 21
10.983618328609353
 31
0.0
  0
LINE
  5
273
330
17
100
AcDbEntity
  8
REZ
100
AcDbLine
 10
67.24810727372406
 20
10.983618328609353
 30
0.0
 11
67.24590514051448
 21
10.991126222787258
 31
0.0
  0
LINE
  5
274
330
17
100
AcDbEntity
  8
REZ
100
AcDbLine
 10
67.24590514051448
 20
10.991126222787258
 30
0.0
 11
66.77752135145198
 21
12.593177004037258
 31
0.0
  0
LINE
  5
275
330
17
100
AcDbEntity
  8
REZ
100
AcDbLine
 10
66.77752135145198
 20
12.593177004037258
 30
0.0
 11
66.774201932864
 21
12.604586585907924
 31
0.0
  0
LINE
  5
276
330
17
100
AcDbEntity
  8
REZ
100
AcDbLine
 10
66.774201932864
 20
12.604586585907924
 30
0.0
 11
66.2982497844265
 21
14.248629554657924
 31
0.0
  0
LINE
  5
277
330
17
100
AcDbEntity
  8
REZ
100
AcDbLine
 10
66.2982497844265
 20
14.248629554657924
 30
0.0
 11
66.29376754558673
 21
14.26421730144326
 31
0.0
  0
LINE
  5
278
330
17
100
AcDbEntity
  8
REZ
100
AcDbLine
 10
66.29376754558673
 20
14.26421730144326
 30
0.0
 11
65.81976852214923
 21
15.92388527019326
 31
0.0
  0
LINE
  5
279
330
17
100
AcDbEntity
  8
REZ
100
AcDbLine
 10
65.81976852214923
 20
15.92388527019326
 30
0.0
 11
65.81398373426771
 21
15.94432275958539
 31
0.0
  0
LINE
  5
27A
330
17
100
AcDbEntity
  8
REZ
100
AcDbLine
 10
65.81398373426771
 20
15.94432275958539
 30
0.0
 11
65.35145932020521
 21
17.59324854083539
 31
0.0
  0
LINE
  5
27B
330
17
100
AcDbEntity
  8
REZ
100
AcDbLine
 10
65.35145932020521
 20
17.59324854083539
 30
0.0
 11
65.3441269139457
 21
17.619698933132632
 31
0.0
  0
LINE
  5
27C
330
17
100
AcDbEntity
  8
REZ
100
AcDbLine
 10
65.3441269139457
 20
17.619698933132632
 30
0.0
 11
64.9025985936332
 21
19.231515339382632
 31
0.0
  0
LINE
  5
27D
330
17
100
AcDbEntity
  8
REZ
100
AcDbLine
 10
64.9025985936332
 20
19.231515339382632
 30
0.0
 11
64.8933365051224
 21
19.265859079771417
 31
0.0
  0
LINE
  5
27E
330
17
100
AcDbEntity
  8
REZ
100
AcDbLine
 10
64.8933365051224
 20
19.265859079771417
 30
0.0
 11
64.4823257629349
 21
20.814198923521424
 31
0.0
  0
LINE
  5
27F
330
17
100
AcDbEntity
  8
REZ
100
AcDbLine
 10
64.4823257629349
 20
20.814198923521424
 30
0.0
 11
64.470556193752
 21
20.859484809105325
 31
0.0
  0
LINE
  5
280
330
17
100
AcDbEntity
  8
REZ
100
AcDbLine
 10
64.470556193752
 20
20.859484809105325
 30
0.0
 11
64.0995845140645
 21
22.317980902855318
 31
0.0
  0
LINE
  5
281
330
17
100
AcDbEntity
  8
REZ
100
AcDbLine
 10
64.0995845140645
 20
22.317980902855318
 30
0.0
 11
64.08443543875944
 21
22.379340882307467
 31
0.0
  0
LINE
  5
282
330
17
100
AcDbEntity
  8
REZ
100
AcDbLine
 10
64.08443543875944
 20
22.379340882307467
 30
0.0
 11
63.76302430594694
 21
23.721626038557474
 31
0.0
  0
LINE
  5
283
330
17
100
AcDbEntity
  8
REZ
100
AcDbLine
 10
63.76302430594694
 20
23.721626038557474
 30
0.0
 11
63.74318030854717
 21
23.80826881883
 31
0.0
  0
LINE
  5
284
330
17
100
AcDbEntity
  8
REZ
100
AcDbLine
 10
63.74318030854717
 20
23.80826881883
 30
0.0
 11
63.70857263291737
 21
23.966539752329332
 31
0.0
  0
ARC
  5
285
330
17
100
AcDbEntity
  8
REZ
100
AcDbCircle
 10
67.6832573909582
 20
27.0
 30
0.0
 40
5.0
100
AcDbArc
 50
159.22834437137038
 51
217.35069902697361
  0
LINE
  5
286
330
17
100
AcDbEntity
  8
REZ
100
AcDbLine
 10
63.008251219268764
 20
28.77322229138526
 30
0.0
 11
63.00983207792049
 21
29.32228255377661
 31
0.0
  0
LINE
  5
287
330
17
100
AcDbEntity
  8
REZ
100
AcDbLine
 10
63.00983207792049
 20
29.32228255377661
 30
0.0
 11
63.02628636853348
 21
29.694014520876856
 31
0.0
  0
LINE
  5
288
330
17
100
AcDbEntity
  8
REZ
100
AcDbLine
 10
63.02628636853348
 20
29.694014520876856
 30
0.0
 11
63.076162031958035
 21
30.275313349001856
 31
0.0
  0
LINE
  5
289
330
17
100
AcDbEntity
  8
REZ
100
AcDbLine
 10
63.076162031958035
 20
30.275313349001856
 30
0.0
 11
63.12692932493802
 21
30.66563523943642
 31
0.0
  0
LINE
  5
28A
330
17
100
AcDbEntity
  8
REZ
100
AcDbLine
 10
63.12692932493802
 20
30.66563523943642
 30
0.0
 11
63.21592714246119
 21
31.17466844256142
 31
0.0
  0
LINE
  5
28B
330
17
100
AcDbEntity
  8
REZ
100
AcDbLine
 10
63.21592714246119
 20
31.17466844256142
 30
0.0
 11
63.298947599010916
 21
31.55281385344064
 31
0.0
  0
LINE
  5
28C
330
17
100
AcDbEntity
  8
REZ
100
AcDbLine
 10
63.298947599010916
 20
31.55281385344064
 30
0.0
 11
63.418233767558746
 21
32.00276502531564
 31
0.0
  0
LINE
  5
28D
330
17
100
AcDbEntity
  8
REZ
100
AcDbLine
 10
63.418233767558746
 20
32.00276502531564
 30
0.0
 11
63.51839266049916
 21
32.32983445833179
 31
0.0
  0
LINE
  5
28E
330
17
100
AcDbEntity
  8
REZ
100
AcDbLine
 10
63.51839266049916
 20
32.32983445833179
 30
0.0
 11
63.65913337699767
 21
32.73388719270679
 31
0.0
  0
LINE
  5
28F
330
17
100
AcDbEntity
  8
REZ
100
AcDbLine
 10
63.65913337699767
 20
32.73388719270679
 30
0.0
 11
63.74946927066259
 21
32.97141791640974
 31
0.0
  0
LINE
  5
290
330
17
100
AcDbEntity
  8
REZ
100
AcDbLine
 10
63.74946927066259
 20
32.97141791640974
 30
0.0
 11
63.90283073203783
 21
33.34275580703474
 31
0.0
  0
LINE
  5
291
330
17
100
AcDbEntity
  8
REZ
100
AcDbLine
 10
63.90283073203783
 20
33.34275580703474
 30
0.0
 11
63.95335426098761
 21
33.46032335232225
 31
0.0
  0
LINE
  5
292
330
17
100
AcDbEntity
  8
REZ
100
AcDbLine
 10
63.95335426098761
 20
33.46032335232225
 30
0.0
 11
64.10559380354631
 21
33.80114057320866
 31
0.0
  0
LINE
  5
293
330
17
100
AcDbEntity
  8
REZ
100
AcDbLine
 10
64.10559380354631
 20
33.80114057320866
 30
0.0
 11
64.21579484066285
 21
34.05143348859984
 31
0.0
  0
LINE
  5
294
330
17
100
AcDbEntity
  8
REZ
100
AcDbLine
 10
64.21579484066285
 20
34.05143348859984
 30
0.0
 11
64.24973680510912
 21
34.13794416574087
 31
0.0
  0
LINE
  5
295
330
17
100
AcDbEntity
  8
REZ
100
AcDbLine
 10
64.24973680510912
 20
34.13794416574087
 30
0.0
 11
64.24964263410081
 21
34.146484537654764
 31
0.0
  0
LINE
  5
296
330
17
100
AcDbEntity
  8
REZ
100
AcDbLine
 10
64.24964263410081
 20
34.146484537654764
 30
0.0
 11
64.22636311948224
 21
34.360029287528484
 31
0.0
  0
LINE
  5
297
330
17
100
AcDbEntity
  8
REZ
100
AcDbLine
 10
64.22636311948224
 20
34.360029287528484
 30
0.0
 11
64.15507857223285
 21
34.75936598786469
 31
0.0
  0
LINE
  5
298
330
17
100
AcDbEntity
  8
REZ
100
AcDbLine
 10
64.15507857223285
 20
34.75936598786469
 30
0.0
 11
64.04143502837661
 21
35.2701548308464
 31
0.0
  0
LINE
  5
299
330
17
100
AcDbEntity
  8
REZ
100
AcDbLine
 10
64.04143502837661
 20
35.2701548308464
 30
0.0
 11
63.892968335482095
 21
35.84444574237835
 31
0.0
  0
LINE
  5
29A
330
17
100
AcDbEntity
  8
REZ
100
AcDbLine
 10
63.892968335482095
 20
35.84444574237835
 30
0.0
 11
63.71249795849609
 21
36.47055213864777
 31
0.0
  0
LINE
  5
29B
330
17
100
AcDbEntity
  8
REZ
100
AcDbLine
 10
63.71249795849609
 20
36.47055213864777
 30
0.0
 11
63.50344822910344
 21
37.13883817514842
 31
0.0
  0
LINE
  5
29C
330
17
100
AcDbEntity
  8
REZ
100
AcDbLine
 10
63.50344822910344
 20
37.13883817514842
 30
0.0
 11
63.26952744191375
 21
37.84111932564532
 31
0.0
  0
LINE
  5
29D
330
17
100
AcDbEntity
  8
REZ
100
AcDbLine
 10
63.26952744191375
 20
37.84111932564532
 30
0.0
 11
63.0145626640174
 21
38.570256802031224
 31
0.0
  0
LINE
  5
29E
330
17
100
AcDbEntity
  8
REZ
100
AcDbLine
 10
63.0145626640174
 20
38.570256802031224
 30
0.0
 11
62.742413414387286
 21
39.319885698779245
 31
0.0
  0
LINE
  5
29F
330
17
100
AcDbEntity
  8
REZ
100
AcDbLine
 10
62.742413414387286
 20
39.319885698779245
 30
0.0
 11
62.45692543564986
 21
40.08423510185625
 31
0.0
  0
LINE
  5
2A0
330
17
100
AcDbEntity
  8
REZ
100
AcDbLine
 10
62.45692543564986
 20
40.08423510185625
 30
0.0
 11
62.161904564044534
 21
40.85801305994367
 31
0.0
  0
LINE
  5
2A1
330
17
100
AcDbEntity
  8
REZ
100
AcDbLine
 10
62.161904564044534
 20
40.85801305994367
 30
0.0
 11
61.861100081797844
 21
41.6363399452693
 31
0.0
  0
LINE
  5
2A2
330
17
100
AcDbEntity
  8
REZ
100
AcDbLine
 10
61.861100081797844
 20
41.6363399452693
 30
0.0
 11
61.62217159397215
 21
42.250312820695115
 31
0.0
  0
LINE
  5
2A3
330
17
100
AcDbEntity
  8
REZ
100
AcDbLine
 10
61.62217159397215
 20
42.250312820695115
 30
0.0
 11
61.62217159397214
 21
36.500000175784415
 31
0.0
  0
CIRCLE
  5
2A4
330
17
100
AcDbEntity
  8
REZ
100
AcDbCircle
 10
73.6832573909582
 20
5.0
 30
0.0
 40
1.65
  0
CIRCLE
  5
2A5
330
17
100
AcDbEntity
  8
REZ
100
AcDbCircle
 10
67.6832573909582
 20
27.0
 30
0.0
 40
1.65
  0
TEXT
  5
2A6
330
17
100
AcDbEntity
  8
TEXT
100
AcDbText
 10
56.12217159397213
 20
1.0
 30
0.0
 40
3.0
  1
21
 11
56.12217159397213
 21
1.0
 31
0.0
100
AcDbText
  0
LINE
  5
2A7
330
17
100
AcDbEntity
  8
REZ
100
AcDbLine
 10
89.1832573909582
 20
36.500000175784415
 30
0.0
 11
82.6832573909582
 21
34.000000175784415
 31
0.0
  0
LINE
  5
2A8
330
17
100
AcDbEntity
  8
REZ
100
AcDbLine
 10
82.6832573909582
 20
34.000000175784415
 30
0.0
 11
82.6832573909582
 21
35.51126126126126
 31
0.0
  0
LINE
  5
2A9
330
17
100
AcDbEntity
  8
REZ
100
AcDbLine
 10
82.6832573909582
 20
35.51126126126126
 30
0.0
 11
83.78325739095821
 21
36.75
 31
0.0
  0
LINE
  5
2AA
330
17
100
AcDbEntity
  8
REZ
100
AcDbLine
 10
83.78325739095821
 20
36.75
 30
0.0
 11
82.6832573909582
 21
37.98873873873873
 31
0.0
  0
LINE
  5
2AB
330
17
100
AcDbEntity
  8
REZ
100
AcDbLine
 10
82.6832573909582
 20
37.98873873873873
 30
0.0
 11
82.6832573909582
 21
38.01126126126127
 31
0.0
  0
LINE
  5
2AC
330
17
100
AcDbEntity
  8
REZ
100
AcDbLine
 10
82.6832573909582
 20
38.01126126126127
 30
0.0
 11
83.78325739095821
 21
39.25
 31
0.0
  0
LINE
  5
2AD
330
17
100
AcDbEntity
  8
REZ
100
AcDbLine
 10
83.78325739095821
 20
39.25
 30
0.0
 11
82.6832573909582
 21
40.48873873873873
 31
0.0
  0
LINE
  5
2AE
330
17
100
AcDbEntity
  8
REZ
100
AcDbLine
 10
82.6832573909582
 20
40.48873873873873
 30
0.0
 11
82.6832573909582
 21
40.51126126126127
 31
0.0
  0
LINE
  5
2AF
330
17
100
AcDbEntity
  8
REZ
100
AcDbLine
 10
82.6832573909582
 20
40.51126126126127
 30
0.0
 11
83.78325739095821
 21
41.75
 31
0.0
  0
LINE
  5
2B0
330
17
100
AcDbEntity
  8
REZ
100
AcDbLine
 10
83.78325739095821
 20
41.75
 30
0.0
 11
82.6832573909582
 21
42.98873873873873
 31
0.0
  0
LINE
  5
2B1
330
17
100
AcDbEntity
  8
REZ
100
AcDbLine
 10
82.6832573909582
 20
42.98873873873873
 30
0.0
 11
82.6832573909582
 21
43.011261261261254
 31
0.0
  0
LINE
  5
2B2
330
17
100
AcDbEntity
  8
REZ
100
AcDbLine
 10
82.6832573909582
 20
43.011261261261254
 30
0.0
 11
83.78325739095821
 21
44.25
 31
0.0
  0
LINE
  5
2B3
330
17
100
AcDbEntity
  8
REZ
100
AcDbLine
 10
83.78325739095821
 20
44.25
 30
0.0
 11
82.6832573909582
 21
45.488738738738746
 31
0.0
  0
LINE
  5
2B4
330
17
100
AcDbEntity
  8
REZ
100
AcDbLine
 10
82.6832573909582
 20
45.488738738738746
 30
0.0
 11
82.6832573909582
 21
45.51126126126127
 31
0.0
  0
LINE
  5
2B5
330
17
100
AcDbEntity
  8
REZ
100
AcDbLine
 10
82.6832573909582
 20
45.51126126126127
 30
0.0
 11
83.78325739095821
 21
46.75
 31
0.0
  0
LINE
  5
2B6
330
17
100
AcDbEntity
  8
REZ
100
AcDbLine
 10
83.78325739095821
 20
46.75
 30
0.0
 11
82.6832573909582
 21
47.98873873873873
 31
0.0
  0
LINE
  5
2B7
330
17
100
AcDbEntity
  8
REZ
100
AcDbLine
 10
82.6832573909582
 20
47.98873873873873
 30
0.0
 11
82.6832573909582
 21
48.01126126126127
 31
0.0
  0
LINE
  5
2B8
330
17
100
AcDbEntity
  8
REZ
100
AcDbLine
 10
82.6832573909582
 20
48.01126126126127
 30
0.0
 11
83.78325739095821
 21
49.25
 31
0.0
  0
LINE
  5
2B9
330
17
100
AcDbEntity
  8
REZ
100
AcDbLine
 10
83.78325739095821
 20
49.25
 30
0.0
 11
82.6832573909582
 21
50.48873873873873
 31
0.0
  0
LINE
  5
2BA
330
17
100
AcDbEntity
  8
REZ
100
AcDbLine
 10
82.6832573909582
 20
50.48873873873873
 30
0.0
 11
82.6832573909582
 21
50.51126126126127
 31
0.0
  0
LINE
  5
2BB
330
17
100
AcDbEntity
  8
REZ
100
AcDbLine
 10
82.6832573909582
 20
50.51126126126127
 30
0.0
 11
83.78325739095821
 21
51.75
 31
0.0
  0
LINE
  5
2BC
330
17
100
AcDbEntity
  8
REZ
100
AcDbLine
 10
83.78325739095821
 20
51.75
 30
0.0
 11
82.6832573909582
 21
52.988738738738746
 31
0.0
  0
LINE
  5
2BD
330
17
100
AcDbEntity
  8
REZ
100
AcDbLine
 10
82.6832573909582
 20
52.988738738738746
 30
0.0
 11
82.6832573909582
 21
53.01126126126127
 31
0.0
  0
LINE
  5
2BE
330
17
100
AcDbEntity
  8
REZ
100
AcDbLine
 10
82.6832573909582
 20
53.01126126126127
 30
0.0
 11
83.78325739095821
 21
54.25
 31
0.0
  0
LINE
  5
2BF
330
17
100
AcDbEntity
  8
REZ
100
AcDbLine
 10
83.78325739095821
 20
54.25
 30
0.0
 11
82.6832573909582
 21
55.48873873873873
 31
0.0
  0
LINE
  5
2C0
330
17
100
AcDbEntity
  8
REZ
100
AcDbLine
 10
82.6832573909582
 20
55.48873873873873
 30
0.0
 11
82.6832573909582
 21
55.51126126126127
 31
0.0
  0
LINE
  5
2C1
330
17
100
AcDbEntity
  8
REZ
100
AcDbLine
 10
82.6832573909582
 20
55.51126126126127
 30
0.0
 11
83.78325739095821
 21
56.75
 31
0.0
  0
LINE
  5
2C2
330
17
100
AcDbEntity
  8
REZ
100
AcDbLine
 10
83.78325739095821
 20
56.75
 30
0.0
 11
82.6832573909582
 21
57.98873873873873
 31
0.0
  0
LINE
  5
2C3
330
17
100
AcDbEntity
  8
REZ
100
AcDbLine
 10
82.6832573909582
 20
57.98873873873873
 30
0.0
 11
82.6832573909582
 21
58.011261261261254
 31
0.0
  0
LINE
  5
2C4
330
17
100
AcDbEntity
  8
REZ
100
AcDbLine
 10
82.6832573909582
 20
58.011261261261254
 30
0.0
 11
83.78325739095821
 21
59.25
 31
0.0
  0
LINE
  5
2C5
330
17
100
AcDbEntity
  8
REZ
100
AcDbLine
 10
83.78325739095821
 20
59.25
 30
0.0
 11
82.6832573909582
 21
60.488738738738746
 31
0.0
  0
LINE
  5
2C6
330
17
100
AcDbEntity
  8
REZ
100
AcDbLine
 10
82.6832573909582
 20
60.488738738738746
 30
0.0
 11
82.6832573909582
 21
62.35387061456227
 31
0.0
  0
LINE
  5
2C7
330
17
100
AcDbEntity
  8
REZ
100
AcDbLine
 10
82.6832573909582
 20
62.35387061456227
 30
0.0
 11
83.14441109421412
 21
62.71540838690834
 31
0.0
  0
LINE
  5
2C8
330
17
100
AcDbEntity
  8
REZ
100
AcDbLine
 10
83.14441109421412
 20
62.71540838690834
 30
0.0
 11
83.65108938551894
 21
63.01500849285142
 31
0.0
  0
LINE
  5
2C9
330
17
100
AcDbEntity
  8
REZ
100
AcDbLine
 10
83.65108938551894
 20
63.01500849285142
 30
0.0
 11
84.19253863482024
 21
63.24591069031115
 31
0.0
  0
LINE
  5
2CA
330
17
100
AcDbEntity
  8
REZ
100
AcDbLine
 10
84.19253863482024
 20
63.24591069031115
 30
0.0
 11
84.7594944953444
 21
63.40416417867081
 31
0.0
  0
LINE
  5
2CB
330
17
100
AcDbEntity
  8
REZ
100
AcDbLine
 10
84.7594944953444
 20
63.40416417867081
 30
0.0
 11
85.34225619512794
 21
63.487061196868424
 31
0.0
  0
LINE
  5
2CC
330
17
100
AcDbEntity
  8
REZ
100
AcDbLine
 10
85.34225619512794
 20
63.487061196868424
 30
0.0
 11
85.93085251991556
 21
63.49318335393923
 31
0.0
  0
LINE
  5
2CD
330
17
100
AcDbEntity
  8
REZ
100
AcDbLine
 10
85.93085251991556
 20
63.49318335393923
 30
0.0
 11
86.51521242340037
 21
63.42242589807836
 31
0.0
  0
LINE
  5
2CE
330
17
100
AcDbEntity
  8
REZ
100
AcDbLine
 10
86.51521242340037
 20
63.42242589807836
 30
0.0
 11
87.08533734561858
 21
63.27599950897326
 31
0.0
  0
LINE
  5
2CF
330
17
100
AcDbEntity
  8
REZ
100
AcDbLine
 10
87.08533734561858
 20
63.27599950897326
 30
0.0
 11
87.51241961729981
 21
63.10427827905829
 31
0.0
  0
LINE
  5
2D0
330
17
100
AcDbEntity
  8
REZ
100
AcDbLine
 10
87.51241961729981
 20
63.10427827905829
 30
0.0
 11
87.53783733697429
 21
63.0968736686732
 31
0.0
  0
LINE
  5
2D1
330
17
100
AcDbEntity
  8
REZ
100
AcDbLine
 10
87.53783733697429
 20
63.0968736686732
 30
0.0
 11
87.68004925103679
 21
63.0536607780482
 31
0.0
  0
LINE
  5
2D2
330
17
100
AcDbEntity
  8
REZ
100
AcDbLine
 10
87.68004925103679
 20
63.0536607780482
 30
0.0
 11
87.8815684917626
 21
62.987197694084315
 31
0.0
  0
LINE
  5
2D3
330
17
100
AcDbEntity
  8
REZ
100
AcDbLine
 10
87.8815684917626
 20
62.987197694084315
 30
0.0
 11
88.03305774957511
 21
62.933242615959315
 31
0.0
  0
LINE
  5
2D4
330
17
100
AcDbEntity
  8
REZ
100
AcDbLine
 10
88.03305774957511
 20
62.933242615959315
 30
0.0
 11
88.30688345334536
 21
62.825502710938395
 31
0.0
  0
LINE
  5
2D5
330
17
100
AcDbEntity
  8
REZ
100
AcDbLine
 10
88.30688345334536
 20
62.825502710938395
 30
0.0
 11
88.46691763303286
 21
62.756410914063395
 31
0.0
  0
LINE
  5
2D6
330
17
100
AcDbEntity
  8
REZ
100
AcDbLine
 10
88.46691763303286
 20
62.756410914063395
 30
0.0
 11
88.78436279329198
 21
62.60436629229879
 31
0.0
  0
LINE
  5
2D7
330
17
100
AcDbEntity
  8
REZ
100
AcDbLine
 10
88.78436279329198
 20
62.60436629229879
 30
0.0
 11
88.95220947297948
 21
62.51574324542379
 31
0.0
  0
LINE
  5
2D8
330
17
100
AcDbEntity
  8
REZ
100
AcDbLine
 10
88.95220947297948
 20
62.51574324542379
 30
0.0
 11
89.28598125483717
 21
62.32073596065902
 31
0.0
  0
LINE
  5
2D9
330
17
100
AcDbEntity
  8
REZ
100
AcDbLine
 10
89.28598125483717
 20
62.32073596065902
 30
0.0
 11
89.46090801264967
 21
62.20818713253402
 31
0.0
  0
LINE
  5
2DA
330
17
100
AcDbEntity
  8
REZ
100
AcDbLine
 10
89.46090801264967
 20
62.20818713253402
 30
0.0
 11
89.78727247422435
 21
61.9770723572034
 31
0.0
  0
LINE
  5
2DB
330
17
100
AcDbEntity
  8
REZ
100
AcDbLine
 10
89.78727247422435
 20
61.9770723572034
 30
0.0
 11
89.96854688828685
 21
61.8362032165784
 31
0.0
  0
LINE
  5
2DC
330
17
100
AcDbEntity
  8
REZ
100
AcDbLine
 10
89.96854688828685
 20
61.8362032165784
 30
0.0
 11
90.26974818803593
 21
61.58014615004576
 31
0.0
  0
LINE
  5
2DD
330
17
100
AcDbEntity
  8
REZ
100
AcDbLine
 10
90.26974818803593
 20
61.58014615004576
 30
0.0
 11
90.45663783647345
 21
61.40656216567076
 31
0.0
  0
LINE
  5
2DE
330
17
100
AcDbEntity
  8
REZ
100
AcDbLine
 10
90.45663783647345
 20
61.40656216567076
 30
0.0
 11
90.72209248177478
 21
61.138417361050315
 31
0.0
  0
LINE
  5
2DF
330
17
100
AcDbEntity
  8
REZ
100
AcDbLine
 10
90.72209248177478
 20
61.138417361050315
 30
0.0
 11
90.91386494271228
 21
60.927724001675315
 31
0.0
  0
LINE
  5
2E0
330
17
100
AcDbEntity
  8
REZ
100
AcDbLine
 10
90.91386494271228
 20
60.927724001675315
 30
0.0
 11
91.13962627631666
 21
60.6593895659375
 31
0.0
  0
LINE
  5
2E1
330
17
100
AcDbEntity
  8
REZ
100
AcDbLine
 10
91.13962627631666
 20
60.6593895659375
 30
0.0
 11
91.33554912787916
 21
60.4071923003125
 31
0.0
  0
LINE
  5
2E2
330
17
100
AcDbEntity
  8
REZ
100
AcDbLine
 10
91.33554912787916
 20
60.4071923003125
 30
0.0
 11
91.52257782009474
 21
60.14793518497849
 31
0.0
  0
LINE
  5
2E3
330
17
100
AcDbEntity
  8
REZ
100
AcDbLine
 10
91.52257782009474
 20
60.14793518497849
 30
0.0
 11
91.72191864040724
 21
59.84983948185349
 31
0.0
  0
LINE
  5
2E4
330
17
100
AcDbEntity
  8
REZ
100
AcDbLine
 10
91.72191864040724
 20
59.84983948185349
 30
0.0
 11
91.87406079357454
 21
59.60579346130224
 31
0.0
  0
LINE
  5
2E5
330
17
100
AcDbEntity
  8
REZ
100
AcDbLine
 10
91.87406079357454
 20
59.60579346130224
 30
0.0
 11
92.07608716076204
 21
59.25740478942724
 31
0.0
  0
LINE
  5
2E6
330
17
100
AcDbEntity
  8
REZ
100
AcDbLine
 10
92.07608716076204
 20
59.25740478942724
 30
0.0
 11
92.17633706952049
 21
59.07492522290636
 31
0.0
  0
LINE
  5
2E7
330
17
100
AcDbEntity
  8
REZ
100
AcDbLine
 10
92.17633706952049
 20
59.07492522290636
 30
0.0
 11
92.38502648761681
 21
58.67331389478136
 31
0.0
  0
LINE
  5
2E8
330
17
100
AcDbEntity
  8
REZ
100
AcDbLine
 10
92.38502648761681
 20
58.67331389478136
 30
0.0
 11
92.44107319641796
 21
58.56169595784867
 31
0.0
  0
LINE
  5
2E9
330
17
100
AcDbEntity
  8
REZ
100
AcDbLine
 10
92.44107319641796
 20
58.56169595784867
 30
0.0
 11
92.66018885588129
 21
58.10979166097367
 31
0.0
  0
LINE
  5
2EA
330
17
100
AcDbEntity
  8
REZ
100
AcDbLine
 10
92.66018885588129
 20
58.10979166097367
 30
0.0
 11
92.7008315779345
 21
58.02366008112385
 31
0.0
  0
LINE
  5
2EB
330
17
100
AcDbEntity
  8
REZ
100
AcDbLine
 10
92.7008315779345
 20
58.02366008112385
 30
0.0
 11
92.92931958652628
 21
57.52585734674885
 31
0.0
  0
LINE
  5
2EC
330
17
100
AcDbEntity
  8
REZ
100
AcDbLine
 10
92.92931958652628
 20
57.52585734674885
 30
0.0
 11
92.95984259892802
 21
57.457878376992156
 31
0.0
  0
LINE
  5
2ED
330
17
100
AcDbEntity
  8
REZ
100
AcDbLine
 10
92.95984259892802
 20
57.457878376992156
 30
0.0
 11
93.19664906440971
 21
56.918571736367156
 31
0.0
  0
LINE
  5
2EE
330
17
100
AcDbEntity
  8
REZ
100
AcDbLine
 10
93.19664906440971
 20
56.918571736367156
 30
0.0
 11
93.22018643680889
 21
56.86399094739497
 31
0.0
  0
LINE
  5
2EF
330
17
100
AcDbEntity
  8
REZ
100
AcDbLine
 10
93.22018643680889
 20
56.86399094739497
 30
0.0
 11
93.46425746694197
 21
56.28757493176997
 31
0.0
  0
LINE
  5
2F0
330
17
100
AcDbEntity
  8
REZ
100
AcDbLine
 10
93.46425746694197
 20
56.28757493176997
 30
0.0
 11
93.48276986902786
 21
56.24319579203558
 31
0.0
  0
LINE
  5
2F1
330
17
100
AcDbEntity
  8
REZ
100
AcDbLine
 10
93.48276986902786
 20
56.24319579203558
 30
0.0
 11
93.73305157157378
 21
55.63406493266058
 31
0.0
  0
LINE
  5
2F2
330
17
100
AcDbEntity
  8
REZ
100
AcDbLine
 10
93.73305157157378
 20
55.63406493266058
 30
0.0
 11
93.74781905631374
 21
55.597673165258854
 31
0.0
  0
LINE
  5
2F3
330
17
100
AcDbEntity
  8
REZ
100
AcDbLine
 10
93.74781905631374
 20
55.597673165258854
 30
0.0
 11
94.00325753903398
 21
54.960221993383854
 31
0.0
  0
LINE
  5
2F4
330
17
100
AcDbEntity
  8
REZ
100
AcDbLine
 10
94.00325753903398
 20
54.960221993383854
 30
0.0
 11
94.01514454876742
 21
54.93024715422315
 31
0.0
  0
LINE
  5
2F5
330
17
100
AcDbEntity
  8
REZ
100
AcDbLine
 10
94.01514454876742
 20
54.93024715422315
 30
0.0
 11
94.27468591942343
 21
54.26887020109815
 31
0.0
  0
LINE
  5
2F6
330
17
100
AcDbEntity
  8
REZ
100
AcDbLine
 10
94.27468591942343
 20
54.26887020109815
 30
0.0
 11
94.28429150629387
 21
54.244179246808784
 31
0.0
  0
LINE
  5
2F7
330
17
100
AcDbEntity
  8
REZ
100
AcDbLine
 10
94.28429150629387
 20
54.244179246808784
 30
0.0
 11
94.54688187264712
 21
53.563271043683784
 31
0.0
  0
LINE
  5
2F8
330
17
100
AcDbEntity
  8
REZ
100
AcDbLine
 10
94.54688187264712
 20
53.563271043683784
 30
0.0
 11
94.554628594024
 21
53.5430385196327
 31
0.0
  0
LINE
  5
2F9
330
17
100
AcDbEntity
  8
REZ
100
AcDbLine
 10
94.554628594024
 20
53.5430385196327
 30
0.0
 11
94.81921406383594
 21
52.8469935977577
 31
0.0
  0
LINE
  5
2FA
330
17
100
AcDbEntity
  8
REZ
100
AcDbLine
 10
94.81921406383594
 20
52.8469935977577
 30
0.0
 11
94.82540238782475
 21
52.8306181466162
 31
0.0
  0
LINE
  5
2FB
330
17
100
AcDbEntity
  8
REZ
100
AcDbLine
 10
94.82540238782475
 20
52.8306181466162
 30
0.0
 11
95.09092906885687
 21
52.1238310372412
 31
0.0
  0
LINE
  5
2FC
330
17
100
AcDbEntity
  8
REZ
100
AcDbLine
 10
95.09092906885687
 20
52.1238310372412
 30
0.0
 11
95.09577143446998
 21
52.11088108696073
 31
0.0
  0
LINE
  5
2FD
330
17
100
AcDbEntity
  8
REZ
100
AcDbLine
 10
95.09577143446998
 20
52.11088108696073
 30
0.0
 11
95.36118543448373
 21
51.39774632133573
 31
0.0
  0
LINE
  5
2FE
330
17
100
AcDbEntity
  8
REZ
100
AcDbLine
 10
95.36118543448373
 20
51.39774632133573
 30
0.0
 11
95.36482770772697
 21
51.38792502885937
 31
0.0
  0
LINE
  5
2FF
330
17
100
AcDbEntity
  8
REZ
100
AcDbLine
 10
95.36482770772697
 20
51.38792502885937
 30
0.0
 11
95.62907513448381
 21
50.67283713823437
 31
0.0
  0
LINE
  5
300
330
17
100
AcDbEntity
  8
REZ
100
AcDbLine
 10
95.62907513448381
 20
50.67283713823437
 30
0.0
 11
95.63160978608396
 21
50.66596082512925
 31
0.0
  0
LINE
  5
301
330
17
100
AcDbEntity
  8
REZ
100
AcDbLine
 10
95.63160978608396
 20
50.66596082512925
 30
0.0
 11
95.89363674734537
 21
49.95331434075425
 31
0.0
  0
LINE
  5
302
330
17
100
AcDbEntity
  8
REZ
100
AcDbLine
 10
95.89363674734537
 20
49.95331434075425
 30
0.0
 11
96.15386273735889
 21
49.2434906741547
 31
0.0
  0
LINE
  5
303
330
17
100
AcDbEntity
  8
REZ
100
AcDbLine
 10
96.15386273735889
 20
49.2434906741547
 30
0.0
 11
96.40470612777013
 21
48.55868711757344
 31
0.0
  0
LINE
  5
304
330
17
100
AcDbEntity
  8
REZ
100
AcDbLine
 10
96.40470612777013
 20
48.55868711757344
 30
0.0
 11
96.65593435459238
 21
47.88364514717615
 31
0.0
  0
LINE
  5
305
330
17
100
AcDbEntity
  8
REZ
100
AcDbLine
 10
96.65593435459238
 20
47.88364514717615
 30
0.0
 11
96.92369458117318
 21
47.18101215665028
 31
0.0
  0
LINE
  5
306
330
17
100
AcDbEntity
  8
REZ
100
AcDbLine
 10
96.92369458117318
 20
47.18101215665028
 30
0.0
 11
97.20856564991821
 21
46.44424072879947
 31
0.0
  0
LINE
  5
307
330
17
100
AcDbEntity
  8
REZ
100
AcDbLine
 10
97.20856564991821
 20
46.44424072879947
 30
0.0
 11
97.50635503790586
 21
45.679216932307824
 31
0.0
  0
LINE
  5
308
330
17
100
AcDbEntity
  8
REZ
100
AcDbLine
 10
97.50635503790586
 20
45.679216932307824
 30
0.0
 11
97.8113814912713
 21
44.89539262414331
 31
0.0
  0
LINE
  5
309
330
17
100
AcDbEntity
  8
REZ
100
AcDbLine
 10
97.8113814912713
 20
44.89539262414331
 30
0.0
 11
97.815166004712
 21
44.88563402153109
 31
0.0
  0
LINE
  5
30A
330
17
100
AcDbEntity
  8
REZ
100
AcDbLine
 10
97.815166004712
 20
44.88563402153109
 30
0.0
 11
98.12153485844559
 21
44.09290941215609
 31
0.0
  0
LINE
  5
30B
330
17
100
AcDbEntity
  8
REZ
100
AcDbLine
 10
98.12153485844559
 20
44.09290941215609
 30
0.0
 11
98.12884724992888
 21
44.07386038964982
 31
0.0
  0
LINE
  5
30C
330
17
100
AcDbEntity
  8
REZ
100
AcDbLine
 10
98.12884724992888
 20
44.07386038964982
 30
0.0
 11
98.43295365970833
 21
43.27625296777482
 31
0.0
  0
LINE
  5
30D
330
17
100
AcDbEntity
  8
REZ
100
AcDbLine
 10
98.43295365970833
 20
43.27625296777482
 30
0.0
 11
98.4437581858055
 21
43.247622904266834
 31
0.0
  0
LINE
  5
30E
330
17
100
AcDbEntity
  8
REZ
100
AcDbLine
 10
98.4437581858055
 20
43.247622904266834
 30
0.0
 11
98.7418505611079
 21
42.449527201141834
 31
0.0
  0
LINE
  5
30F
330
17
100
AcDbEntity
  8
REZ
100
AcDbLine
 10
98.7418505611079
 20
42.449527201141834
 30
0.0
 11
98.75617307473001
 21
42.41063544513598
 31
0.0
  0
LINE
  5
310
330
17
100
AcDbEntity
  8
REZ
100
AcDbLine
 10
98.75617307473001
 20
42.41063544513598
 30
0.0
 11
99.04449982503239
 21
41.61644599201098
 31
0.0
  0
LINE
  5
311
330
17
100
AcDbEntity
  8
REZ
100
AcDbLine
 10
99.04449982503239
 20
41.61644599201098
 30
0.0
 11
99.06241333029632
 21
41.566176370461065
 31
0.0
  0
LINE
  5
312
330
17
100
AcDbEntity
  8
REZ
100
AcDbLine
 10
99.06241333029632
 20
41.566176370461065
 30
0.0
 11
99.33722286507577
 21
40.780287698586065
 31
0.0
  0
LINE
  5
313
330
17
100
AcDbEntity
  8
REZ
100
AcDbLine
 10
99.33722286507577
 20
40.780287698586065
 30
0.0
 11
99.35882669917353
 21
40.717000622335235
 31
0.0
  0
LINE
  5
314
330
17
100
AcDbEntity
  8
REZ
100
AcDbLine
 10
99.35882669917353
 20
40.717000622335235
 30
0.0
 11
99.61636742790712
 21
39.943807262960235
 31
0.0
  0
LINE
  5
315
330
17
100
AcDbEntity
  8
REZ
100
AcDbLine
 10
99.61636742790712
 20
39.943807262960235
 30
0.0
 11
99.64175217944322
 21
39.865197444540996
 31
0.0
  0
LINE
  5
316
330
17
100
AcDbEntity
  8
REZ
100
AcDbLine
 10
99.64175217944322
 20
39.865197444540996
 30
0.0
 11
99.87827251160802
 21
39.109093928915996
 31
0.0
  0
LINE
  5
317
330
17
100
AcDbEntity
  8
REZ
100
AcDbLine
 10
99.87827251160802
 20
39.109093928915996
 30
0.0
 11
99.90745610226787
 21
39.01197293580036
 31
0.0
  0
LINE
  5
318
330
17
100
AcDbEntity
  8
REZ
100
AcDbLine
 10
99.90745610226787
 20
39.01197293580036
 30
0.0
 11
100.11920444734096
 21
38.27735379517536
 31
0.0
  0
LINE
  5
319
330
17
100
AcDbEntity
  8
REZ
100
AcDbLine
 10
100.11920444734096
 20
38.27735379517536
 30
0.0
 11
100.15201155274104
 21
38.15732453034471
 31
0.0
  0
LINE
  5
31A
330
17
100
AcDbEntity
  8
REZ
100
AcDbLine
 10
100.15201155274104
 20
38.15732453034471
 30
0.0
 11
100.3352363201995
 21
37.44858429596971
 31
0.0
  0
LINE
  5
31B
330
17
100
AcDbEntity
  8
REZ
100
AcDbLine
 10
100.3352363201995
 20
37.44858429596971
 30
0.0
 11
100.3710666914726
 21
37.29955825111719
 31
0.0
  0
LINE
  5
31C
330
17
100
AcDbEntity
  8
REZ
100
AcDbLine
 10
100.3710666914726
 20
37.29955825111719
 30
0.0
 11
100.52201629079349
 21
36.62109145424219
 31
0.0
  0
LINE
  5
31D
330
17
100
AcDbEntity
  8
REZ
100
AcDbLine
 10
100.52201629079349
 20
36.62109145424219
 30
0.0
 11
100.55939353116796
 21
36.43458172504942
 31
0.0
  0
LINE
  5
31E
330
17
100
AcDbEntity
  8
REZ
100
AcDbLine
 10
100.55939353116796
 20
36.43458172504942
 30
0.0
 11
100.67431637182833
 21
35.79078289692442
 31
0.0
  0
LINE
  5
31F
330
17
100
AcDbEntity
  8
REZ
100
AcDbLine
 10
100.67431637182833
 20
35.79078289692442
 30
0.0
 11
100.7178397290063
 21
35.48767683675359
 31
0.0
  0
LINE
  5
320
330
17
100
AcDbEntity
  8
REZ
100
AcDbLine
 10
100.7178397290063
 20
35.48767683675359
 30
0.0
 11
100.78152921927997
 21
34.90344832112861
 31
0.0
  0
LINE
  5
321
330
17
100
AcDbEntity
  8
REZ
100
AcDbLine
 10
100.78152921927997
 20
34.90344832112861
 30
0.0
 11
100.80775913636066
 21
34.46538803292826
 31
0.0
  0
LINE
  5
322
330
17
100
AcDbEntity
  8
REZ
100
AcDbLine
 10
100.80775913636066
 20
34.46538803292826
 30
0.0
 11
100.81339894691934
 21
33.95391342355326
 31
0.0
  0
LINE
  5
323
330
17
100
AcDbEntity
  8
REZ
100
AcDbLine
 10
100.81339894691934
 20
33.95391342355326
 30
0.0
 11
100.79289611248
 21
33.47237589975396
 31
0.0
  0
LINE
  5
324
330
17
100
AcDbEntity
  8
REZ
100
AcDbLine
 10
100.79289611248
 20
33.47237589975396
 30
0.0
 11
100.74932004639764
 21
33.02047160287895
 31
0.0
  0
LINE
  5
325
330
17
100
AcDbEntity
  8
REZ
100
AcDbLine
 10
100.74932004639764
 20
33.02047160287895
 30
0.0
 11
100.67664332957767
 21
32.54006349416667
 31
0.0
  0
LINE
  5
326
330
17
100
AcDbEntity
  8
REZ
100
AcDbLine
 10
100.67664332957767
 20
32.54006349416667
 30
0.0
 11
100.59268518992826
 21
32.13454591604167
 31
0.0
  0
LINE
  5
327
330
17
100
AcDbEntity
  8
REZ
100
AcDbLine
 10
100.59268518992826
 20
32.13454591604167
 30
0.0
 11
100.48405580910747
 21
31.713493981999648
 31
0.0
  0
LINE
  5
328
330
17
100
AcDbEntity
  8
REZ
100
AcDbLine
 10
100.48405580910747
 20
31.713493981999648
 30
0.0
 11
100.36854939896497
 21
31.341179528874648
 31
0.0
  0
LINE
  5
329
330
17
100
AcDbEntity
  8
REZ
100
AcDbLine
 10
100.36854939896497
 20
31.341179528874648
 30
0.0
 11
100.25974444220569
 21
31.030986428769957
 31
0.0
  0
LINE
  5
32A
330
17
100
AcDbEntity
  8
REZ
100
AcDbLine
 10
100.25974444220569
 20
31.030986428769957
 30
0.0
 11
100.12152356464405
 21
30.678691506894957
 31
0.0
  0
LINE
  5
32B
330
17
100
AcDbEntity
  8
REZ
100
AcDbLine
 10
100.12152356464405
 20
30.678691506894957
 30
0.0
 11
100.05089085318946
 21
30.50894721377317
 31
0.0
  0
LINE
  5
32C
330
17
100
AcDbEntity
  8
REZ
100
AcDbLine
 10
100.05089085318946
 20
30.50894721377317
 30
0.0
 11
99.89878931128266
 21
30.16348822939817
 31
0.0
  0
LINE
  5
32D
330
17
100
AcDbEntity
  8
REZ
100
AcDbLine
 10
99.89878931128266
 20
30.16348822939817
 30
0.0
 11
99.88903044571613
 21
30.14148328830275
 31
0.0
  0
LINE
  5
32E
330
17
100
AcDbEntity
  8
REZ
100
AcDbLine
 10
99.88903044571613
 20
30.14148328830275
 30
0.0
 11
99.75797969146865
 21
29.848101206965566
 31
0.0
  0
LINE
  5
32F
330
17
100
AcDbEntity
  8
REZ
100
AcDbLine
 10
99.75797969146865
 20
29.848101206965566
 30
0.0
 11
99.67756691598495
 21
29.653395769500072
 31
0.0
  0
LINE
  5
330
330
17
100
AcDbEntity
  8
REZ
100
AcDbLine
 10
99.67756691598495
 20
29.653395769500072
 30
0.0
 11
99.63493866843376
 21
29.531014269581718
 31
0.0
  0
LINE
  5
331
330
17
100
AcDbEntity
  8
REZ
100
AcDbLine
 10
99.63493866843376
 20
29.531014269581718
 30
0.0
 11
99.6100863107792
 21
29.437270396451666
 31
0.0
  0
ARC
  5
332
330
17
100
AcDbEntity
  8
REZ
100
AcDbCircle
 10
95.24434318794427
 20
27.0
 30
0.0
 40
5.0
100
AcDbArc
 50
-14.30433980360047
 51
29.173382506073153
  0
LINE
  5
333
330
17
100
AcDbEntity
  8
REZ
100
AcDbLine
 10
100.08932828778497
 20
25.764637954961486
 30
0.0
 11
100.3907376982665
 21
24.505884488324604
 31
0.0
  0
LINE
  5
334
330
17
100
AcDbEntity
  8
REZ
100
AcDbLine
 10
100.3907376982665
 20
24.505884488324604
 30
0.0
 11
100.74815232110261
 21
23.100688728651775
 31
0.0
  0
LINE
  5
335
330
17
100
AcDbEntity
  8
REZ
100
AcDbLine
 10
100.74815232110261
 20
23.100688728651775
 30
0.0
 11
101.14859738292192
 21
21.592151406371947
 31
0.0
  0
LINE
  5
336
330
17
100
AcDbEntity
  8
REZ
100
AcDbLine
 10
101.14859738292192
 20
21.592151406371947
 30
0.0
 11
101.58180092078292
 21
20.010724944133443
 31
0.0
  0
LINE
  5
337
330
17
100
AcDbEntity
  8
REZ
100
AcDbLine
 10
101.58180092078292
 20
20.010724944133443
 30
0.0
 11
102.03775052058178
 21
18.385238748809336
 31
0.0
  0
LINE
  5
338
330
17
100
AcDbEntity
  8
REZ
100
AcDbLine
 10
102.03775052058178
 20
18.385238748809336
 30
0.0
 11
102.5066059596743
 21
16.743580610796997
 31
0.0
  0
LINE
  5
339
330
17
100
AcDbEntity
  8
REZ
100
AcDbLine
 10
102.5066059596743
 20
16.743580610796997
 30
0.0
 11
102.97865076562272
 21
15.1130344588316
 31
0.0
  0
LINE
  5
33A
330
17
100
AcDbEntity
  8
REZ
100
AcDbLine
 10
102.97865076562272
 20
15.1130344588316
 30
0.0
 11
103.44426951029305
 21
13.520441181517661
 31
0.0
  0
LINE
  5
33B
330
17
100
AcDbEntity
  8
REZ
100
AcDbLine
 10
103.44426951029305
 20
13.520441181517661
 30
0.0
 11
103.89394648469238
 21
11.99224493960444
 31
0.0
  0
LINE
  5
33C
330
17
100
AcDbEntity
  8
REZ
100
AcDbLine
 10
103.89394648469238
 20
11.99224493960444
 30
0.0
 11
104.31811505509624
 21
10.555021855982503
 31
0.0
  0
LINE
  5
33D
330
17
100
AcDbEntity
  8
REZ
100
AcDbLine
 10
104.31811505509624
 20
10.555021855982503
 30
0.0
 11
104.70701532743291
 21
9.235962659878382
 31
0.0
  0
LINE
  5
33E
330
17
100
AcDbEntity
  8
REZ
100
AcDbLine
 10
104.70701532743291
 20
9.235962659878382
 30
0.0
 11
104.70918901569462
 21
9.228566663476066
 31
0.0
  0
LINE
  5
33F
330
17
100
AcDbEntity
  8
REZ
100
AcDbLine
 10
104.70918901569462
 20
9.228566663476066
 30
0.0
 11
104.97163283885254
 21
8.332763396677265
 31
0.0
  0
ARC
  5
340
330
17
100
AcDbEntity
  8
REZ
100
AcDbCircle
 10
101.24434318794427
 20
5.0
 30
0.0
 40
5.0
100
AcDbArc
 50
-189.87745893479143
 51
41.80155324835346
  0
LINE
  5
341
330
17
100
AcDbEntity
  8
REZ
100
AcDbLine
 10
96.31845874023055
 20
5.857707647028988
 30
0.0
 11
96.07330564623746
 21
6.694492219903985
 31
0.0
  0
LINE
  5
342
330
17
100
AcDbEntity
  8
REZ
100
AcDbLine
 10
96.07330564623746
 20
6.694492219903985
 30
0.0
 11
95.68602100520489
 21
8.008072171078204
 31
0.0
  0
LINE
  5
343
330
17
100
AcDbEntity
  8
REZ
100
AcDbLine
 10
95.68602100520489
 20
8.008072171078204
 30
0.0
 11
95.26151370360479
 21
9.446442987767497
 31
0.0
  0
LINE
  5
344
330
17
100
AcDbEntity
  8
REZ
100
AcDbLine
 10
95.26151370360479
 20
9.446442987767497
 30
0.0
 11
94.80919307071012
 21
10.983618328609353
 31
0.0
  0
LINE
  5
345
330
17
100
AcDbEntity
  8
REZ
100
AcDbLine
 10
94.80919307071012
 20
10.983618328609353
 30
0.0
 11
94.80699093750054
 21
10.991126222787258
 31
0.0
  0
LINE
  5
346
330
17
100
AcDbEntity
  8
REZ
100
AcDbLine
 10
94.80699093750054
 20
10.991126222787258
 30
0.0
 11
94.33860714843804
 21
12.593177004037258
 31
0.0
  0
LINE
  5
347
330
17
100
AcDbEntity
  8
REZ
100
AcDbLine
 10
94.33860714843804
 20
12.593177004037258
 30
0.0
 11
94.33528772985007
 21
12.604586585907924
 31
0.0
  0
LINE
  5
348
330
17
100
AcDbEntity
  8
REZ
100
AcDbLine
 10
94.33528772985007
 20
12.604586585907924
 30
0.0
 11
93.85933558141257
 21
14.248629554657924
 31
0.0
  0
LINE
  5
349
330
17
100
AcDbEntity
  8
REZ
100
AcDbLine
 10
93.85933558141257
 20
14.248629554657924
 30
0.0
 11
93.8548533425728
 21
14.26421730144326
 31
0.0
  0
LINE
  5
34A
330
17
100
AcDbEntity
  8
REZ
100
AcDbLine
 10
93.8548533425728
 20
14.26421730144326
 30
0.0
 11
93.3808543191353
 21
15.92388527019326
 31
0.0
  0
LINE
  5
34B
330
17
100
AcDbEntity
  8
REZ
100
AcDbLine
 10
93.3808543191353
 20
15.92388527019326
 30
0.0
 11
93.37506953125377
 21
15.94432275958539
 31
0.0
  0
LINE
  5
34C
330
17
100
AcDbEntity
  8
REZ
100
AcDbLine
 10
93.37506953125377
 20
15.94432275958539
 30
0.0
 11
92.91254511719127
 21
17.59324854083539
 31
0.0
  0
LINE
  5
34D
330
17
100
AcDbEntity
  8
REZ
100
AcDbLine
 10
92.91254511719127
 20
17.59324854083539
 30
0.0
 11
92.90521271093178
 21
17.619698933132632
 31
0.0
  0
LINE
  5
34E
330
17
100
AcDbEntity
  8
REZ
100
AcDbLine
 10
92.90521271093178
 20
17.619698933132632
 30
0.0
 11
92.46368439061928
 21
19.231515339382632
 31
0.0
  0
LINE
  5
34F
330
17
100
AcDbEntity
  8
REZ
100
AcDbLine
 10
92.46368439061928
 20
19.231515339382632
 30
0.0
 11
92.45442230210847
 21
19.265859079771417
 31
0.0
  0
LINE
  5
350
330
17
100
AcDbEntity
  8
REZ
100
AcDbLine
 10
92.45442230210847
 20
19.265859079771417
 30
0.0
 11
92.04341155992097
 21
20.814198923521424
 31
0.0
  0
LINE
  5
351
330
17
100
AcDbEntity
  8
REZ
100
AcDbLine
 10
92.04341155992097
 20
20.814198923521424
 30
0.0
 11
92.03164199073807
 21
20.859484809105325
 31
0.0
  0
LINE
  5
352
330
17
100
AcDbEntity
  8
REZ
100
AcDbLine
 10
92.03164199073807
 20
20.859484809105325
 30
0.0
 11
91.66067031105057
 21
22.317980902855318
 31
0.0
  0
LINE
  5
353
330
17
100
AcDbEntity
  8
REZ
100
AcDbLine
 10
91.66067031105057
 20
22.317980902855318
 30
0.0
 11
91.6455212357455
 21
22.379340882307467
 31
0.0
  0
LINE
  5
354
330
17
100
AcDbEntity
  8
REZ
100
AcDbLine
 10
91.6455212357455
 20
22.379340882307467
 30
0.0
 11
91.324110102933
 21
23.721626038557474
 31
0.0
  0
LINE
  5
355
330
17
100
AcDbEntity
  8
REZ
100
AcDbLine
 10
91.324110102933
 20
23.721626038557474
 30
0.0
 11
91.30426610553323
 21
23.80826881883
 31
0.0
  0
LINE
  5
356
330
17
100
AcDbEntity
  8
REZ
100
AcDbLine
 10
91.30426610553323
 20
23.80826881883
 30
0.0
 11
91.26965842990343
 21
23.966539752329332
 31
0.0
  0
ARC
  5
357
330
17
100
AcDbEntity
  8
REZ
100
AcDbCircle
 10
95.24434318794427
 20
27.0
 30
0.0
 40
5.0
100
AcDbArc
 50
159.22834437137038
 51
217.35069902697361
  0
LINE
  5
358
330
17
100
AcDbEntity
  8
REZ
100
AcDbLine
 10
90.56933701625482
 20
28.77322229138526
 30
0.0
 11
90.57091787490656
 21
29.32228255377661
 31
0.0
  0
LINE
  5
359
330
17
100
AcDbEntity
  8
REZ
100
AcDbLine
 10
90.57091787490656
 20
29.32228255377661
 30
0.0
 11
90.58737216551955
 21
29.694014520876856
 31
0.0
  0
LINE
  5
35A
330
17
100
AcDbEntity
  8
REZ
100
AcDbLine
 10
90.58737216551955
 20
29.694014520876856
 30
0.0
 11
90.6372478289441
 21
30.275313349001856
 31
0.0
  0
LINE
  5
35B
330
17
100
AcDbEntity
  8
REZ
100
AcDbLine
 10
90.6372478289441
 20
30.275313349001856
 30
0.0
 11
90.68801512192408
 21
30.66563523943642
 31
0.0
  0
LINE
  5
35C
330
17
100
AcDbEntity
  8
REZ
100
AcDbLine
 10
90.68801512192408
 20
30.66563523943642
 30
0.0
 11
90.77701293944725
 21
31.17466844256142
 31
0.0
  0
LINE
  5
35D
330
17
100
AcDbEntity
  8
REZ
100
AcDbLine
 10
90.77701293944725
 20
31.17466844256142
 30
0.0
 11
90.86003339599698
 21
31.55281385344064
 31
0.0
  0
LINE
  5
35E
330
17
100
AcDbEntity
  8
REZ
100
AcDbLine
 10
90.86003339599698
 20
31.55281385344064
 30
0.0
 11
90.97931956454481
 21
32.00276502531564
 31
0.0
  0
LINE
  5
35F
330
17
100
AcDbEntity
  8
REZ
100
AcDbLine
 10
90.97931956454481
 20
32.00276502531564
 30
0.0
 11
91.07947845748522
 21
32.32983445833179
 31
0.0
  0
LINE
  5
360
330
17
100
AcDbEntity
  8
REZ
100
AcDbLine
 10
91.07947845748522
 20
32.32983445833179
 30
0.0
 11
91.22021917398374
 21
32.73388719270679
 31
0.0
  0
LINE
  5
361
330
17
100
AcDbEntity
  8
REZ
100
AcDbLine
 10
91.22021917398374
 20
32.73388719270679
 30
0.0
 11
91.31055506764865
 21
32.97141791640974
 31
0.0
  0
LINE
  5
362
330
17
100
AcDbEntity
  8
REZ
100
AcDbLine
 10
91.31055506764865
 20
32.97141791640974
 30
0.0
 11
91.46391652902389
 21
33.34275580703474
 31
0.0
  0
LINE
  5
363
330
17
100
AcDbEntity
  8
REZ
100
AcDbLine
 10
91.46391652902389
 20
33.34275580703474
 30
0.0
 11
91.51444005797367
 21
33.46032335232225
 31
0.0
  0
LINE
  5
364
330
17
100
AcDbEntity
  8
REZ
100
AcDbLine
 10
91.51444005797367
 20
33.46032335232225
 30
0.0
 11
91.66667960053238
 21
33.80114057320866
 31
0.0
  0
LINE
  5
365
330
17
100
AcDbEntity
  8
REZ
100
AcDbLine
 10
91.66667960053238
 20
33.80114057320866
 30
0.0
 11
91.77688063764892
 21
34.05143348859984
 31
0.0
  0
LINE
  5
366
330
17
100
AcDbEntity
  8
REZ
100
AcDbLine
 10
91.77688063764892
 20
34.05143348859984
 30
0.0
 11
91.81082260209519
 21
34.13794416574087
 31
0.0
  0
LINE
  5
367
330
17
100
AcDbEntity
  8
REZ
100
AcDbLine
 10
91.81082260209519
 20
34.13794416574087
 30
0.0
 11
91.81072843108686
 21
34.146484537654764
 31
0.0
  0
LINE
  5
368
330
17
100
AcDbEntity
  8
REZ
100
AcDbLine
 10
91.81072843108686
 20
34.146484537654764
 30
0.0
 11
91.78744891646829
 21
34.360029287528484
 31
0.0
  0
LINE
  5
369
330
17
100
AcDbEntity
  8
REZ
100
AcDbLine
 10
91.78744891646829
 20
34.360029287528484
 30
0.0
 11
91.71616436921892
 21
34.75936598786469
 31
0.0
  0
LINE
  5
36A
330
17
100
AcDbEntity
  8
REZ
100
AcDbLine
 10
91.71616436921892
 20
34.75936598786469
 30
0.0
 11
91.60252082536267
 21
35.2701548308464
 31
0.0
  0
LINE
  5
36B
330
17
100
AcDbEntity
  8
REZ
100
AcDbLine
 10
91.60252082536267
 20
35.2701548308464
 30
0.0
 11
91.45405413246816
 21
35.84444574237835
 31
0.0
  0
LINE
  5
36C
330
17
100
AcDbEntity
  8
REZ
100
AcDbLine
 10
91.45405413246816
 20
35.84444574237835
 30
0.0
 11
91.27358375548215
 21
36.47055213864777
 31
0.0
  0
LINE
  5
36D
330
17
100
AcDbEntity
  8
REZ
100
AcDbLine
 10
91.27358375548215
 20
36.47055213864777
 30
0.0
 11
91.0645340260895
 21
37.13883817514842
 31
0.0
  0
LINE
  5
36E
330
17
100
AcDbEntity
  8
REZ
100
AcDbLine
 10
91.0645340260895
 20
37.13883817514842
 30
0.0
 11
90.83061323889982
 21
37.84111932564532
 31
0.0
  0
LINE
  5
36F
330
17
100
AcDbEntity
  8
REZ
100
AcDbLine
 10
90.83061323889982
 20
37.84111932564532
 30
0.0
 11
90.57564846100345
 21
38.570256802031224
 31
0.0
  0
LINE
  5
370
330
17
100
AcDbEntity
  8
REZ
100
AcDbLine
 10
90.57564846100345
 20
38.570256802031224
 30
0.0
 11
90.30349921137335
 21
39.319885698779245
 31
0.0
  0
LINE
  5
371
330
17
100
AcDbEntity
  8
REZ
100
AcDbLine
 10
90.30349921137335
 20
39.319885698779245
 30
0.0
 11
90.01801123263593
 21
40.08423510185625
 31
0.0
  0
LINE
  5
372
330
17
100
AcDbEntity
  8
REZ
100
AcDbLine
 10
90.01801123263593
 20
40.08423510185625
 30
0.0
 11
89.7229903610306
 21
40.85801305994367
 31
0.0
  0
LINE
  5
373
330
17
100
AcDbEntity
  8
REZ
100
AcDbLine
 10
89.7229903610306
 20
40.85801305994367
 30
0.0
 11
89.4221858787839
 21
41.6363399452693
 31
0.0
  0
LINE
  5
374
330
17
100
AcDbEntity
  8
REZ
100
AcDbLine
 10
89.4221858787839
 20
41.6363399452693
 30
0.0
 11
89.1832573909582
 21
42.250312820695115
 31
0.0
  0
LINE
  5
375
330
17
100
AcDbEntity
  8
REZ
100
AcDbLine
 10
89.1832573909582
 20
42.250312820695115
 30
0.0
 11
89.1832573909582
 21
36.500000175784415
 31
0.0
  0
CIRCLE
  5
376
330
17
100
AcDbEntity
  8
REZ
100
AcDbCircle
 10
101.24434318794427
 20
5.0
 30
0.0
 40
1.65
  0
CIRCLE
  5
377
330
17
100
AcDbEntity
  8
REZ
100
AcDbCircle
 10
95.24434318794427
 20
27.0
 30
0.0
 40
1.65
  0
TEXT
  5
378
330
17
100
AcDbEntity
  8
TEXT
100
AcDbText
 10
83.6832573909582
 20
1.0
 30
0.0
 40
3.0
  1
21
 11
83.6832573909582
 21
1.0
 31
0.0
100
AcDbText
  0
LINE
  5
379
330
17
100
AcDbEntity
  8
REZ
100
AcDbLine
 10
112.63589118794425
 20
27.472136
 30
0.0
 11
119.58694718794425
 21
49.163118999999995
 31
0.0
  0
ARC
  5
37A
330
17
100
AcDbEntity
  8
REZ
100
AcDbCircle
 10
126.24434298925675
 20
46.999999724668214
 30
0.0
 40
7.000000275331789
100
AcDbArc
 50
89.99999837372071
 51
161.99999802377076
  0
LINE
  5
37B
330
17
100
AcDbEntity
  8
REZ
100
AcDbLine
 10
126.24434318794425
 20
54.0
 30
0.0
 11
138.24434318794425
 21
54.0
 31
0.0
  0
ARC
  5
37C
330
17
100
AcDbEntity
  8
REZ
100
AcDbCircle
 10
138.24434387387694
 20
47.00000144210359
 30
0.0
 40
6.999998557896444
100
AcDbArc
 50
31.499993840640528
 51
90.00000561443652
  0
LINE
  5
37D
330
17
100
AcDbEntity
  8
REZ
100
AcDbLine
 10
144.21282418794425
 20
50.657489999999996
 30
0.0
 11
151.78650418794425
 21
38.396241
 31
0.0
  0
ARC
  5
37E
330
17
100
AcDbEntity
  8
REZ
100
AcDbCircle
 10
146.24434398346506
 20
35.00000123815188
 30
0.0
 40
6.499998788620739
100
AcDbArc
 50
3.99998910500298
 51
31.499997148096295
  0
LINE
  5
37F
330
17
100
AcDbEntity
  8
REZ
100
AcDbLine
 10
152.72850918794424
 20
35.453417
 30
0.0
 11
154.24434318794425
 21
13.0
 31
0.0
  0
LINE
  5
380
330
17
100
AcDbEntity
  8
REZ
100
AcDbLine
 10
154.24434318794425
 20
13.0
 30
0.0
 11
154.24434318794425
 21
3.0
 31
0.0
  0
LINE
  5
381
330
17
100
AcDbEntity
  8
REZ
100
AcDbLine
 10
154.24434318794425
 20
3.0
 30
0.0
 11
148.24434318794425
 21
3.0
 31
0.0
  0
LINE
  5
382
330
17
100
AcDbEntity
  8
REZ
100
AcDbLine
 10
148.24434318794425
 20
3.0
 30
0.0
 11
148.24434318794425
 21
0.0
 31
0.0
  0
LINE
  5
383
330
17
100
AcDbEntity
  8
REZ
100
AcDbLine
 10
148.24434318794425
 20
0.0
 30
0.0
 11
138.24434318794425
 21
0.0
 31
0.0
  0
LINE
  5
384
330
17
100
AcDbEntity
  8
REZ
100
AcDbLine
 10
138.24434318794425
 20
0.0
 30
0.0
 11
138.24434318794425
 21
3.0
 31
0.0
  0
LINE
  5
385
330
17
100
AcDbEntity
  8
REZ
100
AcDbLine
 10
138.24434318794425
 20
3.0
 30
0.0
 11
133.89434318794426
 21
3.0
 31
0.0
  0
LINE
  5
386
330
17
100
AcDbEntity
  8
REZ
100
AcDbLine
 10
133.89434318794426
 20
3.0
 30
0.0
 11
133.89434318794426
 21
7.5
 31
0.0
  0
LINE
  5
387
330
17
100
AcDbEntity
  8
REZ
100
AcDbLine
 10
133.89434318794426
 20
7.5
 30
0.0
 11
135.14434318794426
 21
7.5
 31
0.0
  0
LINE
  5
388
330
17
100
AcDbEntity
  8
REZ
100
AcDbLine
 10
135.14434318794426
 20
7.5
 30
0.0
 11
135.14434318794426
 21
10.1
 31
0.0
  0
LINE
  5
389
330
17
100
AcDbEntity
  8
REZ
100
AcDbLine
 10
135.14434318794426
 20
10.1
 30
0.0
 11
133.89434318794426
 21
10.1
 31
0.0
  0
LINE
  5
38A
330
17
100
AcDbEntity
  8
REZ
100
AcDbLine
 10
133.89434318794426
 20
10.1
 30
0.0
 11
133.89434318794426
 21
13.0
 31
0.0
  0
LINE
  5
38B
330
17
100
AcDbEntity
  8
REZ
100
AcDbLine
 10
133.89434318794426
 20
13.0
 30
0.0
 11
130.59434318794425
 21
13.0
 31
0.0
  0
LINE
  5
38C
330
17
100
AcDbEntity
  8
REZ
100
AcDbLine
 10
130.59434318794425
 20
13.0
 30
0.0
 11
130.59434318794425
 21
10.1
 31
0.0
  0
LINE
  5
38D
330
17
100
AcDbEntity
  8
REZ
100
AcDbLine
 10
130.59434318794425
 20
10.1
 30
0.0
 11
129.34434318794425
 21
10.1
 31
0.0
  0
LINE
  5
38E
330
17
100
AcDbEntity
  8
REZ
100
AcDbLine
 10
129.34434318794425
 20
10.1
 30
0.0
 11
129.34434318794425
 21
7.5
 31
0.0
  0
LINE
  5
38F
330
17
100
AcDbEntity
  8
REZ
100
AcDbLine
 10
129.34434318794425
 20
7.5
 30
0.0
 11
130.59434318794425
 21
7.5
 31
0.0
  0
LINE
  5
390
330
17
100
AcDbEntity
  8
REZ
100
AcDbLine
 10
130.59434318794425
 20
7.5
 30
0.0
 11
130.59434318794425
 21
3.0
 31
0.0
  0
LINE
  5
391
330
17
100
AcDbEntity
  8
REZ
100
AcDbLine
 10
130.59434318794425
 20
3.0
 30
0.0
 11
126.24434318794425
 21
3.0
 31
0.0
  0
LINE
  5
392
330
17
100
AcDbEntity
  8
REZ
100
AcDbLine
 10
126.24434318794425
 20
3.0
 30
0.0
 11
126.24434318794425
 21
0.0
 31
0.0
  0
LINE
  5
393
330
17
100
AcDbEntity
  8
REZ
100
AcDbLine
 10
126.24434318794425
 20
0.0
 30
0.0
 11
116.24434318794425
 21
0.0
 31
0.0
  0
LINE
  5
394
330
17
100
AcDbEntity
  8
REZ
100
AcDbLine
 10
116.24434318794425
 20
0.0
 30
0.0
 11
116.24434318794425
 21
3.0
 31
0.0
  0
LINE
  5
395
330
17
100
AcDbEntity
  8
REZ
100
AcDbLine
 10
116.24434318794425
 20
3.0
 30
0.0
 11
110.24434318794425
 21
3.0
 31
0.0
  0
LINE
  5
396
330
17
100
AcDbEntity
  8
REZ
100
AcDbLine
 10
110.24434318794425
 20
3.0
 30
0.0
 11
110.24434318794425
 21
13.0
 31
0.0
  0
LINE
  5
397
330
17
100
AcDbEntity
  8
REZ
100
AcDbLine
 10
110.24434318794425
 20
13.0
 30
0.0
 11
112.34283618794426
 21
26.251476
 31
0.0
  0
ARC
  5
398
330
17
100
AcDbEntity
  8
REZ
100
AcDbCircle
 10
120.24447980059583
 20
24.999964412339967
 30
0.0
 40
8.000140813473514
100
AcDbArc
 50
162.00005934788066
 51
170.99989964987137
  0
CIRCLE
  5
399
330
17
100
AcDbEntity
  8
REZ
100
AcDbCircle
 10
120.24434318794425
 20
25.0
 30
0.0
 40
1.65
  0
CIRCLE
  5
39A
330
17
100
AcDbEntity
  8
REZ
100
AcDbCircle
 10
144.24434318794425
 20
5.699999999999999
 30
0.0
 40
1.1
  0
LINE
  5
39B
330
17
100
AcDbEntity
  8
REZ
100
AcDbLine
 10
150.54434318794426
 20
31.2
 30
0.0
 11
137.94434318794424
 21
31.2
 31
0.0
  0
LINE
  5
39C
330
17
100
AcDbEntity
  8
REZ
100
AcDbLine
 10
137.94434318794424
 20
31.2
 30
0.0
 11
137.94434318794424
 21
8.0
 31
0.0
  0
LINE
  5
39D
330
17
100
AcDbEntity
  8
REZ
100
AcDbLine
 10
137.94434318794424
 20
8.0
 30
0.0
 11
150.54434318794426
 21
8.0
 31
0.0
  0
LINE
  5
39E
330
17
100
AcDbEntity
  8
REZ
100
AcDbLine
 10
150.54434318794426
 20
8.0
 30
0.0
 11
150.54434318794426
 21
31.2
 31
0.0
  0
CIRCLE
  5
39F
330
17
100
AcDbEntity
  8
REZ
100
AcDbCircle
 10
126.24434318794425
 20
47.0
 30
0.0
 40
1.65
  0
CIRCLE
  5
3A0
330
17
100
AcDbEntity
  8
REZ
100
AcDbCircle
 10
144.24434318794425
 20
33.5
 30
0.0
 40
1.1
  0
CIRCLE
  5
3A1
330
17
100
AcDbEntity
  8
REZ
100
AcDbCircle
 10
138.24434318794425
 20
47.0
 30
0.0
 40
1.65
  0
TEXT
  5
3A2
330
17
100
AcDbEntity
  8
TEXT
100
AcDbText
 10
111.24434318794427
 20
1.0
 30
0.0
 40
3.0
  1
17
 11
111.24434318794427
 21
1.0
 31
0.0
100
AcDbText
  0
LINE
  5
3A3
330
17
100
AcDbEntity
  8
REZ
100
AcDbLine
 10
161.67206620140033
 20
14.593291457493201
 30
0.0
 11
161.7297828844644
 21
15.032127045357248
 31
0.0
  0
LINE
  5
3A4
330
17
100
AcDbEntity
  8
REZ
100
AcDbLine
 10
161.7297828844644
 20
15.032127045357248
 30
0.0
 11
161.8066235535087
 21
15.468020840060428
 31
0.0
  0
LINE
  5
3A5
330
17
100
AcDbEntity
  8
REZ
100
AcDbLine
 10
161.8066235535087
 20
15.468020840060428
 30
0.0
 11
161.90244136561788
 21
15.900139846310482
 31
0.0
  0
LINE
  5
3A6
330
17
100
AcDbEntity
  8
REZ
100
AcDbLine
 10
161.90244136561788
 20
15.900139846310482
 30
0.0
 11
162.01705321245828
 21
16.327658282455335
 31
0.0
  0
LINE
  5
3A7
330
17
100
AcDbEntity
  8
REZ
100
AcDbLine
 10
162.01705321245828
 20
16.327658282455335
 30
0.0
 11
160.91179179840276
 21
16.650017182116404
 31
0.0
  0
LINE
  5
3A8
330
17
100
AcDbEntity
  8
REZ
100
AcDbLine
 10
160.91179179840276
 20
16.650017182116404
 30
0.0
 11
160.706686384146
 21
16.740836372647305
 31
0.0
  0
LINE
  5
3A9
330
17
100
AcDbEntity
  8
REZ
100
AcDbLine
 10
160.706686384146
 20
16.740836372647305
 30
0.0
 11
160.50895485950215
 21
16.85611093119289
 31
0.0
  0
LINE
  5
3AA
330
17
100
AcDbEntity
  8
REZ
100
AcDbLine
 10
160.50895485950215
 20
16.85611093119289
 30
0.0
 11
160.31657476690063
 21
16.98807384733875
 31
0.0
  0
LINE
  5
3AB
330
17
100
AcDbEntity
  8
REZ
100
AcDbLine
 10
160.31657476690063
 20
16.98807384733875
 30
0.0
 11
160.12901847969812
 21
17.134077945816156
 31
0.0
  0
LINE
  5
3AC
330
17
100
AcDbEntity
  8
REZ
100
AcDbLine
 10
160.12901847969812
 20
17.134077945816156
 30
0.0
 11
159.94609898440117
 21
17.292638991092314
 31
0.0
  0
LINE
  5
3AD
330
17
100
AcDbEntity
  8
REZ
100
AcDbLine
 10
159.94609898440117
 20
17.292638991092314
 30
0.0
 11
159.76777735057195
 21
17.462776103276628
 31
0.0
  0
LINE
  5
3AE
330
17
100
AcDbEntity
  8
REZ
100
AcDbLine
 10
159.76777735057195
 20
17.462776103276628
 30
0.0
 11
159.5940942042453
 21
17.643777344734588
 31
0.0
  0
LINE
  5
3AF
330
17
100
AcDbEntity
  8
REZ
100
AcDbLine
 10
159.5940942042453
 20
17.643777344734588
 30
0.0
 11
159.42513818693322
 21
17.83509212160624
 31
0.0
  0
LINE
  5
3B0
330
17
100
AcDbEntity
  8
REZ
100
AcDbLine
 10
159.42513818693322
 20
17.83509212160624
 30
0.0
 11
159.2610291174176
 21
18.03627399963108
 31
0.0
  0
LINE
  5
3B1
330
17
100
AcDbEntity
  8
REZ
100
AcDbLine
 10
159.2610291174176
 20
18.03627399963108
 30
0.0
 11
159.1019080625844
 21
18.246947211815982
 31
0.0
  0
LINE
  5
3B2
330
17
100
AcDbEntity
  8
REZ
100
AcDbLine
 10
159.1019080625844
 20
18.246947211815982
 30
0.0
 11
159.4409243463288
 21
19.065404921896995
 31
0.0
  0
LINE
  5
3B3
330
17
100
AcDbEntity
  8
REZ
100
AcDbLine
 10
159.4409243463288
 20
19.065404921896995
 30
0.0
 11
159.7024083801812
 21
19.101857801945194
 31
0.0
  0
LINE
  5
3B4
330
17
100
AcDbEntity
  8
REZ
100
AcDbLine
 10
159.7024083801812
 20
19.101857801945194
 30
0.0
 11
159.96070808629312
 21
19.128072236239685
 31
0.0
  0
LINE
  5
3B5
330
17
100
AcDbEntity
  8
REZ
100
AcDbLine
 10
159.96070808629312
 20
19.128072236239685
 30
0.0
 11
160.2154580079239
 21
19.143882266743184
 31
0.0
  0
LINE
  5
3B6
330
17
100
AcDbEntity
  8
REZ
100
AcDbLine
 10
160.2154580079239
 20
19.143882266743184
 30
0.0
 11
160.4662577437074
 21
19.149056941435912
 31
0.0
  0
LINE
  5
3B7
330
17
100
AcDbEntity
  8
REZ
100
AcDbLine
 10
160.4662577437074
 20
19.149056941435912
 30
0.0
 11
160.71265528597732
 21
19.143269610680015
 31
0.0
  0
LINE
  5
3B8
330
17
100
AcDbEntity
  8
REZ
100
AcDbLine
 10
160.71265528597732
 20
19.143269610680015
 30
0.0
 11
160.95411849185982
 21
19.126045585491127
 31
0.0
  0
LINE
  5
3B9
330
17
100
AcDbEntity
  8
REZ
100
AcDbLine
 10
160.95411849185982
 20
19.126045585491127
 30
0.0
 11
161.18998130250927
 21
19.096663751070466
 31
0.0
  0
LINE
  5
3BA
330
17
100
AcDbEntity
  8
REZ
100
AcDbLine
 10
161.18998130250927
 20
19.096663751070466
 30
0.0
 11
161.419326443425
 21
19.05394235589851
 31
0.0
  0
LINE
  5
3BB
330
17
100
AcDbEntity
  8
REZ
100
AcDbLine
 10
161.419326443425
 20
19.05394235589851
 30
0.0
 11
161.6406551674009
 21
18.995636476014358
 31
0.0
  0
LINE
  5
3BC
330
17
100
AcDbEntity
  8
REZ
100
AcDbLine
 10
161.6406551674009
 20
18.995636476014358
 30
0.0
 11
161.84990546216622
 21
18.9148239122216
 31
0.0
  0
LINE
  5
3BD
330
17
100
AcDbEntity
  8
REZ
100
AcDbLine
 10
161.84990546216622
 20
18.9148239122216
 30
0.0
 11
162.85938546695488
 21
18.36122823528529
 31
0.0
  0
LINE
  5
3BE
330
17
100
AcDbEntity
  8
REZ
100
AcDbLine
 10
162.85938546695488
 20
18.36122823528529
 30
0.0
 11
163.08064383813
 21
18.744572234670756
 31
0.0
  0
LINE
  5
3BF
330
17
100
AcDbEntity
  8
REZ
100
AcDbLine
 10
163.08064383813
 20
18.744572234670756
 30
0.0
 11
163.31844469302814
 21
19.11787993897062
 31
0.0
  0
LINE
  5
3C0
330
17
100
AcDbEntity
  8
REZ
100
AcDbLine
 10
163.31844469302814
 20
19.11787993897062
 30
0.0
 11
163.57233359298777
 21
19.480437955234493
 31
0.0
  0
LINE
  5
3C1
330
17
100
AcDbEntity
  8
REZ
100
AcDbLine
 10
163.57233359298777
 20
19.480437955234493
 30
0.0
 11
163.84182535501023
 21
19.831553433221362
 31
0.0
  0
LINE
  5
3C2
330
17
100
AcDbEntity
  8
REZ
100
AcDbLine
 10
163.84182535501023
 20
19.831553433221362
 30
0.0
 11
162.9440583666656
 21
20.55233945433254
 31
0.0
  0
LINE
  5
3C3
330
17
100
AcDbEntity
  8
REZ
100
AcDbLine
 10
162.9440583666656
 20
20.55233945433254
 30
0.0
 11
162.7893206719835
 21
20.714735889547725
 31
0.0
  0
LINE
  5
3C4
330
17
100
AcDbEntity
  8
REZ
100
AcDbLine
 10
162.7893206719835
 20
20.714735889547725
 30
0.0
 11
162.6507542271614
 21
20.89690427334476
 31
0.0
  0
LINE
  5
3C5
330
17
100
AcDbEntity
  8
REZ
100
AcDbLine
 10
162.6507542271614
 20
20.89690427334476
 30
0.0
 11
162.5235182188398
 21
21.092442784777887
 31
0.0
  0
LINE
  5
3C6
330
17
100
AcDbEntity
  8
REZ
100
AcDbLine
 10
162.5235182188398
 20
21.092442784777887
 30
0.0
 11
162.4061121534443
 21
21.299107666772233
 31
0.0
  0
LINE
  5
3C7
330
17
100
AcDbEntity
  8
REZ
100
AcDbLine
 10
162.4061121534443
 20
21.299107666772233
 30
0.0
 11
162.29779526068785
 21
21.515599231463195
 31
0.0
  0
LINE
  5
3C8
330
17
100
AcDbEntity
  8
REZ
100
AcDbLine
 10
162.29779526068785
 20
21.515599231463195
 30
0.0
 11
162.19815620705242
 21
21.741026162029584
 31
0.0
  0
LINE
  5
3C9
330
17
100
AcDbEntity
  8
REZ
100
AcDbLine
 10
162.19815620705242
 20
21.741026162029584
 30
0.0
 11
162.10696007936255
 21
21.974715166951967
 31
0.0
  0
LINE
  5
3CA
330
17
100
AcDbEntity
  8
REZ
100
AcDbLine
 10
162.10696007936255
 20
21.974715166951967
 30
0.0
 11
162.0240780685487
 21
22.216123642194376
 31
0.0
  0
LINE
  5
3CB
330
17
100
AcDbEntity
  8
REZ
100
AcDbLine
 10
162.0240780685487
 20
22.216123642194376
 30
0.0
 11
161.94945002973594
 21
22.464793283618192
 31
0.0
  0
LINE
  5
3CC
330
17
100
AcDbEntity
  8
REZ
100
AcDbLine
 10
161.94945002973594
 20
22.464793283618192
 30
0.0
 11
161.88306249193027
 21
22.720322943829338
 31
0.0
  0
LINE
  5
3CD
330
17
100
AcDbEntity
  8
REZ
100
AcDbLine
 10
161.88306249193027
 20
22.720322943829338
 30
0.0
 11
162.5094829034092
 21
23.346743355308284
 31
0.0
  0
LINE
  5
3CE
330
17
100
AcDbEntity
  8
REZ
100
AcDbLine
 10
162.5094829034092
 20
23.346743355308284
 30
0.0
 11
162.76501256362036
 21
23.28035581750261
 31
0.0
  0
LINE
  5
3CF
330
17
100
AcDbEntity
  8
REZ
100
AcDbLine
 10
162.76501256362036
 20
23.28035581750261
 30
0.0
 11
163.01368220504418
 21
23.20572777868984
 31
0.0
  0
LINE
  5
3D0
330
17
100
AcDbEntity
  8
REZ
100
AcDbLine
 10
163.01368220504418
 20
23.20572777868984
 30
0.0
 11
163.25509068028657
 21
23.122845767875997
 31
0.0
  0
LINE
  5
3D1
330
17
100
AcDbEntity
  8
REZ
100
AcDbLine
 10
163.25509068028657
 20
23.122845767875997
 30
0.0
 11
163.48877968520898
 21
23.03164964018613
 31
0.0
  0
LINE
  5
3D2
330
17
100
AcDbEntity
  8
REZ
100
AcDbLine
 10
163.48877968520898
 20
23.03164964018613
 30
0.0
 11
163.71420661577537
 21
22.932010586550703
 31
0.0
  0
LINE
  5
3D3
330
17
100
AcDbEntity
  8
REZ
100
AcDbLine
 10
163.71420661577537
 20
22.932010586550703
 30
0.0
 11
163.93069818046632
 21
22.82369369379424
 31
0.0
  0
LINE
  5
3D4
330
17
100
AcDbEntity
  8
REZ
100
AcDbLine
 10
163.93069818046632
 20
22.82369369379424
 30
0.0
 11
164.13736306246065
 21
22.70628762839874
 31
0.0
  0
LINE
  5
3D5
330
17
100
AcDbEntity
  8
REZ
100
AcDbLine
 10
164.13736306246065
 20
22.70628762839874
 30
0.0
 11
164.3329015738938
 21
22.57905162007716
 31
0.0
  0
LINE
  5
3D6
330
17
100
AcDbEntity
  8
REZ
100
AcDbLine
 10
164.3329015738938
 20
22.57905162007716
 30
0.0
 11
164.51506995769083
 21
22.44048517525505
 31
0.0
  0
LINE
  5
3D7
330
17
100
AcDbEntity
  8
REZ
100
AcDbLine
 10
164.51506995769083
 20
22.44048517525505
 30
0.0
 11
164.677466392906
 21
22.28574748057296
 31
0.0
  0
LINE
  5
3D8
330
17
100
AcDbEntity
  8
REZ
100
AcDbLine
 10
164.677466392906
 20
22.28574748057296
 30
0.0
 11
165.39825241401718
 21
21.387980492228323
 31
0.0
  0
LINE
  5
3D9
330
17
100
AcDbEntity
  8
REZ
100
AcDbLine
 10
165.39825241401718
 20
21.387980492228323
 30
0.0
 11
165.74936789200405
 21
21.657472254250756
 31
0.0
  0
LINE
  5
3DA
330
17
100
AcDbEntity
  8
REZ
100
AcDbLine
 10
165.74936789200405
 20
21.657472254250756
 30
0.0
 11
166.11192590826792
 21
21.911361154210404
 31
0.0
  0
LINE
  5
3DB
330
17
100
AcDbEntity
  8
REZ
100
AcDbLine
 10
166.11192590826792
 20
21.911361154210404
 30
0.0
 11
166.48523361256778
 21
22.149162009108544
 31
0.0
  0
LINE
  5
3DC
330
17
100
AcDbEntity
  8
REZ
100
AcDbLine
 10
166.48523361256778
 20
22.149162009108544
 30
0.0
 11
166.86857761195324
 21
22.37042038028366
 31
0.0
  0
LINE
  5
3DD
330
17
100
AcDbEntity
  8
REZ
100
AcDbLine
 10
166.86857761195324
 20
22.37042038028366
 30
0.0
 11
166.31498193501693
 21
23.37990038507232
 31
0.0
  0
LINE
  5
3DE
330
17
100
AcDbEntity
  8
REZ
100
AcDbLine
 10
166.31498193501693
 20
23.37990038507232
 30
0.0
 11
166.23416937122417
 21
23.58915067983763
 31
0.0
  0
LINE
  5
3DF
330
17
100
AcDbEntity
  8
REZ
100
AcDbLine
 10
166.23416937122417
 20
23.58915067983763
 30
0.0
 11
166.17586349134
 21
23.81047940381352
 31
0.0
  0
LINE
  5
3E0
330
17
100
AcDbEntity
  8
REZ
100
AcDbLine
 10
166.17586349134
 20
23.81047940381352
 30
0.0
 11
166.13314209616806
 21
24.03982454472925
 31
0.0
  0
LINE
  5
3E1
330
17
100
AcDbEntity
  8
REZ
100
AcDbLine
 10
166.13314209616806
 20
24.03982454472925
 30
0.0
 11
166.1037602617474
 21
24.275687355378714
 31
0.0
  0
LINE
  5
3E2
330
17
100
AcDbEntity
  8
REZ
100
AcDbLine
 10
166.1037602617474
 20
24.275687355378714
 30
0.0
 11
166.08653623655852
 21
24.517150561261204
 31
0.0
  0
LINE
  5
3E3
330
17
100
AcDbEntity
  8
REZ
100
AcDbLine
 10
166.08653623655852
 20
24.517150561261204
 30
0.0
 11
166.08074890580264
 21
24.763548103531143
 31
0.0
  0
LINE
  5
3E4
330
17
100
AcDbEntity
  8
REZ
100
AcDbLine
 10
166.08074890580264
 20
24.763548103531143
 30
0.0
 11
166.08592358049535
 21
25.01434783931463
 31
0.0
  0
LINE
  5
3E5
330
17
100
AcDbEntity
  8
REZ
100
AcDbLine
 10
166.08592358049535
 20
25.01434783931463
 30
0.0
 11
166.10173361099885
 21
25.269097760945407
 31
0.0
  0
LINE
  5
3E6
330
17
100
AcDbEntity
  8
REZ
100
AcDbLine
 10
166.10173361099885
 20
25.269097760945407
 30
0.0
 11
166.12794804529335
 21
25.52739746705734
 31
0.0
  0
LINE
  5
3E7
330
17
100
AcDbEntity
  8
REZ
100
AcDbLine
 10
166.12794804529335
 20
25.52739746705734
 30
0.0
 11
166.16440092534154
 21
25.788881500909724
 31
0.0
  0
LINE
  5
3E8
330
17
100
AcDbEntity
  8
REZ
100
AcDbLine
 10
166.16440092534154
 20
25.788881500909724
 30
0.0
 11
166.98285863542256
 21
26.12789778465411
 31
0.0
  0
LINE
  5
3E9
330
17
100
AcDbEntity
  8
REZ
100
AcDbLine
 10
166.98285863542256
 20
26.12789778465411
 30
0.0
 11
167.19353184760746
 21
25.968776729820938
 31
0.0
  0
LINE
  5
3EA
330
17
100
AcDbEntity
  8
REZ
100
AcDbLine
 10
167.19353184760746
 20
25.968776729820938
 30
0.0
 11
167.3947137256323
 21
25.8046676603053
 31
0.0
  0
LINE
  5
3EB
330
17
100
AcDbEntity
  8
REZ
100
AcDbLine
 10
167.3947137256323
 20
25.8046676603053
 30
0.0
 11
167.58602850250395
 21
25.635711642993225
 31
0.0
  0
LINE
  5
3EC
330
17
100
AcDbEntity
  8
REZ
100
AcDbLine
 10
167.58602850250395
 20
25.635711642993225
 30
0.0
 11
167.7670297439619
 21
25.46202849666659
 31
0.0
  0
LINE
  5
3ED
330
17
100
AcDbEntity
  8
REZ
100
AcDbLine
 10
167.7670297439619
 20
25.46202849666659
 30
0.0
 11
167.93716685614623
 21
25.283706862837356
 31
0.0
  0
LINE
  5
3EE
330
17
100
AcDbEntity
  8
REZ
100
AcDbLine
 10
167.93716685614623
 20
25.283706862837356
 30
0.0
 11
168.09572790142238
 21
25.100787367540413
 31
0.0
  0
LINE
  5
3EF
330
17
100
AcDbEntity
  8
REZ
100
AcDbLine
 10
168.09572790142238
 20
25.100787367540413
 30
0.0
 11
168.2417319998998
 21
24.91323108033791
 31
0.0
  0
LINE
  5
3F0
330
17
100
AcDbEntity
  8
REZ
100
AcDbLine
 10
168.2417319998998
 20
24.91323108033791
 30
0.0
 11
168.37369491604565
 21
24.72085098773637
 31
0.0
  0
LINE
  5
3F1
330
17
100
AcDbEntity
  8
REZ
100
AcDbLine
 10
168.37369491604565
 20
24.72085098773637
 30
0.0
 11
168.4350893720816
 21
24.615540505095336
 31
0.0
  0
LINE
  5
3F2
330
17
100
AcDbEntity
  8
REZ
100
AcDbLine
 10
168.4350893720816
 20
24.615540505095336
 30
0.0
 11
174.2414955175914
 21
46.898312329647126
 31
0.0
  0
ARC
  5
3F3
330
17
100
AcDbEntity
  8
REZ
100
AcDbCircle
 10
178.59815999952315
 20
45.77160190345579
 30
0.0
 40
4.500000199179324
100
AcDbArc
 50
-9.4999911513734
 51
165.4999952908392
  0
LINE
  5
3F4
330
17
100
AcDbEntity
  8
REZ
100
AcDbLine
 10
183.0364455175914
 20
45.02888832964713
 30
0.0
 11
179.3437147480751
 21
22.710223857158766
 31
0.0
  0
LINE
  5
3F5
330
17
100
AcDbEntity
  8
REZ
100
AcDbLine
 10
179.3437147480751
 20
22.710223857158766
 30
0.0
 11
179.5434508547165
 21
22.82369369379423
 31
0.0
  0
LINE
  5
3F6
330
17
100
AcDbEntity
  8
REZ
100
AcDbLine
 10
179.5434508547165
 20
22.82369369379423
 30
0.0
 11
179.75994241940745
 21
22.932010586550692
 31
0.0
  0
LINE
  5
3F7
330
17
100
AcDbEntity
  8
REZ
100
AcDbLine
 10
179.75994241940745
 20
22.932010586550692
 30
0.0
 11
179.98536934997384
 21
23.031649640186117
 31
0.0
  0
LINE
  5
3F8
330
17
100
AcDbEntity
  8
REZ
100
AcDbLine
 10
179.98536934997384
 20
23.031649640186117
 30
0.0
 11
180.21905835489622
 21
23.12284576787598
 31
0.0
  0
LINE
  5
3F9
330
17
100
AcDbEntity
  8
REZ
100
AcDbLine
 10
180.21905835489622
 20
23.12284576787598
 30
0.0
 11
180.4604668301386
 21
23.205727778689834
 31
0.0
  0
LINE
  5
3FA
330
17
100
AcDbEntity
  8
REZ
100
AcDbLine
 10
180.4604668301386
 20
23.205727778689834
 30
0.0
 11
180.70913647156243
 21
23.280355817502596
 31
0.0
  0
LINE
  5
3FB
330
17
100
AcDbEntity
  8
REZ
100
AcDbLine
 10
180.70913647156243
 20
23.280355817502596
 30
0.0
 11
180.96466613177358
 21
23.346743355308273
 31
0.0
  0
LINE
  5
3FC
330
17
100
AcDbEntity
  8
REZ
100
AcDbLine
 10
180.96466613177358
 20
23.346743355308273
 30
0.0
 11
181.59108654325254
 21
22.720322943829323
 31
0.0
  0
LINE
  5
3FD
330
17
100
AcDbEntity
  8
REZ
100
AcDbLine
 10
181.59108654325254
 20
22.720322943829323
 30
0.0
 11
181.52469900544685
 21
22.464793283618178
 31
0.0
  0
LINE
  5
3FE
330
17
100
AcDbEntity
  8
REZ
100
AcDbLine
 10
181.52469900544685
 20
22.464793283618178
 30
0.0
 11
181.4500709666341
 21
22.21612364219435
 31
0.0
  0
LINE
  5
3FF
330
17
100
AcDbEntity
  8
REZ
100
AcDbLine
 10
181.4500709666341
 20
22.21612364219435
 30
0.0
 11
181.36718895582024
 21
21.974715166951963
 31
0.0
  0
LINE
  5
400
330
17
100
AcDbEntity
  8
REZ
100
AcDbLine
 10
181.36718895582024
 20
21.974715166951963
 30
0.0
 11
181.2759928281304
 21
21.74102616202957
 31
0.0
  0
LINE
  5
401
330
17
100
AcDbEntity
  8
REZ
100
AcDbLine
 10
181.2759928281304
 20
21.74102616202957
 30
0.0
 11
181.17635377449497
 21
21.515599231463185
 31
0.0
  0
LINE
  5
402
330
17
100
AcDbEntity
  8
REZ
100
AcDbLine
 10
181.17635377449497
 20
21.515599231463185
 30
0.0
 11
181.0680368817385
 21
21.29910766677222
 31
0.0
  0
LINE
  5
403
330
17
100
AcDbEntity
  8
REZ
100
AcDbLine
 10
181.0680368817385
 20
21.29910766677222
 30
0.0
 11
180.950630816343
 21
21.092442784777884
 31
0.0
  0
LINE
  5
404
330
17
100
AcDbEntity
  8
REZ
100
AcDbLine
 10
180.950630816343
 20
21.092442784777884
 30
0.0
 11
180.82339480802142
 21
20.896904273344735
 31
0.0
  0
LINE
  5
405
330
17
100
AcDbEntity
  8
REZ
100
AcDbLine
 10
180.82339480802142
 20
20.896904273344735
 30
0.0
 11
180.6848283631993
 21
20.71473588954771
 31
0.0
  0
LINE
  5
406
330
17
100
AcDbEntity
  8
REZ
100
AcDbLine
 10
180.6848283631993
 20
20.71473588954771
 30
0.0
 11
180.53009066851723
 21
20.552339454332518
 31
0.0
  0
LINE
  5
407
330
17
100
AcDbEntity
  8
REZ
100
AcDbLine
 10
180.53009066851723
 20
20.552339454332518
 30
0.0
 11
179.6323236801726
 21
19.831553433221345
 31
0.0
  0
LINE
  5
408
330
17
100
AcDbEntity
  8
REZ
100
AcDbLine
 10
179.6323236801726
 20
19.831553433221345
 30
0.0
 11
179.90181544219502
 21
19.480437955234482
 31
0.0
  0
LINE
  5
409
330
17
100
AcDbEntity
  8
REZ
100
AcDbLine
 10
179.90181544219502
 20
19.480437955234482
 30
0.0
 11
180.15570434215465
 21
19.117879938970606
 31
0.0
  0
LINE
  5
40A
330
17
100
AcDbEntity
  8
REZ
100
AcDbLine
 10
180.15570434215465
 20
19.117879938970606
 30
0.0
 11
180.3935051970528
 21
18.744572234670756
 31
0.0
  0
LINE
  5
40B
330
17
100
AcDbEntity
  8
REZ
100
AcDbLine
 10
180.3935051970528
 20
18.744572234670756
 30
0.0
 11
180.61476356822791
 21
18.361228235285292
 31
0.0
  0
LINE
  5
40C
330
17
100
AcDbEntity
  8
REZ
100
AcDbLine
 10
180.61476356822791
 20
18.361228235285292
 30
0.0
 11
181.62424357301657
 21
18.9148239122216
 31
0.0
  0
LINE
  5
40D
330
17
100
AcDbEntity
  8
REZ
100
AcDbLine
 10
181.62424357301657
 20
18.9148239122216
 30
0.0
 11
181.8334938677819
 21
18.99563647601435
 31
0.0
  0
LINE
  5
40E
330
17
100
AcDbEntity
  8
REZ
100
AcDbLine
 10
181.8334938677819
 20
18.99563647601435
 30
0.0
 11
182.05482259175778
 21
19.053942355898513
 31
0.0
  0
LINE
  5
40F
330
17
100
AcDbEntity
  8
REZ
100
AcDbLine
 10
182.05482259175778
 20
19.053942355898513
 30
0.0
 11
182.28416773267352
 21
19.09666375107045
 31
0.0
  0
LINE
  5
410
330
17
100
AcDbEntity
  8
REZ
100
AcDbLine
 10
182.28416773267352
 20
19.09666375107045
 30
0.0
 11
182.52003054332297
 21
19.12604558549112
 31
0.0
  0
LINE
  5
411
330
17
100
AcDbEntity
  8
REZ
100
AcDbLine
 10
182.52003054332297
 20
19.12604558549112
 30
0.0
 11
182.76149374920547
 21
19.143269610680008
 31
0.0
  0
LINE
  5
412
330
17
100
AcDbEntity
  8
REZ
100
AcDbLine
 10
182.76149374920547
 20
19.143269610680008
 30
0.0
 11
183.0078912914754
 21
19.149056941435905
 31
0.0
  0
LINE
  5
413
330
17
100
AcDbEntity
  8
REZ
100
AcDbLine
 10
183.0078912914754
 20
19.149056941435905
 30
0.0
 11
183.2586910272589
 21
19.143882266743166
 31
0.0
  0
LINE
  5
414
330
17
100
AcDbEntity
  8
REZ
100
AcDbLine
 10
183.2586910272589
 20
19.143882266743166
 30
0.0
 11
183.51344094888967
 21
19.12807223623969
 31
0.0
  0
LINE
  5
415
330
17
100
AcDbEntity
  8
REZ
100
AcDbLine
 10
183.51344094888967
 20
19.12807223623969
 30
0.0
 11
183.7717406550016
 21
19.101857801945187
 31
0.0
  0
LINE
  5
416
330
17
100
AcDbEntity
  8
REZ
100
AcDbLine
 10
183.7717406550016
 20
19.101857801945187
 30
0.0
 11
184.03322468885398
 21
19.065404921896988
 31
0.0
  0
LINE
  5
417
330
17
100
AcDbEntity
  8
REZ
100
AcDbLine
 10
184.03322468885398
 20
19.065404921896988
 30
0.0
 11
184.37224097259838
 21
18.24694721181597
 31
0.0
  0
LINE
  5
418
330
17
100
AcDbEntity
  8
REZ
100
AcDbLine
 10
184.37224097259838
 20
18.24694721181597
 30
0.0
 11
184.2131199177652
 21
18.036273999631074
 31
0.0
  0
LINE
  5
419
330
17
100
AcDbEntity
  8
REZ
100
AcDbLine
 10
184.2131199177652
 20
18.036273999631074
 30
0.0
 11
184.04901084824957
 21
17.835092121606223
 31
0.0
  0
LINE
  5
41A
330
17
100
AcDbEntity
  8
REZ
100
AcDbLine
 10
184.04901084824957
 20
17.835092121606223
 30
0.0
 11
183.8800548309375
 21
17.64377734473459
 31
0.0
  0
LINE
  5
41B
330
17
100
AcDbEntity
  8
REZ
100
AcDbLine
 10
183.8800548309375
 20
17.64377734473459
 30
0.0
 11
183.70637168461084
 21
17.46277610327662
 31
0.0
  0
LINE
  5
41C
330
17
100
AcDbEntity
  8
REZ
100
AcDbLine
 10
183.70637168461084
 20
17.46277610327662
 30
0.0
 11
183.52805005078162
 21
17.292638991092307
 31
0.0
  0
LINE
  5
41D
330
17
100
AcDbEntity
  8
REZ
100
AcDbLine
 10
183.52805005078162
 20
17.292638991092307
 30
0.0
 11
183.34513055548467
 21
17.13407794581615
 31
0.0
  0
LINE
  5
41E
330
17
100
AcDbEntity
  8
REZ
100
AcDbLine
 10
183.34513055548467
 20
17.13407794581615
 30
0.0
 11
183.15757426828216
 21
16.988073847338754
 31
0.0
  0
LINE
  5
41F
330
17
100
AcDbEntity
  8
REZ
100
AcDbLine
 10
183.15757426828216
 20
16.988073847338754
 30
0.0
 11
182.96519417568064
 21
16.856110931192877
 31
0.0
  0
LINE
  5
420
330
17
100
AcDbEntity
  8
REZ
100
AcDbLine
 10
182.96519417568064
 20
16.856110931192877
 30
0.0
 11
182.7674626510368
 21
16.740836372647298
 31
0.0
  0
LINE
  5
421
330
17
100
AcDbEntity
  8
REZ
100
AcDbLine
 10
182.7674626510368
 20
16.740836372647298
 30
0.0
 11
182.56235723678003
 21
16.65001718211639
 31
0.0
  0
LINE
  5
422
330
17
100
AcDbEntity
  8
REZ
100
AcDbLine
 10
182.56235723678003
 20
16.65001718211639
 30
0.0
 11
181.4570958227245
 21
16.327658282455317
 31
0.0
  0
LINE
  5
423
330
17
100
AcDbEntity
  8
REZ
100
AcDbLine
 10
181.4570958227245
 20
16.327658282455317
 30
0.0
 11
181.57170766956492
 21
15.900139846310468
 31
0.0
  0
LINE
  5
424
330
17
100
AcDbEntity
  8
REZ
100
AcDbLine
 10
181.57170766956492
 20
15.900139846310468
 30
0.0
 11
181.6675254816741
 21
15.468020840060431
 31
0.0
  0
LINE
  5
425
330
17
100
AcDbEntity
  8
REZ
100
AcDbLine
 10
181.6675254816741
 20
15.468020840060431
 30
0.0
 11
181.74436615071838
 21
15.03212704535725
 31
0.0
  0
LINE
  5
426
330
17
100
AcDbEntity
  8
REZ
100
AcDbLine
 10
181.74436615071838
 20
15.03212704535725
 30
0.0
 11
181.80208283378246
 21
14.593291457493196
 31
0.0
  0
LINE
  5
427
330
17
100
AcDbEntity
  8
REZ
100
AcDbLine
 10
181.80208283378246
 20
14.593291457493196
 30
0.0
 11
182.94657264247857
 21
14.71843589956493
 31
0.0
  0
LINE
  5
428
330
17
100
AcDbEntity
  8
REZ
100
AcDbLine
 10
182.94657264247857
 20
14.71843589956493
 30
0.0
 11
183.17082033627463
 21
14.713020352198619
 31
0.0
  0
LINE
  5
429
330
17
100
AcDbEntity
  8
REZ
100
AcDbLine
 10
183.17082033627463
 20
14.713020352198619
 30
0.0
 11
183.3976141085539
 21
14.68218912547658
 31
0.0
  0
LINE
  5
42A
330
17
100
AcDbEntity
  8
REZ
100
AcDbLine
 10
183.3976141085539
 20
14.68218912547658
 30
0.0
 11
183.6258501602667
 21
14.633891962354369
 31
0.0
  0
LINE
  5
42B
330
17
100
AcDbEntity
  8
REZ
100
AcDbLine
 10
183.6258501602667
 20
14.633891962354369
 30
0.0
 11
183.85500292475163
 21
14.570776447856648
 31
0.0
  0
LINE
  5
42C
330
17
100
AcDbEntity
  8
REZ
100
AcDbLine
 10
183.85500292475163
 20
14.570776447856648
 30
0.0
 11
184.08467718759942
 21
14.494285403779134
 31
0.0
  0
LINE
  5
42D
330
17
100
AcDbEntity
  8
REZ
100
AcDbLine
 10
184.08467718759942
 20
14.494285403779134
 30
0.0
 11
184.3145335493616
 21
14.405339943010194
 31
0.0
  0
LINE
  5
42E
330
17
100
AcDbEntity
  8
REZ
100
AcDbLine
 10
184.3145335493616
 20
14.405339943010194
 30
0.0
 11
184.54426202973843
 21
14.304582263248285
 31
0.0
  0
LINE
  5
42F
330
17
100
AcDbEntity
  8
REZ
100
AcDbLine
 10
184.54426202973843
 20
14.304582263248285
 30
0.0
 11
184.77357003150308
 21
14.192487125253342
 31
0.0
  0
LINE
  5
430
330
17
100
AcDbEntity
  8
REZ
100
AcDbLine
 10
184.77357003150308
 20
14.192487125253342
 30
0.0
 11
185.00217601354026
 21
14.069421127838483
 31
0.0
  0
LINE
  5
431
330
17
100
AcDbEntity
  8
REZ
100
AcDbLine
 10
185.00217601354026
 20
14.069421127838483
 30
0.0
 11
185.22980584723854
 21
13.935677450477561
 31
0.0
  0
LINE
  5
432
330
17
100
AcDbEntity
  8
REZ
100
AcDbLine
 10
185.22980584723854
 20
13.935677450477561
 30
0.0
 11
185.22980584723854
 21
13.049785208816697
 31
0.0
  0
LINE
  5
433
330
17
100
AcDbEntity
  8
REZ
100
AcDbLine
 10
185.22980584723854
 20
13.049785208816697
 30
0.0
 11
185.00217601354026
 21
12.916041531455775
 31
0.0
  0
LINE
  5
434
330
17
100
AcDbEntity
  8
REZ
100
AcDbLine
 10
185.00217601354026
 20
12.916041531455775
 30
0.0
 11
184.77357003150308
 21
12.792975534040915
 31
0.0
  0
LINE
  5
435
330
17
100
AcDbEntity
  8
REZ
100
AcDbLine
 10
184.77357003150308
 20
12.792975534040915
 30
0.0
 11
184.54426202973843
 21
12.680880396045973
 31
0.0
  0
LINE
  5
436
330
17
100
AcDbEntity
  8
REZ
100
AcDbLine
 10
184.54426202973843
 20
12.680880396045973
 30
0.0
 11
184.3145335493616
 21
12.580122716284063
 31
0.0
  0
LINE
  5
437
330
17
100
AcDbEntity
  8
REZ
100
AcDbLine
 10
184.3145335493616
 20
12.580122716284063
 30
0.0
 11
184.08467718759942
 21
12.491177255515124
 31
0.0
  0
LINE
  5
438
330
17
100
AcDbEntity
  8
REZ
100
AcDbLine
 10
184.08467718759942
 20
12.491177255515124
 30
0.0
 11
183.85500292475163
 21
12.41468621143761
 31
0.0
  0
LINE
  5
439
330
17
100
AcDbEntity
  8
REZ
100
AcDbLine
 10
183.85500292475163
 20
12.41468621143761
 30
0.0
 11
183.6258501602667
 21
12.35157069693989
 31
0.0
  0
LINE
  5
43A
330
17
100
AcDbEntity
  8
REZ
100
AcDbLine
 10
183.6258501602667
 20
12.35157069693989
 30
0.0
 11
183.3976141085539
 21
12.303273533817679
 31
0.0
  0
LINE
  5
43B
330
17
100
AcDbEntity
  8
REZ
100
AcDbLine
 10
183.3976141085539
 20
12.303273533817679
 30
0.0
 11
183.17082033627463
 21
12.272442307095638
 31
0.0
  0
LINE
  5
43C
330
17
100
AcDbEntity
  8
REZ
100
AcDbLine
 10
183.17082033627463
 20
12.272442307095638
 30
0.0
 11
182.94657264247857
 21
12.267026759729328
 31
0.0
  0
LINE
  5
43D
330
17
100
AcDbEntity
  8
REZ
100
AcDbLine
 10
182.94657264247857
 20
12.267026759729328
 30
0.0
 11
181.80208283378246
 21
12.392171201801062
 31
0.0
  0
LINE
  5
43E
330
17
100
AcDbEntity
  8
REZ
100
AcDbLine
 10
181.80208283378246
 20
12.392171201801062
 30
0.0
 11
181.74436615071838
 21
11.953335613937009
 31
0.0
  0
LINE
  5
43F
330
17
100
AcDbEntity
  8
REZ
100
AcDbLine
 10
181.74436615071838
 20
11.953335613937009
 30
0.0
 11
181.6675254816741
 21
11.517441819233829
 31
0.0
  0
LINE
  5
440
330
17
100
AcDbEntity
  8
REZ
100
AcDbLine
 10
181.6675254816741
 20
11.517441819233829
 30
0.0
 11
181.57170766956492
 21
11.08532281298379
 31
0.0
  0
LINE
  5
441
330
17
100
AcDbEntity
  8
REZ
100
AcDbLine
 10
181.57170766956492
 20
11.08532281298379
 30
0.0
 11
181.4570958227245
 21
10.65780437683894
 31
0.0
  0
LINE
  5
442
330
17
100
AcDbEntity
  8
REZ
100
AcDbLine
 10
181.4570958227245
 20
10.65780437683894
 30
0.0
 11
182.56235723678003
 21
10.33544547717787
 31
0.0
  0
LINE
  5
443
330
17
100
AcDbEntity
  8
REZ
100
AcDbLine
 10
182.56235723678003
 20
10.33544547717787
 30
0.0
 11
182.7674626510368
 21
10.244626286646959
 31
0.0
  0
LINE
  5
444
330
17
100
AcDbEntity
  8
REZ
100
AcDbLine
 10
182.7674626510368
 20
10.244626286646959
 30
0.0
 11
182.96519417568064
 21
10.129351728101382
 31
0.0
  0
LINE
  5
445
330
17
100
AcDbEntity
  8
REZ
100
AcDbLine
 10
182.96519417568064
 20
10.129351728101382
 30
0.0
 11
183.15757426828216
 21
9.997388811955505
 31
0.0
  0
LINE
  5
446
330
17
100
AcDbEntity
  8
REZ
100
AcDbLine
 10
183.15757426828216
 20
9.997388811955505
 30
0.0
 11
183.34513055548467
 21
9.851384713478108
 31
0.0
  0
LINE
  5
447
330
17
100
AcDbEntity
  8
REZ
100
AcDbLine
 10
183.34513055548467
 20
9.851384713478108
 30
0.0
 11
183.52805005078162
 21
9.69282366820195
 31
0.0
  0
LINE
  5
448
330
17
100
AcDbEntity
  8
REZ
100
AcDbLine
 10
183.52805005078162
 20
9.69282366820195
 30
0.0
 11
183.70637168461084
 21
9.52268655601764
 31
0.0
  0
LINE
  5
449
330
17
100
AcDbEntity
  8
REZ
100
AcDbLine
 10
183.70637168461084
 20
9.52268655601764
 30
0.0
 11
183.88005483093747
 21
9.341685314559669
 31
0.0
  0
LINE
  5
44A
330
17
100
AcDbEntity
  8
REZ
100
AcDbLine
 10
183.88005483093747
 20
9.341685314559669
 30
0.0
 11
184.04901084824957
 21
9.150370537688035
 31
0.0
  0
LINE
  5
44B
330
17
100
AcDbEntity
  8
REZ
100
AcDbLine
 10
184.04901084824957
 20
9.150370537688035
 30
0.0
 11
184.2131199177652
 21
8.949188659663182
 31
0.0
  0
LINE
  5
44C
330
17
100
AcDbEntity
  8
REZ
100
AcDbLine
 10
184.2131199177652
 20
8.949188659663182
 30
0.0
 11
184.37224097259838
 21
8.738515447478285
 31
0.0
  0
LINE
  5
44D
330
17
100
AcDbEntity
  8
REZ
100
AcDbLine
 10
184.37224097259838
 20
8.738515447478285
 30
0.0
 11
184.03322468885398
 21
7.92005773739727
 31
0.0
  0
LINE
  5
44E
330
17
100
AcDbEntity
  8
REZ
100
AcDbLine
 10
184.03322468885398
 20
7.92005773739727
 30
0.0
 11
183.7717406550016
 21
7.883604857349069
 31
0.0
  0
LINE
  5
44F
330
17
100
AcDbEntity
  8
REZ
100
AcDbLine
 10
183.7717406550016
 20
7.883604857349069
 30
0.0
 11
183.51344094888967
 21
7.8573904230545715
 31
0.0
  0
LINE
  5
450
330
17
100
AcDbEntity
  8
REZ
100
AcDbLine
 10
183.51344094888967
 20
7.8573904230545715
 30
0.0
 11
183.2586910272589
 21
7.841580392551092
 31
0.0
  0
LINE
  5
451
330
17
100
AcDbEntity
  8
REZ
100
AcDbLine
 10
183.2586910272589
 20
7.841580392551092
 30
0.0
 11
183.0078912914754
 21
7.836405717858353
 31
0.0
  0
LINE
  5
452
330
17
100
AcDbEntity
  8
REZ
100
AcDbLine
 10
183.0078912914754
 20
7.836405717858353
 30
0.0
 11
182.76149374920547
 21
7.842193048614249
 31
0.0
  0
LINE
  5
453
330
17
100
AcDbEntity
  8
REZ
100
AcDbLine
 10
182.76149374920547
 20
7.842193048614249
 30
0.0
 11
182.52003054332297
 21
7.859417073803138
 31
0.0
  0
LINE
  5
454
330
17
100
AcDbEntity
  8
REZ
100
AcDbLine
 10
182.52003054332297
 20
7.859417073803138
 30
0.0
 11
182.28416773267352
 21
7.888798908223809
 31
0.0
  0
LINE
  5
455
330
17
100
AcDbEntity
  8
REZ
100
AcDbLine
 10
182.28416773267352
 20
7.888798908223809
 30
0.0
 11
182.05482259175778
 21
7.931520303395746
 31
0.0
  0
LINE
  5
456
330
17
100
AcDbEntity
  8
REZ
100
AcDbLine
 10
182.05482259175778
 20
7.931520303395746
 30
0.0
 11
181.8334938677819
 21
7.989826183279908
 31
0.0
  0
LINE
  5
457
330
17
100
AcDbEntity
  8
REZ
100
AcDbLine
 10
181.8334938677819
 20
7.989826183279908
 30
0.0
 11
181.62424357301657
 21
8.070638747072657
 31
0.0
  0
LINE
  5
458
330
17
100
AcDbEntity
  8
REZ
100
AcDbLine
 10
181.62424357301657
 20
8.070638747072657
 30
0.0
 11
180.61476356822791
 21
8.624234424008968
 31
0.0
  0
LINE
  5
459
330
17
100
AcDbEntity
  8
REZ
100
AcDbLine
 10
180.61476356822791
 20
8.624234424008968
 30
0.0
 11
180.3935051970528
 21
8.240890424623503
 31
0.0
  0
LINE
  5
45A
330
17
100
AcDbEntity
  8
REZ
100
AcDbLine
 10
180.3935051970528
 20
8.240890424623503
 30
0.0
 11
180.15570434215465
 21
7.86758272032366
 31
0.0
  0
LINE
  5
45B
330
17
100
AcDbEntity
  8
REZ
100
AcDbLine
 10
180.15570434215465
 20
7.86758272032366
 30
0.0
 11
179.90181544219502
 21
7.505024704059785
 31
0.0
  0
LINE
  5
45C
330
17
100
AcDbEntity
  8
REZ
100
AcDbLine
 10
179.90181544219502
 20
7.505024704059785
 30
0.0
 11
179.6323236801726
 21
7.1539092260729165
 31
0.0
  0
LINE
  5
45D
330
17
100
AcDbEntity
  8
REZ
100
AcDbLine
 10
179.6323236801726
 20
7.1539092260729165
 30
0.0
 11
180.53009066851723
 21
6.433123204961739
 31
0.0
  0
LINE
  5
45E
330
17
100
AcDbEntity
  8
REZ
100
AcDbLine
 10
180.53009066851723
 20
6.433123204961739
 30
0.0
 11
180.6848283631993
 21
6.270726769746547
 31
0.0
  0
LINE
  5
45F
330
17
100
AcDbEntity
  8
REZ
100
AcDbLine
 10
180.6848283631993
 20
6.270726769746547
 30
0.0
 11
180.82339480802142
 21
6.088558385949523
 31
0.0
  0
LINE
  5
460
330
17
100
AcDbEntity
  8
REZ
100
AcDbLine
 10
180.82339480802142
 20
6.088558385949523
 30
0.0
 11
180.950630816343
 21
5.8930198745163755
 31
0.0
  0
LINE
  5
461
330
17
100
AcDbEntity
  8
REZ
100
AcDbLine
 10
180.950630816343
 20
5.8930198745163755
 30
0.0
 11
181.0680368817385
 21
5.686354992522039
 31
0.0
  0
LINE
  5
462
330
17
100
AcDbEntity
  8
REZ
100
AcDbLine
 10
181.0680368817385
 20
5.686354992522039
 30
0.0
 11
181.17635377449494
 21
5.469863427831077
 31
0.0
  0
LINE
  5
463
330
17
100
AcDbEntity
  8
REZ
100
AcDbLine
 10
181.17635377449494
 20
5.469863427831077
 30
0.0
 11
181.27599282813037
 21
5.244436497264692
 31
0.0
  0
LINE
  5
464
330
17
100
AcDbEntity
  8
REZ
100
AcDbLine
 10
181.27599282813037
 20
5.244436497264692
 30
0.0
 11
181.36718895582024
 21
5.010747492342295
 31
0.0
  0
LINE
  5
465
330
17
100
AcDbEntity
  8
REZ
100
AcDbLine
 10
181.36718895582024
 20
5.010747492342295
 30
0.0
 11
181.4500709666341
 21
4.769339017099908
 31
0.0
  0
LINE
  5
466
330
17
100
AcDbEntity
  8
REZ
100
AcDbLine
 10
181.4500709666341
 20
4.769339017099908
 30
0.0
 11
181.52469900544685
 21
4.52066937567608
 31
0.0
  0
LINE
  5
467
330
17
100
AcDbEntity
  8
REZ
100
AcDbLine
 10
181.52469900544685
 20
4.52066937567608
 30
0.0
 11
181.59108654325254
 21
4.265139715464935
 31
0.0
  0
LINE
  5
468
330
17
100
AcDbEntity
  8
REZ
100
AcDbLine
 10
181.59108654325254
 20
4.265139715464935
 30
0.0
 11
180.96466613177358
 21
3.6387193039859866
 31
0.0
  0
LINE
  5
469
330
17
100
AcDbEntity
  8
REZ
100
AcDbLine
 10
180.96466613177358
 20
3.6387193039859866
 30
0.0
 11
180.70913647156243
 21
3.7051068417916646
 31
0.0
  0
LINE
  5
46A
330
17
100
AcDbEntity
  8
REZ
100
AcDbLine
 10
180.70913647156243
 20
3.7051068417916646
 30
0.0
 11
180.4604668301386
 21
3.779734880604426
 31
0.0
  0
LINE
  5
46B
330
17
100
AcDbEntity
  8
REZ
100
AcDbLine
 10
180.4604668301386
 20
3.779734880604426
 30
0.0
 11
180.21905835489622
 21
3.8626168914182806
 31
0.0
  0
LINE
  5
46C
330
17
100
AcDbEntity
  8
REZ
100
AcDbLine
 10
180.21905835489622
 20
3.8626168914182806
 30
0.0
 11
179.98536934997384
 21
3.9538130191081393
 31
0.0
  0
LINE
  5
46D
330
17
100
AcDbEntity
  8
REZ
100
AcDbLine
 10
179.98536934997384
 20
3.9538130191081393
 30
0.0
 11
179.75994241940745
 21
4.0534520727435694
 31
0.0
  0
LINE
  5
46E
330
17
100
AcDbEntity
  8
REZ
100
AcDbLine
 10
179.75994241940745
 20
4.0534520727435694
 30
0.0
 11
179.54345085471647
 21
4.1617689655000305
 31
0.0
  0
LINE
  5
46F
330
17
100
AcDbEntity
  8
REZ
100
AcDbLine
 10
179.54345085471647
 20
4.1617689655000305
 30
0.0
 11
179.33678597272214
 21
4.279175030895535
 31
0.0
  0
LINE
  5
470
330
17
100
AcDbEntity
  8
REZ
100
AcDbLine
 10
179.33678597272214
 20
4.279175030895535
 30
0.0
 11
179.141247461289
 21
4.406411039217106
 31
0.0
  0
LINE
  5
471
330
17
100
AcDbEntity
  8
REZ
100
AcDbLine
 10
179.141247461289
 20
4.406411039217106
 30
0.0
 11
178.95907907749196
 21
4.544977484039222
 31
0.0
  0
LINE
  5
472
330
17
100
AcDbEntity
  8
REZ
100
AcDbLine
 10
178.95907907749196
 20
4.544977484039222
 30
0.0
 11
178.79668264227678
 21
4.699715178721302
 31
0.0
  0
LINE
  5
473
330
17
100
AcDbEntity
  8
REZ
100
AcDbLine
 10
178.79668264227678
 20
4.699715178721302
 30
0.0
 11
178.0758966211656
 21
5.597482167065941
 31
0.0
  0
LINE
  5
474
330
17
100
AcDbEntity
  8
REZ
100
AcDbLine
 10
178.0758966211656
 20
5.597482167065941
 30
0.0
 11
177.72478114317875
 21
5.327990405043501
 31
0.0
  0
LINE
  5
475
330
17
100
AcDbEntity
  8
REZ
100
AcDbLine
 10
177.72478114317875
 20
5.327990405043501
 30
0.0
 11
177.36222312691487
 21
5.074101505083863
 31
0.0
  0
LINE
  5
476
330
17
100
AcDbEntity
  8
REZ
100
AcDbLine
 10
177.36222312691487
 20
5.074101505083863
 30
0.0
 11
176.98891542261504
 21
4.836300650185727
 31
0.0
  0
LINE
  5
477
330
17
100
AcDbEntity
  8
REZ
100
AcDbLine
 10
176.98891542261504
 20
4.836300650185727
 30
0.0
 11
176.60557142322955
 21
4.615042279010607
 31
0.0
  0
LINE
  5
478
330
17
100
AcDbEntity
  8
REZ
100
AcDbLine
 10
176.60557142322955
 20
4.615042279010607
 30
0.0
 11
177.15916710016586
 21
3.6055622742219473
 31
0.0
  0
LINE
  5
479
330
17
100
AcDbEntity
  8
REZ
100
AcDbLine
 10
177.15916710016586
 20
3.6055622742219473
 30
0.0
 11
177.23997966395862
 21
3.3963119794566357
 31
0.0
  0
LINE
  5
47A
330
17
100
AcDbEntity
  8
REZ
100
AcDbLine
 10
177.23997966395862
 20
3.3963119794566357
 30
0.0
 11
177.29828554384278
 21
3.1749832554807504
 31
0.0
  0
LINE
  5
47B
330
17
100
AcDbEntity
  8
REZ
100
AcDbLine
 10
177.29828554384278
 20
3.1749832554807504
 30
0.0
 11
177.3410069390147
 21
2.945638114565009
 31
0.0
  0
LINE
  5
47C
330
17
100
AcDbEntity
  8
REZ
100
AcDbLine
 10
177.3410069390147
 20
2.945638114565009
 30
0.0
 11
177.3703887734354
 21
2.7097753039155474
 31
0.0
  0
LINE
  5
47D
330
17
100
AcDbEntity
  8
REZ
100
AcDbLine
 10
177.3703887734354
 20
2.7097753039155474
 30
0.0
 11
177.38761279862428
 21
2.4683120980330617
 31
0.0
  0
LINE
  5
47E
330
17
100
AcDbEntity
  8
REZ
100
AcDbLine
 10
177.38761279862428
 20
2.4683120980330617
 30
0.0
 11
177.39340012938015
 21
2.221914555763119
 31
0.0
  0
LINE
  5
47F
330
17
100
AcDbEntity
  8
REZ
100
AcDbLine
 10
177.39340012938015
 20
2.221914555763119
 30
0.0
 11
177.38822545468742
 21
1.9711148199796291
 31
0.0
  0
LINE
  5
480
330
17
100
AcDbEntity
  8
REZ
100
AcDbLine
 10
177.38822545468742
 20
1.9711148199796291
 30
0.0
 11
177.37241542418394
 21
1.7163648983488624
 31
0.0
  0
LINE
  5
481
330
17
100
AcDbEntity
  8
REZ
100
AcDbLine
 10
177.37241542418394
 20
1.7163648983488624
 30
0.0
 11
177.34620098988944
 21
1.4580651922369245
 31
0.0
  0
LINE
  5
482
330
17
100
AcDbEntity
  8
REZ
100
AcDbLine
 10
177.34620098988944
 20
1.4580651922369245
 30
0.0
 11
177.30974810984125
 21
1.1965811583845394
 31
0.0
  0
LINE
  5
483
330
17
100
AcDbEntity
  8
REZ
100
AcDbLine
 10
177.30974810984125
 20
1.1965811583845394
 30
0.0
 11
176.49129039976023
 21
0.8575648746401558
 31
0.0
  0
LINE
  5
484
330
17
100
AcDbEntity
  8
REZ
100
AcDbLine
 10
176.49129039976023
 20
0.8575648746401558
 30
0.0
 11
176.28061718757533
 21
1.0166859294733275
 31
0.0
  0
LINE
  5
485
330
17
100
AcDbEntity
  8
REZ
100
AcDbLine
 10
176.28061718757533
 20
1.0166859294733275
 30
0.0
 11
176.0794353095505
 21
1.1807949989889632
 31
0.0
  0
LINE
  5
486
330
17
100
AcDbEntity
  8
REZ
100
AcDbLine
 10
176.0794353095505
 20
1.1807949989889632
 30
0.0
 11
175.88812053267884
 21
1.3497510163010418
 31
0.0
  0
LINE
  5
487
330
17
100
AcDbEntity
  8
REZ
100
AcDbLine
 10
175.88812053267884
 20
1.3497510163010418
 30
0.0
 11
175.7071192912209
 21
1.523434162627673
 31
0.0
  0
LINE
  5
488
330
17
100
AcDbEntity
  8
REZ
100
AcDbLine
 10
175.7071192912209
 20
1.523434162627673
 30
0.0
 11
175.53698217903658
 21
1.7017557964569097
 31
0.0
  0
LINE
  5
489
330
17
100
AcDbEntity
  8
REZ
100
AcDbLine
 10
175.53698217903658
 20
1.7017557964569097
 30
0.0
 11
175.3784211337604
 21
1.8846752917538527
 31
0.0
  0
LINE
  5
48A
330
17
100
AcDbEntity
  8
REZ
100
AcDbLine
 10
175.3784211337604
 20
1.8846752917538527
 30
0.0
 11
175.23241703528302
 21
2.0722315789563606
 31
0.0
  0
LINE
  5
48B
330
17
100
AcDbEntity
  8
REZ
100
AcDbLine
 10
175.23241703528302
 20
2.0722315789563606
 30
0.0
 11
175.10045411913714
 21
2.2646116715578923
 31
0.0
  0
LINE
  5
48C
330
17
100
AcDbEntity
  8
REZ
100
AcDbLine
 10
175.10045411913714
 20
2.2646116715578923
 30
0.0
 11
174.98517956059158
 21
2.462343196201747
 31
0.0
  0
LINE
  5
48D
330
17
100
AcDbEntity
  8
REZ
100
AcDbLine
 10
174.98517956059158
 20
2.462343196201747
 30
0.0
 11
174.89436037006067
 21
2.6674486104585053
 31
0.0
  0
LINE
  5
48E
330
17
100
AcDbEntity
  8
REZ
100
AcDbLine
 10
174.89436037006067
 20
2.6674486104585053
 30
0.0
 11
174.57200147039958
 21
3.7727100245140157
 31
0.0
  0
LINE
  5
48F
330
17
100
AcDbEntity
  8
REZ
100
AcDbLine
 10
174.57200147039958
 20
3.7727100245140157
 30
0.0
 11
174.14448303425473
 21
3.658098177673601
 31
0.0
  0
LINE
  5
490
330
17
100
AcDbEntity
  8
REZ
100
AcDbLine
 10
174.14448303425473
 20
3.658098177673601
 30
0.0
 11
173.71236402800469
 21
3.5622803655644244
 31
0.0
  0
LINE
  5
491
330
17
100
AcDbEntity
  8
REZ
100
AcDbLine
 10
173.71236402800469
 20
3.5622803655644244
 30
0.0
 11
173.27647023330152
 21
3.4854396965201495
 31
0.0
  0
LINE
  5
492
330
17
100
AcDbEntity
  8
REZ
100
AcDbLine
 10
173.27647023330152
 20
3.4854396965201495
 30
0.0
 11
172.83763464543745
 21
3.4277230134560597
 31
0.0
  0
LINE
  5
493
330
17
100
AcDbEntity
  8
REZ
100
AcDbLine
 10
172.83763464543745
 20
3.4277230134560597
 30
0.0
 11
172.9627790875092
 21
2.2832332047599593
 31
0.0
  0
LINE
  5
494
330
17
100
AcDbEntity
  8
REZ
100
AcDbLine
 10
172.9627790875092
 20
2.2832332047599593
 30
0.0
 11
172.9573635401429
 21
2.058985510963902
 31
0.0
  0
LINE
  5
495
330
17
100
AcDbEntity
  8
REZ
100
AcDbLine
 10
172.9573635401429
 20
2.058985510963902
 30
0.0
 11
172.92653231342084
 21
1.8321917386846032
 31
0.0
  0
LINE
  5
496
330
17
100
AcDbEntity
  8
REZ
100
AcDbLine
 10
172.92653231342084
 20
1.8321917386846032
 30
0.0
 11
172.87823515029862
 21
1.603955686971812
 31
0.0
  0
LINE
  5
497
330
17
100
AcDbEntity
  8
REZ
100
AcDbLine
 10
172.87823515029862
 20
1.603955686971812
 30
0.0
 11
172.8151196358009
 21
1.3748029224869054
 31
0.0
  0
LINE
  5
498
330
17
100
AcDbEntity
  8
REZ
100
AcDbLine
 10
172.8151196358009
 20
1.3748029224869054
 30
0.0
 11
172.7386285917234
 21
1.1451286596390897
 31
0.0
  0
LINE
  5
499
330
17
100
AcDbEntity
  8
REZ
100
AcDbLine
 10
172.7386285917234
 20
1.1451286596390897
 30
0.0
 11
172.64968313095446
 21
0.915272297876907
 31
0.0
  0
LINE
  5
49A
330
17
100
AcDbEntity
  8
REZ
100
AcDbLine
 10
172.64968313095446
 20
0.915272297876907
 30
0.0
 11
172.54892545119256
 21
0.6855438175000916
 31
0.0
  0
LINE
  5
49B
330
17
100
AcDbEntity
  8
REZ
100
AcDbLine
 10
172.54892545119256
 20
0.6855438175000916
 30
0.0
 11
172.43683031319762
 21
0.45623581573544136
 31
0.0
  0
LINE
  5
49C
330
17
100
AcDbEntity
  8
REZ
100
AcDbLine
 10
172.43683031319762
 20
0.45623581573544136
 30
0.0
 11
172.31376431578275
 21
0.22762983369826806
 31
0.0
  0
LINE
  5
49D
330
17
100
AcDbEntity
  8
REZ
100
AcDbLine
 10
172.31376431578275
 20
0.22762983369826806
 30
0.0
 11
172.18002063842184
 21
0.0
 31
0.0
  0
LINE
  5
49E
330
17
100
AcDbEntity
  8
REZ
100
AcDbLine
 10
172.18002063842184
 20
0.0
 30
0.0
 11
171.29412839676095
 21
0.0
 31
0.0
  0
LINE
  5
49F
330
17
100
AcDbEntity
  8
REZ
100
AcDbLine
 10
171.29412839676095
 20
0.0
 30
0.0
 11
171.16038471940004
 21
0.22762983369826806
 31
0.0
  0
LINE
  5
4A0
330
17
100
AcDbEntity
  8
REZ
100
AcDbLine
 10
171.16038471940004
 20
0.22762983369826806
 30
0.0
 11
171.03731872198517
 21
0.45623581573544136
 31
0.0
  0
LINE
  5
4A1
330
17
100
AcDbEntity
  8
REZ
100
AcDbLine
 10
171.03731872198517
 20
0.45623581573544136
 30
0.0
 11
170.92522358399023
 21
0.6855438175000916
 31
0.0
  0
LINE
  5
4A2
330
17
100
AcDbEntity
  8
REZ
100
AcDbLine
 10
170.92522358399023
 20
0.6855438175000916
 30
0.0
 11
170.82446590422833
 21
0.915272297876907
 31
0.0
  0
LINE
  5
4A3
330
17
100
AcDbEntity
  8
REZ
100
AcDbLine
 10
170.82446590422833
 20
0.915272297876907
 30
0.0
 11
170.7355204434594
 21
1.1451286596390897
 31
0.0
  0
LINE
  5
4A4
330
17
100
AcDbEntity
  8
REZ
100
AcDbLine
 10
170.7355204434594
 20
1.1451286596390897
 30
0.0
 11
170.65902939938186
 21
1.3748029224869054
 31
0.0
  0
LINE
  5
4A5
330
17
100
AcDbEntity
  8
REZ
100
AcDbLine
 10
170.65902939938186
 20
1.3748029224869054
 30
0.0
 11
170.59591388488417
 21
1.603955686971812
 31
0.0
  0
LINE
  5
4A6
330
17
100
AcDbEntity
  8
REZ
100
AcDbLine
 10
170.59591388488417
 20
1.603955686971812
 30
0.0
 11
170.54761672176195
 21
1.832191738684605
 31
0.0
  0
LINE
  5
4A7
330
17
100
AcDbEntity
  8
REZ
100
AcDbLine
 10
170.54761672176195
 20
1.832191738684605
 30
0.0
 11
170.5167854950399
 21
2.058985510963902
 31
0.0
  0
LINE
  5
4A8
330
17
100
AcDbEntity
  8
REZ
100
AcDbLine
 10
170.5167854950399
 20
2.058985510963902
 30
0.0
 11
170.5113699476736
 21
2.2832332047599593
 31
0.0
  0
LINE
  5
4A9
330
17
100
AcDbEntity
  8
REZ
100
AcDbLine
 10
170.5113699476736
 20
2.2832332047599593
 30
0.0
 11
170.63651438974532
 21
3.4277230134560597
 31
0.0
  0
LINE
  5
4AA
330
17
100
AcDbEntity
  8
REZ
100
AcDbLine
 10
170.63651438974532
 20
3.4277230134560597
 30
0.0
 11
170.19767880188127
 21
3.4854396965201495
 31
0.0
  0
LINE
  5
4AB
330
17
100
AcDbEntity
  8
REZ
100
AcDbLine
 10
170.19767880188127
 20
3.4854396965201495
 30
0.0
 11
169.7617850071781
 21
3.5622803655644244
 31
0.0
  0
LINE
  5
4AC
330
17
100
AcDbEntity
  8
REZ
100
AcDbLine
 10
169.7617850071781
 20
3.5622803655644244
 30
0.0
 11
169.32966600092806
 21
3.658098177673601
 31
0.0
  0
LINE
  5
4AD
330
17
100
AcDbEntity
  8
REZ
100
AcDbLine
 10
169.32966600092806
 20
3.658098177673601
 30
0.0
 11
168.9021475647832
 21
3.7727100245140175
 31
0.0
  0
LINE
  5
4AE
330
17
100
AcDbEntity
  8
REZ
100
AcDbLine
 10
168.9021475647832
 20
3.7727100245140175
 30
0.0
 11
168.57978866512212
 21
2.667448610458507
 31
0.0
  0
LINE
  5
4AF
330
17
100
AcDbEntity
  8
REZ
100
AcDbLine
 10
168.57978866512212
 20
2.667448610458507
 30
0.0
 11
168.48896947459122
 21
2.462343196201747
 31
0.0
  0
LINE
  5
4B0
330
17
100
AcDbEntity
  8
REZ
100
AcDbLine
 10
168.48896947459122
 20
2.462343196201747
 30
0.0
 11
168.37369491604565
 21
2.264611671557894
 31
0.0
  0
LINE
  5
4B1
330
17
100
AcDbEntity
  8
REZ
100
AcDbLine
 10
168.37369491604565
 20
2.264611671557894
 30
0.0
 11
168.24173199989977
 21
2.0722315789563623
 31
0.0
  0
LINE
  5
4B2
330
17
100
AcDbEntity
  8
REZ
100
AcDbLine
 10
168.24173199989977
 20
2.0722315789563623
 30
0.0
 11
168.09572790142238
 21
1.8846752917538527
 31
0.0
  0
LINE
  5
4B3
330
17
100
AcDbEntity
  8
REZ
100
AcDbLine
 10
168.09572790142238
 20
1.8846752917538527
 30
0.0
 11
167.9371668561462
 21
1.7017557964569114
 31
0.0
  0
LINE
  5
4B4
330
17
100
AcDbEntity
  8
REZ
100
AcDbLine
 10
167.9371668561462
 20
1.7017557964569114
 30
0.0
 11
167.7670297439619
 21
1.5234341626276748
 31
0.0
  0
LINE
  5
4B5
330
17
100
AcDbEntity
  8
REZ
100
AcDbLine
 10
167.7670297439619
 20
1.5234341626276748
 30
0.0
 11
167.58602850250392
 21
1.3497510163010435
 31
0.0
  0
LINE
  5
4B6
330
17
100
AcDbEntity
  8
REZ
100
AcDbLine
 10
167.58602850250392
 20
1.3497510163010435
 30
0.0
 11
167.3947137256323
 21
1.1807949989889632
 31
0.0
  0
LINE
  5
4B7
330
17
100
AcDbEntity
  8
REZ
100
AcDbLine
 10
167.3947137256323
 20
1.1807949989889632
 30
0.0
 11
167.19353184760746
 21
1.016685929473331
 31
0.0
  0
LINE
  5
4B8
330
17
100
AcDbEntity
  8
REZ
100
AcDbLine
 10
167.19353184760746
 20
1.016685929473331
 30
0.0
 11
166.98285863542256
 21
0.8575648746401576
 31
0.0
  0
LINE
  5
4B9
330
17
100
AcDbEntity
  8
REZ
100
AcDbLine
 10
166.98285863542256
 20
0.8575648746401576
 30
0.0
 11
166.16440092534154
 21
1.1965811583845412
 31
0.0
  0
LINE
  5
4BA
330
17
100
AcDbEntity
  8
REZ
100
AcDbLine
 10
166.16440092534154
 20
1.1965811583845412
 30
0.0
 11
166.12794804529332
 21
1.458065192236928
 31
0.0
  0
LINE
  5
4BB
330
17
100
AcDbEntity
  8
REZ
100
AcDbLine
 10
166.12794804529332
 20
1.458065192236928
 30
0.0
 11
166.10173361099885
 21
1.7163648983488642
 31
0.0
  0
LINE
  5
4BC
330
17
100
AcDbEntity
  8
REZ
100
AcDbLine
 10
166.10173361099885
 20
1.7163648983488642
 30
0.0
 11
166.08592358049535
 21
1.971114819979631
 31
0.0
  0
LINE
  5
4BD
330
17
100
AcDbEntity
  8
REZ
100
AcDbLine
 10
166.08592358049535
 20
1.971114819979631
 30
0.0
 11
166.0807489058026
 21
2.2219145557631226
 31
0.0
  0
LINE
  5
4BE
330
17
100
AcDbEntity
  8
REZ
100
AcDbLine
 10
166.0807489058026
 20
2.2219145557631226
 30
0.0
 11
166.08653623655852
 21
2.4683120980330635
 31
0.0
  0
LINE
  5
4BF
330
17
100
AcDbEntity
  8
REZ
100
AcDbLine
 10
166.08653623655852
 20
2.4683120980330635
 30
0.0
 11
166.1037602617474
 21
2.709775303915551
 31
0.0
  0
LINE
  5
4C0
330
17
100
AcDbEntity
  8
REZ
100
AcDbLine
 10
166.1037602617474
 20
2.709775303915551
 30
0.0
 11
166.1331420961681
 21
2.9456381145650106
 31
0.0
  0
LINE
  5
4C1
330
17
100
AcDbEntity
  8
REZ
100
AcDbLine
 10
166.1331420961681
 20
2.9456381145650106
 30
0.0
 11
166.17586349134
 21
3.174983255480752
 31
0.0
  0
LINE
  5
4C2
330
17
100
AcDbEntity
  8
REZ
100
AcDbLine
 10
166.17586349134
 20
3.174983255480752
 30
0.0
 11
166.23416937122417
 21
3.396311979456639
 31
0.0
  0
LINE
  5
4C3
330
17
100
AcDbEntity
  8
REZ
100
AcDbLine
 10
166.23416937122417
 20
3.396311979456639
 30
0.0
 11
166.31498193501693
 21
3.605562274221949
 31
0.0
  0
LINE
  5
4C4
330
17
100
AcDbEntity
  8
REZ
100
AcDbLine
 10
166.31498193501693
 20
3.605562274221949
 30
0.0
 11
166.86857761195324
 21
4.615042279010609
 31
0.0
  0
LINE
  5
4C5
330
17
100
AcDbEntity
  8
REZ
100
AcDbLine
 10
166.86857761195324
 20
4.615042279010609
 30
0.0
 11
166.48523361256775
 21
4.836300650185731
 31
0.0
  0
LINE
  5
4C6
330
17
100
AcDbEntity
  8
REZ
100
AcDbLine
 10
166.48523361256775
 20
4.836300650185731
 30
0.0
 11
166.11192590826792
 21
5.074101505083862
 31
0.0
  0
LINE
  5
4C7
330
17
100
AcDbEntity
  8
REZ
100
AcDbLine
 10
166.11192590826792
 20
5.074101505083862
 30
0.0
 11
165.74936789200405
 21
5.327990405043497
 31
0.0
  0
LINE
  5
4C8
330
17
100
AcDbEntity
  8
REZ
100
AcDbLine
 10
165.74936789200405
 20
5.327990405043497
 30
0.0
 11
165.39825241401718
 21
5.597482167065943
 31
0.0
  0
LINE
  5
4C9
330
17
100
AcDbEntity
  8
REZ
100
AcDbLine
 10
165.39825241401718
 20
5.597482167065943
 30
0.0
 11
164.677466392906
 21
4.699715178721306
 31
0.0
  0
LINE
  5
4CA
330
17
100
AcDbEntity
  8
REZ
100
AcDbLine
 10
164.677466392906
 20
4.699715178721306
 30
0.0
 11
164.5150699576908
 21
4.544977484039226
 31
0.0
  0
LINE
  5
4CB
330
17
100
AcDbEntity
  8
REZ
100
AcDbLine
 10
164.5150699576908
 20
4.544977484039226
 30
0.0
 11
164.3329015738938
 21
4.40641103921711
 31
0.0
  0
LINE
  5
4CC
330
17
100
AcDbEntity
  8
REZ
100
AcDbLine
 10
164.3329015738938
 20
4.40641103921711
 30
0.0
 11
164.13736306246065
 21
4.279175030895539
 31
0.0
  0
LINE
  5
4CD
330
17
100
AcDbEntity
  8
REZ
100
AcDbLine
 10
164.13736306246065
 20
4.279175030895539
 30
0.0
 11
163.9306981804663
 21
4.161768965500034
 31
0.0
  0
LINE
  5
4CE
330
17
100
AcDbEntity
  8
REZ
100
AcDbLine
 10
163.9306981804663
 20
4.161768965500034
 30
0.0
 11
163.71420661577534
 21
4.053452072743571
 31
0.0
  0
LINE
  5
4CF
330
17
100
AcDbEntity
  8
REZ
100
AcDbLine
 10
163.71420661577534
 20
4.053452072743571
 30
0.0
 11
163.48877968520895
 21
3.9538130191081464
 31
0.0
  0
LINE
  5
4D0
330
17
100
AcDbEntity
  8
REZ
100
AcDbLine
 10
163.48877968520895
 20
3.9538130191081464
 30
0.0
 11
163.25509068028657
 21
3.862616891418284
 31
0.0
  0
LINE
  5
4D1
330
17
100
AcDbEntity
  8
REZ
100
AcDbLine
 10
163.25509068028657
 20
3.862616891418284
 30
0.0
 11
163.01368220504418
 21
3.779734880604428
 31
0.0
  0
LINE
  5
4D2
330
17
100
AcDbEntity
  8
REZ
100
AcDbLine
 10
163.01368220504418
 20
3.779734880604428
 30
0.0
 11
162.76501256362036
 21
3.705106841791668
 31
0.0
  0
LINE
  5
4D3
330
17
100
AcDbEntity
  8
REZ
100
AcDbLine
 10
162.76501256362036
 20
3.705106841791668
 30
0.0
 11
162.5094829034092
 21
3.6387193039859937
 31
0.0
  0
LINE
  5
4D4
330
17
100
AcDbEntity
  8
REZ
100
AcDbLine
 10
162.5094829034092
 20
3.6387193039859937
 30
0.0
 11
161.88306249193025
 21
4.265139715464933
 31
0.0
  0
LINE
  5
4D5
330
17
100
AcDbEntity
  8
REZ
100
AcDbLine
 10
161.88306249193025
 20
4.265139715464933
 30
0.0
 11
161.94945002973594
 21
4.520669375676084
 31
0.0
  0
LINE
  5
4D6
330
17
100
AcDbEntity
  8
REZ
100
AcDbLine
 10
161.94945002973594
 20
4.520669375676084
 30
0.0
 11
162.0240780685487
 21
4.769339017099911
 31
0.0
  0
LINE
  5
4D7
330
17
100
AcDbEntity
  8
REZ
100
AcDbLine
 10
162.0240780685487
 20
4.769339017099911
 30
0.0
 11
162.10696007936255
 21
5.010747492342299
 31
0.0
  0
LINE
  5
4D8
330
17
100
AcDbEntity
  8
REZ
100
AcDbLine
 10
162.10696007936255
 20
5.010747492342299
 30
0.0
 11
162.19815620705242
 21
5.24443649726469
 31
0.0
  0
LINE
  5
4D9
330
17
100
AcDbEntity
  8
REZ
100
AcDbLine
 10
162.19815620705242
 20
5.24443649726469
 30
0.0
 11
162.29779526068785
 21
5.469863427831076
 31
0.0
  0
LINE
  5
4DA
330
17
100
AcDbEntity
  8
REZ
100
AcDbLine
 10
162.29779526068785
 20
5.469863427831076
 30
0.0
 11
162.4061121534443
 21
5.6863549925220385
 31
0.0
  0
LINE
  5
4DB
330
17
100
AcDbEntity
  8
REZ
100
AcDbLine
 10
162.4061121534443
 20
5.6863549925220385
 30
0.0
 11
162.5235182188398
 21
5.8930198745163835
 31
0.0
  0
LINE
  5
4DC
330
17
100
AcDbEntity
  8
REZ
100
AcDbLine
 10
162.5235182188398
 20
5.8930198745163835
 30
0.0
 11
162.65075422716137
 21
6.0885583859495265
 31
0.0
  0
LINE
  5
4DD
330
17
100
AcDbEntity
  8
REZ
100
AcDbLine
 10
162.65075422716137
 20
6.0885583859495265
 30
0.0
 11
162.7893206719835
 21
6.270726769746552
 31
0.0
  0
LINE
  5
4DE
330
17
100
AcDbEntity
  8
REZ
100
AcDbLine
 10
162.7893206719835
 20
6.270726769746552
 30
0.0
 11
162.94405836666556
 21
6.433123204961744
 31
0.0
  0
LINE
  5
4DF
330
17
100
AcDbEntity
  8
REZ
100
AcDbLine
 10
162.94405836666556
 20
6.433123204961744
 30
0.0
 11
163.8418253550102
 21
7.15390922607292
 31
0.0
  0
LINE
  5
4E0
330
17
100
AcDbEntity
  8
REZ
100
AcDbLine
 10
163.8418253550102
 20
7.15390922607292
 30
0.0
 11
163.57233359298775
 21
7.505024704059789
 31
0.0
  0
LINE
  5
4E1
330
17
100
AcDbEntity
  8
REZ
100
AcDbLine
 10
163.57233359298775
 20
7.505024704059789
 30
0.0
 11
163.3184446930281
 21
7.867582720323662
 31
0.0
  0
LINE
  5
4E2
330
17
100
AcDbEntity
  8
REZ
100
AcDbLine
 10
163.3184446930281
 20
7.867582720323662
 30
0.0
 11
163.08064383813
 21
8.24089042462351
 31
0.0
  0
LINE
  5
4E3
330
17
100
AcDbEntity
  8
REZ
100
AcDbLine
 10
163.08064383813
 20
8.24089042462351
 30
0.0
 11
162.85938546695488
 21
8.624234424008975
 31
0.0
  0
LINE
  5
4E4
330
17
100
AcDbEntity
  8
REZ
100
AcDbLine
 10
162.85938546695488
 20
8.624234424008975
 30
0.0
 11
161.84990546216622
 21
8.070638747072666
 31
0.0
  0
LINE
  5
4E5
330
17
100
AcDbEntity
  8
REZ
100
AcDbLine
 10
161.84990546216622
 20
8.070638747072666
 30
0.0
 11
161.6406551674009
 21
7.989826183279916
 31
0.0
  0
LINE
  5
4E6
330
17
100
AcDbEntity
  8
REZ
100
AcDbLine
 10
161.6406551674009
 20
7.989826183279916
 30
0.0
 11
161.419326443425
 21
7.931520303395755
 31
0.0
  0
LINE
  5
4E7
330
17
100
AcDbEntity
  8
REZ
100
AcDbLine
 10
161.419326443425
 20
7.931520303395755
 30
0.0
 11
161.18998130250927
 21
7.888798908223812
 31
0.0
  0
LINE
  5
4E8
330
17
100
AcDbEntity
  8
REZ
100
AcDbLine
 10
161.18998130250927
 20
7.888798908223812
 30
0.0
 11
160.95411849185982
 21
7.859417073803152
 31
0.0
  0
LINE
  5
4E9
330
17
100
AcDbEntity
  8
REZ
100
AcDbLine
 10
160.95411849185982
 20
7.859417073803152
 30
0.0
 11
160.71265528597732
 21
7.842193048614263
 31
0.0
  0
LINE
  5
4EA
330
17
100
AcDbEntity
  8
REZ
100
AcDbLine
 10
160.71265528597732
 20
7.842193048614263
 30
0.0
 11
160.4662577437074
 21
7.8364057178583675
 31
0.0
  0
LINE
  5
4EB
330
17
100
AcDbEntity
  8
REZ
100
AcDbLine
 10
160.4662577437074
 20
7.8364057178583675
 30
0.0
 11
160.2154580079239
 21
7.8415803925511005
 31
0.0
  0
LINE
  5
4EC
330
17
100
AcDbEntity
  8
REZ
100
AcDbLine
 10
160.2154580079239
 20
7.8415803925511005
 30
0.0
 11
159.96070808629312
 21
7.85739042305458
 31
0.0
  0
LINE
  5
4ED
330
17
100
AcDbEntity
  8
REZ
100
AcDbLine
 10
159.96070808629312
 20
7.85739042305458
 30
0.0
 11
159.7024083801812
 21
7.883604857349079
 31
0.0
  0
LINE
  5
4EE
330
17
100
AcDbEntity
  8
REZ
100
AcDbLine
 10
159.7024083801812
 20
7.883604857349079
 30
0.0
 11
159.4409243463288
 21
7.920057737397286
 31
0.0
  0
LINE
  5
4EF
330
17
100
AcDbEntity
  8
REZ
100
AcDbLine
 10
159.4409243463288
 20
7.920057737397286
 30
0.0
 11
159.1019080625844
 21
8.738515447478289
 31
0.0
  0
LINE
  5
4F0
330
17
100
AcDbEntity
  8
REZ
100
AcDbLine
 10
159.1019080625844
 20
8.738515447478289
 30
0.0
 11
159.2610291174176
 21
8.949188659663193
 31
0.0
  0
LINE
  5
4F1
330
17
100
AcDbEntity
  8
REZ
100
AcDbLine
 10
159.2610291174176
 20
8.949188659663193
 30
0.0
 11
159.42513818693322
 21
9.150370537688044
 31
0.0
  0
LINE
  5
4F2
330
17
100
AcDbEntity
  8
REZ
100
AcDbLine
 10
159.42513818693322
 20
9.150370537688044
 30
0.0
 11
159.5940942042453
 21
9.341685314559676
 31
0.0
  0
LINE
  5
4F3
330
17
100
AcDbEntity
  8
REZ
100
AcDbLine
 10
159.5940942042453
 20
9.341685314559676
 30
0.0
 11
159.76777735057195
 21
9.522686556017643
 31
0.0
  0
LINE
  5
4F4
330
17
100
AcDbEntity
  8
REZ
100
AcDbLine
 10
159.76777735057195
 20
9.522686556017643
 30
0.0
 11
159.94609898440117
 21
9.692823668201955
 31
0.0
  0
LINE
  5
4F5
330
17
100
AcDbEntity
  8
REZ
100
AcDbLine
 10
159.94609898440117
 20
9.692823668201955
 30
0.0
 11
160.12901847969812
 21
9.851384713478112
 31
0.0
  0
LINE
  5
4F6
330
17
100
AcDbEntity
  8
REZ
100
AcDbLine
 10
160.12901847969812
 20
9.851384713478112
 30
0.0
 11
160.31657476690063
 21
9.997388811955519
 31
0.0
  0
LINE
  5
4F7
330
17
100
AcDbEntity
  8
REZ
100
AcDbLine
 10
160.31657476690063
 20
9.997388811955519
 30
0.0
 11
160.50895485950215
 21
10.12935172810139
 31
0.0
  0
LINE
  5
4F8
330
17
100
AcDbEntity
  8
REZ
100
AcDbLine
 10
160.50895485950215
 20
10.12935172810139
 30
0.0
 11
160.706686384146
 21
10.24462628664697
 31
0.0
  0
LINE
  5
4F9
330
17
100
AcDbEntity
  8
REZ
100
AcDbLine
 10
160.706686384146
 20
10.24462628664697
 30
0.0
 11
160.91179179840276
 21
10.335445477177878
 31
0.0
  0
LINE
  5
4FA
330
17
100
AcDbEntity
  8
REZ
100
AcDbLine
 10
160.91179179840276
 20
10.335445477177878
 30
0.0
 11
162.01705321245828
 21
10.657804376838946
 31
0.0
  0
LINE
  5
4FB
330
17
100
AcDbEntity
  8
REZ
100
AcDbLine
 10
162.01705321245828
 20
10.657804376838946
 30
0.0
 11
161.90244136561788
 21
11.085322812983799
 31
0.0
  0
LINE
  5
4FC
330
17
100
AcDbEntity
  8
REZ
100
AcDbLine
 10
161.90244136561788
 20
11.085322812983799
 30
0.0
 11
161.8066235535087
 21
11.517441819233833
 31
0.0
  0
LINE
  5
4FD
330
17
100
AcDbEntity
  8
REZ
100
AcDbLine
 10
161.8066235535087
 20
11.517441819233833
 30
0.0
 11
161.7297828844644
 21
11.953335613937012
 31
0.0
  0
LINE
  5
4FE
330
17
100
AcDbEntity
  8
REZ
100
AcDbLine
 10
161.7297828844644
 20
11.953335613937012
 30
0.0
 11
161.67206620140033
 21
12.392171201801066
 31
0.0
  0
LINE
  5
4FF
330
17
100
AcDbEntity
  8
REZ
100
AcDbLine
 10
161.67206620140033
 20
12.392171201801066
 30
0.0
 11
160.52757639270422
 21
12.267026759729331
 31
0.0
  0
LINE
  5
500
330
17
100
AcDbEntity
  8
REZ
100
AcDbLine
 10
160.52757639270422
 20
12.267026759729331
 30
0.0
 11
160.30332869890816
 21
12.272442307095643
 31
0.0
  0
LINE
  5
501
330
17
100
AcDbEntity
  8
REZ
100
AcDbLine
 10
160.30332869890816
 20
12.272442307095643
 30
0.0
 11
160.07653492662888
 21
12.303273533817682
 31
0.0
  0
LINE
  5
502
330
17
100
AcDbEntity
  8
REZ
100
AcDbLine
 10
160.07653492662888
 20
12.303273533817682
 30
0.0
 11
159.84829887491608
 21
12.351570696939888
 31
0.0
  0
LINE
  5
503
330
17
100
AcDbEntity
  8
REZ
100
AcDbLine
 10
159.84829887491608
 20
12.351570696939888
 30
0.0
 11
159.61914611043116
 21
12.414686211437619
 31
0.0
  0
LINE
  5
504
330
17
100
AcDbEntity
  8
REZ
100
AcDbLine
 10
159.61914611043116
 20
12.414686211437619
 30
0.0
 11
159.38947184758337
 21
12.491177255515135
 31
0.0
  0
LINE
  5
505
330
17
100
AcDbEntity
  8
REZ
100
AcDbLine
 10
159.38947184758337
 20
12.491177255515135
 30
0.0
 11
159.15961548582118
 21
12.580122716284073
 31
0.0
  0
LINE
  5
506
330
17
100
AcDbEntity
  8
REZ
100
AcDbLine
 10
159.15961548582118
 20
12.580122716284073
 30
0.0
 11
158.92988700544436
 21
12.680880396045977
 31
0.0
  0
LINE
  5
507
330
17
100
AcDbEntity
  8
REZ
100
AcDbLine
 10
158.92988700544436
 20
12.680880396045977
 30
0.0
 11
158.7005790036797
 21
12.79297553404092
 31
0.0
  0
LINE
  5
508
330
17
100
AcDbEntity
  8
REZ
100
AcDbLine
 10
158.7005790036797
 20
12.79297553404092
 30
0.0
 11
158.47197302164253
 21
12.916041531455779
 31
0.0
  0
LINE
  5
509
330
17
100
AcDbEntity
  8
REZ
100
AcDbLine
 10
158.47197302164253
 20
12.916041531455779
 30
0.0
 11
158.24434318794425
 21
13.049785208816708
 31
0.0
  0
LINE
  5
50A
330
17
100
AcDbEntity
  8
REZ
100
AcDbLine
 10
158.24434318794425
 20
13.049785208816708
 30
0.0
 11
158.24434318794425
 21
13.93567745047756
 31
0.0
  0
LINE
  5
50B
330
17
100
AcDbEntity
  8
REZ
100
AcDbLine
 10
158.24434318794425
 20
13.93567745047756
 30
0.0
 11
158.47197302164253
 21
14.069421127838488
 31
0.0
  0
LINE
  5
50C
330
17
100
AcDbEntity
  8
REZ
100
AcDbLine
 10
158.47197302164253
 20
14.069421127838488
 30
0.0
 11
158.7005790036797
 21
14.192487125253347
 31
0.0
  0
LINE
  5
50D
330
17
100
AcDbEntity
  8
REZ
100
AcDbLine
 10
158.7005790036797
 20
14.192487125253347
 30
0.0
 11
158.92988700544436
 21
14.30458226324829
 31
0.0
  0
LINE
  5
50E
330
17
100
AcDbEntity
  8
REZ
100
AcDbLine
 10
158.92988700544436
 20
14.30458226324829
 30
0.0
 11
159.15961548582118
 21
14.405339943010194
 31
0.0
  0
LINE
  5
50F
330
17
100
AcDbEntity
  8
REZ
100
AcDbLine
 10
159.15961548582118
 20
14.405339943010194
 30
0.0
 11
159.38947184758337
 21
14.494285403779132
 31
0.0
  0
LINE
  5
510
330
17
100
AcDbEntity
  8
REZ
100
AcDbLine
 10
159.38947184758337
 20
14.494285403779132
 30
0.0
 11
159.61914611043116
 21
14.570776447856646
 31
0.0
  0
LINE
  5
511
330
17
100
AcDbEntity
  8
REZ
100
AcDbLine
 10
159.61914611043116
 20
14.570776447856646
 30
0.0
 11
159.84829887491608
 21
14.633891962354378
 31
0.0
  0
LINE
  5
512
330
17
100
AcDbEntity
  8
REZ
100
AcDbLine
 10
159.84829887491608
 20
14.633891962354378
 30
0.0
 11
160.07653492662888
 21
14.682189125476583
 31
0.0
  0
LINE
  5
513
330
17
100
AcDbEntity
  8
REZ
100
AcDbLine
 10
160.07653492662888
 20
14.682189125476583
 30
0.0
 11
160.30332869890816
 21
14.713020352198624
 31
0.0
  0
LINE
  5
514
330
17
100
AcDbEntity
  8
REZ
100
AcDbLine
 10
160.30332869890816
 20
14.713020352198624
 30
0.0
 11
160.52757639270422
 21
14.718435899564936
 31
0.0
  0
LINE
  5
515
330
17
100
AcDbEntity
  8
REZ
100
AcDbLine
 10
160.52757639270422
 20
14.718435899564936
 30
0.0
 11
161.67206620140033
 21
14.593291457493201
 31
0.0
  0
CIRCLE
  5
516
330
17
100
AcDbEntity
  8
REZ
100
AcDbCircle
 10
170.07378099104932
 20
5.667550523776686
 30
0.0
 40
0.7
  0
CIRCLE
  5
517
330
17
100
AcDbEntity
  8
REZ
100
AcDbCircle
 10
171.7370745175914
 20
13.492731329647132
 30
0.0
 40
1.2
  0
CIRCLE
  5
518
330
17
100
AcDbEntity
  8
REZ
100
AcDbCircle
 10
173.40036804413347
 20
21.317912135517577
 30
0.0
 40
0.7
  0
CIRCLE
  5
519
330
17
100
AcDbEntity
  8
REZ
100
AcDbCircle
 10
173.81619142576898
 20
23.27420733698519
 30
0.0
 40
0.7
  0
CIRCLE
  5
51A
330
17
100
AcDbEntity
  8
REZ
100
AcDbCircle
 10
174.2320148074045
 20
25.2305025384528
 30
0.0
 40
0.7
  0
CIRCLE
  5
51B
330
17
100
AcDbEntity
  8
REZ
100
AcDbCircle
 10
174.64783818904002
 20
27.18679773992041
 30
0.0
 40
0.7
  0
CIRCLE
  5
51C
330
17
100
AcDbEntity
  8
REZ
100
AcDbCircle
 10
178.59816031457746
 20
45.771602153862716
 30
0.0
 40
1.65
  0
TEXT
  5
51D
330
17
100
AcDbEntity
  8
TEXT
100
AcDbText
 10
159.24434318794425
 20
1.0
 30
0.0
 40
3.0
  1
18
 11
159.24434318794425
 21
1.0
 31
0.0
100
AcDbText
  0
LINE
  5
51E
330
17
100
AcDbEntity
  8
REZ
100
AcDbLine
 10
212.63601326253644
 20
14.204059321812625
 30
0.0
 11
212.66501816550203
 21
13.762395870433776
 31
0.0
  0
LINE
  5
51F
330
17
100
AcDbEntity
  8
REZ
100
AcDbLine
 10
212.66501816550203
 20
13.762395870433776
 30
0.0
 11
212.67469262914054
 21
13.319886781902017
 31
0.0
  0
LINE
  5
520
330
17
100
AcDbEntity
  8
REZ
100
AcDbLine
 10
212.67469262914054
 20
13.319886781902017
 30
0.0
 11
212.66501816550203
 21
12.877377693370248
 31
0.0
  0
LINE
  5
521
330
17
100
AcDbEntity
  8
REZ
100
AcDbLine
 10
212.66501816550203
 20
12.877377693370248
 30
0.0
 11
212.63601326253644
 21
12.435714241991409
 31
0.0
  0
LINE
  5
522
330
17
100
AcDbEntity
  8
REZ
100
AcDbLine
 10
212.63601326253644
 20
12.435714241991409
 30
0.0
 11
213.7829264899794
 21
12.335175183376942
 31
0.0
  0
LINE
  5
523
330
17
100
AcDbEntity
  8
REZ
100
AcDbLine
 10
213.7829264899794
 20
12.335175183376942
 30
0.0
 11
214.00180880633934
 21
12.28611513944069
 31
0.0
  0
LINE
  5
524
330
17
100
AcDbEntity
  8
REZ
100
AcDbLine
 10
214.00180880633934
 20
12.28611513944069
 30
0.0
 11
214.21822992592865
 21
12.211631056029718
 31
0.0
  0
LINE
  5
525
330
17
100
AcDbEntity
  8
REZ
100
AcDbLine
 10
214.21822992592865
 20
12.211631056029718
 30
0.0
 11
214.43265817679992
 21
12.119735264529881
 31
0.0
  0
LINE
  5
526
330
17
100
AcDbEntity
  8
REZ
100
AcDbLine
 10
214.43265817679992
 20
12.119735264529881
 30
0.0
 11
214.64509460912285
 21
12.013127010331193
 31
0.0
  0
LINE
  5
527
330
17
100
AcDbEntity
  8
REZ
100
AcDbLine
 10
214.64509460912285
 20
12.013127010331193
 30
0.0
 11
214.85543308299103
 21
11.893298494319495
 31
0.0
  0
LINE
  5
528
330
17
100
AcDbEntity
  8
REZ
100
AcDbLine
 10
214.85543308299103
 20
11.893298494319495
 30
0.0
 11
215.06352042063114
 21
11.761219344004997
 31
0.0
  0
LINE
  5
529
330
17
100
AcDbEntity
  8
REZ
100
AcDbLine
 10
215.06352042063114
 20
11.761219344004997
 30
0.0
 11
215.26917788448378
 21
11.617579891593945
 31
0.0
  0
LINE
  5
52A
330
17
100
AcDbEntity
  8
REZ
100
AcDbLine
 10
215.26917788448378
 20
11.617579891593945
 30
0.0
 11
215.47221112072535
 21
11.462902858338595
 31
0.0
  0
LINE
  5
52B
330
17
100
AcDbEntity
  8
REZ
100
AcDbLine
 10
215.47221112072535
 20
11.462902858338595
 30
0.0
 11
215.67241551785463
 21
11.297602724905515
 31
0.0
  0
LINE
  5
52C
330
17
100
AcDbEntity
  8
REZ
100
AcDbLine
 10
215.67241551785463
 20
11.297602724905515
 30
0.0
 11
215.86957941104257
 21
11.122020517246249
 31
0.0
  0
LINE
  5
52D
330
17
100
AcDbEntity
  8
REZ
100
AcDbLine
 10
215.86957941104257
 20
11.122020517246249
 30
0.0
 11
215.69675040834534
 21
10.253150446601854
 31
0.0
  0
LINE
  5
52E
330
17
100
AcDbEntity
  8
REZ
100
AcDbLine
 10
215.69675040834534
 20
10.253150446601854
 30
0.0
 11
215.44740232098948
 21
10.166384994055935
 31
0.0
  0
LINE
  5
52F
330
17
100
AcDbEntity
  8
REZ
100
AcDbLine
 10
215.44740232098948
 20
10.166384994055935
 30
0.0
 11
215.1991799537304
 21
10.090282489923744
 31
0.0
  0
LINE
  5
530
330
17
100
AcDbEntity
  8
REZ
100
AcDbLine
 10
215.1991799537304
 20
10.090282489923744
 30
0.0
 11
214.9524093643531
 21
10.025077000478676
 31
0.0
  0
LINE
  5
531
330
17
100
AcDbEntity
  8
REZ
100
AcDbLine
 10
214.9524093643531
 20
10.025077000478676
 30
0.0
 11
214.70743820411974
 21
9.971073154493602
 31
0.0
  0
LINE
  5
532
330
17
100
AcDbEntity
  8
REZ
100
AcDbLine
 10
214.70743820411974
 20
9.971073154493602
 30
0.0
 11
214.46464606931306
 21
9.928679507446383
 31
0.0
  0
LINE
  5
533
330
17
100
AcDbEntity
  8
REZ
100
AcDbLine
 10
214.46464606931306
 20
9.928679507446383
 30
0.0
 11
214.22446227060405
 21
9.898465443230279
 31
0.0
  0
LINE
  5
534
330
17
100
AcDbEntity
  8
REZ
100
AcDbLine
 10
214.22446227060405
 20
9.898465443230279
 30
0.0
 11
213.98739938618596
 21
9.881268162260085
 31
0.0
  0
LINE
  5
535
330
17
100
AcDbEntity
  8
REZ
100
AcDbLine
 10
213.98739938618596
 20
9.881268162260085
 30
0.0
 11
213.75412651710272
 21
9.878425660408926
 31
0.0
  0
LINE
  5
536
330
17
100
AcDbEntity
  8
REZ
100
AcDbLine
 10
213.75412651710272
 20
9.878425660408926
 30
0.0
 11
213.52567564961473
 21
9.892432117128395
 31
0.0
  0
LINE
  5
537
330
17
100
AcDbEntity
  8
REZ
100
AcDbLine
 10
213.52567564961473
 20
9.892432117128395
 30
0.0
 11
213.30468029149557
 21
9.930869182780237
 31
0.0
  0
LINE
  5
538
330
17
100
AcDbEntity
  8
REZ
100
AcDbLine
 10
213.30468029149557
 20
9.930869182780237
 30
0.0
 11
212.20659600305726
 21
10.27688789481117
 31
0.0
  0
LINE
  5
539
330
17
100
AcDbEntity
  8
REZ
100
AcDbLine
 10
212.20659600305726
 20
10.27688789481117
 30
0.0
 11
212.06437575372576
 21
9.85774437600169
 31
0.0
  0
LINE
  5
53A
330
17
100
AcDbEntity
  8
REZ
100
AcDbLine
 10
212.06437575372576
 20
9.85774437600169
 30
0.0
 11
211.9039728958173
 21
9.445217029205487
 31
0.0
  0
LINE
  5
53B
330
17
100
AcDbEntity
  8
REZ
100
AcDbLine
 10
211.9039728958173
 20
9.445217029205487
 30
0.0
 11
211.72569396002157
 21
9.04009419631224
 31
0.0
  0
LINE
  5
53C
330
17
100
AcDbEntity
  8
REZ
100
AcDbLine
 10
211.72569396002157
 20
9.04009419631224
 30
0.0
 11
211.52987963830535
 21
8.643150069147321
 31
0.0
  0
LINE
  5
53D
330
17
100
AcDbEntity
  8
REZ
100
AcDbLine
 10
211.52987963830535
 20
8.643150069147321
 30
0.0
 11
212.55101466266902
 21
8.11135940017267
 31
0.0
  0
LINE
  5
53E
330
17
100
AcDbEntity
  8
REZ
100
AcDbLine
 10
212.55101466266902
 20
8.11135940017267
 30
0.0
 11
212.73446108877712
 21
7.982271193607215
 31
0.0
  0
LINE
  5
53F
330
17
100
AcDbEntity
  8
REZ
100
AcDbLine
 10
212.73446108877712
 20
7.982271193607215
 30
0.0
 11
212.90590430687257
 21
7.8306360965652235
 31
0.0
  0
LINE
  5
540
330
17
100
AcDbEntity
  8
REZ
100
AcDbLine
 10
212.90590430687257
 20
7.8306360965652235
 30
0.0
 11
213.0688431821337
 21
7.663677316635136
 31
0.0
  0
LINE
  5
541
330
17
100
AcDbEntity
  8
REZ
100
AcDbLine
 10
213.0688431821337
 20
7.663677316635136
 30
0.0
 11
213.22431164128136
 21
7.483888229503475
 31
0.0
  0
LINE
  5
542
330
17
100
AcDbEntity
  8
REZ
100
AcDbLine
 10
213.22431164128136
 20
7.483888229503475
 30
0.0
 11
213.37278266438526
 21
7.2926880670107606
 31
0.0
  0
LINE
  5
543
330
17
100
AcDbEntity
  8
REZ
100
AcDbLine
 10
213.37278266438526
 20
7.2926880670107606
 30
0.0
 11
213.5144857940195
 21
7.091031266763887
 31
0.0
  0
LINE
  5
544
330
17
100
AcDbEntity
  8
REZ
100
AcDbLine
 10
213.5144857940195
 20
7.091031266763887
 30
0.0
 11
213.64952007690943
 21
6.879624012461561
 31
0.0
  0
LINE
  5
545
330
17
100
AcDbEntity
  8
REZ
100
AcDbLine
 10
213.64952007690943
 20
6.879624012461561
 30
0.0
 11
213.77790599029834
 21
6.659023611558259
 31
0.0
  0
LINE
  5
546
330
17
100
AcDbEntity
  8
REZ
100
AcDbLine
 10
213.77790599029834
 20
6.659023611558259
 30
0.0
 11
213.89961311269224
 21
6.429691295690033
 31
0.0
  0
LINE
  5
547
330
17
100
AcDbEntity
  8
REZ
100
AcDbLine
 10
213.89961311269224
 20
6.429691295690033
 30
0.0
 11
214.01457639626955
 21
6.192023132376869
 31
0.0
  0
LINE
  5
548
330
17
100
AcDbEntity
  8
REZ
100
AcDbLine
 10
214.01457639626955
 20
6.192023132376869
 30
0.0
 11
213.52240103713976
 21
5.4554306536612795
 31
0.0
  0
LINE
  5
549
330
17
100
AcDbEntity
  8
REZ
100
AcDbLine
 10
213.52240103713976
 20
5.4554306536612795
 30
0.0
 11
213.25882974156985
 21
5.470691209848036
 31
0.0
  0
LINE
  5
54A
330
17
100
AcDbEntity
  8
REZ
100
AcDbLine
 10
213.25882974156985
 20
5.470691209848036
 30
0.0
 11
213.0003790094548
 21
5.495372251399944
 31
0.0
  0
LINE
  5
54B
330
17
100
AcDbEntity
  8
REZ
100
AcDbLine
 10
213.0003790094548
 20
5.495372251399944
 30
0.0
 11
212.74743965219346
 21
5.529565250443936
 31
0.0
  0
LINE
  5
54C
330
17
100
AcDbEntity
  8
REZ
100
AcDbLine
 10
212.74743965219346
 20
5.529565250443936
 30
0.0
 11
212.50044943405587
 21
5.573418606889984
 31
0.0
  0
LINE
  5
54D
330
17
100
AcDbEntity
  8
REZ
100
AcDbLine
 10
212.50044943405587
 20
5.573418606889984
 30
0.0
 11
212.25991540369074
 21
5.627164511573615
 31
0.0
  0
LINE
  5
54E
330
17
100
AcDbEntity
  8
REZ
100
AcDbLine
 10
212.25991540369074
 20
5.627164511573615
 30
0.0
 11
212.02645208622275
 21
5.691164716538834
 31
0.0
  0
LINE
  5
54F
330
17
100
AcDbEntity
  8
REZ
100
AcDbLine
 10
212.02645208622275
 20
5.691164716538834
 30
0.0
 11
211.80085342488178
 21
5.7659965389311045
 31
0.0
  0
LINE
  5
550
330
17
100
AcDbEntity
  8
REZ
100
AcDbLine
 10
211.80085342488178
 20
5.7659965389311045
 30
0.0
 11
211.58424961728068
 21
5.852640071868117
 31
0.0
  0
LINE
  5
551
330
17
100
AcDbEntity
  8
REZ
100
AcDbLine
 10
211.58424961728068
 20
5.852640071868117
 30
0.0
 11
211.37854857555675
 21
5.953004712651334
 31
0.0
  0
LINE
  5
552
330
17
100
AcDbEntity
  8
REZ
100
AcDbLine
 10
211.37854857555675
 20
5.953004712651334
 30
0.0
 11
211.18908471562415
 21
6.073087193078646
 31
0.0
  0
LINE
  5
553
330
17
100
AcDbEntity
  8
REZ
100
AcDbLine
 10
211.18908471562415
 20
6.073087193078646
 30
0.0
 11
210.3070027449463
 21
6.812985463515702
 31
0.0
  0
LINE
  5
554
330
17
100
AcDbEntity
  8
REZ
100
AcDbLine
 10
210.3070027449463
 20
6.812985463515702
 30
0.0
 11
210.01520908704867
 21
6.480172678468852
 31
0.0
  0
LINE
  5
555
330
17
100
AcDbEntity
  8
REZ
100
AcDbLine
 10
210.01520908704867
 20
6.480172678468852
 30
0.0
 11
209.70914878865435
 21
6.160430622388231
 31
0.0
  0
LINE
  5
556
330
17
100
AcDbEntity
  8
REZ
100
AcDbLine
 10
209.70914878865435
 20
6.160430622388231
 30
0.0
 11
209.38940673257372
 21
5.854370323993874
 31
0.0
  0
LINE
  5
557
330
17
100
AcDbEntity
  8
REZ
100
AcDbLine
 10
209.38940673257372
 20
5.854370323993874
 30
0.0
 11
209.05659394752686
 21
5.562576666096261
 31
0.0
  0
LINE
  5
558
330
17
100
AcDbEntity
  8
REZ
100
AcDbLine
 10
209.05659394752686
 20
5.562576666096261
 30
0.0
 11
209.7964922179639
 21
4.6804946954184015
 31
0.0
  0
LINE
  5
559
330
17
100
AcDbEntity
  8
REZ
100
AcDbLine
 10
209.7964922179639
 20
4.6804946954184015
 30
0.0
 11
209.91657469839123
 21
4.491030835485825
 31
0.0
  0
LINE
  5
55A
330
17
100
AcDbEntity
  8
REZ
100
AcDbLine
 10
209.91657469839123
 20
4.491030835485825
 30
0.0
 11
210.01693933917446
 21
4.28532979376188
 31
0.0
  0
LINE
  5
55B
330
17
100
AcDbEntity
  8
REZ
100
AcDbLine
 10
210.01693933917446
 20
4.28532979376188
 30
0.0
 11
210.10358287211145
 21
4.068725986160789
 31
0.0
  0
LINE
  5
55C
330
17
100
AcDbEntity
  8
REZ
100
AcDbLine
 10
210.10358287211145
 20
4.068725986160789
 30
0.0
 11
210.17841469450372
 21
3.8431273248198163
 31
0.0
  0
LINE
  5
55D
330
17
100
AcDbEntity
  8
REZ
100
AcDbLine
 10
210.17841469450372
 20
3.8431273248198163
 30
0.0
 11
210.24241489946894
 21
3.609664007351812
 31
0.0
  0
LINE
  5
55E
330
17
100
AcDbEntity
  8
REZ
100
AcDbLine
 10
210.24241489946894
 20
3.609664007351812
 30
0.0
 11
210.29616080415258
 21
3.3691299769867022
 31
0.0
  0
LINE
  5
55F
330
17
100
AcDbEntity
  8
REZ
100
AcDbLine
 10
210.29616080415258
 20
3.3691299769867022
 30
0.0
 11
210.34001416059863
 21
3.1221397588490998
 31
0.0
  0
LINE
  5
560
330
17
100
AcDbEntity
  8
REZ
100
AcDbLine
 10
210.34001416059863
 20
3.1221397588490998
 30
0.0
 11
210.37420715964262
 21
2.8692004015877597
 31
0.0
  0
LINE
  5
561
330
17
100
AcDbEntity
  8
REZ
100
AcDbLine
 10
210.37420715964262
 20
2.8692004015877597
 30
0.0
 11
210.39888820119452
 21
2.610749669472707
 31
0.0
  0
LINE
  5
562
330
17
100
AcDbEntity
  8
REZ
100
AcDbLine
 10
210.39888820119452
 20
2.610749669472707
 30
0.0
 11
210.41414875738127
 21
2.3471783739028087
 31
0.0
  0
LINE
  5
563
330
17
100
AcDbEntity
  8
REZ
100
AcDbLine
 10
210.41414875738127
 20
2.3471783739028087
 30
0.0
 11
209.6775562786657
 21
1.8550030147730237
 31
0.0
  0
LINE
  5
564
330
17
100
AcDbEntity
  8
REZ
100
AcDbLine
 10
209.6775562786657
 20
1.8550030147730237
 30
0.0
 11
209.43988811535252
 21
1.969966298350311
 31
0.0
  0
LINE
  5
565
330
17
100
AcDbEntity
  8
REZ
100
AcDbLine
 10
209.43988811535252
 20
1.969966298350311
 30
0.0
 11
209.2105557994843
 21
2.091673420744236
 31
0.0
  0
LINE
  5
566
330
17
100
AcDbEntity
  8
REZ
100
AcDbLine
 10
209.2105557994843
 20
2.091673420744236
 30
0.0
 11
208.989955398581
 21
2.220059334133147
 31
0.0
  0
LINE
  5
567
330
17
100
AcDbEntity
  8
REZ
100
AcDbLine
 10
208.989955398581
 20
2.220059334133147
 30
0.0
 11
208.7785481442787
 21
2.3550936170230727
 31
0.0
  0
LINE
  5
568
330
17
100
AcDbEntity
  8
REZ
100
AcDbLine
 10
208.7785481442787
 20
2.3550936170230727
 30
0.0
 11
208.5768913440318
 21
2.4967967466573118
 31
0.0
  0
LINE
  5
569
330
17
100
AcDbEntity
  8
REZ
100
AcDbLine
 10
208.5768913440318
 20
2.4967967466573118
 30
0.0
 11
208.38569118153907
 21
2.645267769761201
 31
0.0
  0
LINE
  5
56A
330
17
100
AcDbEntity
  8
REZ
100
AcDbLine
 10
208.38569118153907
 20
2.645267769761201
 30
0.0
 11
208.20590209440743
 21
2.800736228908873
 31
0.0
  0
LINE
  5
56B
330
17
100
AcDbEntity
  8
REZ
100
AcDbLine
 10
208.20590209440743
 20
2.800736228908873
 30
0.0
 11
208.03894331447734
 21
2.963675104169978
 31
0.0
  0
LINE
  5
56C
330
17
100
AcDbEntity
  8
REZ
100
AcDbLine
 10
208.03894331447734
 20
2.963675104169978
 30
0.0
 11
207.88730821743533
 21
3.135118322265434
 31
0.0
  0
LINE
  5
56D
330
17
100
AcDbEntity
  8
REZ
100
AcDbLine
 10
207.88730821743533
 20
3.135118322265434
 30
0.0
 11
207.75822001086988
 21
3.318564748373552
 31
0.0
  0
LINE
  5
56E
330
17
100
AcDbEntity
  8
REZ
100
AcDbLine
 10
207.75822001086988
 20
3.318564748373552
 30
0.0
 11
207.22642934189525
 21
4.339699772737214
 31
0.0
  0
LINE
  5
56F
330
17
100
AcDbEntity
  8
REZ
100
AcDbLine
 10
207.22642934189525
 20
4.339699772737214
 30
0.0
 11
206.8294852147303
 21
4.143885451020971
 31
0.0
  0
LINE
  5
570
330
17
100
AcDbEntity
  8
REZ
100
AcDbLine
 10
206.8294852147303
 20
4.143885451020971
 30
0.0
 11
206.42436238183708
 21
3.9656065152252413
 31
0.0
  0
LINE
  5
571
330
17
100
AcDbEntity
  8
REZ
100
AcDbLine
 10
206.42436238183708
 20
3.9656065152252413
 30
0.0
 11
206.01183503504086
 21
3.805203657316804
 31
0.0
  0
LINE
  5
572
330
17
100
AcDbEntity
  8
REZ
100
AcDbLine
 10
206.01183503504086
 20
3.805203657316804
 30
0.0
 11
205.59269151623138
 21
3.662983407985312
 31
0.0
  0
LINE
  5
573
330
17
100
AcDbEntity
  8
REZ
100
AcDbLine
 10
205.59269151623138
 20
3.662983407985312
 30
0.0
 11
205.93871022826232
 21
2.564899119546972
 31
0.0
  0
LINE
  5
574
330
17
100
AcDbEntity
  8
REZ
100
AcDbLine
 10
205.93871022826232
 20
2.564899119546972
 30
0.0
 11
205.97714729391416
 21
2.343903761427841
 31
0.0
  0
LINE
  5
575
330
17
100
AcDbEntity
  8
REZ
100
AcDbLine
 10
205.97714729391416
 20
2.343903761427841
 30
0.0
 11
205.99115375063363
 21
2.1154528939398283
 31
0.0
  0
LINE
  5
576
330
17
100
AcDbEntity
  8
REZ
100
AcDbLine
 10
205.99115375063363
 20
2.1154528939398283
 30
0.0
 11
205.98831124878245
 21
1.8821800248565914
 31
0.0
  0
LINE
  5
577
330
17
100
AcDbEntity
  8
REZ
100
AcDbLine
 10
205.98831124878245
 20
1.8821800248565914
 30
0.0
 11
205.97111396781227
 21
1.645117140438515
 31
0.0
  0
LINE
  5
578
330
17
100
AcDbEntity
  8
REZ
100
AcDbLine
 10
205.97111396781227
 20
1.645117140438515
 30
0.0
 11
205.94089990359618
 21
1.4049333417294818
 31
0.0
  0
LINE
  5
579
330
17
100
AcDbEntity
  8
REZ
100
AcDbLine
 10
205.94089990359618
 20
1.4049333417294818
 30
0.0
 11
205.89850625654896
 21
1.1621412069228079
 31
0.0
  0
LINE
  5
57A
330
17
100
AcDbEntity
  8
REZ
100
AcDbLine
 10
205.89850625654896
 20
1.1621412069228079
 30
0.0
 11
205.84450241056388
 21
0.9171700466894777
 31
0.0
  0
LINE
  5
57B
330
17
100
AcDbEntity
  8
REZ
100
AcDbLine
 10
205.84450241056388
 20
0.9171700466894777
 30
0.0
 11
205.7792969211188
 21
0.6703994573121541
 31
0.0
  0
LINE
  5
57C
330
17
100
AcDbEntity
  8
REZ
100
AcDbLine
 10
205.7792969211188
 20
0.6703994573121541
 30
0.0
 11
205.7031944169866
 21
0.4221770900530686
 31
0.0
  0
LINE
  5
57D
330
17
100
AcDbEntity
  8
REZ
100
AcDbLine
 10
205.7031944169866
 20
0.4221770900530686
 30
0.0
 11
205.6164289644407
 21
0.1728290026972079
 31
0.0
  0
LINE
  5
57E
330
17
100
AcDbEntity
  8
REZ
100
AcDbLine
 10
205.6164289644407
 20
0.1728290026972079
 30
0.0
 11
204.7475588937963
 21
0.0
 31
0.0
  0
LINE
  5
57F
330
17
100
AcDbEntity
  8
REZ
100
AcDbLine
 10
204.7475588937963
 20
0.0
 30
0.0
 11
204.57197668613705
 21
0.19716389318793404
 31
0.0
  0
LINE
  5
580
330
17
100
AcDbEntity
  8
REZ
100
AcDbLine
 10
204.57197668613705
 20
0.19716389318793404
 30
0.0
 11
204.40667655270394
 21
0.39736829031721577
 31
0.0
  0
LINE
  5
581
330
17
100
AcDbEntity
  8
REZ
100
AcDbLine
 10
204.40667655270394
 20
0.39736829031721577
 30
0.0
 11
204.25199951944862
 21
0.6004015265587874
 31
0.0
  0
LINE
  5
582
330
17
100
AcDbEntity
  8
REZ
100
AcDbLine
 10
204.25199951944862
 20
0.6004015265587874
 30
0.0
 11
204.10836006703755
 21
0.8060589904114241
 31
0.0
  0
LINE
  5
583
330
17
100
AcDbEntity
  8
REZ
100
AcDbLine
 10
204.10836006703755
 20
0.8060589904114241
 30
0.0
 11
203.97628091672306
 21
1.0141463280515257
 31
0.0
  0
LINE
  5
584
330
17
100
AcDbEntity
  8
REZ
100
AcDbLine
 10
203.97628091672306
 20
1.0141463280515257
 30
0.0
 11
203.85645240071136
 21
1.2244848019196937
 31
0.0
  0
LINE
  5
585
330
17
100
AcDbEntity
  8
REZ
100
AcDbLine
 10
203.85645240071136
 20
1.2244848019196937
 30
0.0
 11
203.74984414651266
 21
1.4369212342426252
 31
0.0
  0
LINE
  5
586
330
17
100
AcDbEntity
  8
REZ
100
AcDbLine
 10
203.74984414651266
 20
1.4369212342426252
 30
0.0
 11
203.65794835501282
 21
1.6513494851139043
 31
0.0
  0
LINE
  5
587
330
17
100
AcDbEntity
  8
REZ
100
AcDbLine
 10
203.65794835501282
 20
1.6513494851139043
 30
0.0
 11
203.58346427160185
 21
1.8677706047032068
 31
0.0
  0
LINE
  5
588
330
17
100
AcDbEntity
  8
REZ
100
AcDbLine
 10
203.58346427160185
 20
1.8677706047032068
 30
0.0
 11
203.53440422766562
 21
2.0866529210631644
 31
0.0
  0
LINE
  5
589
330
17
100
AcDbEntity
  8
REZ
100
AcDbLine
 10
203.53440422766562
 20
2.0866529210631644
 30
0.0
 11
203.43386516905113
 21
3.233566148506112
 31
0.0
  0
LINE
  5
58A
330
17
100
AcDbEntity
  8
REZ
100
AcDbLine
 10
203.43386516905113
 20
3.233566148506112
 30
0.0
 11
202.9922017176723
 21
3.2045612455405337
 31
0.0
  0
LINE
  5
58B
330
17
100
AcDbEntity
  8
REZ
100
AcDbLine
 10
202.9922017176723
 20
3.2045612455405337
 30
0.0
 11
202.54969262914054
 21
3.194886781902019
 31
0.0
  0
LINE
  5
58C
330
17
100
AcDbEntity
  8
REZ
100
AcDbLine
 10
202.54969262914054
 20
3.194886781902019
 30
0.0
 11
202.10718354060876
 21
3.2045612455405337
 31
0.0
  0
LINE
  5
58D
330
17
100
AcDbEntity
  8
REZ
100
AcDbLine
 10
202.10718354060876
 20
3.2045612455405337
 30
0.0
 11
201.66552008922991
 21
3.233566148506112
 31
0.0
  0
LINE
  5
58E
330
17
100
AcDbEntity
  8
REZ
100
AcDbLine
 10
201.66552008922991
 20
3.233566148506112
 30
0.0
 11
201.56498103061546
 21
2.0866529210631644
 31
0.0
  0
LINE
  5
58F
330
17
100
AcDbEntity
  8
REZ
100
AcDbLine
 10
201.56498103061546
 20
2.0866529210631644
 30
0.0
 11
201.51592098667922
 21
1.8677706047032085
 31
0.0
  0
LINE
  5
590
330
17
100
AcDbEntity
  8
REZ
100
AcDbLine
 10
201.51592098667922
 20
1.8677706047032085
 30
0.0
 11
201.44143690326823
 21
1.6513494851139043
 31
0.0
  0
LINE
  5
591
330
17
100
AcDbEntity
  8
REZ
100
AcDbLine
 10
201.44143690326823
 20
1.6513494851139043
 30
0.0
 11
201.3495411117684
 21
1.4369212342426252
 31
0.0
  0
LINE
  5
592
330
17
100
AcDbEntity
  8
REZ
100
AcDbLine
 10
201.3495411117684
 20
1.4369212342426252
 30
0.0
 11
201.2429328575697
 21
1.2244848019196954
 31
0.0
  0
LINE
  5
593
330
17
100
AcDbEntity
  8
REZ
100
AcDbLine
 10
201.2429328575697
 20
1.2244848019196954
 30
0.0
 11
201.12310434155802
 21
1.0141463280515257
 31
0.0
  0
LINE
  5
594
330
17
100
AcDbEntity
  8
REZ
100
AcDbLine
 10
201.12310434155802
 20
1.0141463280515257
 30
0.0
 11
200.99102519124352
 21
0.8060589904114241
 31
0.0
  0
LINE
  5
595
330
17
100
AcDbEntity
  8
REZ
100
AcDbLine
 10
200.99102519124352
 20
0.8060589904114241
 30
0.0
 11
200.84738573883246
 21
0.6004015265587892
 31
0.0
  0
LINE
  5
596
330
17
100
AcDbEntity
  8
REZ
100
AcDbLine
 10
200.84738573883246
 20
0.6004015265587892
 30
0.0
 11
200.6927087055771
 21
0.39736829031721754
 31
0.0
  0
LINE
  5
597
330
17
100
AcDbEntity
  8
REZ
100
AcDbLine
 10
200.6927087055771
 20
0.39736829031721754
 30
0.0
 11
200.52740857214403
 21
0.1971638931879358
 31
0.0
  0
LINE
  5
598
330
17
100
AcDbEntity
  8
REZ
100
AcDbLine
 10
200.52740857214403
 20
0.1971638931879358
 30
0.0
 11
200.35182636448477
 21
1.7763568394002505e-15
 31
0.0
  0
LINE
  5
599
330
17
100
AcDbEntity
  8
REZ
100
AcDbLine
 10
200.35182636448477
 20
1.7763568394002505e-15
 30
0.0
 11
199.48295629384037
 21
0.1728290026972079
 31
0.0
  0
LINE
  5
59A
330
17
100
AcDbEntity
  8
REZ
100
AcDbLine
 10
199.48295629384037
 20
0.1728290026972079
 30
0.0
 11
199.39619084129444
 21
0.42217709005307036
 31
0.0
  0
LINE
  5
59B
330
17
100
AcDbEntity
  8
REZ
100
AcDbLine
 10
199.39619084129444
 20
0.42217709005307036
 30
0.0
 11
199.32008833716228
 21
0.6703994573121541
 31
0.0
  0
LINE
  5
59C
330
17
100
AcDbEntity
  8
REZ
100
AcDbLine
 10
199.32008833716228
 20
0.6703994573121541
 30
0.0
 11
199.2548828477172
 21
0.9171700466894777
 31
0.0
  0
LINE
  5
59D
330
17
100
AcDbEntity
  8
REZ
100
AcDbLine
 10
199.2548828477172
 20
0.9171700466894777
 30
0.0
 11
199.20087900173212
 21
1.1621412069228096
 31
0.0
  0
LINE
  5
59E
330
17
100
AcDbEntity
  8
REZ
100
AcDbLine
 10
199.20087900173212
 20
1.1621412069228096
 30
0.0
 11
199.1584853546849
 21
1.4049333417294836
 31
0.0
  0
LINE
  5
59F
330
17
100
AcDbEntity
  8
REZ
100
AcDbLine
 10
199.1584853546849
 20
1.4049333417294836
 30
0.0
 11
199.1282712904688
 21
1.645117140438515
 31
0.0
  0
LINE
  5
5A0
330
17
100
AcDbEntity
  8
REZ
100
AcDbLine
 10
199.1282712904688
 20
1.645117140438515
 30
0.0
 11
199.1110740094986
 21
1.8821800248565932
 31
0.0
  0
LINE
  5
5A1
330
17
100
AcDbEntity
  8
REZ
100
AcDbLine
 10
199.1110740094986
 20
1.8821800248565932
 30
0.0
 11
199.10823150764745
 21
2.1154528939398283
 31
0.0
  0
LINE
  5
5A2
330
17
100
AcDbEntity
  8
REZ
100
AcDbLine
 10
199.10823150764745
 20
2.1154528939398283
 30
0.0
 11
199.12223796436692
 21
2.3439037614278426
 31
0.0
  0
LINE
  5
5A3
330
17
100
AcDbEntity
  8
REZ
100
AcDbLine
 10
199.12223796436692
 20
2.3439037614278426
 30
0.0
 11
199.16067503001875
 21
2.564899119546972
 31
0.0
  0
LINE
  5
5A4
330
17
100
AcDbEntity
  8
REZ
100
AcDbLine
 10
199.16067503001875
 20
2.564899119546972
 30
0.0
 11
199.5066937420497
 21
3.6629834079853136
 31
0.0
  0
LINE
  5
5A5
330
17
100
AcDbEntity
  8
REZ
100
AcDbLine
 10
199.5066937420497
 20
3.6629834079853136
 30
0.0
 11
199.0875502232402
 21
3.8052036573168024
 31
0.0
  0
LINE
  5
5A6
330
17
100
AcDbEntity
  8
REZ
100
AcDbLine
 10
199.0875502232402
 20
3.8052036573168024
 30
0.0
 11
198.67502287644402
 21
3.9656065152252395
 31
0.0
  0
LINE
  5
5A7
330
17
100
AcDbEntity
  8
REZ
100
AcDbLine
 10
198.67502287644402
 20
3.9656065152252395
 30
0.0
 11
198.26990004355076
 21
4.143885451020973
 31
0.0
  0
LINE
  5
5A8
330
17
100
AcDbEntity
  8
REZ
100
AcDbLine
 10
198.26990004355076
 20
4.143885451020973
 30
0.0
 11
197.87295591638585
 21
4.339699772737211
 31
0.0
  0
LINE
  5
5A9
330
17
100
AcDbEntity
  8
REZ
100
AcDbLine
 10
197.87295591638585
 20
4.339699772737211
 30
0.0
 11
197.3411652474112
 21
3.3185647483735483
 31
0.0
  0
LINE
  5
5AA
330
17
100
AcDbEntity
  8
REZ
100
AcDbLine
 10
197.3411652474112
 20
3.3185647483735483
 30
0.0
 11
197.21207704084574
 21
3.1351183222654324
 31
0.0
  0
LINE
  5
5AB
330
17
100
AcDbEntity
  8
REZ
100
AcDbLine
 10
197.21207704084574
 20
3.1351183222654324
 30
0.0
 11
197.06044194380374
 21
2.963675104169976
 31
0.0
  0
LINE
  5
5AC
330
17
100
AcDbEntity
  8
REZ
100
AcDbLine
 10
197.06044194380374
 20
2.963675104169976
 30
0.0
 11
196.89348316387367
 21
2.8007362289088693
 31
0.0
  0
LINE
  5
5AD
330
17
100
AcDbEntity
  8
REZ
100
AcDbLine
 10
196.89348316387367
 20
2.8007362289088693
 30
0.0
 11
196.713694076742
 21
2.6452677697611993
 31
0.0
  0
LINE
  5
5AE
330
17
100
AcDbEntity
  8
REZ
100
AcDbLine
 10
196.713694076742
 20
2.6452677697611993
 30
0.0
 11
196.52249391424928
 21
2.496796746657308
 31
0.0
  0
LINE
  5
5AF
330
17
100
AcDbEntity
  8
REZ
100
AcDbLine
 10
196.52249391424928
 20
2.496796746657308
 30
0.0
 11
196.32083711400242
 21
2.355093617023069
 31
0.0
  0
LINE
  5
5B0
330
17
100
AcDbEntity
  8
REZ
100
AcDbLine
 10
196.32083711400242
 20
2.355093617023069
 30
0.0
 11
196.10942985970007
 21
2.220059334133145
 31
0.0
  0
LINE
  5
5B1
330
17
100
AcDbEntity
  8
REZ
100
AcDbLine
 10
196.10942985970007
 20
2.220059334133145
 30
0.0
 11
195.88882945879678
 21
2.0916734207442342
 31
0.0
  0
LINE
  5
5B2
330
17
100
AcDbEntity
  8
REZ
100
AcDbLine
 10
195.88882945879678
 20
2.0916734207442342
 30
0.0
 11
195.65949714292856
 21
1.9699662983503057
 31
0.0
  0
LINE
  5
5B3
330
17
100
AcDbEntity
  8
REZ
100
AcDbLine
 10
195.65949714292856
 20
1.9699662983503057
 30
0.0
 11
195.42182897961538
 21
1.85500301477302
 31
0.0
  0
LINE
  5
5B4
330
17
100
AcDbEntity
  8
REZ
100
AcDbLine
 10
195.42182897961538
 20
1.85500301477302
 30
0.0
 11
194.6852365008998
 21
2.3471783739028034
 31
0.0
  0
LINE
  5
5B5
330
17
100
AcDbEntity
  8
REZ
100
AcDbLine
 10
194.6852365008998
 20
2.3471783739028034
 30
0.0
 11
194.70049705708655
 21
2.6107496694727015
 31
0.0
  0
LINE
  5
5B6
330
17
100
AcDbEntity
  8
REZ
100
AcDbLine
 10
194.70049705708655
 20
2.6107496694727015
 30
0.0
 11
194.72517809863845
 21
2.869200401587756
 31
0.0
  0
LINE
  5
5B7
330
17
100
AcDbEntity
  8
REZ
100
AcDbLine
 10
194.72517809863845
 20
2.869200401587756
 30
0.0
 11
194.75937109768245
 21
3.1221397588490944
 31
0.0
  0
LINE
  5
5B8
330
17
100
AcDbEntity
  8
REZ
100
AcDbLine
 10
194.75937109768245
 20
3.1221397588490944
 30
0.0
 11
194.8032244541285
 21
3.3691299769866987
 31
0.0
  0
LINE
  5
5B9
330
17
100
AcDbEntity
  8
REZ
100
AcDbLine
 10
194.8032244541285
 20
3.3691299769866987
 30
0.0
 11
194.85697035881213
 21
3.6096640073518085
 31
0.0
  0
LINE
  5
5BA
330
17
100
AcDbEntity
  8
REZ
100
AcDbLine
 10
194.85697035881213
 20
3.6096640073518085
 30
0.0
 11
194.92097056377736
 21
3.843127324819813
 31
0.0
  0
LINE
  5
5BB
330
17
100
AcDbEntity
  8
REZ
100
AcDbLine
 10
194.92097056377736
 20
3.843127324819813
 30
0.0
 11
194.99580238616963
 21
4.068725986160784
 31
0.0
  0
LINE
  5
5BC
330
17
100
AcDbEntity
  8
REZ
100
AcDbLine
 10
194.99580238616963
 20
4.068725986160784
 30
0.0
 11
195.08244591910665
 21
4.285329793761877
 31
0.0
  0
LINE
  5
5BD
330
17
100
AcDbEntity
  8
REZ
100
AcDbLine
 10
195.08244591910665
 20
4.285329793761877
 30
0.0
 11
195.18281055988984
 21
4.4910308354858195
 31
0.0
  0
LINE
  5
5BE
330
17
100
AcDbEntity
  8
REZ
100
AcDbLine
 10
195.18281055988984
 20
4.4910308354858195
 30
0.0
 11
195.30289304031717
 21
4.680494695418398
 31
0.0
  0
LINE
  5
5BF
330
17
100
AcDbEntity
  8
REZ
100
AcDbLine
 10
195.30289304031717
 20
4.680494695418398
 30
0.0
 11
196.0427913107542
 21
5.562576666096257
 31
0.0
  0
LINE
  5
5C0
330
17
100
AcDbEntity
  8
REZ
100
AcDbLine
 10
196.0427913107542
 20
5.562576666096257
 30
0.0
 11
195.70997852570736
 21
5.85437032399387
 31
0.0
  0
LINE
  5
5C1
330
17
100
AcDbEntity
  8
REZ
100
AcDbLine
 10
195.70997852570736
 20
5.85437032399387
 30
0.0
 11
195.39023646962676
 21
6.160430622388226
 31
0.0
  0
LINE
  5
5C2
330
17
100
AcDbEntity
  8
REZ
100
AcDbLine
 10
195.39023646962676
 20
6.160430622388226
 30
0.0
 11
195.0841761712324
 21
6.480172678468855
 31
0.0
  0
LINE
  5
5C3
330
17
100
AcDbEntity
  8
REZ
100
AcDbLine
 10
195.0841761712324
 20
6.480172678468855
 30
0.0
 11
194.79238251333476
 21
6.812985463515704
 31
0.0
  0
LINE
  5
5C4
330
17
100
AcDbEntity
  8
REZ
100
AcDbLine
 10
194.79238251333476
 20
6.812985463515704
 30
0.0
 11
193.9103005426569
 21
6.073087193078648
 31
0.0
  0
LINE
  5
5C5
330
17
100
AcDbEntity
  8
REZ
100
AcDbLine
 10
193.9103005426569
 20
6.073087193078648
 30
0.0
 11
193.72083668272433
 21
5.953004712651338
 31
0.0
  0
LINE
  5
5C6
330
17
100
AcDbEntity
  8
REZ
100
AcDbLine
 10
193.72083668272433
 20
5.953004712651338
 30
0.0
 11
193.5151356410004
 21
5.8526400718681195
 31
0.0
  0
LINE
  5
5C7
330
17
100
AcDbEntity
  8
REZ
100
AcDbLine
 10
193.5151356410004
 20
5.8526400718681195
 30
0.0
 11
193.2985318333993
 21
5.765996538931103
 31
0.0
  0
LINE
  5
5C8
330
17
100
AcDbEntity
  8
REZ
100
AcDbLine
 10
193.2985318333993
 20
5.765996538931103
 30
0.0
 11
193.07293317205833
 21
5.691164716538841
 31
0.0
  0
LINE
  5
5C9
330
17
100
AcDbEntity
  8
REZ
100
AcDbLine
 10
193.07293317205833
 20
5.691164716538841
 30
0.0
 11
192.83946985459033
 21
5.627164511573623
 31
0.0
  0
LINE
  5
5CA
330
17
100
AcDbEntity
  8
REZ
100
AcDbLine
 10
192.83946985459033
 20
5.627164511573623
 30
0.0
 11
192.5989358242252
 21
5.573418606889991
 31
0.0
  0
LINE
  5
5CB
330
17
100
AcDbEntity
  8
REZ
100
AcDbLine
 10
192.5989358242252
 20
5.573418606889991
 30
0.0
 11
192.3519456060876
 21
5.529565250443938
 31
0.0
  0
LINE
  5
5CC
330
17
100
AcDbEntity
  8
REZ
100
AcDbLine
 10
192.3519456060876
 20
5.529565250443938
 30
0.0
 11
192.09900624882627
 21
5.495372251399949
 31
0.0
  0
LINE
  5
5CD
330
17
100
AcDbEntity
  8
REZ
100
AcDbLine
 10
192.09900624882627
 20
5.495372251399949
 30
0.0
 11
191.84055551671122
 21
5.470691209848041
 31
0.0
  0
LINE
  5
5CE
330
17
100
AcDbEntity
  8
REZ
100
AcDbLine
 10
191.84055551671122
 20
5.470691209848041
 30
0.0
 11
191.57698422114132
 21
5.455430653661288
 31
0.0
  0
LINE
  5
5CF
330
17
100
AcDbEntity
  8
REZ
100
AcDbLine
 10
191.57698422114132
 20
5.455430653661288
 30
0.0
 11
191.08480886201153
 21
6.192023132376869
 31
0.0
  0
LINE
  5
5D0
330
17
100
AcDbEntity
  8
REZ
100
AcDbLine
 10
191.08480886201153
 20
6.192023132376869
 30
0.0
 11
191.19977214558884
 21
6.429691295690038
 31
0.0
  0
LINE
  5
5D1
330
17
100
AcDbEntity
  8
REZ
100
AcDbLine
 10
191.19977214558884
 20
6.429691295690038
 30
0.0
 11
191.32147926798274
 21
6.659023611558263
 31
0.0
  0
LINE
  5
5D2
330
17
100
AcDbEntity
  8
REZ
100
AcDbLine
 10
191.32147926798274
 20
6.659023611558263
 30
0.0
 11
191.44986518137165
 21
6.879624012461566
 31
0.0
  0
LINE
  5
5D3
330
17
100
AcDbEntity
  8
REZ
100
AcDbLine
 10
191.44986518137165
 20
6.879624012461566
 30
0.0
 11
191.58489946426158
 21
7.091031266763885
 31
0.0
  0
LINE
  5
5D4
330
17
100
AcDbEntity
  8
REZ
100
AcDbLine
 10
191.58489946426158
 20
7.091031266763885
 30
0.0
 11
191.72660259389582
 21
7.29268806701076
 31
0.0
  0
LINE
  5
5D5
330
17
100
AcDbEntity
  8
REZ
100
AcDbLine
 10
191.72660259389582
 20
7.29268806701076
 30
0.0
 11
191.8750736169997
 21
7.483888229503473
 31
0.0
  0
LINE
  5
5D6
330
17
100
AcDbEntity
  8
REZ
100
AcDbLine
 10
191.8750736169997
 20
7.483888229503473
 30
0.0
 11
192.03054207614738
 21
7.663677316635144
 31
0.0
  0
LINE
  5
5D7
330
17
100
AcDbEntity
  8
REZ
100
AcDbLine
 10
192.03054207614738
 20
7.663677316635144
 30
0.0
 11
192.1934809514085
 21
7.830636096565227
 31
0.0
  0
LINE
  5
5D8
330
17
100
AcDbEntity
  8
REZ
100
AcDbLine
 10
192.1934809514085
 20
7.830636096565227
 30
0.0
 11
192.36492416950395
 21
7.982271193607218
 31
0.0
  0
LINE
  5
5D9
330
17
100
AcDbEntity
  8
REZ
100
AcDbLine
 10
192.36492416950395
 20
7.982271193607218
 30
0.0
 11
192.54837059561206
 21
8.111359400172674
 31
0.0
  0
LINE
  5
5DA
330
17
100
AcDbEntity
  8
REZ
100
AcDbLine
 10
192.54837059561206
 20
8.111359400172674
 30
0.0
 11
193.56950561997573
 21
8.643150069147323
 31
0.0
  0
LINE
  5
5DB
330
17
100
AcDbEntity
  8
REZ
100
AcDbLine
 10
193.56950561997573
 20
8.643150069147323
 30
0.0
 11
193.3736912982595
 21
9.04009419631224
 31
0.0
  0
LINE
  5
5DC
330
17
100
AcDbEntity
  8
REZ
100
AcDbLine
 10
193.3736912982595
 20
9.04009419631224
 30
0.0
 11
193.19541236246377
 21
9.445217029205482
 31
0.0
  0
LINE
  5
5DD
330
17
100
AcDbEntity
  8
REZ
100
AcDbLine
 10
193.19541236246377
 20
9.445217029205482
 30
0.0
 11
193.03500950455532
 21
9.857744376001687
 31
0.0
  0
LINE
  5
5DE
330
17
100
AcDbEntity
  8
REZ
100
AcDbLine
 10
193.03500950455532
 20
9.857744376001687
 30
0.0
 11
192.89278925522382
 21
10.276887894811173
 31
0.0
  0
LINE
  5
5DF
330
17
100
AcDbEntity
  8
REZ
100
AcDbLine
 10
192.89278925522382
 20
10.276887894811173
 30
0.0
 11
191.7947049667855
 21
9.930869182780242
 31
0.0
  0
LINE
  5
5E0
330
17
100
AcDbEntity
  8
REZ
100
AcDbLine
 10
191.7947049667855
 20
9.930869182780242
 30
0.0
 11
191.57370960866635
 21
9.892432117128399
 31
0.0
  0
LINE
  5
5E1
330
17
100
AcDbEntity
  8
REZ
100
AcDbLine
 10
191.57370960866635
 20
9.892432117128399
 30
0.0
 11
191.34525874117836
 21
9.87842566040893
 31
0.0
  0
LINE
  5
5E2
330
17
100
AcDbEntity
  8
REZ
100
AcDbLine
 10
191.34525874117836
 20
9.87842566040893
 30
0.0
 11
191.11198587209512
 21
9.881268162260085
 31
0.0
  0
LINE
  5
5E3
330
17
100
AcDbEntity
  8
REZ
100
AcDbLine
 10
191.11198587209512
 20
9.881268162260085
 30
0.0
 11
190.87492298767702
 21
9.89846544323029
 31
0.0
  0
LINE
  5
5E4
330
17
100
AcDbEntity
  8
REZ
100
AcDbLine
 10
190.87492298767702
 20
9.89846544323029
 30
0.0
 11
190.634739188968
 21
9.928679507446393
 31
0.0
  0
LINE
  5
5E5
330
17
100
AcDbEntity
  8
REZ
100
AcDbLine
 10
190.634739188968
 20
9.928679507446393
 30
0.0
 11
190.39194705416134
 21
9.971073154493611
 31
0.0
  0
LINE
  5
5E6
330
17
100
AcDbEntity
  8
REZ
100
AcDbLine
 10
190.39194705416134
 20
9.971073154493611
 30
0.0
 11
190.146975893928
 21
10.025077000478682
 31
0.0
  0
LINE
  5
5E7
330
17
100
AcDbEntity
  8
REZ
100
AcDbLine
 10
190.146975893928
 20
10.025077000478682
 30
0.0
 11
189.90020530455067
 21
10.090282489923748
 31
0.0
  0
LINE
  5
5E8
330
17
100
AcDbEntity
  8
REZ
100
AcDbLine
 10
189.90020530455067
 20
10.090282489923748
 30
0.0
 11
189.6519829372916
 21
10.166384994055939
 31
0.0
  0
LINE
  5
5E9
330
17
100
AcDbEntity
  8
REZ
100
AcDbLine
 10
189.6519829372916
 20
10.166384994055939
 30
0.0
 11
189.40263484993574
 21
10.253150446601865
 31
0.0
  0
LINE
  5
5EA
330
17
100
AcDbEntity
  8
REZ
100
AcDbLine
 10
189.40263484993574
 20
10.253150446601865
 30
0.0
 11
189.2298058472385
 21
11.122020517246249
 31
0.0
  0
LINE
  5
5EB
330
17
100
AcDbEntity
  8
REZ
100
AcDbLine
 10
189.2298058472385
 20
11.122020517246249
 30
0.0
 11
189.42696974042644
 21
11.29760272490552
 31
0.0
  0
LINE
  5
5EC
330
17
100
AcDbEntity
  8
REZ
100
AcDbLine
 10
189.42696974042644
 20
11.29760272490552
 30
0.0
 11
189.62717413755573
 21
11.4629028583386
 31
0.0
  0
LINE
  5
5ED
330
17
100
AcDbEntity
  8
REZ
100
AcDbLine
 10
189.62717413755573
 20
11.4629028583386
 30
0.0
 11
189.8302073737973
 21
11.61757989159395
 31
0.0
  0
LINE
  5
5EE
330
17
100
AcDbEntity
  8
REZ
100
AcDbLine
 10
189.8302073737973
 20
11.61757989159395
 30
0.0
 11
190.03586483764994
 21
11.761219344004996
 31
0.0
  0
LINE
  5
5EF
330
17
100
AcDbEntity
  8
REZ
100
AcDbLine
 10
190.03586483764994
 20
11.761219344004996
 30
0.0
 11
190.24395217529005
 21
11.893298494319493
 31
0.0
  0
LINE
  5
5F0
330
17
100
AcDbEntity
  8
REZ
100
AcDbLine
 10
190.24395217529005
 20
11.893298494319493
 30
0.0
 11
190.45429064915822
 21
12.013127010331193
 31
0.0
  0
LINE
  5
5F1
330
17
100
AcDbEntity
  8
REZ
100
AcDbLine
 10
190.45429064915822
 20
12.013127010331193
 30
0.0
 11
190.66672708148116
 21
12.11973526452989
 31
0.0
  0
LINE
  5
5F2
330
17
100
AcDbEntity
  8
REZ
100
AcDbLine
 10
190.66672708148116
 20
12.11973526452989
 30
0.0
 11
190.88115533235242
 21
12.211631056029722
 31
0.0
  0
LINE
  5
5F3
330
17
100
AcDbEntity
  8
REZ
100
AcDbLine
 10
190.88115533235242
 20
12.211631056029722
 30
0.0
 11
191.09757645194173
 21
12.286115139440694
 31
0.0
  0
LINE
  5
5F4
330
17
100
AcDbEntity
  8
REZ
100
AcDbLine
 10
191.09757645194173
 20
12.286115139440694
 30
0.0
 11
191.3164587683017
 21
12.335175183376945
 31
0.0
  0
LINE
  5
5F5
330
17
100
AcDbEntity
  8
REZ
100
AcDbLine
 10
191.3164587683017
 20
12.335175183376945
 30
0.0
 11
192.46337199574464
 21
12.435714241991413
 31
0.0
  0
LINE
  5
5F6
330
17
100
AcDbEntity
  8
REZ
100
AcDbLine
 10
192.46337199574464
 20
12.435714241991413
 30
0.0
 11
192.43436709277904
 21
12.877377693370256
 31
0.0
  0
LINE
  5
5F7
330
17
100
AcDbEntity
  8
REZ
100
AcDbLine
 10
192.43436709277904
 20
12.877377693370256
 30
0.0
 11
192.42469262914054
 21
13.31988678190202
 31
0.0
  0
LINE
  5
5F8
330
17
100
AcDbEntity
  8
REZ
100
AcDbLine
 10
192.42469262914054
 20
13.31988678190202
 30
0.0
 11
192.43436709277904
 21
13.762395870433789
 31
0.0
  0
LINE
  5
5F9
330
17
100
AcDbEntity
  8
REZ
100
AcDbLine
 10
192.43436709277904
 20
13.762395870433789
 30
0.0
 11
192.46337199574464
 21
14.204059321812627
 31
0.0
  0
LINE
  5
5FA
330
17
100
AcDbEntity
  8
REZ
100
AcDbLine
 10
192.46337199574464
 20
14.204059321812627
 30
0.0
 11
191.3164587683017
 21
14.304598380427095
 31
0.0
  0
LINE
  5
5FB
330
17
100
AcDbEntity
  8
REZ
100
AcDbLine
 10
191.3164587683017
 20
14.304598380427095
 30
0.0
 11
191.09757645194173
 21
14.353658424363346
 31
0.0
  0
LINE
  5
5FC
330
17
100
AcDbEntity
  8
REZ
100
AcDbLine
 10
191.09757645194173
 20
14.353658424363346
 30
0.0
 11
190.88115533235242
 21
14.42814250777432
 31
0.0
  0
LINE
  5
5FD
330
17
100
AcDbEntity
  8
REZ
100
AcDbLine
 10
190.88115533235242
 20
14.42814250777432
 30
0.0
 11
190.66672708148116
 21
14.520038299274152
 31
0.0
  0
LINE
  5
5FE
330
17
100
AcDbEntity
  8
REZ
100
AcDbLine
 10
190.66672708148116
 20
14.520038299274152
 30
0.0
 11
190.45429064915822
 21
14.626646553472849
 31
0.0
  0
LINE
  5
5FF
330
17
100
AcDbEntity
  8
REZ
100
AcDbLine
 10
190.45429064915822
 20
14.626646553472849
 30
0.0
 11
190.24395217529005
 21
14.746475069484546
 31
0.0
  0
LINE
  5
600
330
17
100
AcDbEntity
  8
REZ
100
AcDbLine
 10
190.24395217529005
 20
14.746475069484546
 30
0.0
 11
190.03586483764994
 21
14.878554219799046
 31
0.0
  0
LINE
  5
601
330
17
100
AcDbEntity
  8
REZ
100
AcDbLine
 10
190.03586483764994
 20
14.878554219799046
 30
0.0
 11
189.8302073737973
 21
15.022193672210092
 31
0.0
  0
LINE
  5
602
330
17
100
AcDbEntity
  8
REZ
100
AcDbLine
 10
189.8302073737973
 20
15.022193672210092
 30
0.0
 11
189.62717413755573
 21
15.176870705465442
 31
0.0
  0
LINE
  5
603
330
17
100
AcDbEntity
  8
REZ
100
AcDbLine
 10
189.62717413755573
 20
15.176870705465442
 30
0.0
 11
189.42696974042644
 21
15.342170838898522
 31
0.0
  0
LINE
  5
604
330
17
100
AcDbEntity
  8
REZ
100
AcDbLine
 10
189.42696974042644
 20
15.342170838898522
 30
0.0
 11
189.2298058472385
 21
15.517753046557793
 31
0.0
  0
LINE
  5
605
330
17
100
AcDbEntity
  8
REZ
100
AcDbLine
 10
189.2298058472385
 20
15.517753046557793
 30
0.0
 11
189.40263484993574
 21
16.386623117202177
 31
0.0
  0
LINE
  5
606
330
17
100
AcDbEntity
  8
REZ
100
AcDbLine
 10
189.40263484993574
 20
16.386623117202177
 30
0.0
 11
189.6519829372916
 21
16.473388569748103
 31
0.0
  0
LINE
  5
607
330
17
100
AcDbEntity
  8
REZ
100
AcDbLine
 10
189.6519829372916
 20
16.473388569748103
 30
0.0
 11
189.90020530455067
 21
16.549491073880294
 31
0.0
  0
LINE
  5
608
330
17
100
AcDbEntity
  8
REZ
100
AcDbLine
 10
189.90020530455067
 20
16.549491073880294
 30
0.0
 11
190.146975893928
 21
16.61469656332536
 31
0.0
  0
LINE
  5
609
330
17
100
AcDbEntity
  8
REZ
100
AcDbLine
 10
190.146975893928
 20
16.61469656332536
 30
0.0
 11
190.39194705416134
 21
16.66870040931043
 31
0.0
  0
LINE
  5
60A
330
17
100
AcDbEntity
  8
REZ
100
AcDbLine
 10
190.39194705416134
 20
16.66870040931043
 30
0.0
 11
190.634739188968
 21
16.71109405635765
 31
0.0
  0
LINE
  5
60B
330
17
100
AcDbEntity
  8
REZ
100
AcDbLine
 10
190.634739188968
 20
16.71109405635765
 30
0.0
 11
190.87492298767702
 21
16.741308120573752
 31
0.0
  0
LINE
  5
60C
330
17
100
AcDbEntity
  8
REZ
100
AcDbLine
 10
190.87492298767702
 20
16.741308120573752
 30
0.0
 11
191.11198587209512
 21
16.758505401543957
 31
0.0
  0
LINE
  5
60D
330
17
100
AcDbEntity
  8
REZ
100
AcDbLine
 10
191.11198587209512
 20
16.758505401543957
 30
0.0
 11
191.34525874117836
 21
16.761347903395112
 31
0.0
  0
LINE
  5
60E
330
17
100
AcDbEntity
  8
REZ
100
AcDbLine
 10
191.34525874117836
 20
16.761347903395112
 30
0.0
 11
191.57370960866638
 21
16.74734144667564
 31
0.0
  0
LINE
  5
60F
330
17
100
AcDbEntity
  8
REZ
100
AcDbLine
 10
191.57370960866638
 20
16.74734144667564
 30
0.0
 11
191.7947049667855
 21
16.7089043810238
 31
0.0
  0
LINE
  5
610
330
17
100
AcDbEntity
  8
REZ
100
AcDbLine
 10
191.7947049667855
 20
16.7089043810238
 30
0.0
 11
192.89278925522382
 21
16.362885668992867
 31
0.0
  0
LINE
  5
611
330
17
100
AcDbEntity
  8
REZ
100
AcDbLine
 10
192.89278925522382
 20
16.362885668992867
 30
0.0
 11
193.03500950455532
 21
16.78202918780235
 31
0.0
  0
LINE
  5
612
330
17
100
AcDbEntity
  8
REZ
100
AcDbLine
 10
193.03500950455532
 20
16.78202918780235
 30
0.0
 11
193.19541236246374
 21
17.19455653459855
 31
0.0
  0
LINE
  5
613
330
17
100
AcDbEntity
  8
REZ
100
AcDbLine
 10
193.19541236246374
 20
17.19455653459855
 30
0.0
 11
193.3736912982595
 21
17.5996793674918
 31
0.0
  0
LINE
  5
614
330
17
100
AcDbEntity
  8
REZ
100
AcDbLine
 10
193.3736912982595
 20
17.5996793674918
 30
0.0
 11
193.56950561997573
 21
17.996623494656717
 31
0.0
  0
LINE
  5
615
330
17
100
AcDbEntity
  8
REZ
100
AcDbLine
 10
193.56950561997573
 20
17.996623494656717
 30
0.0
 11
192.54837059561206
 21
18.528414163631368
 31
0.0
  0
LINE
  5
616
330
17
100
AcDbEntity
  8
REZ
100
AcDbLine
 10
192.54837059561206
 20
18.528414163631368
 30
0.0
 11
192.36492416950395
 21
18.657502370196823
 31
0.0
  0
LINE
  5
617
330
17
100
AcDbEntity
  8
REZ
100
AcDbLine
 10
192.36492416950395
 20
18.657502370196823
 30
0.0
 11
192.1934809514085
 21
18.809137467238813
 31
0.0
  0
LINE
  5
618
330
17
100
AcDbEntity
  8
REZ
100
AcDbLine
 10
192.1934809514085
 20
18.809137467238813
 30
0.0
 11
192.03054207614738
 21
18.976096247168897
 31
0.0
  0
LINE
  5
619
330
17
100
AcDbEntity
  8
REZ
100
AcDbLine
 10
192.03054207614738
 20
18.976096247168897
 30
0.0
 11
191.8750736169997
 21
19.155885334300567
 31
0.0
  0
LINE
  5
61A
330
17
100
AcDbEntity
  8
REZ
100
AcDbLine
 10
191.8750736169997
 20
19.155885334300567
 30
0.0
 11
191.72660259389582
 21
19.34708549679328
 31
0.0
  0
LINE
  5
61B
330
17
100
AcDbEntity
  8
REZ
100
AcDbLine
 10
191.72660259389582
 20
19.34708549679328
 30
0.0
 11
191.58489946426158
 21
19.548742297040157
 31
0.0
  0
LINE
  5
61C
330
17
100
AcDbEntity
  8
REZ
100
AcDbLine
 10
191.58489946426158
 20
19.548742297040157
 30
0.0
 11
191.44986518137165
 21
19.760149551342476
 31
0.0
  0
LINE
  5
61D
330
17
100
AcDbEntity
  8
REZ
100
AcDbLine
 10
191.44986518137165
 20
19.760149551342476
 30
0.0
 11
191.32147926798274
 21
19.98074995224578
 31
0.0
  0
LINE
  5
61E
330
17
100
AcDbEntity
  8
REZ
100
AcDbLine
 10
191.32147926798274
 20
19.98074995224578
 30
0.0
 11
191.19977214558884
 21
20.210082268114004
 31
0.0
  0
LINE
  5
61F
330
17
100
AcDbEntity
  8
REZ
100
AcDbLine
 10
191.19977214558884
 20
20.210082268114004
 30
0.0
 11
191.08480886201153
 21
20.447750431427174
 31
0.0
  0
LINE
  5
620
330
17
100
AcDbEntity
  8
REZ
100
AcDbLine
 10
191.08480886201153
 20
20.447750431427174
 30
0.0
 11
191.57698422114132
 21
21.184342910142753
 31
0.0
  0
LINE
  5
621
330
17
100
AcDbEntity
  8
REZ
100
AcDbLine
 10
191.57698422114132
 20
21.184342910142753
 30
0.0
 11
191.84055551671122
 21
21.169082353956
 31
0.0
  0
LINE
  5
622
330
17
100
AcDbEntity
  8
REZ
100
AcDbLine
 10
191.84055551671122
 20
21.169082353956
 30
0.0
 11
192.09900624882627
 21
21.144401312404092
 31
0.0
  0
LINE
  5
623
330
17
100
AcDbEntity
  8
REZ
100
AcDbLine
 10
192.09900624882627
 20
21.144401312404092
 30
0.0
 11
192.3519456060876
 21
21.1102083133601
 31
0.0
  0
LINE
  5
624
330
17
100
AcDbEntity
  8
REZ
100
AcDbLine
 10
192.3519456060876
 20
21.1102083133601
 30
0.0
 11
192.5989358242252
 21
21.066354956914047
 31
0.0
  0
LINE
  5
625
330
17
100
AcDbEntity
  8
REZ
100
AcDbLine
 10
192.5989358242252
 20
21.066354956914047
 30
0.0
 11
192.83946985459033
 21
21.012609052230417
 31
0.0
  0
LINE
  5
626
330
17
100
AcDbEntity
  8
REZ
100
AcDbLine
 10
192.83946985459033
 20
21.012609052230417
 30
0.0
 11
193.07293317205833
 21
20.9486088472652
 31
0.0
  0
LINE
  5
627
330
17
100
AcDbEntity
  8
REZ
100
AcDbLine
 10
193.07293317205833
 20
20.9486088472652
 30
0.0
 11
193.2985318333993
 21
20.873777024872936
 31
0.0
  0
LINE
  5
628
330
17
100
AcDbEntity
  8
REZ
100
AcDbLine
 10
193.2985318333993
 20
20.873777024872936
 30
0.0
 11
193.5151356410004
 21
20.787133491935922
 31
0.0
  0
LINE
  5
629
330
17
100
AcDbEntity
  8
REZ
100
AcDbLine
 10
193.5151356410004
 20
20.787133491935922
 30
0.0
 11
193.72083668272433
 21
20.686768851152703
 31
0.0
  0
LINE
  5
62A
330
17
100
AcDbEntity
  8
REZ
100
AcDbLine
 10
193.72083668272433
 20
20.686768851152703
 30
0.0
 11
193.9103005426569
 21
20.566686370725392
 31
0.0
  0
LINE
  5
62B
330
17
100
AcDbEntity
  8
REZ
100
AcDbLine
 10
193.9103005426569
 20
20.566686370725392
 30
0.0
 11
194.7923825133348
 21
19.826788100288336
 31
0.0
  0
LINE
  5
62C
330
17
100
AcDbEntity
  8
REZ
100
AcDbLine
 10
194.7923825133348
 20
19.826788100288336
 30
0.0
 11
195.0841761712324
 21
20.159600885335188
 31
0.0
  0
LINE
  5
62D
330
17
100
AcDbEntity
  8
REZ
100
AcDbLine
 10
195.0841761712324
 20
20.159600885335188
 30
0.0
 11
195.29928543796447
 21
20.384326142376814
 31
0.0
  0
LINE
  5
62E
330
17
100
AcDbEntity
  8
REZ
100
AcDbLine
 10
195.29928543796447
 20
20.384326142376814
 30
0.0
 11
194.86846612770157
 21
22.988174685411998
 31
0.0
  0
LINE
  5
62F
330
17
100
AcDbEntity
  8
REZ
100
AcDbLine
 10
194.86846612770157
 20
22.988174685411998
 30
0.0
 11
194.85697035881213
 21
23.030109556452235
 31
0.0
  0
LINE
  5
630
330
17
100
AcDbEntity
  8
REZ
100
AcDbLine
 10
194.85697035881213
 20
23.030109556452235
 30
0.0
 11
194.8032244541285
 21
23.270643586817343
 31
0.0
  0
LINE
  5
631
330
17
100
AcDbEntity
  8
REZ
100
AcDbLine
 10
194.8032244541285
 20
23.270643586817343
 30
0.0
 11
194.75937109768245
 21
23.517633804954944
 31
0.0
  0
LINE
  5
632
330
17
100
AcDbEntity
  8
REZ
100
AcDbLine
 10
194.75937109768245
 20
23.517633804954944
 30
0.0
 11
194.72517809863848
 21
23.770573162216287
 31
0.0
  0
LINE
  5
633
330
17
100
AcDbEntity
  8
REZ
100
AcDbLine
 10
194.72517809863848
 20
23.770573162216287
 30
0.0
 11
194.70629088887182
 21
23.96835303230545
 31
0.0
  0
LINE
  5
634
330
17
100
AcDbEntity
  8
REZ
100
AcDbLine
 10
194.70629088887182
 20
23.96835303230545
 30
0.0
 11
191.25032162914053
 21
44.85604378190202
 31
0.0
  0
ARC
  5
635
330
17
100
AcDbEntity
  8
REZ
100
AcDbCircle
 10
195.68860714720878
 20
45.59875735571068
 30
0.0
 40
4.500000199179323
100
AcDbArc
 50
14.500004709160814
 51
189.4999911513734
  0
LINE
  5
636
330
17
100
AcDbEntity
  8
REZ
100
AcDbLine
 10
200.04527162914053
 20
46.72546778190202
 30
0.0
 11
205.30822781829636
 21
26.528249580715524
 31
0.0
  0
LINE
  5
637
330
17
100
AcDbEntity
  8
REZ
100
AcDbLine
 10
205.30822781829636
 20
26.528249580715524
 30
0.0
 11
205.6164289644407
 21
26.466944561106832
 31
0.0
  0
LINE
  5
638
330
17
100
AcDbEntity
  8
REZ
100
AcDbLine
 10
205.6164289644407
 20
26.466944561106832
 30
0.0
 11
205.7031944169866
 21
26.21759647375097
 31
0.0
  0
LINE
  5
639
330
17
100
AcDbEntity
  8
REZ
100
AcDbLine
 10
205.7031944169866
 20
26.21759647375097
 30
0.0
 11
205.7792969211188
 21
25.969374106491884
 31
0.0
  0
LINE
  5
63A
330
17
100
AcDbEntity
  8
REZ
100
AcDbLine
 10
205.7792969211188
 20
25.969374106491884
 30
0.0
 11
205.84450241056388
 21
25.72260351711456
 31
0.0
  0
LINE
  5
63B
330
17
100
AcDbEntity
  8
REZ
100
AcDbLine
 10
205.84450241056388
 20
25.72260351711456
 30
0.0
 11
205.89850625654896
 21
25.47763235688123
 31
0.0
  0
LINE
  5
63C
330
17
100
AcDbEntity
  8
REZ
100
AcDbLine
 10
205.89850625654896
 20
25.47763235688123
 30
0.0
 11
205.94089990359618
 21
25.23484022207456
 31
0.0
  0
LINE
  5
63D
330
17
100
AcDbEntity
  8
REZ
100
AcDbLine
 10
205.94089990359618
 20
25.23484022207456
 30
0.0
 11
205.97111396781227
 21
24.994656423365527
 31
0.0
  0
LINE
  5
63E
330
17
100
AcDbEntity
  8
REZ
100
AcDbLine
 10
205.97111396781227
 20
24.994656423365527
 30
0.0
 11
205.98831124878248
 21
24.757593538947447
 31
0.0
  0
LINE
  5
63F
330
17
100
AcDbEntity
  8
REZ
100
AcDbLine
 10
205.98831124878248
 20
24.757593538947447
 30
0.0
 11
205.99115375063363
 21
24.52432066986421
 31
0.0
  0
LINE
  5
640
330
17
100
AcDbEntity
  8
REZ
100
AcDbLine
 10
205.99115375063363
 20
24.52432066986421
 30
0.0
 11
205.97714729391416
 21
24.295869802376195
 31
0.0
  0
LINE
  5
641
330
17
100
AcDbEntity
  8
REZ
100
AcDbLine
 10
205.97714729391416
 20
24.295869802376195
 30
0.0
 11
205.94223829805276
 21
24.09515921453241
 31
0.0
  0
LINE
  5
642
330
17
100
AcDbEntity
  8
REZ
100
AcDbLine
 10
205.94223829805276
 20
24.09515921453241
 30
0.0
 11
206.29990821390882
 21
22.72255851733679
 31
0.0
  0
LINE
  5
643
330
17
100
AcDbEntity
  8
REZ
100
AcDbLine
 10
206.29990821390882
 20
22.72255851733679
 30
0.0
 11
206.42436238183708
 21
22.674167048578795
 31
0.0
  0
LINE
  5
644
330
17
100
AcDbEntity
  8
REZ
100
AcDbLine
 10
206.42436238183708
 20
22.674167048578795
 30
0.0
 11
206.8294852147303
 21
22.495888112783064
 31
0.0
  0
LINE
  5
645
330
17
100
AcDbEntity
  8
REZ
100
AcDbLine
 10
206.8294852147303
 20
22.495888112783064
 30
0.0
 11
207.22642934189523
 21
22.30007379106683
 31
0.0
  0
LINE
  5
646
330
17
100
AcDbEntity
  8
REZ
100
AcDbLine
 10
207.22642934189523
 20
22.30007379106683
 30
0.0
 11
207.75822001086988
 21
23.321208815430488
 31
0.0
  0
LINE
  5
647
330
17
100
AcDbEntity
  8
REZ
100
AcDbLine
 10
207.75822001086988
 20
23.321208815430488
 30
0.0
 11
207.88730821743533
 21
23.504655241538607
 31
0.0
  0
LINE
  5
648
330
17
100
AcDbEntity
  8
REZ
100
AcDbLine
 10
207.88730821743533
 20
23.504655241538607
 30
0.0
 11
208.03894331447734
 21
23.676098459634062
 31
0.0
  0
LINE
  5
649
330
17
100
AcDbEntity
  8
REZ
100
AcDbLine
 10
208.03894331447734
 20
23.676098459634062
 30
0.0
 11
208.2059020944074
 21
23.839037334895167
 31
0.0
  0
LINE
  5
64A
330
17
100
AcDbEntity
  8
REZ
100
AcDbLine
 10
208.2059020944074
 20
23.839037334895167
 30
0.0
 11
208.38569118153907
 21
23.994505794042837
 31
0.0
  0
LINE
  5
64B
330
17
100
AcDbEntity
  8
REZ
100
AcDbLine
 10
208.38569118153907
 20
23.994505794042837
 30
0.0
 11
208.5768913440318
 21
24.142976817146724
 31
0.0
  0
LINE
  5
64C
330
17
100
AcDbEntity
  8
REZ
100
AcDbLine
 10
208.5768913440318
 20
24.142976817146724
 30
0.0
 11
208.7785481442787
 21
24.284679946780965
 31
0.0
  0
LINE
  5
64D
330
17
100
AcDbEntity
  8
REZ
100
AcDbLine
 10
208.7785481442787
 20
24.284679946780965
 30
0.0
 11
208.989955398581
 21
24.419714229670895
 31
0.0
  0
LINE
  5
64E
330
17
100
AcDbEntity
  8
REZ
100
AcDbLine
 10
208.989955398581
 20
24.419714229670895
 30
0.0
 11
209.2105557994843
 21
24.548100143059806
 31
0.0
  0
LINE
  5
64F
330
17
100
AcDbEntity
  8
REZ
100
AcDbLine
 10
209.2105557994843
 20
24.548100143059806
 30
0.0
 11
209.43988811535252
 21
24.66980726545373
 31
0.0
  0
LINE
  5
650
330
17
100
AcDbEntity
  8
REZ
100
AcDbLine
 10
209.43988811535252
 20
24.66980726545373
 30
0.0
 11
209.6775562786657
 21
24.784770549031016
 31
0.0
  0
LINE
  5
651
330
17
100
AcDbEntity
  8
REZ
100
AcDbLine
 10
209.6775562786657
 20
24.784770549031016
 30
0.0
 11
210.41414875738127
 21
24.292595189901235
 31
0.0
  0
LINE
  5
652
330
17
100
AcDbEntity
  8
REZ
100
AcDbLine
 10
210.41414875738127
 20
24.292595189901235
 30
0.0
 11
210.39888820119452
 21
24.02902389433134
 31
0.0
  0
LINE
  5
653
330
17
100
AcDbEntity
  8
REZ
100
AcDbLine
 10
210.39888820119452
 20
24.02902389433134
 30
0.0
 11
210.37420715964262
 21
23.77057316221628
 31
0.0
  0
LINE
  5
654
330
17
100
AcDbEntity
  8
REZ
100
AcDbLine
 10
210.37420715964262
 20
23.77057316221628
 30
0.0
 11
210.34001416059863
 21
23.51763380495494
 31
0.0
  0
LINE
  5
655
330
17
100
AcDbEntity
  8
REZ
100
AcDbLine
 10
210.34001416059863
 20
23.51763380495494
 30
0.0
 11
210.29616080415258
 21
23.270643586817343
 31
0.0
  0
LINE
  5
656
330
17
100
AcDbEntity
  8
REZ
100
AcDbLine
 10
210.29616080415258
 20
23.270643586817343
 30
0.0
 11
210.24241489946894
 21
23.03010955645223
 31
0.0
  0
LINE
  5
657
330
17
100
AcDbEntity
  8
REZ
100
AcDbLine
 10
210.24241489946894
 20
23.03010955645223
 30
0.0
 11
210.17841469450372
 21
22.796646238984227
 31
0.0
  0
LINE
  5
658
330
17
100
AcDbEntity
  8
REZ
100
AcDbLine
 10
210.17841469450372
 20
22.796646238984227
 30
0.0
 11
210.10358287211145
 21
22.57104757764325
 31
0.0
  0
LINE
  5
659
330
17
100
AcDbEntity
  8
REZ
100
AcDbLine
 10
210.10358287211145
 20
22.57104757764325
 30
0.0
 11
210.01693933917443
 21
22.35444377004216
 31
0.0
  0
LINE
  5
65A
330
17
100
AcDbEntity
  8
REZ
100
AcDbLine
 10
210.01693933917443
 20
22.35444377004216
 30
0.0
 11
209.91657469839123
 21
22.148742728318215
 31
0.0
  0
LINE
  5
65B
330
17
100
AcDbEntity
  8
REZ
100
AcDbLine
 10
209.91657469839123
 20
22.148742728318215
 30
0.0
 11
209.7964922179639
 21
21.95927886838564
 31
0.0
  0
LINE
  5
65C
330
17
100
AcDbEntity
  8
REZ
100
AcDbLine
 10
209.7964922179639
 20
21.95927886838564
 30
0.0
 11
209.05659394752686
 21
21.07719689770778
 31
0.0
  0
LINE
  5
65D
330
17
100
AcDbEntity
  8
REZ
100
AcDbLine
 10
209.05659394752686
 20
21.07719689770778
 30
0.0
 11
209.3894067325737
 21
20.78540323981017
 31
0.0
  0
LINE
  5
65E
330
17
100
AcDbEntity
  8
REZ
100
AcDbLine
 10
209.3894067325737
 20
20.78540323981017
 30
0.0
 11
209.70914878865432
 21
20.479342941415812
 31
0.0
  0
LINE
  5
65F
330
17
100
AcDbEntity
  8
REZ
100
AcDbLine
 10
209.70914878865432
 20
20.479342941415812
 30
0.0
 11
210.01520908704867
 21
20.159600885335184
 31
0.0
  0
LINE
  5
660
330
17
100
AcDbEntity
  8
REZ
100
AcDbLine
 10
210.01520908704867
 20
20.159600885335184
 30
0.0
 11
210.3070027449463
 21
19.826788100288336
 31
0.0
  0
LINE
  5
661
330
17
100
AcDbEntity
  8
REZ
100
AcDbLine
 10
210.3070027449463
 20
19.826788100288336
 30
0.0
 11
211.18908471562415
 21
20.566686370725392
 31
0.0
  0
LINE
  5
662
330
17
100
AcDbEntity
  8
REZ
100
AcDbLine
 10
211.18908471562415
 20
20.566686370725392
 30
0.0
 11
211.37854857555672
 21
20.686768851152706
 31
0.0
  0
LINE
  5
663
330
17
100
AcDbEntity
  8
REZ
100
AcDbLine
 10
211.37854857555672
 20
20.686768851152706
 30
0.0
 11
211.58424961728068
 21
20.78713349193592
 31
0.0
  0
LINE
  5
664
330
17
100
AcDbEntity
  8
REZ
100
AcDbLine
 10
211.58424961728068
 20
20.78713349193592
 30
0.0
 11
211.80085342488178
 21
20.873777024872936
 31
0.0
  0
LINE
  5
665
330
17
100
AcDbEntity
  8
REZ
100
AcDbLine
 10
211.80085342488178
 20
20.873777024872936
 30
0.0
 11
212.02645208622275
 21
20.948608847265202
 31
0.0
  0
LINE
  5
666
330
17
100
AcDbEntity
  8
REZ
100
AcDbLine
 10
212.02645208622275
 20
20.948608847265202
 30
0.0
 11
212.25991540369074
 21
21.012609052230417
 31
0.0
  0
LINE
  5
667
330
17
100
AcDbEntity
  8
REZ
100
AcDbLine
 10
212.25991540369074
 20
21.012609052230417
 30
0.0
 11
212.50044943405587
 21
21.06635495691405
 31
0.0
  0
LINE
  5
668
330
17
100
AcDbEntity
  8
REZ
100
AcDbLine
 10
212.50044943405587
 20
21.06635495691405
 30
0.0
 11
212.74743965219346
 21
21.110208313360104
 31
0.0
  0
LINE
  5
669
330
17
100
AcDbEntity
  8
REZ
100
AcDbLine
 10
212.74743965219346
 20
21.110208313360104
 30
0.0
 11
213.0003790094548
 21
21.144401312404092
 31
0.0
  0
LINE
  5
66A
330
17
100
AcDbEntity
  8
REZ
100
AcDbLine
 10
213.0003790094548
 20
21.144401312404092
 30
0.0
 11
213.25882974156985
 21
21.169082353956
 31
0.0
  0
LINE
  5
66B
330
17
100
AcDbEntity
  8
REZ
100
AcDbLine
 10
213.25882974156985
 20
21.169082353956
 30
0.0
 11
213.52240103713976
 21
21.184342910142753
 31
0.0
  0
LINE
  5
66C
330
17
100
AcDbEntity
  8
REZ
100
AcDbLine
 10
213.52240103713976
 20
21.184342910142753
 30
0.0
 11
214.01457639626955
 21
20.447750431427174
 31
0.0
  0
LINE
  5
66D
330
17
100
AcDbEntity
  8
REZ
100
AcDbLine
 10
214.01457639626955
 20
20.447750431427174
 30
0.0
 11
213.89961311269224
 21
20.210082268114007
 31
0.0
  0
LINE
  5
66E
330
17
100
AcDbEntity
  8
REZ
100
AcDbLine
 10
213.89961311269224
 20
20.210082268114007
 30
0.0
 11
213.77790599029834
 21
19.98074995224578
 31
0.0
  0
LINE
  5
66F
330
17
100
AcDbEntity
  8
REZ
100
AcDbLine
 10
213.77790599029834
 20
19.98074995224578
 30
0.0
 11
213.64952007690943
 21
19.760149551342476
 31
0.0
  0
LINE
  5
670
330
17
100
AcDbEntity
  8
REZ
100
AcDbLine
 10
213.64952007690943
 20
19.760149551342476
 30
0.0
 11
213.5144857940195
 21
19.548742297040157
 31
0.0
  0
LINE
  5
671
330
17
100
AcDbEntity
  8
REZ
100
AcDbLine
 10
213.5144857940195
 20
19.548742297040157
 30
0.0
 11
213.37278266438526
 21
19.34708549679328
 31
0.0
  0
LINE
  5
672
330
17
100
AcDbEntity
  8
REZ
100
AcDbLine
 10
213.37278266438526
 20
19.34708549679328
 30
0.0
 11
213.22431164128136
 21
19.155885334300564
 31
0.0
  0
LINE
  5
673
330
17
100
AcDbEntity
  8
REZ
100
AcDbLine
 10
213.22431164128136
 20
19.155885334300564
 30
0.0
 11
213.0688431821337
 21
18.976096247168897
 31
0.0
  0
LINE
  5
674
330
17
100
AcDbEntity
  8
REZ
100
AcDbLine
 10
213.0688431821337
 20
18.976096247168897
 30
0.0
 11
212.90590430687257
 21
18.809137467238816
 31
0.0
  0
LINE
  5
675
330
17
100
AcDbEntity
  8
REZ
100
AcDbLine
 10
212.90590430687257
 20
18.809137467238816
 30
0.0
 11
212.73446108877712
 21
18.657502370196823
 31
0.0
  0
LINE
  5
676
330
17
100
AcDbEntity
  8
REZ
100
AcDbLine
 10
212.73446108877712
 20
18.657502370196823
 30
0.0
 11
212.55101466266902
 21
18.528414163631368
 31
0.0
  0
LINE
  5
677
330
17
100
AcDbEntity
  8
REZ
100
AcDbLine
 10
212.55101466266902
 20
18.528414163631368
 30
0.0
 11
211.52987963830535
 21
17.996623494656717
 31
0.0
  0
LINE
  5
678
330
17
100
AcDbEntity
  8
REZ
100
AcDbLine
 10
211.52987963830535
 20
17.996623494656717
 30
0.0
 11
211.72569396002157
 21
17.599679367491802
 31
0.0
  0
LINE
  5
679
330
17
100
AcDbEntity
  8
REZ
100
AcDbLine
 10
211.72569396002157
 20
17.599679367491802
 30
0.0
 11
211.9039728958173
 21
17.194556534598554
 31
0.0
  0
LINE
  5
67A
330
17
100
AcDbEntity
  8
REZ
100
AcDbLine
 10
211.9039728958173
 20
17.194556534598554
 30
0.0
 11
212.06437575372576
 21
16.78202918780235
 31
0.0
  0
LINE
  5
67B
330
17
100
AcDbEntity
  8
REZ
100
AcDbLine
 10
212.06437575372576
 20
16.78202918780235
 30
0.0
 11
212.20659600305726
 21
16.362885668992863
 31
0.0
  0
LINE
  5
67C
330
17
100
AcDbEntity
  8
REZ
100
AcDbLine
 10
212.20659600305726
 20
16.362885668992863
 30
0.0
 11
213.30468029149557
 21
16.708904381023796
 31
0.0
  0
LINE
  5
67D
330
17
100
AcDbEntity
  8
REZ
100
AcDbLine
 10
213.30468029149557
 20
16.708904381023796
 30
0.0
 11
213.52567564961473
 21
16.74734144667564
 31
0.0
  0
LINE
  5
67E
330
17
100
AcDbEntity
  8
REZ
100
AcDbLine
 10
213.52567564961473
 20
16.74734144667564
 30
0.0
 11
213.75412651710272
 21
16.761347903395105
 31
0.0
  0
LINE
  5
67F
330
17
100
AcDbEntity
  8
REZ
100
AcDbLine
 10
213.75412651710272
 20
16.761347903395105
 30
0.0
 11
213.98739938618596
 21
16.75850540154395
 31
0.0
  0
LINE
  5
680
330
17
100
AcDbEntity
  8
REZ
100
AcDbLine
 10
213.98739938618596
 20
16.75850540154395
 30
0.0
 11
214.22446227060405
 21
16.74130812057375
 31
0.0
  0
LINE
  5
681
330
17
100
AcDbEntity
  8
REZ
100
AcDbLine
 10
214.22446227060405
 20
16.74130812057375
 30
0.0
 11
214.46464606931306
 21
16.711094056357645
 31
0.0
  0
LINE
  5
682
330
17
100
AcDbEntity
  8
REZ
100
AcDbLine
 10
214.46464606931306
 20
16.711094056357645
 30
0.0
 11
214.70743820411974
 21
16.668700409310425
 31
0.0
  0
LINE
  5
683
330
17
100
AcDbEntity
  8
REZ
100
AcDbLine
 10
214.70743820411974
 20
16.668700409310425
 30
0.0
 11
214.9524093643531
 21
16.614696563325356
 31
0.0
  0
LINE
  5
684
330
17
100
AcDbEntity
  8
REZ
100
AcDbLine
 10
214.9524093643531
 20
16.614696563325356
 30
0.0
 11
215.1991799537304
 21
16.549491073880287
 31
0.0
  0
LINE
  5
685
330
17
100
AcDbEntity
  8
REZ
100
AcDbLine
 10
215.1991799537304
 20
16.549491073880287
 30
0.0
 11
215.44740232098948
 21
16.473388569748096
 31
0.0
  0
LINE
  5
686
330
17
100
AcDbEntity
  8
REZ
100
AcDbLine
 10
215.44740232098948
 20
16.473388569748096
 30
0.0
 11
215.69675040834534
 21
16.386623117202173
 31
0.0
  0
LINE
  5
687
330
17
100
AcDbEntity
  8
REZ
100
AcDbLine
 10
215.69675040834534
 20
16.386623117202173
 30
0.0
 11
215.86957941104257
 21
15.517753046557788
 31
0.0
  0
LINE
  5
688
330
17
100
AcDbEntity
  8
REZ
100
AcDbLine
 10
215.86957941104257
 20
15.517753046557788
 30
0.0
 11
215.67241551785463
 21
15.342170838898518
 31
0.0
  0
LINE
  5
689
330
17
100
AcDbEntity
  8
REZ
100
AcDbLine
 10
215.67241551785463
 20
15.342170838898518
 30
0.0
 11
215.47221112072535
 21
15.176870705465436
 31
0.0
  0
LINE
  5
68A
330
17
100
AcDbEntity
  8
REZ
100
AcDbLine
 10
215.47221112072535
 20
15.176870705465436
 30
0.0
 11
215.26917788448378
 21
15.022193672210086
 31
0.0
  0
LINE
  5
68B
330
17
100
AcDbEntity
  8
REZ
100
AcDbLine
 10
215.26917788448378
 20
15.022193672210086
 30
0.0
 11
215.06352042063114
 21
14.878554219799039
 31
0.0
  0
LINE
  5
68C
330
17
100
AcDbEntity
  8
REZ
100
AcDbLine
 10
215.06352042063114
 20
14.878554219799039
 30
0.0
 11
214.85543308299103
 21
14.746475069484541
 31
0.0
  0
LINE
  5
68D
330
17
100
AcDbEntity
  8
REZ
100
AcDbLine
 10
214.85543308299103
 20
14.746475069484541
 30
0.0
 11
214.64509460912285
 21
14.626646553472842
 31
0.0
  0
LINE
  5
68E
330
17
100
AcDbEntity
  8
REZ
100
AcDbLine
 10
214.64509460912285
 20
14.626646553472842
 30
0.0
 11
214.43265817679992
 21
14.520038299274148
 31
0.0
  0
LINE
  5
68F
330
17
100
AcDbEntity
  8
REZ
100
AcDbLine
 10
214.43265817679992
 20
14.520038299274148
 30
0.0
 11
214.21822992592865
 21
14.428142507774316
 31
0.0
  0
LINE
  5
690
330
17
100
AcDbEntity
  8
REZ
100
AcDbLine
 10
214.21822992592865
 20
14.428142507774316
 30
0.0
 11
214.00180880633934
 21
14.35365842436334
 31
0.0
  0
LINE
  5
691
330
17
100
AcDbEntity
  8
REZ
100
AcDbLine
 10
214.00180880633934
 20
14.35365842436334
 30
0.0
 11
213.7829264899794
 21
14.304598380427091
 31
0.0
  0
LINE
  5
692
330
17
100
AcDbEntity
  8
REZ
100
AcDbLine
 10
213.7829264899794
 20
14.304598380427091
 30
0.0
 11
212.63601326253644
 21
14.204059321812625
 31
0.0
  0
CIRCLE
  5
693
330
17
100
AcDbEntity
  8
REZ
100
AcDbCircle
 10
202.54969262914054
 20
13.319886781902019
 30
0.0
 40
1.65
  0
CIRCLE
  5
694
330
17
100
AcDbEntity
  8
REZ
100
AcDbCircle
 10
195.68860683215448
 20
45.59875760611761
 30
0.0
 40
1.65
  0
TEXT
  5
695
330
17
100
AcDbEntity
  8
TEXT
100
AcDbText
 10
190.2298058472385
 20
1.0
 30
0.0
 40
3.0
  1
19
 11
190.2298058472385
 21
1.0
 31
0.0
100
AcDbText
  0
ARC
  5
696
330
17
100
AcDbEntity
  8
REZ
100
AcDbCircle
 10
231.23066537361362
 20
36.77887075920279
 30
0.0
 40
4.499999778544704
100
AcDbArc
 50
-12.000004088141578
 51
168.0000057188079
  0
LINE
  5
697
330
17
100
AcDbEntity
  8
REZ
100
AcDbLine
 10
235.63232929354308
 20
35.843267882500555
 30
0.0
 11
228.7712432935431
 21
3.564396882500553
 31
0.0
  0
ARC
  5
698
330
17
100
AcDbEntity
  8
REZ
100
AcDbCircle
 10
224.3695792935431
 20
4.499999882500553
 30
0.0
 40
4.499999882500554
100
AcDbArc
 50
167.99999458825192
 51
347.9999945882519
  0
LINE
  5
699
330
17
100
AcDbEntity
  8
REZ
100
AcDbLine
 10
219.9679152935431
 20
5.435602882500554
 30
0.0
 11
226.8290012935431
 21
37.71447288250055
 31
0.0
  0
CIRCLE
  5
69A
330
17
100
AcDbEntity
  8
REZ
100
AcDbCircle
 10
224.3695792935431
 20
4.499999882500553
 30
0.0
 40
1.65
  0
CIRCLE
  5
69B
330
17
100
AcDbEntity
  8
REZ
100
AcDbCircle
 10
231.23066509052916
 20
36.77887070671614
 30
0.0
 40
1.65
  0
TEXT
  5
69C
330
17
100
AcDbEntity
  8
TEXT
100
AcDbText
 10
220.86957941104254
 20
1.0
 30
0.0
 40
3.0
  1
20
 11
220.86957941104254
 21
1.0
 31
0.0
100
AcDbText
  0
ARC
  5
69D
330
17
100
AcDbEntity
  8
REZ
100
AcDbCircle
 10
251.0917511147294
 20
36.77887075920279
 30
0.0
 40
4.499999778544704
100
AcDbArc
 50
-12.000004088141578
 51
168.0000057188079
  0
LINE
  5
69E
330
17
100
AcDbEntity
  8
REZ
100
AcDbLine
 10
255.49341503465888
 20
35.843267882500555
 30
0.0
 11
248.63232903465888
 21
3.564396882500553
 31
0.0
  0
ARC
  5
69F
330
17
100
AcDbEntity
  8
REZ
100
AcDbCircle
 10
244.23066503465887
 20
4.499999882500553
 30
0.0
 40
4.499999882500554
100
AcDbArc
 50
167.99999458825192
 51
347.9999945882519
  0
LINE
  5
6A0
330
17
100
AcDbEntity
  8
REZ
100
AcDbLine
 10
239.82900103465886
 20
5.435602882500554
 30
0.0
 11
246.69008703465886
 21
37.71447288250055
 31
0.0
  0
CIRCLE
  5
6A1
330
17
100
AcDbEntity
  8
REZ
100
AcDbCircle
 10
244.23066503465887
 20
4.499999882500553
 30
0.0
 40
1.65
  0
CIRCLE
  5
6A2
330
17
100
AcDbEntity
  8
REZ
100
AcDbCircle
 10
251.09175083164493
 20
36.77887070671614
 30
0.0
 40
1.65
  0
TEXT
  5
6A3
330
17
100
AcDbEntity
  8
TEXT
100
AcDbText
 10
240.7306651521583
 20
1.0
 30
0.0
 40
3.0
  1
20
 11
240.7306651521583
 21
1.0
 31
0.0
100
AcDbText
  0
LINE
  5
6A4
330
17
100
AcDbEntity
  8
REZ
100
AcDbLine
 10
53.49999992486916
 20
67.49318335393923
 30
0.0
 11
37.99999992486916
 21
67.49318335393923
 31
0.0
  0
LINE
  5
6A5
330
17
100
AcDbEntity
  8
REZ
100
AcDbLine
 10
37.99999992486916
 20
67.49318335393923
 30
0.0
 11
7.023680924869161
 21
81.57364835393923
 31
0.0
  0
ARC
  5
6A6
330
17
100
AcDbEntity
  8
REZ
100
AcDbCircle
 10
11.999999880896095
 20
92.49318345344751
 30
0.0
 40
11.999999880896093
100
AcDbArc
 50
94.49999912180174
 51
245.4999995091681
  0
LINE
  5
6A7
330
17
100
AcDbEntity
  8
REZ
100
AcDbLine
 10
11.058490924869162
 20
104.45619135393923
 30
0.0
 11
37.99999992486916
 21
106.49318335393923
 31
0.0
  0
LINE
  5
6A8
330
17
100
AcDbEntity
  8
REZ
100
AcDbLine
 10
37.99999992486916
 20
106.49318335393923
 30
0.0
 11
53.49999992486916
 21
106.49318335393923
 31
0.0
  0
LINE
  5
6A9
330
17
100
AcDbEntity
  8
REZ
100
AcDbLine
 10
53.49999992486916
 20
106.49318335393923
 30
0.0
 11
53.49999992486916
 21
67.49318335393923
 31
0.0
  0
CIRCLE
  5
6AA
330
17
100
AcDbEntity
  8
REZ
100
AcDbCircle
 10
4.221825331817137
 20
84.7150087608872
 30
0.0
 40
0.75
  0
CIRCLE
  5
6AB
330
17
100
AcDbEntity
  8
REZ
100
AcDbCircle
 10
5.636038894190232
 20
86.12922232326031
 30
0.0
 40
0.75
  0
CIRCLE
  5
6AC
330
17
100
AcDbEntity
  8
REZ
100
AcDbCircle
 10
21.19238808029428
 20
83.30079519851411
 30
0.0
 40
0.75
  0
CIRCLE
  5
6AD
330
17
100
AcDbEntity
  8
REZ
100
AcDbCircle
 10
19.778174517921183
 20
84.7150087608872
 30
0.0
 40
0.75
  0
CIRCLE
  5
6AE
330
17
100
AcDbEntity
  8
REZ
100
AcDbCircle
 10
18.363960955548087
 20
86.12922232326031
 30
0.0
 40
0.75
  0
LINE
  5
6AF
330
17
100
AcDbEntity
  8
REZ
100
AcDbLine
 10
50.09999992486917
 20
72.39318335393924
 30
0.0
 11
50.09999992486917
 21
80.59318335393922
 31
0.0
  0
LINE
  5
6B0
330
17
100
AcDbEntity
  8
REZ
100
AcDbLine
 10
50.09999992486917
 20
80.59318335393922
 30
0.0
 11
46.899999924869164
 21
80.59318335393922
 31
0.0
  0
LINE
  5
6B1
330
17
100
AcDbEntity
  8
REZ
100
AcDbLine
 10
46.899999924869164
 20
80.59318335393922
 30
0.0
 11
46.899999924869164
 21
72.39318335393924
 31
0.0
  0
LINE
  5
6B2
330
17
100
AcDbEntity
  8
REZ
100
AcDbLine
 10
46.899999924869164
 20
72.39318335393924
 30
0.0
 11
50.09999992486917
 21
72.39318335393924
 31
0.0
  0
CIRCLE
  5
6B3
330
17
100
AcDbEntity
  8
REZ
100
AcDbCircle
 10
28.99999992486916
 20
84.49318335393923
 30
0.0
 40
4.5
  0
CIRCLE
  5
6B4
330
17
100
AcDbEntity
  8
REZ
100
AcDbCircle
 10
7.050252456563328
 20
87.5434358856334
 30
0.0
 40
0.75
  0
CIRCLE
  5
6B5
330
17
100
AcDbEntity
  8
REZ
100
AcDbCircle
 10
11.999999924869162
 20
92.49318335393923
 30
0.0
 40
3.0
  0
CIRCLE
  5
6B6
330
17
100
AcDbEntity
  8
REZ
100
AcDbCircle
 10
16.949747393174995
 20
87.5434358856334
 30
0.0
 40
0.75
  0
CIRCLE
  5
6B7
330
17
100
AcDbEntity
  8
REZ
100
AcDbCircle
 10
7.05025245656333
 20
97.44293082224506
 30
0.0
 40
0.75
  0
CIRCLE
  5
6B8
330
17
100
AcDbEntity
  8
REZ
100
AcDbCircle
 10
5.636038894190234
 20
98.85714438461815
 30
0.0
 40
0.75
  0
CIRCLE
  5
6B9
330
17
100
AcDbEntity
  8
REZ
100
AcDbCircle
 10
4.22182533181714
 20
100.27135794699126
 30
0.0
 40
0.75
  0
CIRCLE
  5
6BA
330
17
100
AcDbEntity
  8
REZ
100
AcDbCircle
 10
16.949747393174995
 20
97.44293082224506
 30
0.0
 40
0.75
  0
CIRCLE
  5
6BB
330
17
100
AcDbEntity
  8
REZ
100
AcDbCircle
 10
18.36396095554809
 20
98.85714438461815
 30
0.0
 40
0.75
  0
CIRCLE
  5
6BC
330
17
100
AcDbEntity
  8
REZ
100
AcDbCircle
 10
19.778174517921187
 20
100.27135794699126
 30
0.0
 40
0.75
  0
CIRCLE
  5
6BD
330
17
100
AcDbEntity
  8
REZ
100
AcDbCircle
 10
21.19238808029428
 20
101.68557150936435
 30
0.0
 40
0.75
  0
CIRCLE
  5
6BE
330
17
100
AcDbEntity
  8
REZ
100
AcDbCircle
 10
48.49999992486916
 20
87.49318335393923
 30
0.0
 40
1.65
  0
LINE
  5
6BF
330
17
100
AcDbEntity
  8
REZ
100
AcDbLine
 10
50.09999992486917
 20
94.39318335393924
 30
0.0
 11
50.09999992486917
 21
102.59318335393922
 31
0.0
  0
LINE
  5
6C0
330
17
100
AcDbEntity
  8
REZ
100
AcDbLine
 10
50.09999992486917
 20
102.59318335393922
 30
0.0
 11
46.899999924869164
 21
102.59318335393922
 31
0.0
  0
LINE
  5
6C1
330
17
100
AcDbEntity
  8
REZ
100
AcDbLine
 10
46.899999924869164
 20
102.59318335393922
 30
0.0
 11
46.899999924869164
 21
94.39318335393924
 31
0.0
  0
LINE
  5
6C2
330
17
100
AcDbEntity
  8
REZ
100
AcDbLine
 10
46.899999924869164
 20
94.39318335393924
 30
0.0
 11
50.09999992486917
 21
94.39318335393924
 31
0.0
  0
TEXT
  5
6C3
330
17
100
AcDbEntity
  8
TEXT
100
AcDbText
 10
1.0
 20
68.49318335393923
 30
0.0
 40
3.0
  1
13
 11
1.0
 21
68.49318335393923
 31
0.0
100
AcDbText
  0
LINE
  5
6C4
330
17
100
AcDbEntity
  8
REZ
100
AcDbLine
 10
110.99999984973832
 20
67.49318335393923
 30
0.0
 11
95.49999984973832
 21
67.49318335393923
 31
0.0
  0
LINE
  5
6C5
330
17
100
AcDbEntity
  8
REZ
100
AcDbLine
 10
95.49999984973832
 20
67.49318335393923
 30
0.0
 11
64.52368084973831
 21
81.57364835393923
 31
0.0
  0
ARC
  5
6C6
330
17
100
AcDbEntity
  8
REZ
100
AcDbCircle
 10
69.49999980576524
 20
92.49318345344751
 30
0.0
 40
11.999999880896093
100
AcDbArc
 50
94.49999912180174
 51
245.4999995091681
  0
LINE
  5
6C7
330
17
100
AcDbEntity
  8
REZ
100
AcDbLine
 10
68.55849084973832
 20
104.45619135393923
 30
0.0
 11
95.49999984973832
 21
106.49318335393923
 31
0.0
  0
LINE
  5
6C8
330
17
100
AcDbEntity
  8
REZ
100
AcDbLine
 10
95.49999984973832
 20
106.49318335393923
 30
0.0
 11
110.99999984973832
 21
106.49318335393923
 31
0.0
  0
LINE
  5
6C9
330
17
100
AcDbEntity
  8
REZ
100
AcDbLine
 10
110.99999984973832
 20
106.49318335393923
 30
0.0
 11
110.99999984973832
 21
67.49318335393923
 31
0.0
  0
CIRCLE
  5
6CA
330
17
100
AcDbEntity
  8
REZ
100
AcDbCircle
 10
86.49999984973832
 20
84.49318335393923
 30
0.0
 40
4.5
  0
LINE
  5
6CB
330
17
100
AcDbEntity
  8
REZ
100
AcDbLine
 10
107.59999984973831
 20
72.39318335393924
 30
0.0
 11
107.59999984973831
 21
80.59318335393922
 31
0.0
  0
LINE
  5
6CC
330
17
100
AcDbEntity
  8
REZ
100
AcDbLine
 10
107.59999984973831
 20
80.59318335393922
 30
0.0
 11
104.39999984973832
 21
80.59318335393922
 31
0.0
  0
LINE
  5
6CD
330
17
100
AcDbEntity
  8
REZ
100
AcDbLine
 10
104.39999984973832
 20
80.59318335393922
 30
0.0
 11
104.39999984973832
 21
72.39318335393924
 31
0.0
  0
LINE
  5
6CE
330
17
100
AcDbEntity
  8
REZ
100
AcDbLine
 10
104.39999984973832
 20
72.39318335393924
 30
0.0
 11
107.59999984973831
 21
72.39318335393924
 31
0.0
  0
CIRCLE
  5
6CF
330
17
100
AcDbEntity
  8
REZ
100
AcDbCircle
 10
69.49999984973832
 20
92.49318335393923
 30
0.0
 40
1.65
  0
CIRCLE
  5
6D0
330
17
100
AcDbEntity
  8
REZ
100
AcDbCircle
 10
105.99999984973832
 20
87.49318335393923
 30
0.0
 40
1.65
  0
LINE
  5
6D1
330
17
100
AcDbEntity
  8
REZ
100
AcDbLine
 10
107.59999984973831
 20
94.39318335393924
 30
0.0
 11
107.59999984973831
 21
102.59318335393922
 31
0.0
  0
LINE
  5
6D2
330
17
100
AcDbEntity
  8
REZ
100
AcDbLine
 10
107.59999984973831
 20
102.59318335393922
 30
0.0
 11
104.39999984973832
 21
102.59318335393922
 31
0.0
  0
LINE
  5
6D3
330
17
100
AcDbEntity
  8
REZ
100
AcDbLine
 10
104.39999984973832
 20
102.59318335393922
 30
0.0
 11
104.39999984973832
 21
94.39318335393924
 31
0.0
  0
LINE
  5
6D4
330
17
100
AcDbEntity
  8
REZ
100
AcDbLine
 10
104.39999984973832
 20
94.39318335393924
 30
0.0
 11
107.59999984973831
 21
94.39318335393924
 31
0.0
  0
TEXT
  5
6D5
330
17
100
AcDbEntity
  8
TEXT
100
AcDbText
 10
58.49999992486916
 20
68.49318335393923
 30
0.0
 40
3.0
  1
14
 11
58.49999992486916
 21
68.49318335393923
 31
0.0
100
AcDbText
  0
LINE
  5
6D6
330
17
100
AcDbEntity
  8
REZ
100
AcDbLine
 10
157.99999984973832
 20
87.14318335393924
 30
0.0
 11
153.49999984973832
 21
87.14318335393924
 31
0.0
  0
LINE
  5
6D7
330
17
100
AcDbEntity
  8
REZ
100
AcDbLine
 10
153.49999984973832
 20
87.14318335393924
 30
0.0
 11
153.49999984973832
 21
88.39318335393924
 31
0.0
  0
LINE
  5
6D8
330
17
100
AcDbEntity
  8
REZ
100
AcDbLine
 10
153.49999984973832
 20
88.39318335393924
 30
0.0
 11
150.89999984973832
 21
88.39318335393924
 31
0.0
  0
LINE
  5
6D9
330
17
100
AcDbEntity
  8
REZ
100
AcDbLine
 10
150.89999984973832
 20
88.39318335393924
 30
0.0
 11
150.89999984973832
 21
87.14318335393924
 31
0.0
  0
LINE
  5
6DA
330
17
100
AcDbEntity
  8
REZ
100
AcDbLine
 10
150.89999984973832
 20
87.14318335393924
 30
0.0
 11
147.99999984973832
 21
87.14318335393924
 31
0.0
  0
LINE
  5
6DB
330
17
100
AcDbEntity
  8
REZ
100
AcDbLine
 10
147.99999984973832
 20
87.14318335393924
 30
0.0
 11
147.99999984973832
 21
83.84318335393922
 31
0.0
  0
LINE
  5
6DC
330
17
100
AcDbEntity
  8
REZ
100
AcDbLine
 10
147.99999984973832
 20
83.84318335393922
 30
0.0
 11
150.89999984973832
 21
83.84318335393922
 31
0.0
  0
LINE
  5
6DD
330
17
100
AcDbEntity
  8
REZ
100
AcDbLine
 10
150.89999984973832
 20
83.84318335393922
 30
0.0
 11
150.89999984973832
 21
82.59318335393922
 31
0.0
  0
LINE
  5
6DE
330
17
100
AcDbEntity
  8
REZ
100
AcDbLine
 10
150.89999984973832
 20
82.59318335393922
 30
0.0
 11
153.49999984973832
 21
82.59318335393922
 31
0.0
  0
LINE
  5
6DF
330
17
100
AcDbEntity
  8
REZ
100
AcDbLine
 10
153.49999984973832
 20
82.59318335393922
 30
0.0
 11
153.49999984973832
 21
83.84318335393922
 31
0.0
  0
LINE
  5
6E0
330
17
100
AcDbEntity
  8
REZ
100
AcDbLine
 10
153.49999984973832
 20
83.84318335393922
 30
0.0
 11
157.99999984973832
 21
83.84318335393922
 31
0.0
  0
LINE
  5
6E1
330
17
100
AcDbEntity
  8
REZ
100
AcDbLine
 10
157.99999984973832
 20
83.84318335393922
 30
0.0
 11
157.99999984973832
 21
78.49318335393923
 31
0.0
  0
LINE
  5
6E2
330
17
100
AcDbEntity
  8
REZ
100
AcDbLine
 10
157.99999984973832
 20
78.49318335393923
 30
0.0
 11
160.99999984973832
 21
78.49318335393923
 31
0.0
  0
LINE
  5
6E3
330
17
100
AcDbEntity
  8
REZ
100
AcDbLine
 10
160.99999984973832
 20
78.49318335393923
 30
0.0
 11
160.99999984973832
 21
70.49318335393923
 31
0.0
  0
LINE
  5
6E4
330
17
100
AcDbEntity
  8
REZ
100
AcDbLine
 10
160.99999984973832
 20
70.49318335393923
 30
0.0
 11
157.99999984973832
 21
70.49318335393923
 31
0.0
  0
LINE
  5
6E5
330
17
100
AcDbEntity
  8
REZ
100
AcDbLine
 10
157.99999984973832
 20
70.49318335393923
 30
0.0
 11
157.99999984973832
 21
67.49318335393923
 31
0.0
  0
LINE
  5
6E6
330
17
100
AcDbEntity
  8
REZ
100
AcDbLine
 10
157.99999984973832
 20
67.49318335393923
 30
0.0
 11
117.99999984973832
 21
67.49318335393923
 31
0.0
  0
LINE
  5
6E7
330
17
100
AcDbEntity
  8
REZ
100
AcDbLine
 10
117.99999984973832
 20
67.49318335393923
 30
0.0
 11
117.99999984973832
 21
70.49318335393923
 31
0.0
  0
LINE
  5
6E8
330
17
100
AcDbEntity
  8
REZ
100
AcDbLine
 10
117.99999984973832
 20
70.49318335393923
 30
0.0
 11
114.99999984973832
 21
70.49318335393923
 31
0.0
  0
LINE
  5
6E9
330
17
100
AcDbEntity
  8
REZ
100
AcDbLine
 10
114.99999984973832
 20
70.49318335393923
 30
0.0
 11
114.99999984973832
 21
78.49318335393923
 31
0.0
  0
LINE
  5
6EA
330
17
100
AcDbEntity
  8
REZ
100
AcDbLine
 10
114.99999984973832
 20
78.49318335393923
 30
0.0
 11
117.99999984973832
 21
78.49318335393923
 31
0.0
  0
LINE
  5
6EB
330
17
100
AcDbEntity
  8
REZ
100
AcDbLine
 10
117.99999984973832
 20
78.49318335393923
 30
0.0
 11
117.99999984973832
 21
83.84318335393922
 31
0.0
  0
LINE
  5
6EC
330
17
100
AcDbEntity
  8
REZ
100
AcDbLine
 10
117.99999984973832
 20
83.84318335393922
 30
0.0
 11
122.49999984973832
 21
83.84318335393922
 31
0.0
  0
LINE
  5
6ED
330
17
100
AcDbEntity
  8
REZ
100
AcDbLine
 10
122.49999984973832
 20
83.84318335393922
 30
0.0
 11
122.49999984973832
 21
82.59318335393922
 31
0.0
  0
LINE
  5
6EE
330
17
100
AcDbEntity
  8
REZ
100
AcDbLine
 10
122.49999984973832
 20
82.59318335393922
 30
0.0
 11
125.09999984973831
 21
82.59318335393922
 31
0.0
  0
LINE
  5
6EF
330
17
100
AcDbEntity
  8
REZ
100
AcDbLine
 10
125.09999984973831
 20
82.59318335393922
 30
0.0
 11
125.09999984973831
 21
83.84318335393922
 31
0.0
  0
LINE
  5
6F0
330
17
100
AcDbEntity
  8
REZ
100
AcDbLine
 10
125.09999984973831
 20
83.84318335393922
 30
0.0
 11
127.99999984973832
 21
83.84318335393922
 31
0.0
  0
LINE
  5
6F1
330
17
100
AcDbEntity
  8
REZ
100
AcDbLine
 10
127.99999984973832
 20
83.84318335393922
 30
0.0
 11
127.99999984973832
 21
87.14318335393924
 31
0.0
  0
LINE
  5
6F2
330
17
100
AcDbEntity
  8
REZ
100
AcDbLine
 10
127.99999984973832
 20
87.14318335393924
 30
0.0
 11
125.09999984973831
 21
87.14318335393924
 31
0.0
  0
LINE
  5
6F3
330
17
100
AcDbEntity
  8
REZ
100
AcDbLine
 10
125.09999984973831
 20
87.14318335393924
 30
0.0
 11
125.09999984973831
 21
88.39318335393924
 31
0.0
  0
LINE
  5
6F4
330
17
100
AcDbEntity
  8
REZ
100
AcDbLine
 10
125.09999984973831
 20
88.39318335393924
 30
0.0
 11
122.49999984973832
 21
88.39318335393924
 31
0.0
  0
LINE
  5
6F5
330
17
100
AcDbEntity
  8
REZ
100
AcDbLine
 10
122.49999984973832
 20
88.39318335393924
 30
0.0
 11
122.49999984973832
 21
87.14318335393924
 31
0.0
  0
LINE
  5
6F6
330
17
100
AcDbEntity
  8
REZ
100
AcDbLine
 10
122.49999984973832
 20
87.14318335393924
 30
0.0
 11
117.99999984973832
 21
87.14318335393924
 31
0.0
  0
LINE
  5
6F7
330
17
100
AcDbEntity
  8
REZ
100
AcDbLine
 10
117.99999984973832
 20
87.14318335393924
 30
0.0
 11
117.99999984973832
 21
92.49318335393923
 31
0.0
  0
LINE
  5
6F8
330
17
100
AcDbEntity
  8
REZ
100
AcDbLine
 10
117.99999984973832
 20
92.49318335393923
 30
0.0
 11
114.99999984973832
 21
92.49318335393923
 31
0.0
  0
LINE
  5
6F9
330
17
100
AcDbEntity
  8
REZ
100
AcDbLine
 10
114.99999984973832
 20
92.49318335393923
 30
0.0
 11
114.99999984973832
 21
100.49318335393923
 31
0.0
  0
LINE
  5
6FA
330
17
100
AcDbEntity
  8
REZ
100
AcDbLine
 10
114.99999984973832
 20
100.49318335393923
 30
0.0
 11
117.99999984973832
 21
100.49318335393923
 31
0.0
  0
LINE
  5
6FB
330
17
100
AcDbEntity
  8
REZ
100
AcDbLine
 10
117.99999984973832
 20
100.49318335393923
 30
0.0
 11
117.99999984973832
 21
102.49318335393923
 31
0.0
  0
LINE
  5
6FC
330
17
100
AcDbEntity
  8
REZ
100
AcDbLine
 10
117.99999984973832
 20
102.49318335393923
 30
0.0
 11
157.99999984973832
 21
102.49318335393923
 31
0.0
  0
LINE
  5
6FD
330
17
100
AcDbEntity
  8
REZ
100
AcDbLine
 10
157.99999984973832
 20
102.49318335393923
 30
0.0
 11
157.99999984973832
 21
100.49318335393923
 31
0.0
  0
LINE
  5
6FE
330
17
100
AcDbEntity
  8
REZ
100
AcDbLine
 10
157.99999984973832
 20
100.49318335393923
 30
0.0
 11
160.99999984973832
 21
100.49318335393923
 31
0.0
  0
LINE
  5
6FF
330
17
100
AcDbEntity
  8
REZ
100
AcDbLine
 10
160.99999984973832
 20
100.49318335393923
 30
0.0
 11
160.99999984973832
 21
92.49318335393923
 31
0.0
  0
LINE
  5
700
330
17
100
AcDbEntity
  8
REZ
100
AcDbLine
 10
160.99999984973832
 20
92.49318335393923
 30
0.0
 11
157.99999984973832
 21
92.49318335393923
 31
0.0
  0
LINE
  5
701
330
17
100
AcDbEntity
  8
REZ
100
AcDbLine
 10
157.99999984973832
 20
92.49318335393923
 30
0.0
 11
157.99999984973832
 21
87.14318335393924
 31
0.0
  0
CIRCLE
  5
702
330
17
100
AcDbEntity
  8
REZ
100
AcDbCircle
 10
137.99999984973832
 20
71.19318335393923
 30
0.0
 40
1.1
  0
LINE
  5
703
330
17
100
AcDbEntity
  8
REZ
100
AcDbLine
 10
144.29999984973833
 20
96.69318335393923
 30
0.0
 11
131.6999998497383
 21
96.69318335393923
 31
0.0
  0
LINE
  5
704
330
17
100
AcDbEntity
  8
REZ
100
AcDbLine
 10
131.6999998497383
 20
96.69318335393923
 30
0.0
 11
131.6999998497383
 21
73.49318335393923
 31
0.0
  0
LINE
  5
705
330
17
100
AcDbEntity
  8
REZ
100
AcDbLine
 10
131.6999998497383
 20
73.49318335393923
 30
0.0
 11
144.29999984973833
 21
73.49318335393923
 31
0.0
  0
LINE
  5
706
330
17
100
AcDbEntity
  8
REZ
100
AcDbLine
 10
144.29999984973833
 20
73.49318335393923
 30
0.0
 11
144.29999984973833
 21
96.69318335393923
 31
0.0
  0
CIRCLE
  5
707
330
17
100
AcDbEntity
  8
REZ
100
AcDbCircle
 10
137.99999984973832
 20
98.99318335393923
 30
0.0
 40
1.1
  0
TEXT
  5
708
330
17
100
AcDbEntity
  8
TEXT
100
AcDbText
 10
115.99999984973832
 20
68.49318335393923
 30
0.0
 40
3.0
  1
15
 11
115.99999984973832
 21
68.49318335393923
 31
0.0
100
AcDbText
  0
ARC
  5
709
330
17
100
AcDbEntity
  8
REZ
100
AcDbCircle
 10
229.99999984973832
 20
-66.00681675791827
 30
0.0
 40
140.0
100
AcDbArc
 50
74.95923940453484
 51
107.33273670831174
  0
LINE
  5
70A
330
17
100
AcDbEntity
  8
REZ
100
AcDbLine
 10
188.29115213304652
 20
67.63588608120352
 30
0.0
 11
181.2792388497383
 21
67.49562024208173
 31
0.0
  0
ARC
  5
70B
330
17
100
AcDbEntity
  8
REZ
100
AcDbCircle
 10
180.9999997378808
 20
83.49318324208173
 30
0.0
 40
15.999999888142497
100
AcDbArc
 50
88.99999781235333
 51
271.0000021876467
  0
LINE
  5
70C
330
17
100
AcDbEntity
  8
REZ
100
AcDbLine
 10
181.2792388497383
 20
99.49074624208173
 30
0.0
 11
188.2911521330465
 21
99.35048040295993
 31
0.0
  0
ARC
  5
70D
330
17
100
AcDbEntity
  8
REZ
100
AcDbCircle
 10
229.99999984973832
 20
232.99318324208173
 30
0.0
 40
140.0
100
AcDbArc
 50
252.6672632916883
 51
285.0407605954652
  0
LINE
  5
70E
330
17
100
AcDbEntity
  8
REZ
100
AcDbLine
 10
266.33086022736813
 20
97.7893793598641
 30
0.0
 11
281.2443338497383
 21
97.49105124208174
 31
0.0
  0
ARC
  5
70F
330
17
100
AcDbEntity
  8
REZ
100
AcDbCircle
 10
280.99999957170814
 20
83.49318324208173
 30
0.0
 40
14.000000278030162
100
AcDbArc
 50
-88.99999761344783
 51
88.9999976134478
  0
LINE
  5
710
330
17
100
AcDbEntity
  8
REZ
100
AcDbLine
 10
281.2443338497383
 20
69.49531524208172
 30
0.0
 11
266.33086022736813
 21
69.19698712429935
 31
0.0
  0
CIRCLE
  5
711
330
17
100
AcDbEntity
  8
REZ
100
AcDbCircle
 10
180.99999984973832
 20
83.49318324208173
 30
0.0
 40
1.65
  0
CIRCLE
  5
712
330
17
100
AcDbEntity
  8
REZ
100
AcDbCircle
 10
215.99999984973832
 20
83.49318324208173
 30
0.0
 40
1.65
  0
LINE
  5
713
330
17
100
AcDbEntity
  8
REZ
100
AcDbLine
 10
238.99999984973832
 20
86.49318324208173
 30
0.0
 11
224.99999984973832
 21
86.49318324208173
 31
0.0
  0
ARC
  5
714
330
17
100
AcDbEntity
  8
REZ
100
AcDbCircle
 10
224.99999984973832
 20
83.49318324208173
 30
0.0
 40
3.0
100
AcDbArc
 50
-270.0
 51
-90.0
  0
LINE
  5
715
330
17
100
AcDbEntity
  8
REZ
100
AcDbLine
 10
224.99999984973832
 20
80.49318324208173
 30
0.0
 11
238.99999984973832
 21
80.49318324208173
 31
0.0
  0
ARC
  5
716
330
17
100
AcDbEntity
  8
REZ
100
AcDbCircle
 10
238.99999984973832
 20
83.49318324208173
 30
0.0
 40
3.0
100
AcDbArc
 50
-90.0
 51
90.0
  0
CIRCLE
  5
717
330
17
100
AcDbEntity
  8
REZ
100
AcDbCircle
 10
248.99999984973832
 20
83.49318324208173
 30
0.0
 40
1.65
  0
CIRCLE
  5
718
330
17
100
AcDbEntity
  8
REZ
100
AcDbCircle
 10
261.69999984973833
 20
83.49318324208173
 30
0.0
 40
1.1
  0
LINE
  5
719
330
17
100
AcDbEntity
  8
REZ
100
AcDbLine
 10
287.19999984973833
 20
77.19318324208173
 30
0.0
 11
287.19999984973833
 21
89.79318324208172
 31
0.0
  0
LINE
  5
71A
330
17
100
AcDbEntity
  8
REZ
100
AcDbLine
 10
287.19999984973833
 20
89.79318324208172
 30
0.0
 11
263.9999998497383
 21
89.79318324208172
 31
0.0
  0
LINE
  5
71B
330
17
100
AcDbEntity
  8
REZ
100
AcDbLine
 10
263.9999998497383
 20
89.79318324208172
 30
0.0
 11
263.9999998497383
 21
77.19318324208173
 31
0.0
  0
LINE
  5
71C
330
17
100
AcDbEntity
  8
REZ
100
AcDbLine
 10
263.9999998497383
 20
77.19318324208173
 30
0.0
 11
287.19999984973833
 21
77.19318324208173
 31
0.0
  0
CIRCLE
  5
71D
330
17
100
AcDbEntity
  8
REZ
100
AcDbCircle
 10
289.4999998497383
 20
83.49318324208173
 30
0.0
 40
1.1
  0
TEXT
  5
71E
330
17
100
AcDbEntity
  8
TEXT
100
AcDbText
 10
165.99999984973832
 20
68.49318335393923
 30
0.0
 40
3.0
  1
11
 11
165.99999984973832
 21
68.49318335393923
 31
0.0
100
AcDbText
  0
ARC
  5
71F
330
17
100
AcDbEntity
  8
REZ
100
AcDbCircle
 10
65.0
 20
-23.006816757918273
 30
0.0
 40
140.0
100
AcDbArc
 50
74.95923940453484
 51
107.33273670831174
  0
LINE
  5
720
330
17
100
AcDbEntity
  8
REZ
100
AcDbLine
 10
23.29115228330821
 20
110.63588608120352
 30
0.0
 11
16.279239
 21
110.49562024208173
 31
0.0
  0
ARC
  5
721
330
17
100
AcDbEntity
  8
REZ
100
AcDbCircle
 10
15.999999888142497
 20
126.49318324208173
 30
0.0
 40
15.999999888142497
100
AcDbArc
 50
88.99999781235333
 51
271.0000021876467
  0
LINE
  5
722
330
17
100
AcDbEntity
  8
REZ
100
AcDbLine
 10
16.279239
 20
142.49074624208174
 30
0.0
 11
23.29115228330818
 21
142.35048040295993
 31
0.0
  0
ARC
  5
723
330
17
100
AcDbEntity
  8
REZ
100
AcDbCircle
 10
65.0
 20
275.9931832420817
 30
0.0
 40
140.0
100
AcDbArc
 50
252.6672632916883
 51
285.0407605954652
  0
LINE
  5
724
330
17
100
AcDbEntity
  8
REZ
100
AcDbLine
 10
101.33086037762985
 20
140.78937935986409
 30
0.0
 11
116.244334
 21
140.49105124208174
 31
0.0
  0
ARC
  5
725
330
17
100
AcDbEntity
  8
REZ
100
AcDbCircle
 10
115.99999972196983
 20
126.49318324208173
 30
0.0
 40
14.000000278030162
100
AcDbArc
 50
-88.99999761344783
 51
88.9999976134478
  0
LINE
  5
726
330
17
100
AcDbEntity
  8
REZ
100
AcDbLine
 10
116.244334
 20
112.49531524208172
 30
0.0
 11
101.3308603776298
 21
112.19698712429935
 31
0.0
  0
CIRCLE
  5
727
330
17
100
AcDbEntity
  8
REZ
100
AcDbCircle
 10
9.63603896932107
 20
120.1292222114028
 30
0.0
 40
1.65
  0
CIRCLE
  5
728
330
17
100
AcDbEntity
  8
REZ
100
AcDbCircle
 10
22.363961030678926
 20
120.1292222114028
 30
0.0
 40
1.65
  0
CIRCLE
  5
729
330
17
100
AcDbEntity
  8
REZ
100
AcDbCircle
 10
16.0
 20
126.49318324208173
 30
0.0
 40
3.5
  0
CIRCLE
  5
72A
330
17
100
AcDbEntity
  8
REZ
100
AcDbCircle
 10
51.0
 20
126.49318324208173
 30
0.0
 40
1.65
  0
CIRCLE
  5
72B
330
17
100
AcDbEntity
  8
REZ
100
AcDbCircle
 10
9.636038969321072
 20
132.85714427276065
 30
0.0
 40
1.65
  0
CIRCLE
  5
72C
330
17
100
AcDbEntity
  8
REZ
100
AcDbCircle
 10
22.36396103067893
 20
132.85714427276065
 30
0.0
 40
1.65
  0
LINE
  5
72D
330
17
100
AcDbEntity
  8
REZ
100
AcDbLine
 10
74.0
 20
129.49318324208173
 30
0.0
 11
60.0
 21
129.49318324208173
 31
0.0
  0
ARC
  5
72E
330
17
100
AcDbEntity
  8
REZ
100
AcDbCircle
 10
60.0
 20
126.49318324208173
 30
0.0
 40
3.0
100
AcDbArc
 50
-270.0
 51
-90.0
  0
LINE
  5
72F
330
17
100
AcDbEntity
  8
REZ
100
AcDbLine
 10
60.0
 20
123.49318324208173
 30
0.0
 11
74.0
 21
123.49318324208173
 31
0.0
  0
ARC
  5
730
330
17
100
AcDbEntity
  8
REZ
100
AcDbCircle
 10
74.0
 20
126.49318324208173
 30
0.0
 40
3.0
100
AcDbArc
 50
-90.0
 51
90.0
  0
CIRCLE
  5
731
330
17
100
AcDbEntity
  8
REZ
100
AcDbCircle
 10
84.0
 20
126.49318324208173
 30
0.0
 40
1.65
  0
CIRCLE
  5
732
330
17
100
AcDbEntity
  8
REZ
100
AcDbCircle
 10
116.0
 20
126.49318324208173
 30
0.0
 40
1.65
  0
TEXT
  5
733
330
17
100
AcDbEntity
  8
TEXT
100
AcDbText
 10
1.0
 20
111.49318335393923
 30
0.0
 40
3.0
  1
12
 11
1.0
 21
111.49318335393923
 31
0.0
100
AcDbText
  0
ARC
  5
734
330
17
100
AcDbEntity
  8
REZ
100
AcDbCircle
 10
138.00000042591017
 20
114.49318377984942
 30
0.0
 40
4.000000425910208
100
AcDbArc
 50
-179.9999938992866
 51
-90.00000610071338
  0
LINE
  5
735
330
17
100
AcDbEntity
  8
REZ
100
AcDbLine
 10
134.0
 20
114.49318335393923
 30
0.0
 11
134.0
 21
132.49318335393923
 31
0.0
  0
ARC
  5
736
330
17
100
AcDbEntity
  8
REZ
100
AcDbCircle
 10
138.00000042591017
 20
132.49318292802906
 30
0.0
 40
4.000000425910208
100
AcDbArc
 50
90.00000610071336
 51
179.9999938992866
  0
LINE
  5
737
330
17
100
AcDbEntity
  8
REZ
100
AcDbLine
 10
138.0
 20
136.49318335393923
 30
0.0
 11
170.0
 21
136.49318335393923
 31
0.0
  0
ARC
  5
738
330
17
100
AcDbEntity
  8
REZ
100
AcDbCircle
 10
169.99999957408983
 20
132.49318292802906
 30
0.0
 40
4.0000004259102075
100
AcDbArc
 50
6.100713393789734e-06
 51
89.99999389928665
  0
LINE
  5
739
330
17
100
AcDbEntity
  8
REZ
100
AcDbLine
 10
174.0
 20
132.49318335393923
 30
0.0
 11
174.0
 21
114.49318335393923
 31
0.0
  0
ARC
  5
73A
330
17
100
AcDbEntity
  8
REZ
100
AcDbCircle
 10
169.99999957408983
 20
114.49318377984942
 30
0.0
 40
4.000000425910208
100
AcDbArc
 50
-89.99999389928664
 51
-6.100713394545592e-06
  0
LINE
  5
73B
330
17
100
AcDbEntity
  8
REZ
100
AcDbLine
 10
170.0
 20
110.49318335393923
 30
0.0
 11
138.0
 21
110.49318335393923
 31
0.0
  0
LINE
  5
73C
330
17
100
AcDbEntity
  8
REZ
100
AcDbLine
 10
148.1
 20
113.89318335393924
 30
0.0
 11
148.1
 21
117.09318335393922
 31
0.0
  0
LINE
  5
73D
330
17
100
AcDbEntity
  8
REZ
100
AcDbLine
 10
148.1
 20
117.09318335393922
 30
0.0
 11
137.9
 21
117.09318335393922
 31
0.0
  0
LINE
  5
73E
330
17
100
AcDbEntity
  8
REZ
100
AcDbLine
 10
137.9
 20
117.09318335393922
 30
0.0
 11
137.9
 21
113.89318335393924
 31
0.0
  0
LINE
  5
73F
330
17
100
AcDbEntity
  8
REZ
100
AcDbLine
 10
137.9
 20
113.89318335393924
 30
0.0
 11
148.1
 21
113.89318335393924
 31
0.0
  0
CIRCLE
  5
740
330
17
100
AcDbEntity
  8
REZ
100
AcDbCircle
 10
154.0
 20
115.49318335393923
 30
0.0
 40
1.65
  0
LINE
  5
741
330
17
100
AcDbEntity
  8
REZ
100
AcDbLine
 10
170.1
 20
113.89318335393924
 30
0.0
 11
170.1
 21
117.09318335393922
 31
0.0
  0
LINE
  5
742
330
17
100
AcDbEntity
  8
REZ
100
AcDbLine
 10
170.1
 20
117.09318335393922
 30
0.0
 11
159.9
 21
117.09318335393922
 31
0.0
  0
LINE
  5
743
330
17
100
AcDbEntity
  8
REZ
100
AcDbLine
 10
159.9
 20
117.09318335393922
 30
0.0
 11
159.9
 21
113.89318335393924
 31
0.0
  0
LINE
  5
744
330
17
100
AcDbEntity
  8
REZ
100
AcDbLine
 10
159.9
 20
113.89318335393924
 30
0.0
 11
170.1
 21
113.89318335393924
 31
0.0
  0
CIRCLE
  5
745
330
17
100
AcDbEntity
  8
REZ
100
AcDbCircle
 10
141.0
 20
126.49318335393923
 30
0.0
 40
0.75
  0
CIRCLE
  5
746
330
17
100
AcDbEntity
  8
REZ
100
AcDbCircle
 10
143.0
 20
126.49318335393923
 30
0.0
 40
0.75
  0
CIRCLE
  5
747
330
17
100
AcDbEntity
  8
REZ
100
AcDbCircle
 10
145.0
 20
126.49318335393923
 30
0.0
 40
0.75
  0
CIRCLE
  5
748
330
17
100
AcDbEntity
  8
REZ
100
AcDbCircle
 10
147.0
 20
126.49318335393923
 30
0.0
 40
0.75
  0
CIRCLE
  5
749
330
17
100
AcDbEntity
  8
REZ
100
AcDbCircle
 10
154.0
 20
126.49318335393923
 30
0.0
 40
3.0
  0
CIRCLE
  5
74A
330
17
100
AcDbEntity
  8
REZ
100
AcDbCircle
 10
161.0
 20
126.49318335393923
 30
0.0
 40
0.75
  0
CIRCLE
  5
74B
330
17
100
AcDbEntity
  8
REZ
100
AcDbCircle
 10
163.0
 20
126.49318335393923
 30
0.0
 40
0.75
  0
CIRCLE
  5
74C
330
17
100
AcDbEntity
  8
REZ
100
AcDbCircle
 10
165.0
 20
126.49318335393923
 30
0.0
 40
0.75
  0
CIRCLE
  5
74D
330
17
100
AcDbEntity
  8
REZ
100
AcDbCircle
 10
167.0
 20
126.49318335393923
 30
0.0
 40
0.75
  0
CIRCLE
  5
74E
330
17
100
AcDbEntity
  8
REZ
100
AcDbCircle
 10
154.0
 20
133.49318335393923
 30
0.0
 40
0.75
  0
CIRCLE
  5
74F
330
17
100
AcDbEntity
  8
REZ
100
AcDbCircle
 10
154.0
 20
135.49318335393923
 30
0.0
 40
0.75
  0
TEXT
  5
750
330
17
100
AcDbEntity
  8
TEXT
100
AcDbText
 10
135.0
 20
111.49318335393923
 30
0.0
 40
3.0
  1
16
 11
135.0
 21
111.49318335393923
 31
0.0
100
AcDbText
  0
ENDSEC
  0
SECTION
  2
OBJECTS
  0
DICTIONARY
  5
A
330
0
100
AcDbDictionary
281
1
  3
ACAD_COLOR
350
B
  3
ACAD_GROUP
350
C
  3
ACAD_LAYOUT
350
D
  3
ACAD_MATERIAL
350
E
  3
ACAD_MLEADERSTYLE
350
F
  3
ACAD_MLINESTYLE
350
10
  3
ACAD_PLOTSETTINGS
350
11
  3
ACAD_PLOTSTYLENAME
350
12
  3
ACAD_SCALELIST
350
14
  3
ACAD_TABLESTYLE
350
15
  3
ACAD_VISUALSTYLE
350
16
  3
EZDXF_META
350
2D
  0
DICTIONARY
  5
B
330
A
100
AcDbDictionary
281
1
  0
DICTIONARY
  5
C
330
A
100
AcDbDictionary
281
1
  0
DICTIONARY
  5
D
330
A
100
AcDbDictionary
281
1
  3
Model
350
1A
  3
Layout1
350
1E
  0
DICTIONARY
  5
E
330
A
100
AcDbDictionary
281
1
  3
ByBlock
350
1F
  3
ByLayer
350
20
  3
Global
350
21
  0
DICTIONARY
  5
F
330
A
100
AcDbDictionary
281
1
  3
Standard
350
2C
  0
DICTIONARY
  5
10
330
A
100
AcDbDictionary
281
1
  3
Standard
350
22
  0
DICTIONARY
  5
11
330
A
100
AcDbDictionary
281
1
  0
ACDBDICTIONARYWDFLT
  5
12
330
A
100
AcDbDictionary
281
1
  3
Normal
350
13
100
AcDbDictionaryWithDefault
340
13
  0
ACDBPLACEHOLDER
  5
13
330
12
  0
DICTIONARY
  5
14
330
A
100
AcDbDictionary
281
1
  0
DICTIONARY
  5
15
330
A
100
AcDbDictionary
281
1
  0
DICTIONARY
  5
16
330
A
100
AcDbDictionary
281
1
  0
LAYOUT
  5
1A
330
D
100
AcDbPlotSettings
  1

  4
A3
  6

 40
7.5
 41
20.0
 42
7.5
 43
20.0
 44
420.0
 45
297.0
 46
0.0
 47
0.0
 48
0.0
 49
0.0
140
0.0
141
0.0
142
1.0
143
1.0
 70
1024
 72
1
 73
0
 74
5
  7

 75
16
 76
0
 77
2
 78
300
147
1.0
148
0.0
149
0.0
100
AcDbLayout
  1
Model
 70
1
 71
0
 10
0.0
 20
0.0
 11
420.0
 21
297.0
 12
0.0
 22
0.0
 32
0.0
 14
1e+20
 24
1e+20
 34
1e+20
 15
-1e+20
 25
-1e+20
 35
-1e+20
146
0.0
 13
0.0
 23
0.0
 33
0.0
 16
1.0
 26
0.0
 36
0.0
 17
0.0
 27
1.0
 37
0.0
 76
1
330
17
  0
LAYOUT
  5
1E
330
D
100
AcDbPlotSettings
  1

  4
A3
  6

 40
7.5
 41
20.0
 42
7.5
 43
20.0
 44
420.0
 45
297.0
 46
0.0
 47
0.0
 48
0.0
 49
0.0
140
0.0
141
0.0
142
1.0
143
1.0
 70
0
 72
1
 73
0
 74
5
  7

 75
16
 76
0
 77
2
 78
300
147
1.0
148
0.0
149
0.0
100
AcDbLayout
  1
Layout1
 70
1
 71
1
 10
0.0
 20
0.0
 11
420.0
 21
297.0
 12
0.0
 22
0.0
 32
0.0
 14
1e+20
 24
1e+20
 34
1e+20
 15
-1e+20
 25
-1e+20
 35
-1e+20
146
0.0
 13
0.0
 23
0.0
 33
0.0
 16
1.0
 26
0.0
 36
0.0
 17
0.0
 27
1.0
 37
0.0
 76
1
330
1B
  0
MATERIAL
  5
1F
102
{ACAD_REACTORS
330
E
102
}
330
E
100
AcDbMaterial
  1
ByBlock
  2

 70
0
 40
1.0
 71
1
 41
1.0
 91
-1023410177
 42
1.0
 72
1
  3

 73
1
 74
1
 75
1
 44
0.5
 73
0
 45
1.0
 46
1.0
 77
1
  4

 78
1
 79
1
170
1
 48
1.0
171
1
  6

172
1
173
1
174
1
140
1.0
141
1.0
175
1
  7

176
1
177
1
178
1
143
1.0
179
1
  8

270
1
271
1
272
1
145
1.0
146
1.0
273
1
  9

274
1
275
1
276
1
 42
1.0
 72
1
  3

 73
1
 74
1
 75
1
 94
63
  0
MATERIAL
  5
20
102
{ACAD_REACTORS
330
E
102
}
330
E
100
AcDbMaterial
  1
ByLayer
  2

 70
0
 40
1.0
 71
1
 41
1.0
 91
-1023410177
 42
1.0
 72
1
  3

 73
1
 74
1
 75
1
 44
0.5
 73
0
 45
1.0
 46
1.0
 77
1
  4

 78
1
 79
1
170
1
 48
1.0
171
1
  6

172
1
173
1
174
1
140
1.0
141
1.0
175
1
  7

176
1
177
1
178
1
143
1.0
179
1
  8

270
1
271
1
272
1
145
1.0
146
1.0
273
1
  9

274
1
275
1
276
1
 42
1.0
 72
1
  3

 73
1
 74
1
 75
1
 94
63
  0
MATERIAL
  5
21
102
{ACAD_REACTORS
330
E
102
}
330
E
100
AcDbMaterial
  1
Global
  2

 70
0
 40
1.0
 71
1
 41
1.0
 91
-1023410177
 42
1.0
 72
1
  3

 73
1
 74
1
 75
1
 44
0.5
 73
0
 45
1.0
 46
1.0
 77
1
  4

 78
1
 79
1
170
1
 48
1.0
171
1
  6

172
1
173
1
174
1
140
1.0
141
1.0
175
1
  7

176
1
177
1
178
1
143
1.0
179
1
  8

270
1
271
1
272
1
145
1.0
146
1.0
273
1
  9

274
1
275
1
276
1
 42
1.0
 72
1
  3

 73
1
 74
1
 75
1
 94
63
  0
MLINESTYLE
  5
22
102
{ACAD_REACTORS
330
10
102
}
330
10
100
AcDbMlineStyle
  2
Standard
 70
0
  3

 62
256
 51
90.0
 52
90.0
 71
2
 49
0.5
 62
256
  6
BYLAYER
 49
-0.5
 62
256
  6
BYLAYER
  0
MLEADERSTYLE
  5
2C
102
{ACAD_REACTORS
330
F
102
}
330
F
100
AcDbMLeaderStyle
179
2
170
2
171
1
172
0
 90
2
 40
0.0
 41
0.0
173
1
 91
-1056964608
 92
-2
290
1
 42
2.0
291
1
 43
8.0
  3
Standard
 44
4.0
300

342
29
174
1
175
1
176
0
178
1
 93
-1056964608
 45
4.0
292
0
297
0
 46
4.0
 94
-1056964608
 47
1.0
 49
1.0
140
1.0
294
1
141
0.0
177
0
142
1.0
295
0
296
0
143
3.75
271
0
272
9
273
9
  0
DICTIONARY
  5
2D
330
A
100
AcDbDictionary
280
1
281
1
  3
CREATED_BY_EZDXF
350
2E
  3
WRITTEN_BY_EZDXF
350
753
  0
DICTIONARYVAR
  5
2E
330
2D
100
DictionaryVariables
280
0
  1
1.4.4 @ 2026-09-25T17:09:11.298718+00:00
  0
DICTIONARYVAR
  5
753
330
2D
100
DictionaryVariables
280
0
  1
1.4.4 @ 2026-09-25T17:09:12.259275+00:00
  0
ENDSEC
  0
EOF
